review_queue_rank	priority_band	route_status	queue_key	promotion_id	regulator_key	regulator_symbol	raw_tf_symbol	target_symbol	species_scope	module_count	module_assignments	target_graph_modules	module_routes	module_row_count	evidence_weight_tier	evidence_weight_rank	evidence_tier_basis	source_registries	source_record_ids	review_ids	primary_citations	regulator_role_class	canonical_role_status	mechanism_evidence_type	mechanism_evidence_definition	context_level_regulator	context_level_target	context_level_exact_pair	context_evidence_scope	context_promotion_lane	context_review_status	context_review_basis
1	C1_canonical_multi_module:100	module_routed	ahrr|adipoq|human	public_tf_comprehensive_101	ahrr	AHRR	AHRR	ADIPOQ	human	2	20B;23B	20B;23B	20B_target_interaction;23B_target_interaction	2	C_tflink_source_table_only	1	promoted overlay evidence tier	TFLink	tflink:human:001370:776f07a2418e	tflink_source_ahrr_adipoq_human_tflink_human_001370_776f07a2418e	https://pubmed.ncbi.nlm.nih.gov/27924024/	canonical_sequence_specific_tf	canonical_tf	direct_sequence_specific_tf_binding	Sequence-specific TF binding or occupancy at the target regulatory locus is the proposed mechanism.	L0_no_context_evidence	L1_non_CNS_context	L0_no_context_evidence	target_only	sci_relevant_component_context	adjudicated_context_overlay_applied	ADIPOQ is supported in non-CNS adipose tissue context, but no CNS, spinal-cord, SCI, or AHRR-to-ADIPOQ context was established for the exact pair. The target is therefore L1 non-CNS and the pair remains L0.
2	C1_canonical_multi_module:100	module_routed	ahrr|alcam|human	public_tf_comprehensive_102	ahrr	AHRR	AHRR	ALCAM	human	2	20B;23B	20B;23B	20B_target_interaction;23B_target_interaction	2	C_tflink_source_table_only	1	promoted overlay evidence tier	TFLink	tflink:human:001370:776f07a2418e	tflink_source_ahrr_alcam_human_tflink_human_001370_776f07a2418e	https://pubmed.ncbi.nlm.nih.gov/27924024/	canonical_sequence_specific_tf	canonical_tf	direct_sequence_specific_tf_binding	Sequence-specific TF binding or occupancy at the target regulatory locus is the proposed mechanism.	L0_no_context_evidence	L2_CNS_context	L0_no_context_evidence	target_only	sci_relevant_component_context	adjudicated_context_overlay_applied	ALCAM has CNS/brain expression evidence, but no CNS, spinal-cord, SCI, or AHRR-to-ALCAM context was established for the exact pair. The target is therefore L2 CNS and the pair remains L0.
3	C1_canonical_multi_module:100	module_routed	barx1|alcam|human	public_tf_comprehensive_194	barx1	BARX1	BARX1	ALCAM	human	2	20B;23B	20B;23B	20B_target_interaction;23B_target_interaction	2	C_tflink_source_table_only	1	promoted overlay evidence tier	TFLink	tflink:human:001381:b79bd74fcea5	tflink_source_barx1_alcam_human_tflink_human_001381_b79bd74fcea5	https://pubmed.ncbi.nlm.nih.gov/27924024/	canonical_sequence_specific_tf	canonical_tf	direct_sequence_specific_tf_binding	Sequence-specific TF binding or occupancy at the target regulatory locus is the proposed mechanism.	L0_no_context_evidence	L2_CNS_context	L0_no_context_evidence	target_only	sci_relevant_component_context	adjudicated_context_overlay_applied	ALCAM has CNS/brain expression evidence, but no CNS, spinal-cord, SCI, or BARX1-to-ALCAM context was established for the exact pair. The target is therefore L2 CNS and the pair remains L0.
4	C1_canonical_multi_module:100	module_routed	bhlhe22|alcam|human	public_tf_comprehensive_215	bhlhe22	BHLHE22	BHLHE22	ALCAM	human	2	20B;23B	20B;23B	20B_target_interaction;23B_target_interaction	2	C_tflink_source_table_only	1	promoted overlay evidence tier	TFLink	tflink:human:001218:88914b5c4bd6	tflink_source_bhlhe22_alcam_human_tflink_human_001218_88914b5c4bd6	https://pubmed.ncbi.nlm.nih.gov/29126285/	canonical_sequence_specific_tf	canonical_tf	direct_sequence_specific_tf_binding	Sequence-specific TF binding or occupancy at the target regulatory locus is the proposed mechanism.	L0_no_context_evidence	L2_CNS_context	L0_no_context_evidence	target_only	sci_relevant_component_context	adjudicated_context_overlay_applied	ALCAM has CNS/brain expression evidence, but no CNS, spinal-cord, SCI, or BHLHE22-to-ALCAM context was established for the exact pair. The target is therefore L2 CNS and the pair remains L0.
5	C1_canonical_multi_module:100	module_routed	casz1|adam22|human	public_tf_comprehensive_289	casz1	CASZ1	CASZ1	ADAM22	human	2	20B;23B	20B;23B	20B_target_interaction;23B_target_interaction	2	C_tflink_source_table_only	1	promoted overlay evidence tier	TFLink	tflink:human:001204:5ee273f63ff4	tflink_source_casz1_adam22_human_tflink_human_001204_5ee273f63ff4	https://pubmed.ncbi.nlm.nih.gov/27924024/	canonical_sequence_specific_tf	canonical_tf	direct_sequence_specific_tf_binding	Sequence-specific TF binding or occupancy at the target regulatory locus is the proposed mechanism.	L0_no_context_evidence	L0_no_context_evidence	L0_no_context_evidence	no_qualifying_context_found	context_reviewed_no_qualifying_context	adjudicated_context_overlay_applied	The C-tier record is source-table-only and the current record is (not_assessed_in_tflink_source_table); no authoritative CNS, spinal-cord-tissue, or SCI context can be verified from this evidence packet. The relationship is therefore resolved as context-unverifiable at L0 for this pass. This does not claim exhaustive literature absence and does not change the original C evidence tier.
6	C1_canonical_multi_module:100	module_routed	cc2d1a|agrn|human	public_tf_comprehensive_340	cc2d1a	CC2D1A	CC2D1A	AGRN	human	2	20B;23B	20B;23B	20B_target_interaction;23B_target_interaction	2	C_tflink_source_table_only	1	promoted overlay evidence tier	TFLink	tflink:human:001167:fb761d35af1f	tflink_source_cc2d1a_agrn_human_tflink_human_001167_fb761d35af1f	https://pubmed.ncbi.nlm.nih.gov/27924024/	canonical_sequence_specific_tf	canonical_tf	direct_sequence_specific_tf_binding	Sequence-specific TF binding or occupancy at the target regulatory locus is the proposed mechanism.	L0_no_context_evidence	L1_non_CNS_context	L0_no_context_evidence	target_only	sci_relevant_component_context	adjudicated_context_overlay_applied	AGRN is expressed in primary human glomerular endothelial cells in a diabetic-kidney study. This establishes non-CNS target-component context for AGRN, but no CC2D1A-to-AGRN context was established; the exact pair remains L0.
7	C1_canonical_multi_module:100	module_routed	cc2d1a|angpt1|human	public_tf_comprehensive_341	cc2d1a	CC2D1A	CC2D1A	ANGPT1	human	2	20B;23B	20B;23B	20B_target_interaction;23B_target_interaction	2	C_tflink_source_table_only	1	promoted overlay evidence tier	TFLink	tflink:human:001167:fb761d35af1f	tflink_source_cc2d1a_angpt1_human_tflink_human_001167_fb761d35af1f	https://pubmed.ncbi.nlm.nih.gov/27924024/	canonical_sequence_specific_tf	canonical_tf	direct_sequence_specific_tf_binding	Sequence-specific TF binding or occupancy at the target regulatory locus is the proposed mechanism.	L0_no_context_evidence	L1_non_CNS_context	L0_no_context_evidence	target_only	sci_relevant_component_context	adjudicated_context_overlay_applied	ANGPT1 was studied in primary human microvascular endothelial cells and shown to mediate endothelial barrier signaling. This establishes non-CNS target-component context for ANGPT1, but no CC2D1A-to-ANGPT1 context was established; the exact pair remains L0.
8	C1_canonical_multi_module:100	module_routed	cc2d1a|c5ar1|human	public_tf_comprehensive_343	cc2d1a	CC2D1A	CC2D1A	C5AR1	human	2	20B;24B	20B;24B	20B_target_interaction;24B_target_interaction	2	C_tflink_source_table_only	1	promoted overlay evidence tier	TFLink	tflink:human:001167:fb761d35af1f	tflink_source_cc2d1a_c5ar1_human_tflink_human_001167_fb761d35af1f	https://pubmed.ncbi.nlm.nih.gov/27924024/	canonical_sequence_specific_tf	canonical_tf	direct_sequence_specific_tf_binding	Sequence-specific TF binding or occupancy at the target regulatory locus is the proposed mechanism.	L0_no_context_evidence	L1_non_CNS_context	L0_no_context_evidence	target_only	sci_relevant_component_context	adjudicated_context_overlay_applied	C5AR1 is expressed and functionally studied in human monocytes and macrophages in a sterile-inflammation model. This establishes non-CNS target-component context for C5AR1, but no CC2D1A-to-C5AR1 context was established; the exact pair remains L0.
9	C1_canonical_multi_module:100	module_routed	dmrtb1|adgrl1|mouse	public_tf_comprehensive_526	dmrtb1	DMRTB1	Dmrtb1	Adgrl1	mouse	2	20B;23B	20B;23B	20B_target_interaction;23B_target_interaction	2	C_tflink_source_table_only	1	promoted overlay evidence tier	TFLink	tflink:mouse:001031:3c6aa0672a00	tflink_source_dmrtb1_adgrl1_mouse_tflink_mouse_001031_3c6aa0672a00	https://pubmed.ncbi.nlm.nih.gov/27924024/	canonical_sequence_specific_tf	canonical_tf	direct_sequence_specific_tf_binding	Sequence-specific TF binding or occupancy at the target regulatory locus is the proposed mechanism.	L0_no_context_evidence	L0_no_context_evidence	L0_no_context_evidence	no_qualifying_context_found	context_reviewed_no_qualifying_context	adjudicated_context_overlay_applied	The C-tier record is source-table-only and the current record is (not_assessed_in_tflink_source_table); no authoritative CNS, spinal-cord-tissue, or SCI context can be verified from this evidence packet. The relationship is therefore resolved as context-unverifiable at L0 for this pass. This does not claim exhaustive literature absence and does not change the original C evidence tier.
10	C1_canonical_multi_module:100	module_routed	foxk1|adam22|human	public_tf_comprehensive_696	foxk1	FOXK1	FOXK1	ADAM22	human	2	20B;23B	20B;23B	20B_target_interaction;23B_target_interaction	2	C_tflink_source_table_only	1	promoted overlay evidence tier	TFLink	tflink:human:000505:9d0b32966e36	tflink_source_foxk1_adam22_human_tflink_human_000505_9d0b32966e36	https://pubmed.ncbi.nlm.nih.gov/27924024/	canonical_sequence_specific_tf	canonical_tf	direct_sequence_specific_tf_binding	Sequence-specific TF binding or occupancy at the target regulatory locus is the proposed mechanism.	L0_no_context_evidence	L0_no_context_evidence	L0_no_context_evidence	no_qualifying_context_found	context_reviewed_no_qualifying_context	adjudicated_context_overlay_applied	The C-tier record is source-table-only and the current record is (not_assessed_in_tflink_source_table); no authoritative CNS, spinal-cord-tissue, or SCI context can be verified from this evidence packet. The relationship is therefore resolved as context-unverifiable at L0 for this pass. This does not claim exhaustive literature absence and does not change the original C evidence tier.
11	C1_canonical_multi_module:100	module_routed	foxk1|adgrl1|human	public_tf_comprehensive_697	foxk1	FOXK1	FOXK1	ADGRL1	human	2	20B;23B	20B;23B	20B_target_interaction;23B_target_interaction	2	C_tflink_source_table_only	1	promoted overlay evidence tier	TFLink	tflink:human:000505:9d0b32966e36	tflink_source_foxk1_adgrl1_human_tflink_human_000505_9d0b32966e36	https://pubmed.ncbi.nlm.nih.gov/27924024/	canonical_sequence_specific_tf	canonical_tf	direct_sequence_specific_tf_binding	Sequence-specific TF binding or occupancy at the target regulatory locus is the proposed mechanism.	L0_no_context_evidence	L0_no_context_evidence	L0_no_context_evidence	no_qualifying_context_found	context_reviewed_no_qualifying_context	adjudicated_context_overlay_applied	The C-tier record is source-table-only and the current record is (not_assessed_in_tflink_source_table); no authoritative CNS, spinal-cord-tissue, or SCI context can be verified from this evidence packet. The relationship is therefore resolved as context-unverifiable at L0 for this pass. This does not claim exhaustive literature absence and does not change the original C evidence tier.
12	C1_canonical_multi_module:100	module_routed	gmeb2|adam22|human	public_tf_comprehensive_738	gmeb2	GMEB2	GMEB2	ADAM22	human	2	20B;23B	20B;23B	20B_target_interaction;23B_target_interaction	2	C_tflink_source_table_only	1	promoted overlay evidence tier	TFLink	tflink:human:000974:ead65c82879f	tflink_source_gmeb2_adam22_human_tflink_human_000974_ead65c82879f	https://pubmed.ncbi.nlm.nih.gov/27924024/	canonical_sequence_specific_tf	canonical_tf	direct_sequence_specific_tf_binding	Sequence-specific TF binding or occupancy at the target regulatory locus is the proposed mechanism.	L0_no_context_evidence	L0_no_context_evidence	L0_no_context_evidence	no_qualifying_context_found	context_reviewed_no_qualifying_context	adjudicated_context_overlay_applied	The C-tier record is source-table-only and the current record is (not_assessed_in_tflink_source_table); no authoritative CNS, spinal-cord-tissue, or SCI context can be verified from this evidence packet. The relationship is therefore resolved as context-unverifiable at L0 for this pass. This does not claim exhaustive literature absence and does not change the original C evidence tier.
13	C1_canonical_multi_module:100	module_routed	grhl3|adam12|mouse	public_tf_comprehensive_753	grhl3	GRHL3	Grhl3	Adam12	mouse	2	20B;23B	20B;23B	20B_target_interaction;23B_target_interaction	2	C_tflink_source_table_only	1	promoted overlay evidence tier	TFLink	tflink:mouse:001001:06f10a234819	tflink_source_grhl3_adam12_mouse_tflink_mouse_001001_06f10a234819	https://pubmed.ncbi.nlm.nih.gov/27924024/	canonical_sequence_specific_tf	canonical_tf	direct_sequence_specific_tf_binding	Sequence-specific TF binding or occupancy at the target regulatory locus is the proposed mechanism.	L0_no_context_evidence	L0_no_context_evidence	L0_no_context_evidence	no_qualifying_context_found	context_reviewed_no_qualifying_context	adjudicated_context_overlay_applied	The C-tier record is source-table-only and the current record is (not_assessed_in_tflink_source_table); no authoritative CNS, spinal-cord-tissue, or SCI context can be verified from this evidence packet. The relationship is therefore resolved as context-unverifiable at L0 for this pass. This does not claim exhaustive literature absence and does not change the original C evidence tier.
14	C1_canonical_multi_module:100	module_routed	grhl3|adgrl1|mouse	public_tf_comprehensive_756	grhl3	GRHL3	Grhl3	Adgrl1	mouse	2	20B;23B	20B;23B	20B_target_interaction;23B_target_interaction	2	C_tflink_source_table_only	1	promoted overlay evidence tier	TFLink	tflink:mouse:001001:06f10a234819	tflink_source_grhl3_adgrl1_mouse_tflink_mouse_001001_06f10a234819	https://pubmed.ncbi.nlm.nih.gov/27924024/	canonical_sequence_specific_tf	canonical_tf	direct_sequence_specific_tf_binding	Sequence-specific TF binding or occupancy at the target regulatory locus is the proposed mechanism.	L0_no_context_evidence	L0_no_context_evidence	L0_no_context_evidence	no_qualifying_context_found	context_reviewed_no_qualifying_context	adjudicated_context_overlay_applied	The C-tier record is source-table-only and the current record is (not_assessed_in_tflink_source_table); no authoritative CNS, spinal-cord-tissue, or SCI context can be verified from this evidence packet. The relationship is therefore resolved as context-unverifiable at L0 for this pass. This does not claim exhaustive literature absence and does not change the original C evidence tier.
15	C1_canonical_multi_module:100	module_routed	hes2|anxa2|human	public_tf_comprehensive_811	hes2	HES2	HES2	ANXA2	human	3	20B;23B;24B	20B;23B;24B	20B_target_interaction;23B_target_interaction;24B_target_interaction	3	C_tflink_source_table_only	1	promoted overlay evidence tier	TFLink	tflink:human:001033:82d8bfab8e6f	tflink_source_hes2_anxa2_human_tflink_human_001033_82d8bfab8e6f	https://pubmed.ncbi.nlm.nih.gov/27924024/	canonical_sequence_specific_tf	canonical_tf	direct_sequence_specific_tf_binding	Sequence-specific TF binding or occupancy at the target regulatory locus is the proposed mechanism.	L0_no_context_evidence	L1_non_CNS_context	L0_no_context_evidence	target_only	sci_relevant_component_context	adjudicated_context_overlay_applied	ANXA2 was functionally studied in primary human endothelial cells in a plasma-membrane-repair study. This establishes non-CNS target-component context for ANXA2, but no HES2-to-ANXA2 context was established; the exact pair remains L0.
16	C1_canonical_multi_module:100	module_routed	hes5|adam22|mouse	public_tf_comprehensive_815	hes5	HES5	Hes5	Adam22	mouse	2	20B;23B	20B;23B	20B_target_interaction;23B_target_interaction	2	C_tflink_source_table_only	1	promoted overlay evidence tier	TFLink	tflink:mouse:000954:ee539f817c4f	tflink_source_hes5_adam22_mouse_tflink_mouse_000954_ee539f817c4f	https://pubmed.ncbi.nlm.nih.gov/27924024/	canonical_sequence_specific_tf	canonical_tf	direct_sequence_specific_tf_binding	Sequence-specific TF binding or occupancy at the target regulatory locus is the proposed mechanism.	L0_no_context_evidence	L1_non_CNS_context	L0_no_context_evidence	target_only	sci_relevant_component_context	adjudicated_context_overlay_applied	ADAM22 was studied in mouse peripheral nerve/Schwann-cell biology. This establishes non-CNS target-component context for mouse Adam22, but no HES5-to-Adam22 context was established; the exact pair remains L0.
17	C1_canonical_multi_module:100	module_routed	hoxa13|adam12|mouse	public_tf_comprehensive_878	hoxa13	HOXA13	Hoxa13	Adam12	mouse	2	20B;23B	20B;23B	20B_target_interaction;23B_target_interaction	2	C_tflink_source_table_only	1	promoted overlay evidence tier	TFLink	tflink:mouse:000983:90c661760f8e	tflink_source_hoxa13_adam12_mouse_tflink_mouse_000983_90c661760f8e	https://pubmed.ncbi.nlm.nih.gov/27924024/	canonical_sequence_specific_tf	canonical_tf	direct_sequence_specific_tf_binding	Sequence-specific TF binding or occupancy at the target regulatory locus is the proposed mechanism.	L0_no_context_evidence	L1_non_CNS_context	L0_no_context_evidence	target_only	sci_relevant_component_context	adjudicated_context_overlay_applied	ADAM12 was studied in mouse skeletal muscle development and regeneration, including dystrophic muscle. This establishes non-CNS target-component context for mouse Adam12, but no HOXA13-to-Adam12 context was established; the exact pair remains L0.
18	C1_canonical_multi_module:100	module_routed	hoxa13|adgrl1|mouse	public_tf_comprehensive_880	hoxa13	HOXA13	Hoxa13	Adgrl1	mouse	2	20B;23B	20B;23B	20B_target_interaction;23B_target_interaction	2	C_tflink_source_table_only	1	promoted overlay evidence tier	TFLink	tflink:mouse:000983:90c661760f8e	tflink_source_hoxa13_adgrl1_mouse_tflink_mouse_000983_90c661760f8e	https://pubmed.ncbi.nlm.nih.gov/27924024/	canonical_sequence_specific_tf	canonical_tf	direct_sequence_specific_tf_binding	Sequence-specific TF binding or occupancy at the target regulatory locus is the proposed mechanism.	L0_no_context_evidence	L0_no_context_evidence	L0_no_context_evidence	no_qualifying_context_found	context_reviewed_no_qualifying_context	adjudicated_context_overlay_applied	The C-tier record is source-table-only and the current record is (not_assessed_in_tflink_source_table); no authoritative CNS, spinal-cord-tissue, or SCI context can be verified from this evidence packet. The relationship is therefore resolved as context-unverifiable at L0 for this pass. This does not claim exhaustive literature absence and does not change the original C evidence tier.
19	C1_canonical_multi_module:100	module_routed	hoxc12|angptl4|mouse	public_tf_comprehensive_893	hoxc12	HOXC12	Hoxc12	Angptl4	mouse	2	20B;23B	20B;23B	20B_target_interaction;23B_target_interaction	2	C_tflink_source_table_only	1	promoted overlay evidence tier	TFLink	tflink:mouse:001066:036fae2d0e47	tflink_source_hoxc12_angptl4_mouse_tflink_mouse_001066_036fae2d0e47	https://pubmed.ncbi.nlm.nih.gov/27924024/	canonical_sequence_specific_tf	canonical_tf	direct_sequence_specific_tf_binding	Sequence-specific TF binding or occupancy at the target regulatory locus is the proposed mechanism.	L0_no_context_evidence	L1_non_CNS_context	L0_no_context_evidence	target_only	sci_relevant_component_context	adjudicated_context_overlay_applied	ANGPTL4 was studied in mouse adipose tissue using adipose-specific genetic models. This establishes non-CNS target-component context for mouse Angptl4, but no HOXC12-to-Angptl4 context was established; the exact pair remains L0.
20	C1_canonical_multi_module:100	module_routed	hoxc5|adam22|human	public_tf_comprehensive_896	hoxc5	HOXC5	HOXC5	ADAM22	human	2	20B;23B	20B;23B	20B_target_interaction;23B_target_interaction	2	C_tflink_source_table_only	1	promoted overlay evidence tier	TFLink	tflink:human:001102:2734e3ee2a2a	tflink_source_hoxc5_adam22_human_tflink_human_001102_2734e3ee2a2a	https://pubmed.ncbi.nlm.nih.gov/27924024/	canonical_sequence_specific_tf	canonical_tf	direct_sequence_specific_tf_binding	Sequence-specific TF binding or occupancy at the target regulatory locus is the proposed mechanism.	L0_no_context_evidence	L0_no_context_evidence	L0_no_context_evidence	no_qualifying_context_found	context_reviewed_no_qualifying_context	adjudicated_context_overlay_applied	The C-tier record is source-table-only and the current record is (not_assessed_in_tflink_source_table); no authoritative CNS, spinal-cord-tissue, or SCI context can be verified from this evidence packet. The relationship is therefore resolved as context-unverifiable at L0 for this pass. This does not claim exhaustive literature absence and does not change the original C evidence tier.
21	C1_canonical_multi_module:100	module_routed	hoxc5|adgrl2|human	public_tf_comprehensive_899	hoxc5	HOXC5	HOXC5	ADGRL2	human	2	20B;23B	20B;23B	20B_target_interaction;23B_target_interaction	2	C_tflink_source_table_only	1	promoted overlay evidence tier	TFLink	tflink:human:001102:2734e3ee2a2a	tflink_source_hoxc5_adgrl2_human_tflink_human_001102_2734e3ee2a2a	https://pubmed.ncbi.nlm.nih.gov/27924024/	canonical_sequence_specific_tf	canonical_tf	direct_sequence_specific_tf_binding	Sequence-specific TF binding or occupancy at the target regulatory locus is the proposed mechanism.	L0_no_context_evidence	L0_no_context_evidence	L0_no_context_evidence	no_qualifying_context_found	context_reviewed_no_qualifying_context	adjudicated_context_overlay_applied	The C-tier record is source-table-only and the current record is (not_assessed_in_tflink_source_table); no authoritative CNS, spinal-cord-tissue, or SCI context can be verified from this evidence packet. The relationship is therefore resolved as context-unverifiable at L0 for this pass. This does not claim exhaustive literature absence and does not change the original C evidence tier.
22	C1_canonical_multi_module:100	module_routed	myrf|adam22|human	public_tf_comprehensive_1328	myrf	MYRF	MYRF	ADAM22	human	2	20B;23B	20B;23B	20B_target_interaction;23B_target_interaction	2	C_tflink_source_table_only	1	promoted overlay evidence tier	TFLink	tflink:human:001273:e9d3bc997b48	tflink_source_myrf_adam22_human_tflink_human_001273_e9d3bc997b48	https://pubmed.ncbi.nlm.nih.gov/27924024/	canonical_sequence_specific_tf	canonical_tf	direct_sequence_specific_tf_binding	Sequence-specific TF binding or occupancy at the target regulatory locus is the proposed mechanism.	L0_no_context_evidence	L0_no_context_evidence	L0_no_context_evidence	no_qualifying_context_found	context_reviewed_no_qualifying_context	adjudicated_context_overlay_applied	The C-tier record is source-table-only and the current record is (not_assessed_in_tflink_source_table); no authoritative CNS, spinal-cord-tissue, or SCI context can be verified from this evidence packet. The relationship is therefore resolved as context-unverifiable at L0 for this pass. This does not claim exhaustive literature absence and does not change the original C evidence tier.
23	C1_canonical_multi_module:100	module_routed	npas4|adam12|mouse	public_tf_comprehensive_1423	npas4	NPAS4	Npas4	Adam12	mouse	2	20B;23B	20B;23B	20B_target_interaction;23B_target_interaction	2	C_tflink_source_table_only	1	promoted overlay evidence tier	TFLink	tflink:mouse:000902:0067a7f884a7	tflink_source_npas4_adam12_mouse_tflink_mouse_000902_0067a7f884a7	https://pubmed.ncbi.nlm.nih.gov/27924024/	canonical_sequence_specific_tf	canonical_tf	direct_sequence_specific_tf_binding	Sequence-specific TF binding or occupancy at the target regulatory locus is the proposed mechanism.	L2_CNS_context	L1_non_CNS_context	L0_no_context_evidence	component_only	sci_relevant_component_context	adjudicated_context_overlay_applied	NPAS4 is an activity-dependent transcription factor studied in mouse hippocampal neurons, establishing CNS regulator-component context. Adam12 is independently studied in mouse skeletal muscle development and regeneration, establishing non-CNS target-component context. No NPAS4-to-Adam12 context was established; the exact pair remains L0.
24	C1_canonical_multi_module:100	module_routed	npas4|adam22|mouse	public_tf_comprehensive_1425	npas4	NPAS4	Npas4	Adam22	mouse	2	20B;23B	20B;23B	20B_target_interaction;23B_target_interaction	2	C_tflink_source_table_only	1	promoted overlay evidence tier	TFLink	tflink:mouse:000902:0067a7f884a7	tflink_source_npas4_adam22_mouse_tflink_mouse_000902_0067a7f884a7	https://pubmed.ncbi.nlm.nih.gov/27924024/	canonical_sequence_specific_tf	canonical_tf	direct_sequence_specific_tf_binding	Sequence-specific TF binding or occupancy at the target regulatory locus is the proposed mechanism.	L2_CNS_context	L3_spinal_cord_tissue_context	L0_no_context_evidence	component_only	sci_relevant_component_context	adjudicated_context_overlay_applied	NPAS4 is an activity-dependent transcription factor studied in mouse hippocampal neurons, establishing CNS regulator-component context. Adam22 mRNA was independently localized to mouse spinal-cord grey matter, establishing spinal-cord tissue target-component context. No NPAS4-to-Adam22 context was established; the exact pair remains L0.
25	C1_canonical_multi_module:100	module_routed	ovol2|adam22|human	public_tf_comprehensive_1481	ovol2	OVOL2	OVOL2	ADAM22	human	2	20B;23B	20B;23B	20B_target_interaction;23B_target_interaction	2	C_tflink_source_table_only	1	promoted overlay evidence tier	TFLink	tflink:human:000862:1bd24e5f04f3	tflink_source_ovol2_adam22_human_tflink_human_000862_1bd24e5f04f3	https://pubmed.ncbi.nlm.nih.gov/27924024/	canonical_sequence_specific_tf	canonical_tf	direct_sequence_specific_tf_binding	Sequence-specific TF binding or occupancy at the target regulatory locus is the proposed mechanism.	L1_non_CNS_context	L2_CNS_context	L0_no_context_evidence	component_only	sci_relevant_component_context	adjudicated_context_overlay_applied	OVOL2 was functionally studied as a transcription factor in human epithelial and cancer-cell models, establishing non-CNS regulator-component context. Human ADAM22 was independently characterized as highly expressed in brain tissue, establishing CNS target-component context. No OVOL2-to-ADAM22 context was established; the exact pair remains L0.
26	C1_canonical_multi_module:100	module_routed	patz1|adam22|human	public_tf_comprehensive_1500	patz1	PATZ1	PATZ1	ADAM22	human	2	20B;23B	20B;23B	20B_target_interaction;23B_target_interaction	2	C_tflink_source_table_only	1	promoted overlay evidence tier	TFLink	tflink:human:000921:4f040622be31	tflink_source_patz1_adam22_human_tflink_human_000921_4f040622be31	https://pubmed.ncbi.nlm.nih.gov/27924024/	canonical_sequence_specific_tf	canonical_tf	direct_sequence_specific_tf_binding	Sequence-specific TF binding or occupancy at the target regulatory locus is the proposed mechanism.	L1_non_CNS_context	L2_CNS_context	L0_no_context_evidence	component_only	sci_relevant_component_context	adjudicated_context_overlay_applied	PATZ1 was functionally studied as a transcriptional regulator in human embryonic stem cells, establishing non-CNS regulator-component context. Human ADAM22 was independently characterized as highly expressed in brain tissue, establishing CNS target-component context. No PATZ1-to-ADAM22 context was established; the exact pair remains L0.
27	C1_canonical_multi_module:100	module_routed	prdm15|adgrl1|mouse	public_tf_comprehensive_1605	prdm15	PRDM15	Prdm15	Adgrl1	mouse	2	20B;23B	20B;23B	20B_target_interaction;23B_target_interaction	2	C_tflink_source_table_only	1	promoted overlay evidence tier	TFLink	tflink:mouse:000921:232b6c1fc922	tflink_source_prdm15_adgrl1_mouse_tflink_mouse_000921_232b6c1fc922	https://pubmed.ncbi.nlm.nih.gov/27924024/	canonical_sequence_specific_tf	canonical_tf	direct_sequence_specific_tf_binding	Sequence-specific TF binding or occupancy at the target regulatory locus is the proposed mechanism.	L1_non_CNS_context	L2_CNS_context	L0_no_context_evidence	component_only	sci_relevant_component_context	adjudicated_context_overlay_applied	PRDM15 was functionally studied in mouse embryonic stem cells as a transcriptional regulator of WNT and MAPK-ERK signaling, establishing non-CNS regulator-component context. Adgrl1 was independently studied in mouse hypothalamic neurons, establishing CNS target-component context. No PRDM15-to-Adgrl1 context was established; the exact pair remains L0.
28	C1_canonical_multi_module:100	module_routed	prdm15|adgrl2|mouse	public_tf_comprehensive_1606	prdm15	PRDM15	Prdm15	Adgrl2	mouse	2	20B;23B	20B;23B	20B_target_interaction;23B_target_interaction	2	C_tflink_source_table_only	1	promoted overlay evidence tier	TFLink	tflink:mouse:000921:232b6c1fc922	tflink_source_prdm15_adgrl2_mouse_tflink_mouse_000921_232b6c1fc922	https://pubmed.ncbi.nlm.nih.gov/27924024/	canonical_sequence_specific_tf	canonical_tf	direct_sequence_specific_tf_binding	Sequence-specific TF binding or occupancy at the target regulatory locus is the proposed mechanism.	L1_non_CNS_context	L2_CNS_context	L0_no_context_evidence	component_only	sci_relevant_component_context	adjudicated_context_overlay_applied	PRDM15 was functionally studied in mouse embryonic stem cells as a transcriptional regulator of WNT and MAPK-ERK signaling, establishing non-CNS regulator-component context. Adgrl2 was independently studied in mouse entorhinal-cortex neurons and hippocampal circuitry, establishing CNS target-component context. No PRDM15-to-Adgrl2 context was established; the exact pair remains L0.
29	C1_canonical_multi_module:100	module_routed	rbak|adam22|human	public_tf_comprehensive_1700	rbak	RBAK	RBAK	ADAM22	human	2	20B;23B	20B;23B	20B_target_interaction;23B_target_interaction	2	C_tflink_source_table_only	1	promoted overlay evidence tier	TFLink	tflink:human:001239:7b1c827f4aec	tflink_source_rbak_adam22_human_tflink_human_001239_7b1c827f4aec	https://pubmed.ncbi.nlm.nih.gov/27924024/	canonical_sequence_specific_tf	canonical_tf	direct_sequence_specific_tf_binding	Sequence-specific TF binding or occupancy at the target regulatory locus is the proposed mechanism.	L1_non_CNS_context	L2_CNS_context	L0_no_context_evidence	component_only	sci_relevant_component_context	adjudicated_context_overlay_applied	RBAK was functionally studied in human fibroblast cells as a KRAB zinc-finger transcriptional repressor of an E2F-dependent promoter, establishing non-CNS regulator-component context. Human ADAM22 was independently characterized as highly expressed in brain tissue, establishing CNS target-component context. No RBAK-to-ADAM22 context was established; the exact pair remains L0.
30	C1_canonical_multi_module:100	module_routed	rbpjl|adgrl1|mouse	public_tf_comprehensive_1755	rbpjl	RBPJL	Rbpjl	Adgrl1	mouse	2	20B;23B	20B;23B	20B_target_interaction;23B_target_interaction	2	C_tflink_source_table_only	1	promoted overlay evidence tier	TFLink	tflink:mouse:000956:444aa119d6fd	tflink_source_rbpjl_adgrl1_mouse_tflink_mouse_000956_444aa119d6fd	https://pubmed.ncbi.nlm.nih.gov/27924024/	canonical_sequence_specific_tf	canonical_tf	direct_sequence_specific_tf_binding	Sequence-specific TF binding or occupancy at the target regulatory locus is the proposed mechanism.	L1_non_CNS_context	L2_CNS_context	L0_no_context_evidence	component_only	sci_relevant_component_context	adjudicated_context_overlay_applied	RBPJL was functionally studied in mouse pancreatic acinar cells as part of the PTF1 transcriptional complex, establishing non-CNS regulator-component context. Adgrl1 was independently studied in mouse hypothalamic neurons, establishing CNS target-component context. No RBPJL-to-Adgrl1 context was established; the exact pair remains L0.
31	C1_canonical_multi_module:100	module_routed	rfx6|cx3cl1|mouse	public_tf_comprehensive_1773	rfx6	RFX6	Rfx6	Cx3cl1	mouse	2	20B;23B	20B;23B	20B_target_interaction;23B_target_interaction	2	C_tflink_source_table_only	1	promoted overlay evidence tier	TFLink	tflink:mouse:000991:23d30011b4af	tflink_source_rfx6_cx3cl1_mouse_tflink_mouse_000991_23d30011b4af	https://pubmed.ncbi.nlm.nih.gov/27924024/	canonical_sequence_specific_tf	canonical_tf	direct_sequence_specific_tf_binding	Sequence-specific TF binding or occupancy at the target regulatory locus is the proposed mechanism.	L1_non_CNS_context	L4_SCI_context	L0_no_context_evidence	component_only	sci_relevant_component_context	adjudicated_context_overlay_applied	RFX6 was functionally studied in mouse pancreatic islet development, establishing non-CNS regulator-component context. CX3CL1 was independently studied in mouse spinal-cord injury models as a neuronal/microglial signaling factor, establishing SCI target-component context. No RFX6-to-Cx3cl1 context was established; the exact pair remains L0.
32	C1_canonical_multi_module:100	module_routed	scrt2|agrn|human	public_tf_comprehensive_1850	scrt2	SCRT2	SCRT2	AGRN	human	2	20B;23B	20B;23B	20B_target_interaction;23B_target_interaction	2	C_tflink_source_table_only	1	promoted overlay evidence tier	TFLink	tflink:human:001070:1337556bbece	tflink_source_scrt2_agrn_human_tflink_human_001070_1337556bbece	https://pubmed.ncbi.nlm.nih.gov/27924024/	canonical_sequence_specific_tf	canonical_tf	direct_sequence_specific_tf_binding	Sequence-specific TF binding or occupancy at the target regulatory locus is the proposed mechanism.	L0_no_context_evidence	L1_non_CNS_context	L0_no_context_evidence	target_only	sci_relevant_component_context	adjudicated_context_overlay_applied	No species-matched human SCRT2 context was established in this pass; a chicken Scratch2 neural-tube study was not transferred to the human record. Human AGRN was independently characterized in adult lung and kidney basement membranes, establishing non-CNS target-component context. No SCRT2-to-AGRN context was established; the exact pair remains L0.
33	C1_canonical_multi_module:100	module_routed	sox3|adgrl2|mouse	public_tf_comprehensive_1979	sox3	SOX3	Sox3	Adgrl2	mouse	2	20B;23B	20B;23B	20B_target_interaction;23B_target_interaction	2	C_tflink_source_table_only	1	promoted overlay evidence tier	TFLink	tflink:mouse:000984:51e68b877018	tflink_source_sox3_adgrl2_mouse_tflink_mouse_000984_51e68b877018	https://pubmed.ncbi.nlm.nih.gov/27924024/	canonical_sequence_specific_tf	canonical_tf	direct_sequence_specific_tf_binding	Sequence-specific TF binding or occupancy at the target regulatory locus is the proposed mechanism.	L3_spinal_cord_tissue_context	L2_CNS_context	L0_no_context_evidence	component_only	sci_relevant_component_context	adjudicated_context_overlay_applied	SOX3 was studied in mouse spinal-cord neural-lineage development, establishing spinal-cord tissue regulator-component context. Adgrl2 was independently studied in mouse entorhinal-cortex and hippocampal neurons, establishing CNS target-component context. No SOX3-to-Adgrl2 context was established; the exact pair remains L0.
34	C1_canonical_multi_module:100	module_routed	zbed5|adam22|human	public_tf_comprehensive_2322	zbed5	ZBED5	ZBED5	ADAM22	human	2	20B;23B	20B;23B	20B_target_interaction;23B_target_interaction	2	C_tflink_source_table_only	1	promoted overlay evidence tier	TFLink	tflink:human:001299:61655bab6b95	tflink_source_zbed5_adam22_human_tflink_human_001299_61655bab6b95	https://pubmed.ncbi.nlm.nih.gov/27924024/	canonical_sequence_specific_tf	canonical_tf	direct_sequence_specific_tf_binding	Sequence-specific TF binding or occupancy at the target regulatory locus is the proposed mechanism.	L0_no_context_evidence	L2_CNS_context	L0_no_context_evidence	target_only	sci_relevant_component_context	adjudicated_context_overlay_applied	ZBED5 has no qualifying functional context beyond catalog-level annotation in the reviewed sources. Human ADAM22 was independently characterized as highly expressed in brain tissue, establishing CNS target-component context. No ZBED5-to-ADAM22 context was established; the exact pair remains L0.
35	C1_canonical_multi_module:100	module_routed	zbtb18|c5ar1|human	public_tf_comprehensive_2333	zbtb18	ZBTB18	ZBTB18	C5AR1	human	2	20B;24B	20B;24B	20B_target_interaction;24B_target_interaction	2	C_tflink_source_table_only	1	promoted overlay evidence tier	TFLink	tflink:human:001317:1bf0caaf526f	tflink_source_zbtb18_c5ar1_human_tflink_human_001317_1bf0caaf526f	https://pubmed.ncbi.nlm.nih.gov/27924024/	canonical_sequence_specific_tf	canonical_tf	direct_sequence_specific_tf_binding	Sequence-specific TF binding or occupancy at the target regulatory locus is the proposed mechanism.	L2_CNS_context	L1_non_CNS_context	L0_no_context_evidence	component_only	sci_relevant_component_context	adjudicated_context_overlay_applied	ZBTB18 was functionally studied in human neural differentiation models, establishing CNS regulator-component context. C5AR1 was independently studied in human monocytes and macrophages, establishing non-CNS target-component context. No ZBTB18-to-C5AR1 context was established; the exact pair remains L0.
36	C1_canonical_multi_module:100	module_routed	zbtb24|adam22|human	public_tf_comprehensive_2342	zbtb24	ZBTB24	ZBTB24	ADAM22	human	2	20B;23B	20B;23B	20B_target_interaction;23B_target_interaction	2	C_tflink_source_table_only	1	promoted overlay evidence tier	TFLink	tflink:human:000843:d687b53067e9	tflink_source_zbtb24_adam22_human_tflink_human_000843_d687b53067e9	https://pubmed.ncbi.nlm.nih.gov/27924024/	canonical_sequence_specific_tf	canonical_tf	direct_sequence_specific_tf_binding	Sequence-specific TF binding or occupancy at the target regulatory locus is the proposed mechanism.	L1_non_CNS_context	L2_CNS_context	L0_no_context_evidence	component_only	sci_relevant_component_context	adjudicated_context_overlay_applied	ZBTB24 was studied in human lymphoblastoid and immune-cell models as a transcriptional regulator, establishing non-CNS regulator-component context. Human ADAM22 was independently characterized as highly expressed in brain tissue, establishing CNS target-component context. No ZBTB24-to-ADAM22 context was established; the exact pair remains L0.
37	C1_canonical_multi_module:100	module_routed	zbtb7b|anxa2|human	public_tf_comprehensive_2373	zbtb7b	ZBTB7B	ZBTB7B	ANXA2	human	3	20B;23B;24B	20B;23B;24B	20B_target_interaction;23B_target_interaction;24B_target_interaction	3	C_tflink_source_table_only	1	promoted overlay evidence tier	TFLink	tflink:human:001131:93f5318f07c8	tflink_source_zbtb7b_anxa2_human_tflink_human_001131_93f5318f07c8	https://pubmed.ncbi.nlm.nih.gov/27924024/	canonical_sequence_specific_tf	canonical_tf	direct_sequence_specific_tf_binding	Sequence-specific TF binding or occupancy at the target regulatory locus is the proposed mechanism.	L1_non_CNS_context	L1_non_CNS_context	L0_no_context_evidence	component_only	sci_relevant_component_context	adjudicated_context_overlay_applied	Human ZBTB7B was functionally characterized in a patient-derived immune disorder using peripheral blood cells, DNA-binding/transcriptional assays, and primary pulmonary fibroblasts, establishing non-CNS regulator-component context. ANXA2 was independently studied in primary human endothelial cells, establishing non-CNS target-component context. No ZBTB7B-to-ANXA2 context was established; the exact pair remains L0.
38	C1_canonical_multi_module:100	module_routed	zbtb8a|adam22|human	public_tf_comprehensive_2376	zbtb8a	ZBTB8A	ZBTB8A	ADAM22	human	2	20B;23B	20B;23B	20B_target_interaction;23B_target_interaction	2	C_tflink_source_table_only	1	promoted overlay evidence tier	TFLink	tflink:human:000900:104fd2eb9cd8	tflink_source_zbtb8a_adam22_human_tflink_human_000900_104fd2eb9cd8	https://pubmed.ncbi.nlm.nih.gov/27924024/	canonical_sequence_specific_tf	canonical_tf	direct_sequence_specific_tf_binding	Sequence-specific TF binding or occupancy at the target regulatory locus is the proposed mechanism.	L1_non_CNS_context	L2_CNS_context	L0_no_context_evidence	component_only	sci_relevant_component_context	adjudicated_context_overlay_applied	ZBTB8A has a released human K562 ChIP-seq experiment, establishing human non-CNS regulator-component context. Human ADAM22 was independently characterized as highly expressed in brain tissue, establishing CNS target-component context. No ZBTB8A-to-ADAM22 context was established; the exact pair remains L0.
39	C1_canonical_multi_module:100	module_routed	zbtb8a|adgrl1|human	public_tf_comprehensive_2377	zbtb8a	ZBTB8A	ZBTB8A	ADGRL1	human	2	20B;23B	20B;23B	20B_target_interaction;23B_target_interaction	2	C_tflink_source_table_only	1	promoted overlay evidence tier	TFLink	tflink:human:000900:104fd2eb9cd8	tflink_source_zbtb8a_adgrl1_human_tflink_human_000900_104fd2eb9cd8	https://pubmed.ncbi.nlm.nih.gov/27924024/	canonical_sequence_specific_tf	canonical_tf	direct_sequence_specific_tf_binding	Sequence-specific TF binding or occupancy at the target regulatory locus is the proposed mechanism.	L1_non_CNS_context	L2_CNS_context	L0_no_context_evidence	component_only	sci_relevant_component_context	adjudicated_context_overlay_applied	ZBTB8A has a released human K562 ChIP-seq experiment, establishing human non-CNS regulator-component context. Human ADGRL1 was independently studied in neurodevelopmental disease and human neuroblastoma-cell assays, establishing CNS target-component context. No ZBTB8A-to-ADGRL1 context was established; the exact pair remains L0.
40	C1_canonical_multi_module:100	module_routed	zfat|alcam|human	public_tf_comprehensive_2392	zfat	ZFAT	ZFAT	ALCAM	human	2	20B;23B	20B;23B	20B_target_interaction;23B_target_interaction	2	C_tflink_source_table_only	1	promoted overlay evidence tier	TFLink	tflink:human:001295:17a5aaa726bd	tflink_source_zfat_alcam_human_tflink_human_001295_17a5aaa726bd	https://pubmed.ncbi.nlm.nih.gov/27924024/	canonical_sequence_specific_tf	canonical_tf	direct_sequence_specific_tf_binding	Sequence-specific TF binding or occupancy at the target regulatory locus is the proposed mechanism.	L1_non_CNS_context	L2_CNS_context	L0_no_context_evidence	component_only	sci_relevant_component_context	adjudicated_context_overlay_applied	Human ZFAT was functionally studied in human cell lines by localization and ChIP-qPCR assays, establishing non-CNS regulator-component context. ALCAM was independently studied in human primary oligodendrocytes and human CNS tissue, establishing CNS target-component context. No ZFAT-to-ALCAM context was established; the exact pair remains L0.
41	C1_canonical_multi_module:100	module_routed	zfp1|adam22|human	public_tf_comprehensive_2397	zfp1	ZFP1	ZFP1	ADAM22	human	2	20B;23B	20B;23B	20B_target_interaction;23B_target_interaction	2	C_tflink_source_table_only	1	promoted overlay evidence tier	TFLink	tflink:human:001050:ea814b56c4df	tflink_source_zfp1_adam22_human_tflink_human_001050_ea814b56c4df	https://pubmed.ncbi.nlm.nih.gov/27924024/	canonical_sequence_specific_tf	canonical_tf	direct_sequence_specific_tf_binding	Sequence-specific TF binding or occupancy at the target regulatory locus is the proposed mechanism.	L0_no_context_evidence	L2_CNS_context	L0_no_context_evidence	target_only	sci_relevant_component_context	adjudicated_context_overlay_applied	No qualifying human functional regulator-component context for ZFP1 was established in this pass; catalog and annotation records were not treated as functional evidence. Human ADAM22 was independently characterized as highly expressed in brain tissue, establishing CNS target-component context. No ZFP1-to-ADAM22 context was established; the exact pair remains L0.
42	C1_canonical_multi_module:100	module_routed	zfp69b|anxa2|human	public_tf_comprehensive_2424	zfp69b	ZFP69B	ZFP69B	ANXA2	human	3	20B;23B;24B	20B;23B;24B	20B_target_interaction;23B_target_interaction;24B_target_interaction	3	C_tflink_source_table_only	1	promoted overlay evidence tier	TFLink	tflink:human:001126:72a02732f5d7	tflink_source_zfp69b_anxa2_human_tflink_human_001126_72a02732f5d7	https://pubmed.ncbi.nlm.nih.gov/27924024/	canonical_sequence_specific_tf	canonical_tf	direct_sequence_specific_tf_binding	Sequence-specific TF binding or occupancy at the target regulatory locus is the proposed mechanism.	L2_CNS_context	L1_non_CNS_context	L0_no_context_evidence	component_only	sci_relevant_component_context	adjudicated_context_overlay_applied	Human ZFP69B was functionally studied in microglia-related Alzheimer disease genetics and reporter/EMSA assays, establishing CNS regulator-component context. ANXA2 was independently studied in primary human endothelial cells, establishing non-CNS target-component context. No ZFP69B-to-ANXA2 context was established; the exact pair remains L0.
43	C1_canonical_multi_module:100	module_routed	zfp91|c5ar1|human	public_tf_comprehensive_2439	zfp91	ZFP91	ZFP91	C5AR1	human	2	20B;24B	20B;24B	20B_target_interaction;24B_target_interaction	2	C_tflink_source_table_only	1	promoted overlay evidence tier	TFLink	tflink:human:001188:ee1f7593a07e	tflink_source_zfp91_c5ar1_human_tflink_human_001188_ee1f7593a07e	https://pubmed.ncbi.nlm.nih.gov/27924024/	canonical_sequence_specific_tf	canonical_tf	direct_sequence_specific_tf_binding	Sequence-specific TF binding or occupancy at the target regulatory locus is the proposed mechanism.	L1_non_CNS_context	L1_non_CNS_context	L0_no_context_evidence	component_only	sci_relevant_component_context	adjudicated_context_overlay_applied	Human ZFP91 was functionally studied in THP-1 cells and primary macrophage-related models as a regulator of inflammatory IL-1β production, establishing non-CNS regulator-component context. C5AR1 was independently studied in human monocytes and macrophages, establishing non-CNS target-component context. No ZFP91-to-C5AR1 context was established; the exact pair remains L0.
44	C1_canonical_multi_module:100	module_routed	zfx|adam22|mouse	public_tf_comprehensive_2446	zfx	ZFX	Zfx	Adam22	mouse	2	20B;23B	20B;23B	20B_target_interaction;23B_target_interaction	2	C_tflink_source_table_only	1	promoted overlay evidence tier	TFLink	tflink:mouse:001002:962f75041810	tflink_source_zfx_adam22_mouse_tflink_mouse_001002_962f75041810	https://pubmed.ncbi.nlm.nih.gov/27924024/	canonical_sequence_specific_tf	canonical_tf	direct_sequence_specific_tf_binding	Sequence-specific TF binding or occupancy at the target regulatory locus is the proposed mechanism.	L2_CNS_context	L3_spinal_cord_tissue_context	L0_no_context_evidence	component_only	sci_relevant_component_context	adjudicated_context_overlay_applied	Mouse Zfx was functionally studied in Hedgehog-driven medulloblastoma and other neural tumor models, establishing CNS regulator-component context. Mouse Adam22 was independently characterized by in situ hybridization and protein studies in the spinal cord, establishing spinal-cord tissue target-component context. No Zfx-to-Adam22 context was established; the exact pair remains L0.
45	C1_canonical_multi_module:100	module_routed	znf121|adam22|human	public_tf_comprehensive_2490	znf121	ZNF121	ZNF121	ADAM22	human	2	20B;23B	20B;23B	20B_target_interaction;23B_target_interaction	2	C_tflink_source_table_only	1	promoted overlay evidence tier	TFLink	tflink:human:001049:40db4bbccb29	tflink_source_znf121_adam22_human_tflink_human_001049_40db4bbccb29	https://pubmed.ncbi.nlm.nih.gov/27924024/	canonical_sequence_specific_tf	canonical_tf	direct_sequence_specific_tf_binding	Sequence-specific TF binding or occupancy at the target regulatory locus is the proposed mechanism.	L1_non_CNS_context	L2_CNS_context	L0_no_context_evidence	component_only	sci_relevant_component_context	adjudicated_context_overlay_applied	Human ZNF121 has a released human HEK293 ChIP-seq experiment, establishing non-CNS regulator-component context. Human ADAM22 was independently characterized as highly expressed in brain tissue, establishing CNS target-component context. No ZNF121-to-ADAM22 context was established; the exact pair remains L0.
46	C1_canonical_multi_module:100	module_routed	znf189|adam22|human	public_tf_comprehensive_2522	znf189	ZNF189	ZNF189	ADAM22	human	2	20B;23B	20B;23B	20B_target_interaction;23B_target_interaction	2	C_tflink_source_table_only	1	promoted overlay evidence tier	TFLink	tflink:human:000959:a2f01ddacd51	tflink_source_znf189_adam22_human_tflink_human_000959_a2f01ddacd51	https://pubmed.ncbi.nlm.nih.gov/27924024/	canonical_sequence_specific_tf	canonical_tf	direct_sequence_specific_tf_binding	Sequence-specific TF binding or occupancy at the target regulatory locus is the proposed mechanism.	L1_non_CNS_context	L2_CNS_context	L0_no_context_evidence	component_only	sci_relevant_component_context	adjudicated_context_overlay_applied	Human ZNF189 was functionally studied in primary human adipocytes by perturbation, chromatin profiling, and target-gene assays, establishing non-CNS regulator-component context. Human ADAM22 was independently characterized as highly expressed in brain tissue, establishing CNS target-component context. No ZNF189-to-ADAM22 context was established; the exact pair remains L0.
47	C1_canonical_multi_module:100	module_routed	znf189|adgrl1|human	public_tf_comprehensive_2523	znf189	ZNF189	ZNF189	ADGRL1	human	2	20B;23B	20B;23B	20B_target_interaction;23B_target_interaction	2	C_tflink_source_table_only	1	promoted overlay evidence tier	TFLink	tflink:human:000959:a2f01ddacd51	tflink_source_znf189_adgrl1_human_tflink_human_000959_a2f01ddacd51	https://pubmed.ncbi.nlm.nih.gov/27924024/	canonical_sequence_specific_tf	canonical_tf	direct_sequence_specific_tf_binding	Sequence-specific TF binding or occupancy at the target regulatory locus is the proposed mechanism.	L1_non_CNS_context	L2_CNS_context	L0_no_context_evidence	component_only	sci_relevant_component_context	adjudicated_context_overlay_applied	Human ZNF189 was functionally studied in primary human adipocytes by perturbation, chromatin profiling, and target-gene assays, establishing non-CNS regulator-component context. Human ADGRL1 was independently studied in neurodevelopmental disease and human neuroblastoma-cell assays, establishing CNS target-component context. No ZNF189-to-ADGRL1 context was established; the exact pair remains L0.
48	C1_canonical_multi_module:100	module_routed	znf205|adam22|human	public_tf_comprehensive_2534	znf205	ZNF205	ZNF205	ADAM22	human	2	20B;23B	20B;23B	20B_target_interaction;23B_target_interaction	2	C_tflink_source_table_only	1	promoted overlay evidence tier	TFLink	tflink:human:001105:8c6489686e04	tflink_source_znf205_adam22_human_tflink_human_001105_8c6489686e04	https://pubmed.ncbi.nlm.nih.gov/27924024/	canonical_sequence_specific_tf	canonical_tf	direct_sequence_specific_tf_binding	Sequence-specific TF binding or occupancy at the target regulatory locus is the proposed mechanism.	L1_non_CNS_context	L2_CNS_context	L0_no_context_evidence	component_only	sci_relevant_component_context	adjudicated_context_overlay_applied	Human ZNF205 was studied by ChIP-exo in human 293T cells, establishing non-CNS regulator-component context. Human ADAM22 was independently characterized as highly expressed in brain tissue, establishing CNS target-component context. No ZNF205-to-ADAM22 context was established; the exact pair remains L0.
49	C1_canonical_multi_module:100	module_routed	znf205|adgrl1|human	public_tf_comprehensive_2536	znf205	ZNF205	ZNF205	ADGRL1	human	2	20B;23B	20B;23B	20B_target_interaction;23B_target_interaction	2	C_tflink_source_table_only	1	promoted overlay evidence tier	TFLink	tflink:human:001105:8c6489686e04	tflink_source_znf205_adgrl1_human_tflink_human_001105_8c6489686e04	https://pubmed.ncbi.nlm.nih.gov/27924024/	canonical_sequence_specific_tf	canonical_tf	direct_sequence_specific_tf_binding	Sequence-specific TF binding or occupancy at the target regulatory locus is the proposed mechanism.	L1_non_CNS_context	L2_CNS_context	L0_no_context_evidence	component_only	sci_relevant_component_context	adjudicated_context_overlay_applied	Human ZNF205 was studied by ChIP-exo in human 293T cells, establishing non-CNS regulator-component context. Human ADGRL1 was independently studied in neurodevelopmental disease and human neuroblastoma-cell assays, establishing CNS target-component context. No ZNF205-to-ADGRL1 context was established; the exact pair remains L0.
50	C1_canonical_multi_module:100	module_routed	znf22|anxa2|human	public_tf_comprehensive_2551	znf22	ZNF22	ZNF22	ANXA2	human	3	20B;23B;24B	20B;23B;24B	20B_target_interaction;23B_target_interaction;24B_target_interaction	3	C_tflink_source_table_only	1	promoted overlay evidence tier	TFLink	tflink:human:001249:165be26ccefd	tflink_source_znf22_anxa2_human_tflink_human_001249_165be26ccefd	https://pubmed.ncbi.nlm.nih.gov/27924024/	canonical_sequence_specific_tf	canonical_tf	direct_sequence_specific_tf_binding	Sequence-specific TF binding or occupancy at the target regulatory locus is the proposed mechanism.	L1_non_CNS_context	L1_non_CNS_context	L0_no_context_evidence	component_only	sci_relevant_component_context	adjudicated_context_overlay_applied	Human ZNF22 was studied by ChIP-seq in human HEK293 cells, establishing non-CNS regulator-component context. ANXA2 was independently studied in primary human endothelial cells, establishing non-CNS target-component context. No ZNF22-to-ANXA2 context was established; the exact pair remains L0.
51	C1_canonical_multi_module:100	module_routed	znf264|adam2|human	public_tf_comprehensive_2572	znf264	ZNF264	ZNF264	ADAM2	human	2	20B;23B	20B;23B	20B_target_interaction;23B_target_interaction	2	C_tflink_source_table_only	1	promoted overlay evidence tier	TFLink	tflink:human:000848:a670c15ffdea	tflink_source_znf264_adam2_human_tflink_human_000848_a670c15ffdea	https://pubmed.ncbi.nlm.nih.gov/27924024/	canonical_sequence_specific_tf	canonical_tf	direct_sequence_specific_tf_binding	Sequence-specific TF binding or occupancy at the target regulatory locus is the proposed mechanism.	L1_non_CNS_context	L1_non_CNS_context	L0_no_context_evidence	component_only	sci_relevant_component_context	adjudicated_context_overlay_applied	Human ZNF264 was studied by ChIP-seq in human HEK293 cells, establishing non-CNS regulator-component context. Human ADAM2 was independently characterized at the protein level in human testis, establishing non-CNS target-component context. No ZNF264-to-ADAM2 context was established; the exact pair remains L0.
52	C1_canonical_multi_module:100	module_routed	znf280a|adgrl1|human	public_tf_comprehensive_2581	znf280a	ZNF280A	ZNF280A	ADGRL1	human	2	20B;23B	20B;23B	20B_target_interaction;23B_target_interaction	2	C_tflink_source_table_only	1	promoted overlay evidence tier	TFLink	tflink:human:001311:839966b970fd	tflink_source_znf280a_adgrl1_human_tflink_human_001311_839966b970fd	https://pubmed.ncbi.nlm.nih.gov/27924024/	canonical_sequence_specific_tf	canonical_tf	direct_sequence_specific_tf_binding	Sequence-specific TF binding or occupancy at the target regulatory locus is the proposed mechanism.	L1_non_CNS_context	L2_CNS_context	L0_no_context_evidence	component_only	sci_relevant_component_context	adjudicated_context_overlay_applied	Human ZNF280A was functionally studied in human cell models as a chromatin-associated factor in DNA-damage repair, establishing non-CNS regulator-component context. Human ADGRL1 was independently studied in neurodevelopmental disease and human neuroblastoma-cell assays, establishing CNS target-component context. No ZNF280A-to-ADGRL1 context was established; the exact pair remains L0.
53	C1_canonical_multi_module:100	module_routed	znf280a|adgrl2|human	public_tf_comprehensive_2582	znf280a	ZNF280A	ZNF280A	ADGRL2	human	2	20B;23B	20B;23B	20B_target_interaction;23B_target_interaction	2	C_tflink_source_table_only	1	promoted overlay evidence tier	TFLink	tflink:human:001311:839966b970fd	tflink_source_znf280a_adgrl2_human_tflink_human_001311_839966b970fd	https://pubmed.ncbi.nlm.nih.gov/27924024/	canonical_sequence_specific_tf	canonical_tf	direct_sequence_specific_tf_binding	Sequence-specific TF binding or occupancy at the target regulatory locus is the proposed mechanism.	L1_non_CNS_context	L2_CNS_context	L0_no_context_evidence	component_only	sci_relevant_component_context	adjudicated_context_overlay_applied	Human ZNF280A was functionally studied in human cell models as a chromatin-associated factor in DNA-damage repair, establishing non-CNS regulator-component context. Human ADGRL2 was independently studied in the human cerebrovasculature and brain endothelial context, establishing CNS target-component context. No ZNF280A-to-ADGRL2 context was established; the exact pair remains L0.
54	C1_canonical_multi_module:100	module_routed	znf281|adgrl1|human	public_tf_comprehensive_2596	znf281	ZNF281	ZNF281	ADGRL1	human	2	20B;23B	20B;23B	20B_target_interaction;23B_target_interaction	2	C_tflink_source_table_only	1	promoted overlay evidence tier	TFLink	tflink:human:001194:afa83686e661	tflink_source_znf281_adgrl1_human_tflink_human_001194_afa83686e661	https://pubmed.ncbi.nlm.nih.gov/27924024/	canonical_sequence_specific_tf	canonical_tf	direct_sequence_specific_tf_binding	Sequence-specific TF binding or occupancy at the target regulatory locus is the proposed mechanism.	L1_non_CNS_context	L2_CNS_context	L0_no_context_evidence	component_only	sci_relevant_component_context	adjudicated_context_overlay_applied	Human ZNF281 was functionally studied in human intestinal inflammatory and fibrotic models, establishing non-CNS regulator-component context. Human ADGRL1 was independently studied in neurodevelopmental disease and human neuroblastoma-cell assays, establishing CNS target-component context. No ZNF281-to-ADGRL1 context was established; the exact pair remains L0.
55	C1_canonical_multi_module:100	module_routed	znf30|adgrl1|human	public_tf_comprehensive_2607	znf30	ZNF30	ZNF30	ADGRL1	human	2	20B;23B	20B;23B	20B_target_interaction;23B_target_interaction	2	C_tflink_source_table_only	1	promoted overlay evidence tier	TFLink	tflink:human:001294:cbf02f4df10b	tflink_source_znf30_adgrl1_human_tflink_human_001294_cbf02f4df10b	https://pubmed.ncbi.nlm.nih.gov/27924024/	canonical_sequence_specific_tf	canonical_tf	direct_sequence_specific_tf_binding	Sequence-specific TF binding or occupancy at the target regulatory locus is the proposed mechanism.	L0_no_context_evidence	L2_CNS_context	L0_no_context_evidence	target_only	sci_relevant_component_context	adjudicated_context_overlay_applied	No qualifying human functional regulator-component context for ZNF30 was established in this pass; TF catalog and motif records were not treated as functional context evidence. Human ADGRL1 was independently studied in neurodevelopmental disease and human neuroblastoma-cell assays, establishing CNS target-component context. No ZNF30-to-ADGRL1 context was established; the exact pair remains L0.
56	C1_canonical_multi_module:100	module_routed	znf316|adam12|human	public_tf_comprehensive_2609	znf316	ZNF316	ZNF316	ADAM12	human	2	20B;23B	20B;23B	20B_target_interaction;23B_target_interaction	2	C_tflink_source_table_only	1	promoted overlay evidence tier	TFLink	tflink:human:000978:dbe55d5be86a	tflink_source_znf316_adam12_human_tflink_human_000978_dbe55d5be86a	https://pubmed.ncbi.nlm.nih.gov/27924024/	canonical_sequence_specific_tf	canonical_tf	direct_sequence_specific_tf_binding	Sequence-specific TF binding or occupancy at the target regulatory locus is the proposed mechanism.	L1_non_CNS_context	L1_non_CNS_context	L0_no_context_evidence	component_only	sci_relevant_component_context	adjudicated_context_overlay_applied	Human ZNF316 has a released human K562 ChIP-seq experiment, establishing non-CNS regulator-component context. Human ADAM12 was independently characterized in human bladder-cancer tissue, establishing non-CNS target-component context. No ZNF316-to-ADAM12 context was established; the exact pair remains L0.
57	C1_canonical_multi_module:100	module_routed	znf316|adgrl1|human	public_tf_comprehensive_2611	znf316	ZNF316	ZNF316	ADGRL1	human	2	20B;23B	20B;23B	20B_target_interaction;23B_target_interaction	2	C_tflink_source_table_only	1	promoted overlay evidence tier	TFLink	tflink:human:000978:dbe55d5be86a	tflink_source_znf316_adgrl1_human_tflink_human_000978_dbe55d5be86a	https://pubmed.ncbi.nlm.nih.gov/27924024/	canonical_sequence_specific_tf	canonical_tf	direct_sequence_specific_tf_binding	Sequence-specific TF binding or occupancy at the target regulatory locus is the proposed mechanism.	L1_non_CNS_context	L2_CNS_context	L0_no_context_evidence	component_only	sci_relevant_component_context	adjudicated_context_overlay_applied	Human ZNF316 has a released human K562 ChIP-seq experiment, establishing non-CNS regulator-component context. Human ADGRL1 was independently studied in neurodevelopmental disease and human neuroblastoma-cell assays, establishing CNS target-component context. No ZNF316-to-ADGRL1 context was established; the exact pair remains L0.
58	C1_canonical_multi_module:100	module_routed	znf320|agrn|human	public_tf_comprehensive_2614	znf320	ZNF320	ZNF320	AGRN	human	2	20B;23B	20B;23B	20B_target_interaction;23B_target_interaction	2	C_tflink_source_table_only	1	promoted overlay evidence tier	TFLink	tflink:human:001244:5ae6c75de590	tflink_source_znf320_agrn_human_tflink_human_001244_5ae6c75de590	https://pubmed.ncbi.nlm.nih.gov/27924024/	canonical_sequence_specific_tf	canonical_tf	direct_sequence_specific_tf_binding	Sequence-specific TF binding or occupancy at the target regulatory locus is the proposed mechanism.	L1_non_CNS_context	L1_non_CNS_context	L0_no_context_evidence	component_only	sci_relevant_component_context	adjudicated_context_overlay_applied	Human ZNF320 was studied by ChIP-seq in human HEK293 cells, establishing non-CNS regulator-component context. Human AGRN was independently characterized in adult lung and kidney basement membranes, establishing non-CNS target-component context. No ZNF320-to-AGRN context was established; the exact pair remains L0.
59	C1_canonical_multi_module:100	module_routed	znf320|anxa2|human	public_tf_comprehensive_2615	znf320	ZNF320	ZNF320	ANXA2	human	3	20B;23B;24B	20B;23B;24B	20B_target_interaction;23B_target_interaction;24B_target_interaction	3	C_tflink_source_table_only	1	promoted overlay evidence tier	TFLink	tflink:human:001244:5ae6c75de590	tflink_source_znf320_anxa2_human_tflink_human_001244_5ae6c75de590	https://pubmed.ncbi.nlm.nih.gov/27924024/	canonical_sequence_specific_tf	canonical_tf	direct_sequence_specific_tf_binding	Sequence-specific TF binding or occupancy at the target regulatory locus is the proposed mechanism.	L1_non_CNS_context	L1_non_CNS_context	L0_no_context_evidence	component_only	sci_relevant_component_context	adjudicated_context_overlay_applied	Human ZNF320 was studied by ChIP-seq in human HEK293 cells, establishing non-CNS regulator-component context. ANXA2 was independently studied in primary human endothelial cells, establishing non-CNS target-component context. No ZNF320-to-ANXA2 context was established; the exact pair remains L0.
60	C1_canonical_multi_module:100	module_routed	znf324|adgrl1|human	public_tf_comprehensive_2622	znf324	ZNF324	ZNF324	ADGRL1	human	2	20B;23B	20B;23B	20B_target_interaction;23B_target_interaction	2	C_tflink_source_table_only	1	promoted overlay evidence tier	TFLink	tflink:human:001278:1ea6458dca41	tflink_source_znf324_adgrl1_human_tflink_human_001278_1ea6458dca41	https://pubmed.ncbi.nlm.nih.gov/27924024/	canonical_sequence_specific_tf	canonical_tf	direct_sequence_specific_tf_binding	Sequence-specific TF binding or occupancy at the target regulatory locus is the proposed mechanism.	L1_non_CNS_context	L2_CNS_context	L0_no_context_evidence	component_only	sci_relevant_component_context	adjudicated_context_overlay_applied	Human ZNF324 was studied by ChIP-seq in human HEK293 cells, establishing non-CNS regulator-component context. Human ADGRL1 was independently studied in neurodevelopmental disease and human neuroblastoma-cell assays, establishing CNS target-component context. No ZNF324-to-ADGRL1 context was established; the exact pair remains L0.
61	C1_canonical_multi_module:100	module_routed	znf391|col1a1|human	public_tf_comprehensive_2664	znf391	ZNF391	ZNF391	COL1A1	human	2	20B;23B	20B;23B	20B_target_interaction;23B_target_interaction	2	C_tflink_source_table_only	1	promoted overlay evidence tier	TFLink	tflink:human:001342:de6e312848ad	tflink_source_znf391_col1a1_human_tflink_human_001342_de6e312848ad	https://pubmed.ncbi.nlm.nih.gov/27924024/	canonical_sequence_specific_tf	canonical_tf	direct_sequence_specific_tf_binding	Sequence-specific TF binding or occupancy at the target regulatory locus is the proposed mechanism.	L0_no_context_evidence	L1_non_CNS_context	L0_no_context_evidence	target_only	sci_relevant_component_context	adjudicated_context_overlay_applied	No qualifying human functional regulator-component context for ZNF391 was established in this pass; catalog and annotation records were not treated as functional evidence. COL1A1 was independently studied in primary human fibroblasts, establishing non-CNS target-component context. No ZNF391-to-COL1A1 context was established; the exact pair remains L0.
62	C1_canonical_multi_module:100	module_routed	znf398|adam22|human	public_tf_comprehensive_2669	znf398	ZNF398	ZNF398	ADAM22	human	2	20B;23B	20B;23B	20B_target_interaction;23B_target_interaction	2	C_tflink_source_table_only	1	promoted overlay evidence tier	TFLink	tflink:human:001150:88930253394e	tflink_source_znf398_adam22_human_tflink_human_001150_88930253394e	https://pubmed.ncbi.nlm.nih.gov/27924024/	canonical_sequence_specific_tf	canonical_tf	direct_sequence_specific_tf_binding	Sequence-specific TF binding or occupancy at the target regulatory locus is the proposed mechanism.	L1_non_CNS_context	L2_CNS_context	L0_no_context_evidence	component_only	sci_relevant_component_context	adjudicated_context_overlay_applied	Human ZNF398 was functionally studied in human pluripotent-stem-cell and reprogramming models with promoter/enhancer occupancy and target-gene assays, establishing non-CNS regulator-component context. Human ADAM22 was independently characterized as highly expressed in brain tissue, establishing CNS target-component context. No ZNF398-to-ADAM22 context was established; the exact pair remains L0.
63	C1_canonical_multi_module:100	module_routed	znf449|adam22|human	public_tf_comprehensive_2719	znf449	ZNF449	ZNF449	ADAM22	human	2	20B;23B	20B;23B	20B_target_interaction;23B_target_interaction	2	C_tflink_source_table_only	1	promoted overlay evidence tier	TFLink	tflink:human:000957:56248fbff999	tflink_source_znf449_adam22_human_tflink_human_000957_56248fbff999	https://pubmed.ncbi.nlm.nih.gov/27924024/	canonical_sequence_specific_tf	canonical_tf	direct_sequence_specific_tf_binding	Sequence-specific TF binding or occupancy at the target regulatory locus is the proposed mechanism.	L1_non_CNS_context	L2_CNS_context	L0_no_context_evidence	component_only	sci_relevant_component_context	adjudicated_context_overlay_applied	Human ZNF449 has a released human HEK293 tagged-protein/ChIP biosample record, establishing non-CNS regulator-component context. Human ADAM22 was independently characterized as highly expressed in brain tissue, establishing CNS target-component context. No ZNF449-to-ADAM22 context was established; the exact pair remains L0.
64	C1_canonical_multi_module:100	module_routed	znf554|adam22|human	public_tf_comprehensive_2786	znf554	ZNF554	ZNF554	ADAM22	human	2	20B;23B	20B;23B	20B_target_interaction;23B_target_interaction	2	C_tflink_source_table_only	1	promoted overlay evidence tier	TFLink	tflink:human:000888:b1bbf782bf13	tflink_source_znf554_adam22_human_tflink_human_000888_b1bbf782bf13	https://pubmed.ncbi.nlm.nih.gov/27924024/	canonical_sequence_specific_tf	canonical_tf	direct_sequence_specific_tf_binding	Sequence-specific TF binding or occupancy at the target regulatory locus is the proposed mechanism.	L2_CNS_context	L2_CNS_context	L0_no_context_evidence	component_only	sci_relevant_component_context	adjudicated_context_overlay_applied	Human ZNF554 was studied in human brain and glioma models, including transcriptomic and functional tumor-cell analyses, establishing CNS regulator-component context. Human ADAM22 was independently characterized as highly expressed in brain tissue, establishing CNS target-component context. No ZNF554-to-ADAM22 context was established; the exact pair remains L0.
65	C1_canonical_multi_module:100	module_routed	znf574|adam22|human	public_tf_comprehensive_2798	znf574	ZNF574	ZNF574	ADAM22	human	2	20B;23B	20B;23B	20B_target_interaction;23B_target_interaction	2	C_tflink_source_table_only	1	promoted overlay evidence tier	TFLink	tflink:human:000881:273afb5f3d3e	tflink_source_znf574_adam22_human_tflink_human_000881_273afb5f3d3e	https://pubmed.ncbi.nlm.nih.gov/27924024/	canonical_sequence_specific_tf	canonical_tf	direct_sequence_specific_tf_binding	Sequence-specific TF binding or occupancy at the target regulatory locus is the proposed mechanism.	L0_no_context_evidence	L2_CNS_context	L0_no_context_evidence	target_only	sci_relevant_component_context	adjudicated_context_overlay_applied	No qualifying human functional regulator-component context for ZNF574 was established in this pass; TF catalog and motif records were not treated as functional context evidence. Human ADAM22 was independently characterized as highly expressed in brain tissue, establishing CNS target-component context. No ZNF574-to-ADAM22 context was established; the exact pair remains L0.
66	C1_canonical_multi_module:100	module_routed	znf597|ccl5|human	public_tf_comprehensive_2832	znf597	ZNF597	ZNF597	CCL5	human	2	20B;24B	20B;24B	20B_target_interaction;24B_target_interaction	2	C_tflink_source_table_only	1	promoted overlay evidence tier	TFLink	tflink:human:001287:e63143a652a7	tflink_source_znf597_ccl5_human_tflink_human_001287_e63143a652a7	https://pubmed.ncbi.nlm.nih.gov/27924024/	canonical_sequence_specific_tf	canonical_tf	direct_sequence_specific_tf_binding	Sequence-specific TF binding or occupancy at the target regulatory locus is the proposed mechanism.	L0_no_context_evidence	L1_non_CNS_context	L0_no_context_evidence	target_only	sci_relevant_component_context	adjudicated_context_overlay_applied	No qualifying human functional regulator-component context for ZNF597 was established in this pass; TF catalog and motif records were not treated as functional context evidence. CCL5 was independently studied in human immune cells, establishing non-CNS target-component context. No ZNF597-to-CCL5 context was established; the exact pair remains L0.
67	C1_canonical_multi_module:100	module_routed	znf597|ccr1|human	public_tf_comprehensive_2833	znf597	ZNF597	ZNF597	CCR1	human	2	20B;24B	20B;24B	20B_target_interaction;24B_target_interaction	2	C_tflink_source_table_only	1	promoted overlay evidence tier	TFLink	tflink:human:001287:e63143a652a7	tflink_source_znf597_ccr1_human_tflink_human_001287_e63143a652a7	https://pubmed.ncbi.nlm.nih.gov/27924024/	canonical_sequence_specific_tf	canonical_tf	direct_sequence_specific_tf_binding	Sequence-specific TF binding or occupancy at the target regulatory locus is the proposed mechanism.	L0_no_context_evidence	L1_non_CNS_context	L0_no_context_evidence	target_only	sci_relevant_component_context	adjudicated_context_overlay_applied	No qualifying human functional regulator-component context for ZNF597 was established in this pass; TF catalog and motif records were not treated as functional context evidence. CCR1 was independently studied in primary human monocytes, establishing non-CNS target-component context. No ZNF597-to-CCR1 context was established; the exact pair remains L0.
68	C1_canonical_multi_module:100	module_routed	znf629|adgrl1|human	public_tf_comprehensive_2859	znf629	ZNF629	ZNF629	ADGRL1	human	2	20B;23B	20B;23B	20B_target_interaction;23B_target_interaction	2	C_tflink_source_table_only	1	promoted overlay evidence tier	TFLink	tflink:human:001101:ee173ad1bb1c	tflink_source_znf629_adgrl1_human_tflink_human_001101_ee173ad1bb1c	https://pubmed.ncbi.nlm.nih.gov/27924024/	canonical_sequence_specific_tf	canonical_tf	direct_sequence_specific_tf_binding	Sequence-specific TF binding or occupancy at the target regulatory locus is the proposed mechanism.	L0_no_context_evidence	L2_CNS_context	L0_no_context_evidence	target_only	sci_relevant_component_context	adjudicated_context_overlay_applied	No qualifying human functional regulator-component context for ZNF629 was established in this pass; catalog and annotation records were not treated as functional evidence. Human ADGRL1 was independently studied in neurodevelopmental disease and human neuroblastoma-cell assays, establishing CNS target-component context. No ZNF629-to-ADGRL1 context was established; the exact pair remains L0.
69	C1_canonical_multi_module:100	module_routed	znf652|adam22|human	public_tf_comprehensive_2870	znf652	ZNF652	ZNF652	ADAM22	human	2	20B;23B	20B;23B	20B_target_interaction;23B_target_interaction	2	C_tflink_source_table_only	1	promoted overlay evidence tier	TFLink	tflink:human:001074:a4d8bd667ebc	tflink_source_znf652_adam22_human_tflink_human_001074_a4d8bd667ebc	https://pubmed.ncbi.nlm.nih.gov/27924024/	canonical_sequence_specific_tf	canonical_tf	direct_sequence_specific_tf_binding	Sequence-specific TF binding or occupancy at the target regulatory locus is the proposed mechanism.	L1_non_CNS_context	L2_CNS_context	L0_no_context_evidence	component_only	sci_relevant_component_context	adjudicated_context_overlay_applied	Human ZNF652 was functionally studied as a transcriptional repressor in human lung-cancer tissues and cell lines, including promoter binding and transcriptional perturbation assays, establishing non-CNS regulator-component context. Human ADAM22 was independently characterized as highly expressed in brain tissue, establishing CNS target-component context. No ZNF652-to-ADAM22 context was established; the exact pair remains L0.
70	C1_canonical_multi_module:100	module_routed	znf654|adgrl2|human	public_tf_comprehensive_2876	znf654	ZNF654	ZNF654	ADGRL2	human	2	20B;23B	20B;23B	20B_target_interaction;23B_target_interaction	2	C_tflink_source_table_only	1	promoted overlay evidence tier	TFLink	tflink:human:001276:b59210b76e69	tflink_source_znf654_adgrl2_human_tflink_human_001276_b59210b76e69	https://pubmed.ncbi.nlm.nih.gov/27924024/	canonical_sequence_specific_tf	canonical_tf	direct_sequence_specific_tf_binding	Sequence-specific TF binding or occupancy at the target regulatory locus is the proposed mechanism.	L0_no_context_evidence	L2_CNS_context	L0_no_context_evidence	target_only	sci_relevant_component_context	adjudicated_context_overlay_applied	No qualifying human functional regulator-component context for ZNF654 was established in this pass; the available hits were catalog or indirect annotation records and were not treated as functional evidence. Human ADGRL2 was independently studied in the human cerebrovasculature and brain endothelial context, establishing CNS target-component context. No ZNF654-to-ADGRL2 context was established; the exact pair remains L0.
71	C1_canonical_multi_module:100	module_routed	znf692|angptl2|human	public_tf_comprehensive_2900	znf692	ZNF692	ZNF692	ANGPTL2	human	3	20B;23B;24B	20B;23B;24B	20B_target_interaction;23B_target_interaction;24B_target_interaction	3	C_tflink_source_table_only	1	promoted overlay evidence tier	TFLink	tflink:human:001041:41c6ff69978c	tflink_source_znf692_angptl2_human_tflink_human_001041_41c6ff69978c	https://pubmed.ncbi.nlm.nih.gov/27924024/	canonical_sequence_specific_tf	canonical_tf	direct_sequence_specific_tf_binding	Sequence-specific TF binding or occupancy at the target regulatory locus is the proposed mechanism.	L1_non_CNS_context	L1_non_CNS_context	L0_no_context_evidence	component_only	sci_relevant_component_context	adjudicated_context_overlay_applied	Human ZNF692 was functionally studied in human renal-carcinoma cells as a transcriptional regulator of FABP5, including promoter/enhancer occupancy and perturbation assays, establishing non-CNS regulator-component context. Human ANGPTL2 was independently characterized in human endothelial and adipose/inflammatory models, establishing non-CNS target-component context. No ZNF692-to-ANGPTL2 context was established; the exact pair remains L0.
72	C1_canonical_multi_module:100	module_routed	znf701|adam22|human	public_tf_comprehensive_2907	znf701	ZNF701	ZNF701	ADAM22	human	2	20B;23B	20B;23B	20B_target_interaction;23B_target_interaction	2	C_tflink_source_table_only	1	promoted overlay evidence tier	TFLink	tflink:human:000863:2f3cfc885442	tflink_source_znf701_adam22_human_tflink_human_000863_2f3cfc885442	https://pubmed.ncbi.nlm.nih.gov/27924024/	canonical_sequence_specific_tf	canonical_tf	direct_sequence_specific_tf_binding	Sequence-specific TF binding or occupancy at the target regulatory locus is the proposed mechanism.	L0_no_context_evidence	L2_CNS_context	L0_no_context_evidence	target_only	sci_relevant_component_context	adjudicated_context_overlay_applied	No qualifying human functional regulator-component context for ZNF701 was established in this pass; TF catalog and annotation records were not treated as functional context evidence. Human ADAM22 was independently characterized as highly expressed in brain tissue, establishing CNS target-component context. No ZNF701-to-ADAM22 context was established; the exact pair remains L0.
73	C1_canonical_multi_module:100	module_routed	znf778|alcam|human	public_tf_comprehensive_2956	znf778	ZNF778	ZNF778	ALCAM	human	2	20B;23B	20B;23B	20B_target_interaction;23B_target_interaction	2	C_tflink_source_table_only	1	promoted overlay evidence tier	TFLink	tflink:human:001226:c9712dc01196	tflink_source_znf778_alcam_human_tflink_human_001226_c9712dc01196	https://pubmed.ncbi.nlm.nih.gov/27924024/	canonical_sequence_specific_tf	canonical_tf	direct_sequence_specific_tf_binding	Sequence-specific TF binding or occupancy at the target regulatory locus is the proposed mechanism.	L0_no_context_evidence	L2_CNS_context	L0_no_context_evidence	target_only	sci_relevant_component_context	adjudicated_context_overlay_applied	No qualifying human functional regulator-component context for ZNF778 was established in this pass; TF catalog and motif records were not treated as functional context evidence. ALCAM was independently studied in human primary oligodendrocytes and human CNS tissue, establishing CNS target-component context. No ZNF778-to-ALCAM context was established; the exact pair remains L0.
74	C1_canonical_multi_module:100	module_routed	znf823|adam22|human	public_tf_comprehensive_2981	znf823	ZNF823	ZNF823	ADAM22	human	2	20B;23B	20B;23B	20B_target_interaction;23B_target_interaction	2	C_tflink_source_table_only	1	promoted overlay evidence tier	TFLink	tflink:human:000010:3f5f5e7020e2	tflink_source_znf823_adam22_human_tflink_human_000010_3f5f5e7020e2	https://pubmed.ncbi.nlm.nih.gov/29126285/	canonical_sequence_specific_tf	canonical_tf	direct_sequence_specific_tf_binding	Sequence-specific TF binding or occupancy at the target regulatory locus is the proposed mechanism.	L0_no_context_evidence	L2_CNS_context	L0_no_context_evidence	target_only	sci_relevant_component_context	adjudicated_context_overlay_applied	No qualifying human functional regulator-component context for ZNF823 was established in this pass; TF catalog and motif records were not treated as functional context evidence. Human ADAM22 was independently characterized as highly expressed in brain tissue, establishing CNS target-component context. No ZNF823-to-ADAM22 context was established; the exact pair remains L0.
75	C1_canonical_multi_module:100	module_routed	znf92|alk|human	public_tf_comprehensive_3008	znf92	ZNF92	ZNF92	ALK	human	2	20B;23B	20B;23B	20B_target_interaction;23B_target_interaction	2	C_tflink_source_table_only	1	promoted overlay evidence tier	TFLink	tflink:human:001236:c653befbbcfb	tflink_source_znf92_alk_human_tflink_human_001236_c653befbbcfb	https://pubmed.ncbi.nlm.nih.gov/27924024/	canonical_sequence_specific_tf	canonical_tf	direct_sequence_specific_tf_binding	Sequence-specific TF binding or occupancy at the target regulatory locus is the proposed mechanism.	L0_no_context_evidence	L3_spinal_cord_tissue_context	L0_no_context_evidence	target_only	sci_relevant_component_context	adjudicated_context_overlay_applied	No qualifying human functional regulator-component context for ZNF92 was established in this pass; the available records were annotation or broad gene-function records and were not treated as context evidence. Human ALK was independently measured in cervical human spinal-cord tissue by RNA-seq, establishing spinal-cord-tissue target-component context. No ZNF92-to-ALK context was established; the exact pair remains L0.
76	C1_canonical_multi_module:100	module_routed	zscan16|adam22|human	public_tf_comprehensive_3015	zscan16	ZSCAN16	ZSCAN16	ADAM22	human	2	20B;23B	20B;23B	20B_target_interaction;23B_target_interaction	2	C_tflink_source_table_only	1	promoted overlay evidence tier	TFLink	tflink:human:001193:87bcf1dd67c6	tflink_source_zscan16_adam22_human_tflink_human_001193_87bcf1dd67c6	https://pubmed.ncbi.nlm.nih.gov/27924024/	canonical_sequence_specific_tf	canonical_tf	direct_sequence_specific_tf_binding	Sequence-specific TF binding or occupancy at the target regulatory locus is the proposed mechanism.	L1_non_CNS_context	L2_CNS_context	L0_no_context_evidence	component_only	sci_relevant_component_context	adjudicated_context_overlay_applied	Human ZSCAN16/ZNF435 was functionally studied in human cell systems as a transcriptional regulator, including reporter and perturbation studies, establishing non-CNS regulator-component context. Human ADAM22 was independently characterized as highly expressed in brain tissue, establishing CNS target-component context. No ZSCAN16-to-ADAM22 context was established; the exact pair remains L0.
77	C1_canonical_multi_module:100	module_routed	zscan30|adgrl1|human	public_tf_comprehensive_3033	zscan30	ZSCAN30	ZSCAN30	ADGRL1	human	2	20B;23B	20B;23B	20B_target_interaction;23B_target_interaction	2	C_tflink_source_table_only	1	promoted overlay evidence tier	TFLink	tflink:human:000953:7e4456f79345	tflink_source_zscan30_adgrl1_human_tflink_human_000953_7e4456f79345	https://pubmed.ncbi.nlm.nih.gov/27924024/	canonical_sequence_specific_tf	canonical_tf	direct_sequence_specific_tf_binding	Sequence-specific TF binding or occupancy at the target regulatory locus is the proposed mechanism.	L3_spinal_cord_tissue_context	L2_CNS_context	L0_no_context_evidence	component_only	sci_relevant_component_context	adjudicated_context_overlay_applied	Human ZSCAN30 was measured in spinal-cord tissue in the Human Protein Atlas brain/spinal-cord RNA-seq resource, establishing spinal-cord-tissue regulator-component context. Human ADGRL1 was independently studied in neurodevelopmental disease and human neuroblastoma-cell assays, establishing CNS target-component context. No ZSCAN30-to-ADGRL1 context was established; the exact pair remains L0.
78	C1_canonical_multi_module:100	module_routed	zscan5a|adam12|human	public_tf_comprehensive_3038	zscan5a	ZSCAN5A	ZSCAN5A	ADAM12	human	2	20B;23B	20B;23B	20B_target_interaction;23B_target_interaction	2	C_tflink_source_table_only	1	promoted overlay evidence tier	TFLink	tflink:human:000982:7502c5397152	tflink_source_zscan5a_adam12_human_tflink_human_000982_7502c5397152	https://pubmed.ncbi.nlm.nih.gov/27924024/	canonical_sequence_specific_tf	canonical_tf	direct_sequence_specific_tf_binding	Sequence-specific TF binding or occupancy at the target regulatory locus is the proposed mechanism.	L1_non_CNS_context	L2_CNS_context	L0_no_context_evidence	component_only	sci_relevant_component_context	adjudicated_context_overlay_applied	Human ZSCAN5A was functionally studied by ChIP-seq and knockdown in human cells, including binding at Pol III/ETC regulatory sites and effects on cell-cycle phenotypes, establishing non-CNS regulator-component context. Human ADAM12 was independently studied in human glioblastoma and nonneoplastic brain tissue, establishing CNS target-component context. No ZSCAN5A-to-ADAM12 context was established; the exact pair remains L0.
79	C1_canonical_multi_module:100	module_routed	zxdc|adam2|human	public_tf_comprehensive_3059	zxdc	ZXDC	ZXDC	ADAM2	human	2	20B;23B	20B;23B	20B_target_interaction;23B_target_interaction	2	C_tflink_source_table_only	1	promoted overlay evidence tier	TFLink	tflink:human:001214:0a10e8cda7cb	tflink_source_zxdc_adam2_human_tflink_human_001214_0a10e8cda7cb	https://pubmed.ncbi.nlm.nih.gov/27924024/	canonical_sequence_specific_tf	canonical_tf	direct_sequence_specific_tf_binding	Sequence-specific TF binding or occupancy at the target regulatory locus is the proposed mechanism.	L1_non_CNS_context	L1_non_CNS_context	L0_no_context_evidence	component_only	sci_relevant_component_context	adjudicated_context_overlay_applied	Human ZXDC was functionally studied as a transcriptional cofactor/regulator of MHC class I and II promoters in human cell lines, including promoter activation and silencing assays, establishing non-CNS regulator-component context. Human ADAM2 was independently detected as a protein in human testis, establishing non-CNS target-component context. No ZXDC-to-ADAM2 context was established; the exact pair remains L0.
80	C1_canonical_multi_module:100	module_routed	zxdc|adgrl1|human	public_tf_comprehensive_3061	zxdc	ZXDC	ZXDC	ADGRL1	human	2	20B;23B	20B;23B	20B_target_interaction;23B_target_interaction	2	C_tflink_source_table_only	1	promoted overlay evidence tier	TFLink	tflink:human:001214:0a10e8cda7cb	tflink_source_zxdc_adgrl1_human_tflink_human_001214_0a10e8cda7cb	https://pubmed.ncbi.nlm.nih.gov/27924024/	canonical_sequence_specific_tf	canonical_tf	direct_sequence_specific_tf_binding	Sequence-specific TF binding or occupancy at the target regulatory locus is the proposed mechanism.	L1_non_CNS_context	L2_CNS_context	L0_no_context_evidence	component_only	sci_relevant_component_context	adjudicated_context_overlay_applied	Human ZXDC was functionally studied as a transcriptional cofactor/regulator of MHC class I and II promoters in human cell lines, including promoter activation and silencing assays, establishing non-CNS regulator-component context. Human ADGRL1 was independently studied in neurodevelopmental disease and human neuroblastoma-cell assays, establishing CNS target-component context. No ZXDC-to-ADGRL1 context was established; the exact pair remains L0.
81	C2_canonical_single_module:90	module_routed	ahrr|adgrb3|human	public_tf_comprehensive_100	ahrr	AHRR	AHRR	ADGRB3	human	1	20B	20B	20B_target_interaction	1	C_tflink_source_table_only	1	promoted overlay evidence tier	TFLink	tflink:human:001370:776f07a2418e	tflink_source_ahrr_adgrb3_human_tflink_human_001370_776f07a2418e	https://pubmed.ncbi.nlm.nih.gov/27924024/	canonical_sequence_specific_tf	canonical_tf	direct_sequence_specific_tf_binding	Sequence-specific TF binding or occupancy at the target regulatory locus is the proposed mechanism.	L1_non_CNS_context	L3_spinal_cord_tissue_context	L0_no_context_evidence	component_only	sci_relevant_component_context	adjudicated_context_overlay_applied	Human AHRR was functionally studied as a transcriptional repressor of AhR-responsive promoters in human cell lines, including chromatin binding, reporter, and silencing assays, establishing non-CNS regulator-component context. Human ADGRB3 was independently measured in human spinal-cord tissue by RNA-seq, establishing spinal-cord-tissue target-component context. No AHRR-to-ADGRB3 context was established; the exact pair remains L0.
82	C2_canonical_single_module:90	module_routed	arnt2|a2m|mouse	public_tf_comprehensive_130	arnt2	ARNT2	Arnt2	A2m	mouse	1	20B	20B	20B_target_interaction	1	C_tflink_source_table_only	1	promoted overlay evidence tier	TFLink	tflink:mouse:000856:ade019945ee8	tflink_source_arnt2_a2m_mouse_tflink_mouse_000856_ade019945ee8	https://pubmed.ncbi.nlm.nih.gov/27924024/	canonical_sequence_specific_tf	canonical_tf	direct_sequence_specific_tf_binding	Sequence-specific TF binding or occupancy at the target regulatory locus is the proposed mechanism.	L3_spinal_cord_tissue_context	L4_SCI_context	L0_no_context_evidence	component_only	sci_relevant_component_context	adjudicated_context_overlay_applied	Mouse ARNT2 was localized to neurons and glia in healthy spinal cord in an experimental CNS inflammatory-disease study, establishing spinal-cord-tissue regulator-component context; the study was not an SCI model. Mouse A2m was independently reported as upregulated at the lesion site after spinal cord injury, establishing SCI target-component context. No ARNT2-to-A2m context was established; the exact pair remains L0.
83	C2_canonical_single_module:90	module_routed	arnt2|abca1|mouse	public_tf_comprehensive_131	arnt2	ARNT2	Arnt2	Abca1	mouse	1	20B	20B	20B_target_interaction	1	C_tflink_source_table_only	1	promoted overlay evidence tier	TFLink	tflink:mouse:000856:ade019945ee8	tflink_source_arnt2_abca1_mouse_tflink_mouse_000856_ade019945ee8	https://pubmed.ncbi.nlm.nih.gov/27924024/	canonical_sequence_specific_tf	canonical_tf	direct_sequence_specific_tf_binding	Sequence-specific TF binding or occupancy at the target regulatory locus is the proposed mechanism.	L3_spinal_cord_tissue_context	L4_SCI_context	L0_no_context_evidence	component_only	sci_relevant_component_context	adjudicated_context_overlay_applied	Mouse ARNT2 was localized to neurons and glia in healthy spinal cord in an experimental CNS inflammatory-disease study, establishing spinal-cord-tissue regulator-component context; the study was not an SCI model. Mouse Abca1 was independently studied in injured spinal cord, where its manipulation altered lipid clearance, inflammation, and functional recovery, establishing SCI target-component context. No ARNT2-to-Abca1 context was established; the exact pair remains L0.
84	C2_canonical_single_module:90	module_routed	arnt2|ackr3|mouse	public_tf_comprehensive_132	arnt2	ARNT2	Arnt2	Ackr3	mouse	1	20B	20B	20B_target_interaction	1	C_tflink_source_table_only	1	promoted overlay evidence tier	TFLink	tflink:mouse:000856:ade019945ee8	tflink_source_arnt2_ackr3_mouse_tflink_mouse_000856_ade019945ee8	https://pubmed.ncbi.nlm.nih.gov/27924024/	canonical_sequence_specific_tf	canonical_tf	direct_sequence_specific_tf_binding	Sequence-specific TF binding or occupancy at the target regulatory locus is the proposed mechanism.	L3_spinal_cord_tissue_context	L3_spinal_cord_tissue_context	L0_no_context_evidence	component_only	sci_relevant_component_context	adjudicated_context_overlay_applied	Mouse ARNT2 was localized to neurons and glia in healthy spinal cord in an experimental CNS inflammatory-disease study, establishing spinal-cord-tissue regulator-component context; the study was not an SCI model. Mouse Ackr3/CXCR7 was independently localized in spinal-cord sections and studied in CNS autoimmunity, establishing spinal-cord-tissue target-component context. No ARNT2-to-Ackr3 context was established; the exact pair remains L0.
85	C2_canonical_single_module:90	module_routed	arnt2|actr2|mouse	public_tf_comprehensive_133	arnt2	ARNT2	Arnt2	Actr2	mouse	1	20B	20B	20B_target_interaction	1	C_tflink_source_table_only	1	promoted overlay evidence tier	TFLink	tflink:mouse:000856:ade019945ee8	tflink_source_arnt2_actr2_mouse_tflink_mouse_000856_ade019945ee8	https://pubmed.ncbi.nlm.nih.gov/27924024/	canonical_sequence_specific_tf	canonical_tf	direct_sequence_specific_tf_binding	Sequence-specific TF binding or occupancy at the target regulatory locus is the proposed mechanism.	L3_spinal_cord_tissue_context	L2_CNS_context	L0_no_context_evidence	component_only	sci_relevant_component_context	adjudicated_context_overlay_applied	Mouse ARNT2 was localized to neurons and glia in healthy spinal cord in an experimental CNS inflammatory-disease study, establishing spinal-cord-tissue regulator-component context; the study was not an SCI model. Mouse Actr2 was independently measured in the mouse brain atlas, establishing CNS target-component context. No ARNT2-to-Actr2 context was established; the exact pair remains L0.
86	C2_canonical_single_module:90	module_routed	ascl2|ackr2|human	public_tf_comprehensive_142	ascl2	ASCL2	ASCL2	ACKR2	human	1	20B	20B	20B_target_interaction	1	C_tflink_source_table_only	1	promoted overlay evidence tier	TFLink	tflink:human:001045:0be97b935eac	tflink_source_ascl2_ackr2_human_tflink_human_001045_0be97b935eac	https://pubmed.ncbi.nlm.nih.gov/27924024/	canonical_sequence_specific_tf	canonical_tf	direct_sequence_specific_tf_binding	Sequence-specific TF binding or occupancy at the target regulatory locus is the proposed mechanism.	L1_non_CNS_context	L1_non_CNS_context	L0_no_context_evidence	component_only	sci_relevant_component_context	adjudicated_context_overlay_applied	Human ASCL2 was functionally studied in human trophoblast stem-cell differentiation and loss-of-function models, establishing non-CNS regulator-component context. Human ACKR2 was independently measured in human peripheral blood leukocyte subsets, establishing non-CNS target-component context. No ASCL2-to-ACKR2 context was established; the exact pair remains L0.
87	C2_canonical_single_module:90	module_routed	ascl2|ackr3|human	public_tf_comprehensive_143	ascl2	ASCL2	ASCL2	ACKR3	human	1	20B	20B	20B_target_interaction	1	C_tflink_source_table_only	1	promoted overlay evidence tier	TFLink	tflink:human:001045:0be97b935eac	tflink_source_ascl2_ackr3_human_tflink_human_001045_0be97b935eac	https://pubmed.ncbi.nlm.nih.gov/27924024/	canonical_sequence_specific_tf	canonical_tf	direct_sequence_specific_tf_binding	Sequence-specific TF binding or occupancy at the target regulatory locus is the proposed mechanism.	L1_non_CNS_context	L3_spinal_cord_tissue_context	L0_no_context_evidence	component_only	sci_relevant_component_context	adjudicated_context_overlay_applied	Human ASCL2 was functionally studied in human trophoblast stem-cell differentiation and loss-of-function models, establishing non-CNS regulator-component context. Human ACKR3 was independently measured in human spinal-cord tissue in the Human Protein Atlas brain/spinal-cord RNA-seq resource, establishing spinal-cord-tissue target-component context. No ASCL2-to-ACKR3 context was established; the exact pair remains L0.
88	C2_canonical_single_module:90	module_routed	ascl2|ackr4|mouse	public_tf_comprehensive_144	ascl2	ASCL2	Ascl2	Ackr4	mouse	1	20B	20B	20B_target_interaction	1	C_tflink_source_table_only	1	promoted overlay evidence tier	TFLink	tflink:mouse:000953:3231da0bbb17	tflink_source_ascl2_ackr4_mouse_tflink_mouse_000953_3231da0bbb17	https://pubmed.ncbi.nlm.nih.gov/27924024/	canonical_sequence_specific_tf	canonical_tf	direct_sequence_specific_tf_binding	Sequence-specific TF binding or occupancy at the target regulatory locus is the proposed mechanism.	L1_non_CNS_context	L1_non_CNS_context	L0_no_context_evidence	component_only	sci_relevant_component_context	adjudicated_context_overlay_applied	Mouse Ascl2 was functionally studied in trophoblast and intestinal stem-cell models, establishing non-CNS regulator-component context. Mouse Ackr4/CCRL1 was independently localized and functionally studied in thymic epithelial microenvironments, establishing non-CNS target-component context. No Ascl2-to-Ackr4 context was established; the exact pair remains L0.
89	C2_canonical_single_module:90	module_routed	ascl2|actr2|human	public_tf_comprehensive_145	ascl2	ASCL2	ASCL2	ACTR2	human	1	20B	20B	20B_target_interaction	1	C_tflink_source_table_only	1	promoted overlay evidence tier	TFLink	tflink:human:001045:0be97b935eac	tflink_source_ascl2_actr2_human_tflink_human_001045_0be97b935eac	https://pubmed.ncbi.nlm.nih.gov/27924024/	canonical_sequence_specific_tf	canonical_tf	direct_sequence_specific_tf_binding	Sequence-specific TF binding or occupancy at the target regulatory locus is the proposed mechanism.	L1_non_CNS_context	L3_spinal_cord_tissue_context	L0_no_context_evidence	component_only	sci_relevant_component_context	adjudicated_context_overlay_applied	Human ASCL2 was functionally studied in human trophoblast stem-cell differentiation and loss-of-function models, establishing non-CNS regulator-component context. Human ACTR2 was independently measured in human spinal-cord tissue in the Human Protein Atlas brain/spinal-cord RNA-seq resource, establishing spinal-cord-tissue target-component context. No ASCL2-to-ACTR2 context was established; the exact pair remains L0.
90	C2_canonical_single_module:90	module_routed	ascl2|actr2|mouse	public_tf_comprehensive_146	ascl2	ASCL2	Ascl2	Actr2	mouse	1	20B	20B	20B_target_interaction	1	C_tflink_source_table_only	1	promoted overlay evidence tier	TFLink	tflink:mouse:000953:3231da0bbb17	tflink_source_ascl2_actr2_mouse_tflink_mouse_000953_3231da0bbb17	https://pubmed.ncbi.nlm.nih.gov/27924024/	canonical_sequence_specific_tf	canonical_tf	direct_sequence_specific_tf_binding	Sequence-specific TF binding or occupancy at the target regulatory locus is the proposed mechanism.	L1_non_CNS_context	L2_CNS_context	L0_no_context_evidence	component_only	sci_relevant_component_context	adjudicated_context_overlay_applied	Mouse Ascl2 was functionally studied in trophoblast and intestinal stem-cell models, establishing non-CNS regulator-component context. Mouse Actr2 was independently measured in the mouse brain atlas, establishing CNS target-component context. No Ascl2-to-Actr2 context was established; the exact pair remains L0.
91	C2_canonical_single_module:90	module_routed	ascl2|adam17|mouse	public_tf_comprehensive_148	ascl2	ASCL2	Ascl2	Adam17	mouse	1	20B	20B	20B_target_interaction	1	C_tflink_source_table_only	1	promoted overlay evidence tier	TFLink	tflink:mouse:000953:3231da0bbb17	tflink_source_ascl2_adam17_mouse_tflink_mouse_000953_3231da0bbb17	https://pubmed.ncbi.nlm.nih.gov/27924024/	canonical_sequence_specific_tf	canonical_tf	direct_sequence_specific_tf_binding	Sequence-specific TF binding or occupancy at the target regulatory locus is the proposed mechanism.	L1_non_CNS_context	L4_SCI_context	L0_no_context_evidence	component_only	sci_relevant_component_context	adjudicated_context_overlay_applied	Mouse Ascl2 was functionally studied in trophoblast and intestinal stem-cell models, establishing non-CNS regulator-component context. Mouse Adam17 was independently studied in spinal cord injury models, where its deficiency or inhibition altered microglial responses and functional recovery, establishing SCI target-component context. No Ascl2-to-Adam17 context was established; the exact pair remains L0.
92	C2_canonical_single_module:90	module_routed	ascl2|adam9|mouse	public_tf_comprehensive_149	ascl2	ASCL2	Ascl2	Adam9	mouse	1	20B	20B	20B_target_interaction	1	C_tflink_source_table_only	1	promoted overlay evidence tier	TFLink	tflink:mouse:000953:3231da0bbb17	tflink_source_ascl2_adam9_mouse_tflink_mouse_000953_3231da0bbb17	https://pubmed.ncbi.nlm.nih.gov/27924024/	canonical_sequence_specific_tf	canonical_tf	direct_sequence_specific_tf_binding	Sequence-specific TF binding or occupancy at the target regulatory locus is the proposed mechanism.	L0_no_context_evidence	L2_CNS_context	L0_no_context_evidence	target_only	sci_relevant_component_context	adjudicated_context_overlay_applied	Mouse Ascl2 has no qualifying CNS context in the reviewed evidence. Mouse Adam9/MDC9 was independently documented in brain and developing spinal-cord-associated tissue, establishing CNS target-component context; the study was developmental and not SCI. No Ascl2-to-Adam9 context was established; the exact pair remains L0.
93	C2_canonical_single_module:90	module_routed	ascl2|ada|human	public_tf_comprehensive_147	ascl2	ASCL2	ASCL2	ADA	human	1	20B	20B	20B_target_interaction	1	C_tflink_source_table_only	1	promoted overlay evidence tier	TFLink	tflink:human:001045:0be97b935eac	tflink_source_ascl2_ada_human_tflink_human_001045_0be97b935eac	https://pubmed.ncbi.nlm.nih.gov/27924024/	canonical_sequence_specific_tf	canonical_tf	direct_sequence_specific_tf_binding	Sequence-specific TF binding or occupancy at the target regulatory locus is the proposed mechanism.	L0_no_context_evidence	L3_spinal_cord_tissue_context	L0_no_context_evidence	target_only	sci_relevant_component_context	adjudicated_context_overlay_applied	Human ASCL2 has no qualifying CNS context in the reviewed evidence. Human ADA was independently measured in human spinal-cord tissue in the Human Protein Atlas, establishing spinal-cord-tissue target-component context. No ASCL2-to-ADA context was established; the exact pair remains L0.
94	C2_canonical_single_module:90	module_routed	barx1|adm|human	public_tf_comprehensive_192	barx1	BARX1	BARX1	ADM	human	1	20B	20B	20B_target_interaction	1	C_tflink_source_table_only	1	promoted overlay evidence tier	TFLink	tflink:human:001381:b79bd74fcea5	tflink_source_barx1_adm_human_tflink_human_001381_b79bd74fcea5	https://pubmed.ncbi.nlm.nih.gov/27924024/	canonical_sequence_specific_tf	canonical_tf	direct_sequence_specific_tf_binding	Sequence-specific TF binding or occupancy at the target regulatory locus is the proposed mechanism.	L2_CNS_context	L2_CNS_context	L0_no_context_evidence	component_only	sci_relevant_component_context	adjudicated_context_overlay_applied	Human BARX1 was independently profiled in the human brain atlas, establishing CNS regulator-component context. Human ADM/adrenomedullin was independently measured throughout the human brain, establishing CNS target-component context. No BARX1-to-ADM context was established; the exact pair remains L0.
95	C2_canonical_single_module:90	module_routed	barx1|areg|human	public_tf_comprehensive_195	barx1	BARX1	BARX1	AREG	human	1	20B	20B	20B_target_interaction	1	C_tflink_source_table_only	1	promoted overlay evidence tier	TFLink	tflink:human:001381:b79bd74fcea5	tflink_source_barx1_areg_human_tflink_human_001381_b79bd74fcea5	https://pubmed.ncbi.nlm.nih.gov/27924024/	canonical_sequence_specific_tf	canonical_tf	direct_sequence_specific_tf_binding	Sequence-specific TF binding or occupancy at the target regulatory locus is the proposed mechanism.	L2_CNS_context	L3_spinal_cord_tissue_context	L0_no_context_evidence	component_only	sci_relevant_component_context	adjudicated_context_overlay_applied	Human BARX1 was independently profiled in the human brain atlas, establishing CNS regulator-component context. Human AREG was independently measured in human spinal-cord tissue in the Human Protein Atlas, establishing spinal-cord-tissue target-component context. No BARX1-to-AREG context was established; the exact pair remains L0.
96	C2_canonical_single_module:90	module_routed	bhlha15|abca1|mouse	public_tf_comprehensive_208	bhlha15	BHLHA15	Bhlha15	Abca1	mouse	1	20B	20B	20B_target_interaction	1	C_tflink_source_table_only	1	promoted overlay evidence tier	TFLink	tflink:mouse:000903:ae4339786317	tflink_source_bhlha15_abca1_mouse_tflink_mouse_000903_ae4339786317	https://pubmed.ncbi.nlm.nih.gov/27924024/	canonical_sequence_specific_tf	canonical_tf	direct_sequence_specific_tf_binding	Sequence-specific TF binding or occupancy at the target regulatory locus is the proposed mechanism.	L0_no_context_evidence	L4_SCI_context	L0_no_context_evidence	target_only	sci_relevant_component_context	adjudicated_context_overlay_applied	Mouse Bhlha15 has no qualifying CNS context in the reviewed evidence. Mouse Abca1 was independently studied in injured spinal cord, where its manipulation altered lipid clearance, inflammation, and functional recovery, establishing SCI target-component context. No Bhlha15-to-Abca1 context was established; the exact pair remains L0.
97	C2_canonical_single_module:90	module_routed	bhlha15|acvr1|mouse	public_tf_comprehensive_209	bhlha15	BHLHA15	Bhlha15	Acvr1	mouse	1	20B	20B	20B_target_interaction	1	C_tflink_source_table_only	1	promoted overlay evidence tier	TFLink	tflink:mouse:000903:ae4339786317	tflink_source_bhlha15_acvr1_mouse_tflink_mouse_000903_ae4339786317	https://pubmed.ncbi.nlm.nih.gov/27924024/	canonical_sequence_specific_tf	canonical_tf	direct_sequence_specific_tf_binding	Sequence-specific TF binding or occupancy at the target regulatory locus is the proposed mechanism.	L0_no_context_evidence	L2_CNS_context	L0_no_context_evidence	target_only	sci_relevant_component_context	adjudicated_context_overlay_applied	Mouse Bhlha15 has no qualifying CNS context in the reviewed evidence. Mouse Acvr1/ALK2 was independently documented in neural tissues during development, establishing CNS target-component context. No Bhlha15-to-Acvr1 context was established; the exact pair remains L0.
98	C2_canonical_single_module:90	module_routed	bhlha15|adam10|mouse	public_tf_comprehensive_211	bhlha15	BHLHA15	Bhlha15	Adam10	mouse	1	23B	23B	23B_target_interaction	1	C_tflink_source_table_only	1	promoted overlay evidence tier	TFLink	tflink:mouse:000903:ae4339786317	tflink_source_bhlha15_adam10_mouse_tflink_mouse_000903_ae4339786317	https://pubmed.ncbi.nlm.nih.gov/27924024/	canonical_sequence_specific_tf	canonical_tf	direct_sequence_specific_tf_binding	Sequence-specific TF binding or occupancy at the target regulatory locus is the proposed mechanism.	L0_no_context_evidence	L3_spinal_cord_tissue_context	L0_no_context_evidence	target_only	sci_relevant_component_context	adjudicated_context_overlay_applied	Mouse Bhlha15 has no qualifying CNS context in the reviewed evidence. Mouse Adam10 was independently measured throughout the CNS, including spinal cord, in neurons and glial cell populations, establishing spinal-cord-tissue target-component context. No Bhlha15-to-Adam10 context was established; the exact pair remains L0.
99	C2_canonical_single_module:90	module_routed	bhlha15|ada|mouse	public_tf_comprehensive_210	bhlha15	BHLHA15	Bhlha15	Ada	mouse	1	20B	20B	20B_target_interaction	1	C_tflink_source_table_only	1	promoted overlay evidence tier	TFLink	tflink:mouse:000903:ae4339786317	tflink_source_bhlha15_ada_mouse_tflink_mouse_000903_ae4339786317	https://pubmed.ncbi.nlm.nih.gov/27924024/	canonical_sequence_specific_tf	canonical_tf	direct_sequence_specific_tf_binding	Sequence-specific TF binding or occupancy at the target regulatory locus is the proposed mechanism.	L0_no_context_evidence	L2_CNS_context	L0_no_context_evidence	target_only	sci_relevant_component_context	adjudicated_context_overlay_applied	Mouse Bhlha15 has no qualifying CNS context in the reviewed evidence. Mouse Ada was independently measured in multiple brain regions and studied in an Ada-deficient mouse model, establishing CNS target-component context. No Bhlha15-to-Ada context was established; the exact pair remains L0.
100	C2_canonical_single_module:90	module_routed	bhlhe22|a2m|human	public_tf_comprehensive_212	bhlhe22	BHLHE22	BHLHE22	A2M	human	1	20B	20B	20B_target_interaction	1	C_tflink_source_table_only	1	promoted overlay evidence tier	TFLink	tflink:human:001218:88914b5c4bd6	tflink_source_bhlhe22_a2m_human_tflink_human_001218_88914b5c4bd6	https://pubmed.ncbi.nlm.nih.gov/29126285/	canonical_sequence_specific_tf	canonical_tf	direct_sequence_specific_tf_binding	Sequence-specific TF binding or occupancy at the target regulatory locus is the proposed mechanism.	L2_CNS_context	L3_spinal_cord_tissue_context	L0_no_context_evidence	component_only	sci_relevant_component_context	adjudicated_context_overlay_applied	Human BHLHE22 was independently characterized as a CNS-enriched neural transcription factor and is profiled in human brain/spinal-cord resources, establishing CNS regulator-component context. Human A2M was independently measured in human spinal-cord tissue in the Human Protein Atlas, establishing spinal-cord-tissue target-component context. No BHLHE22-to-A2M context was established; the exact pair remains L0.
