review_id	batch_id	batch_rank	regulator_key	regulator_symbol	species_scope	source_registry	source_record_id	raw_tf_symbol	target_symbol	target_graph_modules	candidate_membership_status	exact_pair_search_url	exact_pair_status	regulator_general_evidence_status	target_cell_presence_status	binding_or_association_status	downstream_expression_or_perturbation_status	downstream_activation_status	upstream_relay_status	disposition	primary_citation	corroborating_citation	near_match_exclusions	review_notes	exportable	canonical_write_performed
public_tf_evidence_batch037_pair_01_1	public_tf_evidence_batch_037	1	rbfox2	RBFOX2/Rbfox2	mouse	TFLink	tflink:mouse:000881:3261aeb5855e	Rbfox2	Abca1	20B	database_attributed_candidate_not_verified	https://pubmed.ncbi.nlm.nih.gov/?term=%22Rbfox2%22+AND+%22Abca1%22+AND+mouse	database_membership_only_not_promotable	supported_regulator_role_only_not_pair_evidence	not_assessed_for_exact_pair	TFLink_membership_only_no_target-locus_or_pairwise_assay_validated	not_assessed_for_exact_pair	not_established_for_SCI_target_cell	not_tested_for_exact_pair	retain_provenance_traceable_candidate_without_promotion	https://tflink.net/download/#interaction-gmt		TFLink membership and regulator-level annotation are search leads; co-expression, pathway membership, orthologs, paralogs, general machinery and reverse-direction findings were not transferred to this exact pair.	No exact target-specific causal edge was established; target-cell presence, downstream activation and upstream relay are not inferred. RNA-binding/post-transcriptional regulator, not a DNA TF; source subcategory rna_processing_or_binding; exact queued targets require review; no exact queued regulator-target evidence was validated.	false	false
public_tf_evidence_batch037_pair_01_2	public_tf_evidence_batch_037	1	rbfox2	RBFOX2/Rbfox2	mouse	TFLink	tflink:mouse:000881:3261aeb5855e	Rbfox2	Ackr3	20B	database_attributed_candidate_not_verified	https://pubmed.ncbi.nlm.nih.gov/?term=%22Rbfox2%22+AND+%22Ackr3%22+AND+mouse	database_membership_only_not_promotable	supported_regulator_role_only_not_pair_evidence	not_assessed_for_exact_pair	TFLink_membership_only_no_target-locus_or_pairwise_assay_validated	not_assessed_for_exact_pair	not_established_for_SCI_target_cell	not_tested_for_exact_pair	retain_provenance_traceable_candidate_without_promotion	https://tflink.net/download/#interaction-gmt		TFLink membership and regulator-level annotation are search leads; co-expression, pathway membership, orthologs, paralogs, general machinery and reverse-direction findings were not transferred to this exact pair.	No exact target-specific causal edge was established; target-cell presence, downstream activation and upstream relay are not inferred. RNA-binding/post-transcriptional regulator, not a DNA TF; source subcategory rna_processing_or_binding; exact queued targets require review; no exact queued regulator-target evidence was validated.	false	false
public_tf_evidence_batch037_pair_01_3	public_tf_evidence_batch_037	1	rbfox2	RBFOX2/Rbfox2	mouse	TFLink	tflink:mouse:000881:3261aeb5855e	Rbfox2	Actr2	20B	database_attributed_candidate_not_verified	https://pubmed.ncbi.nlm.nih.gov/?term=%22Rbfox2%22+AND+%22Actr2%22+AND+mouse	database_membership_only_not_promotable	supported_regulator_role_only_not_pair_evidence	not_assessed_for_exact_pair	TFLink_membership_only_no_target-locus_or_pairwise_assay_validated	not_assessed_for_exact_pair	not_established_for_SCI_target_cell	not_tested_for_exact_pair	retain_provenance_traceable_candidate_without_promotion	https://tflink.net/download/#interaction-gmt		TFLink membership and regulator-level annotation are search leads; co-expression, pathway membership, orthologs, paralogs, general machinery and reverse-direction findings were not transferred to this exact pair.	No exact target-specific causal edge was established; target-cell presence, downstream activation and upstream relay are not inferred. RNA-binding/post-transcriptional regulator, not a DNA TF; source subcategory rna_processing_or_binding; exact queued targets require review; no exact queued regulator-target evidence was validated.	false	false
public_tf_evidence_batch037_pair_01_4	public_tf_evidence_batch_037	1	rbfox2	RBFOX2/Rbfox2	mouse	TFLink	tflink:mouse:000881:3261aeb5855e	Rbfox2	Acvr1	20B	database_attributed_candidate_not_verified	https://pubmed.ncbi.nlm.nih.gov/?term=%22Rbfox2%22+AND+%22Acvr1%22+AND+mouse	database_membership_only_not_promotable	supported_regulator_role_only_not_pair_evidence	not_assessed_for_exact_pair	TFLink_membership_only_no_target-locus_or_pairwise_assay_validated	not_assessed_for_exact_pair	not_established_for_SCI_target_cell	not_tested_for_exact_pair	retain_provenance_traceable_candidate_without_promotion	https://tflink.net/download/#interaction-gmt		TFLink membership and regulator-level annotation are search leads; co-expression, pathway membership, orthologs, paralogs, general machinery and reverse-direction findings were not transferred to this exact pair.	No exact target-specific causal edge was established; target-cell presence, downstream activation and upstream relay are not inferred. RNA-binding/post-transcriptional regulator, not a DNA TF; source subcategory rna_processing_or_binding; exact queued targets require review; no exact queued regulator-target evidence was validated.	false	false
public_tf_evidence_batch037_pair_02_1	public_tf_evidence_batch_037	2	anpep	Anpep	mouse	TFLink	tflink:mouse:000910:af51e6580143	Anpep	Actr2	20B	database_attributed_candidate_not_verified	https://pubmed.ncbi.nlm.nih.gov/?term=%22Anpep%22+AND+%22Actr2%22+AND+mouse	database_membership_only_not_promotable	supported_regulator_role_only_not_pair_evidence	not_assessed_for_exact_pair	TFLink_membership_only_no_target-locus_or_pairwise_assay_validated	not_assessed_for_exact_pair	not_established_for_SCI_target_cell	not_tested_for_exact_pair	retain_provenance_traceable_candidate_without_promotion	https://tflink.net/download/#interaction-gmt		TFLink membership and regulator-level annotation are search leads; co-expression, pathway membership, orthologs, paralogs, general machinery and reverse-direction findings were not transferred to this exact pair.	No exact target-specific causal edge was established; target-cell presence, downstream activation and upstream relay are not inferred. signaling/metabolic/membrane/cell-cycle protein, not assumed TF; source subcategory enzyme_receptor_transporter_or_cell_cycle; exact queued targets require review; no exact queued regulator-target evidence was validated.	false	false
public_tf_evidence_batch037_pair_02_2	public_tf_evidence_batch_037	2	anpep	Anpep	mouse	TFLink	tflink:mouse:000910:af51e6580143	Anpep	Acvrl1	20B	database_attributed_candidate_not_verified	https://pubmed.ncbi.nlm.nih.gov/?term=%22Anpep%22+AND+%22Acvrl1%22+AND+mouse	database_membership_only_not_promotable	supported_regulator_role_only_not_pair_evidence	not_assessed_for_exact_pair	TFLink_membership_only_no_target-locus_or_pairwise_assay_validated	not_assessed_for_exact_pair	not_established_for_SCI_target_cell	not_tested_for_exact_pair	retain_provenance_traceable_candidate_without_promotion	https://tflink.net/download/#interaction-gmt		TFLink membership and regulator-level annotation are search leads; co-expression, pathway membership, orthologs, paralogs, general machinery and reverse-direction findings were not transferred to this exact pair.	No exact target-specific causal edge was established; target-cell presence, downstream activation and upstream relay are not inferred. signaling/metabolic/membrane/cell-cycle protein, not assumed TF; source subcategory enzyme_receptor_transporter_or_cell_cycle; exact queued targets require review; no exact queued regulator-target evidence was validated.	false	false
public_tf_evidence_batch037_pair_02_3	public_tf_evidence_batch_037	2	anpep	Anpep	mouse	TFLink	tflink:mouse:000910:af51e6580143	Anpep	Ada	20B	database_attributed_candidate_not_verified	https://pubmed.ncbi.nlm.nih.gov/?term=%22Anpep%22+AND+%22Ada%22+AND+mouse	database_membership_only_not_promotable	supported_regulator_role_only_not_pair_evidence	not_assessed_for_exact_pair	TFLink_membership_only_no_target-locus_or_pairwise_assay_validated	not_assessed_for_exact_pair	not_established_for_SCI_target_cell	not_tested_for_exact_pair	retain_provenance_traceable_candidate_without_promotion	https://tflink.net/download/#interaction-gmt		TFLink membership and regulator-level annotation are search leads; co-expression, pathway membership, orthologs, paralogs, general machinery and reverse-direction findings were not transferred to this exact pair.	No exact target-specific causal edge was established; target-cell presence, downstream activation and upstream relay are not inferred. signaling/metabolic/membrane/cell-cycle protein, not assumed TF; source subcategory enzyme_receptor_transporter_or_cell_cycle; exact queued targets require review; no exact queued regulator-target evidence was validated.	false	false
public_tf_evidence_batch037_pair_02_4	public_tf_evidence_batch_037	2	anpep	Anpep	mouse	TFLink	tflink:mouse:000910:af51e6580143	Anpep	Adam17	20B	database_attributed_candidate_not_verified	https://pubmed.ncbi.nlm.nih.gov/?term=%22Anpep%22+AND+%22Adam17%22+AND+mouse	database_membership_only_not_promotable	supported_regulator_role_only_not_pair_evidence	not_assessed_for_exact_pair	TFLink_membership_only_no_target-locus_or_pairwise_assay_validated	not_assessed_for_exact_pair	not_established_for_SCI_target_cell	not_tested_for_exact_pair	retain_provenance_traceable_candidate_without_promotion	https://tflink.net/download/#interaction-gmt		TFLink membership and regulator-level annotation are search leads; co-expression, pathway membership, orthologs, paralogs, general machinery and reverse-direction findings were not transferred to this exact pair.	No exact target-specific causal edge was established; target-cell presence, downstream activation and upstream relay are not inferred. signaling/metabolic/membrane/cell-cycle protein, not assumed TF; source subcategory enzyme_receptor_transporter_or_cell_cycle; exact queued targets require review; no exact queued regulator-target evidence was validated.	false	false
public_tf_evidence_batch037_pair_03_1	public_tf_evidence_batch_037	3	lmnb1	LMNB1/Lmnb1	human	TFLink	tflink:human:001072:e8f74467fe18	LMNB1	A2M	20B	database_attributed_candidate_not_verified	https://pubmed.ncbi.nlm.nih.gov/?term=%22LMNB1%22+AND+%22A2M%22+AND+human	database_membership_only_not_promotable	supported_regulator_role_only_not_pair_evidence	not_assessed_for_exact_pair	TFLink_membership_only_no_target-locus_or_pairwise_assay_validated	not_assessed_for_exact_pair	not_established_for_SCI_target_cell	not_tested_for_exact_pair	retain_provenance_traceable_candidate_without_promotion	https://tflink.net/download/#interaction-gmt		TFLink membership and regulator-level annotation are search leads; co-expression, pathway membership, orthologs, paralogs, general machinery and reverse-direction findings were not transferred to this exact pair.	No exact target-specific causal edge was established; target-cell presence, downstream activation and upstream relay are not inferred. nuclear-structure/transport protein, not assumed TF; source subcategory lamina_pore_or_genome_organization; exact queued targets require review; no exact queued regulator-target evidence was validated.	false	false
public_tf_evidence_batch037_pair_03_2	public_tf_evidence_batch_037	3	lmnb1	LMNB1/Lmnb1	human	TFLink	tflink:human:001072:e8f74467fe18	LMNB1	ACKR2	20B	database_attributed_candidate_not_verified	https://pubmed.ncbi.nlm.nih.gov/?term=%22LMNB1%22+AND+%22ACKR2%22+AND+human	database_membership_only_not_promotable	supported_regulator_role_only_not_pair_evidence	not_assessed_for_exact_pair	TFLink_membership_only_no_target-locus_or_pairwise_assay_validated	not_assessed_for_exact_pair	not_established_for_SCI_target_cell	not_tested_for_exact_pair	retain_provenance_traceable_candidate_without_promotion	https://tflink.net/download/#interaction-gmt		TFLink membership and regulator-level annotation are search leads; co-expression, pathway membership, orthologs, paralogs, general machinery and reverse-direction findings were not transferred to this exact pair.	No exact target-specific causal edge was established; target-cell presence, downstream activation and upstream relay are not inferred. nuclear-structure/transport protein, not assumed TF; source subcategory lamina_pore_or_genome_organization; exact queued targets require review; no exact queued regulator-target evidence was validated.	false	false
public_tf_evidence_batch037_pair_03_3	public_tf_evidence_batch_037	3	lmnb1	LMNB1/Lmnb1	human	TFLink	tflink:human:001072:e8f74467fe18	LMNB1	ACVRL1	20B	database_attributed_candidate_not_verified	https://pubmed.ncbi.nlm.nih.gov/?term=%22LMNB1%22+AND+%22ACVRL1%22+AND+human	database_membership_only_not_promotable	supported_regulator_role_only_not_pair_evidence	not_assessed_for_exact_pair	TFLink_membership_only_no_target-locus_or_pairwise_assay_validated	not_assessed_for_exact_pair	not_established_for_SCI_target_cell	not_tested_for_exact_pair	retain_provenance_traceable_candidate_without_promotion	https://tflink.net/download/#interaction-gmt		TFLink membership and regulator-level annotation are search leads; co-expression, pathway membership, orthologs, paralogs, general machinery and reverse-direction findings were not transferred to this exact pair.	No exact target-specific causal edge was established; target-cell presence, downstream activation and upstream relay are not inferred. nuclear-structure/transport protein, not assumed TF; source subcategory lamina_pore_or_genome_organization; exact queued targets require review; no exact queued regulator-target evidence was validated.	false	false
public_tf_evidence_batch037_pair_03_4	public_tf_evidence_batch_037	3	lmnb1	LMNB1/Lmnb1	human	TFLink	tflink:human:001072:e8f74467fe18	LMNB1	ADA	20B	database_attributed_candidate_not_verified	https://pubmed.ncbi.nlm.nih.gov/?term=%22LMNB1%22+AND+%22ADA%22+AND+human	database_membership_only_not_promotable	supported_regulator_role_only_not_pair_evidence	not_assessed_for_exact_pair	TFLink_membership_only_no_target-locus_or_pairwise_assay_validated	not_assessed_for_exact_pair	not_established_for_SCI_target_cell	not_tested_for_exact_pair	retain_provenance_traceable_candidate_without_promotion	https://tflink.net/download/#interaction-gmt		TFLink membership and regulator-level annotation are search leads; co-expression, pathway membership, orthologs, paralogs, general machinery and reverse-direction findings were not transferred to this exact pair.	No exact target-specific causal edge was established; target-cell presence, downstream activation and upstream relay are not inferred. nuclear-structure/transport protein, not assumed TF; source subcategory lamina_pore_or_genome_organization; exact queued targets require review; no exact queued regulator-target evidence was validated.	false	false
public_tf_evidence_batch037_pair_04_1	public_tf_evidence_batch_037	4	top1	TOP1	human	TFLink	tflink:human:000940:d6b5a742fbca	TOP1	ACKR2	20B	database_attributed_candidate_not_verified	https://pubmed.ncbi.nlm.nih.gov/?term=%22TOP1%22+AND+%22ACKR2%22+AND+human	database_membership_only_not_promotable	supported_regulator_role_only_not_pair_evidence	not_assessed_for_exact_pair	TFLink_membership_only_no_target-locus_or_pairwise_assay_validated	not_assessed_for_exact_pair	not_established_for_SCI_target_cell	not_tested_for_exact_pair	retain_provenance_traceable_candidate_without_promotion	https://tflink.net/download/#interaction-gmt		TFLink membership and regulator-level annotation are search leads; co-expression, pathway membership, orthologs, paralogs, general machinery and reverse-direction findings were not transferred to this exact pair.	No exact target-specific causal edge was established; target-cell presence, downstream activation and upstream relay are not inferred. DNA-repair/genome-maintenance protein, not assumed TF; source subcategory repair_replication_or_recombination; exact queued targets require review; no exact queued regulator-target evidence was validated.	false	false
public_tf_evidence_batch037_pair_04_2	public_tf_evidence_batch_037	4	top1	TOP1	human	TFLink	tflink:human:000940:d6b5a742fbca	TOP1	ACTR2	20B	database_attributed_candidate_not_verified	https://pubmed.ncbi.nlm.nih.gov/?term=%22TOP1%22+AND+%22ACTR2%22+AND+human	database_membership_only_not_promotable	supported_regulator_role_only_not_pair_evidence	not_assessed_for_exact_pair	TFLink_membership_only_no_target-locus_or_pairwise_assay_validated	not_assessed_for_exact_pair	not_established_for_SCI_target_cell	not_tested_for_exact_pair	retain_provenance_traceable_candidate_without_promotion	https://tflink.net/download/#interaction-gmt		TFLink membership and regulator-level annotation are search leads; co-expression, pathway membership, orthologs, paralogs, general machinery and reverse-direction findings were not transferred to this exact pair.	No exact target-specific causal edge was established; target-cell presence, downstream activation and upstream relay are not inferred. DNA-repair/genome-maintenance protein, not assumed TF; source subcategory repair_replication_or_recombination; exact queued targets require review; no exact queued regulator-target evidence was validated.	false	false
public_tf_evidence_batch037_pair_04_3	public_tf_evidence_batch_037	4	top1	TOP1	human	TFLink	tflink:human:000940:d6b5a742fbca	TOP1	ACVR1	20B	database_attributed_candidate_not_verified	https://pubmed.ncbi.nlm.nih.gov/?term=%22TOP1%22+AND+%22ACVR1%22+AND+human	database_membership_only_not_promotable	supported_regulator_role_only_not_pair_evidence	not_assessed_for_exact_pair	TFLink_membership_only_no_target-locus_or_pairwise_assay_validated	not_assessed_for_exact_pair	not_established_for_SCI_target_cell	not_tested_for_exact_pair	retain_provenance_traceable_candidate_without_promotion	https://tflink.net/download/#interaction-gmt		TFLink membership and regulator-level annotation are search leads; co-expression, pathway membership, orthologs, paralogs, general machinery and reverse-direction findings were not transferred to this exact pair.	No exact target-specific causal edge was established; target-cell presence, downstream activation and upstream relay are not inferred. DNA-repair/genome-maintenance protein, not assumed TF; source subcategory repair_replication_or_recombination; exact queued targets require review; no exact queued regulator-target evidence was validated.	false	false
public_tf_evidence_batch037_pair_04_4	public_tf_evidence_batch_037	4	top1	TOP1	human	TFLink	tflink:human:000940:d6b5a742fbca	TOP1	ACVRL1	20B	database_attributed_candidate_not_verified	https://pubmed.ncbi.nlm.nih.gov/?term=%22TOP1%22+AND+%22ACVRL1%22+AND+human	database_membership_only_not_promotable	supported_regulator_role_only_not_pair_evidence	not_assessed_for_exact_pair	TFLink_membership_only_no_target-locus_or_pairwise_assay_validated	not_assessed_for_exact_pair	not_established_for_SCI_target_cell	not_tested_for_exact_pair	retain_provenance_traceable_candidate_without_promotion	https://tflink.net/download/#interaction-gmt		TFLink membership and regulator-level annotation are search leads; co-expression, pathway membership, orthologs, paralogs, general machinery and reverse-direction findings were not transferred to this exact pair.	No exact target-specific causal edge was established; target-cell presence, downstream activation and upstream relay are not inferred. DNA-repair/genome-maintenance protein, not assumed TF; source subcategory repair_replication_or_recombination; exact queued targets require review; no exact queued regulator-target evidence was validated.	false	false
public_tf_evidence_batch037_pair_05_1	public_tf_evidence_batch_037	5	dcp1a	DCP1A	human	TFLink	tflink:human:000950:1596a9fce213	DCP1A	ACKR2	20B	database_attributed_candidate_not_verified	https://pubmed.ncbi.nlm.nih.gov/?term=%22DCP1A%22+AND+%22ACKR2%22+AND+human	database_membership_only_not_promotable	supported_regulator_role_only_not_pair_evidence	not_assessed_for_exact_pair	TFLink_membership_only_no_target-locus_or_pairwise_assay_validated	not_assessed_for_exact_pair	not_established_for_SCI_target_cell	not_tested_for_exact_pair	retain_provenance_traceable_candidate_without_promotion	https://tflink.net/download/#interaction-gmt		TFLink membership and regulator-level annotation are search leads; co-expression, pathway membership, orthologs, paralogs, general machinery and reverse-direction findings were not transferred to this exact pair.	No exact target-specific causal edge was established; target-cell presence, downstream activation and upstream relay are not inferred. RNA-binding/post-transcriptional regulator, not a DNA TF; source subcategory rna_processing_or_binding; exact queued targets require review; no exact queued regulator-target evidence was validated.	false	false
public_tf_evidence_batch037_pair_05_2	public_tf_evidence_batch_037	5	dcp1a	DCP1A	human	TFLink	tflink:human:000950:1596a9fce213	DCP1A	ACTR2	20B	database_attributed_candidate_not_verified	https://pubmed.ncbi.nlm.nih.gov/?term=%22DCP1A%22+AND+%22ACTR2%22+AND+human	database_membership_only_not_promotable	supported_regulator_role_only_not_pair_evidence	not_assessed_for_exact_pair	TFLink_membership_only_no_target-locus_or_pairwise_assay_validated	not_assessed_for_exact_pair	not_established_for_SCI_target_cell	not_tested_for_exact_pair	retain_provenance_traceable_candidate_without_promotion	https://tflink.net/download/#interaction-gmt		TFLink membership and regulator-level annotation are search leads; co-expression, pathway membership, orthologs, paralogs, general machinery and reverse-direction findings were not transferred to this exact pair.	No exact target-specific causal edge was established; target-cell presence, downstream activation and upstream relay are not inferred. RNA-binding/post-transcriptional regulator, not a DNA TF; source subcategory rna_processing_or_binding; exact queued targets require review; no exact queued regulator-target evidence was validated.	false	false
public_tf_evidence_batch037_pair_05_3	public_tf_evidence_batch_037	5	dcp1a	DCP1A	human	TFLink	tflink:human:000950:1596a9fce213	DCP1A	ACVR1	20B	database_attributed_candidate_not_verified	https://pubmed.ncbi.nlm.nih.gov/?term=%22DCP1A%22+AND+%22ACVR1%22+AND+human	database_membership_only_not_promotable	supported_regulator_role_only_not_pair_evidence	not_assessed_for_exact_pair	TFLink_membership_only_no_target-locus_or_pairwise_assay_validated	not_assessed_for_exact_pair	not_established_for_SCI_target_cell	not_tested_for_exact_pair	retain_provenance_traceable_candidate_without_promotion	https://tflink.net/download/#interaction-gmt		TFLink membership and regulator-level annotation are search leads; co-expression, pathway membership, orthologs, paralogs, general machinery and reverse-direction findings were not transferred to this exact pair.	No exact target-specific causal edge was established; target-cell presence, downstream activation and upstream relay are not inferred. RNA-binding/post-transcriptional regulator, not a DNA TF; source subcategory rna_processing_or_binding; exact queued targets require review; no exact queued regulator-target evidence was validated.	false	false
public_tf_evidence_batch037_pair_05_4	public_tf_evidence_batch_037	5	dcp1a	DCP1A	human	TFLink	tflink:human:000950:1596a9fce213	DCP1A	ADA	20B	database_attributed_candidate_not_verified	https://pubmed.ncbi.nlm.nih.gov/?term=%22DCP1A%22+AND+%22ADA%22+AND+human	database_membership_only_not_promotable	supported_regulator_role_only_not_pair_evidence	not_assessed_for_exact_pair	TFLink_membership_only_no_target-locus_or_pairwise_assay_validated	not_assessed_for_exact_pair	not_established_for_SCI_target_cell	not_tested_for_exact_pair	retain_provenance_traceable_candidate_without_promotion	https://tflink.net/download/#interaction-gmt		TFLink membership and regulator-level annotation are search leads; co-expression, pathway membership, orthologs, paralogs, general machinery and reverse-direction findings were not transferred to this exact pair.	No exact target-specific causal edge was established; target-cell presence, downstream activation and upstream relay are not inferred. RNA-binding/post-transcriptional regulator, not a DNA TF; source subcategory rna_processing_or_binding; exact queued targets require review; no exact queued regulator-target evidence was validated.	false	false
public_tf_evidence_batch037_pair_06_1	public_tf_evidence_batch_037	6	nup98	NUP98/Nup98	human	TFLink	tflink:human:001108:fe564fbc19df	NUP98	A2M	20B	database_attributed_candidate_not_verified	https://pubmed.ncbi.nlm.nih.gov/?term=%22NUP98%22+AND+%22A2M%22+AND+human	database_membership_only_not_promotable	supported_regulator_role_only_not_pair_evidence	not_assessed_for_exact_pair	TFLink_membership_only_no_target-locus_or_pairwise_assay_validated	not_assessed_for_exact_pair	not_established_for_SCI_target_cell	not_tested_for_exact_pair	retain_provenance_traceable_candidate_without_promotion	https://tflink.net/download/#interaction-gmt		TFLink membership and regulator-level annotation are search leads; co-expression, pathway membership, orthologs, paralogs, general machinery and reverse-direction findings were not transferred to this exact pair.	No exact target-specific causal edge was established; target-cell presence, downstream activation and upstream relay are not inferred. nuclear-structure/transport protein, not assumed TF; source subcategory lamina_pore_or_genome_organization; exact queued targets require review; no exact queued regulator-target evidence was validated.	false	false
public_tf_evidence_batch037_pair_06_2	public_tf_evidence_batch_037	6	nup98	NUP98/Nup98	human	TFLink	tflink:human:001108:fe564fbc19df	NUP98	ACVR1C	20B	database_attributed_candidate_not_verified	https://pubmed.ncbi.nlm.nih.gov/?term=%22NUP98%22+AND+%22ACVR1C%22+AND+human	database_membership_only_not_promotable	supported_regulator_role_only_not_pair_evidence	not_assessed_for_exact_pair	TFLink_membership_only_no_target-locus_or_pairwise_assay_validated	not_assessed_for_exact_pair	not_established_for_SCI_target_cell	not_tested_for_exact_pair	retain_provenance_traceable_candidate_without_promotion	https://tflink.net/download/#interaction-gmt		TFLink membership and regulator-level annotation are search leads; co-expression, pathway membership, orthologs, paralogs, general machinery and reverse-direction findings were not transferred to this exact pair.	No exact target-specific causal edge was established; target-cell presence, downstream activation and upstream relay are not inferred. nuclear-structure/transport protein, not assumed TF; source subcategory lamina_pore_or_genome_organization; exact queued targets require review; no exact queued regulator-target evidence was validated.	false	false
public_tf_evidence_batch037_pair_06_3	public_tf_evidence_batch_037	6	nup98	NUP98/Nup98	human	TFLink	tflink:human:001108:fe564fbc19df	NUP98	ACVRL1	20B	database_attributed_candidate_not_verified	https://pubmed.ncbi.nlm.nih.gov/?term=%22NUP98%22+AND+%22ACVRL1%22+AND+human	database_membership_only_not_promotable	supported_regulator_role_only_not_pair_evidence	not_assessed_for_exact_pair	TFLink_membership_only_no_target-locus_or_pairwise_assay_validated	not_assessed_for_exact_pair	not_established_for_SCI_target_cell	not_tested_for_exact_pair	retain_provenance_traceable_candidate_without_promotion	https://tflink.net/download/#interaction-gmt		TFLink membership and regulator-level annotation are search leads; co-expression, pathway membership, orthologs, paralogs, general machinery and reverse-direction findings were not transferred to this exact pair.	No exact target-specific causal edge was established; target-cell presence, downstream activation and upstream relay are not inferred. nuclear-structure/transport protein, not assumed TF; source subcategory lamina_pore_or_genome_organization; exact queued targets require review; no exact queued regulator-target evidence was validated.	false	false
public_tf_evidence_batch037_pair_06_4	public_tf_evidence_batch_037	6	nup98	NUP98/Nup98	human	TFLink	tflink:human:001108:fe564fbc19df	NUP98	ADAM10	23B	database_attributed_candidate_not_verified	https://pubmed.ncbi.nlm.nih.gov/?term=%22NUP98%22+AND+%22ADAM10%22+AND+human	database_membership_only_not_promotable	supported_regulator_role_only_not_pair_evidence	not_assessed_for_exact_pair	TFLink_membership_only_no_target-locus_or_pairwise_assay_validated	not_assessed_for_exact_pair	not_established_for_SCI_target_cell	not_tested_for_exact_pair	retain_provenance_traceable_candidate_without_promotion	https://tflink.net/download/#interaction-gmt		TFLink membership and regulator-level annotation are search leads; co-expression, pathway membership, orthologs, paralogs, general machinery and reverse-direction findings were not transferred to this exact pair.	No exact target-specific causal edge was established; target-cell presence, downstream activation and upstream relay are not inferred. nuclear-structure/transport protein, not assumed TF; source subcategory lamina_pore_or_genome_organization; exact queued targets require review; no exact queued regulator-target evidence was validated.	false	false
public_tf_evidence_batch037_pair_07_1	public_tf_evidence_batch_037	7	ercc6	ERCC6	human	TFLink	tflink:human:001093:e56c12d0309d	ERCC6	A2M	20B	database_attributed_candidate_not_verified	https://pubmed.ncbi.nlm.nih.gov/?term=%22ERCC6%22+AND+%22A2M%22+AND+human	database_membership_only_not_promotable	supported_regulator_role_only_not_pair_evidence	not_assessed_for_exact_pair	TFLink_membership_only_no_target-locus_or_pairwise_assay_validated	not_assessed_for_exact_pair	not_established_for_SCI_target_cell	not_tested_for_exact_pair	retain_provenance_traceable_candidate_without_promotion	https://tflink.net/download/#interaction-gmt		TFLink membership and regulator-level annotation are search leads; co-expression, pathway membership, orthologs, paralogs, general machinery and reverse-direction findings were not transferred to this exact pair.	No exact target-specific causal edge was established; target-cell presence, downstream activation and upstream relay are not inferred. DNA-repair/genome-maintenance protein, not assumed TF; source subcategory repair_replication_or_recombination; exact queued targets require review; no exact queued regulator-target evidence was validated.	false	false
public_tf_evidence_batch037_pair_07_2	public_tf_evidence_batch_037	7	ercc6	ERCC6	human	TFLink	tflink:human:001093:e56c12d0309d	ERCC6	ACKR2	20B	database_attributed_candidate_not_verified	https://pubmed.ncbi.nlm.nih.gov/?term=%22ERCC6%22+AND+%22ACKR2%22+AND+human	database_membership_only_not_promotable	supported_regulator_role_only_not_pair_evidence	not_assessed_for_exact_pair	TFLink_membership_only_no_target-locus_or_pairwise_assay_validated	not_assessed_for_exact_pair	not_established_for_SCI_target_cell	not_tested_for_exact_pair	retain_provenance_traceable_candidate_without_promotion	https://tflink.net/download/#interaction-gmt		TFLink membership and regulator-level annotation are search leads; co-expression, pathway membership, orthologs, paralogs, general machinery and reverse-direction findings were not transferred to this exact pair.	No exact target-specific causal edge was established; target-cell presence, downstream activation and upstream relay are not inferred. DNA-repair/genome-maintenance protein, not assumed TF; source subcategory repair_replication_or_recombination; exact queued targets require review; no exact queued regulator-target evidence was validated.	false	false
public_tf_evidence_batch037_pair_07_3	public_tf_evidence_batch_037	7	ercc6	ERCC6	human	TFLink	tflink:human:001093:e56c12d0309d	ERCC6	ACTR2	20B	database_attributed_candidate_not_verified	https://pubmed.ncbi.nlm.nih.gov/?term=%22ERCC6%22+AND+%22ACTR2%22+AND+human	database_membership_only_not_promotable	supported_regulator_role_only_not_pair_evidence	not_assessed_for_exact_pair	TFLink_membership_only_no_target-locus_or_pairwise_assay_validated	not_assessed_for_exact_pair	not_established_for_SCI_target_cell	not_tested_for_exact_pair	retain_provenance_traceable_candidate_without_promotion	https://tflink.net/download/#interaction-gmt		TFLink membership and regulator-level annotation are search leads; co-expression, pathway membership, orthologs, paralogs, general machinery and reverse-direction findings were not transferred to this exact pair.	No exact target-specific causal edge was established; target-cell presence, downstream activation and upstream relay are not inferred. DNA-repair/genome-maintenance protein, not assumed TF; source subcategory repair_replication_or_recombination; exact queued targets require review; no exact queued regulator-target evidence was validated.	false	false
public_tf_evidence_batch037_pair_07_4	public_tf_evidence_batch_037	7	ercc6	ERCC6	human	TFLink	tflink:human:001093:e56c12d0309d	ERCC6	ADAM17	20B	database_attributed_candidate_not_verified	https://pubmed.ncbi.nlm.nih.gov/?term=%22ERCC6%22+AND+%22ADAM17%22+AND+human	database_membership_only_not_promotable	supported_regulator_role_only_not_pair_evidence	not_assessed_for_exact_pair	TFLink_membership_only_no_target-locus_or_pairwise_assay_validated	not_assessed_for_exact_pair	not_established_for_SCI_target_cell	not_tested_for_exact_pair	retain_provenance_traceable_candidate_without_promotion	https://tflink.net/download/#interaction-gmt		TFLink membership and regulator-level annotation are search leads; co-expression, pathway membership, orthologs, paralogs, general machinery and reverse-direction findings were not transferred to this exact pair.	No exact target-specific causal edge was established; target-cell presence, downstream activation and upstream relay are not inferred. DNA-repair/genome-maintenance protein, not assumed TF; source subcategory repair_replication_or_recombination; exact queued targets require review; no exact queued regulator-target evidence was validated.	false	false
public_tf_evidence_batch037_pair_08_1	public_tf_evidence_batch_037	8	p65	p65	human	TFLink	tflink:human:001010:728ea52f42a8	p65	ACKR1	20B	database_attributed_candidate_not_verified	https://pubmed.ncbi.nlm.nih.gov/?term=%22p65%22+AND+%22ACKR1%22+AND+human	database_membership_only_not_promotable	supported_regulator_role_only_not_pair_evidence	not_assessed_for_exact_pair	TFLink_membership_only_no_target-locus_or_pairwise_assay_validated	not_assessed_for_exact_pair	not_established_for_SCI_target_cell	not_tested_for_exact_pair	retain_provenance_traceable_candidate_without_promotion	https://tflink.net/download/#interaction-gmt		TFLink membership and regulator-level annotation are search leads; co-expression, pathway membership, orthologs, paralogs, general machinery and reverse-direction findings were not transferred to this exact pair.	No exact target-specific causal edge was established; target-cell presence, downstream activation and upstream relay are not inferred. alias/ingestion-artifact review hold; source subcategory noncanonical_or_missing_value_symbol; exact queued targets require review; no exact queued regulator-target evidence was validated.	false	false
public_tf_evidence_batch037_pair_08_2	public_tf_evidence_batch_037	8	p65	p65	human	TFLink	tflink:human:001010:728ea52f42a8	p65	ACKR2	20B	database_attributed_candidate_not_verified	https://pubmed.ncbi.nlm.nih.gov/?term=%22p65%22+AND+%22ACKR2%22+AND+human	database_membership_only_not_promotable	supported_regulator_role_only_not_pair_evidence	not_assessed_for_exact_pair	TFLink_membership_only_no_target-locus_or_pairwise_assay_validated	not_assessed_for_exact_pair	not_established_for_SCI_target_cell	not_tested_for_exact_pair	retain_provenance_traceable_candidate_without_promotion	https://tflink.net/download/#interaction-gmt		TFLink membership and regulator-level annotation are search leads; co-expression, pathway membership, orthologs, paralogs, general machinery and reverse-direction findings were not transferred to this exact pair.	No exact target-specific causal edge was established; target-cell presence, downstream activation and upstream relay are not inferred. alias/ingestion-artifact review hold; source subcategory noncanonical_or_missing_value_symbol; exact queued targets require review; no exact queued regulator-target evidence was validated.	false	false
public_tf_evidence_batch037_pair_08_3	public_tf_evidence_batch_037	8	p65	p65	human	TFLink	tflink:human:001010:728ea52f42a8	p65	ACTR2	20B	database_attributed_candidate_not_verified	https://pubmed.ncbi.nlm.nih.gov/?term=%22p65%22+AND+%22ACTR2%22+AND+human	database_membership_only_not_promotable	supported_regulator_role_only_not_pair_evidence	not_assessed_for_exact_pair	TFLink_membership_only_no_target-locus_or_pairwise_assay_validated	not_assessed_for_exact_pair	not_established_for_SCI_target_cell	not_tested_for_exact_pair	retain_provenance_traceable_candidate_without_promotion	https://tflink.net/download/#interaction-gmt		TFLink membership and regulator-level annotation are search leads; co-expression, pathway membership, orthologs, paralogs, general machinery and reverse-direction findings were not transferred to this exact pair.	No exact target-specific causal edge was established; target-cell presence, downstream activation and upstream relay are not inferred. alias/ingestion-artifact review hold; source subcategory noncanonical_or_missing_value_symbol; exact queued targets require review; no exact queued regulator-target evidence was validated.	false	false
public_tf_evidence_batch037_pair_08_4	public_tf_evidence_batch_037	8	p65	p65	human	TFLink	tflink:human:001010:728ea52f42a8	p65	ACVRL1	20B	database_attributed_candidate_not_verified	https://pubmed.ncbi.nlm.nih.gov/?term=%22p65%22+AND+%22ACVRL1%22+AND+human	database_membership_only_not_promotable	supported_regulator_role_only_not_pair_evidence	not_assessed_for_exact_pair	TFLink_membership_only_no_target-locus_or_pairwise_assay_validated	not_assessed_for_exact_pair	not_established_for_SCI_target_cell	not_tested_for_exact_pair	retain_provenance_traceable_candidate_without_promotion	https://tflink.net/download/#interaction-gmt		TFLink membership and regulator-level annotation are search leads; co-expression, pathway membership, orthologs, paralogs, general machinery and reverse-direction findings were not transferred to this exact pair.	No exact target-specific causal edge was established; target-cell presence, downstream activation and upstream relay are not inferred. alias/ingestion-artifact review hold; source subcategory noncanonical_or_missing_value_symbol; exact queued targets require review; no exact queued regulator-target evidence was validated.	false	false
public_tf_evidence_batch037_pair_09_1	public_tf_evidence_batch_037	9	pex2	PEX2/Pex2	human	TFLink	tflink:human:000870:c42cdd18aa99	PEX2	ACKR2	20B	database_attributed_candidate_not_verified	https://pubmed.ncbi.nlm.nih.gov/?term=%22PEX2%22+AND+%22ACKR2%22+AND+human	database_membership_only_not_promotable	supported_regulator_role_only_not_pair_evidence	not_assessed_for_exact_pair	TFLink_membership_only_no_target-locus_or_pairwise_assay_validated	not_assessed_for_exact_pair	not_established_for_SCI_target_cell	not_tested_for_exact_pair	retain_provenance_traceable_candidate_without_promotion	https://tflink.net/download/#interaction-gmt		TFLink membership and regulator-level annotation are search leads; co-expression, pathway membership, orthologs, paralogs, general machinery and reverse-direction findings were not transferred to this exact pair.	No exact target-specific causal edge was established; target-cell presence, downstream activation and upstream relay are not inferred. signaling/metabolic/membrane/cell-cycle protein, not assumed TF; source subcategory enzyme_receptor_transporter_or_cell_cycle; exact queued targets require review; no exact queued regulator-target evidence was validated.	false	false
public_tf_evidence_batch037_pair_09_2	public_tf_evidence_batch_037	9	pex2	PEX2/Pex2	human	TFLink	tflink:human:000870:c42cdd18aa99	PEX2	ACTR2	20B	database_attributed_candidate_not_verified	https://pubmed.ncbi.nlm.nih.gov/?term=%22PEX2%22+AND+%22ACTR2%22+AND+human	database_membership_only_not_promotable	supported_regulator_role_only_not_pair_evidence	not_assessed_for_exact_pair	TFLink_membership_only_no_target-locus_or_pairwise_assay_validated	not_assessed_for_exact_pair	not_established_for_SCI_target_cell	not_tested_for_exact_pair	retain_provenance_traceable_candidate_without_promotion	https://tflink.net/download/#interaction-gmt		TFLink membership and regulator-level annotation are search leads; co-expression, pathway membership, orthologs, paralogs, general machinery and reverse-direction findings were not transferred to this exact pair.	No exact target-specific causal edge was established; target-cell presence, downstream activation and upstream relay are not inferred. signaling/metabolic/membrane/cell-cycle protein, not assumed TF; source subcategory enzyme_receptor_transporter_or_cell_cycle; exact queued targets require review; no exact queued regulator-target evidence was validated.	false	false
public_tf_evidence_batch037_pair_09_3	public_tf_evidence_batch_037	9	pex2	PEX2/Pex2	human	TFLink	tflink:human:000870:c42cdd18aa99	PEX2	ACVRL1	20B	database_attributed_candidate_not_verified	https://pubmed.ncbi.nlm.nih.gov/?term=%22PEX2%22+AND+%22ACVRL1%22+AND+human	database_membership_only_not_promotable	supported_regulator_role_only_not_pair_evidence	not_assessed_for_exact_pair	TFLink_membership_only_no_target-locus_or_pairwise_assay_validated	not_assessed_for_exact_pair	not_established_for_SCI_target_cell	not_tested_for_exact_pair	retain_provenance_traceable_candidate_without_promotion	https://tflink.net/download/#interaction-gmt		TFLink membership and regulator-level annotation are search leads; co-expression, pathway membership, orthologs, paralogs, general machinery and reverse-direction findings were not transferred to this exact pair.	No exact target-specific causal edge was established; target-cell presence, downstream activation and upstream relay are not inferred. signaling/metabolic/membrane/cell-cycle protein, not assumed TF; source subcategory enzyme_receptor_transporter_or_cell_cycle; exact queued targets require review; no exact queued regulator-target evidence was validated.	false	false
public_tf_evidence_batch037_pair_09_4	public_tf_evidence_batch_037	9	pex2	PEX2/Pex2	human	TFLink	tflink:human:000870:c42cdd18aa99	PEX2	ADA	20B	database_attributed_candidate_not_verified	https://pubmed.ncbi.nlm.nih.gov/?term=%22PEX2%22+AND+%22ADA%22+AND+human	database_membership_only_not_promotable	supported_regulator_role_only_not_pair_evidence	not_assessed_for_exact_pair	TFLink_membership_only_no_target-locus_or_pairwise_assay_validated	not_assessed_for_exact_pair	not_established_for_SCI_target_cell	not_tested_for_exact_pair	retain_provenance_traceable_candidate_without_promotion	https://tflink.net/download/#interaction-gmt		TFLink membership and regulator-level annotation are search leads; co-expression, pathway membership, orthologs, paralogs, general machinery and reverse-direction findings were not transferred to this exact pair.	No exact target-specific causal edge was established; target-cell presence, downstream activation and upstream relay are not inferred. signaling/metabolic/membrane/cell-cycle protein, not assumed TF; source subcategory enzyme_receptor_transporter_or_cell_cycle; exact queued targets require review; no exact queued regulator-target evidence was validated.	false	false
public_tf_evidence_batch037_pair_10_1	public_tf_evidence_batch_037	10	cdk6	CDK6/Cdk6	mouse	TFLink	tflink:mouse:000928:e8615297d7db	Cdk6	Actr2	20B	database_attributed_candidate_not_verified	https://pubmed.ncbi.nlm.nih.gov/?term=%22Cdk6%22+AND+%22Actr2%22+AND+mouse	database_membership_only_not_promotable	supported_regulator_role_only_not_pair_evidence	not_assessed_for_exact_pair	TFLink_membership_only_no_target-locus_or_pairwise_assay_validated	not_assessed_for_exact_pair	not_established_for_SCI_target_cell	not_tested_for_exact_pair	retain_provenance_traceable_candidate_without_promotion	https://tflink.net/download/#interaction-gmt		TFLink membership and regulator-level annotation are search leads; co-expression, pathway membership, orthologs, paralogs, general machinery and reverse-direction findings were not transferred to this exact pair.	No exact target-specific causal edge was established; target-cell presence, downstream activation and upstream relay are not inferred. signaling/metabolic/membrane/cell-cycle protein, not assumed TF; source subcategory enzyme_receptor_transporter_or_cell_cycle; exact queued targets require review; no exact queued regulator-target evidence was validated.	false	false
public_tf_evidence_batch037_pair_10_2	public_tf_evidence_batch_037	10	cdk6	CDK6/Cdk6	mouse	TFLink	tflink:mouse:000928:e8615297d7db	Cdk6	Acvr1	20B	database_attributed_candidate_not_verified	https://pubmed.ncbi.nlm.nih.gov/?term=%22Cdk6%22+AND+%22Acvr1%22+AND+mouse	database_membership_only_not_promotable	supported_regulator_role_only_not_pair_evidence	not_assessed_for_exact_pair	TFLink_membership_only_no_target-locus_or_pairwise_assay_validated	not_assessed_for_exact_pair	not_established_for_SCI_target_cell	not_tested_for_exact_pair	retain_provenance_traceable_candidate_without_promotion	https://tflink.net/download/#interaction-gmt		TFLink membership and regulator-level annotation are search leads; co-expression, pathway membership, orthologs, paralogs, general machinery and reverse-direction findings were not transferred to this exact pair.	No exact target-specific causal edge was established; target-cell presence, downstream activation and upstream relay are not inferred. signaling/metabolic/membrane/cell-cycle protein, not assumed TF; source subcategory enzyme_receptor_transporter_or_cell_cycle; exact queued targets require review; no exact queued regulator-target evidence was validated.	false	false
public_tf_evidence_batch037_pair_10_3	public_tf_evidence_batch_037	10	cdk6	CDK6/Cdk6	mouse	TFLink	tflink:mouse:000928:e8615297d7db	Cdk6	Acvr1c	20B	database_attributed_candidate_not_verified	https://pubmed.ncbi.nlm.nih.gov/?term=%22Cdk6%22+AND+%22Acvr1c%22+AND+mouse	database_membership_only_not_promotable	supported_regulator_role_only_not_pair_evidence	not_assessed_for_exact_pair	TFLink_membership_only_no_target-locus_or_pairwise_assay_validated	not_assessed_for_exact_pair	not_established_for_SCI_target_cell	not_tested_for_exact_pair	retain_provenance_traceable_candidate_without_promotion	https://tflink.net/download/#interaction-gmt		TFLink membership and regulator-level annotation are search leads; co-expression, pathway membership, orthologs, paralogs, general machinery and reverse-direction findings were not transferred to this exact pair.	No exact target-specific causal edge was established; target-cell presence, downstream activation and upstream relay are not inferred. signaling/metabolic/membrane/cell-cycle protein, not assumed TF; source subcategory enzyme_receptor_transporter_or_cell_cycle; exact queued targets require review; no exact queued regulator-target evidence was validated.	false	false
public_tf_evidence_batch037_pair_10_4	public_tf_evidence_batch_037	10	cdk6	CDK6/Cdk6	mouse	TFLink	tflink:mouse:000928:e8615297d7db	Cdk6	Ada	20B	database_attributed_candidate_not_verified	https://pubmed.ncbi.nlm.nih.gov/?term=%22Cdk6%22+AND+%22Ada%22+AND+mouse	database_membership_only_not_promotable	supported_regulator_role_only_not_pair_evidence	not_assessed_for_exact_pair	TFLink_membership_only_no_target-locus_or_pairwise_assay_validated	not_assessed_for_exact_pair	not_established_for_SCI_target_cell	not_tested_for_exact_pair	retain_provenance_traceable_candidate_without_promotion	https://tflink.net/download/#interaction-gmt		TFLink membership and regulator-level annotation are search leads; co-expression, pathway membership, orthologs, paralogs, general machinery and reverse-direction findings were not transferred to this exact pair.	No exact target-specific causal edge was established; target-cell presence, downstream activation and upstream relay are not inferred. signaling/metabolic/membrane/cell-cycle protein, not assumed TF; source subcategory enzyme_receptor_transporter_or_cell_cycle; exact queued targets require review; no exact queued regulator-target evidence was validated.	false	false
public_tf_evidence_batch037_pair_11_1	public_tf_evidence_batch_037	11	pcbp1	PCBP1	human	TFLink	tflink:human:001186:8e09bf36304e	PCBP1	ABCA1	20B	database_attributed_candidate_not_verified	https://pubmed.ncbi.nlm.nih.gov/?term=%22PCBP1%22+AND+%22ABCA1%22+AND+human	database_membership_only_not_promotable	supported_regulator_role_only_not_pair_evidence	not_assessed_for_exact_pair	TFLink_membership_only_no_target-locus_or_pairwise_assay_validated	not_assessed_for_exact_pair	not_established_for_SCI_target_cell	not_tested_for_exact_pair	retain_provenance_traceable_candidate_without_promotion	https://tflink.net/download/#interaction-gmt		TFLink membership and regulator-level annotation are search leads; co-expression, pathway membership, orthologs, paralogs, general machinery and reverse-direction findings were not transferred to this exact pair.	No exact target-specific causal edge was established; target-cell presence, downstream activation and upstream relay are not inferred. RNA-binding/post-transcriptional regulator, not a DNA TF; source subcategory rna_processing_or_binding; exact queued targets require review; no exact queued regulator-target evidence was validated.	false	false
public_tf_evidence_batch037_pair_11_2	public_tf_evidence_batch_037	11	pcbp1	PCBP1	human	TFLink	tflink:human:001186:8e09bf36304e	PCBP1	ACKR2	20B	database_attributed_candidate_not_verified	https://pubmed.ncbi.nlm.nih.gov/?term=%22PCBP1%22+AND+%22ACKR2%22+AND+human	database_membership_only_not_promotable	supported_regulator_role_only_not_pair_evidence	not_assessed_for_exact_pair	TFLink_membership_only_no_target-locus_or_pairwise_assay_validated	not_assessed_for_exact_pair	not_established_for_SCI_target_cell	not_tested_for_exact_pair	retain_provenance_traceable_candidate_without_promotion	https://tflink.net/download/#interaction-gmt		TFLink membership and regulator-level annotation are search leads; co-expression, pathway membership, orthologs, paralogs, general machinery and reverse-direction findings were not transferred to this exact pair.	No exact target-specific causal edge was established; target-cell presence, downstream activation and upstream relay are not inferred. RNA-binding/post-transcriptional regulator, not a DNA TF; source subcategory rna_processing_or_binding; exact queued targets require review; no exact queued regulator-target evidence was validated.	false	false
public_tf_evidence_batch037_pair_11_3	public_tf_evidence_batch_037	11	pcbp1	PCBP1	human	TFLink	tflink:human:001186:8e09bf36304e	PCBP1	ACTR2	20B	database_attributed_candidate_not_verified	https://pubmed.ncbi.nlm.nih.gov/?term=%22PCBP1%22+AND+%22ACTR2%22+AND+human	database_membership_only_not_promotable	supported_regulator_role_only_not_pair_evidence	not_assessed_for_exact_pair	TFLink_membership_only_no_target-locus_or_pairwise_assay_validated	not_assessed_for_exact_pair	not_established_for_SCI_target_cell	not_tested_for_exact_pair	retain_provenance_traceable_candidate_without_promotion	https://tflink.net/download/#interaction-gmt		TFLink membership and regulator-level annotation are search leads; co-expression, pathway membership, orthologs, paralogs, general machinery and reverse-direction findings were not transferred to this exact pair.	No exact target-specific causal edge was established; target-cell presence, downstream activation and upstream relay are not inferred. RNA-binding/post-transcriptional regulator, not a DNA TF; source subcategory rna_processing_or_binding; exact queued targets require review; no exact queued regulator-target evidence was validated.	false	false
public_tf_evidence_batch037_pair_11_4	public_tf_evidence_batch_037	11	pcbp1	PCBP1	human	TFLink	tflink:human:001186:8e09bf36304e	PCBP1	ACVR1	20B	database_attributed_candidate_not_verified	https://pubmed.ncbi.nlm.nih.gov/?term=%22PCBP1%22+AND+%22ACVR1%22+AND+human	database_membership_only_not_promotable	supported_regulator_role_only_not_pair_evidence	not_assessed_for_exact_pair	TFLink_membership_only_no_target-locus_or_pairwise_assay_validated	not_assessed_for_exact_pair	not_established_for_SCI_target_cell	not_tested_for_exact_pair	retain_provenance_traceable_candidate_without_promotion	https://tflink.net/download/#interaction-gmt		TFLink membership and regulator-level annotation are search leads; co-expression, pathway membership, orthologs, paralogs, general machinery and reverse-direction findings were not transferred to this exact pair.	No exact target-specific causal edge was established; target-cell presence, downstream activation and upstream relay are not inferred. RNA-binding/post-transcriptional regulator, not a DNA TF; source subcategory rna_processing_or_binding; exact queued targets require review; no exact queued regulator-target evidence was validated.	false	false
public_tf_evidence_batch037_pair_12_1	public_tf_evidence_batch_037	12	fip1l1	FIP1L1	human	TFLink	tflink:human:001054:65dca68e6c68	FIP1L1	A2M	20B	database_attributed_candidate_not_verified	https://pubmed.ncbi.nlm.nih.gov/?term=%22FIP1L1%22+AND+%22A2M%22+AND+human	database_membership_only_not_promotable	supported_regulator_role_only_not_pair_evidence	not_assessed_for_exact_pair	TFLink_membership_only_no_target-locus_or_pairwise_assay_validated	not_assessed_for_exact_pair	not_established_for_SCI_target_cell	not_tested_for_exact_pair	retain_provenance_traceable_candidate_without_promotion	https://tflink.net/download/#interaction-gmt		TFLink membership and regulator-level annotation are search leads; co-expression, pathway membership, orthologs, paralogs, general machinery and reverse-direction findings were not transferred to this exact pair.	No exact target-specific causal edge was established; target-cell presence, downstream activation and upstream relay are not inferred. RNA-binding/post-transcriptional regulator, not a DNA TF; source subcategory rna_processing_or_binding; exact queued targets require review; no exact queued regulator-target evidence was validated.	false	false
public_tf_evidence_batch037_pair_12_2	public_tf_evidence_batch_037	12	fip1l1	FIP1L1	human	TFLink	tflink:human:001054:65dca68e6c68	FIP1L1	ABCA1	20B	database_attributed_candidate_not_verified	https://pubmed.ncbi.nlm.nih.gov/?term=%22FIP1L1%22+AND+%22ABCA1%22+AND+human	database_membership_only_not_promotable	supported_regulator_role_only_not_pair_evidence	not_assessed_for_exact_pair	TFLink_membership_only_no_target-locus_or_pairwise_assay_validated	not_assessed_for_exact_pair	not_established_for_SCI_target_cell	not_tested_for_exact_pair	retain_provenance_traceable_candidate_without_promotion	https://tflink.net/download/#interaction-gmt		TFLink membership and regulator-level annotation are search leads; co-expression, pathway membership, orthologs, paralogs, general machinery and reverse-direction findings were not transferred to this exact pair.	No exact target-specific causal edge was established; target-cell presence, downstream activation and upstream relay are not inferred. RNA-binding/post-transcriptional regulator, not a DNA TF; source subcategory rna_processing_or_binding; exact queued targets require review; no exact queued regulator-target evidence was validated.	false	false
public_tf_evidence_batch037_pair_12_3	public_tf_evidence_batch_037	12	fip1l1	FIP1L1	human	TFLink	tflink:human:001054:65dca68e6c68	FIP1L1	ACKR2	20B	database_attributed_candidate_not_verified	https://pubmed.ncbi.nlm.nih.gov/?term=%22FIP1L1%22+AND+%22ACKR2%22+AND+human	database_membership_only_not_promotable	supported_regulator_role_only_not_pair_evidence	not_assessed_for_exact_pair	TFLink_membership_only_no_target-locus_or_pairwise_assay_validated	not_assessed_for_exact_pair	not_established_for_SCI_target_cell	not_tested_for_exact_pair	retain_provenance_traceable_candidate_without_promotion	https://tflink.net/download/#interaction-gmt		TFLink membership and regulator-level annotation are search leads; co-expression, pathway membership, orthologs, paralogs, general machinery and reverse-direction findings were not transferred to this exact pair.	No exact target-specific causal edge was established; target-cell presence, downstream activation and upstream relay are not inferred. RNA-binding/post-transcriptional regulator, not a DNA TF; source subcategory rna_processing_or_binding; exact queued targets require review; no exact queued regulator-target evidence was validated.	false	false
public_tf_evidence_batch037_pair_12_4	public_tf_evidence_batch_037	12	fip1l1	FIP1L1	human	TFLink	tflink:human:001054:65dca68e6c68	FIP1L1	ACVR1	20B	database_attributed_candidate_not_verified	https://pubmed.ncbi.nlm.nih.gov/?term=%22FIP1L1%22+AND+%22ACVR1%22+AND+human	database_membership_only_not_promotable	supported_regulator_role_only_not_pair_evidence	not_assessed_for_exact_pair	TFLink_membership_only_no_target-locus_or_pairwise_assay_validated	not_assessed_for_exact_pair	not_established_for_SCI_target_cell	not_tested_for_exact_pair	retain_provenance_traceable_candidate_without_promotion	https://tflink.net/download/#interaction-gmt		TFLink membership and regulator-level annotation are search leads; co-expression, pathway membership, orthologs, paralogs, general machinery and reverse-direction findings were not transferred to this exact pair.	No exact target-specific causal edge was established; target-cell presence, downstream activation and upstream relay are not inferred. RNA-binding/post-transcriptional regulator, not a DNA TF; source subcategory rna_processing_or_binding; exact queued targets require review; no exact queued regulator-target evidence was validated.	false	false
public_tf_evidence_batch037_pair_13_1	public_tf_evidence_batch_037	13	oca2	OCA2	human	TFLink	tflink:human:000971:ddadbdeaea8b	OCA2	ACKR2	20B	database_attributed_candidate_not_verified	https://pubmed.ncbi.nlm.nih.gov/?term=%22OCA2%22+AND+%22ACKR2%22+AND+human	database_membership_only_not_promotable	supported_regulator_role_only_not_pair_evidence	not_assessed_for_exact_pair	TFLink_membership_only_no_target-locus_or_pairwise_assay_validated	not_assessed_for_exact_pair	not_established_for_SCI_target_cell	not_tested_for_exact_pair	retain_provenance_traceable_candidate_without_promotion	https://tflink.net/download/#interaction-gmt		TFLink membership and regulator-level annotation are search leads; co-expression, pathway membership, orthologs, paralogs, general machinery and reverse-direction findings were not transferred to this exact pair.	No exact target-specific causal edge was established; target-cell presence, downstream activation and upstream relay are not inferred. signaling/metabolic/membrane/cell-cycle protein, not assumed TF; source subcategory enzyme_receptor_transporter_or_cell_cycle; exact queued targets require review; no exact queued regulator-target evidence was validated.	false	false
public_tf_evidence_batch037_pair_13_2	public_tf_evidence_batch_037	13	oca2	OCA2	human	TFLink	tflink:human:000971:ddadbdeaea8b	OCA2	ACTR2	20B	database_attributed_candidate_not_verified	https://pubmed.ncbi.nlm.nih.gov/?term=%22OCA2%22+AND+%22ACTR2%22+AND+human	database_membership_only_not_promotable	supported_regulator_role_only_not_pair_evidence	not_assessed_for_exact_pair	TFLink_membership_only_no_target-locus_or_pairwise_assay_validated	not_assessed_for_exact_pair	not_established_for_SCI_target_cell	not_tested_for_exact_pair	retain_provenance_traceable_candidate_without_promotion	https://tflink.net/download/#interaction-gmt		TFLink membership and regulator-level annotation are search leads; co-expression, pathway membership, orthologs, paralogs, general machinery and reverse-direction findings were not transferred to this exact pair.	No exact target-specific causal edge was established; target-cell presence, downstream activation and upstream relay are not inferred. signaling/metabolic/membrane/cell-cycle protein, not assumed TF; source subcategory enzyme_receptor_transporter_or_cell_cycle; exact queued targets require review; no exact queued regulator-target evidence was validated.	false	false
public_tf_evidence_batch037_pair_13_3	public_tf_evidence_batch_037	13	oca2	OCA2	human	TFLink	tflink:human:000971:ddadbdeaea8b	OCA2	ACVR1	20B	database_attributed_candidate_not_verified	https://pubmed.ncbi.nlm.nih.gov/?term=%22OCA2%22+AND+%22ACVR1%22+AND+human	database_membership_only_not_promotable	supported_regulator_role_only_not_pair_evidence	not_assessed_for_exact_pair	TFLink_membership_only_no_target-locus_or_pairwise_assay_validated	not_assessed_for_exact_pair	not_established_for_SCI_target_cell	not_tested_for_exact_pair	retain_provenance_traceable_candidate_without_promotion	https://tflink.net/download/#interaction-gmt		TFLink membership and regulator-level annotation are search leads; co-expression, pathway membership, orthologs, paralogs, general machinery and reverse-direction findings were not transferred to this exact pair.	No exact target-specific causal edge was established; target-cell presence, downstream activation and upstream relay are not inferred. signaling/metabolic/membrane/cell-cycle protein, not assumed TF; source subcategory enzyme_receptor_transporter_or_cell_cycle; exact queued targets require review; no exact queued regulator-target evidence was validated.	false	false
public_tf_evidence_batch037_pair_13_4	public_tf_evidence_batch_037	13	oca2	OCA2	human	TFLink	tflink:human:000971:ddadbdeaea8b	OCA2	ACVRL1	20B	database_attributed_candidate_not_verified	https://pubmed.ncbi.nlm.nih.gov/?term=%22OCA2%22+AND+%22ACVRL1%22+AND+human	database_membership_only_not_promotable	supported_regulator_role_only_not_pair_evidence	not_assessed_for_exact_pair	TFLink_membership_only_no_target-locus_or_pairwise_assay_validated	not_assessed_for_exact_pair	not_established_for_SCI_target_cell	not_tested_for_exact_pair	retain_provenance_traceable_candidate_without_promotion	https://tflink.net/download/#interaction-gmt		TFLink membership and regulator-level annotation are search leads; co-expression, pathway membership, orthologs, paralogs, general machinery and reverse-direction findings were not transferred to this exact pair.	No exact target-specific causal edge was established; target-cell presence, downstream activation and upstream relay are not inferred. signaling/metabolic/membrane/cell-cycle protein, not assumed TF; source subcategory enzyme_receptor_transporter_or_cell_cycle; exact queued targets require review; no exact queued regulator-target evidence was validated.	false	false
public_tf_evidence_batch037_pair_14_1	public_tf_evidence_batch_037	14	nbn	NBN/Nbn	human	TFLink	tflink:human:000985:ee59106825ff	NBN	ACKR2	20B	database_attributed_candidate_not_verified	https://pubmed.ncbi.nlm.nih.gov/?term=%22NBN%22+AND+%22ACKR2%22+AND+human	database_membership_only_not_promotable	supported_regulator_role_only_not_pair_evidence	not_assessed_for_exact_pair	TFLink_membership_only_no_target-locus_or_pairwise_assay_validated	not_assessed_for_exact_pair	not_established_for_SCI_target_cell	not_tested_for_exact_pair	retain_provenance_traceable_candidate_without_promotion	https://tflink.net/download/#interaction-gmt		TFLink membership and regulator-level annotation are search leads; co-expression, pathway membership, orthologs, paralogs, general machinery and reverse-direction findings were not transferred to this exact pair.	No exact target-specific causal edge was established; target-cell presence, downstream activation and upstream relay are not inferred. DNA-repair/genome-maintenance protein, not assumed TF; source subcategory repair_replication_or_recombination; exact queued targets require review; no exact queued regulator-target evidence was validated.	false	false
public_tf_evidence_batch037_pair_14_2	public_tf_evidence_batch_037	14	nbn	NBN/Nbn	human	TFLink	tflink:human:000985:ee59106825ff	NBN	ACKR3	20B	database_attributed_candidate_not_verified	https://pubmed.ncbi.nlm.nih.gov/?term=%22NBN%22+AND+%22ACKR3%22+AND+human	database_membership_only_not_promotable	supported_regulator_role_only_not_pair_evidence	not_assessed_for_exact_pair	TFLink_membership_only_no_target-locus_or_pairwise_assay_validated	not_assessed_for_exact_pair	not_established_for_SCI_target_cell	not_tested_for_exact_pair	retain_provenance_traceable_candidate_without_promotion	https://tflink.net/download/#interaction-gmt		TFLink membership and regulator-level annotation are search leads; co-expression, pathway membership, orthologs, paralogs, general machinery and reverse-direction findings were not transferred to this exact pair.	No exact target-specific causal edge was established; target-cell presence, downstream activation and upstream relay are not inferred. DNA-repair/genome-maintenance protein, not assumed TF; source subcategory repair_replication_or_recombination; exact queued targets require review; no exact queued regulator-target evidence was validated.	false	false
public_tf_evidence_batch037_pair_14_3	public_tf_evidence_batch_037	14	nbn	NBN/Nbn	human	TFLink	tflink:human:000985:ee59106825ff	NBN	ACTR2	20B	database_attributed_candidate_not_verified	https://pubmed.ncbi.nlm.nih.gov/?term=%22NBN%22+AND+%22ACTR2%22+AND+human	database_membership_only_not_promotable	supported_regulator_role_only_not_pair_evidence	not_assessed_for_exact_pair	TFLink_membership_only_no_target-locus_or_pairwise_assay_validated	not_assessed_for_exact_pair	not_established_for_SCI_target_cell	not_tested_for_exact_pair	retain_provenance_traceable_candidate_without_promotion	https://tflink.net/download/#interaction-gmt		TFLink membership and regulator-level annotation are search leads; co-expression, pathway membership, orthologs, paralogs, general machinery and reverse-direction findings were not transferred to this exact pair.	No exact target-specific causal edge was established; target-cell presence, downstream activation and upstream relay are not inferred. DNA-repair/genome-maintenance protein, not assumed TF; source subcategory repair_replication_or_recombination; exact queued targets require review; no exact queued regulator-target evidence was validated.	false	false
public_tf_evidence_batch037_pair_14_4	public_tf_evidence_batch_037	14	nbn	NBN/Nbn	human	TFLink	tflink:human:000985:ee59106825ff	NBN	ACVR1	20B	database_attributed_candidate_not_verified	https://pubmed.ncbi.nlm.nih.gov/?term=%22NBN%22+AND+%22ACVR1%22+AND+human	database_membership_only_not_promotable	supported_regulator_role_only_not_pair_evidence	not_assessed_for_exact_pair	TFLink_membership_only_no_target-locus_or_pairwise_assay_validated	not_assessed_for_exact_pair	not_established_for_SCI_target_cell	not_tested_for_exact_pair	retain_provenance_traceable_candidate_without_promotion	https://tflink.net/download/#interaction-gmt		TFLink membership and regulator-level annotation are search leads; co-expression, pathway membership, orthologs, paralogs, general machinery and reverse-direction findings were not transferred to this exact pair.	No exact target-specific causal edge was established; target-cell presence, downstream activation and upstream relay are not inferred. DNA-repair/genome-maintenance protein, not assumed TF; source subcategory repair_replication_or_recombination; exact queued targets require review; no exact queued regulator-target evidence was validated.	false	false
public_tf_evidence_batch037_pair_15_1	public_tf_evidence_batch_037	15	ercc3	ERCC3	human	TFLink	tflink:human:001064:516aca04c32a	ERCC3	ACKR1	20B	database_attributed_candidate_not_verified	https://pubmed.ncbi.nlm.nih.gov/?term=%22ERCC3%22+AND+%22ACKR1%22+AND+human	database_membership_only_not_promotable	supported_regulator_role_only_not_pair_evidence	not_assessed_for_exact_pair	TFLink_membership_only_no_target-locus_or_pairwise_assay_validated	not_assessed_for_exact_pair	not_established_for_SCI_target_cell	not_tested_for_exact_pair	retain_provenance_traceable_candidate_without_promotion	https://tflink.net/download/#interaction-gmt		TFLink membership and regulator-level annotation are search leads; co-expression, pathway membership, orthologs, paralogs, general machinery and reverse-direction findings were not transferred to this exact pair.	No exact target-specific causal edge was established; target-cell presence, downstream activation and upstream relay are not inferred. DNA-repair/genome-maintenance protein, not assumed TF; source subcategory repair_replication_or_recombination; exact queued targets require review; no exact queued regulator-target evidence was validated.	false	false
public_tf_evidence_batch037_pair_15_2	public_tf_evidence_batch_037	15	ercc3	ERCC3	human	TFLink	tflink:human:001064:516aca04c32a	ERCC3	ACKR2	20B	database_attributed_candidate_not_verified	https://pubmed.ncbi.nlm.nih.gov/?term=%22ERCC3%22+AND+%22ACKR2%22+AND+human	database_membership_only_not_promotable	supported_regulator_role_only_not_pair_evidence	not_assessed_for_exact_pair	TFLink_membership_only_no_target-locus_or_pairwise_assay_validated	not_assessed_for_exact_pair	not_established_for_SCI_target_cell	not_tested_for_exact_pair	retain_provenance_traceable_candidate_without_promotion	https://tflink.net/download/#interaction-gmt		TFLink membership and regulator-level annotation are search leads; co-expression, pathway membership, orthologs, paralogs, general machinery and reverse-direction findings were not transferred to this exact pair.	No exact target-specific causal edge was established; target-cell presence, downstream activation and upstream relay are not inferred. DNA-repair/genome-maintenance protein, not assumed TF; source subcategory repair_replication_or_recombination; exact queued targets require review; no exact queued regulator-target evidence was validated.	false	false
public_tf_evidence_batch037_pair_15_3	public_tf_evidence_batch_037	15	ercc3	ERCC3	human	TFLink	tflink:human:001064:516aca04c32a	ERCC3	ACTR2	20B	database_attributed_candidate_not_verified	https://pubmed.ncbi.nlm.nih.gov/?term=%22ERCC3%22+AND+%22ACTR2%22+AND+human	database_membership_only_not_promotable	supported_regulator_role_only_not_pair_evidence	not_assessed_for_exact_pair	TFLink_membership_only_no_target-locus_or_pairwise_assay_validated	not_assessed_for_exact_pair	not_established_for_SCI_target_cell	not_tested_for_exact_pair	retain_provenance_traceable_candidate_without_promotion	https://tflink.net/download/#interaction-gmt		TFLink membership and regulator-level annotation are search leads; co-expression, pathway membership, orthologs, paralogs, general machinery and reverse-direction findings were not transferred to this exact pair.	No exact target-specific causal edge was established; target-cell presence, downstream activation and upstream relay are not inferred. DNA-repair/genome-maintenance protein, not assumed TF; source subcategory repair_replication_or_recombination; exact queued targets require review; no exact queued regulator-target evidence was validated.	false	false
public_tf_evidence_batch037_pair_15_4	public_tf_evidence_batch_037	15	ercc3	ERCC3	human	TFLink	tflink:human:001064:516aca04c32a	ERCC3	ADAM12	20B;23B	database_attributed_candidate_not_verified	https://pubmed.ncbi.nlm.nih.gov/?term=%22ERCC3%22+AND+%22ADAM12%22+AND+human	database_membership_only_not_promotable	supported_regulator_role_only_not_pair_evidence	not_assessed_for_exact_pair	TFLink_membership_only_no_target-locus_or_pairwise_assay_validated	not_assessed_for_exact_pair	not_established_for_SCI_target_cell	not_tested_for_exact_pair	retain_provenance_traceable_candidate_without_promotion	https://tflink.net/download/#interaction-gmt		TFLink membership and regulator-level annotation are search leads; co-expression, pathway membership, orthologs, paralogs, general machinery and reverse-direction findings were not transferred to this exact pair.	No exact target-specific causal edge was established; target-cell presence, downstream activation and upstream relay are not inferred. DNA-repair/genome-maintenance protein, not assumed TF; source subcategory repair_replication_or_recombination; exact queued targets require review; no exact queued regulator-target evidence was validated.	false	false
public_tf_evidence_batch037_pair_16_1	public_tf_evidence_batch_037	16	cdk6	CDK6/Cdk6	human	TFLink	tflink:human:000936:02019319773a	CDK6	ACKR2	20B	database_attributed_candidate_not_verified	https://pubmed.ncbi.nlm.nih.gov/?term=%22CDK6%22+AND+%22ACKR2%22+AND+human	database_membership_only_not_promotable	supported_regulator_role_only_not_pair_evidence	not_assessed_for_exact_pair	TFLink_membership_only_no_target-locus_or_pairwise_assay_validated	not_assessed_for_exact_pair	not_established_for_SCI_target_cell	not_tested_for_exact_pair	retain_provenance_traceable_candidate_without_promotion	https://tflink.net/download/#interaction-gmt		TFLink membership and regulator-level annotation are search leads; co-expression, pathway membership, orthologs, paralogs, general machinery and reverse-direction findings were not transferred to this exact pair.	No exact target-specific causal edge was established; target-cell presence, downstream activation and upstream relay are not inferred. signaling/metabolic/membrane/cell-cycle protein, not assumed TF; source subcategory enzyme_receptor_transporter_or_cell_cycle; exact queued targets require review; no exact queued regulator-target evidence was validated.	false	false
public_tf_evidence_batch037_pair_16_2	public_tf_evidence_batch_037	16	cdk6	CDK6/Cdk6	human	TFLink	tflink:human:000936:02019319773a	CDK6	ACTR2	20B	database_attributed_candidate_not_verified	https://pubmed.ncbi.nlm.nih.gov/?term=%22CDK6%22+AND+%22ACTR2%22+AND+human	database_membership_only_not_promotable	supported_regulator_role_only_not_pair_evidence	not_assessed_for_exact_pair	TFLink_membership_only_no_target-locus_or_pairwise_assay_validated	not_assessed_for_exact_pair	not_established_for_SCI_target_cell	not_tested_for_exact_pair	retain_provenance_traceable_candidate_without_promotion	https://tflink.net/download/#interaction-gmt		TFLink membership and regulator-level annotation are search leads; co-expression, pathway membership, orthologs, paralogs, general machinery and reverse-direction findings were not transferred to this exact pair.	No exact target-specific causal edge was established; target-cell presence, downstream activation and upstream relay are not inferred. signaling/metabolic/membrane/cell-cycle protein, not assumed TF; source subcategory enzyme_receptor_transporter_or_cell_cycle; exact queued targets require review; no exact queued regulator-target evidence was validated.	false	false
public_tf_evidence_batch037_pair_16_3	public_tf_evidence_batch_037	16	cdk6	CDK6/Cdk6	human	TFLink	tflink:human:000936:02019319773a	CDK6	ACVR1C	20B	database_attributed_candidate_not_verified	https://pubmed.ncbi.nlm.nih.gov/?term=%22CDK6%22+AND+%22ACVR1C%22+AND+human	database_membership_only_not_promotable	supported_regulator_role_only_not_pair_evidence	not_assessed_for_exact_pair	TFLink_membership_only_no_target-locus_or_pairwise_assay_validated	not_assessed_for_exact_pair	not_established_for_SCI_target_cell	not_tested_for_exact_pair	retain_provenance_traceable_candidate_without_promotion	https://tflink.net/download/#interaction-gmt		TFLink membership and regulator-level annotation are search leads; co-expression, pathway membership, orthologs, paralogs, general machinery and reverse-direction findings were not transferred to this exact pair.	No exact target-specific causal edge was established; target-cell presence, downstream activation and upstream relay are not inferred. signaling/metabolic/membrane/cell-cycle protein, not assumed TF; source subcategory enzyme_receptor_transporter_or_cell_cycle; exact queued targets require review; no exact queued regulator-target evidence was validated.	false	false
public_tf_evidence_batch037_pair_16_4	public_tf_evidence_batch_037	16	cdk6	CDK6/Cdk6	human	TFLink	tflink:human:000936:02019319773a	CDK6	ACVRL1	20B	database_attributed_candidate_not_verified	https://pubmed.ncbi.nlm.nih.gov/?term=%22CDK6%22+AND+%22ACVRL1%22+AND+human	database_membership_only_not_promotable	supported_regulator_role_only_not_pair_evidence	not_assessed_for_exact_pair	TFLink_membership_only_no_target-locus_or_pairwise_assay_validated	not_assessed_for_exact_pair	not_established_for_SCI_target_cell	not_tested_for_exact_pair	retain_provenance_traceable_candidate_without_promotion	https://tflink.net/download/#interaction-gmt		TFLink membership and regulator-level annotation are search leads; co-expression, pathway membership, orthologs, paralogs, general machinery and reverse-direction findings were not transferred to this exact pair.	No exact target-specific causal edge was established; target-cell presence, downstream activation and upstream relay are not inferred. signaling/metabolic/membrane/cell-cycle protein, not assumed TF; source subcategory enzyme_receptor_transporter_or_cell_cycle; exact queued targets require review; no exact queued regulator-target evidence was validated.	false	false
public_tf_evidence_batch037_pair_17_1	public_tf_evidence_batch_037	17	fancd2	FANCD2	human	TFLink	tflink:human:001119:564c046853e4	FANCD2	ACKR2	20B	database_attributed_candidate_not_verified	https://pubmed.ncbi.nlm.nih.gov/?term=%22FANCD2%22+AND+%22ACKR2%22+AND+human	database_membership_only_not_promotable	supported_regulator_role_only_not_pair_evidence	not_assessed_for_exact_pair	TFLink_membership_only_no_target-locus_or_pairwise_assay_validated	not_assessed_for_exact_pair	not_established_for_SCI_target_cell	not_tested_for_exact_pair	retain_provenance_traceable_candidate_without_promotion	https://tflink.net/download/#interaction-gmt		TFLink membership and regulator-level annotation are search leads; co-expression, pathway membership, orthologs, paralogs, general machinery and reverse-direction findings were not transferred to this exact pair.	No exact target-specific causal edge was established; target-cell presence, downstream activation and upstream relay are not inferred. DNA-repair/genome-maintenance protein, not assumed TF; source subcategory repair_replication_or_recombination; exact queued targets require review; no exact queued regulator-target evidence was validated.	false	false
public_tf_evidence_batch037_pair_17_2	public_tf_evidence_batch_037	17	fancd2	FANCD2	human	TFLink	tflink:human:001119:564c046853e4	FANCD2	ACVRL1	20B	database_attributed_candidate_not_verified	https://pubmed.ncbi.nlm.nih.gov/?term=%22FANCD2%22+AND+%22ACVRL1%22+AND+human	database_membership_only_not_promotable	supported_regulator_role_only_not_pair_evidence	not_assessed_for_exact_pair	TFLink_membership_only_no_target-locus_or_pairwise_assay_validated	not_assessed_for_exact_pair	not_established_for_SCI_target_cell	not_tested_for_exact_pair	retain_provenance_traceable_candidate_without_promotion	https://tflink.net/download/#interaction-gmt		TFLink membership and regulator-level annotation are search leads; co-expression, pathway membership, orthologs, paralogs, general machinery and reverse-direction findings were not transferred to this exact pair.	No exact target-specific causal edge was established; target-cell presence, downstream activation and upstream relay are not inferred. DNA-repair/genome-maintenance protein, not assumed TF; source subcategory repair_replication_or_recombination; exact queued targets require review; no exact queued regulator-target evidence was validated.	false	false
public_tf_evidence_batch037_pair_17_3	public_tf_evidence_batch_037	17	fancd2	FANCD2	human	TFLink	tflink:human:001119:564c046853e4	FANCD2	ADA	20B	database_attributed_candidate_not_verified	https://pubmed.ncbi.nlm.nih.gov/?term=%22FANCD2%22+AND+%22ADA%22+AND+human	database_membership_only_not_promotable	supported_regulator_role_only_not_pair_evidence	not_assessed_for_exact_pair	TFLink_membership_only_no_target-locus_or_pairwise_assay_validated	not_assessed_for_exact_pair	not_established_for_SCI_target_cell	not_tested_for_exact_pair	retain_provenance_traceable_candidate_without_promotion	https://tflink.net/download/#interaction-gmt		TFLink membership and regulator-level annotation are search leads; co-expression, pathway membership, orthologs, paralogs, general machinery and reverse-direction findings were not transferred to this exact pair.	No exact target-specific causal edge was established; target-cell presence, downstream activation and upstream relay are not inferred. DNA-repair/genome-maintenance protein, not assumed TF; source subcategory repair_replication_or_recombination; exact queued targets require review; no exact queued regulator-target evidence was validated.	false	false
public_tf_evidence_batch037_pair_17_4	public_tf_evidence_batch_037	17	fancd2	FANCD2	human	TFLink	tflink:human:001119:564c046853e4	FANCD2	ADAM10	23B	database_attributed_candidate_not_verified	https://pubmed.ncbi.nlm.nih.gov/?term=%22FANCD2%22+AND+%22ADAM10%22+AND+human	database_membership_only_not_promotable	supported_regulator_role_only_not_pair_evidence	not_assessed_for_exact_pair	TFLink_membership_only_no_target-locus_or_pairwise_assay_validated	not_assessed_for_exact_pair	not_established_for_SCI_target_cell	not_tested_for_exact_pair	retain_provenance_traceable_candidate_without_promotion	https://tflink.net/download/#interaction-gmt		TFLink membership and regulator-level annotation are search leads; co-expression, pathway membership, orthologs, paralogs, general machinery and reverse-direction findings were not transferred to this exact pair.	No exact target-specific causal edge was established; target-cell presence, downstream activation and upstream relay are not inferred. DNA-repair/genome-maintenance protein, not assumed TF; source subcategory repair_replication_or_recombination; exact queued targets require review; no exact queued regulator-target evidence was validated.	false	false
public_tf_evidence_batch037_pair_18_1	public_tf_evidence_batch_037	18	sumo2	SUMO2/Sumo2	mouse	TFLink	tflink:mouse:001006:0eb14ab8cba0	Sumo2	Abca1	20B	database_attributed_candidate_not_verified	https://pubmed.ncbi.nlm.nih.gov/?term=%22Sumo2%22+AND+%22Abca1%22+AND+mouse	database_membership_only_not_promotable	supported_regulator_role_only_not_pair_evidence	not_assessed_for_exact_pair	TFLink_membership_only_no_target-locus_or_pairwise_assay_validated	not_assessed_for_exact_pair	not_established_for_SCI_target_cell	not_tested_for_exact_pair	retain_provenance_traceable_candidate_without_promotion	https://tflink.net/download/#interaction-gmt		TFLink membership and regulator-level annotation are search leads; co-expression, pathway membership, orthologs, paralogs, general machinery and reverse-direction findings were not transferred to this exact pair.	No exact target-specific causal edge was established; target-cell presence, downstream activation and upstream relay are not inferred. nuclear-structure/transport protein, not assumed TF; source subcategory lamina_pore_or_genome_organization; exact queued targets require review; no exact queued regulator-target evidence was validated.	false	false
public_tf_evidence_batch037_pair_18_2	public_tf_evidence_batch_037	18	sumo2	SUMO2/Sumo2	mouse	TFLink	tflink:mouse:001006:0eb14ab8cba0	Sumo2	Acvr1	20B	database_attributed_candidate_not_verified	https://pubmed.ncbi.nlm.nih.gov/?term=%22Sumo2%22+AND+%22Acvr1%22+AND+mouse	database_membership_only_not_promotable	supported_regulator_role_only_not_pair_evidence	not_assessed_for_exact_pair	TFLink_membership_only_no_target-locus_or_pairwise_assay_validated	not_assessed_for_exact_pair	not_established_for_SCI_target_cell	not_tested_for_exact_pair	retain_provenance_traceable_candidate_without_promotion	https://tflink.net/download/#interaction-gmt		TFLink membership and regulator-level annotation are search leads; co-expression, pathway membership, orthologs, paralogs, general machinery and reverse-direction findings were not transferred to this exact pair.	No exact target-specific causal edge was established; target-cell presence, downstream activation and upstream relay are not inferred. nuclear-structure/transport protein, not assumed TF; source subcategory lamina_pore_or_genome_organization; exact queued targets require review; no exact queued regulator-target evidence was validated.	false	false
public_tf_evidence_batch037_pair_18_3	public_tf_evidence_batch_037	18	sumo2	SUMO2/Sumo2	mouse	TFLink	tflink:mouse:001006:0eb14ab8cba0	Sumo2	Adam10	23B	database_attributed_candidate_not_verified	https://pubmed.ncbi.nlm.nih.gov/?term=%22Sumo2%22+AND+%22Adam10%22+AND+mouse	database_membership_only_not_promotable	supported_regulator_role_only_not_pair_evidence	not_assessed_for_exact_pair	TFLink_membership_only_no_target-locus_or_pairwise_assay_validated	not_assessed_for_exact_pair	not_established_for_SCI_target_cell	not_tested_for_exact_pair	retain_provenance_traceable_candidate_without_promotion	https://tflink.net/download/#interaction-gmt		TFLink membership and regulator-level annotation are search leads; co-expression, pathway membership, orthologs, paralogs, general machinery and reverse-direction findings were not transferred to this exact pair.	No exact target-specific causal edge was established; target-cell presence, downstream activation and upstream relay are not inferred. nuclear-structure/transport protein, not assumed TF; source subcategory lamina_pore_or_genome_organization; exact queued targets require review; no exact queued regulator-target evidence was validated.	false	false
public_tf_evidence_batch037_pair_18_4	public_tf_evidence_batch_037	18	sumo2	SUMO2/Sumo2	mouse	TFLink	tflink:mouse:001006:0eb14ab8cba0	Sumo2	Adam22	20B;23B	database_attributed_candidate_not_verified	https://pubmed.ncbi.nlm.nih.gov/?term=%22Sumo2%22+AND+%22Adam22%22+AND+mouse	database_membership_only_not_promotable	supported_regulator_role_only_not_pair_evidence	not_assessed_for_exact_pair	TFLink_membership_only_no_target-locus_or_pairwise_assay_validated	not_assessed_for_exact_pair	not_established_for_SCI_target_cell	not_tested_for_exact_pair	retain_provenance_traceable_candidate_without_promotion	https://tflink.net/download/#interaction-gmt		TFLink membership and regulator-level annotation are search leads; co-expression, pathway membership, orthologs, paralogs, general machinery and reverse-direction findings were not transferred to this exact pair.	No exact target-specific causal edge was established; target-cell presence, downstream activation and upstream relay are not inferred. nuclear-structure/transport protein, not assumed TF; source subcategory lamina_pore_or_genome_organization; exact queued targets require review; no exact queued regulator-target evidence was validated.	false	false
public_tf_evidence_batch037_pair_19_1	public_tf_evidence_batch_037	19	dmc1	DMC1/Dmc1	human	TFLink	tflink:human:001067:d69ab721d9d6	DMC1	ACVR1	20B	database_attributed_candidate_not_verified	https://pubmed.ncbi.nlm.nih.gov/?term=%22DMC1%22+AND+%22ACVR1%22+AND+human	database_membership_only_not_promotable	supported_regulator_role_only_not_pair_evidence	not_assessed_for_exact_pair	TFLink_membership_only_no_target-locus_or_pairwise_assay_validated	not_assessed_for_exact_pair	not_established_for_SCI_target_cell	not_tested_for_exact_pair	retain_provenance_traceable_candidate_without_promotion	https://tflink.net/download/#interaction-gmt		TFLink membership and regulator-level annotation are search leads; co-expression, pathway membership, orthologs, paralogs, general machinery and reverse-direction findings were not transferred to this exact pair.	No exact target-specific causal edge was established; target-cell presence, downstream activation and upstream relay are not inferred. DNA-repair/genome-maintenance protein, not assumed TF; source subcategory repair_replication_or_recombination; exact queued targets require review; no exact queued regulator-target evidence was validated.	false	false
public_tf_evidence_batch037_pair_19_2	public_tf_evidence_batch_037	19	dmc1	DMC1/Dmc1	human	TFLink	tflink:human:001067:d69ab721d9d6	DMC1	ADA	20B	database_attributed_candidate_not_verified	https://pubmed.ncbi.nlm.nih.gov/?term=%22DMC1%22+AND+%22ADA%22+AND+human	database_membership_only_not_promotable	supported_regulator_role_only_not_pair_evidence	not_assessed_for_exact_pair	TFLink_membership_only_no_target-locus_or_pairwise_assay_validated	not_assessed_for_exact_pair	not_established_for_SCI_target_cell	not_tested_for_exact_pair	retain_provenance_traceable_candidate_without_promotion	https://tflink.net/download/#interaction-gmt		TFLink membership and regulator-level annotation are search leads; co-expression, pathway membership, orthologs, paralogs, general machinery and reverse-direction findings were not transferred to this exact pair.	No exact target-specific causal edge was established; target-cell presence, downstream activation and upstream relay are not inferred. DNA-repair/genome-maintenance protein, not assumed TF; source subcategory repair_replication_or_recombination; exact queued targets require review; no exact queued regulator-target evidence was validated.	false	false
public_tf_evidence_batch037_pair_19_3	public_tf_evidence_batch_037	19	dmc1	DMC1/Dmc1	human	TFLink	tflink:human:001067:d69ab721d9d6	DMC1	ADAM10	23B	database_attributed_candidate_not_verified	https://pubmed.ncbi.nlm.nih.gov/?term=%22DMC1%22+AND+%22ADAM10%22+AND+human	database_membership_only_not_promotable	supported_regulator_role_only_not_pair_evidence	not_assessed_for_exact_pair	TFLink_membership_only_no_target-locus_or_pairwise_assay_validated	not_assessed_for_exact_pair	not_established_for_SCI_target_cell	not_tested_for_exact_pair	retain_provenance_traceable_candidate_without_promotion	https://tflink.net/download/#interaction-gmt		TFLink membership and regulator-level annotation are search leads; co-expression, pathway membership, orthologs, paralogs, general machinery and reverse-direction findings were not transferred to this exact pair.	No exact target-specific causal edge was established; target-cell presence, downstream activation and upstream relay are not inferred. DNA-repair/genome-maintenance protein, not assumed TF; source subcategory repair_replication_or_recombination; exact queued targets require review; no exact queued regulator-target evidence was validated.	false	false
public_tf_evidence_batch037_pair_19_4	public_tf_evidence_batch_037	19	dmc1	DMC1/Dmc1	human	TFLink	tflink:human:001067:d69ab721d9d6	DMC1	ADAM23	20B	database_attributed_candidate_not_verified	https://pubmed.ncbi.nlm.nih.gov/?term=%22DMC1%22+AND+%22ADAM23%22+AND+human	database_membership_only_not_promotable	supported_regulator_role_only_not_pair_evidence	not_assessed_for_exact_pair	TFLink_membership_only_no_target-locus_or_pairwise_assay_validated	not_assessed_for_exact_pair	not_established_for_SCI_target_cell	not_tested_for_exact_pair	retain_provenance_traceable_candidate_without_promotion	https://tflink.net/download/#interaction-gmt		TFLink membership and regulator-level annotation are search leads; co-expression, pathway membership, orthologs, paralogs, general machinery and reverse-direction findings were not transferred to this exact pair.	No exact target-specific causal edge was established; target-cell presence, downstream activation and upstream relay are not inferred. DNA-repair/genome-maintenance protein, not assumed TF; source subcategory repair_replication_or_recombination; exact queued targets require review; no exact queued regulator-target evidence was validated.	false	false
public_tf_evidence_batch037_pair_20_1	public_tf_evidence_batch_037	20	nbn	NBN/Nbn	mouse	TFLink	tflink:mouse:001010:5f1d822e5ee7	Nbn	Ackr2	20B	database_attributed_candidate_not_verified	https://pubmed.ncbi.nlm.nih.gov/?term=%22Nbn%22+AND+%22Ackr2%22+AND+mouse	database_membership_only_not_promotable	supported_regulator_role_only_not_pair_evidence	not_assessed_for_exact_pair	TFLink_membership_only_no_target-locus_or_pairwise_assay_validated	not_assessed_for_exact_pair	not_established_for_SCI_target_cell	not_tested_for_exact_pair	retain_provenance_traceable_candidate_without_promotion	https://tflink.net/download/#interaction-gmt		TFLink membership and regulator-level annotation are search leads; co-expression, pathway membership, orthologs, paralogs, general machinery and reverse-direction findings were not transferred to this exact pair.	No exact target-specific causal edge was established; target-cell presence, downstream activation and upstream relay are not inferred. DNA-repair/genome-maintenance protein, not assumed TF; source subcategory repair_replication_or_recombination; exact queued targets require review; no exact queued regulator-target evidence was validated.	false	false
public_tf_evidence_batch037_pair_20_2	public_tf_evidence_batch_037	20	nbn	NBN/Nbn	mouse	TFLink	tflink:mouse:001010:5f1d822e5ee7	Nbn	Adgrb1	23B	database_attributed_candidate_not_verified	https://pubmed.ncbi.nlm.nih.gov/?term=%22Nbn%22+AND+%22Adgrb1%22+AND+mouse	database_membership_only_not_promotable	supported_regulator_role_only_not_pair_evidence	not_assessed_for_exact_pair	TFLink_membership_only_no_target-locus_or_pairwise_assay_validated	not_assessed_for_exact_pair	not_established_for_SCI_target_cell	not_tested_for_exact_pair	retain_provenance_traceable_candidate_without_promotion	https://tflink.net/download/#interaction-gmt		TFLink membership and regulator-level annotation are search leads; co-expression, pathway membership, orthologs, paralogs, general machinery and reverse-direction findings were not transferred to this exact pair.	No exact target-specific causal edge was established; target-cell presence, downstream activation and upstream relay are not inferred. DNA-repair/genome-maintenance protein, not assumed TF; source subcategory repair_replication_or_recombination; exact queued targets require review; no exact queued regulator-target evidence was validated.	false	false
public_tf_evidence_batch037_pair_20_3	public_tf_evidence_batch_037	20	nbn	NBN/Nbn	mouse	TFLink	tflink:mouse:001010:5f1d822e5ee7	Nbn	Adgrl3	20B;23B	database_attributed_candidate_not_verified	https://pubmed.ncbi.nlm.nih.gov/?term=%22Nbn%22+AND+%22Adgrl3%22+AND+mouse	database_membership_only_not_promotable	supported_regulator_role_only_not_pair_evidence	not_assessed_for_exact_pair	TFLink_membership_only_no_target-locus_or_pairwise_assay_validated	not_assessed_for_exact_pair	not_established_for_SCI_target_cell	not_tested_for_exact_pair	retain_provenance_traceable_candidate_without_promotion	https://tflink.net/download/#interaction-gmt		TFLink membership and regulator-level annotation are search leads; co-expression, pathway membership, orthologs, paralogs, general machinery and reverse-direction findings were not transferred to this exact pair.	No exact target-specific causal edge was established; target-cell presence, downstream activation and upstream relay are not inferred. DNA-repair/genome-maintenance protein, not assumed TF; source subcategory repair_replication_or_recombination; exact queued targets require review; no exact queued regulator-target evidence was validated.	false	false
public_tf_evidence_batch037_pair_20_4	public_tf_evidence_batch_037	20	nbn	NBN/Nbn	mouse	TFLink	tflink:mouse:001010:5f1d822e5ee7	Nbn	Adora3	20B	database_attributed_candidate_not_verified	https://pubmed.ncbi.nlm.nih.gov/?term=%22Nbn%22+AND+%22Adora3%22+AND+mouse	database_membership_only_not_promotable	supported_regulator_role_only_not_pair_evidence	not_assessed_for_exact_pair	TFLink_membership_only_no_target-locus_or_pairwise_assay_validated	not_assessed_for_exact_pair	not_established_for_SCI_target_cell	not_tested_for_exact_pair	retain_provenance_traceable_candidate_without_promotion	https://tflink.net/download/#interaction-gmt		TFLink membership and regulator-level annotation are search leads; co-expression, pathway membership, orthologs, paralogs, general machinery and reverse-direction findings were not transferred to this exact pair.	No exact target-specific causal edge was established; target-cell presence, downstream activation and upstream relay are not inferred. DNA-repair/genome-maintenance protein, not assumed TF; source subcategory repair_replication_or_recombination; exact queued targets require review; no exact queued regulator-target evidence was validated.	false	false
public_tf_evidence_batch037_pair_21_1	public_tf_evidence_batch_037	21	bmpr1a	BMPR1A	human	TFLink	tflink:human:000904:331f28613d9b	BMPR1A	ACKR2	20B	database_attributed_candidate_not_verified	https://pubmed.ncbi.nlm.nih.gov/?term=%22BMPR1A%22+AND+%22ACKR2%22+AND+human	database_membership_only_not_promotable	supported_regulator_role_only_not_pair_evidence	not_assessed_for_exact_pair	TFLink_membership_only_no_target-locus_or_pairwise_assay_validated	not_assessed_for_exact_pair	not_established_for_SCI_target_cell	not_tested_for_exact_pair	retain_provenance_traceable_candidate_without_promotion	https://tflink.net/download/#interaction-gmt		TFLink membership and regulator-level annotation are search leads; co-expression, pathway membership, orthologs, paralogs, general machinery and reverse-direction findings were not transferred to this exact pair.	No exact target-specific causal edge was established; target-cell presence, downstream activation and upstream relay are not inferred. signaling/metabolic/membrane/cell-cycle protein, not assumed TF; source subcategory enzyme_receptor_transporter_or_cell_cycle; exact queued targets require review; no exact queued regulator-target evidence was validated.	false	false
public_tf_evidence_batch037_pair_21_2	public_tf_evidence_batch_037	21	bmpr1a	BMPR1A	human	TFLink	tflink:human:000904:331f28613d9b	BMPR1A	ACTR2	20B	database_attributed_candidate_not_verified	https://pubmed.ncbi.nlm.nih.gov/?term=%22BMPR1A%22+AND+%22ACTR2%22+AND+human	database_membership_only_not_promotable	supported_regulator_role_only_not_pair_evidence	not_assessed_for_exact_pair	TFLink_membership_only_no_target-locus_or_pairwise_assay_validated	not_assessed_for_exact_pair	not_established_for_SCI_target_cell	not_tested_for_exact_pair	retain_provenance_traceable_candidate_without_promotion	https://tflink.net/download/#interaction-gmt		TFLink membership and regulator-level annotation are search leads; co-expression, pathway membership, orthologs, paralogs, general machinery and reverse-direction findings were not transferred to this exact pair.	No exact target-specific causal edge was established; target-cell presence, downstream activation and upstream relay are not inferred. signaling/metabolic/membrane/cell-cycle protein, not assumed TF; source subcategory enzyme_receptor_transporter_or_cell_cycle; exact queued targets require review; no exact queued regulator-target evidence was validated.	false	false
public_tf_evidence_batch037_pair_21_3	public_tf_evidence_batch_037	21	bmpr1a	BMPR1A	human	TFLink	tflink:human:000904:331f28613d9b	BMPR1A	ACVR1	20B	database_attributed_candidate_not_verified	https://pubmed.ncbi.nlm.nih.gov/?term=%22BMPR1A%22+AND+%22ACVR1%22+AND+human	database_membership_only_not_promotable	supported_regulator_role_only_not_pair_evidence	not_assessed_for_exact_pair	TFLink_membership_only_no_target-locus_or_pairwise_assay_validated	not_assessed_for_exact_pair	not_established_for_SCI_target_cell	not_tested_for_exact_pair	retain_provenance_traceable_candidate_without_promotion	https://tflink.net/download/#interaction-gmt		TFLink membership and regulator-level annotation are search leads; co-expression, pathway membership, orthologs, paralogs, general machinery and reverse-direction findings were not transferred to this exact pair.	No exact target-specific causal edge was established; target-cell presence, downstream activation and upstream relay are not inferred. signaling/metabolic/membrane/cell-cycle protein, not assumed TF; source subcategory enzyme_receptor_transporter_or_cell_cycle; exact queued targets require review; no exact queued regulator-target evidence was validated.	false	false
public_tf_evidence_batch037_pair_21_4	public_tf_evidence_batch_037	21	bmpr1a	BMPR1A	human	TFLink	tflink:human:000904:331f28613d9b	BMPR1A	ACVRL1	20B	database_attributed_candidate_not_verified	https://pubmed.ncbi.nlm.nih.gov/?term=%22BMPR1A%22+AND+%22ACVRL1%22+AND+human	database_membership_only_not_promotable	supported_regulator_role_only_not_pair_evidence	not_assessed_for_exact_pair	TFLink_membership_only_no_target-locus_or_pairwise_assay_validated	not_assessed_for_exact_pair	not_established_for_SCI_target_cell	not_tested_for_exact_pair	retain_provenance_traceable_candidate_without_promotion	https://tflink.net/download/#interaction-gmt		TFLink membership and regulator-level annotation are search leads; co-expression, pathway membership, orthologs, paralogs, general machinery and reverse-direction findings were not transferred to this exact pair.	No exact target-specific causal edge was established; target-cell presence, downstream activation and upstream relay are not inferred. signaling/metabolic/membrane/cell-cycle protein, not assumed TF; source subcategory enzyme_receptor_transporter_or_cell_cycle; exact queued targets require review; no exact queued regulator-target evidence was validated.	false	false
public_tf_evidence_batch037_pair_22_1	public_tf_evidence_batch_037	22	terf2ip	Terf2ip	mouse	TFLink	tflink:mouse:000865:299773cc0ebd	Terf2ip	Acvrl1	20B	database_attributed_candidate_not_verified	https://pubmed.ncbi.nlm.nih.gov/?term=%22Terf2ip%22+AND+%22Acvrl1%22+AND+mouse	database_membership_only_not_promotable	supported_regulator_role_only_not_pair_evidence	not_assessed_for_exact_pair	TFLink_membership_only_no_target-locus_or_pairwise_assay_validated	not_assessed_for_exact_pair	not_established_for_SCI_target_cell	not_tested_for_exact_pair	retain_provenance_traceable_candidate_without_promotion	https://tflink.net/download/#interaction-gmt		TFLink membership and regulator-level annotation are search leads; co-expression, pathway membership, orthologs, paralogs, general machinery and reverse-direction findings were not transferred to this exact pair.	No exact target-specific causal edge was established; target-cell presence, downstream activation and upstream relay are not inferred. nuclear-structure/transport protein, not assumed TF; source subcategory lamina_pore_or_genome_organization; exact queued targets require review; no exact queued regulator-target evidence was validated.	false	false
public_tf_evidence_batch037_pair_22_2	public_tf_evidence_batch_037	22	terf2ip	Terf2ip	mouse	TFLink	tflink:mouse:000865:299773cc0ebd	Terf2ip	Adam17	20B	database_attributed_candidate_not_verified	https://pubmed.ncbi.nlm.nih.gov/?term=%22Terf2ip%22+AND+%22Adam17%22+AND+mouse	database_membership_only_not_promotable	supported_regulator_role_only_not_pair_evidence	not_assessed_for_exact_pair	TFLink_membership_only_no_target-locus_or_pairwise_assay_validated	not_assessed_for_exact_pair	not_established_for_SCI_target_cell	not_tested_for_exact_pair	retain_provenance_traceable_candidate_without_promotion	https://tflink.net/download/#interaction-gmt		TFLink membership and regulator-level annotation are search leads; co-expression, pathway membership, orthologs, paralogs, general machinery and reverse-direction findings were not transferred to this exact pair.	No exact target-specific causal edge was established; target-cell presence, downstream activation and upstream relay are not inferred. nuclear-structure/transport protein, not assumed TF; source subcategory lamina_pore_or_genome_organization; exact queued targets require review; no exact queued regulator-target evidence was validated.	false	false
public_tf_evidence_batch037_pair_22_3	public_tf_evidence_batch_037	22	terf2ip	Terf2ip	mouse	TFLink	tflink:mouse:000865:299773cc0ebd	Terf2ip	Adgrl2	20B;23B	database_attributed_candidate_not_verified	https://pubmed.ncbi.nlm.nih.gov/?term=%22Terf2ip%22+AND+%22Adgrl2%22+AND+mouse	database_membership_only_not_promotable	supported_regulator_role_only_not_pair_evidence	not_assessed_for_exact_pair	TFLink_membership_only_no_target-locus_or_pairwise_assay_validated	not_assessed_for_exact_pair	not_established_for_SCI_target_cell	not_tested_for_exact_pair	retain_provenance_traceable_candidate_without_promotion	https://tflink.net/download/#interaction-gmt		TFLink membership and regulator-level annotation are search leads; co-expression, pathway membership, orthologs, paralogs, general machinery and reverse-direction findings were not transferred to this exact pair.	No exact target-specific causal edge was established; target-cell presence, downstream activation and upstream relay are not inferred. nuclear-structure/transport protein, not assumed TF; source subcategory lamina_pore_or_genome_organization; exact queued targets require review; no exact queued regulator-target evidence was validated.	false	false
public_tf_evidence_batch037_pair_22_4	public_tf_evidence_batch_037	22	terf2ip	Terf2ip	mouse	TFLink	tflink:mouse:000865:299773cc0ebd	Terf2ip	Adgrl3	20B;23B	database_attributed_candidate_not_verified	https://pubmed.ncbi.nlm.nih.gov/?term=%22Terf2ip%22+AND+%22Adgrl3%22+AND+mouse	database_membership_only_not_promotable	supported_regulator_role_only_not_pair_evidence	not_assessed_for_exact_pair	TFLink_membership_only_no_target-locus_or_pairwise_assay_validated	not_assessed_for_exact_pair	not_established_for_SCI_target_cell	not_tested_for_exact_pair	retain_provenance_traceable_candidate_without_promotion	https://tflink.net/download/#interaction-gmt		TFLink membership and regulator-level annotation are search leads; co-expression, pathway membership, orthologs, paralogs, general machinery and reverse-direction findings were not transferred to this exact pair.	No exact target-specific causal edge was established; target-cell presence, downstream activation and upstream relay are not inferred. nuclear-structure/transport protein, not assumed TF; source subcategory lamina_pore_or_genome_organization; exact queued targets require review; no exact queued regulator-target evidence was validated.	false	false
public_tf_evidence_batch037_pair_23_1	public_tf_evidence_batch_037	23	zc3h8	ZC3H8	human	TFLink	tflink:human:001075:3a8e57c3e3f0	ZC3H8	ACKR3	20B	database_attributed_candidate_not_verified	https://pubmed.ncbi.nlm.nih.gov/?term=%22ZC3H8%22+AND+%22ACKR3%22+AND+human	database_membership_only_not_promotable	supported_regulator_role_only_not_pair_evidence	not_assessed_for_exact_pair	TFLink_membership_only_no_target-locus_or_pairwise_assay_validated	not_assessed_for_exact_pair	not_established_for_SCI_target_cell	not_tested_for_exact_pair	retain_provenance_traceable_candidate_without_promotion	https://tflink.net/download/#interaction-gmt		TFLink membership and regulator-level annotation are search leads; co-expression, pathway membership, orthologs, paralogs, general machinery and reverse-direction findings were not transferred to this exact pair.	No exact target-specific causal edge was established; target-cell presence, downstream activation and upstream relay are not inferred. RNA-binding/post-transcriptional regulator, not a DNA TF; source subcategory rna_processing_or_binding; exact queued targets require review; no exact queued regulator-target evidence was validated.	false	false
public_tf_evidence_batch037_pair_23_2	public_tf_evidence_batch_037	23	zc3h8	ZC3H8	human	TFLink	tflink:human:001075:3a8e57c3e3f0	ZC3H8	ADCYAP1R1	20B	database_attributed_candidate_not_verified	https://pubmed.ncbi.nlm.nih.gov/?term=%22ZC3H8%22+AND+%22ADCYAP1R1%22+AND+human	database_membership_only_not_promotable	supported_regulator_role_only_not_pair_evidence	not_assessed_for_exact_pair	TFLink_membership_only_no_target-locus_or_pairwise_assay_validated	not_assessed_for_exact_pair	not_established_for_SCI_target_cell	not_tested_for_exact_pair	retain_provenance_traceable_candidate_without_promotion	https://tflink.net/download/#interaction-gmt		TFLink membership and regulator-level annotation are search leads; co-expression, pathway membership, orthologs, paralogs, general machinery and reverse-direction findings were not transferred to this exact pair.	No exact target-specific causal edge was established; target-cell presence, downstream activation and upstream relay are not inferred. RNA-binding/post-transcriptional regulator, not a DNA TF; source subcategory rna_processing_or_binding; exact queued targets require review; no exact queued regulator-target evidence was validated.	false	false
public_tf_evidence_batch037_pair_23_3	public_tf_evidence_batch_037	23	zc3h8	ZC3H8	human	TFLink	tflink:human:001075:3a8e57c3e3f0	ZC3H8	ADO	20B	database_attributed_candidate_not_verified	https://pubmed.ncbi.nlm.nih.gov/?term=%22ZC3H8%22+AND+%22ADO%22+AND+human	database_membership_only_not_promotable	supported_regulator_role_only_not_pair_evidence	not_assessed_for_exact_pair	TFLink_membership_only_no_target-locus_or_pairwise_assay_validated	not_assessed_for_exact_pair	not_established_for_SCI_target_cell	not_tested_for_exact_pair	retain_provenance_traceable_candidate_without_promotion	https://tflink.net/download/#interaction-gmt		TFLink membership and regulator-level annotation are search leads; co-expression, pathway membership, orthologs, paralogs, general machinery and reverse-direction findings were not transferred to this exact pair.	No exact target-specific causal edge was established; target-cell presence, downstream activation and upstream relay are not inferred. RNA-binding/post-transcriptional regulator, not a DNA TF; source subcategory rna_processing_or_binding; exact queued targets require review; no exact queued regulator-target evidence was validated.	false	false
public_tf_evidence_batch037_pair_23_4	public_tf_evidence_batch_037	23	zc3h8	ZC3H8	human	TFLink	tflink:human:001075:3a8e57c3e3f0	ZC3H8	ADORA2B	20B	database_attributed_candidate_not_verified	https://pubmed.ncbi.nlm.nih.gov/?term=%22ZC3H8%22+AND+%22ADORA2B%22+AND+human	database_membership_only_not_promotable	supported_regulator_role_only_not_pair_evidence	not_assessed_for_exact_pair	TFLink_membership_only_no_target-locus_or_pairwise_assay_validated	not_assessed_for_exact_pair	not_established_for_SCI_target_cell	not_tested_for_exact_pair	retain_provenance_traceable_candidate_without_promotion	https://tflink.net/download/#interaction-gmt		TFLink membership and regulator-level annotation are search leads; co-expression, pathway membership, orthologs, paralogs, general machinery and reverse-direction findings were not transferred to this exact pair.	No exact target-specific causal edge was established; target-cell presence, downstream activation and upstream relay are not inferred. RNA-binding/post-transcriptional regulator, not a DNA TF; source subcategory rna_processing_or_binding; exact queued targets require review; no exact queued regulator-target evidence was validated.	false	false
public_tf_evidence_batch037_pair_24_1	public_tf_evidence_batch_037	24	ago2	AGO2	human	TFLink	tflink:human:001089:4b57fca486e1	AGO2	ACKR2	20B	database_attributed_candidate_not_verified	https://pubmed.ncbi.nlm.nih.gov/?term=%22AGO2%22+AND+%22ACKR2%22+AND+human	database_membership_only_not_promotable	supported_regulator_role_only_not_pair_evidence	not_assessed_for_exact_pair	TFLink_membership_only_no_target-locus_or_pairwise_assay_validated	not_assessed_for_exact_pair	not_established_for_SCI_target_cell	not_tested_for_exact_pair	retain_provenance_traceable_candidate_without_promotion	https://tflink.net/download/#interaction-gmt		TFLink membership and regulator-level annotation are search leads; co-expression, pathway membership, orthologs, paralogs, general machinery and reverse-direction findings were not transferred to this exact pair.	No exact target-specific causal edge was established; target-cell presence, downstream activation and upstream relay are not inferred. RNA-binding/post-transcriptional regulator, not a DNA TF; source subcategory rna_processing_or_binding; exact queued targets require review; no exact queued regulator-target evidence was validated.	false	false
public_tf_evidence_batch037_pair_24_2	public_tf_evidence_batch_037	24	ago2	AGO2	human	TFLink	tflink:human:001089:4b57fca486e1	AGO2	ACTR2	20B	database_attributed_candidate_not_verified	https://pubmed.ncbi.nlm.nih.gov/?term=%22AGO2%22+AND+%22ACTR2%22+AND+human	database_membership_only_not_promotable	supported_regulator_role_only_not_pair_evidence	not_assessed_for_exact_pair	TFLink_membership_only_no_target-locus_or_pairwise_assay_validated	not_assessed_for_exact_pair	not_established_for_SCI_target_cell	not_tested_for_exact_pair	retain_provenance_traceable_candidate_without_promotion	https://tflink.net/download/#interaction-gmt		TFLink membership and regulator-level annotation are search leads; co-expression, pathway membership, orthologs, paralogs, general machinery and reverse-direction findings were not transferred to this exact pair.	No exact target-specific causal edge was established; target-cell presence, downstream activation and upstream relay are not inferred. RNA-binding/post-transcriptional regulator, not a DNA TF; source subcategory rna_processing_or_binding; exact queued targets require review; no exact queued regulator-target evidence was validated.	false	false
public_tf_evidence_batch037_pair_24_3	public_tf_evidence_batch_037	24	ago2	AGO2	human	TFLink	tflink:human:001089:4b57fca486e1	AGO2	ADAM10	23B	database_attributed_candidate_not_verified	https://pubmed.ncbi.nlm.nih.gov/?term=%22AGO2%22+AND+%22ADAM10%22+AND+human	database_membership_only_not_promotable	supported_regulator_role_only_not_pair_evidence	not_assessed_for_exact_pair	TFLink_membership_only_no_target-locus_or_pairwise_assay_validated	not_assessed_for_exact_pair	not_established_for_SCI_target_cell	not_tested_for_exact_pair	retain_provenance_traceable_candidate_without_promotion	https://tflink.net/download/#interaction-gmt		TFLink membership and regulator-level annotation are search leads; co-expression, pathway membership, orthologs, paralogs, general machinery and reverse-direction findings were not transferred to this exact pair.	No exact target-specific causal edge was established; target-cell presence, downstream activation and upstream relay are not inferred. RNA-binding/post-transcriptional regulator, not a DNA TF; source subcategory rna_processing_or_binding; exact queued targets require review; no exact queued regulator-target evidence was validated.	false	false
public_tf_evidence_batch037_pair_24_4	public_tf_evidence_batch_037	24	ago2	AGO2	human	TFLink	tflink:human:001089:4b57fca486e1	AGO2	ADAM9	20B	database_attributed_candidate_not_verified	https://pubmed.ncbi.nlm.nih.gov/?term=%22AGO2%22+AND+%22ADAM9%22+AND+human	database_membership_only_not_promotable	supported_regulator_role_only_not_pair_evidence	not_assessed_for_exact_pair	TFLink_membership_only_no_target-locus_or_pairwise_assay_validated	not_assessed_for_exact_pair	not_established_for_SCI_target_cell	not_tested_for_exact_pair	retain_provenance_traceable_candidate_without_promotion	https://tflink.net/download/#interaction-gmt		TFLink membership and regulator-level annotation are search leads; co-expression, pathway membership, orthologs, paralogs, general machinery and reverse-direction findings were not transferred to this exact pair.	No exact target-specific causal edge was established; target-cell presence, downstream activation and upstream relay are not inferred. RNA-binding/post-transcriptional regulator, not a DNA TF; source subcategory rna_processing_or_binding; exact queued targets require review; no exact queued regulator-target evidence was validated.	false	false
public_tf_evidence_batch037_pair_25_1	public_tf_evidence_batch_037	25	cat	CAT/Cat	mouse	TFLink	tflink:mouse:000999:de06ce6463f5	Cat	Abca1	20B	database_attributed_candidate_not_verified	https://pubmed.ncbi.nlm.nih.gov/?term=%22Cat%22+AND+%22Abca1%22+AND+mouse	database_membership_only_not_promotable	supported_regulator_role_only_not_pair_evidence	not_assessed_for_exact_pair	TFLink_membership_only_no_target-locus_or_pairwise_assay_validated	not_assessed_for_exact_pair	not_established_for_SCI_target_cell	not_tested_for_exact_pair	retain_provenance_traceable_candidate_without_promotion	https://tflink.net/download/#interaction-gmt		TFLink membership and regulator-level annotation are search leads; co-expression, pathway membership, orthologs, paralogs, general machinery and reverse-direction findings were not transferred to this exact pair.	No exact target-specific causal edge was established; target-cell presence, downstream activation and upstream relay are not inferred. signaling/metabolic/membrane/cell-cycle protein, not assumed TF; source subcategory enzyme_receptor_transporter_or_cell_cycle; exact queued targets require review; no exact queued regulator-target evidence was validated.	false	false
public_tf_evidence_batch037_pair_25_2	public_tf_evidence_batch_037	25	cat	CAT/Cat	mouse	TFLink	tflink:mouse:000999:de06ce6463f5	Cat	Actr2	20B	database_attributed_candidate_not_verified	https://pubmed.ncbi.nlm.nih.gov/?term=%22Cat%22+AND+%22Actr2%22+AND+mouse	database_membership_only_not_promotable	supported_regulator_role_only_not_pair_evidence	not_assessed_for_exact_pair	TFLink_membership_only_no_target-locus_or_pairwise_assay_validated	not_assessed_for_exact_pair	not_established_for_SCI_target_cell	not_tested_for_exact_pair	retain_provenance_traceable_candidate_without_promotion	https://tflink.net/download/#interaction-gmt		TFLink membership and regulator-level annotation are search leads; co-expression, pathway membership, orthologs, paralogs, general machinery and reverse-direction findings were not transferred to this exact pair.	No exact target-specific causal edge was established; target-cell presence, downstream activation and upstream relay are not inferred. signaling/metabolic/membrane/cell-cycle protein, not assumed TF; source subcategory enzyme_receptor_transporter_or_cell_cycle; exact queued targets require review; no exact queued regulator-target evidence was validated.	false	false
public_tf_evidence_batch037_pair_25_3	public_tf_evidence_batch_037	25	cat	CAT/Cat	mouse	TFLink	tflink:mouse:000999:de06ce6463f5	Cat	Acvr1c	20B	database_attributed_candidate_not_verified	https://pubmed.ncbi.nlm.nih.gov/?term=%22Cat%22+AND+%22Acvr1c%22+AND+mouse	database_membership_only_not_promotable	supported_regulator_role_only_not_pair_evidence	not_assessed_for_exact_pair	TFLink_membership_only_no_target-locus_or_pairwise_assay_validated	not_assessed_for_exact_pair	not_established_for_SCI_target_cell	not_tested_for_exact_pair	retain_provenance_traceable_candidate_without_promotion	https://tflink.net/download/#interaction-gmt		TFLink membership and regulator-level annotation are search leads; co-expression, pathway membership, orthologs, paralogs, general machinery and reverse-direction findings were not transferred to this exact pair.	No exact target-specific causal edge was established; target-cell presence, downstream activation and upstream relay are not inferred. signaling/metabolic/membrane/cell-cycle protein, not assumed TF; source subcategory enzyme_receptor_transporter_or_cell_cycle; exact queued targets require review; no exact queued regulator-target evidence was validated.	false	false
public_tf_evidence_batch037_pair_25_4	public_tf_evidence_batch_037	25	cat	CAT/Cat	mouse	TFLink	tflink:mouse:000999:de06ce6463f5	Cat	Ada	20B	database_attributed_candidate_not_verified	https://pubmed.ncbi.nlm.nih.gov/?term=%22Cat%22+AND+%22Ada%22+AND+mouse	database_membership_only_not_promotable	supported_regulator_role_only_not_pair_evidence	not_assessed_for_exact_pair	TFLink_membership_only_no_target-locus_or_pairwise_assay_validated	not_assessed_for_exact_pair	not_established_for_SCI_target_cell	not_tested_for_exact_pair	retain_provenance_traceable_candidate_without_promotion	https://tflink.net/download/#interaction-gmt		TFLink membership and regulator-level annotation are search leads; co-expression, pathway membership, orthologs, paralogs, general machinery and reverse-direction findings were not transferred to this exact pair.	No exact target-specific causal edge was established; target-cell presence, downstream activation and upstream relay are not inferred. signaling/metabolic/membrane/cell-cycle protein, not assumed TF; source subcategory enzyme_receptor_transporter_or_cell_cycle; exact queued targets require review; no exact queued regulator-target evidence was validated.	false	false
