external_regulon_id	source_registry	source_version	species_context	tf_normalized_symbol	tf_normalized_symbol_key	regulon_name	definition_status	membership_semantics	source_record_count	materialized_member_count	export_priority	limitations
OmniPath_DoRothEA|OmniPath_DoRothEA_snapshot_2026-08-25|human|ahr	OmniPath_DoRothEA	OmniPath_DoRothEA_snapshot_2026-08-25	human	AHR	ahr	OmniPath_DoRothEA public regulon: AHR (human)	candidate	public_source_membership	9	9	exclude	Candidate source grouping only; not an exhaustive or context-specific biological regulon and not part of the frozen mechanism bundle.
OmniPath_DoRothEA|OmniPath_DoRothEA_snapshot_2026-08-25|human|ar	OmniPath_DoRothEA	OmniPath_DoRothEA_snapshot_2026-08-25	human	AR	ar	OmniPath_DoRothEA public regulon: AR (human)	candidate	public_source_membership	157	157	exclude	Candidate source grouping only; not an exhaustive or context-specific biological regulon and not part of the frozen mechanism bundle.
OmniPath_DoRothEA|OmniPath_DoRothEA_snapshot_2026-08-25|human|arid3a	OmniPath_DoRothEA	OmniPath_DoRothEA_snapshot_2026-08-25	human	ARID3A	arid3a	OmniPath_DoRothEA public regulon: ARID3A (human)	candidate	public_source_membership	2	2	exclude	Candidate source grouping only; not an exhaustive or context-specific biological regulon and not part of the frozen mechanism bundle.
OmniPath_DoRothEA|OmniPath_DoRothEA_snapshot_2026-08-25|human|arnt	OmniPath_DoRothEA	OmniPath_DoRothEA_snapshot_2026-08-25	human	ARNT	arnt	OmniPath_DoRothEA public regulon: ARNT (human)	candidate	public_source_membership	8	8	exclude	Candidate source grouping only; not an exhaustive or context-specific biological regulon and not part of the frozen mechanism bundle.
OmniPath_DoRothEA|OmniPath_DoRothEA_snapshot_2026-08-25|human|ascl1	OmniPath_DoRothEA	OmniPath_DoRothEA_snapshot_2026-08-25	human	ASCL1	ascl1	OmniPath_DoRothEA public regulon: ASCL1 (human)	candidate	public_source_membership	1	1	exclude	Candidate source grouping only; not an exhaustive or context-specific biological regulon and not part of the frozen mechanism bundle.
OmniPath_DoRothEA|OmniPath_DoRothEA_snapshot_2026-08-25|human|atf1	OmniPath_DoRothEA	OmniPath_DoRothEA_snapshot_2026-08-25	human	ATF1	atf1	OmniPath_DoRothEA public regulon: ATF1 (human)	candidate	public_source_membership	29	29	exclude	Candidate source grouping only; not an exhaustive or context-specific biological regulon and not part of the frozen mechanism bundle.
OmniPath_DoRothEA|OmniPath_DoRothEA_snapshot_2026-08-25|human|atf2	OmniPath_DoRothEA	OmniPath_DoRothEA_snapshot_2026-08-25	human	ATF2	atf2	OmniPath_DoRothEA public regulon: ATF2 (human)	candidate	public_source_membership	26	26	exclude	Candidate source grouping only; not an exhaustive or context-specific biological regulon and not part of the frozen mechanism bundle.
OmniPath_DoRothEA|OmniPath_DoRothEA_snapshot_2026-08-25|human|atf3	OmniPath_DoRothEA	OmniPath_DoRothEA_snapshot_2026-08-25	human	ATF3	atf3	OmniPath_DoRothEA public regulon: ATF3 (human)	candidate	public_source_membership	10	10	exclude	Candidate source grouping only; not an exhaustive or context-specific biological regulon and not part of the frozen mechanism bundle.
OmniPath_DoRothEA|OmniPath_DoRothEA_snapshot_2026-08-25|human|atf4	OmniPath_DoRothEA	OmniPath_DoRothEA_snapshot_2026-08-25	human	ATF4	atf4	OmniPath_DoRothEA public regulon: ATF4 (human)	candidate	public_source_membership	34	34	exclude	Candidate source grouping only; not an exhaustive or context-specific biological regulon and not part of the frozen mechanism bundle.
OmniPath_DoRothEA|OmniPath_DoRothEA_snapshot_2026-08-25|human|atf5	OmniPath_DoRothEA	OmniPath_DoRothEA_snapshot_2026-08-25	human	ATF5	atf5	OmniPath_DoRothEA public regulon: ATF5 (human)	candidate	public_source_membership	1	1	exclude	Candidate source grouping only; not an exhaustive or context-specific biological regulon and not part of the frozen mechanism bundle.
OmniPath_DoRothEA|OmniPath_DoRothEA_snapshot_2026-08-25|human|atf6	OmniPath_DoRothEA	OmniPath_DoRothEA_snapshot_2026-08-25	human	ATF6	atf6	OmniPath_DoRothEA public regulon: ATF6 (human)	candidate	public_source_membership	11	11	exclude	Candidate source grouping only; not an exhaustive or context-specific biological regulon and not part of the frozen mechanism bundle.
OmniPath_DoRothEA|OmniPath_DoRothEA_snapshot_2026-08-25|human|atoh1	OmniPath_DoRothEA	OmniPath_DoRothEA_snapshot_2026-08-25	human	ATOH1	atoh1	OmniPath_DoRothEA public regulon: ATOH1 (human)	candidate	public_source_membership	1	1	exclude	Candidate source grouping only; not an exhaustive or context-specific biological regulon and not part of the frozen mechanism bundle.
OmniPath_DoRothEA|OmniPath_DoRothEA_snapshot_2026-08-25|human|bach1	OmniPath_DoRothEA	OmniPath_DoRothEA_snapshot_2026-08-25	human	BACH1	bach1	OmniPath_DoRothEA public regulon: BACH1 (human)	candidate	public_source_membership	29	29	exclude	Candidate source grouping only; not an exhaustive or context-specific biological regulon and not part of the frozen mechanism bundle.
OmniPath_DoRothEA|OmniPath_DoRothEA_snapshot_2026-08-25|human|bach2	OmniPath_DoRothEA	OmniPath_DoRothEA_snapshot_2026-08-25	human	BACH2	bach2	OmniPath_DoRothEA public regulon: BACH2 (human)	candidate	public_source_membership	2	2	exclude	Candidate source grouping only; not an exhaustive or context-specific biological regulon and not part of the frozen mechanism bundle.
OmniPath_DoRothEA|OmniPath_DoRothEA_snapshot_2026-08-25|human|batf	OmniPath_DoRothEA	OmniPath_DoRothEA_snapshot_2026-08-25	human	BATF	batf	OmniPath_DoRothEA public regulon: BATF (human)	candidate	public_source_membership	1	1	exclude	Candidate source grouping only; not an exhaustive or context-specific biological regulon and not part of the frozen mechanism bundle.
OmniPath_DoRothEA|OmniPath_DoRothEA_snapshot_2026-08-25|human|bcl6	OmniPath_DoRothEA	OmniPath_DoRothEA_snapshot_2026-08-25	human	BCL6	bcl6	OmniPath_DoRothEA public regulon: BCL6 (human)	candidate	public_source_membership	6	6	exclude	Candidate source grouping only; not an exhaustive or context-specific biological regulon and not part of the frozen mechanism bundle.
OmniPath_DoRothEA|OmniPath_DoRothEA_snapshot_2026-08-25|human|bhlhe40	OmniPath_DoRothEA	OmniPath_DoRothEA_snapshot_2026-08-25	human	BHLHE40	bhlhe40	OmniPath_DoRothEA public regulon: BHLHE40 (human)	candidate	public_source_membership	1	1	exclude	Candidate source grouping only; not an exhaustive or context-specific biological regulon and not part of the frozen mechanism bundle.
OmniPath_DoRothEA|OmniPath_DoRothEA_snapshot_2026-08-25|human|bmal1	OmniPath_DoRothEA	OmniPath_DoRothEA_snapshot_2026-08-25	human	BMAL1	bmal1	OmniPath_DoRothEA public regulon: BMAL1 (human)	candidate	public_source_membership	10	10	exclude	Candidate source grouping only; not an exhaustive or context-specific biological regulon and not part of the frozen mechanism bundle.
OmniPath_DoRothEA|OmniPath_DoRothEA_snapshot_2026-08-25|human|bmal2	OmniPath_DoRothEA	OmniPath_DoRothEA_snapshot_2026-08-25	human	BMAL2	bmal2	OmniPath_DoRothEA public regulon: BMAL2 (human)	candidate	public_source_membership	1	1	exclude	Candidate source grouping only; not an exhaustive or context-specific biological regulon and not part of the frozen mechanism bundle.
OmniPath_DoRothEA|OmniPath_DoRothEA_snapshot_2026-08-25|human|cdx1	OmniPath_DoRothEA	OmniPath_DoRothEA_snapshot_2026-08-25	human	CDX1	cdx1	OmniPath_DoRothEA public regulon: CDX1 (human)	candidate	public_source_membership	3	3	exclude	Candidate source grouping only; not an exhaustive or context-specific biological regulon and not part of the frozen mechanism bundle.
OmniPath_DoRothEA|OmniPath_DoRothEA_snapshot_2026-08-25|human|cdx2	OmniPath_DoRothEA	OmniPath_DoRothEA_snapshot_2026-08-25	human	CDX2	cdx2	OmniPath_DoRothEA public regulon: CDX2 (human)	candidate	public_source_membership	18	18	exclude	Candidate source grouping only; not an exhaustive or context-specific biological regulon and not part of the frozen mechanism bundle.
OmniPath_DoRothEA|OmniPath_DoRothEA_snapshot_2026-08-25|human|cebpa	OmniPath_DoRothEA	OmniPath_DoRothEA_snapshot_2026-08-25	human	CEBPA	cebpa	OmniPath_DoRothEA public regulon: CEBPA (human)	candidate	public_source_membership	589	589	exclude	Candidate source grouping only; not an exhaustive or context-specific biological regulon and not part of the frozen mechanism bundle.
OmniPath_DoRothEA|OmniPath_DoRothEA_snapshot_2026-08-25|human|cebpb	OmniPath_DoRothEA	OmniPath_DoRothEA_snapshot_2026-08-25	human	CEBPB	cebpb	OmniPath_DoRothEA public regulon: CEBPB (human)	candidate	public_source_membership	47	47	exclude	Candidate source grouping only; not an exhaustive or context-specific biological regulon and not part of the frozen mechanism bundle.
OmniPath_DoRothEA|OmniPath_DoRothEA_snapshot_2026-08-25|human|cebpd	OmniPath_DoRothEA	OmniPath_DoRothEA_snapshot_2026-08-25	human	CEBPD	cebpd	OmniPath_DoRothEA public regulon: CEBPD (human)	candidate	public_source_membership	14	14	exclude	Candidate source grouping only; not an exhaustive or context-specific biological regulon and not part of the frozen mechanism bundle.
OmniPath_DoRothEA|OmniPath_DoRothEA_snapshot_2026-08-25|human|cebpe	OmniPath_DoRothEA	OmniPath_DoRothEA_snapshot_2026-08-25	human	CEBPE	cebpe	OmniPath_DoRothEA public regulon: CEBPE (human)	candidate	public_source_membership	5	5	exclude	Candidate source grouping only; not an exhaustive or context-specific biological regulon and not part of the frozen mechanism bundle.
OmniPath_DoRothEA|OmniPath_DoRothEA_snapshot_2026-08-25|human|cebpg	OmniPath_DoRothEA	OmniPath_DoRothEA_snapshot_2026-08-25	human	CEBPG	cebpg	OmniPath_DoRothEA public regulon: CEBPG (human)	candidate	public_source_membership	1	1	exclude	Candidate source grouping only; not an exhaustive or context-specific biological regulon and not part of the frozen mechanism bundle.
OmniPath_DoRothEA|OmniPath_DoRothEA_snapshot_2026-08-25|human|cebpz	OmniPath_DoRothEA	OmniPath_DoRothEA_snapshot_2026-08-25	human	CEBPZ	cebpz	OmniPath_DoRothEA public regulon: CEBPZ (human)	candidate	public_source_membership	3	3	exclude	Candidate source grouping only; not an exhaustive or context-specific biological regulon and not part of the frozen mechanism bundle.
OmniPath_DoRothEA|OmniPath_DoRothEA_snapshot_2026-08-25|human|clock	OmniPath_DoRothEA	OmniPath_DoRothEA_snapshot_2026-08-25	human	CLOCK	clock	OmniPath_DoRothEA public regulon: CLOCK (human)	candidate	public_source_membership	8	8	exclude	Candidate source grouping only; not an exhaustive or context-specific biological regulon and not part of the frozen mechanism bundle.
OmniPath_DoRothEA|OmniPath_DoRothEA_snapshot_2026-08-25|human|creb1	OmniPath_DoRothEA	OmniPath_DoRothEA_snapshot_2026-08-25	human	CREB1	creb1	OmniPath_DoRothEA public regulon: CREB1 (human)	candidate	public_source_membership	85	85	exclude	Candidate source grouping only; not an exhaustive or context-specific biological regulon and not part of the frozen mechanism bundle.
OmniPath_DoRothEA|OmniPath_DoRothEA_snapshot_2026-08-25|human|creb3	OmniPath_DoRothEA	OmniPath_DoRothEA_snapshot_2026-08-25	human	CREB3	creb3	OmniPath_DoRothEA public regulon: CREB3 (human)	candidate	public_source_membership	2	2	exclude	Candidate source grouping only; not an exhaustive or context-specific biological regulon and not part of the frozen mechanism bundle.
OmniPath_DoRothEA|OmniPath_DoRothEA_snapshot_2026-08-25|human|creb3l1	OmniPath_DoRothEA	OmniPath_DoRothEA_snapshot_2026-08-25	human	CREB3L1	creb3l1	OmniPath_DoRothEA public regulon: CREB3L1 (human)	candidate	public_source_membership	2	2	exclude	Candidate source grouping only; not an exhaustive or context-specific biological regulon and not part of the frozen mechanism bundle.
OmniPath_DoRothEA|OmniPath_DoRothEA_snapshot_2026-08-25|human|crem	OmniPath_DoRothEA	OmniPath_DoRothEA_snapshot_2026-08-25	human	CREM	crem	OmniPath_DoRothEA public regulon: CREM (human)	candidate	public_source_membership	8	8	exclude	Candidate source grouping only; not an exhaustive or context-specific biological regulon and not part of the frozen mechanism bundle.
OmniPath_DoRothEA|OmniPath_DoRothEA_snapshot_2026-08-25|human|ctcf	OmniPath_DoRothEA	OmniPath_DoRothEA_snapshot_2026-08-25	human	CTCF	ctcf	OmniPath_DoRothEA public regulon: CTCF (human)	candidate	public_source_membership	620	620	exclude	Candidate source grouping only; not an exhaustive or context-specific biological regulon and not part of the frozen mechanism bundle.
OmniPath_DoRothEA|OmniPath_DoRothEA_snapshot_2026-08-25|human|cux1	OmniPath_DoRothEA	OmniPath_DoRothEA_snapshot_2026-08-25	human	CUX1	cux1	OmniPath_DoRothEA public regulon: CUX1 (human)	candidate	public_source_membership	8	8	exclude	Candidate source grouping only; not an exhaustive or context-specific biological regulon and not part of the frozen mechanism bundle.
OmniPath_DoRothEA|OmniPath_DoRothEA_snapshot_2026-08-25|human|ddit3	OmniPath_DoRothEA	OmniPath_DoRothEA_snapshot_2026-08-25	human	DDIT3	ddit3	OmniPath_DoRothEA public regulon: DDIT3 (human)	candidate	public_source_membership	8	8	exclude	Candidate source grouping only; not an exhaustive or context-specific biological regulon and not part of the frozen mechanism bundle.
OmniPath_DoRothEA|OmniPath_DoRothEA_snapshot_2026-08-25|human|dnmt1	OmniPath_DoRothEA	OmniPath_DoRothEA_snapshot_2026-08-25	human	DNMT1	dnmt1	OmniPath_DoRothEA public regulon: DNMT1 (human)	candidate	public_source_membership	4	4	exclude	Candidate source grouping only; not an exhaustive or context-specific biological regulon and not part of the frozen mechanism bundle.
OmniPath_DoRothEA|OmniPath_DoRothEA_snapshot_2026-08-25|human|e2f1	OmniPath_DoRothEA	OmniPath_DoRothEA_snapshot_2026-08-25	human	E2F1	e2f1	OmniPath_DoRothEA public regulon: E2F1 (human)	candidate	public_source_membership	529	529	exclude	Candidate source grouping only; not an exhaustive or context-specific biological regulon and not part of the frozen mechanism bundle.
OmniPath_DoRothEA|OmniPath_DoRothEA_snapshot_2026-08-25|human|e2f2	OmniPath_DoRothEA	OmniPath_DoRothEA_snapshot_2026-08-25	human	E2F2	e2f2	OmniPath_DoRothEA public regulon: E2F2 (human)	candidate	public_source_membership	15	15	exclude	Candidate source grouping only; not an exhaustive or context-specific biological regulon and not part of the frozen mechanism bundle.
OmniPath_DoRothEA|OmniPath_DoRothEA_snapshot_2026-08-25|human|e2f3	OmniPath_DoRothEA	OmniPath_DoRothEA_snapshot_2026-08-25	human	E2F3	e2f3	OmniPath_DoRothEA public regulon: E2F3 (human)	candidate	public_source_membership	14	14	exclude	Candidate source grouping only; not an exhaustive or context-specific biological regulon and not part of the frozen mechanism bundle.
OmniPath_DoRothEA|OmniPath_DoRothEA_snapshot_2026-08-25|human|e2f4	OmniPath_DoRothEA	OmniPath_DoRothEA_snapshot_2026-08-25	human	E2F4	e2f4	OmniPath_DoRothEA public regulon: E2F4 (human)	candidate	public_source_membership	514	514	exclude	Candidate source grouping only; not an exhaustive or context-specific biological regulon and not part of the frozen mechanism bundle.
OmniPath_DoRothEA|OmniPath_DoRothEA_snapshot_2026-08-25|human|e2f5	OmniPath_DoRothEA	OmniPath_DoRothEA_snapshot_2026-08-25	human	E2F5	e2f5	OmniPath_DoRothEA public regulon: E2F5 (human)	candidate	public_source_membership	1	1	exclude	Candidate source grouping only; not an exhaustive or context-specific biological regulon and not part of the frozen mechanism bundle.
OmniPath_DoRothEA|OmniPath_DoRothEA_snapshot_2026-08-25|human|e2f6	OmniPath_DoRothEA	OmniPath_DoRothEA_snapshot_2026-08-25	human	E2F6	e2f6	OmniPath_DoRothEA public regulon: E2F6 (human)	candidate	public_source_membership	7	7	exclude	Candidate source grouping only; not an exhaustive or context-specific biological regulon and not part of the frozen mechanism bundle.
OmniPath_DoRothEA|OmniPath_DoRothEA_snapshot_2026-08-25|human|e2f7	OmniPath_DoRothEA	OmniPath_DoRothEA_snapshot_2026-08-25	human	E2F7	e2f7	OmniPath_DoRothEA public regulon: E2F7 (human)	candidate	public_source_membership	4	4	exclude	Candidate source grouping only; not an exhaustive or context-specific biological regulon and not part of the frozen mechanism bundle.
OmniPath_DoRothEA|OmniPath_DoRothEA_snapshot_2026-08-25|human|e2f8	OmniPath_DoRothEA	OmniPath_DoRothEA_snapshot_2026-08-25	human	E2F8	e2f8	OmniPath_DoRothEA public regulon: E2F8 (human)	candidate	public_source_membership	1	1	exclude	Candidate source grouping only; not an exhaustive or context-specific biological regulon and not part of the frozen mechanism bundle.
OmniPath_DoRothEA|OmniPath_DoRothEA_snapshot_2026-08-25|human|e4f1	OmniPath_DoRothEA	OmniPath_DoRothEA_snapshot_2026-08-25	human	E4F1	e4f1	OmniPath_DoRothEA public regulon: E4F1 (human)	candidate	public_source_membership	1	1	exclude	Candidate source grouping only; not an exhaustive or context-specific biological regulon and not part of the frozen mechanism bundle.
OmniPath_DoRothEA|OmniPath_DoRothEA_snapshot_2026-08-25|human|ebf1	OmniPath_DoRothEA	OmniPath_DoRothEA_snapshot_2026-08-25	human	EBF1	ebf1	OmniPath_DoRothEA public regulon: EBF1 (human)	candidate	public_source_membership	3	3	exclude	Candidate source grouping only; not an exhaustive or context-specific biological regulon and not part of the frozen mechanism bundle.
OmniPath_DoRothEA|OmniPath_DoRothEA_snapshot_2026-08-25|human|egr1	OmniPath_DoRothEA	OmniPath_DoRothEA_snapshot_2026-08-25	human	EGR1	egr1	OmniPath_DoRothEA public regulon: EGR1 (human)	candidate	public_source_membership	563	563	exclude	Candidate source grouping only; not an exhaustive or context-specific biological regulon and not part of the frozen mechanism bundle.
OmniPath_DoRothEA|OmniPath_DoRothEA_snapshot_2026-08-25|human|egr2	OmniPath_DoRothEA	OmniPath_DoRothEA_snapshot_2026-08-25	human	EGR2	egr2	OmniPath_DoRothEA public regulon: EGR2 (human)	candidate	public_source_membership	2	2	exclude	Candidate source grouping only; not an exhaustive or context-specific biological regulon and not part of the frozen mechanism bundle.
OmniPath_DoRothEA|OmniPath_DoRothEA_snapshot_2026-08-25|human|egr3	OmniPath_DoRothEA	OmniPath_DoRothEA_snapshot_2026-08-25	human	EGR3	egr3	OmniPath_DoRothEA public regulon: EGR3 (human)	candidate	public_source_membership	1	1	exclude	Candidate source grouping only; not an exhaustive or context-specific biological regulon and not part of the frozen mechanism bundle.
OmniPath_DoRothEA|OmniPath_DoRothEA_snapshot_2026-08-25|human|ehf	OmniPath_DoRothEA	OmniPath_DoRothEA_snapshot_2026-08-25	human	EHF	ehf	OmniPath_DoRothEA public regulon: EHF (human)	candidate	public_source_membership	2	2	exclude	Candidate source grouping only; not an exhaustive or context-specific biological regulon and not part of the frozen mechanism bundle.
OmniPath_DoRothEA|OmniPath_DoRothEA_snapshot_2026-08-25|human|elf1	OmniPath_DoRothEA	OmniPath_DoRothEA_snapshot_2026-08-25	human	ELF1	elf1	OmniPath_DoRothEA public regulon: ELF1 (human)	candidate	public_source_membership	2	2	exclude	Candidate source grouping only; not an exhaustive or context-specific biological regulon and not part of the frozen mechanism bundle.
OmniPath_DoRothEA|OmniPath_DoRothEA_snapshot_2026-08-25|human|elf2	OmniPath_DoRothEA	OmniPath_DoRothEA_snapshot_2026-08-25	human	ELF2	elf2	OmniPath_DoRothEA public regulon: ELF2 (human)	candidate	public_source_membership	1	1	exclude	Candidate source grouping only; not an exhaustive or context-specific biological regulon and not part of the frozen mechanism bundle.
OmniPath_DoRothEA|OmniPath_DoRothEA_snapshot_2026-08-25|human|elf3	OmniPath_DoRothEA	OmniPath_DoRothEA_snapshot_2026-08-25	human	ELF3	elf3	OmniPath_DoRothEA public regulon: ELF3 (human)	candidate	public_source_membership	2	2	exclude	Candidate source grouping only; not an exhaustive or context-specific biological regulon and not part of the frozen mechanism bundle.
OmniPath_DoRothEA|OmniPath_DoRothEA_snapshot_2026-08-25|human|elk1	OmniPath_DoRothEA	OmniPath_DoRothEA_snapshot_2026-08-25	human	ELK1	elk1	OmniPath_DoRothEA public regulon: ELK1 (human)	candidate	public_source_membership	37	37	exclude	Candidate source grouping only; not an exhaustive or context-specific biological regulon and not part of the frozen mechanism bundle.
OmniPath_DoRothEA|OmniPath_DoRothEA_snapshot_2026-08-25|human|elk3	OmniPath_DoRothEA	OmniPath_DoRothEA_snapshot_2026-08-25	human	ELK3	elk3	OmniPath_DoRothEA public regulon: ELK3 (human)	candidate	public_source_membership	1	1	exclude	Candidate source grouping only; not an exhaustive or context-specific biological regulon and not part of the frozen mechanism bundle.
OmniPath_DoRothEA|OmniPath_DoRothEA_snapshot_2026-08-25|human|elk4	OmniPath_DoRothEA	OmniPath_DoRothEA_snapshot_2026-08-25	human	ELK4	elk4	OmniPath_DoRothEA public regulon: ELK4 (human)	candidate	public_source_membership	1	1	exclude	Candidate source grouping only; not an exhaustive or context-specific biological regulon and not part of the frozen mechanism bundle.
OmniPath_DoRothEA|OmniPath_DoRothEA_snapshot_2026-08-25|human|en1	OmniPath_DoRothEA	OmniPath_DoRothEA_snapshot_2026-08-25	human	EN1	en1	OmniPath_DoRothEA public regulon: EN1 (human)	candidate	public_source_membership	1	1	exclude	Candidate source grouping only; not an exhaustive or context-specific biological regulon and not part of the frozen mechanism bundle.
OmniPath_DoRothEA|OmniPath_DoRothEA_snapshot_2026-08-25|human|epas1	OmniPath_DoRothEA	OmniPath_DoRothEA_snapshot_2026-08-25	human	EPAS1	epas1	OmniPath_DoRothEA public regulon: EPAS1 (human)	candidate	public_source_membership	49	49	exclude	Candidate source grouping only; not an exhaustive or context-specific biological regulon and not part of the frozen mechanism bundle.
OmniPath_DoRothEA|OmniPath_DoRothEA_snapshot_2026-08-25|human|erf	OmniPath_DoRothEA	OmniPath_DoRothEA_snapshot_2026-08-25	human	ERF	erf	OmniPath_DoRothEA public regulon: ERF (human)	candidate	public_source_membership	1	1	exclude	Candidate source grouping only; not an exhaustive or context-specific biological regulon and not part of the frozen mechanism bundle.
OmniPath_DoRothEA|OmniPath_DoRothEA_snapshot_2026-08-25|human|erg	OmniPath_DoRothEA	OmniPath_DoRothEA_snapshot_2026-08-25	human	ERG	erg	OmniPath_DoRothEA public regulon: ERG (human)	candidate	public_source_membership	21	21	exclude	Candidate source grouping only; not an exhaustive or context-specific biological regulon and not part of the frozen mechanism bundle.
OmniPath_DoRothEA|OmniPath_DoRothEA_snapshot_2026-08-25|human|esr1	OmniPath_DoRothEA	OmniPath_DoRothEA_snapshot_2026-08-25	human	ESR1	esr1	OmniPath_DoRothEA public regulon: ESR1 (human)	candidate	public_source_membership	531	531	exclude	Candidate source grouping only; not an exhaustive or context-specific biological regulon and not part of the frozen mechanism bundle.
OmniPath_DoRothEA|OmniPath_DoRothEA_snapshot_2026-08-25|human|esr2	OmniPath_DoRothEA	OmniPath_DoRothEA_snapshot_2026-08-25	human	ESR2	esr2	OmniPath_DoRothEA public regulon: ESR2 (human)	candidate	public_source_membership	22	22	exclude	Candidate source grouping only; not an exhaustive or context-specific biological regulon and not part of the frozen mechanism bundle.
OmniPath_DoRothEA|OmniPath_DoRothEA_snapshot_2026-08-25|human|esrra	OmniPath_DoRothEA	OmniPath_DoRothEA_snapshot_2026-08-25	human	ESRRA	esrra	OmniPath_DoRothEA public regulon: ESRRA (human)	candidate	public_source_membership	7	7	exclude	Candidate source grouping only; not an exhaustive or context-specific biological regulon and not part of the frozen mechanism bundle.
OmniPath_DoRothEA|OmniPath_DoRothEA_snapshot_2026-08-25|human|ets1	OmniPath_DoRothEA	OmniPath_DoRothEA_snapshot_2026-08-25	human	ETS1	ets1	OmniPath_DoRothEA public regulon: ETS1 (human)	candidate	public_source_membership	527	527	exclude	Candidate source grouping only; not an exhaustive or context-specific biological regulon and not part of the frozen mechanism bundle.
OmniPath_DoRothEA|OmniPath_DoRothEA_snapshot_2026-08-25|human|ets2	OmniPath_DoRothEA	OmniPath_DoRothEA_snapshot_2026-08-25	human	ETS2	ets2	OmniPath_DoRothEA public regulon: ETS2 (human)	candidate	public_source_membership	32	32	exclude	Candidate source grouping only; not an exhaustive or context-specific biological regulon and not part of the frozen mechanism bundle.
OmniPath_DoRothEA|OmniPath_DoRothEA_snapshot_2026-08-25|human|etv3	OmniPath_DoRothEA	OmniPath_DoRothEA_snapshot_2026-08-25	human	ETV3	etv3	OmniPath_DoRothEA public regulon: ETV3 (human)	candidate	public_source_membership	1	1	exclude	Candidate source grouping only; not an exhaustive or context-specific biological regulon and not part of the frozen mechanism bundle.
OmniPath_DoRothEA|OmniPath_DoRothEA_snapshot_2026-08-25|human|etv4	OmniPath_DoRothEA	OmniPath_DoRothEA_snapshot_2026-08-25	human	ETV4	etv4	OmniPath_DoRothEA public regulon: ETV4 (human)	candidate	public_source_membership	18	18	exclude	Candidate source grouping only; not an exhaustive or context-specific biological regulon and not part of the frozen mechanism bundle.
OmniPath_DoRothEA|OmniPath_DoRothEA_snapshot_2026-08-25|human|fli1	OmniPath_DoRothEA	OmniPath_DoRothEA_snapshot_2026-08-25	human	FLI1	fli1	OmniPath_DoRothEA public regulon: FLI1 (human)	candidate	public_source_membership	14	14	exclude	Candidate source grouping only; not an exhaustive or context-specific biological regulon and not part of the frozen mechanism bundle.
OmniPath_DoRothEA|OmniPath_DoRothEA_snapshot_2026-08-25|human|fos	OmniPath_DoRothEA	OmniPath_DoRothEA_snapshot_2026-08-25	human	FOS	fos	OmniPath_DoRothEA public regulon: FOS (human)	candidate	public_source_membership	448	448	exclude	Candidate source grouping only; not an exhaustive or context-specific biological regulon and not part of the frozen mechanism bundle.
OmniPath_DoRothEA|OmniPath_DoRothEA_snapshot_2026-08-25|human|fosl1	OmniPath_DoRothEA	OmniPath_DoRothEA_snapshot_2026-08-25	human	FOSL1	fosl1	OmniPath_DoRothEA public regulon: FOSL1 (human)	candidate	public_source_membership	15	15	exclude	Candidate source grouping only; not an exhaustive or context-specific biological regulon and not part of the frozen mechanism bundle.
OmniPath_DoRothEA|OmniPath_DoRothEA_snapshot_2026-08-25|human|fosl2	OmniPath_DoRothEA	OmniPath_DoRothEA_snapshot_2026-08-25	human	FOSL2	fosl2	OmniPath_DoRothEA public regulon: FOSL2 (human)	candidate	public_source_membership	13	13	exclude	Candidate source grouping only; not an exhaustive or context-specific biological regulon and not part of the frozen mechanism bundle.
OmniPath_DoRothEA|OmniPath_DoRothEA_snapshot_2026-08-25|human|foxa1	OmniPath_DoRothEA	OmniPath_DoRothEA_snapshot_2026-08-25	human	FOXA1	foxa1	OmniPath_DoRothEA public regulon: FOXA1 (human)	candidate	public_source_membership	508	508	exclude	Candidate source grouping only; not an exhaustive or context-specific biological regulon and not part of the frozen mechanism bundle.
OmniPath_DoRothEA|OmniPath_DoRothEA_snapshot_2026-08-25|human|foxa2	OmniPath_DoRothEA	OmniPath_DoRothEA_snapshot_2026-08-25	human	FOXA2	foxa2	OmniPath_DoRothEA public regulon: FOXA2 (human)	candidate	public_source_membership	11	11	exclude	Candidate source grouping only; not an exhaustive or context-specific biological regulon and not part of the frozen mechanism bundle.
OmniPath_DoRothEA|OmniPath_DoRothEA_snapshot_2026-08-25|human|foxa3	OmniPath_DoRothEA	OmniPath_DoRothEA_snapshot_2026-08-25	human	FOXA3	foxa3	OmniPath_DoRothEA public regulon: FOXA3 (human)	candidate	public_source_membership	3	3	exclude	Candidate source grouping only; not an exhaustive or context-specific biological regulon and not part of the frozen mechanism bundle.
OmniPath_DoRothEA|OmniPath_DoRothEA_snapshot_2026-08-25|human|foxd3	OmniPath_DoRothEA	OmniPath_DoRothEA_snapshot_2026-08-25	human	FOXD3	foxd3	OmniPath_DoRothEA public regulon: FOXD3 (human)	candidate	public_source_membership	1	1	exclude	Candidate source grouping only; not an exhaustive or context-specific biological regulon and not part of the frozen mechanism bundle.
OmniPath_DoRothEA|OmniPath_DoRothEA_snapshot_2026-08-25|human|foxf1	OmniPath_DoRothEA	OmniPath_DoRothEA_snapshot_2026-08-25	human	FOXF1	foxf1	OmniPath_DoRothEA public regulon: FOXF1 (human)	candidate	public_source_membership	1	1	exclude	Candidate source grouping only; not an exhaustive or context-specific biological regulon and not part of the frozen mechanism bundle.
OmniPath_DoRothEA|OmniPath_DoRothEA_snapshot_2026-08-25|human|foxj2	OmniPath_DoRothEA	OmniPath_DoRothEA_snapshot_2026-08-25	human	FOXJ2	foxj2	OmniPath_DoRothEA public regulon: FOXJ2 (human)	candidate	public_source_membership	1	1	exclude	Candidate source grouping only; not an exhaustive or context-specific biological regulon and not part of the frozen mechanism bundle.
OmniPath_DoRothEA|OmniPath_DoRothEA_snapshot_2026-08-25|human|foxl2	OmniPath_DoRothEA	OmniPath_DoRothEA_snapshot_2026-08-25	human	FOXL2	foxl2	OmniPath_DoRothEA public regulon: FOXL2 (human)	candidate	public_source_membership	22	22	exclude	Candidate source grouping only; not an exhaustive or context-specific biological regulon and not part of the frozen mechanism bundle.
OmniPath_DoRothEA|OmniPath_DoRothEA_snapshot_2026-08-25|human|foxm1	OmniPath_DoRothEA	OmniPath_DoRothEA_snapshot_2026-08-25	human	FOXM1	foxm1	OmniPath_DoRothEA public regulon: FOXM1 (human)	candidate	public_source_membership	38	38	exclude	Candidate source grouping only; not an exhaustive or context-specific biological regulon and not part of the frozen mechanism bundle.
OmniPath_DoRothEA|OmniPath_DoRothEA_snapshot_2026-08-25|human|foxo1	OmniPath_DoRothEA	OmniPath_DoRothEA_snapshot_2026-08-25	human	FOXO1	foxo1	OmniPath_DoRothEA public regulon: FOXO1 (human)	candidate	public_source_membership	47	47	exclude	Candidate source grouping only; not an exhaustive or context-specific biological regulon and not part of the frozen mechanism bundle.
OmniPath_DoRothEA|OmniPath_DoRothEA_snapshot_2026-08-25|human|foxo3	OmniPath_DoRothEA	OmniPath_DoRothEA_snapshot_2026-08-25	human	FOXO3	foxo3	OmniPath_DoRothEA public regulon: FOXO3 (human)	candidate	public_source_membership	38	38	exclude	Candidate source grouping only; not an exhaustive or context-specific biological regulon and not part of the frozen mechanism bundle.
OmniPath_DoRothEA|OmniPath_DoRothEA_snapshot_2026-08-25|human|foxo4	OmniPath_DoRothEA	OmniPath_DoRothEA_snapshot_2026-08-25	human	FOXO4	foxo4	OmniPath_DoRothEA public regulon: FOXO4 (human)	candidate	public_source_membership	14	14	exclude	Candidate source grouping only; not an exhaustive or context-specific biological regulon and not part of the frozen mechanism bundle.
OmniPath_DoRothEA|OmniPath_DoRothEA_snapshot_2026-08-25|human|foxp1	OmniPath_DoRothEA	OmniPath_DoRothEA_snapshot_2026-08-25	human	FOXP1	foxp1	OmniPath_DoRothEA public regulon: FOXP1 (human)	candidate	public_source_membership	174	174	exclude	Candidate source grouping only; not an exhaustive or context-specific biological regulon and not part of the frozen mechanism bundle.
OmniPath_DoRothEA|OmniPath_DoRothEA_snapshot_2026-08-25|human|foxp2	OmniPath_DoRothEA	OmniPath_DoRothEA_snapshot_2026-08-25	human	FOXP2	foxp2	OmniPath_DoRothEA public regulon: FOXP2 (human)	candidate	public_source_membership	3	3	exclude	Candidate source grouping only; not an exhaustive or context-specific biological regulon and not part of the frozen mechanism bundle.
OmniPath_DoRothEA|OmniPath_DoRothEA_snapshot_2026-08-25|human|foxp3	OmniPath_DoRothEA	OmniPath_DoRothEA_snapshot_2026-08-25	human	FOXP3	foxp3	OmniPath_DoRothEA public regulon: FOXP3 (human)	candidate	public_source_membership	3	3	exclude	Candidate source grouping only; not an exhaustive or context-specific biological regulon and not part of the frozen mechanism bundle.
OmniPath_DoRothEA|OmniPath_DoRothEA_snapshot_2026-08-25|human|gabpa	OmniPath_DoRothEA	OmniPath_DoRothEA_snapshot_2026-08-25	human	GABPA	gabpa	OmniPath_DoRothEA public regulon: GABPA (human)	candidate	public_source_membership	3	3	exclude	Candidate source grouping only; not an exhaustive or context-specific biological regulon and not part of the frozen mechanism bundle.
OmniPath_DoRothEA|OmniPath_DoRothEA_snapshot_2026-08-25|human|gata1	OmniPath_DoRothEA	OmniPath_DoRothEA_snapshot_2026-08-25	human	GATA1	gata1	OmniPath_DoRothEA public regulon: GATA1 (human)	candidate	public_source_membership	19	19	exclude	Candidate source grouping only; not an exhaustive or context-specific biological regulon and not part of the frozen mechanism bundle.
OmniPath_DoRothEA|OmniPath_DoRothEA_snapshot_2026-08-25|human|gata2	OmniPath_DoRothEA	OmniPath_DoRothEA_snapshot_2026-08-25	human	GATA2	gata2	OmniPath_DoRothEA public regulon: GATA2 (human)	candidate	public_source_membership	462	462	exclude	Candidate source grouping only; not an exhaustive or context-specific biological regulon and not part of the frozen mechanism bundle.
OmniPath_DoRothEA|OmniPath_DoRothEA_snapshot_2026-08-25|human|gata3	OmniPath_DoRothEA	OmniPath_DoRothEA_snapshot_2026-08-25	human	GATA3	gata3	OmniPath_DoRothEA public regulon: GATA3 (human)	candidate	public_source_membership	489	489	exclude	Candidate source grouping only; not an exhaustive or context-specific biological regulon and not part of the frozen mechanism bundle.
OmniPath_DoRothEA|OmniPath_DoRothEA_snapshot_2026-08-25|human|gata4	OmniPath_DoRothEA	OmniPath_DoRothEA_snapshot_2026-08-25	human	GATA4	gata4	OmniPath_DoRothEA public regulon: GATA4 (human)	candidate	public_source_membership	6	6	exclude	Candidate source grouping only; not an exhaustive or context-specific biological regulon and not part of the frozen mechanism bundle.
OmniPath_DoRothEA|OmniPath_DoRothEA_snapshot_2026-08-25|human|gata6	OmniPath_DoRothEA	OmniPath_DoRothEA_snapshot_2026-08-25	human	GATA6	gata6	OmniPath_DoRothEA public regulon: GATA6 (human)	candidate	public_source_membership	4	4	exclude	Candidate source grouping only; not an exhaustive or context-specific biological regulon and not part of the frozen mechanism bundle.
OmniPath_DoRothEA|OmniPath_DoRothEA_snapshot_2026-08-25|human|gcm2	OmniPath_DoRothEA	OmniPath_DoRothEA_snapshot_2026-08-25	human	GCM2	gcm2	OmniPath_DoRothEA public regulon: GCM2 (human)	candidate	public_source_membership	1	1	exclude	Candidate source grouping only; not an exhaustive or context-specific biological regulon and not part of the frozen mechanism bundle.
OmniPath_DoRothEA|OmniPath_DoRothEA_snapshot_2026-08-25|human|gfi1	OmniPath_DoRothEA	OmniPath_DoRothEA_snapshot_2026-08-25	human	GFI1	gfi1	OmniPath_DoRothEA public regulon: GFI1 (human)	candidate	public_source_membership	2	2	exclude	Candidate source grouping only; not an exhaustive or context-specific biological regulon and not part of the frozen mechanism bundle.
OmniPath_DoRothEA|OmniPath_DoRothEA_snapshot_2026-08-25|human|gfi1b	OmniPath_DoRothEA	OmniPath_DoRothEA_snapshot_2026-08-25	human	GFI1B	gfi1b	OmniPath_DoRothEA public regulon: GFI1B (human)	candidate	public_source_membership	1	1	exclude	Candidate source grouping only; not an exhaustive or context-specific biological regulon and not part of the frozen mechanism bundle.
OmniPath_DoRothEA|OmniPath_DoRothEA_snapshot_2026-08-25|human|gli1	OmniPath_DoRothEA	OmniPath_DoRothEA_snapshot_2026-08-25	human	GLI1	gli1	OmniPath_DoRothEA public regulon: GLI1 (human)	candidate	public_source_membership	7	7	exclude	Candidate source grouping only; not an exhaustive or context-specific biological regulon and not part of the frozen mechanism bundle.
OmniPath_DoRothEA|OmniPath_DoRothEA_snapshot_2026-08-25|human|gli2	OmniPath_DoRothEA	OmniPath_DoRothEA_snapshot_2026-08-25	human	GLI2	gli2	OmniPath_DoRothEA public regulon: GLI2 (human)	candidate	public_source_membership	16	16	exclude	Candidate source grouping only; not an exhaustive or context-specific biological regulon and not part of the frozen mechanism bundle.
OmniPath_DoRothEA|OmniPath_DoRothEA_snapshot_2026-08-25|human|gli3	OmniPath_DoRothEA	OmniPath_DoRothEA_snapshot_2026-08-25	human	GLI3	gli3	OmniPath_DoRothEA public regulon: GLI3 (human)	candidate	public_source_membership	1	1	exclude	Candidate source grouping only; not an exhaustive or context-specific biological regulon and not part of the frozen mechanism bundle.
OmniPath_DoRothEA|OmniPath_DoRothEA_snapshot_2026-08-25|human|grhl2	OmniPath_DoRothEA	OmniPath_DoRothEA_snapshot_2026-08-25	human	GRHL2	grhl2	OmniPath_DoRothEA public regulon: GRHL2 (human)	candidate	public_source_membership	3	3	exclude	Candidate source grouping only; not an exhaustive or context-specific biological regulon and not part of the frozen mechanism bundle.
OmniPath_DoRothEA|OmniPath_DoRothEA_snapshot_2026-08-25|human|gtf2i	OmniPath_DoRothEA	OmniPath_DoRothEA_snapshot_2026-08-25	human	GTF2I	gtf2i	OmniPath_DoRothEA public regulon: GTF2I (human)	candidate	public_source_membership	1	1	exclude	Candidate source grouping only; not an exhaustive or context-specific biological regulon and not part of the frozen mechanism bundle.
OmniPath_DoRothEA|OmniPath_DoRothEA_snapshot_2026-08-25|human|hbp1	OmniPath_DoRothEA	OmniPath_DoRothEA_snapshot_2026-08-25	human	HBP1	hbp1	OmniPath_DoRothEA public regulon: HBP1 (human)	candidate	public_source_membership	3	3	exclude	Candidate source grouping only; not an exhaustive or context-specific biological regulon and not part of the frozen mechanism bundle.
OmniPath_DoRothEA|OmniPath_DoRothEA_snapshot_2026-08-25|human|hes1	OmniPath_DoRothEA	OmniPath_DoRothEA_snapshot_2026-08-25	human	HES1	hes1	OmniPath_DoRothEA public regulon: HES1 (human)	candidate	public_source_membership	4	4	exclude	Candidate source grouping only; not an exhaustive or context-specific biological regulon and not part of the frozen mechanism bundle.
OmniPath_DoRothEA|OmniPath_DoRothEA_snapshot_2026-08-25|human|hey1	OmniPath_DoRothEA	OmniPath_DoRothEA_snapshot_2026-08-25	human	HEY1	hey1	OmniPath_DoRothEA public regulon: HEY1 (human)	candidate	public_source_membership	1	1	exclude	Candidate source grouping only; not an exhaustive or context-specific biological regulon and not part of the frozen mechanism bundle.
OmniPath_DoRothEA|OmniPath_DoRothEA_snapshot_2026-08-25|human|hey2	OmniPath_DoRothEA	OmniPath_DoRothEA_snapshot_2026-08-25	human	HEY2	hey2	OmniPath_DoRothEA public regulon: HEY2 (human)	candidate	public_source_membership	2	2	exclude	Candidate source grouping only; not an exhaustive or context-specific biological regulon and not part of the frozen mechanism bundle.
OmniPath_DoRothEA|OmniPath_DoRothEA_snapshot_2026-08-25|human|hhex	OmniPath_DoRothEA	OmniPath_DoRothEA_snapshot_2026-08-25	human	HHEX	hhex	OmniPath_DoRothEA public regulon: HHEX (human)	candidate	public_source_membership	2	2	exclude	Candidate source grouping only; not an exhaustive or context-specific biological regulon and not part of the frozen mechanism bundle.
OmniPath_DoRothEA|OmniPath_DoRothEA_snapshot_2026-08-25|human|hic1	OmniPath_DoRothEA	OmniPath_DoRothEA_snapshot_2026-08-25	human	HIC1	hic1	OmniPath_DoRothEA public regulon: HIC1 (human)	candidate	public_source_membership	7	7	exclude	Candidate source grouping only; not an exhaustive or context-specific biological regulon and not part of the frozen mechanism bundle.
OmniPath_DoRothEA|OmniPath_DoRothEA_snapshot_2026-08-25|human|hif1a	OmniPath_DoRothEA	OmniPath_DoRothEA_snapshot_2026-08-25	human	HIF1A	hif1a	OmniPath_DoRothEA public regulon: HIF1A (human)	candidate	public_source_membership	192	192	exclude	Candidate source grouping only; not an exhaustive or context-specific biological regulon and not part of the frozen mechanism bundle.
OmniPath_DoRothEA|OmniPath_DoRothEA_snapshot_2026-08-25|human|hlf	OmniPath_DoRothEA	OmniPath_DoRothEA_snapshot_2026-08-25	human	HLF	hlf	OmniPath_DoRothEA public regulon: HLF (human)	candidate	public_source_membership	2	2	exclude	Candidate source grouping only; not an exhaustive or context-specific biological regulon and not part of the frozen mechanism bundle.
OmniPath_DoRothEA|OmniPath_DoRothEA_snapshot_2026-08-25|human|hmbox1	OmniPath_DoRothEA	OmniPath_DoRothEA_snapshot_2026-08-25	human	HMBOX1	hmbox1	OmniPath_DoRothEA public regulon: HMBOX1 (human)	candidate	public_source_membership	2	2	exclude	Candidate source grouping only; not an exhaustive or context-specific biological regulon and not part of the frozen mechanism bundle.
OmniPath_DoRothEA|OmniPath_DoRothEA_snapshot_2026-08-25|human|hmga1	OmniPath_DoRothEA	OmniPath_DoRothEA_snapshot_2026-08-25	human	HMGA1	hmga1	OmniPath_DoRothEA public regulon: HMGA1 (human)	candidate	public_source_membership	1	1	exclude	Candidate source grouping only; not an exhaustive or context-specific biological regulon and not part of the frozen mechanism bundle.
OmniPath_DoRothEA|OmniPath_DoRothEA_snapshot_2026-08-25|human|hnf1a	OmniPath_DoRothEA	OmniPath_DoRothEA_snapshot_2026-08-25	human	HNF1A	hnf1a	OmniPath_DoRothEA public regulon: HNF1A (human)	candidate	public_source_membership	27	27	exclude	Candidate source grouping only; not an exhaustive or context-specific biological regulon and not part of the frozen mechanism bundle.
OmniPath_DoRothEA|OmniPath_DoRothEA_snapshot_2026-08-25|human|hnf1b	OmniPath_DoRothEA	OmniPath_DoRothEA_snapshot_2026-08-25	human	HNF1B	hnf1b	OmniPath_DoRothEA public regulon: HNF1B (human)	candidate	public_source_membership	1	1	exclude	Candidate source grouping only; not an exhaustive or context-specific biological regulon and not part of the frozen mechanism bundle.
OmniPath_DoRothEA|OmniPath_DoRothEA_snapshot_2026-08-25|human|hnf4a	OmniPath_DoRothEA	OmniPath_DoRothEA_snapshot_2026-08-25	human	HNF4A	hnf4a	OmniPath_DoRothEA public regulon: HNF4A (human)	candidate	public_source_membership	555	555	exclude	Candidate source grouping only; not an exhaustive or context-specific biological regulon and not part of the frozen mechanism bundle.
OmniPath_DoRothEA|OmniPath_DoRothEA_snapshot_2026-08-25|human|hnf4g	OmniPath_DoRothEA	OmniPath_DoRothEA_snapshot_2026-08-25	human	HNF4G	hnf4g	OmniPath_DoRothEA public regulon: HNF4G (human)	candidate	public_source_membership	7	7	exclude	Candidate source grouping only; not an exhaustive or context-specific biological regulon and not part of the frozen mechanism bundle.
OmniPath_DoRothEA|OmniPath_DoRothEA_snapshot_2026-08-25|human|hoxa10	OmniPath_DoRothEA	OmniPath_DoRothEA_snapshot_2026-08-25	human	HOXA10	hoxa10	OmniPath_DoRothEA public regulon: HOXA10 (human)	candidate	public_source_membership	4	4	exclude	Candidate source grouping only; not an exhaustive or context-specific biological regulon and not part of the frozen mechanism bundle.
OmniPath_DoRothEA|OmniPath_DoRothEA_snapshot_2026-08-25|human|hoxa11	OmniPath_DoRothEA	OmniPath_DoRothEA_snapshot_2026-08-25	human	HOXA11	hoxa11	OmniPath_DoRothEA public regulon: HOXA11 (human)	candidate	public_source_membership	1	1	exclude	Candidate source grouping only; not an exhaustive or context-specific biological regulon and not part of the frozen mechanism bundle.
OmniPath_DoRothEA|OmniPath_DoRothEA_snapshot_2026-08-25|human|hoxa4	OmniPath_DoRothEA	OmniPath_DoRothEA_snapshot_2026-08-25	human	HOXA4	hoxa4	OmniPath_DoRothEA public regulon: HOXA4 (human)	candidate	public_source_membership	1	1	exclude	Candidate source grouping only; not an exhaustive or context-specific biological regulon and not part of the frozen mechanism bundle.
OmniPath_DoRothEA|OmniPath_DoRothEA_snapshot_2026-08-25|human|hoxa5	OmniPath_DoRothEA	OmniPath_DoRothEA_snapshot_2026-08-25	human	HOXA5	hoxa5	OmniPath_DoRothEA public regulon: HOXA5 (human)	candidate	public_source_membership	3	3	exclude	Candidate source grouping only; not an exhaustive or context-specific biological regulon and not part of the frozen mechanism bundle.
OmniPath_DoRothEA|OmniPath_DoRothEA_snapshot_2026-08-25|human|hoxb13	OmniPath_DoRothEA	OmniPath_DoRothEA_snapshot_2026-08-25	human	HOXB13	hoxb13	OmniPath_DoRothEA public regulon: HOXB13 (human)	candidate	public_source_membership	1	1	exclude	Candidate source grouping only; not an exhaustive or context-specific biological regulon and not part of the frozen mechanism bundle.
OmniPath_DoRothEA|OmniPath_DoRothEA_snapshot_2026-08-25|human|hoxb7	OmniPath_DoRothEA	OmniPath_DoRothEA_snapshot_2026-08-25	human	HOXB7	hoxb7	OmniPath_DoRothEA public regulon: HOXB7 (human)	candidate	public_source_membership	1	1	exclude	Candidate source grouping only; not an exhaustive or context-specific biological regulon and not part of the frozen mechanism bundle.
OmniPath_DoRothEA|OmniPath_DoRothEA_snapshot_2026-08-25|human|hoxc11	OmniPath_DoRothEA	OmniPath_DoRothEA_snapshot_2026-08-25	human	HOXC11	hoxc11	OmniPath_DoRothEA public regulon: HOXC11 (human)	candidate	public_source_membership	1	1	exclude	Candidate source grouping only; not an exhaustive or context-specific biological regulon and not part of the frozen mechanism bundle.
OmniPath_DoRothEA|OmniPath_DoRothEA_snapshot_2026-08-25|human|hoxc8	OmniPath_DoRothEA	OmniPath_DoRothEA_snapshot_2026-08-25	human	HOXC8	hoxc8	OmniPath_DoRothEA public regulon: HOXC8 (human)	candidate	public_source_membership	1	1	exclude	Candidate source grouping only; not an exhaustive or context-specific biological regulon and not part of the frozen mechanism bundle.
OmniPath_DoRothEA|OmniPath_DoRothEA_snapshot_2026-08-25|human|hoxd3	OmniPath_DoRothEA	OmniPath_DoRothEA_snapshot_2026-08-25	human	HOXD3	hoxd3	OmniPath_DoRothEA public regulon: HOXD3 (human)	candidate	public_source_membership	3	3	exclude	Candidate source grouping only; not an exhaustive or context-specific biological regulon and not part of the frozen mechanism bundle.
OmniPath_DoRothEA|OmniPath_DoRothEA_snapshot_2026-08-25|human|hsf1	OmniPath_DoRothEA	OmniPath_DoRothEA_snapshot_2026-08-25	human	HSF1	hsf1	OmniPath_DoRothEA public regulon: HSF1 (human)	candidate	public_source_membership	12	12	exclude	Candidate source grouping only; not an exhaustive or context-specific biological regulon and not part of the frozen mechanism bundle.
OmniPath_DoRothEA|OmniPath_DoRothEA_snapshot_2026-08-25|human|hsf2	OmniPath_DoRothEA	OmniPath_DoRothEA_snapshot_2026-08-25	human	HSF2	hsf2	OmniPath_DoRothEA public regulon: HSF2 (human)	candidate	public_source_membership	3	3	exclude	Candidate source grouping only; not an exhaustive or context-specific biological regulon and not part of the frozen mechanism bundle.
OmniPath_DoRothEA|OmniPath_DoRothEA_snapshot_2026-08-25|human|insm1	OmniPath_DoRothEA	OmniPath_DoRothEA_snapshot_2026-08-25	human	INSM1	insm1	OmniPath_DoRothEA public regulon: INSM1 (human)	candidate	public_source_membership	3	3	exclude	Candidate source grouping only; not an exhaustive or context-specific biological regulon and not part of the frozen mechanism bundle.
OmniPath_DoRothEA|OmniPath_DoRothEA_snapshot_2026-08-25|human|irf1	OmniPath_DoRothEA	OmniPath_DoRothEA_snapshot_2026-08-25	human	IRF1	irf1	OmniPath_DoRothEA public regulon: IRF1 (human)	candidate	public_source_membership	44	44	exclude	Candidate source grouping only; not an exhaustive or context-specific biological regulon and not part of the frozen mechanism bundle.
OmniPath_DoRothEA|OmniPath_DoRothEA_snapshot_2026-08-25|human|irf2	OmniPath_DoRothEA	OmniPath_DoRothEA_snapshot_2026-08-25	human	IRF2	irf2	OmniPath_DoRothEA public regulon: IRF2 (human)	candidate	public_source_membership	8	8	exclude	Candidate source grouping only; not an exhaustive or context-specific biological regulon and not part of the frozen mechanism bundle.
OmniPath_DoRothEA|OmniPath_DoRothEA_snapshot_2026-08-25|human|irf3	OmniPath_DoRothEA	OmniPath_DoRothEA_snapshot_2026-08-25	human	IRF3	irf3	OmniPath_DoRothEA public regulon: IRF3 (human)	candidate	public_source_membership	8	8	exclude	Candidate source grouping only; not an exhaustive or context-specific biological regulon and not part of the frozen mechanism bundle.
OmniPath_DoRothEA|OmniPath_DoRothEA_snapshot_2026-08-25|human|irf4	OmniPath_DoRothEA	OmniPath_DoRothEA_snapshot_2026-08-25	human	IRF4	irf4	OmniPath_DoRothEA public regulon: IRF4 (human)	candidate	public_source_membership	8	8	exclude	Candidate source grouping only; not an exhaustive or context-specific biological regulon and not part of the frozen mechanism bundle.
OmniPath_DoRothEA|OmniPath_DoRothEA_snapshot_2026-08-25|human|irf5	OmniPath_DoRothEA	OmniPath_DoRothEA_snapshot_2026-08-25	human	IRF5	irf5	OmniPath_DoRothEA public regulon: IRF5 (human)	candidate	public_source_membership	1	1	exclude	Candidate source grouping only; not an exhaustive or context-specific biological regulon and not part of the frozen mechanism bundle.
OmniPath_DoRothEA|OmniPath_DoRothEA_snapshot_2026-08-25|human|irf7	OmniPath_DoRothEA	OmniPath_DoRothEA_snapshot_2026-08-25	human	IRF7	irf7	OmniPath_DoRothEA public regulon: IRF7 (human)	candidate	public_source_membership	4	4	exclude	Candidate source grouping only; not an exhaustive or context-specific biological regulon and not part of the frozen mechanism bundle.
OmniPath_DoRothEA|OmniPath_DoRothEA_snapshot_2026-08-25|human|irf8	OmniPath_DoRothEA	OmniPath_DoRothEA_snapshot_2026-08-25	human	IRF8	irf8	OmniPath_DoRothEA public regulon: IRF8 (human)	candidate	public_source_membership	7	7	exclude	Candidate source grouping only; not an exhaustive or context-specific biological regulon and not part of the frozen mechanism bundle.
OmniPath_DoRothEA|OmniPath_DoRothEA_snapshot_2026-08-25|human|irf9	OmniPath_DoRothEA	OmniPath_DoRothEA_snapshot_2026-08-25	human	IRF9	irf9	OmniPath_DoRothEA public regulon: IRF9 (human)	candidate	public_source_membership	12	12	exclude	Candidate source grouping only; not an exhaustive or context-specific biological regulon and not part of the frozen mechanism bundle.
OmniPath_DoRothEA|OmniPath_DoRothEA_snapshot_2026-08-25|human|jun	OmniPath_DoRothEA	OmniPath_DoRothEA_snapshot_2026-08-25	human	JUN	jun	OmniPath_DoRothEA public regulon: JUN (human)	candidate	public_source_membership	128	128	exclude	Candidate source grouping only; not an exhaustive or context-specific biological regulon and not part of the frozen mechanism bundle.
OmniPath_DoRothEA|OmniPath_DoRothEA_snapshot_2026-08-25|human|junb	OmniPath_DoRothEA	OmniPath_DoRothEA_snapshot_2026-08-25	human	JUNB	junb	OmniPath_DoRothEA public regulon: JUNB (human)	candidate	public_source_membership	7	7	exclude	Candidate source grouping only; not an exhaustive or context-specific biological regulon and not part of the frozen mechanism bundle.
OmniPath_DoRothEA|OmniPath_DoRothEA_snapshot_2026-08-25|human|jund	OmniPath_DoRothEA	OmniPath_DoRothEA_snapshot_2026-08-25	human	JUND	jund	OmniPath_DoRothEA public regulon: JUND (human)	candidate	public_source_membership	21	21	exclude	Candidate source grouping only; not an exhaustive or context-specific biological regulon and not part of the frozen mechanism bundle.
OmniPath_DoRothEA|OmniPath_DoRothEA_snapshot_2026-08-25|human|kdm5b	OmniPath_DoRothEA	OmniPath_DoRothEA_snapshot_2026-08-25	human	KDM5B	kdm5b	OmniPath_DoRothEA public regulon: KDM5B (human)	candidate	public_source_membership	1	1	exclude	Candidate source grouping only; not an exhaustive or context-specific biological regulon and not part of the frozen mechanism bundle.
OmniPath_DoRothEA|OmniPath_DoRothEA_snapshot_2026-08-25|human|klf1	OmniPath_DoRothEA	OmniPath_DoRothEA_snapshot_2026-08-25	human	KLF1	klf1	OmniPath_DoRothEA public regulon: KLF1 (human)	candidate	public_source_membership	2	2	exclude	Candidate source grouping only; not an exhaustive or context-specific biological regulon and not part of the frozen mechanism bundle.
OmniPath_DoRothEA|OmniPath_DoRothEA_snapshot_2026-08-25|human|klf10	OmniPath_DoRothEA	OmniPath_DoRothEA_snapshot_2026-08-25	human	KLF10	klf10	OmniPath_DoRothEA public regulon: KLF10 (human)	candidate	public_source_membership	1	1	exclude	Candidate source grouping only; not an exhaustive or context-specific biological regulon and not part of the frozen mechanism bundle.
OmniPath_DoRothEA|OmniPath_DoRothEA_snapshot_2026-08-25|human|klf11	OmniPath_DoRothEA	OmniPath_DoRothEA_snapshot_2026-08-25	human	KLF11	klf11	OmniPath_DoRothEA public regulon: KLF11 (human)	candidate	public_source_membership	2	2	exclude	Candidate source grouping only; not an exhaustive or context-specific biological regulon and not part of the frozen mechanism bundle.
OmniPath_DoRothEA|OmniPath_DoRothEA_snapshot_2026-08-25|human|klf12	OmniPath_DoRothEA	OmniPath_DoRothEA_snapshot_2026-08-25	human	KLF12	klf12	OmniPath_DoRothEA public regulon: KLF12 (human)	candidate	public_source_membership	1	1	exclude	Candidate source grouping only; not an exhaustive or context-specific biological regulon and not part of the frozen mechanism bundle.
OmniPath_DoRothEA|OmniPath_DoRothEA_snapshot_2026-08-25|human|klf15	OmniPath_DoRothEA	OmniPath_DoRothEA_snapshot_2026-08-25	human	KLF15	klf15	OmniPath_DoRothEA public regulon: KLF15 (human)	candidate	public_source_membership	1	1	exclude	Candidate source grouping only; not an exhaustive or context-specific biological regulon and not part of the frozen mechanism bundle.
OmniPath_DoRothEA|OmniPath_DoRothEA_snapshot_2026-08-25|human|klf2	OmniPath_DoRothEA	OmniPath_DoRothEA_snapshot_2026-08-25	human	KLF2	klf2	OmniPath_DoRothEA public regulon: KLF2 (human)	candidate	public_source_membership	2	2	exclude	Candidate source grouping only; not an exhaustive or context-specific biological regulon and not part of the frozen mechanism bundle.
OmniPath_DoRothEA|OmniPath_DoRothEA_snapshot_2026-08-25|human|klf4	OmniPath_DoRothEA	OmniPath_DoRothEA_snapshot_2026-08-25	human	KLF4	klf4	OmniPath_DoRothEA public regulon: KLF4 (human)	candidate	public_source_membership	13	13	exclude	Candidate source grouping only; not an exhaustive or context-specific biological regulon and not part of the frozen mechanism bundle.
OmniPath_DoRothEA|OmniPath_DoRothEA_snapshot_2026-08-25|human|klf5	OmniPath_DoRothEA	OmniPath_DoRothEA_snapshot_2026-08-25	human	KLF5	klf5	OmniPath_DoRothEA public regulon: KLF5 (human)	candidate	public_source_membership	8	8	exclude	Candidate source grouping only; not an exhaustive or context-specific biological regulon and not part of the frozen mechanism bundle.
OmniPath_DoRothEA|OmniPath_DoRothEA_snapshot_2026-08-25|human|klf6	OmniPath_DoRothEA	OmniPath_DoRothEA_snapshot_2026-08-25	human	KLF6	klf6	OmniPath_DoRothEA public regulon: KLF6 (human)	candidate	public_source_membership	7	7	exclude	Candidate source grouping only; not an exhaustive or context-specific biological regulon and not part of the frozen mechanism bundle.
OmniPath_DoRothEA|OmniPath_DoRothEA_snapshot_2026-08-25|human|kmt2a	OmniPath_DoRothEA	OmniPath_DoRothEA_snapshot_2026-08-25	human	KMT2A	kmt2a	OmniPath_DoRothEA public regulon: KMT2A (human)	candidate	public_source_membership	12	12	exclude	Candidate source grouping only; not an exhaustive or context-specific biological regulon and not part of the frozen mechanism bundle.
OmniPath_DoRothEA|OmniPath_DoRothEA_snapshot_2026-08-25|human|lef1	OmniPath_DoRothEA	OmniPath_DoRothEA_snapshot_2026-08-25	human	LEF1	lef1	OmniPath_DoRothEA public regulon: LEF1 (human)	candidate	public_source_membership	24	24	exclude	Candidate source grouping only; not an exhaustive or context-specific biological regulon and not part of the frozen mechanism bundle.
OmniPath_DoRothEA|OmniPath_DoRothEA_snapshot_2026-08-25|human|lhx3	OmniPath_DoRothEA	OmniPath_DoRothEA_snapshot_2026-08-25	human	LHX3	lhx3	OmniPath_DoRothEA public regulon: LHX3 (human)	candidate	public_source_membership	4	4	exclude	Candidate source grouping only; not an exhaustive or context-specific biological regulon and not part of the frozen mechanism bundle.
OmniPath_DoRothEA|OmniPath_DoRothEA_snapshot_2026-08-25|human|lhx4	OmniPath_DoRothEA	OmniPath_DoRothEA_snapshot_2026-08-25	human	LHX4	lhx4	OmniPath_DoRothEA public regulon: LHX4 (human)	candidate	public_source_membership	6	6	exclude	Candidate source grouping only; not an exhaustive or context-specific biological regulon and not part of the frozen mechanism bundle.
OmniPath_DoRothEA|OmniPath_DoRothEA_snapshot_2026-08-25|human|lyl1	OmniPath_DoRothEA	OmniPath_DoRothEA_snapshot_2026-08-25	human	LYL1	lyl1	OmniPath_DoRothEA public regulon: LYL1 (human)	candidate	public_source_membership	4	4	exclude	Candidate source grouping only; not an exhaustive or context-specific biological regulon and not part of the frozen mechanism bundle.
OmniPath_DoRothEA|OmniPath_DoRothEA_snapshot_2026-08-25|human|maf	OmniPath_DoRothEA	OmniPath_DoRothEA_snapshot_2026-08-25	human	MAF	maf	OmniPath_DoRothEA public regulon: MAF (human)	candidate	public_source_membership	7	7	exclude	Candidate source grouping only; not an exhaustive or context-specific biological regulon and not part of the frozen mechanism bundle.
OmniPath_DoRothEA|OmniPath_DoRothEA_snapshot_2026-08-25|human|mafa	OmniPath_DoRothEA	OmniPath_DoRothEA_snapshot_2026-08-25	human	MAFA	mafa	OmniPath_DoRothEA public regulon: MAFA (human)	candidate	public_source_membership	1	1	exclude	Candidate source grouping only; not an exhaustive or context-specific biological regulon and not part of the frozen mechanism bundle.
OmniPath_DoRothEA|OmniPath_DoRothEA_snapshot_2026-08-25|human|mafb	OmniPath_DoRothEA	OmniPath_DoRothEA_snapshot_2026-08-25	human	MAFB	mafb	OmniPath_DoRothEA public regulon: MAFB (human)	candidate	public_source_membership	2	2	exclude	Candidate source grouping only; not an exhaustive or context-specific biological regulon and not part of the frozen mechanism bundle.
OmniPath_DoRothEA|OmniPath_DoRothEA_snapshot_2026-08-25|human|maff	OmniPath_DoRothEA	OmniPath_DoRothEA_snapshot_2026-08-25	human	MAFF	maff	OmniPath_DoRothEA public regulon: MAFF (human)	candidate	public_source_membership	2	2	exclude	Candidate source grouping only; not an exhaustive or context-specific biological regulon and not part of the frozen mechanism bundle.
OmniPath_DoRothEA|OmniPath_DoRothEA_snapshot_2026-08-25|human|mafg	OmniPath_DoRothEA	OmniPath_DoRothEA_snapshot_2026-08-25	human	MAFG	mafg	OmniPath_DoRothEA public regulon: MAFG (human)	candidate	public_source_membership	2	2	exclude	Candidate source grouping only; not an exhaustive or context-specific biological regulon and not part of the frozen mechanism bundle.
OmniPath_DoRothEA|OmniPath_DoRothEA_snapshot_2026-08-25|human|mafk	OmniPath_DoRothEA	OmniPath_DoRothEA_snapshot_2026-08-25	human	MAFK	mafk	OmniPath_DoRothEA public regulon: MAFK (human)	candidate	public_source_membership	1	1	exclude	Candidate source grouping only; not an exhaustive or context-specific biological regulon and not part of the frozen mechanism bundle.
OmniPath_DoRothEA|OmniPath_DoRothEA_snapshot_2026-08-25|human|max	OmniPath_DoRothEA	OmniPath_DoRothEA_snapshot_2026-08-25	human	MAX	max	OmniPath_DoRothEA public regulon: MAX (human)	candidate	public_source_membership	5	5	exclude	Candidate source grouping only; not an exhaustive or context-specific biological regulon and not part of the frozen mechanism bundle.
OmniPath_DoRothEA|OmniPath_DoRothEA_snapshot_2026-08-25|human|maz	OmniPath_DoRothEA	OmniPath_DoRothEA_snapshot_2026-08-25	human	MAZ	maz	OmniPath_DoRothEA public regulon: MAZ (human)	candidate	public_source_membership	8	8	exclude	Candidate source grouping only; not an exhaustive or context-specific biological regulon and not part of the frozen mechanism bundle.
OmniPath_DoRothEA|OmniPath_DoRothEA_snapshot_2026-08-25|human|mbd1	OmniPath_DoRothEA	OmniPath_DoRothEA_snapshot_2026-08-25	human	MBD1	mbd1	OmniPath_DoRothEA public regulon: MBD1 (human)	candidate	public_source_membership	1	1	exclude	Candidate source grouping only; not an exhaustive or context-specific biological regulon and not part of the frozen mechanism bundle.
OmniPath_DoRothEA|OmniPath_DoRothEA_snapshot_2026-08-25|human|mbd2	OmniPath_DoRothEA	OmniPath_DoRothEA_snapshot_2026-08-25	human	MBD2	mbd2	OmniPath_DoRothEA public regulon: MBD2 (human)	candidate	public_source_membership	1	1	exclude	Candidate source grouping only; not an exhaustive or context-specific biological regulon and not part of the frozen mechanism bundle.
OmniPath_DoRothEA|OmniPath_DoRothEA_snapshot_2026-08-25|human|mbd3	OmniPath_DoRothEA	OmniPath_DoRothEA_snapshot_2026-08-25	human	MBD3	mbd3	OmniPath_DoRothEA public regulon: MBD3 (human)	candidate	public_source_membership	1	1	exclude	Candidate source grouping only; not an exhaustive or context-specific biological regulon and not part of the frozen mechanism bundle.
OmniPath_DoRothEA|OmniPath_DoRothEA_snapshot_2026-08-25|human|mecp2	OmniPath_DoRothEA	OmniPath_DoRothEA_snapshot_2026-08-25	human	MECP2	mecp2	OmniPath_DoRothEA public regulon: MECP2 (human)	candidate	public_source_membership	1	1	exclude	Candidate source grouping only; not an exhaustive or context-specific biological regulon and not part of the frozen mechanism bundle.
OmniPath_DoRothEA|OmniPath_DoRothEA_snapshot_2026-08-25|human|mef2a	OmniPath_DoRothEA	OmniPath_DoRothEA_snapshot_2026-08-25	human	MEF2A	mef2a	OmniPath_DoRothEA public regulon: MEF2A (human)	candidate	public_source_membership	8	8	exclude	Candidate source grouping only; not an exhaustive or context-specific biological regulon and not part of the frozen mechanism bundle.
OmniPath_DoRothEA|OmniPath_DoRothEA_snapshot_2026-08-25|human|mef2b	OmniPath_DoRothEA	OmniPath_DoRothEA_snapshot_2026-08-25	human	MEF2B	mef2b	OmniPath_DoRothEA public regulon: MEF2B (human)	candidate	public_source_membership	1	1	exclude	Candidate source grouping only; not an exhaustive or context-specific biological regulon and not part of the frozen mechanism bundle.
OmniPath_DoRothEA|OmniPath_DoRothEA_snapshot_2026-08-25|human|mef2c	OmniPath_DoRothEA	OmniPath_DoRothEA_snapshot_2026-08-25	human	MEF2C	mef2c	OmniPath_DoRothEA public regulon: MEF2C (human)	candidate	public_source_membership	9	9	exclude	Candidate source grouping only; not an exhaustive or context-specific biological regulon and not part of the frozen mechanism bundle.
OmniPath_DoRothEA|OmniPath_DoRothEA_snapshot_2026-08-25|human|mef2d	OmniPath_DoRothEA	OmniPath_DoRothEA_snapshot_2026-08-25	human	MEF2D	mef2d	OmniPath_DoRothEA public regulon: MEF2D (human)	candidate	public_source_membership	3	3	exclude	Candidate source grouping only; not an exhaustive or context-specific biological regulon and not part of the frozen mechanism bundle.
OmniPath_DoRothEA|OmniPath_DoRothEA_snapshot_2026-08-25|human|meis2	OmniPath_DoRothEA	OmniPath_DoRothEA_snapshot_2026-08-25	human	MEIS2	meis2	OmniPath_DoRothEA public regulon: MEIS2 (human)	candidate	public_source_membership	3	3	exclude	Candidate source grouping only; not an exhaustive or context-specific biological regulon and not part of the frozen mechanism bundle.
OmniPath_DoRothEA|OmniPath_DoRothEA_snapshot_2026-08-25|human|mitf	OmniPath_DoRothEA	OmniPath_DoRothEA_snapshot_2026-08-25	human	MITF	mitf	OmniPath_DoRothEA public regulon: MITF (human)	candidate	public_source_membership	446	446	exclude	Candidate source grouping only; not an exhaustive or context-specific biological regulon and not part of the frozen mechanism bundle.
OmniPath_DoRothEA|OmniPath_DoRothEA_snapshot_2026-08-25|human|mnt	OmniPath_DoRothEA	OmniPath_DoRothEA_snapshot_2026-08-25	human	MNT	mnt	OmniPath_DoRothEA public regulon: MNT (human)	candidate	public_source_membership	3	3	exclude	Candidate source grouping only; not an exhaustive or context-specific biological regulon and not part of the frozen mechanism bundle.
OmniPath_DoRothEA|OmniPath_DoRothEA_snapshot_2026-08-25|human|msc	OmniPath_DoRothEA	OmniPath_DoRothEA_snapshot_2026-08-25	human	MSC	msc	OmniPath_DoRothEA public regulon: MSC (human)	candidate	public_source_membership	2	2	exclude	Candidate source grouping only; not an exhaustive or context-specific biological regulon and not part of the frozen mechanism bundle.
OmniPath_DoRothEA|OmniPath_DoRothEA_snapshot_2026-08-25|human|mxd1	OmniPath_DoRothEA	OmniPath_DoRothEA_snapshot_2026-08-25	human	MXD1	mxd1	OmniPath_DoRothEA public regulon: MXD1 (human)	candidate	public_source_membership	1	1	exclude	Candidate source grouping only; not an exhaustive or context-specific biological regulon and not part of the frozen mechanism bundle.
OmniPath_DoRothEA|OmniPath_DoRothEA_snapshot_2026-08-25|human|mxd4	OmniPath_DoRothEA	OmniPath_DoRothEA_snapshot_2026-08-25	human	MXD4	mxd4	OmniPath_DoRothEA public regulon: MXD4 (human)	candidate	public_source_membership	1	1	exclude	Candidate source grouping only; not an exhaustive or context-specific biological regulon and not part of the frozen mechanism bundle.
OmniPath_DoRothEA|OmniPath_DoRothEA_snapshot_2026-08-25|human|mxi1	OmniPath_DoRothEA	OmniPath_DoRothEA_snapshot_2026-08-25	human	MXI1	mxi1	OmniPath_DoRothEA public regulon: MXI1 (human)	candidate	public_source_membership	5	5	exclude	Candidate source grouping only; not an exhaustive or context-specific biological regulon and not part of the frozen mechanism bundle.
OmniPath_DoRothEA|OmniPath_DoRothEA_snapshot_2026-08-25|human|myb	OmniPath_DoRothEA	OmniPath_DoRothEA_snapshot_2026-08-25	human	MYB	myb	OmniPath_DoRothEA public regulon: MYB (human)	candidate	public_source_membership	29	29	exclude	Candidate source grouping only; not an exhaustive or context-specific biological regulon and not part of the frozen mechanism bundle.
OmniPath_DoRothEA|OmniPath_DoRothEA_snapshot_2026-08-25|human|mybl1	OmniPath_DoRothEA	OmniPath_DoRothEA_snapshot_2026-08-25	human	MYBL1	mybl1	OmniPath_DoRothEA public regulon: MYBL1 (human)	candidate	public_source_membership	2	2	exclude	Candidate source grouping only; not an exhaustive or context-specific biological regulon and not part of the frozen mechanism bundle.
OmniPath_DoRothEA|OmniPath_DoRothEA_snapshot_2026-08-25|human|mybl2	OmniPath_DoRothEA	OmniPath_DoRothEA_snapshot_2026-08-25	human	MYBL2	mybl2	OmniPath_DoRothEA public regulon: MYBL2 (human)	candidate	public_source_membership	3	3	exclude	Candidate source grouping only; not an exhaustive or context-specific biological regulon and not part of the frozen mechanism bundle.
OmniPath_DoRothEA|OmniPath_DoRothEA_snapshot_2026-08-25|human|myc	OmniPath_DoRothEA	OmniPath_DoRothEA_snapshot_2026-08-25	human	MYC	myc	OmniPath_DoRothEA public regulon: MYC (human)	candidate	public_source_membership	399	399	exclude	Candidate source grouping only; not an exhaustive or context-specific biological regulon and not part of the frozen mechanism bundle.
OmniPath_DoRothEA|OmniPath_DoRothEA_snapshot_2026-08-25|human|mycn	OmniPath_DoRothEA	OmniPath_DoRothEA_snapshot_2026-08-25	human	MYCN	mycn	OmniPath_DoRothEA public regulon: MYCN (human)	candidate	public_source_membership	20	20	exclude	Candidate source grouping only; not an exhaustive or context-specific biological regulon and not part of the frozen mechanism bundle.
OmniPath_DoRothEA|OmniPath_DoRothEA_snapshot_2026-08-25|human|myf6	OmniPath_DoRothEA	OmniPath_DoRothEA_snapshot_2026-08-25	human	MYF6	myf6	OmniPath_DoRothEA public regulon: MYF6 (human)	candidate	public_source_membership	1	1	exclude	Candidate source grouping only; not an exhaustive or context-specific biological regulon and not part of the frozen mechanism bundle.
OmniPath_DoRothEA|OmniPath_DoRothEA_snapshot_2026-08-25|human|myod1	OmniPath_DoRothEA	OmniPath_DoRothEA_snapshot_2026-08-25	human	MYOD1	myod1	OmniPath_DoRothEA public regulon: MYOD1 (human)	candidate	public_source_membership	2	2	exclude	Candidate source grouping only; not an exhaustive or context-specific biological regulon and not part of the frozen mechanism bundle.
OmniPath_DoRothEA|OmniPath_DoRothEA_snapshot_2026-08-25|human|myog	OmniPath_DoRothEA	OmniPath_DoRothEA_snapshot_2026-08-25	human	MYOG	myog	OmniPath_DoRothEA public regulon: MYOG (human)	candidate	public_source_membership	1	1	exclude	Candidate source grouping only; not an exhaustive or context-specific biological regulon and not part of the frozen mechanism bundle.
OmniPath_DoRothEA|OmniPath_DoRothEA_snapshot_2026-08-25|human|mzf1	OmniPath_DoRothEA	OmniPath_DoRothEA_snapshot_2026-08-25	human	MZF1	mzf1	OmniPath_DoRothEA public regulon: MZF1 (human)	candidate	public_source_membership	2	2	exclude	Candidate source grouping only; not an exhaustive or context-specific biological regulon and not part of the frozen mechanism bundle.
OmniPath_DoRothEA|OmniPath_DoRothEA_snapshot_2026-08-25|human|nanog	OmniPath_DoRothEA	OmniPath_DoRothEA_snapshot_2026-08-25	human	NANOG	nanog	OmniPath_DoRothEA public regulon: NANOG (human)	candidate	public_source_membership	8	8	exclude	Candidate source grouping only; not an exhaustive or context-specific biological regulon and not part of the frozen mechanism bundle.
OmniPath_DoRothEA|OmniPath_DoRothEA_snapshot_2026-08-25|human|ncoa3	OmniPath_DoRothEA	OmniPath_DoRothEA_snapshot_2026-08-25	human	NCOA3	ncoa3	OmniPath_DoRothEA public regulon: NCOA3 (human)	candidate	public_source_membership	1	1	exclude	Candidate source grouping only; not an exhaustive or context-specific biological regulon and not part of the frozen mechanism bundle.
OmniPath_DoRothEA|OmniPath_DoRothEA_snapshot_2026-08-25|human|neurod1	OmniPath_DoRothEA	OmniPath_DoRothEA_snapshot_2026-08-25	human	NEUROD1	neurod1	OmniPath_DoRothEA public regulon: NEUROD1 (human)	candidate	public_source_membership	2	2	exclude	Candidate source grouping only; not an exhaustive or context-specific biological regulon and not part of the frozen mechanism bundle.
OmniPath_DoRothEA|OmniPath_DoRothEA_snapshot_2026-08-25|human|neurog3	OmniPath_DoRothEA	OmniPath_DoRothEA_snapshot_2026-08-25	human	NEUROG3	neurog3	OmniPath_DoRothEA public regulon: NEUROG3 (human)	candidate	public_source_membership	1	1	exclude	Candidate source grouping only; not an exhaustive or context-specific biological regulon and not part of the frozen mechanism bundle.
OmniPath_DoRothEA|OmniPath_DoRothEA_snapshot_2026-08-25|human|nfat5	OmniPath_DoRothEA	OmniPath_DoRothEA_snapshot_2026-08-25	human	NFAT5	nfat5	OmniPath_DoRothEA public regulon: NFAT5 (human)	candidate	public_source_membership	2	2	exclude	Candidate source grouping only; not an exhaustive or context-specific biological regulon and not part of the frozen mechanism bundle.
OmniPath_DoRothEA|OmniPath_DoRothEA_snapshot_2026-08-25|human|nfatc1	OmniPath_DoRothEA	OmniPath_DoRothEA_snapshot_2026-08-25	human	NFATC1	nfatc1	OmniPath_DoRothEA public regulon: NFATC1 (human)	candidate	public_source_membership	9	9	exclude	Candidate source grouping only; not an exhaustive or context-specific biological regulon and not part of the frozen mechanism bundle.
OmniPath_DoRothEA|OmniPath_DoRothEA_snapshot_2026-08-25|human|nfatc2	OmniPath_DoRothEA	OmniPath_DoRothEA_snapshot_2026-08-25	human	NFATC2	nfatc2	OmniPath_DoRothEA public regulon: NFATC2 (human)	candidate	public_source_membership	10	10	exclude	Candidate source grouping only; not an exhaustive or context-specific biological regulon and not part of the frozen mechanism bundle.
OmniPath_DoRothEA|OmniPath_DoRothEA_snapshot_2026-08-25|human|nfe2	OmniPath_DoRothEA	OmniPath_DoRothEA_snapshot_2026-08-25	human	NFE2	nfe2	OmniPath_DoRothEA public regulon: NFE2 (human)	candidate	public_source_membership	3	3	exclude	Candidate source grouping only; not an exhaustive or context-specific biological regulon and not part of the frozen mechanism bundle.
OmniPath_DoRothEA|OmniPath_DoRothEA_snapshot_2026-08-25|human|nfe2l1	OmniPath_DoRothEA	OmniPath_DoRothEA_snapshot_2026-08-25	human	NFE2L1	nfe2l1	OmniPath_DoRothEA public regulon: NFE2L1 (human)	candidate	public_source_membership	1	1	exclude	Candidate source grouping only; not an exhaustive or context-specific biological regulon and not part of the frozen mechanism bundle.
OmniPath_DoRothEA|OmniPath_DoRothEA_snapshot_2026-08-25|human|nfe2l2	OmniPath_DoRothEA	OmniPath_DoRothEA_snapshot_2026-08-25	human	NFE2L2	nfe2l2	OmniPath_DoRothEA public regulon: NFE2L2 (human)	candidate	public_source_membership	11	11	exclude	Candidate source grouping only; not an exhaustive or context-specific biological regulon and not part of the frozen mechanism bundle.
OmniPath_DoRothEA|OmniPath_DoRothEA_snapshot_2026-08-25|human|nfia	OmniPath_DoRothEA	OmniPath_DoRothEA_snapshot_2026-08-25	human	NFIA	nfia	OmniPath_DoRothEA public regulon: NFIA (human)	candidate	public_source_membership	3	3	exclude	Candidate source grouping only; not an exhaustive or context-specific biological regulon and not part of the frozen mechanism bundle.
OmniPath_DoRothEA|OmniPath_DoRothEA_snapshot_2026-08-25|human|nfic	OmniPath_DoRothEA	OmniPath_DoRothEA_snapshot_2026-08-25	human	NFIC	nfic	OmniPath_DoRothEA public regulon: NFIC (human)	candidate	public_source_membership	35	35	exclude	Candidate source grouping only; not an exhaustive or context-specific biological regulon and not part of the frozen mechanism bundle.
OmniPath_DoRothEA|OmniPath_DoRothEA_snapshot_2026-08-25|human|nfil3	OmniPath_DoRothEA	OmniPath_DoRothEA_snapshot_2026-08-25	human	NFIL3	nfil3	OmniPath_DoRothEA public regulon: NFIL3 (human)	candidate	public_source_membership	1	1	exclude	Candidate source grouping only; not an exhaustive or context-specific biological regulon and not part of the frozen mechanism bundle.
OmniPath_DoRothEA|OmniPath_DoRothEA_snapshot_2026-08-25|human|nfkb1	OmniPath_DoRothEA	OmniPath_DoRothEA_snapshot_2026-08-25	human	NFKB1	nfkb1	OmniPath_DoRothEA public regulon: NFKB1 (human)	candidate	public_source_membership	183	183	exclude	Candidate source grouping only; not an exhaustive or context-specific biological regulon and not part of the frozen mechanism bundle.
OmniPath_DoRothEA|OmniPath_DoRothEA_snapshot_2026-08-25|human|nfkb2	OmniPath_DoRothEA	OmniPath_DoRothEA_snapshot_2026-08-25	human	NFKB2	nfkb2	OmniPath_DoRothEA public regulon: NFKB2 (human)	candidate	public_source_membership	18	18	exclude	Candidate source grouping only; not an exhaustive or context-specific biological regulon and not part of the frozen mechanism bundle.
OmniPath_DoRothEA|OmniPath_DoRothEA_snapshot_2026-08-25|human|nfya	OmniPath_DoRothEA	OmniPath_DoRothEA_snapshot_2026-08-25	human	NFYA	nfya	OmniPath_DoRothEA public regulon: NFYA (human)	candidate	public_source_membership	11	11	exclude	Candidate source grouping only; not an exhaustive or context-specific biological regulon and not part of the frozen mechanism bundle.
OmniPath_DoRothEA|OmniPath_DoRothEA_snapshot_2026-08-25|human|nfyb	OmniPath_DoRothEA	OmniPath_DoRothEA_snapshot_2026-08-25	human	NFYB	nfyb	OmniPath_DoRothEA public regulon: NFYB (human)	candidate	public_source_membership	7	7	exclude	Candidate source grouping only; not an exhaustive or context-specific biological regulon and not part of the frozen mechanism bundle.
OmniPath_DoRothEA|OmniPath_DoRothEA_snapshot_2026-08-25|human|nkx2-1	OmniPath_DoRothEA	OmniPath_DoRothEA_snapshot_2026-08-25	human	NKX2-1	nkx2-1	OmniPath_DoRothEA public regulon: NKX2-1 (human)	candidate	public_source_membership	2	2	exclude	Candidate source grouping only; not an exhaustive or context-specific biological regulon and not part of the frozen mechanism bundle.
OmniPath_DoRothEA|OmniPath_DoRothEA_snapshot_2026-08-25|human|nkx2-5	OmniPath_DoRothEA	OmniPath_DoRothEA_snapshot_2026-08-25	human	NKX2-5	nkx2-5	OmniPath_DoRothEA public regulon: NKX2-5 (human)	candidate	public_source_membership	1	1	exclude	Candidate source grouping only; not an exhaustive or context-specific biological regulon and not part of the frozen mechanism bundle.
OmniPath_DoRothEA|OmniPath_DoRothEA_snapshot_2026-08-25|human|nme2	OmniPath_DoRothEA	OmniPath_DoRothEA_snapshot_2026-08-25	human	NME2	nme2	OmniPath_DoRothEA public regulon: NME2 (human)	candidate	public_source_membership	1	1	exclude	Candidate source grouping only; not an exhaustive or context-specific biological regulon and not part of the frozen mechanism bundle.
OmniPath_DoRothEA|OmniPath_DoRothEA_snapshot_2026-08-25|human|npas2	OmniPath_DoRothEA	OmniPath_DoRothEA_snapshot_2026-08-25	human	NPAS2	npas2	OmniPath_DoRothEA public regulon: NPAS2 (human)	candidate	public_source_membership	4	4	exclude	Candidate source grouping only; not an exhaustive or context-specific biological regulon and not part of the frozen mechanism bundle.
OmniPath_DoRothEA|OmniPath_DoRothEA_snapshot_2026-08-25|human|nr0b1	OmniPath_DoRothEA	OmniPath_DoRothEA_snapshot_2026-08-25	human	NR0B1	nr0b1	OmniPath_DoRothEA public regulon: NR0B1 (human)	candidate	public_source_membership	2	2	exclude	Candidate source grouping only; not an exhaustive or context-specific biological regulon and not part of the frozen mechanism bundle.
OmniPath_DoRothEA|OmniPath_DoRothEA_snapshot_2026-08-25|human|nr1d1	OmniPath_DoRothEA	OmniPath_DoRothEA_snapshot_2026-08-25	human	NR1D1	nr1d1	OmniPath_DoRothEA public regulon: NR1D1 (human)	candidate	public_source_membership	1	1	exclude	Candidate source grouping only; not an exhaustive or context-specific biological regulon and not part of the frozen mechanism bundle.
OmniPath_DoRothEA|OmniPath_DoRothEA_snapshot_2026-08-25|human|nr1h2	OmniPath_DoRothEA	OmniPath_DoRothEA_snapshot_2026-08-25	human	NR1H2	nr1h2	OmniPath_DoRothEA public regulon: NR1H2 (human)	candidate	public_source_membership	6	6	exclude	Candidate source grouping only; not an exhaustive or context-specific biological regulon and not part of the frozen mechanism bundle.
OmniPath_DoRothEA|OmniPath_DoRothEA_snapshot_2026-08-25|human|nr1h3	OmniPath_DoRothEA	OmniPath_DoRothEA_snapshot_2026-08-25	human	NR1H3	nr1h3	OmniPath_DoRothEA public regulon: NR1H3 (human)	candidate	public_source_membership	6	6	exclude	Candidate source grouping only; not an exhaustive or context-specific biological regulon and not part of the frozen mechanism bundle.
OmniPath_DoRothEA|OmniPath_DoRothEA_snapshot_2026-08-25|human|nr1h4	OmniPath_DoRothEA	OmniPath_DoRothEA_snapshot_2026-08-25	human	NR1H4	nr1h4	OmniPath_DoRothEA public regulon: NR1H4 (human)	candidate	public_source_membership	7	7	exclude	Candidate source grouping only; not an exhaustive or context-specific biological regulon and not part of the frozen mechanism bundle.
OmniPath_DoRothEA|OmniPath_DoRothEA_snapshot_2026-08-25|human|nr1i2	OmniPath_DoRothEA	OmniPath_DoRothEA_snapshot_2026-08-25	human	NR1I2	nr1i2	OmniPath_DoRothEA public regulon: NR1I2 (human)	candidate	public_source_membership	2	2	exclude	Candidate source grouping only; not an exhaustive or context-specific biological regulon and not part of the frozen mechanism bundle.
OmniPath_DoRothEA|OmniPath_DoRothEA_snapshot_2026-08-25|human|nr1i3	OmniPath_DoRothEA	OmniPath_DoRothEA_snapshot_2026-08-25	human	NR1I3	nr1i3	OmniPath_DoRothEA public regulon: NR1I3 (human)	candidate	public_source_membership	1	1	exclude	Candidate source grouping only; not an exhaustive or context-specific biological regulon and not part of the frozen mechanism bundle.
OmniPath_DoRothEA|OmniPath_DoRothEA_snapshot_2026-08-25|human|nr2c2	OmniPath_DoRothEA	OmniPath_DoRothEA_snapshot_2026-08-25	human	NR2C2	nr2c2	OmniPath_DoRothEA public regulon: NR2C2 (human)	candidate	public_source_membership	5	5	exclude	Candidate source grouping only; not an exhaustive or context-specific biological regulon and not part of the frozen mechanism bundle.
OmniPath_DoRothEA|OmniPath_DoRothEA_snapshot_2026-08-25|human|nr2e1	OmniPath_DoRothEA	OmniPath_DoRothEA_snapshot_2026-08-25	human	NR2E1	nr2e1	OmniPath_DoRothEA public regulon: NR2E1 (human)	candidate	public_source_membership	3	3	exclude	Candidate source grouping only; not an exhaustive or context-specific biological regulon and not part of the frozen mechanism bundle.
OmniPath_DoRothEA|OmniPath_DoRothEA_snapshot_2026-08-25|human|nr2f1	OmniPath_DoRothEA	OmniPath_DoRothEA_snapshot_2026-08-25	human	NR2F1	nr2f1	OmniPath_DoRothEA public regulon: NR2F1 (human)	candidate	public_source_membership	6	6	exclude	Candidate source grouping only; not an exhaustive or context-specific biological regulon and not part of the frozen mechanism bundle.
OmniPath_DoRothEA|OmniPath_DoRothEA_snapshot_2026-08-25|human|nr2f2	OmniPath_DoRothEA	OmniPath_DoRothEA_snapshot_2026-08-25	human	NR2F2	nr2f2	OmniPath_DoRothEA public regulon: NR2F2 (human)	candidate	public_source_membership	22	22	exclude	Candidate source grouping only; not an exhaustive or context-specific biological regulon and not part of the frozen mechanism bundle.
OmniPath_DoRothEA|OmniPath_DoRothEA_snapshot_2026-08-25|human|nr2f6	OmniPath_DoRothEA	OmniPath_DoRothEA_snapshot_2026-08-25	human	NR2F6	nr2f6	OmniPath_DoRothEA public regulon: NR2F6 (human)	candidate	public_source_membership	4	4	exclude	Candidate source grouping only; not an exhaustive or context-specific biological regulon and not part of the frozen mechanism bundle.
OmniPath_DoRothEA|OmniPath_DoRothEA_snapshot_2026-08-25|human|nr3c1	OmniPath_DoRothEA	OmniPath_DoRothEA_snapshot_2026-08-25	human	NR3C1	nr3c1	OmniPath_DoRothEA public regulon: NR3C1 (human)	candidate	public_source_membership	13	13	exclude	Candidate source grouping only; not an exhaustive or context-specific biological regulon and not part of the frozen mechanism bundle.
OmniPath_DoRothEA|OmniPath_DoRothEA_snapshot_2026-08-25|human|nr3c2	OmniPath_DoRothEA	OmniPath_DoRothEA_snapshot_2026-08-25	human	NR3C2	nr3c2	OmniPath_DoRothEA public regulon: NR3C2 (human)	candidate	public_source_membership	1	1	exclude	Candidate source grouping only; not an exhaustive or context-specific biological regulon and not part of the frozen mechanism bundle.
OmniPath_DoRothEA|OmniPath_DoRothEA_snapshot_2026-08-25|human|nr4a1	OmniPath_DoRothEA	OmniPath_DoRothEA_snapshot_2026-08-25	human	NR4A1	nr4a1	OmniPath_DoRothEA public regulon: NR4A1 (human)	candidate	public_source_membership	5	5	exclude	Candidate source grouping only; not an exhaustive or context-specific biological regulon and not part of the frozen mechanism bundle.
OmniPath_DoRothEA|OmniPath_DoRothEA_snapshot_2026-08-25|human|nr5a1	OmniPath_DoRothEA	OmniPath_DoRothEA_snapshot_2026-08-25	human	NR5A1	nr5a1	OmniPath_DoRothEA public regulon: NR5A1 (human)	candidate	public_source_membership	15	15	exclude	Candidate source grouping only; not an exhaustive or context-specific biological regulon and not part of the frozen mechanism bundle.
OmniPath_DoRothEA|OmniPath_DoRothEA_snapshot_2026-08-25|human|nr5a2	OmniPath_DoRothEA	OmniPath_DoRothEA_snapshot_2026-08-25	human	NR5A2	nr5a2	OmniPath_DoRothEA public regulon: NR5A2 (human)	candidate	public_source_membership	1	1	exclude	Candidate source grouping only; not an exhaustive or context-specific biological regulon and not part of the frozen mechanism bundle.
OmniPath_DoRothEA|OmniPath_DoRothEA_snapshot_2026-08-25|human|nrf1	OmniPath_DoRothEA	OmniPath_DoRothEA_snapshot_2026-08-25	human	NRF1	nrf1	OmniPath_DoRothEA public regulon: NRF1 (human)	candidate	public_source_membership	7	7	exclude	Candidate source grouping only; not an exhaustive or context-specific biological regulon and not part of the frozen mechanism bundle.
OmniPath_DoRothEA|OmniPath_DoRothEA_snapshot_2026-08-25|human|nrl	OmniPath_DoRothEA	OmniPath_DoRothEA_snapshot_2026-08-25	human	NRL	nrl	OmniPath_DoRothEA public regulon: NRL (human)	candidate	public_source_membership	1	1	exclude	Candidate source grouping only; not an exhaustive or context-specific biological regulon and not part of the frozen mechanism bundle.
OmniPath_DoRothEA|OmniPath_DoRothEA_snapshot_2026-08-25|human|onecut1	OmniPath_DoRothEA	OmniPath_DoRothEA_snapshot_2026-08-25	human	ONECUT1	onecut1	OmniPath_DoRothEA public regulon: ONECUT1 (human)	candidate	public_source_membership	1	1	exclude	Candidate source grouping only; not an exhaustive or context-specific biological regulon and not part of the frozen mechanism bundle.
OmniPath_DoRothEA|OmniPath_DoRothEA_snapshot_2026-08-25|human|onecut2	OmniPath_DoRothEA	OmniPath_DoRothEA_snapshot_2026-08-25	human	ONECUT2	onecut2	OmniPath_DoRothEA public regulon: ONECUT2 (human)	candidate	public_source_membership	1	1	exclude	Candidate source grouping only; not an exhaustive or context-specific biological regulon and not part of the frozen mechanism bundle.
OmniPath_DoRothEA|OmniPath_DoRothEA_snapshot_2026-08-25|human|otx2	OmniPath_DoRothEA	OmniPath_DoRothEA_snapshot_2026-08-25	human	OTX2	otx2	OmniPath_DoRothEA public regulon: OTX2 (human)	candidate	public_source_membership	1	1	exclude	Candidate source grouping only; not an exhaustive or context-specific biological regulon and not part of the frozen mechanism bundle.
OmniPath_DoRothEA|OmniPath_DoRothEA_snapshot_2026-08-25|human|pax1	OmniPath_DoRothEA	OmniPath_DoRothEA_snapshot_2026-08-25	human	PAX1	pax1	OmniPath_DoRothEA public regulon: PAX1 (human)	candidate	public_source_membership	1	1	exclude	Candidate source grouping only; not an exhaustive or context-specific biological regulon and not part of the frozen mechanism bundle.
OmniPath_DoRothEA|OmniPath_DoRothEA_snapshot_2026-08-25|human|pax2	OmniPath_DoRothEA	OmniPath_DoRothEA_snapshot_2026-08-25	human	PAX2	pax2	OmniPath_DoRothEA public regulon: PAX2 (human)	candidate	public_source_membership	2	2	exclude	Candidate source grouping only; not an exhaustive or context-specific biological regulon and not part of the frozen mechanism bundle.
OmniPath_DoRothEA|OmniPath_DoRothEA_snapshot_2026-08-25|human|pax3	OmniPath_DoRothEA	OmniPath_DoRothEA_snapshot_2026-08-25	human	PAX3	pax3	OmniPath_DoRothEA public regulon: PAX3 (human)	candidate	public_source_membership	3	3	exclude	Candidate source grouping only; not an exhaustive or context-specific biological regulon and not part of the frozen mechanism bundle.
OmniPath_DoRothEA|OmniPath_DoRothEA_snapshot_2026-08-25|human|pax4	OmniPath_DoRothEA	OmniPath_DoRothEA_snapshot_2026-08-25	human	PAX4	pax4	OmniPath_DoRothEA public regulon: PAX4 (human)	candidate	public_source_membership	1	1	exclude	Candidate source grouping only; not an exhaustive or context-specific biological regulon and not part of the frozen mechanism bundle.
OmniPath_DoRothEA|OmniPath_DoRothEA_snapshot_2026-08-25|human|pax5	OmniPath_DoRothEA	OmniPath_DoRothEA_snapshot_2026-08-25	human	PAX5	pax5	OmniPath_DoRothEA public regulon: PAX5 (human)	candidate	public_source_membership	9	9	exclude	Candidate source grouping only; not an exhaustive or context-specific biological regulon and not part of the frozen mechanism bundle.
OmniPath_DoRothEA|OmniPath_DoRothEA_snapshot_2026-08-25|human|pax6	OmniPath_DoRothEA	OmniPath_DoRothEA_snapshot_2026-08-25	human	PAX6	pax6	OmniPath_DoRothEA public regulon: PAX6 (human)	candidate	public_source_membership	14	14	exclude	Candidate source grouping only; not an exhaustive or context-specific biological regulon and not part of the frozen mechanism bundle.
OmniPath_DoRothEA|OmniPath_DoRothEA_snapshot_2026-08-25|human|pax8	OmniPath_DoRothEA	OmniPath_DoRothEA_snapshot_2026-08-25	human	PAX8	pax8	OmniPath_DoRothEA public regulon: PAX8 (human)	candidate	public_source_membership	11	11	exclude	Candidate source grouping only; not an exhaustive or context-specific biological regulon and not part of the frozen mechanism bundle.
OmniPath_DoRothEA|OmniPath_DoRothEA_snapshot_2026-08-25|human|pbx1	OmniPath_DoRothEA	OmniPath_DoRothEA_snapshot_2026-08-25	human	PBX1	pbx1	OmniPath_DoRothEA public regulon: PBX1 (human)	candidate	public_source_membership	4	4	exclude	Candidate source grouping only; not an exhaustive or context-specific biological regulon and not part of the frozen mechanism bundle.
OmniPath_DoRothEA|OmniPath_DoRothEA_snapshot_2026-08-25|human|pbx2	OmniPath_DoRothEA	OmniPath_DoRothEA_snapshot_2026-08-25	human	PBX2	pbx2	OmniPath_DoRothEA public regulon: PBX2 (human)	candidate	public_source_membership	2	2	exclude	Candidate source grouping only; not an exhaustive or context-specific biological regulon and not part of the frozen mechanism bundle.
OmniPath_DoRothEA|OmniPath_DoRothEA_snapshot_2026-08-25|human|pbx3	OmniPath_DoRothEA	OmniPath_DoRothEA_snapshot_2026-08-25	human	PBX3	pbx3	OmniPath_DoRothEA public regulon: PBX3 (human)	candidate	public_source_membership	2	2	exclude	Candidate source grouping only; not an exhaustive or context-specific biological regulon and not part of the frozen mechanism bundle.
OmniPath_DoRothEA|OmniPath_DoRothEA_snapshot_2026-08-25|human|pcgf2	OmniPath_DoRothEA	OmniPath_DoRothEA_snapshot_2026-08-25	human	PCGF2	pcgf2	OmniPath_DoRothEA public regulon: PCGF2 (human)	candidate	public_source_membership	1	1	exclude	Candidate source grouping only; not an exhaustive or context-specific biological regulon and not part of the frozen mechanism bundle.
OmniPath_DoRothEA|OmniPath_DoRothEA_snapshot_2026-08-25|human|pdx1	OmniPath_DoRothEA	OmniPath_DoRothEA_snapshot_2026-08-25	human	PDX1	pdx1	OmniPath_DoRothEA public regulon: PDX1 (human)	candidate	public_source_membership	3	3	exclude	Candidate source grouping only; not an exhaustive or context-specific biological regulon and not part of the frozen mechanism bundle.
OmniPath_DoRothEA|OmniPath_DoRothEA_snapshot_2026-08-25|human|pgr	OmniPath_DoRothEA	OmniPath_DoRothEA_snapshot_2026-08-25	human	PGR	pgr	OmniPath_DoRothEA public regulon: PGR (human)	candidate	public_source_membership	15	15	exclude	Candidate source grouping only; not an exhaustive or context-specific biological regulon and not part of the frozen mechanism bundle.
OmniPath_DoRothEA|OmniPath_DoRothEA_snapshot_2026-08-25|human|pitx1	OmniPath_DoRothEA	OmniPath_DoRothEA_snapshot_2026-08-25	human	PITX1	pitx1	OmniPath_DoRothEA public regulon: PITX1 (human)	candidate	public_source_membership	2	2	exclude	Candidate source grouping only; not an exhaustive or context-specific biological regulon and not part of the frozen mechanism bundle.
OmniPath_DoRothEA|OmniPath_DoRothEA_snapshot_2026-08-25|human|pitx2	OmniPath_DoRothEA	OmniPath_DoRothEA_snapshot_2026-08-25	human	PITX2	pitx2	OmniPath_DoRothEA public regulon: PITX2 (human)	candidate	public_source_membership	1	1	exclude	Candidate source grouping only; not an exhaustive or context-specific biological regulon and not part of the frozen mechanism bundle.
OmniPath_DoRothEA|OmniPath_DoRothEA_snapshot_2026-08-25|human|pknox1	OmniPath_DoRothEA	OmniPath_DoRothEA_snapshot_2026-08-25	human	PKNOX1	pknox1	OmniPath_DoRothEA public regulon: PKNOX1 (human)	candidate	public_source_membership	1	1	exclude	Candidate source grouping only; not an exhaustive or context-specific biological regulon and not part of the frozen mechanism bundle.
OmniPath_DoRothEA|OmniPath_DoRothEA_snapshot_2026-08-25|human|plag1	OmniPath_DoRothEA	OmniPath_DoRothEA_snapshot_2026-08-25	human	PLAG1	plag1	OmniPath_DoRothEA public regulon: PLAG1 (human)	candidate	public_source_membership	1	1	exclude	Candidate source grouping only; not an exhaustive or context-specific biological regulon and not part of the frozen mechanism bundle.
OmniPath_DoRothEA|OmniPath_DoRothEA_snapshot_2026-08-25|human|plagl1	OmniPath_DoRothEA	OmniPath_DoRothEA_snapshot_2026-08-25	human	PLAGL1	plagl1	OmniPath_DoRothEA public regulon: PLAGL1 (human)	candidate	public_source_membership	1	1	exclude	Candidate source grouping only; not an exhaustive or context-specific biological regulon and not part of the frozen mechanism bundle.
OmniPath_DoRothEA|OmniPath_DoRothEA_snapshot_2026-08-25|human|pou1f1	OmniPath_DoRothEA	OmniPath_DoRothEA_snapshot_2026-08-25	human	POU1F1	pou1f1	OmniPath_DoRothEA public regulon: POU1F1 (human)	candidate	public_source_membership	4	4	exclude	Candidate source grouping only; not an exhaustive or context-specific biological regulon and not part of the frozen mechanism bundle.
OmniPath_DoRothEA|OmniPath_DoRothEA_snapshot_2026-08-25|human|pou2f1	OmniPath_DoRothEA	OmniPath_DoRothEA_snapshot_2026-08-25	human	POU2F1	pou2f1	OmniPath_DoRothEA public regulon: POU2F1 (human)	candidate	public_source_membership	37	37	exclude	Candidate source grouping only; not an exhaustive or context-specific biological regulon and not part of the frozen mechanism bundle.
OmniPath_DoRothEA|OmniPath_DoRothEA_snapshot_2026-08-25|human|pou2f2	OmniPath_DoRothEA	OmniPath_DoRothEA_snapshot_2026-08-25	human	POU2F2	pou2f2	OmniPath_DoRothEA public regulon: POU2F2 (human)	candidate	public_source_membership	11	11	exclude	Candidate source grouping only; not an exhaustive or context-specific biological regulon and not part of the frozen mechanism bundle.
OmniPath_DoRothEA|OmniPath_DoRothEA_snapshot_2026-08-25|human|pou2f3	OmniPath_DoRothEA	OmniPath_DoRothEA_snapshot_2026-08-25	human	POU2F3	pou2f3	OmniPath_DoRothEA public regulon: POU2F3 (human)	candidate	public_source_membership	1	1	exclude	Candidate source grouping only; not an exhaustive or context-specific biological regulon and not part of the frozen mechanism bundle.
OmniPath_DoRothEA|OmniPath_DoRothEA_snapshot_2026-08-25|human|pou3f1	OmniPath_DoRothEA	OmniPath_DoRothEA_snapshot_2026-08-25	human	POU3F1	pou3f1	OmniPath_DoRothEA public regulon: POU3F1 (human)	candidate	public_source_membership	1	1	exclude	Candidate source grouping only; not an exhaustive or context-specific biological regulon and not part of the frozen mechanism bundle.
OmniPath_DoRothEA|OmniPath_DoRothEA_snapshot_2026-08-25|human|pou3f2	OmniPath_DoRothEA	OmniPath_DoRothEA_snapshot_2026-08-25	human	POU3F2	pou3f2	OmniPath_DoRothEA public regulon: POU3F2 (human)	candidate	public_source_membership	1	1	exclude	Candidate source grouping only; not an exhaustive or context-specific biological regulon and not part of the frozen mechanism bundle.
OmniPath_DoRothEA|OmniPath_DoRothEA_snapshot_2026-08-25|human|pou4f2	OmniPath_DoRothEA	OmniPath_DoRothEA_snapshot_2026-08-25	human	POU4F2	pou4f2	OmniPath_DoRothEA public regulon: POU4F2 (human)	candidate	public_source_membership	1	1	exclude	Candidate source grouping only; not an exhaustive or context-specific biological regulon and not part of the frozen mechanism bundle.
OmniPath_DoRothEA|OmniPath_DoRothEA_snapshot_2026-08-25|human|pou5f1	OmniPath_DoRothEA	OmniPath_DoRothEA_snapshot_2026-08-25	human	POU5F1	pou5f1	OmniPath_DoRothEA public regulon: POU5F1 (human)	candidate	public_source_membership	6	6	exclude	Candidate source grouping only; not an exhaustive or context-specific biological regulon and not part of the frozen mechanism bundle.
OmniPath_DoRothEA|OmniPath_DoRothEA_snapshot_2026-08-25|human|ppara	OmniPath_DoRothEA	OmniPath_DoRothEA_snapshot_2026-08-25	human	PPARA	ppara	OmniPath_DoRothEA public regulon: PPARA (human)	candidate	public_source_membership	33	33	exclude	Candidate source grouping only; not an exhaustive or context-specific biological regulon and not part of the frozen mechanism bundle.
OmniPath_DoRothEA|OmniPath_DoRothEA_snapshot_2026-08-25|human|ppard	OmniPath_DoRothEA	OmniPath_DoRothEA_snapshot_2026-08-25	human	PPARD	ppard	OmniPath_DoRothEA public regulon: PPARD (human)	candidate	public_source_membership	4	4	exclude	Candidate source grouping only; not an exhaustive or context-specific biological regulon and not part of the frozen mechanism bundle.
OmniPath_DoRothEA|OmniPath_DoRothEA_snapshot_2026-08-25|human|pparg	OmniPath_DoRothEA	OmniPath_DoRothEA_snapshot_2026-08-25	human	PPARG	pparg	OmniPath_DoRothEA public regulon: PPARG (human)	candidate	public_source_membership	50	50	exclude	Candidate source grouping only; not an exhaustive or context-specific biological regulon and not part of the frozen mechanism bundle.
OmniPath_DoRothEA|OmniPath_DoRothEA_snapshot_2026-08-25|human|prdm1	OmniPath_DoRothEA	OmniPath_DoRothEA_snapshot_2026-08-25	human	PRDM1	prdm1	OmniPath_DoRothEA public regulon: PRDM1 (human)	candidate	public_source_membership	2	2	exclude	Candidate source grouping only; not an exhaustive or context-specific biological regulon and not part of the frozen mechanism bundle.
OmniPath_DoRothEA|OmniPath_DoRothEA_snapshot_2026-08-25|human|prdm14	OmniPath_DoRothEA	OmniPath_DoRothEA_snapshot_2026-08-25	human	PRDM14	prdm14	OmniPath_DoRothEA public regulon: PRDM14 (human)	candidate	public_source_membership	195	195	exclude	Candidate source grouping only; not an exhaustive or context-specific biological regulon and not part of the frozen mechanism bundle.
OmniPath_DoRothEA|OmniPath_DoRothEA_snapshot_2026-08-25|human|prox1	OmniPath_DoRothEA	OmniPath_DoRothEA_snapshot_2026-08-25	human	PROX1	prox1	OmniPath_DoRothEA public regulon: PROX1 (human)	candidate	public_source_membership	2	2	exclude	Candidate source grouping only; not an exhaustive or context-specific biological regulon and not part of the frozen mechanism bundle.
OmniPath_DoRothEA|OmniPath_DoRothEA_snapshot_2026-08-25|human|pura	OmniPath_DoRothEA	OmniPath_DoRothEA_snapshot_2026-08-25	human	PURA	pura	OmniPath_DoRothEA public regulon: PURA (human)	candidate	public_source_membership	1	1	exclude	Candidate source grouping only; not an exhaustive or context-specific biological regulon and not part of the frozen mechanism bundle.
OmniPath_DoRothEA|OmniPath_DoRothEA_snapshot_2026-08-25|human|rara	OmniPath_DoRothEA	OmniPath_DoRothEA_snapshot_2026-08-25	human	RARA	rara	OmniPath_DoRothEA public regulon: RARA (human)	candidate	public_source_membership	49	49	exclude	Candidate source grouping only; not an exhaustive or context-specific biological regulon and not part of the frozen mechanism bundle.
OmniPath_DoRothEA|OmniPath_DoRothEA_snapshot_2026-08-25|human|rarb	OmniPath_DoRothEA	OmniPath_DoRothEA_snapshot_2026-08-25	human	RARB	rarb	OmniPath_DoRothEA public regulon: RARB (human)	candidate	public_source_membership	4	4	exclude	Candidate source grouping only; not an exhaustive or context-specific biological regulon and not part of the frozen mechanism bundle.
OmniPath_DoRothEA|OmniPath_DoRothEA_snapshot_2026-08-25|human|rarg	OmniPath_DoRothEA	OmniPath_DoRothEA_snapshot_2026-08-25	human	RARG	rarg	OmniPath_DoRothEA public regulon: RARG (human)	candidate	public_source_membership	3	3	exclude	Candidate source grouping only; not an exhaustive or context-specific biological regulon and not part of the frozen mechanism bundle.
OmniPath_DoRothEA|OmniPath_DoRothEA_snapshot_2026-08-25|human|rbpj	OmniPath_DoRothEA	OmniPath_DoRothEA_snapshot_2026-08-25	human	RBPJ	rbpj	OmniPath_DoRothEA public regulon: RBPJ (human)	candidate	public_source_membership	9	9	exclude	Candidate source grouping only; not an exhaustive or context-specific biological regulon and not part of the frozen mechanism bundle.
OmniPath_DoRothEA|OmniPath_DoRothEA_snapshot_2026-08-25|human|rel	OmniPath_DoRothEA	OmniPath_DoRothEA_snapshot_2026-08-25	human	REL	rel	OmniPath_DoRothEA public regulon: REL (human)	candidate	public_source_membership	20	20	exclude	Candidate source grouping only; not an exhaustive or context-specific biological regulon and not part of the frozen mechanism bundle.
OmniPath_DoRothEA|OmniPath_DoRothEA_snapshot_2026-08-25|human|rela	OmniPath_DoRothEA	OmniPath_DoRothEA_snapshot_2026-08-25	human	RELA	rela	OmniPath_DoRothEA public regulon: RELA (human)	candidate	public_source_membership	164	164	exclude	Candidate source grouping only; not an exhaustive or context-specific biological regulon and not part of the frozen mechanism bundle.
OmniPath_DoRothEA|OmniPath_DoRothEA_snapshot_2026-08-25|human|relb	OmniPath_DoRothEA	OmniPath_DoRothEA_snapshot_2026-08-25	human	RELB	relb	OmniPath_DoRothEA public regulon: RELB (human)	candidate	public_source_membership	13	13	exclude	Candidate source grouping only; not an exhaustive or context-specific biological regulon and not part of the frozen mechanism bundle.
OmniPath_DoRothEA|OmniPath_DoRothEA_snapshot_2026-08-25|human|rest	OmniPath_DoRothEA	OmniPath_DoRothEA_snapshot_2026-08-25	human	REST	rest	OmniPath_DoRothEA public regulon: REST (human)	candidate	public_source_membership	12	12	exclude	Candidate source grouping only; not an exhaustive or context-specific biological regulon and not part of the frozen mechanism bundle.
OmniPath_DoRothEA|OmniPath_DoRothEA_snapshot_2026-08-25|human|rfx1	OmniPath_DoRothEA	OmniPath_DoRothEA_snapshot_2026-08-25	human	RFX1	rfx1	OmniPath_DoRothEA public regulon: RFX1 (human)	candidate	public_source_membership	7	7	exclude	Candidate source grouping only; not an exhaustive or context-specific biological regulon and not part of the frozen mechanism bundle.
OmniPath_DoRothEA|OmniPath_DoRothEA_snapshot_2026-08-25|human|rfx5	OmniPath_DoRothEA	OmniPath_DoRothEA_snapshot_2026-08-25	human	RFX5	rfx5	OmniPath_DoRothEA public regulon: RFX5 (human)	candidate	public_source_membership	23	23	exclude	Candidate source grouping only; not an exhaustive or context-specific biological regulon and not part of the frozen mechanism bundle.
OmniPath_DoRothEA|OmniPath_DoRothEA_snapshot_2026-08-25|human|rora	OmniPath_DoRothEA	OmniPath_DoRothEA_snapshot_2026-08-25	human	RORA	rora	OmniPath_DoRothEA public regulon: RORA (human)	candidate	public_source_membership	2	2	exclude	Candidate source grouping only; not an exhaustive or context-specific biological regulon and not part of the frozen mechanism bundle.
OmniPath_DoRothEA|OmniPath_DoRothEA_snapshot_2026-08-25|human|rorc	OmniPath_DoRothEA	OmniPath_DoRothEA_snapshot_2026-08-25	human	RORC	rorc	OmniPath_DoRothEA public regulon: RORC (human)	candidate	public_source_membership	2	2	exclude	Candidate source grouping only; not an exhaustive or context-specific biological regulon and not part of the frozen mechanism bundle.
OmniPath_DoRothEA|OmniPath_DoRothEA_snapshot_2026-08-25|human|rreb1	OmniPath_DoRothEA	OmniPath_DoRothEA_snapshot_2026-08-25	human	RREB1	rreb1	OmniPath_DoRothEA public regulon: RREB1 (human)	candidate	public_source_membership	1	1	exclude	Candidate source grouping only; not an exhaustive or context-specific biological regulon and not part of the frozen mechanism bundle.
OmniPath_DoRothEA|OmniPath_DoRothEA_snapshot_2026-08-25|human|runx1	OmniPath_DoRothEA	OmniPath_DoRothEA_snapshot_2026-08-25	human	RUNX1	runx1	OmniPath_DoRothEA public regulon: RUNX1 (human)	candidate	public_source_membership	254	254	exclude	Candidate source grouping only; not an exhaustive or context-specific biological regulon and not part of the frozen mechanism bundle.
OmniPath_DoRothEA|OmniPath_DoRothEA_snapshot_2026-08-25|human|runx2	OmniPath_DoRothEA	OmniPath_DoRothEA_snapshot_2026-08-25	human	RUNX2	runx2	OmniPath_DoRothEA public regulon: RUNX2 (human)	candidate	public_source_membership	7	7	exclude	Candidate source grouping only; not an exhaustive or context-specific biological regulon and not part of the frozen mechanism bundle.
OmniPath_DoRothEA|OmniPath_DoRothEA_snapshot_2026-08-25|human|runx3	OmniPath_DoRothEA	OmniPath_DoRothEA_snapshot_2026-08-25	human	RUNX3	runx3	OmniPath_DoRothEA public regulon: RUNX3 (human)	candidate	public_source_membership	12	12	exclude	Candidate source grouping only; not an exhaustive or context-specific biological regulon and not part of the frozen mechanism bundle.
OmniPath_DoRothEA|OmniPath_DoRothEA_snapshot_2026-08-25|human|rxra	OmniPath_DoRothEA	OmniPath_DoRothEA_snapshot_2026-08-25	human	RXRA	rxra	OmniPath_DoRothEA public regulon: RXRA (human)	candidate	public_source_membership	17	17	exclude	Candidate source grouping only; not an exhaustive or context-specific biological regulon and not part of the frozen mechanism bundle.
OmniPath_DoRothEA|OmniPath_DoRothEA_snapshot_2026-08-25|human|sall4	OmniPath_DoRothEA	OmniPath_DoRothEA_snapshot_2026-08-25	human	SALL4	sall4	OmniPath_DoRothEA public regulon: SALL4 (human)	candidate	public_source_membership	2	2	exclude	Candidate source grouping only; not an exhaustive or context-specific biological regulon and not part of the frozen mechanism bundle.
OmniPath_DoRothEA|OmniPath_DoRothEA_snapshot_2026-08-25|human|satb1	OmniPath_DoRothEA	OmniPath_DoRothEA_snapshot_2026-08-25	human	SATB1	satb1	OmniPath_DoRothEA public regulon: SATB1 (human)	candidate	public_source_membership	1	1	exclude	Candidate source grouping only; not an exhaustive or context-specific biological regulon and not part of the frozen mechanism bundle.
OmniPath_DoRothEA|OmniPath_DoRothEA_snapshot_2026-08-25|human|six2	OmniPath_DoRothEA	OmniPath_DoRothEA_snapshot_2026-08-25	human	SIX2	six2	OmniPath_DoRothEA public regulon: SIX2 (human)	candidate	public_source_membership	1	1	exclude	Candidate source grouping only; not an exhaustive or context-specific biological regulon and not part of the frozen mechanism bundle.
OmniPath_DoRothEA|OmniPath_DoRothEA_snapshot_2026-08-25|human|ski	OmniPath_DoRothEA	OmniPath_DoRothEA_snapshot_2026-08-25	human	SKI	ski	OmniPath_DoRothEA public regulon: SKI (human)	candidate	public_source_membership	1	1	exclude	Candidate source grouping only; not an exhaustive or context-specific biological regulon and not part of the frozen mechanism bundle.
OmniPath_DoRothEA|OmniPath_DoRothEA_snapshot_2026-08-25|human|skil	OmniPath_DoRothEA	OmniPath_DoRothEA_snapshot_2026-08-25	human	SKIL	skil	OmniPath_DoRothEA public regulon: SKIL (human)	candidate	public_source_membership	1	1	exclude	Candidate source grouping only; not an exhaustive or context-specific biological regulon and not part of the frozen mechanism bundle.
OmniPath_DoRothEA|OmniPath_DoRothEA_snapshot_2026-08-25|human|smad1	OmniPath_DoRothEA	OmniPath_DoRothEA_snapshot_2026-08-25	human	SMAD1	smad1	OmniPath_DoRothEA public regulon: SMAD1 (human)	candidate	public_source_membership	7	7	exclude	Candidate source grouping only; not an exhaustive or context-specific biological regulon and not part of the frozen mechanism bundle.
OmniPath_DoRothEA|OmniPath_DoRothEA_snapshot_2026-08-25|human|smad3	OmniPath_DoRothEA	OmniPath_DoRothEA_snapshot_2026-08-25	human	SMAD3	smad3	OmniPath_DoRothEA public regulon: SMAD3 (human)	candidate	public_source_membership	39	39	exclude	Candidate source grouping only; not an exhaustive or context-specific biological regulon and not part of the frozen mechanism bundle.
OmniPath_DoRothEA|OmniPath_DoRothEA_snapshot_2026-08-25|human|smad4	OmniPath_DoRothEA	OmniPath_DoRothEA_snapshot_2026-08-25	human	SMAD4	smad4	OmniPath_DoRothEA public regulon: SMAD4 (human)	candidate	public_source_membership	37	37	exclude	Candidate source grouping only; not an exhaustive or context-specific biological regulon and not part of the frozen mechanism bundle.
OmniPath_DoRothEA|OmniPath_DoRothEA_snapshot_2026-08-25|human|smad5	OmniPath_DoRothEA	OmniPath_DoRothEA_snapshot_2026-08-25	human	SMAD5	smad5	OmniPath_DoRothEA public regulon: SMAD5 (human)	candidate	public_source_membership	1	1	exclude	Candidate source grouping only; not an exhaustive or context-specific biological regulon and not part of the frozen mechanism bundle.
OmniPath_DoRothEA|OmniPath_DoRothEA_snapshot_2026-08-25|human|snai1	OmniPath_DoRothEA	OmniPath_DoRothEA_snapshot_2026-08-25	human	SNAI1	snai1	OmniPath_DoRothEA public regulon: SNAI1 (human)	candidate	public_source_membership	5	5	exclude	Candidate source grouping only; not an exhaustive or context-specific biological regulon and not part of the frozen mechanism bundle.
OmniPath_DoRothEA|OmniPath_DoRothEA_snapshot_2026-08-25|human|snai2	OmniPath_DoRothEA	OmniPath_DoRothEA_snapshot_2026-08-25	human	SNAI2	snai2	OmniPath_DoRothEA public regulon: SNAI2 (human)	candidate	public_source_membership	4	4	exclude	Candidate source grouping only; not an exhaustive or context-specific biological regulon and not part of the frozen mechanism bundle.
OmniPath_DoRothEA|OmniPath_DoRothEA_snapshot_2026-08-25|human|sox10	OmniPath_DoRothEA	OmniPath_DoRothEA_snapshot_2026-08-25	human	SOX10	sox10	OmniPath_DoRothEA public regulon: SOX10 (human)	candidate	public_source_membership	16	16	exclude	Candidate source grouping only; not an exhaustive or context-specific biological regulon and not part of the frozen mechanism bundle.
OmniPath_DoRothEA|OmniPath_DoRothEA_snapshot_2026-08-25|human|sox13	OmniPath_DoRothEA	OmniPath_DoRothEA_snapshot_2026-08-25	human	SOX13	sox13	OmniPath_DoRothEA public regulon: SOX13 (human)	candidate	public_source_membership	2	2	exclude	Candidate source grouping only; not an exhaustive or context-specific biological regulon and not part of the frozen mechanism bundle.
OmniPath_DoRothEA|OmniPath_DoRothEA_snapshot_2026-08-25|human|sox2	OmniPath_DoRothEA	OmniPath_DoRothEA_snapshot_2026-08-25	human	SOX2	sox2	OmniPath_DoRothEA public regulon: SOX2 (human)	candidate	public_source_membership	271	271	exclude	Candidate source grouping only; not an exhaustive or context-specific biological regulon and not part of the frozen mechanism bundle.
OmniPath_DoRothEA|OmniPath_DoRothEA_snapshot_2026-08-25|human|sox4	OmniPath_DoRothEA	OmniPath_DoRothEA_snapshot_2026-08-25	human	SOX4	sox4	OmniPath_DoRothEA public regulon: SOX4 (human)	candidate	public_source_membership	2	2	exclude	Candidate source grouping only; not an exhaustive or context-specific biological regulon and not part of the frozen mechanism bundle.
OmniPath_DoRothEA|OmniPath_DoRothEA_snapshot_2026-08-25|human|sox6	OmniPath_DoRothEA	OmniPath_DoRothEA_snapshot_2026-08-25	human	SOX6	sox6	OmniPath_DoRothEA public regulon: SOX6 (human)	candidate	public_source_membership	2	2	exclude	Candidate source grouping only; not an exhaustive or context-specific biological regulon and not part of the frozen mechanism bundle.
OmniPath_DoRothEA|OmniPath_DoRothEA_snapshot_2026-08-25|human|sox8	OmniPath_DoRothEA	OmniPath_DoRothEA_snapshot_2026-08-25	human	SOX8	sox8	OmniPath_DoRothEA public regulon: SOX8 (human)	candidate	public_source_membership	1	1	exclude	Candidate source grouping only; not an exhaustive or context-specific biological regulon and not part of the frozen mechanism bundle.
OmniPath_DoRothEA|OmniPath_DoRothEA_snapshot_2026-08-25|human|sox9	OmniPath_DoRothEA	OmniPath_DoRothEA_snapshot_2026-08-25	human	SOX9	sox9	OmniPath_DoRothEA public regulon: SOX9 (human)	candidate	public_source_membership	13	13	exclude	Candidate source grouping only; not an exhaustive or context-specific biological regulon and not part of the frozen mechanism bundle.
OmniPath_DoRothEA|OmniPath_DoRothEA_snapshot_2026-08-25|human|sp1	OmniPath_DoRothEA	OmniPath_DoRothEA_snapshot_2026-08-25	human	SP1	sp1	OmniPath_DoRothEA public regulon: SP1 (human)	candidate	public_source_membership	345	345	exclude	Candidate source grouping only; not an exhaustive or context-specific biological regulon and not part of the frozen mechanism bundle.
OmniPath_DoRothEA|OmniPath_DoRothEA_snapshot_2026-08-25|human|sp100	OmniPath_DoRothEA	OmniPath_DoRothEA_snapshot_2026-08-25	human	SP100	sp100	OmniPath_DoRothEA public regulon: SP100 (human)	candidate	public_source_membership	1	1	exclude	Candidate source grouping only; not an exhaustive or context-specific biological regulon and not part of the frozen mechanism bundle.
OmniPath_DoRothEA|OmniPath_DoRothEA_snapshot_2026-08-25|human|sp2	OmniPath_DoRothEA	OmniPath_DoRothEA_snapshot_2026-08-25	human	SP2	sp2	OmniPath_DoRothEA public regulon: SP2 (human)	candidate	public_source_membership	4	4	exclude	Candidate source grouping only; not an exhaustive or context-specific biological regulon and not part of the frozen mechanism bundle.
OmniPath_DoRothEA|OmniPath_DoRothEA_snapshot_2026-08-25|human|sp3	OmniPath_DoRothEA	OmniPath_DoRothEA_snapshot_2026-08-25	human	SP3	sp3	OmniPath_DoRothEA public regulon: SP3 (human)	candidate	public_source_membership	78	78	exclude	Candidate source grouping only; not an exhaustive or context-specific biological regulon and not part of the frozen mechanism bundle.
OmniPath_DoRothEA|OmniPath_DoRothEA_snapshot_2026-08-25|human|sp4	OmniPath_DoRothEA	OmniPath_DoRothEA_snapshot_2026-08-25	human	SP4	sp4	OmniPath_DoRothEA public regulon: SP4 (human)	candidate	public_source_membership	7	7	exclude	Candidate source grouping only; not an exhaustive or context-specific biological regulon and not part of the frozen mechanism bundle.
OmniPath_DoRothEA|OmniPath_DoRothEA_snapshot_2026-08-25|human|spdef	OmniPath_DoRothEA	OmniPath_DoRothEA_snapshot_2026-08-25	human	SPDEF	spdef	OmniPath_DoRothEA public regulon: SPDEF (human)	candidate	public_source_membership	1	1	exclude	Candidate source grouping only; not an exhaustive or context-specific biological regulon and not part of the frozen mechanism bundle.
OmniPath_DoRothEA|OmniPath_DoRothEA_snapshot_2026-08-25|human|spi1	OmniPath_DoRothEA	OmniPath_DoRothEA_snapshot_2026-08-25	human	SPI1	spi1	OmniPath_DoRothEA public regulon: SPI1 (human)	candidate	public_source_membership	451	450	exclude	Candidate source grouping only; not an exhaustive or context-specific biological regulon and not part of the frozen mechanism bundle.
OmniPath_DoRothEA|OmniPath_DoRothEA_snapshot_2026-08-25|human|spib	OmniPath_DoRothEA	OmniPath_DoRothEA_snapshot_2026-08-25	human	SPIB	spib	OmniPath_DoRothEA public regulon: SPIB (human)	candidate	public_source_membership	5	5	exclude	Candidate source grouping only; not an exhaustive or context-specific biological regulon and not part of the frozen mechanism bundle.
OmniPath_DoRothEA|OmniPath_DoRothEA_snapshot_2026-08-25|human|srebf1	OmniPath_DoRothEA	OmniPath_DoRothEA_snapshot_2026-08-25	human	SREBF1	srebf1	OmniPath_DoRothEA public regulon: SREBF1 (human)	candidate	public_source_membership	26	26	exclude	Candidate source grouping only; not an exhaustive or context-specific biological regulon and not part of the frozen mechanism bundle.
OmniPath_DoRothEA|OmniPath_DoRothEA_snapshot_2026-08-25|human|srebf2	OmniPath_DoRothEA	OmniPath_DoRothEA_snapshot_2026-08-25	human	SREBF2	srebf2	OmniPath_DoRothEA public regulon: SREBF2 (human)	candidate	public_source_membership	22	22	exclude	Candidate source grouping only; not an exhaustive or context-specific biological regulon and not part of the frozen mechanism bundle.
OmniPath_DoRothEA|OmniPath_DoRothEA_snapshot_2026-08-25|human|srf	OmniPath_DoRothEA	OmniPath_DoRothEA_snapshot_2026-08-25	human	SRF	srf	OmniPath_DoRothEA public regulon: SRF (human)	candidate	public_source_membership	30	30	exclude	Candidate source grouping only; not an exhaustive or context-specific biological regulon and not part of the frozen mechanism bundle.
OmniPath_DoRothEA|OmniPath_DoRothEA_snapshot_2026-08-25|human|stat1	OmniPath_DoRothEA	OmniPath_DoRothEA_snapshot_2026-08-25	human	STAT1	stat1	OmniPath_DoRothEA public regulon: STAT1 (human)	candidate	public_source_membership	727	727	exclude	Candidate source grouping only; not an exhaustive or context-specific biological regulon and not part of the frozen mechanism bundle.
OmniPath_DoRothEA|OmniPath_DoRothEA_snapshot_2026-08-25|human|stat2	OmniPath_DoRothEA	OmniPath_DoRothEA_snapshot_2026-08-25	human	STAT2	stat2	OmniPath_DoRothEA public regulon: STAT2 (human)	candidate	public_source_membership	39	39	exclude	Candidate source grouping only; not an exhaustive or context-specific biological regulon and not part of the frozen mechanism bundle.
OmniPath_DoRothEA|OmniPath_DoRothEA_snapshot_2026-08-25|human|stat3	OmniPath_DoRothEA	OmniPath_DoRothEA_snapshot_2026-08-25	human	STAT3	stat3	OmniPath_DoRothEA public regulon: STAT3 (human)	candidate	public_source_membership	86	86	exclude	Candidate source grouping only; not an exhaustive or context-specific biological regulon and not part of the frozen mechanism bundle.
OmniPath_DoRothEA|OmniPath_DoRothEA_snapshot_2026-08-25|human|stat4	OmniPath_DoRothEA	OmniPath_DoRothEA_snapshot_2026-08-25	human	STAT4	stat4	OmniPath_DoRothEA public regulon: STAT4 (human)	candidate	public_source_membership	10	10	exclude	Candidate source grouping only; not an exhaustive or context-specific biological regulon and not part of the frozen mechanism bundle.
OmniPath_DoRothEA|OmniPath_DoRothEA_snapshot_2026-08-25|human|stat5a	OmniPath_DoRothEA	OmniPath_DoRothEA_snapshot_2026-08-25	human	STAT5A	stat5a	OmniPath_DoRothEA public regulon: STAT5A (human)	candidate	public_source_membership	24	24	exclude	Candidate source grouping only; not an exhaustive or context-specific biological regulon and not part of the frozen mechanism bundle.
OmniPath_DoRothEA|OmniPath_DoRothEA_snapshot_2026-08-25|human|stat5b	OmniPath_DoRothEA	OmniPath_DoRothEA_snapshot_2026-08-25	human	STAT5B	stat5b	OmniPath_DoRothEA public regulon: STAT5B (human)	candidate	public_source_membership	21	21	exclude	Candidate source grouping only; not an exhaustive or context-specific biological regulon and not part of the frozen mechanism bundle.
OmniPath_DoRothEA|OmniPath_DoRothEA_snapshot_2026-08-25|human|stat6	OmniPath_DoRothEA	OmniPath_DoRothEA_snapshot_2026-08-25	human	STAT6	stat6	OmniPath_DoRothEA public regulon: STAT6 (human)	candidate	public_source_membership	10	10	exclude	Candidate source grouping only; not an exhaustive or context-specific biological regulon and not part of the frozen mechanism bundle.
OmniPath_DoRothEA|OmniPath_DoRothEA_snapshot_2026-08-25|human|tal1	OmniPath_DoRothEA	OmniPath_DoRothEA_snapshot_2026-08-25	human	TAL1	tal1	OmniPath_DoRothEA public regulon: TAL1 (human)	candidate	public_source_membership	345	345	exclude	Candidate source grouping only; not an exhaustive or context-specific biological regulon and not part of the frozen mechanism bundle.
OmniPath_DoRothEA|OmniPath_DoRothEA_snapshot_2026-08-25|human|tbp	OmniPath_DoRothEA	OmniPath_DoRothEA_snapshot_2026-08-25	human	TBP	tbp	OmniPath_DoRothEA public regulon: TBP (human)	candidate	public_source_membership	8	8	exclude	Candidate source grouping only; not an exhaustive or context-specific biological regulon and not part of the frozen mechanism bundle.
OmniPath_DoRothEA|OmniPath_DoRothEA_snapshot_2026-08-25|human|tbx2	OmniPath_DoRothEA	OmniPath_DoRothEA_snapshot_2026-08-25	human	TBX2	tbx2	OmniPath_DoRothEA public regulon: TBX2 (human)	candidate	public_source_membership	2	2	exclude	Candidate source grouping only; not an exhaustive or context-specific biological regulon and not part of the frozen mechanism bundle.
OmniPath_DoRothEA|OmniPath_DoRothEA_snapshot_2026-08-25|human|tbx21	OmniPath_DoRothEA	OmniPath_DoRothEA_snapshot_2026-08-25	human	TBX21	tbx21	OmniPath_DoRothEA public regulon: TBX21 (human)	candidate	public_source_membership	9	9	exclude	Candidate source grouping only; not an exhaustive or context-specific biological regulon and not part of the frozen mechanism bundle.
OmniPath_DoRothEA|OmniPath_DoRothEA_snapshot_2026-08-25|human|tbx5	OmniPath_DoRothEA	OmniPath_DoRothEA_snapshot_2026-08-25	human	TBX5	tbx5	OmniPath_DoRothEA public regulon: TBX5 (human)	candidate	public_source_membership	3	3	exclude	Candidate source grouping only; not an exhaustive or context-specific biological regulon and not part of the frozen mechanism bundle.
OmniPath_DoRothEA|OmniPath_DoRothEA_snapshot_2026-08-25|human|tcf12	OmniPath_DoRothEA	OmniPath_DoRothEA_snapshot_2026-08-25	human	TCF12	tcf12	OmniPath_DoRothEA public regulon: TCF12 (human)	candidate	public_source_membership	3	3	exclude	Candidate source grouping only; not an exhaustive or context-specific biological regulon and not part of the frozen mechanism bundle.
OmniPath_DoRothEA|OmniPath_DoRothEA_snapshot_2026-08-25|human|tcf3	OmniPath_DoRothEA	OmniPath_DoRothEA_snapshot_2026-08-25	human	TCF3	tcf3	OmniPath_DoRothEA public regulon: TCF3 (human)	candidate	public_source_membership	16	16	exclude	Candidate source grouping only; not an exhaustive or context-specific biological regulon and not part of the frozen mechanism bundle.
OmniPath_DoRothEA|OmniPath_DoRothEA_snapshot_2026-08-25|human|tcf4	OmniPath_DoRothEA	OmniPath_DoRothEA_snapshot_2026-08-25	human	TCF4	tcf4	OmniPath_DoRothEA public regulon: TCF4 (human)	candidate	public_source_membership	9	9	exclude	Candidate source grouping only; not an exhaustive or context-specific biological regulon and not part of the frozen mechanism bundle.
OmniPath_DoRothEA|OmniPath_DoRothEA_snapshot_2026-08-25|human|tcf7	OmniPath_DoRothEA	OmniPath_DoRothEA_snapshot_2026-08-25	human	TCF7	tcf7	OmniPath_DoRothEA public regulon: TCF7 (human)	candidate	public_source_membership	8	8	exclude	Candidate source grouping only; not an exhaustive or context-specific biological regulon and not part of the frozen mechanism bundle.
OmniPath_DoRothEA|OmniPath_DoRothEA_snapshot_2026-08-25|human|tcf7l2	OmniPath_DoRothEA	OmniPath_DoRothEA_snapshot_2026-08-25	human	TCF7L2	tcf7l2	OmniPath_DoRothEA public regulon: TCF7L2 (human)	candidate	public_source_membership	22	22	exclude	Candidate source grouping only; not an exhaustive or context-specific biological regulon and not part of the frozen mechanism bundle.
OmniPath_DoRothEA|OmniPath_DoRothEA_snapshot_2026-08-25|human|tcfl5	OmniPath_DoRothEA	OmniPath_DoRothEA_snapshot_2026-08-25	human	TCFL5	tcfl5	OmniPath_DoRothEA public regulon: TCFL5 (human)	candidate	public_source_membership	1	1	exclude	Candidate source grouping only; not an exhaustive or context-specific biological regulon and not part of the frozen mechanism bundle.
OmniPath_DoRothEA|OmniPath_DoRothEA_snapshot_2026-08-25|human|tead1	OmniPath_DoRothEA	OmniPath_DoRothEA_snapshot_2026-08-25	human	TEAD1	tead1	OmniPath_DoRothEA public regulon: TEAD1 (human)	candidate	public_source_membership	8	8	exclude	Candidate source grouping only; not an exhaustive or context-specific biological regulon and not part of the frozen mechanism bundle.
OmniPath_DoRothEA|OmniPath_DoRothEA_snapshot_2026-08-25|human|tead2	OmniPath_DoRothEA	OmniPath_DoRothEA_snapshot_2026-08-25	human	TEAD2	tead2	OmniPath_DoRothEA public regulon: TEAD2 (human)	candidate	public_source_membership	2	2	exclude	Candidate source grouping only; not an exhaustive or context-specific biological regulon and not part of the frozen mechanism bundle.
OmniPath_DoRothEA|OmniPath_DoRothEA_snapshot_2026-08-25|human|tfap2a	OmniPath_DoRothEA	OmniPath_DoRothEA_snapshot_2026-08-25	human	TFAP2A	tfap2a	OmniPath_DoRothEA public regulon: TFAP2A (human)	candidate	public_source_membership	74	74	exclude	Candidate source grouping only; not an exhaustive or context-specific biological regulon and not part of the frozen mechanism bundle.
OmniPath_DoRothEA|OmniPath_DoRothEA_snapshot_2026-08-25|human|tfap2b	OmniPath_DoRothEA	OmniPath_DoRothEA_snapshot_2026-08-25	human	TFAP2B	tfap2b	OmniPath_DoRothEA public regulon: TFAP2B (human)	candidate	public_source_membership	2	2	exclude	Candidate source grouping only; not an exhaustive or context-specific biological regulon and not part of the frozen mechanism bundle.
OmniPath_DoRothEA|OmniPath_DoRothEA_snapshot_2026-08-25|human|tfap2c	OmniPath_DoRothEA	OmniPath_DoRothEA_snapshot_2026-08-25	human	TFAP2C	tfap2c	OmniPath_DoRothEA public regulon: TFAP2C (human)	candidate	public_source_membership	484	484	exclude	Candidate source grouping only; not an exhaustive or context-specific biological regulon and not part of the frozen mechanism bundle.
OmniPath_DoRothEA|OmniPath_DoRothEA_snapshot_2026-08-25|human|tfap4	OmniPath_DoRothEA	OmniPath_DoRothEA_snapshot_2026-08-25	human	TFAP4	tfap4	OmniPath_DoRothEA public regulon: TFAP4 (human)	candidate	public_source_membership	3	3	exclude	Candidate source grouping only; not an exhaustive or context-specific biological regulon and not part of the frozen mechanism bundle.
OmniPath_DoRothEA|OmniPath_DoRothEA_snapshot_2026-08-25|human|tfcp2	OmniPath_DoRothEA	OmniPath_DoRothEA_snapshot_2026-08-25	human	TFCP2	tfcp2	OmniPath_DoRothEA public regulon: TFCP2 (human)	candidate	public_source_membership	1	1	exclude	Candidate source grouping only; not an exhaustive or context-specific biological regulon and not part of the frozen mechanism bundle.
OmniPath_DoRothEA|OmniPath_DoRothEA_snapshot_2026-08-25|human|tfdp1	OmniPath_DoRothEA	OmniPath_DoRothEA_snapshot_2026-08-25	human	TFDP1	tfdp1	OmniPath_DoRothEA public regulon: TFDP1 (human)	candidate	public_source_membership	12	12	exclude	Candidate source grouping only; not an exhaustive or context-specific biological regulon and not part of the frozen mechanism bundle.
OmniPath_DoRothEA|OmniPath_DoRothEA_snapshot_2026-08-25|human|thap1	OmniPath_DoRothEA	OmniPath_DoRothEA_snapshot_2026-08-25	human	THAP1	thap1	OmniPath_DoRothEA public regulon: THAP1 (human)	candidate	public_source_membership	1	1	exclude	Candidate source grouping only; not an exhaustive or context-specific biological regulon and not part of the frozen mechanism bundle.
OmniPath_DoRothEA|OmniPath_DoRothEA_snapshot_2026-08-25|human|thap11	OmniPath_DoRothEA	OmniPath_DoRothEA_snapshot_2026-08-25	human	THAP11	thap11	OmniPath_DoRothEA public regulon: THAP11 (human)	candidate	public_source_membership	6	6	exclude	Candidate source grouping only; not an exhaustive or context-specific biological regulon and not part of the frozen mechanism bundle.
OmniPath_DoRothEA|OmniPath_DoRothEA_snapshot_2026-08-25|human|thra	OmniPath_DoRothEA	OmniPath_DoRothEA_snapshot_2026-08-25	human	THRA	thra	OmniPath_DoRothEA public regulon: THRA (human)	candidate	public_source_membership	1	1	exclude	Candidate source grouping only; not an exhaustive or context-specific biological regulon and not part of the frozen mechanism bundle.
OmniPath_DoRothEA|OmniPath_DoRothEA_snapshot_2026-08-25|human|thrb	OmniPath_DoRothEA	OmniPath_DoRothEA_snapshot_2026-08-25	human	THRB	thrb	OmniPath_DoRothEA public regulon: THRB (human)	candidate	public_source_membership	2	2	exclude	Candidate source grouping only; not an exhaustive or context-specific biological regulon and not part of the frozen mechanism bundle.
OmniPath_DoRothEA|OmniPath_DoRothEA_snapshot_2026-08-25|human|tlx1	OmniPath_DoRothEA	OmniPath_DoRothEA_snapshot_2026-08-25	human	TLX1	tlx1	OmniPath_DoRothEA public regulon: TLX1 (human)	candidate	public_source_membership	1	1	exclude	Candidate source grouping only; not an exhaustive or context-specific biological regulon and not part of the frozen mechanism bundle.
OmniPath_DoRothEA|OmniPath_DoRothEA_snapshot_2026-08-25|human|tp53	OmniPath_DoRothEA	OmniPath_DoRothEA_snapshot_2026-08-25	human	TP53	tp53	OmniPath_DoRothEA public regulon: TP53 (human)	candidate	public_source_membership	508	508	exclude	Candidate source grouping only; not an exhaustive or context-specific biological regulon and not part of the frozen mechanism bundle.
OmniPath_DoRothEA|OmniPath_DoRothEA_snapshot_2026-08-25|human|tp63	OmniPath_DoRothEA	OmniPath_DoRothEA_snapshot_2026-08-25	human	TP63	tp63	OmniPath_DoRothEA public regulon: TP63 (human)	candidate	public_source_membership	19	19	exclude	Candidate source grouping only; not an exhaustive or context-specific biological regulon and not part of the frozen mechanism bundle.
OmniPath_DoRothEA|OmniPath_DoRothEA_snapshot_2026-08-25|human|tp73	OmniPath_DoRothEA	OmniPath_DoRothEA_snapshot_2026-08-25	human	TP73	tp73	OmniPath_DoRothEA public regulon: TP73 (human)	candidate	public_source_membership	10	10	exclude	Candidate source grouping only; not an exhaustive or context-specific biological regulon and not part of the frozen mechanism bundle.
OmniPath_DoRothEA|OmniPath_DoRothEA_snapshot_2026-08-25|human|trps1	OmniPath_DoRothEA	OmniPath_DoRothEA_snapshot_2026-08-25	human	TRPS1	trps1	OmniPath_DoRothEA public regulon: TRPS1 (human)	candidate	public_source_membership	1	1	exclude	Candidate source grouping only; not an exhaustive or context-specific biological regulon and not part of the frozen mechanism bundle.
OmniPath_DoRothEA|OmniPath_DoRothEA_snapshot_2026-08-25|human|twist1	OmniPath_DoRothEA	OmniPath_DoRothEA_snapshot_2026-08-25	human	TWIST1	twist1	OmniPath_DoRothEA public regulon: TWIST1 (human)	candidate	public_source_membership	17	17	exclude	Candidate source grouping only; not an exhaustive or context-specific biological regulon and not part of the frozen mechanism bundle.
OmniPath_DoRothEA|OmniPath_DoRothEA_snapshot_2026-08-25|human|twist2	OmniPath_DoRothEA	OmniPath_DoRothEA_snapshot_2026-08-25	human	TWIST2	twist2	OmniPath_DoRothEA public regulon: TWIST2 (human)	candidate	public_source_membership	3	3	exclude	Candidate source grouping only; not an exhaustive or context-specific biological regulon and not part of the frozen mechanism bundle.
OmniPath_DoRothEA|OmniPath_DoRothEA_snapshot_2026-08-25|human|usf1	OmniPath_DoRothEA	OmniPath_DoRothEA_snapshot_2026-08-25	human	USF1	usf1	OmniPath_DoRothEA public regulon: USF1 (human)	candidate	public_source_membership	63	63	exclude	Candidate source grouping only; not an exhaustive or context-specific biological regulon and not part of the frozen mechanism bundle.
OmniPath_DoRothEA|OmniPath_DoRothEA_snapshot_2026-08-25|human|usf2	OmniPath_DoRothEA	OmniPath_DoRothEA_snapshot_2026-08-25	human	USF2	usf2	OmniPath_DoRothEA public regulon: USF2 (human)	candidate	public_source_membership	42	42	exclude	Candidate source grouping only; not an exhaustive or context-specific biological regulon and not part of the frozen mechanism bundle.
OmniPath_DoRothEA|OmniPath_DoRothEA_snapshot_2026-08-25|human|vdr	OmniPath_DoRothEA	OmniPath_DoRothEA_snapshot_2026-08-25	human	VDR	vdr	OmniPath_DoRothEA public regulon: VDR (human)	candidate	public_source_membership	156	156	exclude	Candidate source grouping only; not an exhaustive or context-specific biological regulon and not part of the frozen mechanism bundle.
OmniPath_DoRothEA|OmniPath_DoRothEA_snapshot_2026-08-25|human|wt1	OmniPath_DoRothEA	OmniPath_DoRothEA_snapshot_2026-08-25	human	WT1	wt1	OmniPath_DoRothEA public regulon: WT1 (human)	candidate	public_source_membership	31	31	exclude	Candidate source grouping only; not an exhaustive or context-specific biological regulon and not part of the frozen mechanism bundle.
OmniPath_DoRothEA|OmniPath_DoRothEA_snapshot_2026-08-25|human|ybx1	OmniPath_DoRothEA	OmniPath_DoRothEA_snapshot_2026-08-25	human	YBX1	ybx1	OmniPath_DoRothEA public regulon: YBX1 (human)	candidate	public_source_membership	6	6	exclude	Candidate source grouping only; not an exhaustive or context-specific biological regulon and not part of the frozen mechanism bundle.
OmniPath_DoRothEA|OmniPath_DoRothEA_snapshot_2026-08-25|human|yy1	OmniPath_DoRothEA	OmniPath_DoRothEA_snapshot_2026-08-25	human	YY1	yy1	OmniPath_DoRothEA public regulon: YY1 (human)	candidate	public_source_membership	81	81	exclude	Candidate source grouping only; not an exhaustive or context-specific biological regulon and not part of the frozen mechanism bundle.
OmniPath_DoRothEA|OmniPath_DoRothEA_snapshot_2026-08-25|human|zbtb16	OmniPath_DoRothEA	OmniPath_DoRothEA_snapshot_2026-08-25	human	ZBTB16	zbtb16	OmniPath_DoRothEA public regulon: ZBTB16 (human)	candidate	public_source_membership	1	1	exclude	Candidate source grouping only; not an exhaustive or context-specific biological regulon and not part of the frozen mechanism bundle.
OmniPath_DoRothEA|OmniPath_DoRothEA_snapshot_2026-08-25|human|zbtb17	OmniPath_DoRothEA	OmniPath_DoRothEA_snapshot_2026-08-25	human	ZBTB17	zbtb17	OmniPath_DoRothEA public regulon: ZBTB17 (human)	candidate	public_source_membership	1	1	exclude	Candidate source grouping only; not an exhaustive or context-specific biological regulon and not part of the frozen mechanism bundle.
OmniPath_DoRothEA|OmniPath_DoRothEA_snapshot_2026-08-25|human|zbtb33	OmniPath_DoRothEA	OmniPath_DoRothEA_snapshot_2026-08-25	human	ZBTB33	zbtb33	OmniPath_DoRothEA public regulon: ZBTB33 (human)	candidate	public_source_membership	12	12	exclude	Candidate source grouping only; not an exhaustive or context-specific biological regulon and not part of the frozen mechanism bundle.
OmniPath_DoRothEA|OmniPath_DoRothEA_snapshot_2026-08-25|human|zbtb7a	OmniPath_DoRothEA	OmniPath_DoRothEA_snapshot_2026-08-25	human	ZBTB7A	zbtb7a	OmniPath_DoRothEA public regulon: ZBTB7A (human)	candidate	public_source_membership	3	3	exclude	Candidate source grouping only; not an exhaustive or context-specific biological regulon and not part of the frozen mechanism bundle.
OmniPath_DoRothEA|OmniPath_DoRothEA_snapshot_2026-08-25|human|zeb1	OmniPath_DoRothEA	OmniPath_DoRothEA_snapshot_2026-08-25	human	ZEB1	zeb1	OmniPath_DoRothEA public regulon: ZEB1 (human)	candidate	public_source_membership	15	15	exclude	Candidate source grouping only; not an exhaustive or context-specific biological regulon and not part of the frozen mechanism bundle.
OmniPath_DoRothEA|OmniPath_DoRothEA_snapshot_2026-08-25|human|zeb2	OmniPath_DoRothEA	OmniPath_DoRothEA_snapshot_2026-08-25	human	ZEB2	zeb2	OmniPath_DoRothEA public regulon: ZEB2 (human)	candidate	public_source_membership	3	3	exclude	Candidate source grouping only; not an exhaustive or context-specific biological regulon and not part of the frozen mechanism bundle.
OmniPath_DoRothEA|OmniPath_DoRothEA_snapshot_2026-08-25|human|zfhx3	OmniPath_DoRothEA	OmniPath_DoRothEA_snapshot_2026-08-25	human	ZFHX3	zfhx3	OmniPath_DoRothEA public regulon: ZFHX3 (human)	candidate	public_source_membership	1	1	exclude	Candidate source grouping only; not an exhaustive or context-specific biological regulon and not part of the frozen mechanism bundle.
OmniPath_DoRothEA|OmniPath_DoRothEA_snapshot_2026-08-25|human|zic1	OmniPath_DoRothEA	OmniPath_DoRothEA_snapshot_2026-08-25	human	ZIC1	zic1	OmniPath_DoRothEA public regulon: ZIC1 (human)	candidate	public_source_membership	1	1	exclude	Candidate source grouping only; not an exhaustive or context-specific biological regulon and not part of the frozen mechanism bundle.
OmniPath_DoRothEA|OmniPath_DoRothEA_snapshot_2026-08-25|human|zic2	OmniPath_DoRothEA	OmniPath_DoRothEA_snapshot_2026-08-25	human	ZIC2	zic2	OmniPath_DoRothEA public regulon: ZIC2 (human)	candidate	public_source_membership	2	2	exclude	Candidate source grouping only; not an exhaustive or context-specific biological regulon and not part of the frozen mechanism bundle.
OmniPath_DoRothEA|OmniPath_DoRothEA_snapshot_2026-08-25|human|znf143	OmniPath_DoRothEA	OmniPath_DoRothEA_snapshot_2026-08-25	human	ZNF143	znf143	OmniPath_DoRothEA public regulon: ZNF143 (human)	candidate	public_source_membership	1	1	exclude	Candidate source grouping only; not an exhaustive or context-specific biological regulon and not part of the frozen mechanism bundle.
OmniPath_DoRothEA|OmniPath_DoRothEA_snapshot_2026-08-25|human|znf148	OmniPath_DoRothEA	OmniPath_DoRothEA_snapshot_2026-08-25	human	ZNF148	znf148	OmniPath_DoRothEA public regulon: ZNF148 (human)	candidate	public_source_membership	4	4	exclude	Candidate source grouping only; not an exhaustive or context-specific biological regulon and not part of the frozen mechanism bundle.
OmniPath_DoRothEA|OmniPath_DoRothEA_snapshot_2026-08-25|human|znf202	OmniPath_DoRothEA	OmniPath_DoRothEA_snapshot_2026-08-25	human	ZNF202	znf202	OmniPath_DoRothEA public regulon: ZNF202 (human)	candidate	public_source_membership	2	2	exclude	Candidate source grouping only; not an exhaustive or context-specific biological regulon and not part of the frozen mechanism bundle.
OmniPath_DoRothEA|OmniPath_DoRothEA_snapshot_2026-08-25|human|znf224	OmniPath_DoRothEA	OmniPath_DoRothEA_snapshot_2026-08-25	human	ZNF224	znf224	OmniPath_DoRothEA public regulon: ZNF224 (human)	candidate	public_source_membership	1	1	exclude	Candidate source grouping only; not an exhaustive or context-specific biological regulon and not part of the frozen mechanism bundle.
OmniPath_DoRothEA|OmniPath_DoRothEA_snapshot_2026-08-25|human|znf263	OmniPath_DoRothEA	OmniPath_DoRothEA_snapshot_2026-08-25	human	ZNF263	znf263	OmniPath_DoRothEA public regulon: ZNF263 (human)	candidate	public_source_membership	320	320	exclude	Candidate source grouping only; not an exhaustive or context-specific biological regulon and not part of the frozen mechanism bundle.
OmniPath_DoRothEA|OmniPath_DoRothEA_snapshot_2026-08-25|human|znf267	OmniPath_DoRothEA	OmniPath_DoRothEA_snapshot_2026-08-25	human	ZNF267	znf267	OmniPath_DoRothEA public regulon: ZNF267 (human)	candidate	public_source_membership	1	1	exclude	Candidate source grouping only; not an exhaustive or context-specific biological regulon and not part of the frozen mechanism bundle.
OmniPath_DoRothEA|OmniPath_DoRothEA_snapshot_2026-08-25|human|znf274	OmniPath_DoRothEA	OmniPath_DoRothEA_snapshot_2026-08-25	human	ZNF274	znf274	OmniPath_DoRothEA public regulon: ZNF274 (human)	candidate	public_source_membership	2	2	exclude	Candidate source grouping only; not an exhaustive or context-specific biological regulon and not part of the frozen mechanism bundle.
OmniPath_DoRothEA|OmniPath_DoRothEA_snapshot_2026-08-25|human|znf382	OmniPath_DoRothEA	OmniPath_DoRothEA_snapshot_2026-08-25	human	ZNF382	znf382	OmniPath_DoRothEA public regulon: ZNF382 (human)	candidate	public_source_membership	1	1	exclude	Candidate source grouping only; not an exhaustive or context-specific biological regulon and not part of the frozen mechanism bundle.
OmniPath_DoRothEA|OmniPath_DoRothEA_snapshot_2026-08-25|human|znf384	OmniPath_DoRothEA	OmniPath_DoRothEA_snapshot_2026-08-25	human	ZNF384	znf384	OmniPath_DoRothEA public regulon: ZNF384 (human)	candidate	public_source_membership	1	1	exclude	Candidate source grouping only; not an exhaustive or context-specific biological regulon and not part of the frozen mechanism bundle.
OmniPath_DoRothEA|OmniPath_DoRothEA_snapshot_2026-08-25|human|znf740	OmniPath_DoRothEA	OmniPath_DoRothEA_snapshot_2026-08-25	human	ZNF740	znf740	OmniPath_DoRothEA public regulon: ZNF740 (human)	candidate	public_source_membership	2	2	exclude	Candidate source grouping only; not an exhaustive or context-specific biological regulon and not part of the frozen mechanism bundle.
OmniPath_DoRothEA|OmniPath_DoRothEA_snapshot_2026-08-25|mouse|a0a087wpa7	OmniPath_DoRothEA	OmniPath_DoRothEA_snapshot_2026-08-25	mouse	A0A087WPA7	a0a087wpa7	OmniPath_DoRothEA public regulon: A0A087WPA7 (mouse)	candidate	public_source_membership	28	28	exclude	Candidate source grouping only; not an exhaustive or context-specific biological regulon and not part of the frozen mechanism bundle.
OmniPath_DoRothEA|OmniPath_DoRothEA_snapshot_2026-08-25|mouse|a0a087wr05	OmniPath_DoRothEA	OmniPath_DoRothEA_snapshot_2026-08-25	mouse	A0A087WR05	a0a087wr05	OmniPath_DoRothEA public regulon: A0A087WR05 (mouse)	candidate	public_source_membership	241	235	exclude	Candidate source grouping only; not an exhaustive or context-specific biological regulon and not part of the frozen mechanism bundle.
OmniPath_DoRothEA|OmniPath_DoRothEA_snapshot_2026-08-25|mouse|a0a087wsp5	OmniPath_DoRothEA	OmniPath_DoRothEA_snapshot_2026-08-25	mouse	A0A087WSP5	a0a087wsp5	OmniPath_DoRothEA public regulon: A0A087WSP5 (mouse)	candidate	public_source_membership	638	612	exclude	Candidate source grouping only; not an exhaustive or context-specific biological regulon and not part of the frozen mechanism bundle.
OmniPath_DoRothEA|OmniPath_DoRothEA_snapshot_2026-08-25|mouse|a0a0a6ywe3	OmniPath_DoRothEA	OmniPath_DoRothEA_snapshot_2026-08-25	mouse	A0A0A6YWE3	a0a0a6ywe3	OmniPath_DoRothEA public regulon: A0A0A6YWE3 (mouse)	candidate	public_source_membership	1	1	exclude	Candidate source grouping only; not an exhaustive or context-specific biological regulon and not part of the frozen mechanism bundle.
OmniPath_DoRothEA|OmniPath_DoRothEA_snapshot_2026-08-25|mouse|a0a0a6ywq4	OmniPath_DoRothEA	OmniPath_DoRothEA_snapshot_2026-08-25	mouse	A0A0A6YWQ4	a0a0a6ywq4	OmniPath_DoRothEA public regulon: A0A0A6YWQ4 (mouse)	candidate	public_source_membership	2	1	exclude	Candidate source grouping only; not an exhaustive or context-specific biological regulon and not part of the frozen mechanism bundle.
OmniPath_DoRothEA|OmniPath_DoRothEA_snapshot_2026-08-25|mouse|a0a0g2jem8	OmniPath_DoRothEA	OmniPath_DoRothEA_snapshot_2026-08-25	mouse	A0A0G2JEM8	a0a0g2jem8	OmniPath_DoRothEA public regulon: A0A0G2JEM8 (mouse)	candidate	public_source_membership	9	9	exclude	Candidate source grouping only; not an exhaustive or context-specific biological regulon and not part of the frozen mechanism bundle.
OmniPath_DoRothEA|OmniPath_DoRothEA_snapshot_2026-08-25|mouse|a0a0j9ytu7	OmniPath_DoRothEA	OmniPath_DoRothEA_snapshot_2026-08-25	mouse	A0A0J9YTU7	a0a0j9ytu7	OmniPath_DoRothEA public regulon: A0A0J9YTU7 (mouse)	candidate	public_source_membership	8	7	exclude	Candidate source grouping only; not an exhaustive or context-specific biological regulon and not part of the frozen mechanism bundle.
OmniPath_DoRothEA|OmniPath_DoRothEA_snapshot_2026-08-25|mouse|a0a0r4j021	OmniPath_DoRothEA	OmniPath_DoRothEA_snapshot_2026-08-25	mouse	A0A0R4J021	a0a0r4j021	OmniPath_DoRothEA public regulon: A0A0R4J021 (mouse)	candidate	public_source_membership	1	1	exclude	Candidate source grouping only; not an exhaustive or context-specific biological regulon and not part of the frozen mechanism bundle.
OmniPath_DoRothEA|OmniPath_DoRothEA_snapshot_2026-08-25|mouse|a0a0r4j046	OmniPath_DoRothEA	OmniPath_DoRothEA_snapshot_2026-08-25	mouse	A0A0R4J046	a0a0r4j046	OmniPath_DoRothEA public regulon: A0A0R4J046 (mouse)	candidate	public_source_membership	3	3	exclude	Candidate source grouping only; not an exhaustive or context-specific biological regulon and not part of the frozen mechanism bundle.
OmniPath_DoRothEA|OmniPath_DoRothEA_snapshot_2026-08-25|mouse|a0a0r4j082	OmniPath_DoRothEA	OmniPath_DoRothEA_snapshot_2026-08-25	mouse	A0A0R4J082	a0a0r4j082	OmniPath_DoRothEA public regulon: A0A0R4J082 (mouse)	candidate	public_source_membership	1	1	exclude	Candidate source grouping only; not an exhaustive or context-specific biological regulon and not part of the frozen mechanism bundle.
OmniPath_DoRothEA|OmniPath_DoRothEA_snapshot_2026-08-25|mouse|a0a0r4j096	OmniPath_DoRothEA	OmniPath_DoRothEA_snapshot_2026-08-25	mouse	A0A0R4J096	a0a0r4j096	OmniPath_DoRothEA public regulon: A0A0R4J096 (mouse)	candidate	public_source_membership	3	3	exclude	Candidate source grouping only; not an exhaustive or context-specific biological regulon and not part of the frozen mechanism bundle.
OmniPath_DoRothEA|OmniPath_DoRothEA_snapshot_2026-08-25|mouse|a0a0r4j0i0	OmniPath_DoRothEA	OmniPath_DoRothEA_snapshot_2026-08-25	mouse	A0A0R4J0I0	a0a0r4j0i0	OmniPath_DoRothEA public regulon: A0A0R4J0I0 (mouse)	candidate	public_source_membership	1	1	exclude	Candidate source grouping only; not an exhaustive or context-specific biological regulon and not part of the frozen mechanism bundle.
OmniPath_DoRothEA|OmniPath_DoRothEA_snapshot_2026-08-25|mouse|a0a0r4j0y5	OmniPath_DoRothEA	OmniPath_DoRothEA_snapshot_2026-08-25	mouse	A0A0R4J0Y5	a0a0r4j0y5	OmniPath_DoRothEA public regulon: A0A0R4J0Y5 (mouse)	candidate	public_source_membership	3	3	exclude	Candidate source grouping only; not an exhaustive or context-specific biological regulon and not part of the frozen mechanism bundle.
OmniPath_DoRothEA|OmniPath_DoRothEA_snapshot_2026-08-25|mouse|a0a0r4j193	OmniPath_DoRothEA	OmniPath_DoRothEA_snapshot_2026-08-25	mouse	A0A0R4J193	a0a0r4j193	OmniPath_DoRothEA public regulon: A0A0R4J193 (mouse)	candidate	public_source_membership	1	1	exclude	Candidate source grouping only; not an exhaustive or context-specific biological regulon and not part of the frozen mechanism bundle.
OmniPath_DoRothEA|OmniPath_DoRothEA_snapshot_2026-08-25|mouse|a0a0r4j1z4	OmniPath_DoRothEA	OmniPath_DoRothEA_snapshot_2026-08-25	mouse	A0A0R4J1Z4	a0a0r4j1z4	OmniPath_DoRothEA public regulon: A0A0R4J1Z4 (mouse)	candidate	public_source_membership	32	29	exclude	Candidate source grouping only; not an exhaustive or context-specific biological regulon and not part of the frozen mechanism bundle.
OmniPath_DoRothEA|OmniPath_DoRothEA_snapshot_2026-08-25|mouse|a0a0r4j249	OmniPath_DoRothEA	OmniPath_DoRothEA_snapshot_2026-08-25	mouse	A0A0R4J249	a0a0r4j249	OmniPath_DoRothEA public regulon: A0A0R4J249 (mouse)	candidate	public_source_membership	1	1	exclude	Candidate source grouping only; not an exhaustive or context-specific biological regulon and not part of the frozen mechanism bundle.
OmniPath_DoRothEA|OmniPath_DoRothEA_snapshot_2026-08-25|mouse|a0a0r4j292	OmniPath_DoRothEA	OmniPath_DoRothEA_snapshot_2026-08-25	mouse	A0A0R4J292	a0a0r4j292	OmniPath_DoRothEA public regulon: A0A0R4J292 (mouse)	candidate	public_source_membership	1	1	exclude	Candidate source grouping only; not an exhaustive or context-specific biological regulon and not part of the frozen mechanism bundle.
OmniPath_DoRothEA|OmniPath_DoRothEA_snapshot_2026-08-25|mouse|a0a0u1rnl9	OmniPath_DoRothEA	OmniPath_DoRothEA_snapshot_2026-08-25	mouse	A0A0U1RNL9	a0a0u1rnl9	OmniPath_DoRothEA public regulon: A0A0U1RNL9 (mouse)	candidate	public_source_membership	8	8	exclude	Candidate source grouping only; not an exhaustive or context-specific biological regulon and not part of the frozen mechanism bundle.
OmniPath_DoRothEA|OmniPath_DoRothEA_snapshot_2026-08-25|mouse|a0a1y7vjr5	OmniPath_DoRothEA	OmniPath_DoRothEA_snapshot_2026-08-25	mouse	A0A1Y7VJR5	a0a1y7vjr5	OmniPath_DoRothEA public regulon: A0A1Y7VJR5 (mouse)	candidate	public_source_membership	7	7	exclude	Candidate source grouping only; not an exhaustive or context-specific biological regulon and not part of the frozen mechanism bundle.
OmniPath_DoRothEA|OmniPath_DoRothEA_snapshot_2026-08-25|mouse|a0a1y7vml1	OmniPath_DoRothEA	OmniPath_DoRothEA_snapshot_2026-08-25	mouse	A0A1Y7VML1	a0a1y7vml1	OmniPath_DoRothEA public regulon: A0A1Y7VML1 (mouse)	candidate	public_source_membership	13	13	exclude	Candidate source grouping only; not an exhaustive or context-specific biological regulon and not part of the frozen mechanism bundle.
OmniPath_DoRothEA|OmniPath_DoRothEA_snapshot_2026-08-25|mouse|a0a286ydi1	OmniPath_DoRothEA	OmniPath_DoRothEA_snapshot_2026-08-25	mouse	A0A286YDI1	a0a286ydi1	OmniPath_DoRothEA public regulon: A0A286YDI1 (mouse)	candidate	public_source_membership	1	1	exclude	Candidate source grouping only; not an exhaustive or context-specific biological regulon and not part of the frozen mechanism bundle.
OmniPath_DoRothEA|OmniPath_DoRothEA_snapshot_2026-08-25|mouse|a0a2r8w6r9	OmniPath_DoRothEA	OmniPath_DoRothEA_snapshot_2026-08-25	mouse	A0A2R8W6R9	a0a2r8w6r9	OmniPath_DoRothEA public regulon: A0A2R8W6R9 (mouse)	candidate	public_source_membership	3	3	exclude	Candidate source grouping only; not an exhaustive or context-specific biological regulon and not part of the frozen mechanism bundle.
OmniPath_DoRothEA|OmniPath_DoRothEA_snapshot_2026-08-25|mouse|a0a5k1vvq7	OmniPath_DoRothEA	OmniPath_DoRothEA_snapshot_2026-08-25	mouse	A0A5K1VVQ7	a0a5k1vvq7	OmniPath_DoRothEA public regulon: A0A5K1VVQ7 (mouse)	candidate	public_source_membership	7	7	exclude	Candidate source grouping only; not an exhaustive or context-specific biological regulon and not part of the frozen mechanism bundle.
OmniPath_DoRothEA|OmniPath_DoRothEA_snapshot_2026-08-25|mouse|a0a6i8mwy6	OmniPath_DoRothEA	OmniPath_DoRothEA_snapshot_2026-08-25	mouse	A0A6I8MWY6	a0a6i8mwy6	OmniPath_DoRothEA public regulon: A0A6I8MWY6 (mouse)	candidate	public_source_membership	2	2	exclude	Candidate source grouping only; not an exhaustive or context-specific biological regulon and not part of the frozen mechanism bundle.
OmniPath_DoRothEA|OmniPath_DoRothEA_snapshot_2026-08-25|mouse|a0a979hlr9	OmniPath_DoRothEA	OmniPath_DoRothEA_snapshot_2026-08-25	mouse	A0A979HLR9	a0a979hlr9	OmniPath_DoRothEA public regulon: A0A979HLR9 (mouse)	candidate	public_source_membership	357	346	exclude	Candidate source grouping only; not an exhaustive or context-specific biological regulon and not part of the frozen mechanism bundle.
OmniPath_DoRothEA|OmniPath_DoRothEA_snapshot_2026-08-25|mouse|a2a5c3	OmniPath_DoRothEA	OmniPath_DoRothEA_snapshot_2026-08-25	mouse	A2A5C3	a2a5c3	OmniPath_DoRothEA public regulon: A2A5C3 (mouse)	candidate	public_source_membership	18	16	exclude	Candidate source grouping only; not an exhaustive or context-specific biological regulon and not part of the frozen mechanism bundle.
OmniPath_DoRothEA|OmniPath_DoRothEA_snapshot_2026-08-25|mouse|a3kn90	OmniPath_DoRothEA	OmniPath_DoRothEA_snapshot_2026-08-25	mouse	A3KN90	a3kn90	OmniPath_DoRothEA public regulon: A3KN90 (mouse)	candidate	public_source_membership	1	1	exclude	Candidate source grouping only; not an exhaustive or context-specific biological regulon and not part of the frozen mechanism bundle.
OmniPath_DoRothEA|OmniPath_DoRothEA_snapshot_2026-08-25|mouse|a4qpd3	OmniPath_DoRothEA	OmniPath_DoRothEA_snapshot_2026-08-25	mouse	A4QPD3	a4qpd3	OmniPath_DoRothEA public regulon: A4QPD3 (mouse)	candidate	public_source_membership	18	17	exclude	Candidate source grouping only; not an exhaustive or context-specific biological regulon and not part of the frozen mechanism bundle.
OmniPath_DoRothEA|OmniPath_DoRothEA_snapshot_2026-08-25|mouse|a5d6p6	OmniPath_DoRothEA	OmniPath_DoRothEA_snapshot_2026-08-25	mouse	A5D6P6	a5d6p6	OmniPath_DoRothEA public regulon: A5D6P6 (mouse)	candidate	public_source_membership	3	2	exclude	Candidate source grouping only; not an exhaustive or context-specific biological regulon and not part of the frozen mechanism bundle.
OmniPath_DoRothEA|OmniPath_DoRothEA_snapshot_2026-08-25|mouse|ar	OmniPath_DoRothEA	OmniPath_DoRothEA_snapshot_2026-08-25	mouse	Ar	ar	OmniPath_DoRothEA public regulon: Ar (mouse)	candidate	public_source_membership	164	156	exclude	Candidate source grouping only; not an exhaustive or context-specific biological regulon and not part of the frozen mechanism bundle.
OmniPath_DoRothEA|OmniPath_DoRothEA_snapshot_2026-08-25|mouse|arid3a	OmniPath_DoRothEA	OmniPath_DoRothEA_snapshot_2026-08-25	mouse	Arid3a	arid3a	OmniPath_DoRothEA public regulon: Arid3a (mouse)	candidate	public_source_membership	54	54	exclude	Candidate source grouping only; not an exhaustive or context-specific biological regulon and not part of the frozen mechanism bundle.
OmniPath_DoRothEA|OmniPath_DoRothEA_snapshot_2026-08-25|mouse|arnt	OmniPath_DoRothEA	OmniPath_DoRothEA_snapshot_2026-08-25	mouse	Arnt	arnt	OmniPath_DoRothEA public regulon: Arnt (mouse)	candidate	public_source_membership	8	8	exclude	Candidate source grouping only; not an exhaustive or context-specific biological regulon and not part of the frozen mechanism bundle.
OmniPath_DoRothEA|OmniPath_DoRothEA_snapshot_2026-08-25|mouse|ascl1	OmniPath_DoRothEA	OmniPath_DoRothEA_snapshot_2026-08-25	mouse	Ascl1	ascl1	OmniPath_DoRothEA public regulon: Ascl1 (mouse)	candidate	public_source_membership	1	1	exclude	Candidate source grouping only; not an exhaustive or context-specific biological regulon and not part of the frozen mechanism bundle.
OmniPath_DoRothEA|OmniPath_DoRothEA_snapshot_2026-08-25|mouse|atf1	OmniPath_DoRothEA	OmniPath_DoRothEA_snapshot_2026-08-25	mouse	Atf1	atf1	OmniPath_DoRothEA public regulon: Atf1 (mouse)	candidate	public_source_membership	26	25	exclude	Candidate source grouping only; not an exhaustive or context-specific biological regulon and not part of the frozen mechanism bundle.
OmniPath_DoRothEA|OmniPath_DoRothEA_snapshot_2026-08-25|mouse|atf2	OmniPath_DoRothEA	OmniPath_DoRothEA_snapshot_2026-08-25	mouse	Atf2	atf2	OmniPath_DoRothEA public regulon: Atf2 (mouse)	candidate	public_source_membership	25	24	exclude	Candidate source grouping only; not an exhaustive or context-specific biological regulon and not part of the frozen mechanism bundle.
OmniPath_DoRothEA|OmniPath_DoRothEA_snapshot_2026-08-25|mouse|atf3	OmniPath_DoRothEA	OmniPath_DoRothEA_snapshot_2026-08-25	mouse	Atf3	atf3	OmniPath_DoRothEA public regulon: Atf3 (mouse)	candidate	public_source_membership	8	7	exclude	Candidate source grouping only; not an exhaustive or context-specific biological regulon and not part of the frozen mechanism bundle.
OmniPath_DoRothEA|OmniPath_DoRothEA_snapshot_2026-08-25|mouse|atf4	OmniPath_DoRothEA	OmniPath_DoRothEA_snapshot_2026-08-25	mouse	Atf4	atf4	OmniPath_DoRothEA public regulon: Atf4 (mouse)	candidate	public_source_membership	31	31	exclude	Candidate source grouping only; not an exhaustive or context-specific biological regulon and not part of the frozen mechanism bundle.
OmniPath_DoRothEA|OmniPath_DoRothEA_snapshot_2026-08-25|mouse|atf5	OmniPath_DoRothEA	OmniPath_DoRothEA_snapshot_2026-08-25	mouse	Atf5	atf5	OmniPath_DoRothEA public regulon: Atf5 (mouse)	candidate	public_source_membership	1	1	exclude	Candidate source grouping only; not an exhaustive or context-specific biological regulon and not part of the frozen mechanism bundle.
OmniPath_DoRothEA|OmniPath_DoRothEA_snapshot_2026-08-25|mouse|atf6	OmniPath_DoRothEA	OmniPath_DoRothEA_snapshot_2026-08-25	mouse	Atf6	atf6	OmniPath_DoRothEA public regulon: Atf6 (mouse)	candidate	public_source_membership	10	10	exclude	Candidate source grouping only; not an exhaustive or context-specific biological regulon and not part of the frozen mechanism bundle.
OmniPath_DoRothEA|OmniPath_DoRothEA_snapshot_2026-08-25|mouse|atoh1	OmniPath_DoRothEA	OmniPath_DoRothEA_snapshot_2026-08-25	mouse	Atoh1	atoh1	OmniPath_DoRothEA public regulon: Atoh1 (mouse)	candidate	public_source_membership	1	1	exclude	Candidate source grouping only; not an exhaustive or context-specific biological regulon and not part of the frozen mechanism bundle.
OmniPath_DoRothEA|OmniPath_DoRothEA_snapshot_2026-08-25|mouse|b1auf1	OmniPath_DoRothEA	OmniPath_DoRothEA_snapshot_2026-08-25	mouse	B1AUF1	b1auf1	OmniPath_DoRothEA public regulon: B1AUF1 (mouse)	candidate	public_source_membership	1	1	exclude	Candidate source grouping only; not an exhaustive or context-specific biological regulon and not part of the frozen mechanism bundle.
OmniPath_DoRothEA|OmniPath_DoRothEA_snapshot_2026-08-25|mouse|b5b2n2	OmniPath_DoRothEA	OmniPath_DoRothEA_snapshot_2026-08-25	mouse	B5B2N2	b5b2n2	OmniPath_DoRothEA public regulon: B5B2N2 (mouse)	candidate	public_source_membership	9	9	exclude	Candidate source grouping only; not an exhaustive or context-specific biological regulon and not part of the frozen mechanism bundle.
OmniPath_DoRothEA|OmniPath_DoRothEA_snapshot_2026-08-25|mouse|bach1	OmniPath_DoRothEA	OmniPath_DoRothEA_snapshot_2026-08-25	mouse	Bach1	bach1	OmniPath_DoRothEA public regulon: Bach1 (mouse)	candidate	public_source_membership	29	29	exclude	Candidate source grouping only; not an exhaustive or context-specific biological regulon and not part of the frozen mechanism bundle.
OmniPath_DoRothEA|OmniPath_DoRothEA_snapshot_2026-08-25|mouse|bach2	OmniPath_DoRothEA	OmniPath_DoRothEA_snapshot_2026-08-25	mouse	Bach2	bach2	OmniPath_DoRothEA public regulon: Bach2 (mouse)	candidate	public_source_membership	1	1	exclude	Candidate source grouping only; not an exhaustive or context-specific biological regulon and not part of the frozen mechanism bundle.
OmniPath_DoRothEA|OmniPath_DoRothEA_snapshot_2026-08-25|mouse|batf	OmniPath_DoRothEA	OmniPath_DoRothEA_snapshot_2026-08-25	mouse	Batf	batf	OmniPath_DoRothEA public regulon: Batf (mouse)	candidate	public_source_membership	1	1	exclude	Candidate source grouping only; not an exhaustive or context-specific biological regulon and not part of the frozen mechanism bundle.
OmniPath_DoRothEA|OmniPath_DoRothEA_snapshot_2026-08-25|mouse|bcl6	OmniPath_DoRothEA	OmniPath_DoRothEA_snapshot_2026-08-25	mouse	Bcl6	bcl6	OmniPath_DoRothEA public regulon: Bcl6 (mouse)	candidate	public_source_membership	6	6	exclude	Candidate source grouping only; not an exhaustive or context-specific biological regulon and not part of the frozen mechanism bundle.
OmniPath_DoRothEA|OmniPath_DoRothEA_snapshot_2026-08-25|mouse|bhlhe40	OmniPath_DoRothEA	OmniPath_DoRothEA_snapshot_2026-08-25	mouse	Bhlhe40	bhlhe40	OmniPath_DoRothEA public regulon: Bhlhe40 (mouse)	candidate	public_source_membership	1	1	exclude	Candidate source grouping only; not an exhaustive or context-specific biological regulon and not part of the frozen mechanism bundle.
OmniPath_DoRothEA|OmniPath_DoRothEA_snapshot_2026-08-25|mouse|bmal1	OmniPath_DoRothEA	OmniPath_DoRothEA_snapshot_2026-08-25	mouse	Bmal1	bmal1	OmniPath_DoRothEA public regulon: Bmal1 (mouse)	candidate	public_source_membership	10	10	exclude	Candidate source grouping only; not an exhaustive or context-specific biological regulon and not part of the frozen mechanism bundle.
OmniPath_DoRothEA|OmniPath_DoRothEA_snapshot_2026-08-25|mouse|bmal2	OmniPath_DoRothEA	OmniPath_DoRothEA_snapshot_2026-08-25	mouse	Bmal2	bmal2	OmniPath_DoRothEA public regulon: Bmal2 (mouse)	candidate	public_source_membership	1	1	exclude	Candidate source grouping only; not an exhaustive or context-specific biological regulon and not part of the frozen mechanism bundle.
OmniPath_DoRothEA|OmniPath_DoRothEA_snapshot_2026-08-25|mouse|cdx1	OmniPath_DoRothEA	OmniPath_DoRothEA_snapshot_2026-08-25	mouse	Cdx1	cdx1	OmniPath_DoRothEA public regulon: Cdx1 (mouse)	candidate	public_source_membership	2	2	exclude	Candidate source grouping only; not an exhaustive or context-specific biological regulon and not part of the frozen mechanism bundle.
OmniPath_DoRothEA|OmniPath_DoRothEA_snapshot_2026-08-25|mouse|cdx2	OmniPath_DoRothEA	OmniPath_DoRothEA_snapshot_2026-08-25	mouse	Cdx2	cdx2	OmniPath_DoRothEA public regulon: Cdx2 (mouse)	candidate	public_source_membership	19	19	exclude	Candidate source grouping only; not an exhaustive or context-specific biological regulon and not part of the frozen mechanism bundle.
OmniPath_DoRothEA|OmniPath_DoRothEA_snapshot_2026-08-25|mouse|cebpa	OmniPath_DoRothEA	OmniPath_DoRothEA_snapshot_2026-08-25	mouse	Cebpa	cebpa	OmniPath_DoRothEA public regulon: Cebpa (mouse)	candidate	public_source_membership	563	542	exclude	Candidate source grouping only; not an exhaustive or context-specific biological regulon and not part of the frozen mechanism bundle.
OmniPath_DoRothEA|OmniPath_DoRothEA_snapshot_2026-08-25|mouse|cebpb	OmniPath_DoRothEA	OmniPath_DoRothEA_snapshot_2026-08-25	mouse	Cebpb	cebpb	OmniPath_DoRothEA public regulon: Cebpb (mouse)	candidate	public_source_membership	43	42	exclude	Candidate source grouping only; not an exhaustive or context-specific biological regulon and not part of the frozen mechanism bundle.
OmniPath_DoRothEA|OmniPath_DoRothEA_snapshot_2026-08-25|mouse|cebpd	OmniPath_DoRothEA	OmniPath_DoRothEA_snapshot_2026-08-25	mouse	Cebpd	cebpd	OmniPath_DoRothEA public regulon: Cebpd (mouse)	candidate	public_source_membership	16	15	exclude	Candidate source grouping only; not an exhaustive or context-specific biological regulon and not part of the frozen mechanism bundle.
OmniPath_DoRothEA|OmniPath_DoRothEA_snapshot_2026-08-25|mouse|cebpe	OmniPath_DoRothEA	OmniPath_DoRothEA_snapshot_2026-08-25	mouse	Cebpe	cebpe	OmniPath_DoRothEA public regulon: Cebpe (mouse)	candidate	public_source_membership	5	5	exclude	Candidate source grouping only; not an exhaustive or context-specific biological regulon and not part of the frozen mechanism bundle.
OmniPath_DoRothEA|OmniPath_DoRothEA_snapshot_2026-08-25|mouse|cebpg	OmniPath_DoRothEA	OmniPath_DoRothEA_snapshot_2026-08-25	mouse	Cebpg	cebpg	OmniPath_DoRothEA public regulon: Cebpg (mouse)	candidate	public_source_membership	1	1	exclude	Candidate source grouping only; not an exhaustive or context-specific biological regulon and not part of the frozen mechanism bundle.
OmniPath_DoRothEA|OmniPath_DoRothEA_snapshot_2026-08-25|mouse|clock	OmniPath_DoRothEA	OmniPath_DoRothEA_snapshot_2026-08-25	mouse	Clock	clock	OmniPath_DoRothEA public regulon: Clock (mouse)	candidate	public_source_membership	8	8	exclude	Candidate source grouping only; not an exhaustive or context-specific biological regulon and not part of the frozen mechanism bundle.
OmniPath_DoRothEA|OmniPath_DoRothEA_snapshot_2026-08-25|mouse|creb1	OmniPath_DoRothEA	OmniPath_DoRothEA_snapshot_2026-08-25	mouse	Creb1	creb1	OmniPath_DoRothEA public regulon: Creb1 (mouse)	candidate	public_source_membership	76	74	exclude	Candidate source grouping only; not an exhaustive or context-specific biological regulon and not part of the frozen mechanism bundle.
OmniPath_DoRothEA|OmniPath_DoRothEA_snapshot_2026-08-25|mouse|crem	OmniPath_DoRothEA	OmniPath_DoRothEA_snapshot_2026-08-25	mouse	Crem	crem	OmniPath_DoRothEA public regulon: Crem (mouse)	candidate	public_source_membership	8	8	exclude	Candidate source grouping only; not an exhaustive or context-specific biological regulon and not part of the frozen mechanism bundle.
OmniPath_DoRothEA|OmniPath_DoRothEA_snapshot_2026-08-25|mouse|ctcf	OmniPath_DoRothEA	OmniPath_DoRothEA_snapshot_2026-08-25	mouse	Ctcf	ctcf	OmniPath_DoRothEA public regulon: Ctcf (mouse)	candidate	public_source_membership	543	527	exclude	Candidate source grouping only; not an exhaustive or context-specific biological regulon and not part of the frozen mechanism bundle.
OmniPath_DoRothEA|OmniPath_DoRothEA_snapshot_2026-08-25|mouse|d3yu76	OmniPath_DoRothEA	OmniPath_DoRothEA_snapshot_2026-08-25	mouse	D3YU76	d3yu76	OmniPath_DoRothEA public regulon: D3YU76 (mouse)	candidate	public_source_membership	1	1	exclude	Candidate source grouping only; not an exhaustive or context-specific biological regulon and not part of the frozen mechanism bundle.
OmniPath_DoRothEA|OmniPath_DoRothEA_snapshot_2026-08-25|mouse|d3z1j4	OmniPath_DoRothEA	OmniPath_DoRothEA_snapshot_2026-08-25	mouse	D3Z1J4	d3z1j4	OmniPath_DoRothEA public regulon: D3Z1J4 (mouse)	candidate	public_source_membership	1	1	exclude	Candidate source grouping only; not an exhaustive or context-specific biological regulon and not part of the frozen mechanism bundle.
OmniPath_DoRothEA|OmniPath_DoRothEA_snapshot_2026-08-25|mouse|d3z4g2	OmniPath_DoRothEA	OmniPath_DoRothEA_snapshot_2026-08-25	mouse	D3Z4G2	d3z4g2	OmniPath_DoRothEA public regulon: D3Z4G2 (mouse)	candidate	public_source_membership	1	1	exclude	Candidate source grouping only; not an exhaustive or context-specific biological regulon and not part of the frozen mechanism bundle.
OmniPath_DoRothEA|OmniPath_DoRothEA_snapshot_2026-08-25|mouse|ddit3	OmniPath_DoRothEA	OmniPath_DoRothEA_snapshot_2026-08-25	mouse	Ddit3	ddit3	OmniPath_DoRothEA public regulon: Ddit3 (mouse)	candidate	public_source_membership	6	6	exclude	Candidate source grouping only; not an exhaustive or context-specific biological regulon and not part of the frozen mechanism bundle.
OmniPath_DoRothEA|OmniPath_DoRothEA_snapshot_2026-08-25|mouse|dnmt1	OmniPath_DoRothEA	OmniPath_DoRothEA_snapshot_2026-08-25	mouse	Dnmt1	dnmt1	OmniPath_DoRothEA public regulon: Dnmt1 (mouse)	candidate	public_source_membership	4	4	exclude	Candidate source grouping only; not an exhaustive or context-specific biological regulon and not part of the frozen mechanism bundle.
OmniPath_DoRothEA|OmniPath_DoRothEA_snapshot_2026-08-25|mouse|e0cyw8	OmniPath_DoRothEA	OmniPath_DoRothEA_snapshot_2026-08-25	mouse	E0CYW8	e0cyw8	OmniPath_DoRothEA public regulon: E0CYW8 (mouse)	candidate	public_source_membership	1	1	exclude	Candidate source grouping only; not an exhaustive or context-specific biological regulon and not part of the frozen mechanism bundle.
OmniPath_DoRothEA|OmniPath_DoRothEA_snapshot_2026-08-25|mouse|e2f1	OmniPath_DoRothEA	OmniPath_DoRothEA_snapshot_2026-08-25	mouse	E2f1	e2f1	OmniPath_DoRothEA public regulon: E2f1 (mouse)	candidate	public_source_membership	482	463	exclude	Candidate source grouping only; not an exhaustive or context-specific biological regulon and not part of the frozen mechanism bundle.
OmniPath_DoRothEA|OmniPath_DoRothEA_snapshot_2026-08-25|mouse|e2f2	OmniPath_DoRothEA	OmniPath_DoRothEA_snapshot_2026-08-25	mouse	E2f2	e2f2	OmniPath_DoRothEA public regulon: E2f2 (mouse)	candidate	public_source_membership	15	14	exclude	Candidate source grouping only; not an exhaustive or context-specific biological regulon and not part of the frozen mechanism bundle.
OmniPath_DoRothEA|OmniPath_DoRothEA_snapshot_2026-08-25|mouse|e2f4	OmniPath_DoRothEA	OmniPath_DoRothEA_snapshot_2026-08-25	mouse	E2f4	e2f4	OmniPath_DoRothEA public regulon: E2f4 (mouse)	candidate	public_source_membership	478	465	exclude	Candidate source grouping only; not an exhaustive or context-specific biological regulon and not part of the frozen mechanism bundle.
OmniPath_DoRothEA|OmniPath_DoRothEA_snapshot_2026-08-25|mouse|e2f5	OmniPath_DoRothEA	OmniPath_DoRothEA_snapshot_2026-08-25	mouse	E2f5	e2f5	OmniPath_DoRothEA public regulon: E2f5 (mouse)	candidate	public_source_membership	1	1	exclude	Candidate source grouping only; not an exhaustive or context-specific biological regulon and not part of the frozen mechanism bundle.
OmniPath_DoRothEA|OmniPath_DoRothEA_snapshot_2026-08-25|mouse|e2f6	OmniPath_DoRothEA	OmniPath_DoRothEA_snapshot_2026-08-25	mouse	E2f6	e2f6	OmniPath_DoRothEA public regulon: E2f6 (mouse)	candidate	public_source_membership	7	7	exclude	Candidate source grouping only; not an exhaustive or context-specific biological regulon and not part of the frozen mechanism bundle.
OmniPath_DoRothEA|OmniPath_DoRothEA_snapshot_2026-08-25|mouse|e2f7	OmniPath_DoRothEA	OmniPath_DoRothEA_snapshot_2026-08-25	mouse	E2f7	e2f7	OmniPath_DoRothEA public regulon: E2f7 (mouse)	candidate	public_source_membership	4	4	exclude	Candidate source grouping only; not an exhaustive or context-specific biological regulon and not part of the frozen mechanism bundle.
OmniPath_DoRothEA|OmniPath_DoRothEA_snapshot_2026-08-25|mouse|e2f8	OmniPath_DoRothEA	OmniPath_DoRothEA_snapshot_2026-08-25	mouse	E2f8	e2f8	OmniPath_DoRothEA public regulon: E2f8 (mouse)	candidate	public_source_membership	1	1	exclude	Candidate source grouping only; not an exhaustive or context-specific biological regulon and not part of the frozen mechanism bundle.
OmniPath_DoRothEA|OmniPath_DoRothEA_snapshot_2026-08-25|mouse|e4f1	OmniPath_DoRothEA	OmniPath_DoRothEA_snapshot_2026-08-25	mouse	E4f1	e4f1	OmniPath_DoRothEA public regulon: E4f1 (mouse)	candidate	public_source_membership	1	1	exclude	Candidate source grouping only; not an exhaustive or context-specific biological regulon and not part of the frozen mechanism bundle.
OmniPath_DoRothEA|OmniPath_DoRothEA_snapshot_2026-08-25|mouse|e9pvv1	OmniPath_DoRothEA	OmniPath_DoRothEA_snapshot_2026-08-25	mouse	E9PVV1	e9pvv1	OmniPath_DoRothEA public regulon: E9PVV1 (mouse)	candidate	public_source_membership	12	12	exclude	Candidate source grouping only; not an exhaustive or context-specific biological regulon and not part of the frozen mechanism bundle.
OmniPath_DoRothEA|OmniPath_DoRothEA_snapshot_2026-08-25|mouse|e9pzj2	OmniPath_DoRothEA	OmniPath_DoRothEA_snapshot_2026-08-25	mouse	E9PZJ2	e9pzj2	OmniPath_DoRothEA public regulon: E9PZJ2 (mouse)	candidate	public_source_membership	11	11	exclude	Candidate source grouping only; not an exhaustive or context-specific biological regulon and not part of the frozen mechanism bundle.
OmniPath_DoRothEA|OmniPath_DoRothEA_snapshot_2026-08-25|mouse|e9q1a5	OmniPath_DoRothEA	OmniPath_DoRothEA_snapshot_2026-08-25	mouse	E9Q1A5	e9q1a5	OmniPath_DoRothEA public regulon: E9Q1A5 (mouse)	candidate	public_source_membership	1	1	exclude	Candidate source grouping only; not an exhaustive or context-specific biological regulon and not part of the frozen mechanism bundle.
OmniPath_DoRothEA|OmniPath_DoRothEA_snapshot_2026-08-25|mouse|e9q1a8	OmniPath_DoRothEA	OmniPath_DoRothEA_snapshot_2026-08-25	mouse	E9Q1A8	e9q1a8	OmniPath_DoRothEA public regulon: E9Q1A8 (mouse)	candidate	public_source_membership	3	3	exclude	Candidate source grouping only; not an exhaustive or context-specific biological regulon and not part of the frozen mechanism bundle.
OmniPath_DoRothEA|OmniPath_DoRothEA_snapshot_2026-08-25|mouse|e9q2d3	OmniPath_DoRothEA	OmniPath_DoRothEA_snapshot_2026-08-25	mouse	E9Q2D3	e9q2d3	OmniPath_DoRothEA public regulon: E9Q2D3 (mouse)	candidate	public_source_membership	2	2	exclude	Candidate source grouping only; not an exhaustive or context-specific biological regulon and not part of the frozen mechanism bundle.
OmniPath_DoRothEA|OmniPath_DoRothEA_snapshot_2026-08-25|mouse|e9qkt0	OmniPath_DoRothEA	OmniPath_DoRothEA_snapshot_2026-08-25	mouse	E9QKT0	e9qkt0	OmniPath_DoRothEA public regulon: E9QKT0 (mouse)	candidate	public_source_membership	3	3	exclude	Candidate source grouping only; not an exhaustive or context-specific biological regulon and not part of the frozen mechanism bundle.
OmniPath_DoRothEA|OmniPath_DoRothEA_snapshot_2026-08-25|mouse|e9qps1	OmniPath_DoRothEA	OmniPath_DoRothEA_snapshot_2026-08-25	mouse	E9QPS1	e9qps1	OmniPath_DoRothEA public regulon: E9QPS1 (mouse)	candidate	public_source_membership	13	10	exclude	Candidate source grouping only; not an exhaustive or context-specific biological regulon and not part of the frozen mechanism bundle.
OmniPath_DoRothEA|OmniPath_DoRothEA_snapshot_2026-08-25|mouse|e9qq91	OmniPath_DoRothEA	OmniPath_DoRothEA_snapshot_2026-08-25	mouse	E9QQ91	e9qq91	OmniPath_DoRothEA public regulon: E9QQ91 (mouse)	candidate	public_source_membership	19	18	exclude	Candidate source grouping only; not an exhaustive or context-specific biological regulon and not part of the frozen mechanism bundle.
OmniPath_DoRothEA|OmniPath_DoRothEA_snapshot_2026-08-25|mouse|ebf1	OmniPath_DoRothEA	OmniPath_DoRothEA_snapshot_2026-08-25	mouse	Ebf1	ebf1	OmniPath_DoRothEA public regulon: Ebf1 (mouse)	candidate	public_source_membership	2	2	exclude	Candidate source grouping only; not an exhaustive or context-specific biological regulon and not part of the frozen mechanism bundle.
OmniPath_DoRothEA|OmniPath_DoRothEA_snapshot_2026-08-25|mouse|egr1	OmniPath_DoRothEA	OmniPath_DoRothEA_snapshot_2026-08-25	mouse	Egr1	egr1	OmniPath_DoRothEA public regulon: Egr1 (mouse)	candidate	public_source_membership	523	509	exclude	Candidate source grouping only; not an exhaustive or context-specific biological regulon and not part of the frozen mechanism bundle.
OmniPath_DoRothEA|OmniPath_DoRothEA_snapshot_2026-08-25|mouse|egr2	OmniPath_DoRothEA	OmniPath_DoRothEA_snapshot_2026-08-25	mouse	Egr2	egr2	OmniPath_DoRothEA public regulon: Egr2 (mouse)	candidate	public_source_membership	2	2	exclude	Candidate source grouping only; not an exhaustive or context-specific biological regulon and not part of the frozen mechanism bundle.
OmniPath_DoRothEA|OmniPath_DoRothEA_snapshot_2026-08-25|mouse|egr3	OmniPath_DoRothEA	OmniPath_DoRothEA_snapshot_2026-08-25	mouse	Egr3	egr3	OmniPath_DoRothEA public regulon: Egr3 (mouse)	candidate	public_source_membership	1	1	exclude	Candidate source grouping only; not an exhaustive or context-specific biological regulon and not part of the frozen mechanism bundle.
OmniPath_DoRothEA|OmniPath_DoRothEA_snapshot_2026-08-25|mouse|ehf	OmniPath_DoRothEA	OmniPath_DoRothEA_snapshot_2026-08-25	mouse	Ehf	ehf	OmniPath_DoRothEA public regulon: Ehf (mouse)	candidate	public_source_membership	2	2	exclude	Candidate source grouping only; not an exhaustive or context-specific biological regulon and not part of the frozen mechanism bundle.
OmniPath_DoRothEA|OmniPath_DoRothEA_snapshot_2026-08-25|mouse|elf1	OmniPath_DoRothEA	OmniPath_DoRothEA_snapshot_2026-08-25	mouse	Elf1	elf1	OmniPath_DoRothEA public regulon: Elf1 (mouse)	candidate	public_source_membership	2	2	exclude	Candidate source grouping only; not an exhaustive or context-specific biological regulon and not part of the frozen mechanism bundle.
OmniPath_DoRothEA|OmniPath_DoRothEA_snapshot_2026-08-25|mouse|elf2	OmniPath_DoRothEA	OmniPath_DoRothEA_snapshot_2026-08-25	mouse	Elf2	elf2	OmniPath_DoRothEA public regulon: Elf2 (mouse)	candidate	public_source_membership	1	1	exclude	Candidate source grouping only; not an exhaustive or context-specific biological regulon and not part of the frozen mechanism bundle.
OmniPath_DoRothEA|OmniPath_DoRothEA_snapshot_2026-08-25|mouse|elf3	OmniPath_DoRothEA	OmniPath_DoRothEA_snapshot_2026-08-25	mouse	Elf3	elf3	OmniPath_DoRothEA public regulon: Elf3 (mouse)	candidate	public_source_membership	10	10	exclude	Candidate source grouping only; not an exhaustive or context-specific biological regulon and not part of the frozen mechanism bundle.
OmniPath_DoRothEA|OmniPath_DoRothEA_snapshot_2026-08-25|mouse|elk1	OmniPath_DoRothEA	OmniPath_DoRothEA_snapshot_2026-08-25	mouse	Elk1	elk1	OmniPath_DoRothEA public regulon: Elk1 (mouse)	candidate	public_source_membership	37	36	exclude	Candidate source grouping only; not an exhaustive or context-specific biological regulon and not part of the frozen mechanism bundle.
OmniPath_DoRothEA|OmniPath_DoRothEA_snapshot_2026-08-25|mouse|elk3	OmniPath_DoRothEA	OmniPath_DoRothEA_snapshot_2026-08-25	mouse	Elk3	elk3	OmniPath_DoRothEA public regulon: Elk3 (mouse)	candidate	public_source_membership	1	1	exclude	Candidate source grouping only; not an exhaustive or context-specific biological regulon and not part of the frozen mechanism bundle.
OmniPath_DoRothEA|OmniPath_DoRothEA_snapshot_2026-08-25|mouse|elk4	OmniPath_DoRothEA	OmniPath_DoRothEA_snapshot_2026-08-25	mouse	Elk4	elk4	OmniPath_DoRothEA public regulon: Elk4 (mouse)	candidate	public_source_membership	1	1	exclude	Candidate source grouping only; not an exhaustive or context-specific biological regulon and not part of the frozen mechanism bundle.
OmniPath_DoRothEA|OmniPath_DoRothEA_snapshot_2026-08-25|mouse|en1	OmniPath_DoRothEA	OmniPath_DoRothEA_snapshot_2026-08-25	mouse	En1	en1	OmniPath_DoRothEA public regulon: En1 (mouse)	candidate	public_source_membership	1	1	exclude	Candidate source grouping only; not an exhaustive or context-specific biological regulon and not part of the frozen mechanism bundle.
OmniPath_DoRothEA|OmniPath_DoRothEA_snapshot_2026-08-25|mouse|epas1	OmniPath_DoRothEA	OmniPath_DoRothEA_snapshot_2026-08-25	mouse	Epas1	epas1	OmniPath_DoRothEA public regulon: Epas1 (mouse)	candidate	public_source_membership	46	46	exclude	Candidate source grouping only; not an exhaustive or context-specific biological regulon and not part of the frozen mechanism bundle.
OmniPath_DoRothEA|OmniPath_DoRothEA_snapshot_2026-08-25|mouse|erg	OmniPath_DoRothEA	OmniPath_DoRothEA_snapshot_2026-08-25	mouse	Erg	erg	OmniPath_DoRothEA public regulon: Erg (mouse)	candidate	public_source_membership	21	19	exclude	Candidate source grouping only; not an exhaustive or context-specific biological regulon and not part of the frozen mechanism bundle.
OmniPath_DoRothEA|OmniPath_DoRothEA_snapshot_2026-08-25|mouse|esr1	OmniPath_DoRothEA	OmniPath_DoRothEA_snapshot_2026-08-25	mouse	Esr1	esr1	OmniPath_DoRothEA public regulon: Esr1 (mouse)	candidate	public_source_membership	480	466	exclude	Candidate source grouping only; not an exhaustive or context-specific biological regulon and not part of the frozen mechanism bundle.
OmniPath_DoRothEA|OmniPath_DoRothEA_snapshot_2026-08-25|mouse|esr2	OmniPath_DoRothEA	OmniPath_DoRothEA_snapshot_2026-08-25	mouse	Esr2	esr2	OmniPath_DoRothEA public regulon: Esr2 (mouse)	candidate	public_source_membership	21	20	exclude	Candidate source grouping only; not an exhaustive or context-specific biological regulon and not part of the frozen mechanism bundle.
OmniPath_DoRothEA|OmniPath_DoRothEA_snapshot_2026-08-25|mouse|esrra	OmniPath_DoRothEA	OmniPath_DoRothEA_snapshot_2026-08-25	mouse	Esrra	esrra	OmniPath_DoRothEA public regulon: Esrra (mouse)	candidate	public_source_membership	6	6	exclude	Candidate source grouping only; not an exhaustive or context-specific biological regulon and not part of the frozen mechanism bundle.
OmniPath_DoRothEA|OmniPath_DoRothEA_snapshot_2026-08-25|mouse|ets1	OmniPath_DoRothEA	OmniPath_DoRothEA_snapshot_2026-08-25	mouse	Ets1	ets1	OmniPath_DoRothEA public regulon: Ets1 (mouse)	candidate	public_source_membership	474	457	exclude	Candidate source grouping only; not an exhaustive or context-specific biological regulon and not part of the frozen mechanism bundle.
OmniPath_DoRothEA|OmniPath_DoRothEA_snapshot_2026-08-25|mouse|ets2	OmniPath_DoRothEA	OmniPath_DoRothEA_snapshot_2026-08-25	mouse	Ets2	ets2	OmniPath_DoRothEA public regulon: Ets2 (mouse)	candidate	public_source_membership	31	29	exclude	Candidate source grouping only; not an exhaustive or context-specific biological regulon and not part of the frozen mechanism bundle.
OmniPath_DoRothEA|OmniPath_DoRothEA_snapshot_2026-08-25|mouse|etv3	OmniPath_DoRothEA	OmniPath_DoRothEA_snapshot_2026-08-25	mouse	Etv3	etv3	OmniPath_DoRothEA public regulon: Etv3 (mouse)	candidate	public_source_membership	1	1	exclude	Candidate source grouping only; not an exhaustive or context-specific biological regulon and not part of the frozen mechanism bundle.
OmniPath_DoRothEA|OmniPath_DoRothEA_snapshot_2026-08-25|mouse|f6y2t6	OmniPath_DoRothEA	OmniPath_DoRothEA_snapshot_2026-08-25	mouse	F6Y2T6	f6y2t6	OmniPath_DoRothEA public regulon: F6Y2T6 (mouse)	candidate	public_source_membership	30	29	exclude	Candidate source grouping only; not an exhaustive or context-specific biological regulon and not part of the frozen mechanism bundle.
OmniPath_DoRothEA|OmniPath_DoRothEA_snapshot_2026-08-25|mouse|f8vpv3	OmniPath_DoRothEA	OmniPath_DoRothEA_snapshot_2026-08-25	mouse	F8VPV3	f8vpv3	OmniPath_DoRothEA public regulon: F8VPV3 (mouse)	candidate	public_source_membership	2	2	exclude	Candidate source grouping only; not an exhaustive or context-specific biological regulon and not part of the frozen mechanism bundle.
OmniPath_DoRothEA|OmniPath_DoRothEA_snapshot_2026-08-25|mouse|fli1	OmniPath_DoRothEA	OmniPath_DoRothEA_snapshot_2026-08-25	mouse	Fli1	fli1	OmniPath_DoRothEA public regulon: Fli1 (mouse)	candidate	public_source_membership	13	12	exclude	Candidate source grouping only; not an exhaustive or context-specific biological regulon and not part of the frozen mechanism bundle.
OmniPath_DoRothEA|OmniPath_DoRothEA_snapshot_2026-08-25|mouse|fos	OmniPath_DoRothEA	OmniPath_DoRothEA_snapshot_2026-08-25	mouse	Fos	fos	OmniPath_DoRothEA public regulon: Fos (mouse)	candidate	public_source_membership	406	389	exclude	Candidate source grouping only; not an exhaustive or context-specific biological regulon and not part of the frozen mechanism bundle.
OmniPath_DoRothEA|OmniPath_DoRothEA_snapshot_2026-08-25|mouse|fosl1	OmniPath_DoRothEA	OmniPath_DoRothEA_snapshot_2026-08-25	mouse	Fosl1	fosl1	OmniPath_DoRothEA public regulon: Fosl1 (mouse)	candidate	public_source_membership	15	15	exclude	Candidate source grouping only; not an exhaustive or context-specific biological regulon and not part of the frozen mechanism bundle.
OmniPath_DoRothEA|OmniPath_DoRothEA_snapshot_2026-08-25|mouse|fosl2	OmniPath_DoRothEA	OmniPath_DoRothEA_snapshot_2026-08-25	mouse	Fosl2	fosl2	OmniPath_DoRothEA public regulon: Fosl2 (mouse)	candidate	public_source_membership	14	13	exclude	Candidate source grouping only; not an exhaustive or context-specific biological regulon and not part of the frozen mechanism bundle.
OmniPath_DoRothEA|OmniPath_DoRothEA_snapshot_2026-08-25|mouse|foxa1	OmniPath_DoRothEA	OmniPath_DoRothEA_snapshot_2026-08-25	mouse	Foxa1	foxa1	OmniPath_DoRothEA public regulon: Foxa1 (mouse)	candidate	public_source_membership	462	451	exclude	Candidate source grouping only; not an exhaustive or context-specific biological regulon and not part of the frozen mechanism bundle.
OmniPath_DoRothEA|OmniPath_DoRothEA_snapshot_2026-08-25|mouse|foxa2	OmniPath_DoRothEA	OmniPath_DoRothEA_snapshot_2026-08-25	mouse	Foxa2	foxa2	OmniPath_DoRothEA public regulon: Foxa2 (mouse)	candidate	public_source_membership	11	11	exclude	Candidate source grouping only; not an exhaustive or context-specific biological regulon and not part of the frozen mechanism bundle.
OmniPath_DoRothEA|OmniPath_DoRothEA_snapshot_2026-08-25|mouse|foxa3	OmniPath_DoRothEA	OmniPath_DoRothEA_snapshot_2026-08-25	mouse	Foxa3	foxa3	OmniPath_DoRothEA public regulon: Foxa3 (mouse)	candidate	public_source_membership	5	3	exclude	Candidate source grouping only; not an exhaustive or context-specific biological regulon and not part of the frozen mechanism bundle.
OmniPath_DoRothEA|OmniPath_DoRothEA_snapshot_2026-08-25|mouse|foxf1	OmniPath_DoRothEA	OmniPath_DoRothEA_snapshot_2026-08-25	mouse	Foxf1	foxf1	OmniPath_DoRothEA public regulon: Foxf1 (mouse)	candidate	public_source_membership	1	1	exclude	Candidate source grouping only; not an exhaustive or context-specific biological regulon and not part of the frozen mechanism bundle.
OmniPath_DoRothEA|OmniPath_DoRothEA_snapshot_2026-08-25|mouse|foxl2	OmniPath_DoRothEA	OmniPath_DoRothEA_snapshot_2026-08-25	mouse	Foxl2	foxl2	OmniPath_DoRothEA public regulon: Foxl2 (mouse)	candidate	public_source_membership	24	22	exclude	Candidate source grouping only; not an exhaustive or context-specific biological regulon and not part of the frozen mechanism bundle.
OmniPath_DoRothEA|OmniPath_DoRothEA_snapshot_2026-08-25|mouse|foxo1	OmniPath_DoRothEA	OmniPath_DoRothEA_snapshot_2026-08-25	mouse	Foxo1	foxo1	OmniPath_DoRothEA public regulon: Foxo1 (mouse)	candidate	public_source_membership	46	46	exclude	Candidate source grouping only; not an exhaustive or context-specific biological regulon and not part of the frozen mechanism bundle.
OmniPath_DoRothEA|OmniPath_DoRothEA_snapshot_2026-08-25|mouse|foxo3	OmniPath_DoRothEA	OmniPath_DoRothEA_snapshot_2026-08-25	mouse	Foxo3	foxo3	OmniPath_DoRothEA public regulon: Foxo3 (mouse)	candidate	public_source_membership	38	37	exclude	Candidate source grouping only; not an exhaustive or context-specific biological regulon and not part of the frozen mechanism bundle.
OmniPath_DoRothEA|OmniPath_DoRothEA_snapshot_2026-08-25|mouse|foxo4	OmniPath_DoRothEA	OmniPath_DoRothEA_snapshot_2026-08-25	mouse	Foxo4	foxo4	OmniPath_DoRothEA public regulon: Foxo4 (mouse)	candidate	public_source_membership	14	14	exclude	Candidate source grouping only; not an exhaustive or context-specific biological regulon and not part of the frozen mechanism bundle.
OmniPath_DoRothEA|OmniPath_DoRothEA_snapshot_2026-08-25|mouse|foxp2	OmniPath_DoRothEA	OmniPath_DoRothEA_snapshot_2026-08-25	mouse	Foxp2	foxp2	OmniPath_DoRothEA public regulon: Foxp2 (mouse)	candidate	public_source_membership	3	3	exclude	Candidate source grouping only; not an exhaustive or context-specific biological regulon and not part of the frozen mechanism bundle.
OmniPath_DoRothEA|OmniPath_DoRothEA_snapshot_2026-08-25|mouse|foxp3	OmniPath_DoRothEA	OmniPath_DoRothEA_snapshot_2026-08-25	mouse	Foxp3	foxp3	OmniPath_DoRothEA public regulon: Foxp3 (mouse)	candidate	public_source_membership	3	3	exclude	Candidate source grouping only; not an exhaustive or context-specific biological regulon and not part of the frozen mechanism bundle.
OmniPath_DoRothEA|OmniPath_DoRothEA_snapshot_2026-08-25|mouse|g3uw90	OmniPath_DoRothEA	OmniPath_DoRothEA_snapshot_2026-08-25	mouse	G3UW90	g3uw90	OmniPath_DoRothEA public regulon: G3UW90 (mouse)	candidate	public_source_membership	1	1	exclude	Candidate source grouping only; not an exhaustive or context-specific biological regulon and not part of the frozen mechanism bundle.
OmniPath_DoRothEA|OmniPath_DoRothEA_snapshot_2026-08-25|mouse|g3uyv8	OmniPath_DoRothEA	OmniPath_DoRothEA_snapshot_2026-08-25	mouse	G3UYV8	g3uyv8	OmniPath_DoRothEA public regulon: G3UYV8 (mouse)	candidate	public_source_membership	4	4	exclude	Candidate source grouping only; not an exhaustive or context-specific biological regulon and not part of the frozen mechanism bundle.
OmniPath_DoRothEA|OmniPath_DoRothEA_snapshot_2026-08-25|mouse|g3x8q7	OmniPath_DoRothEA	OmniPath_DoRothEA_snapshot_2026-08-25	mouse	G3X8Q7	g3x8q7	OmniPath_DoRothEA public regulon: G3X8Q7 (mouse)	candidate	public_source_membership	2	2	exclude	Candidate source grouping only; not an exhaustive or context-specific biological regulon and not part of the frozen mechanism bundle.
OmniPath_DoRothEA|OmniPath_DoRothEA_snapshot_2026-08-25|mouse|gabpa	OmniPath_DoRothEA	OmniPath_DoRothEA_snapshot_2026-08-25	mouse	Gabpa	gabpa	OmniPath_DoRothEA public regulon: Gabpa (mouse)	candidate	public_source_membership	2	2	exclude	Candidate source grouping only; not an exhaustive or context-specific biological regulon and not part of the frozen mechanism bundle.
OmniPath_DoRothEA|OmniPath_DoRothEA_snapshot_2026-08-25|mouse|gata1	OmniPath_DoRothEA	OmniPath_DoRothEA_snapshot_2026-08-25	mouse	Gata1	gata1	OmniPath_DoRothEA public regulon: Gata1 (mouse)	candidate	public_source_membership	16	15	exclude	Candidate source grouping only; not an exhaustive or context-specific biological regulon and not part of the frozen mechanism bundle.
OmniPath_DoRothEA|OmniPath_DoRothEA_snapshot_2026-08-25|mouse|gata2	OmniPath_DoRothEA	OmniPath_DoRothEA_snapshot_2026-08-25	mouse	Gata2	gata2	OmniPath_DoRothEA public regulon: Gata2 (mouse)	candidate	public_source_membership	409	402	exclude	Candidate source grouping only; not an exhaustive or context-specific biological regulon and not part of the frozen mechanism bundle.
OmniPath_DoRothEA|OmniPath_DoRothEA_snapshot_2026-08-25|mouse|gata3	OmniPath_DoRothEA	OmniPath_DoRothEA_snapshot_2026-08-25	mouse	Gata3	gata3	OmniPath_DoRothEA public regulon: Gata3 (mouse)	candidate	public_source_membership	441	431	exclude	Candidate source grouping only; not an exhaustive or context-specific biological regulon and not part of the frozen mechanism bundle.
OmniPath_DoRothEA|OmniPath_DoRothEA_snapshot_2026-08-25|mouse|gata4	OmniPath_DoRothEA	OmniPath_DoRothEA_snapshot_2026-08-25	mouse	Gata4	gata4	OmniPath_DoRothEA public regulon: Gata4 (mouse)	candidate	public_source_membership	6	6	exclude	Candidate source grouping only; not an exhaustive or context-specific biological regulon and not part of the frozen mechanism bundle.
OmniPath_DoRothEA|OmniPath_DoRothEA_snapshot_2026-08-25|mouse|gata6	OmniPath_DoRothEA	OmniPath_DoRothEA_snapshot_2026-08-25	mouse	Gata6	gata6	OmniPath_DoRothEA public regulon: Gata6 (mouse)	candidate	public_source_membership	4	4	exclude	Candidate source grouping only; not an exhaustive or context-specific biological regulon and not part of the frozen mechanism bundle.
OmniPath_DoRothEA|OmniPath_DoRothEA_snapshot_2026-08-25|mouse|gli1	OmniPath_DoRothEA	OmniPath_DoRothEA_snapshot_2026-08-25	mouse	Gli1	gli1	OmniPath_DoRothEA public regulon: Gli1 (mouse)	candidate	public_source_membership	6	6	exclude	Candidate source grouping only; not an exhaustive or context-specific biological regulon and not part of the frozen mechanism bundle.
OmniPath_DoRothEA|OmniPath_DoRothEA_snapshot_2026-08-25|mouse|gli2	OmniPath_DoRothEA	OmniPath_DoRothEA_snapshot_2026-08-25	mouse	Gli2	gli2	OmniPath_DoRothEA public regulon: Gli2 (mouse)	candidate	public_source_membership	16	16	exclude	Candidate source grouping only; not an exhaustive or context-specific biological regulon and not part of the frozen mechanism bundle.
OmniPath_DoRothEA|OmniPath_DoRothEA_snapshot_2026-08-25|mouse|gli3	OmniPath_DoRothEA	OmniPath_DoRothEA_snapshot_2026-08-25	mouse	Gli3	gli3	OmniPath_DoRothEA public regulon: Gli3 (mouse)	candidate	public_source_membership	1	1	exclude	Candidate source grouping only; not an exhaustive or context-specific biological regulon and not part of the frozen mechanism bundle.
OmniPath_DoRothEA|OmniPath_DoRothEA_snapshot_2026-08-25|mouse|grhl2	OmniPath_DoRothEA	OmniPath_DoRothEA_snapshot_2026-08-25	mouse	Grhl2	grhl2	OmniPath_DoRothEA public regulon: Grhl2 (mouse)	candidate	public_source_membership	2	2	exclude	Candidate source grouping only; not an exhaustive or context-specific biological regulon and not part of the frozen mechanism bundle.
OmniPath_DoRothEA|OmniPath_DoRothEA_snapshot_2026-08-25|mouse|gtf2i	OmniPath_DoRothEA	OmniPath_DoRothEA_snapshot_2026-08-25	mouse	Gtf2i	gtf2i	OmniPath_DoRothEA public regulon: Gtf2i (mouse)	candidate	public_source_membership	1	1	exclude	Candidate source grouping only; not an exhaustive or context-specific biological regulon and not part of the frozen mechanism bundle.
OmniPath_DoRothEA|OmniPath_DoRothEA_snapshot_2026-08-25|mouse|h3bj24	OmniPath_DoRothEA	OmniPath_DoRothEA_snapshot_2026-08-25	mouse	H3BJ24	h3bj24	OmniPath_DoRothEA public regulon: H3BJ24 (mouse)	candidate	public_source_membership	162	155	exclude	Candidate source grouping only; not an exhaustive or context-specific biological regulon and not part of the frozen mechanism bundle.
OmniPath_DoRothEA|OmniPath_DoRothEA_snapshot_2026-08-25|mouse|h3bkm3	OmniPath_DoRothEA	OmniPath_DoRothEA_snapshot_2026-08-25	mouse	H3BKM3	h3bkm3	OmniPath_DoRothEA public regulon: H3BKM3 (mouse)	candidate	public_source_membership	2	2	exclude	Candidate source grouping only; not an exhaustive or context-specific biological regulon and not part of the frozen mechanism bundle.
OmniPath_DoRothEA|OmniPath_DoRothEA_snapshot_2026-08-25|mouse|hes1	OmniPath_DoRothEA	OmniPath_DoRothEA_snapshot_2026-08-25	mouse	Hes1	hes1	OmniPath_DoRothEA public regulon: Hes1 (mouse)	candidate	public_source_membership	4	4	exclude	Candidate source grouping only; not an exhaustive or context-specific biological regulon and not part of the frozen mechanism bundle.
OmniPath_DoRothEA|OmniPath_DoRothEA_snapshot_2026-08-25|mouse|hey2	OmniPath_DoRothEA	OmniPath_DoRothEA_snapshot_2026-08-25	mouse	Hey2	hey2	OmniPath_DoRothEA public regulon: Hey2 (mouse)	candidate	public_source_membership	2	2	exclude	Candidate source grouping only; not an exhaustive or context-specific biological regulon and not part of the frozen mechanism bundle.
OmniPath_DoRothEA|OmniPath_DoRothEA_snapshot_2026-08-25|mouse|hhex	OmniPath_DoRothEA	OmniPath_DoRothEA_snapshot_2026-08-25	mouse	Hhex	hhex	OmniPath_DoRothEA public regulon: Hhex (mouse)	candidate	public_source_membership	2	2	exclude	Candidate source grouping only; not an exhaustive or context-specific biological regulon and not part of the frozen mechanism bundle.
OmniPath_DoRothEA|OmniPath_DoRothEA_snapshot_2026-08-25|mouse|hic1	OmniPath_DoRothEA	OmniPath_DoRothEA_snapshot_2026-08-25	mouse	Hic1	hic1	OmniPath_DoRothEA public regulon: Hic1 (mouse)	candidate	public_source_membership	7	7	exclude	Candidate source grouping only; not an exhaustive or context-specific biological regulon and not part of the frozen mechanism bundle.
OmniPath_DoRothEA|OmniPath_DoRothEA_snapshot_2026-08-25|mouse|hif1a	OmniPath_DoRothEA	OmniPath_DoRothEA_snapshot_2026-08-25	mouse	Hif1a	hif1a	OmniPath_DoRothEA public regulon: Hif1a (mouse)	candidate	public_source_membership	194	189	exclude	Candidate source grouping only; not an exhaustive or context-specific biological regulon and not part of the frozen mechanism bundle.
OmniPath_DoRothEA|OmniPath_DoRothEA_snapshot_2026-08-25|mouse|hlf	OmniPath_DoRothEA	OmniPath_DoRothEA_snapshot_2026-08-25	mouse	Hlf	hlf	OmniPath_DoRothEA public regulon: Hlf (mouse)	candidate	public_source_membership	2	2	exclude	Candidate source grouping only; not an exhaustive or context-specific biological regulon and not part of the frozen mechanism bundle.
OmniPath_DoRothEA|OmniPath_DoRothEA_snapshot_2026-08-25|mouse|hmga1	OmniPath_DoRothEA	OmniPath_DoRothEA_snapshot_2026-08-25	mouse	Hmga1	hmga1	OmniPath_DoRothEA public regulon: Hmga1 (mouse)	candidate	public_source_membership	1	1	exclude	Candidate source grouping only; not an exhaustive or context-specific biological regulon and not part of the frozen mechanism bundle.
OmniPath_DoRothEA|OmniPath_DoRothEA_snapshot_2026-08-25|mouse|hnf4a	OmniPath_DoRothEA	OmniPath_DoRothEA_snapshot_2026-08-25	mouse	Hnf4a	hnf4a	OmniPath_DoRothEA public regulon: Hnf4a (mouse)	candidate	public_source_membership	534	509	exclude	Candidate source grouping only; not an exhaustive or context-specific biological regulon and not part of the frozen mechanism bundle.
OmniPath_DoRothEA|OmniPath_DoRothEA_snapshot_2026-08-25|mouse|hoxa10	OmniPath_DoRothEA	OmniPath_DoRothEA_snapshot_2026-08-25	mouse	Hoxa10	hoxa10	OmniPath_DoRothEA public regulon: Hoxa10 (mouse)	candidate	public_source_membership	4	4	exclude	Candidate source grouping only; not an exhaustive or context-specific biological regulon and not part of the frozen mechanism bundle.
OmniPath_DoRothEA|OmniPath_DoRothEA_snapshot_2026-08-25|mouse|hoxa11	OmniPath_DoRothEA	OmniPath_DoRothEA_snapshot_2026-08-25	mouse	Hoxa11	hoxa11	OmniPath_DoRothEA public regulon: Hoxa11 (mouse)	candidate	public_source_membership	1	1	exclude	Candidate source grouping only; not an exhaustive or context-specific biological regulon and not part of the frozen mechanism bundle.
OmniPath_DoRothEA|OmniPath_DoRothEA_snapshot_2026-08-25|mouse|hoxa5	OmniPath_DoRothEA	OmniPath_DoRothEA_snapshot_2026-08-25	mouse	Hoxa5	hoxa5	OmniPath_DoRothEA public regulon: Hoxa5 (mouse)	candidate	public_source_membership	3	3	exclude	Candidate source grouping only; not an exhaustive or context-specific biological regulon and not part of the frozen mechanism bundle.
OmniPath_DoRothEA|OmniPath_DoRothEA_snapshot_2026-08-25|mouse|hoxb13	OmniPath_DoRothEA	OmniPath_DoRothEA_snapshot_2026-08-25	mouse	Hoxb13	hoxb13	OmniPath_DoRothEA public regulon: Hoxb13 (mouse)	candidate	public_source_membership	1	1	exclude	Candidate source grouping only; not an exhaustive or context-specific biological regulon and not part of the frozen mechanism bundle.
OmniPath_DoRothEA|OmniPath_DoRothEA_snapshot_2026-08-25|mouse|hoxb7	OmniPath_DoRothEA	OmniPath_DoRothEA_snapshot_2026-08-25	mouse	Hoxb7	hoxb7	OmniPath_DoRothEA public regulon: Hoxb7 (mouse)	candidate	public_source_membership	1	1	exclude	Candidate source grouping only; not an exhaustive or context-specific biological regulon and not part of the frozen mechanism bundle.
OmniPath_DoRothEA|OmniPath_DoRothEA_snapshot_2026-08-25|mouse|hoxc11	OmniPath_DoRothEA	OmniPath_DoRothEA_snapshot_2026-08-25	mouse	Hoxc11	hoxc11	OmniPath_DoRothEA public regulon: Hoxc11 (mouse)	candidate	public_source_membership	1	1	exclude	Candidate source grouping only; not an exhaustive or context-specific biological regulon and not part of the frozen mechanism bundle.
OmniPath_DoRothEA|OmniPath_DoRothEA_snapshot_2026-08-25|mouse|hoxc8	OmniPath_DoRothEA	OmniPath_DoRothEA_snapshot_2026-08-25	mouse	Hoxc8	hoxc8	OmniPath_DoRothEA public regulon: Hoxc8 (mouse)	candidate	public_source_membership	1	1	exclude	Candidate source grouping only; not an exhaustive or context-specific biological regulon and not part of the frozen mechanism bundle.
OmniPath_DoRothEA|OmniPath_DoRothEA_snapshot_2026-08-25|mouse|hoxd3	OmniPath_DoRothEA	OmniPath_DoRothEA_snapshot_2026-08-25	mouse	Hoxd3	hoxd3	OmniPath_DoRothEA public regulon: Hoxd3 (mouse)	candidate	public_source_membership	3	3	exclude	Candidate source grouping only; not an exhaustive or context-specific biological regulon and not part of the frozen mechanism bundle.
OmniPath_DoRothEA|OmniPath_DoRothEA_snapshot_2026-08-25|mouse|hsf1	OmniPath_DoRothEA	OmniPath_DoRothEA_snapshot_2026-08-25	mouse	Hsf1	hsf1	OmniPath_DoRothEA public regulon: Hsf1 (mouse)	candidate	public_source_membership	9	8	exclude	Candidate source grouping only; not an exhaustive or context-specific biological regulon and not part of the frozen mechanism bundle.
OmniPath_DoRothEA|OmniPath_DoRothEA_snapshot_2026-08-25|mouse|hsf2	OmniPath_DoRothEA	OmniPath_DoRothEA_snapshot_2026-08-25	mouse	Hsf2	hsf2	OmniPath_DoRothEA public regulon: Hsf2 (mouse)	candidate	public_source_membership	3	2	exclude	Candidate source grouping only; not an exhaustive or context-specific biological regulon and not part of the frozen mechanism bundle.
OmniPath_DoRothEA|OmniPath_DoRothEA_snapshot_2026-08-25|mouse|insm1	OmniPath_DoRothEA	OmniPath_DoRothEA_snapshot_2026-08-25	mouse	Insm1	insm1	OmniPath_DoRothEA public regulon: Insm1 (mouse)	candidate	public_source_membership	4	4	exclude	Candidate source grouping only; not an exhaustive or context-specific biological regulon and not part of the frozen mechanism bundle.
OmniPath_DoRothEA|OmniPath_DoRothEA_snapshot_2026-08-25|mouse|irf1	OmniPath_DoRothEA	OmniPath_DoRothEA_snapshot_2026-08-25	mouse	Irf1	irf1	OmniPath_DoRothEA public regulon: Irf1 (mouse)	candidate	public_source_membership	62	54	exclude	Candidate source grouping only; not an exhaustive or context-specific biological regulon and not part of the frozen mechanism bundle.
OmniPath_DoRothEA|OmniPath_DoRothEA_snapshot_2026-08-25|mouse|irf2	OmniPath_DoRothEA	OmniPath_DoRothEA_snapshot_2026-08-25	mouse	Irf2	irf2	OmniPath_DoRothEA public regulon: Irf2 (mouse)	candidate	public_source_membership	11	10	exclude	Candidate source grouping only; not an exhaustive or context-specific biological regulon and not part of the frozen mechanism bundle.
OmniPath_DoRothEA|OmniPath_DoRothEA_snapshot_2026-08-25|mouse|irf3	OmniPath_DoRothEA	OmniPath_DoRothEA_snapshot_2026-08-25	mouse	Irf3	irf3	OmniPath_DoRothEA public regulon: Irf3 (mouse)	candidate	public_source_membership	20	14	exclude	Candidate source grouping only; not an exhaustive or context-specific biological regulon and not part of the frozen mechanism bundle.
OmniPath_DoRothEA|OmniPath_DoRothEA_snapshot_2026-08-25|mouse|irf4	OmniPath_DoRothEA	OmniPath_DoRothEA_snapshot_2026-08-25	mouse	Irf4	irf4	OmniPath_DoRothEA public regulon: Irf4 (mouse)	candidate	public_source_membership	6	6	exclude	Candidate source grouping only; not an exhaustive or context-specific biological regulon and not part of the frozen mechanism bundle.
OmniPath_DoRothEA|OmniPath_DoRothEA_snapshot_2026-08-25|mouse|irf5	OmniPath_DoRothEA	OmniPath_DoRothEA_snapshot_2026-08-25	mouse	Irf5	irf5	OmniPath_DoRothEA public regulon: Irf5 (mouse)	candidate	public_source_membership	1	1	exclude	Candidate source grouping only; not an exhaustive or context-specific biological regulon and not part of the frozen mechanism bundle.
OmniPath_DoRothEA|OmniPath_DoRothEA_snapshot_2026-08-25|mouse|irf7	OmniPath_DoRothEA	OmniPath_DoRothEA_snapshot_2026-08-25	mouse	Irf7	irf7	OmniPath_DoRothEA public regulon: Irf7 (mouse)	candidate	public_source_membership	16	10	exclude	Candidate source grouping only; not an exhaustive or context-specific biological regulon and not part of the frozen mechanism bundle.
OmniPath_DoRothEA|OmniPath_DoRothEA_snapshot_2026-08-25|mouse|irf8	OmniPath_DoRothEA	OmniPath_DoRothEA_snapshot_2026-08-25	mouse	Irf8	irf8	OmniPath_DoRothEA public regulon: Irf8 (mouse)	candidate	public_source_membership	7	7	exclude	Candidate source grouping only; not an exhaustive or context-specific biological regulon and not part of the frozen mechanism bundle.
OmniPath_DoRothEA|OmniPath_DoRothEA_snapshot_2026-08-25|mouse|jun	OmniPath_DoRothEA	OmniPath_DoRothEA_snapshot_2026-08-25	mouse	Jun	jun	OmniPath_DoRothEA public regulon: Jun (mouse)	candidate	public_source_membership	128	117	exclude	Candidate source grouping only; not an exhaustive or context-specific biological regulon and not part of the frozen mechanism bundle.
OmniPath_DoRothEA|OmniPath_DoRothEA_snapshot_2026-08-25|mouse|junb	OmniPath_DoRothEA	OmniPath_DoRothEA_snapshot_2026-08-25	mouse	Junb	junb	OmniPath_DoRothEA public regulon: Junb (mouse)	candidate	public_source_membership	6	6	exclude	Candidate source grouping only; not an exhaustive or context-specific biological regulon and not part of the frozen mechanism bundle.
OmniPath_DoRothEA|OmniPath_DoRothEA_snapshot_2026-08-25|mouse|jund	OmniPath_DoRothEA	OmniPath_DoRothEA_snapshot_2026-08-25	mouse	Jund	jund	OmniPath_DoRothEA public regulon: Jund (mouse)	candidate	public_source_membership	28	24	exclude	Candidate source grouping only; not an exhaustive or context-specific biological regulon and not part of the frozen mechanism bundle.
OmniPath_DoRothEA|OmniPath_DoRothEA_snapshot_2026-08-25|mouse|kdm5b	OmniPath_DoRothEA	OmniPath_DoRothEA_snapshot_2026-08-25	mouse	Kdm5b	kdm5b	OmniPath_DoRothEA public regulon: Kdm5b (mouse)	candidate	public_source_membership	1	0	exclude	Candidate source grouping only; not an exhaustive or context-specific biological regulon and not part of the frozen mechanism bundle.
OmniPath_DoRothEA|OmniPath_DoRothEA_snapshot_2026-08-25|mouse|klf10	OmniPath_DoRothEA	OmniPath_DoRothEA_snapshot_2026-08-25	mouse	Klf10	klf10	OmniPath_DoRothEA public regulon: Klf10 (mouse)	candidate	public_source_membership	1	1	exclude	Candidate source grouping only; not an exhaustive or context-specific biological regulon and not part of the frozen mechanism bundle.
OmniPath_DoRothEA|OmniPath_DoRothEA_snapshot_2026-08-25|mouse|klf11	OmniPath_DoRothEA	OmniPath_DoRothEA_snapshot_2026-08-25	mouse	Klf11	klf11	OmniPath_DoRothEA public regulon: Klf11 (mouse)	candidate	public_source_membership	3	3	exclude	Candidate source grouping only; not an exhaustive or context-specific biological regulon and not part of the frozen mechanism bundle.
OmniPath_DoRothEA|OmniPath_DoRothEA_snapshot_2026-08-25|mouse|klf15	OmniPath_DoRothEA	OmniPath_DoRothEA_snapshot_2026-08-25	mouse	Klf15	klf15	OmniPath_DoRothEA public regulon: Klf15 (mouse)	candidate	public_source_membership	1	1	exclude	Candidate source grouping only; not an exhaustive or context-specific biological regulon and not part of the frozen mechanism bundle.
OmniPath_DoRothEA|OmniPath_DoRothEA_snapshot_2026-08-25|mouse|klf2	OmniPath_DoRothEA	OmniPath_DoRothEA_snapshot_2026-08-25	mouse	Klf2	klf2	OmniPath_DoRothEA public regulon: Klf2 (mouse)	candidate	public_source_membership	2	2	exclude	Candidate source grouping only; not an exhaustive or context-specific biological regulon and not part of the frozen mechanism bundle.
OmniPath_DoRothEA|OmniPath_DoRothEA_snapshot_2026-08-25|mouse|klf4	OmniPath_DoRothEA	OmniPath_DoRothEA_snapshot_2026-08-25	mouse	Klf4	klf4	OmniPath_DoRothEA public regulon: Klf4 (mouse)	candidate	public_source_membership	11	11	exclude	Candidate source grouping only; not an exhaustive or context-specific biological regulon and not part of the frozen mechanism bundle.
OmniPath_DoRothEA|OmniPath_DoRothEA_snapshot_2026-08-25|mouse|klf5	OmniPath_DoRothEA	OmniPath_DoRothEA_snapshot_2026-08-25	mouse	Klf5	klf5	OmniPath_DoRothEA public regulon: Klf5 (mouse)	candidate	public_source_membership	7	7	exclude	Candidate source grouping only; not an exhaustive or context-specific biological regulon and not part of the frozen mechanism bundle.
OmniPath_DoRothEA|OmniPath_DoRothEA_snapshot_2026-08-25|mouse|kmt2a	OmniPath_DoRothEA	OmniPath_DoRothEA_snapshot_2026-08-25	mouse	Kmt2a	kmt2a	OmniPath_DoRothEA public regulon: Kmt2a (mouse)	candidate	public_source_membership	12	12	exclude	Candidate source grouping only; not an exhaustive or context-specific biological regulon and not part of the frozen mechanism bundle.
OmniPath_DoRothEA|OmniPath_DoRothEA_snapshot_2026-08-25|mouse|lef1	OmniPath_DoRothEA	OmniPath_DoRothEA_snapshot_2026-08-25	mouse	Lef1	lef1	OmniPath_DoRothEA public regulon: Lef1 (mouse)	candidate	public_source_membership	23	22	exclude	Candidate source grouping only; not an exhaustive or context-specific biological regulon and not part of the frozen mechanism bundle.
OmniPath_DoRothEA|OmniPath_DoRothEA_snapshot_2026-08-25|mouse|lhx3	OmniPath_DoRothEA	OmniPath_DoRothEA_snapshot_2026-08-25	mouse	Lhx3	lhx3	OmniPath_DoRothEA public regulon: Lhx3 (mouse)	candidate	public_source_membership	3	3	exclude	Candidate source grouping only; not an exhaustive or context-specific biological regulon and not part of the frozen mechanism bundle.
OmniPath_DoRothEA|OmniPath_DoRothEA_snapshot_2026-08-25|mouse|lhx4	OmniPath_DoRothEA	OmniPath_DoRothEA_snapshot_2026-08-25	mouse	Lhx4	lhx4	OmniPath_DoRothEA public regulon: Lhx4 (mouse)	candidate	public_source_membership	5	5	exclude	Candidate source grouping only; not an exhaustive or context-specific biological regulon and not part of the frozen mechanism bundle.
OmniPath_DoRothEA|OmniPath_DoRothEA_snapshot_2026-08-25|mouse|lyl1	OmniPath_DoRothEA	OmniPath_DoRothEA_snapshot_2026-08-25	mouse	Lyl1	lyl1	OmniPath_DoRothEA public regulon: Lyl1 (mouse)	candidate	public_source_membership	4	4	exclude	Candidate source grouping only; not an exhaustive or context-specific biological regulon and not part of the frozen mechanism bundle.
OmniPath_DoRothEA|OmniPath_DoRothEA_snapshot_2026-08-25|mouse|maf	OmniPath_DoRothEA	OmniPath_DoRothEA_snapshot_2026-08-25	mouse	Maf	maf	OmniPath_DoRothEA public regulon: Maf (mouse)	candidate	public_source_membership	7	7	exclude	Candidate source grouping only; not an exhaustive or context-specific biological regulon and not part of the frozen mechanism bundle.
OmniPath_DoRothEA|OmniPath_DoRothEA_snapshot_2026-08-25|mouse|mafa	OmniPath_DoRothEA	OmniPath_DoRothEA_snapshot_2026-08-25	mouse	Mafa	mafa	OmniPath_DoRothEA public regulon: Mafa (mouse)	candidate	public_source_membership	2	2	exclude	Candidate source grouping only; not an exhaustive or context-specific biological regulon and not part of the frozen mechanism bundle.
OmniPath_DoRothEA|OmniPath_DoRothEA_snapshot_2026-08-25|mouse|mafb	OmniPath_DoRothEA	OmniPath_DoRothEA_snapshot_2026-08-25	mouse	Mafb	mafb	OmniPath_DoRothEA public regulon: Mafb (mouse)	candidate	public_source_membership	2	2	exclude	Candidate source grouping only; not an exhaustive or context-specific biological regulon and not part of the frozen mechanism bundle.
OmniPath_DoRothEA|OmniPath_DoRothEA_snapshot_2026-08-25|mouse|maff	OmniPath_DoRothEA	OmniPath_DoRothEA_snapshot_2026-08-25	mouse	Maff	maff	OmniPath_DoRothEA public regulon: Maff (mouse)	candidate	public_source_membership	1	1	exclude	Candidate source grouping only; not an exhaustive or context-specific biological regulon and not part of the frozen mechanism bundle.
OmniPath_DoRothEA|OmniPath_DoRothEA_snapshot_2026-08-25|mouse|mafg	OmniPath_DoRothEA	OmniPath_DoRothEA_snapshot_2026-08-25	mouse	Mafg	mafg	OmniPath_DoRothEA public regulon: Mafg (mouse)	candidate	public_source_membership	1	1	exclude	Candidate source grouping only; not an exhaustive or context-specific biological regulon and not part of the frozen mechanism bundle.
OmniPath_DoRothEA|OmniPath_DoRothEA_snapshot_2026-08-25|mouse|mafk	OmniPath_DoRothEA	OmniPath_DoRothEA_snapshot_2026-08-25	mouse	Mafk	mafk	OmniPath_DoRothEA public regulon: Mafk (mouse)	candidate	public_source_membership	1	1	exclude	Candidate source grouping only; not an exhaustive or context-specific biological regulon and not part of the frozen mechanism bundle.
OmniPath_DoRothEA|OmniPath_DoRothEA_snapshot_2026-08-25|mouse|max	OmniPath_DoRothEA	OmniPath_DoRothEA_snapshot_2026-08-25	mouse	Max	max	OmniPath_DoRothEA public regulon: Max (mouse)	candidate	public_source_membership	5	5	exclude	Candidate source grouping only; not an exhaustive or context-specific biological regulon and not part of the frozen mechanism bundle.
OmniPath_DoRothEA|OmniPath_DoRothEA_snapshot_2026-08-25|mouse|mbd2	OmniPath_DoRothEA	OmniPath_DoRothEA_snapshot_2026-08-25	mouse	Mbd2	mbd2	OmniPath_DoRothEA public regulon: Mbd2 (mouse)	candidate	public_source_membership	1	1	exclude	Candidate source grouping only; not an exhaustive or context-specific biological regulon and not part of the frozen mechanism bundle.
OmniPath_DoRothEA|OmniPath_DoRothEA_snapshot_2026-08-25|mouse|mbd3	OmniPath_DoRothEA	OmniPath_DoRothEA_snapshot_2026-08-25	mouse	Mbd3	mbd3	OmniPath_DoRothEA public regulon: Mbd3 (mouse)	candidate	public_source_membership	1	1	exclude	Candidate source grouping only; not an exhaustive or context-specific biological regulon and not part of the frozen mechanism bundle.
OmniPath_DoRothEA|OmniPath_DoRothEA_snapshot_2026-08-25|mouse|mecp2	OmniPath_DoRothEA	OmniPath_DoRothEA_snapshot_2026-08-25	mouse	Mecp2	mecp2	OmniPath_DoRothEA public regulon: Mecp2 (mouse)	candidate	public_source_membership	1	1	exclude	Candidate source grouping only; not an exhaustive or context-specific biological regulon and not part of the frozen mechanism bundle.
OmniPath_DoRothEA|OmniPath_DoRothEA_snapshot_2026-08-25|mouse|mef2a	OmniPath_DoRothEA	OmniPath_DoRothEA_snapshot_2026-08-25	mouse	Mef2a	mef2a	OmniPath_DoRothEA public regulon: Mef2a (mouse)	candidate	public_source_membership	6	6	exclude	Candidate source grouping only; not an exhaustive or context-specific biological regulon and not part of the frozen mechanism bundle.
OmniPath_DoRothEA|OmniPath_DoRothEA_snapshot_2026-08-25|mouse|meis2	OmniPath_DoRothEA	OmniPath_DoRothEA_snapshot_2026-08-25	mouse	Meis2	meis2	OmniPath_DoRothEA public regulon: Meis2 (mouse)	candidate	public_source_membership	3	3	exclude	Candidate source grouping only; not an exhaustive or context-specific biological regulon and not part of the frozen mechanism bundle.
OmniPath_DoRothEA|OmniPath_DoRothEA_snapshot_2026-08-25|mouse|mitf	OmniPath_DoRothEA	OmniPath_DoRothEA_snapshot_2026-08-25	mouse	Mitf	mitf	OmniPath_DoRothEA public regulon: Mitf (mouse)	candidate	public_source_membership	399	381	exclude	Candidate source grouping only; not an exhaustive or context-specific biological regulon and not part of the frozen mechanism bundle.
OmniPath_DoRothEA|OmniPath_DoRothEA_snapshot_2026-08-25|mouse|mnt	OmniPath_DoRothEA	OmniPath_DoRothEA_snapshot_2026-08-25	mouse	Mnt	mnt	OmniPath_DoRothEA public regulon: Mnt (mouse)	candidate	public_source_membership	3	3	exclude	Candidate source grouping only; not an exhaustive or context-specific biological regulon and not part of the frozen mechanism bundle.
OmniPath_DoRothEA|OmniPath_DoRothEA_snapshot_2026-08-25|mouse|msc	OmniPath_DoRothEA	OmniPath_DoRothEA_snapshot_2026-08-25	mouse	Msc	msc	OmniPath_DoRothEA public regulon: Msc (mouse)	candidate	public_source_membership	2	2	exclude	Candidate source grouping only; not an exhaustive or context-specific biological regulon and not part of the frozen mechanism bundle.
OmniPath_DoRothEA|OmniPath_DoRothEA_snapshot_2026-08-25|mouse|mxi1	OmniPath_DoRothEA	OmniPath_DoRothEA_snapshot_2026-08-25	mouse	Mxi1	mxi1	OmniPath_DoRothEA public regulon: Mxi1 (mouse)	candidate	public_source_membership	4	4	exclude	Candidate source grouping only; not an exhaustive or context-specific biological regulon and not part of the frozen mechanism bundle.
OmniPath_DoRothEA|OmniPath_DoRothEA_snapshot_2026-08-25|mouse|mybl2	OmniPath_DoRothEA	OmniPath_DoRothEA_snapshot_2026-08-25	mouse	Mybl2	mybl2	OmniPath_DoRothEA public regulon: Mybl2 (mouse)	candidate	public_source_membership	2	2	exclude	Candidate source grouping only; not an exhaustive or context-specific biological regulon and not part of the frozen mechanism bundle.
OmniPath_DoRothEA|OmniPath_DoRothEA_snapshot_2026-08-25|mouse|myc	OmniPath_DoRothEA	OmniPath_DoRothEA_snapshot_2026-08-25	mouse	Myc	myc	OmniPath_DoRothEA public regulon: Myc (mouse)	candidate	public_source_membership	378	360	exclude	Candidate source grouping only; not an exhaustive or context-specific biological regulon and not part of the frozen mechanism bundle.
OmniPath_DoRothEA|OmniPath_DoRothEA_snapshot_2026-08-25|mouse|mycn	OmniPath_DoRothEA	OmniPath_DoRothEA_snapshot_2026-08-25	mouse	Mycn	mycn	OmniPath_DoRothEA public regulon: Mycn (mouse)	candidate	public_source_membership	19	19	exclude	Candidate source grouping only; not an exhaustive or context-specific biological regulon and not part of the frozen mechanism bundle.
OmniPath_DoRothEA|OmniPath_DoRothEA_snapshot_2026-08-25|mouse|myf6	OmniPath_DoRothEA	OmniPath_DoRothEA_snapshot_2026-08-25	mouse	Myf6	myf6	OmniPath_DoRothEA public regulon: Myf6 (mouse)	candidate	public_source_membership	1	1	exclude	Candidate source grouping only; not an exhaustive or context-specific biological regulon and not part of the frozen mechanism bundle.
OmniPath_DoRothEA|OmniPath_DoRothEA_snapshot_2026-08-25|mouse|myod1	OmniPath_DoRothEA	OmniPath_DoRothEA_snapshot_2026-08-25	mouse	Myod1	myod1	OmniPath_DoRothEA public regulon: Myod1 (mouse)	candidate	public_source_membership	2	2	exclude	Candidate source grouping only; not an exhaustive or context-specific biological regulon and not part of the frozen mechanism bundle.
OmniPath_DoRothEA|OmniPath_DoRothEA_snapshot_2026-08-25|mouse|myog	OmniPath_DoRothEA	OmniPath_DoRothEA_snapshot_2026-08-25	mouse	Myog	myog	OmniPath_DoRothEA public regulon: Myog (mouse)	candidate	public_source_membership	1	1	exclude	Candidate source grouping only; not an exhaustive or context-specific biological regulon and not part of the frozen mechanism bundle.
OmniPath_DoRothEA|OmniPath_DoRothEA_snapshot_2026-08-25|mouse|nanog	OmniPath_DoRothEA	OmniPath_DoRothEA_snapshot_2026-08-25	mouse	Nanog	nanog	OmniPath_DoRothEA public regulon: Nanog (mouse)	candidate	public_source_membership	8	8	exclude	Candidate source grouping only; not an exhaustive or context-specific biological regulon and not part of the frozen mechanism bundle.
OmniPath_DoRothEA|OmniPath_DoRothEA_snapshot_2026-08-25|mouse|neurod1	OmniPath_DoRothEA	OmniPath_DoRothEA_snapshot_2026-08-25	mouse	Neurod1	neurod1	OmniPath_DoRothEA public regulon: Neurod1 (mouse)	candidate	public_source_membership	3	3	exclude	Candidate source grouping only; not an exhaustive or context-specific biological regulon and not part of the frozen mechanism bundle.
OmniPath_DoRothEA|OmniPath_DoRothEA_snapshot_2026-08-25|mouse|neurog3	OmniPath_DoRothEA	OmniPath_DoRothEA_snapshot_2026-08-25	mouse	Neurog3	neurog3	OmniPath_DoRothEA public regulon: Neurog3 (mouse)	candidate	public_source_membership	1	1	exclude	Candidate source grouping only; not an exhaustive or context-specific biological regulon and not part of the frozen mechanism bundle.
OmniPath_DoRothEA|OmniPath_DoRothEA_snapshot_2026-08-25|mouse|nfat5	OmniPath_DoRothEA	OmniPath_DoRothEA_snapshot_2026-08-25	mouse	Nfat5	nfat5	OmniPath_DoRothEA public regulon: Nfat5 (mouse)	candidate	public_source_membership	2	2	exclude	Candidate source grouping only; not an exhaustive or context-specific biological regulon and not part of the frozen mechanism bundle.
OmniPath_DoRothEA|OmniPath_DoRothEA_snapshot_2026-08-25|mouse|nfatc2	OmniPath_DoRothEA	OmniPath_DoRothEA_snapshot_2026-08-25	mouse	Nfatc2	nfatc2	OmniPath_DoRothEA public regulon: Nfatc2 (mouse)	candidate	public_source_membership	10	10	exclude	Candidate source grouping only; not an exhaustive or context-specific biological regulon and not part of the frozen mechanism bundle.
OmniPath_DoRothEA|OmniPath_DoRothEA_snapshot_2026-08-25|mouse|nfe2l1	OmniPath_DoRothEA	OmniPath_DoRothEA_snapshot_2026-08-25	mouse	Nfe2l1	nfe2l1	OmniPath_DoRothEA public regulon: Nfe2l1 (mouse)	candidate	public_source_membership	1	0	exclude	Candidate source grouping only; not an exhaustive or context-specific biological regulon and not part of the frozen mechanism bundle.
OmniPath_DoRothEA|OmniPath_DoRothEA_snapshot_2026-08-25|mouse|nfe2l2	OmniPath_DoRothEA	OmniPath_DoRothEA_snapshot_2026-08-25	mouse	Nfe2l2	nfe2l2	OmniPath_DoRothEA public regulon: Nfe2l2 (mouse)	candidate	public_source_membership	13	12	exclude	Candidate source grouping only; not an exhaustive or context-specific biological regulon and not part of the frozen mechanism bundle.
OmniPath_DoRothEA|OmniPath_DoRothEA_snapshot_2026-08-25|mouse|nfia	OmniPath_DoRothEA	OmniPath_DoRothEA_snapshot_2026-08-25	mouse	Nfia	nfia	OmniPath_DoRothEA public regulon: Nfia (mouse)	candidate	public_source_membership	3	3	exclude	Candidate source grouping only; not an exhaustive or context-specific biological regulon and not part of the frozen mechanism bundle.
OmniPath_DoRothEA|OmniPath_DoRothEA_snapshot_2026-08-25|mouse|nfic	OmniPath_DoRothEA	OmniPath_DoRothEA_snapshot_2026-08-25	mouse	Nfic	nfic	OmniPath_DoRothEA public regulon: Nfic (mouse)	candidate	public_source_membership	30	30	exclude	Candidate source grouping only; not an exhaustive or context-specific biological regulon and not part of the frozen mechanism bundle.
OmniPath_DoRothEA|OmniPath_DoRothEA_snapshot_2026-08-25|mouse|nfil3	OmniPath_DoRothEA	OmniPath_DoRothEA_snapshot_2026-08-25	mouse	Nfil3	nfil3	OmniPath_DoRothEA public regulon: Nfil3 (mouse)	candidate	public_source_membership	1	1	exclude	Candidate source grouping only; not an exhaustive or context-specific biological regulon and not part of the frozen mechanism bundle.
OmniPath_DoRothEA|OmniPath_DoRothEA_snapshot_2026-08-25|mouse|nfkb1	OmniPath_DoRothEA	OmniPath_DoRothEA_snapshot_2026-08-25	mouse	Nfkb1	nfkb1	OmniPath_DoRothEA public regulon: Nfkb1 (mouse)	candidate	public_source_membership	195	183	exclude	Candidate source grouping only; not an exhaustive or context-specific biological regulon and not part of the frozen mechanism bundle.
OmniPath_DoRothEA|OmniPath_DoRothEA_snapshot_2026-08-25|mouse|nfkb2	OmniPath_DoRothEA	OmniPath_DoRothEA_snapshot_2026-08-25	mouse	Nfkb2	nfkb2	OmniPath_DoRothEA public regulon: Nfkb2 (mouse)	candidate	public_source_membership	17	17	exclude	Candidate source grouping only; not an exhaustive or context-specific biological regulon and not part of the frozen mechanism bundle.
OmniPath_DoRothEA|OmniPath_DoRothEA_snapshot_2026-08-25|mouse|nfya	OmniPath_DoRothEA	OmniPath_DoRothEA_snapshot_2026-08-25	mouse	Nfya	nfya	OmniPath_DoRothEA public regulon: Nfya (mouse)	candidate	public_source_membership	11	10	exclude	Candidate source grouping only; not an exhaustive or context-specific biological regulon and not part of the frozen mechanism bundle.
OmniPath_DoRothEA|OmniPath_DoRothEA_snapshot_2026-08-25|mouse|nfyb	OmniPath_DoRothEA	OmniPath_DoRothEA_snapshot_2026-08-25	mouse	Nfyb	nfyb	OmniPath_DoRothEA public regulon: Nfyb (mouse)	candidate	public_source_membership	7	6	exclude	Candidate source grouping only; not an exhaustive or context-specific biological regulon and not part of the frozen mechanism bundle.
OmniPath_DoRothEA|OmniPath_DoRothEA_snapshot_2026-08-25|mouse|nkx2-1	OmniPath_DoRothEA	OmniPath_DoRothEA_snapshot_2026-08-25	mouse	Nkx2-1	nkx2-1	OmniPath_DoRothEA public regulon: Nkx2-1 (mouse)	candidate	public_source_membership	2	1	exclude	Candidate source grouping only; not an exhaustive or context-specific biological regulon and not part of the frozen mechanism bundle.
OmniPath_DoRothEA|OmniPath_DoRothEA_snapshot_2026-08-25|mouse|nkx2-5	OmniPath_DoRothEA	OmniPath_DoRothEA_snapshot_2026-08-25	mouse	Nkx2-5	nkx2-5	OmniPath_DoRothEA public regulon: Nkx2-5 (mouse)	candidate	public_source_membership	1	1	exclude	Candidate source grouping only; not an exhaustive or context-specific biological regulon and not part of the frozen mechanism bundle.
OmniPath_DoRothEA|OmniPath_DoRothEA_snapshot_2026-08-25|mouse|nme2	OmniPath_DoRothEA	OmniPath_DoRothEA_snapshot_2026-08-25	mouse	Nme2	nme2	OmniPath_DoRothEA public regulon: Nme2 (mouse)	candidate	public_source_membership	1	1	exclude	Candidate source grouping only; not an exhaustive or context-specific biological regulon and not part of the frozen mechanism bundle.
OmniPath_DoRothEA|OmniPath_DoRothEA_snapshot_2026-08-25|mouse|nr0b1	OmniPath_DoRothEA	OmniPath_DoRothEA_snapshot_2026-08-25	mouse	Nr0b1	nr0b1	OmniPath_DoRothEA public regulon: Nr0b1 (mouse)	candidate	public_source_membership	2	2	exclude	Candidate source grouping only; not an exhaustive or context-specific biological regulon and not part of the frozen mechanism bundle.
OmniPath_DoRothEA|OmniPath_DoRothEA_snapshot_2026-08-25|mouse|nr1d1	OmniPath_DoRothEA	OmniPath_DoRothEA_snapshot_2026-08-25	mouse	Nr1d1	nr1d1	OmniPath_DoRothEA public regulon: Nr1d1 (mouse)	candidate	public_source_membership	1	1	exclude	Candidate source grouping only; not an exhaustive or context-specific biological regulon and not part of the frozen mechanism bundle.
OmniPath_DoRothEA|OmniPath_DoRothEA_snapshot_2026-08-25|mouse|nr1h2	OmniPath_DoRothEA	OmniPath_DoRothEA_snapshot_2026-08-25	mouse	Nr1h2	nr1h2	OmniPath_DoRothEA public regulon: Nr1h2 (mouse)	candidate	public_source_membership	5	5	exclude	Candidate source grouping only; not an exhaustive or context-specific biological regulon and not part of the frozen mechanism bundle.
OmniPath_DoRothEA|OmniPath_DoRothEA_snapshot_2026-08-25|mouse|nr1h3	OmniPath_DoRothEA	OmniPath_DoRothEA_snapshot_2026-08-25	mouse	Nr1h3	nr1h3	OmniPath_DoRothEA public regulon: Nr1h3 (mouse)	candidate	public_source_membership	6	6	exclude	Candidate source grouping only; not an exhaustive or context-specific biological regulon and not part of the frozen mechanism bundle.
OmniPath_DoRothEA|OmniPath_DoRothEA_snapshot_2026-08-25|mouse|nr1h4	OmniPath_DoRothEA	OmniPath_DoRothEA_snapshot_2026-08-25	mouse	Nr1h4	nr1h4	OmniPath_DoRothEA public regulon: Nr1h4 (mouse)	candidate	public_source_membership	8	7	exclude	Candidate source grouping only; not an exhaustive or context-specific biological regulon and not part of the frozen mechanism bundle.
OmniPath_DoRothEA|OmniPath_DoRothEA_snapshot_2026-08-25|mouse|nr1i2	OmniPath_DoRothEA	OmniPath_DoRothEA_snapshot_2026-08-25	mouse	Nr1i2	nr1i2	OmniPath_DoRothEA public regulon: Nr1i2 (mouse)	candidate	public_source_membership	3	2	exclude	Candidate source grouping only; not an exhaustive or context-specific biological regulon and not part of the frozen mechanism bundle.
OmniPath_DoRothEA|OmniPath_DoRothEA_snapshot_2026-08-25|mouse|nr1i3	OmniPath_DoRothEA	OmniPath_DoRothEA_snapshot_2026-08-25	mouse	Nr1i3	nr1i3	OmniPath_DoRothEA public regulon: Nr1i3 (mouse)	candidate	public_source_membership	1	1	exclude	Candidate source grouping only; not an exhaustive or context-specific biological regulon and not part of the frozen mechanism bundle.
OmniPath_DoRothEA|OmniPath_DoRothEA_snapshot_2026-08-25|mouse|nr2c2	OmniPath_DoRothEA	OmniPath_DoRothEA_snapshot_2026-08-25	mouse	Nr2c2	nr2c2	OmniPath_DoRothEA public regulon: Nr2c2 (mouse)	candidate	public_source_membership	5	5	exclude	Candidate source grouping only; not an exhaustive or context-specific biological regulon and not part of the frozen mechanism bundle.
OmniPath_DoRothEA|OmniPath_DoRothEA_snapshot_2026-08-25|mouse|nr2e1	OmniPath_DoRothEA	OmniPath_DoRothEA_snapshot_2026-08-25	mouse	Nr2e1	nr2e1	OmniPath_DoRothEA public regulon: Nr2e1 (mouse)	candidate	public_source_membership	3	3	exclude	Candidate source grouping only; not an exhaustive or context-specific biological regulon and not part of the frozen mechanism bundle.
OmniPath_DoRothEA|OmniPath_DoRothEA_snapshot_2026-08-25|mouse|nr2f2	OmniPath_DoRothEA	OmniPath_DoRothEA_snapshot_2026-08-25	mouse	Nr2f2	nr2f2	OmniPath_DoRothEA public regulon: Nr2f2 (mouse)	candidate	public_source_membership	21	21	exclude	Candidate source grouping only; not an exhaustive or context-specific biological regulon and not part of the frozen mechanism bundle.
OmniPath_DoRothEA|OmniPath_DoRothEA_snapshot_2026-08-25|mouse|nr2f6	OmniPath_DoRothEA	OmniPath_DoRothEA_snapshot_2026-08-25	mouse	Nr2f6	nr2f6	OmniPath_DoRothEA public regulon: Nr2f6 (mouse)	candidate	public_source_membership	4	4	exclude	Candidate source grouping only; not an exhaustive or context-specific biological regulon and not part of the frozen mechanism bundle.
OmniPath_DoRothEA|OmniPath_DoRothEA_snapshot_2026-08-25|mouse|nr3c1	OmniPath_DoRothEA	OmniPath_DoRothEA_snapshot_2026-08-25	mouse	Nr3c1	nr3c1	OmniPath_DoRothEA public regulon: Nr3c1 (mouse)	candidate	public_source_membership	14	14	exclude	Candidate source grouping only; not an exhaustive or context-specific biological regulon and not part of the frozen mechanism bundle.
OmniPath_DoRothEA|OmniPath_DoRothEA_snapshot_2026-08-25|mouse|nr4a1	OmniPath_DoRothEA	OmniPath_DoRothEA_snapshot_2026-08-25	mouse	Nr4a1	nr4a1	OmniPath_DoRothEA public regulon: Nr4a1 (mouse)	candidate	public_source_membership	8	8	exclude	Candidate source grouping only; not an exhaustive or context-specific biological regulon and not part of the frozen mechanism bundle.
OmniPath_DoRothEA|OmniPath_DoRothEA_snapshot_2026-08-25|mouse|nr5a1	OmniPath_DoRothEA	OmniPath_DoRothEA_snapshot_2026-08-25	mouse	Nr5a1	nr5a1	OmniPath_DoRothEA public regulon: Nr5a1 (mouse)	candidate	public_source_membership	17	16	exclude	Candidate source grouping only; not an exhaustive or context-specific biological regulon and not part of the frozen mechanism bundle.
OmniPath_DoRothEA|OmniPath_DoRothEA_snapshot_2026-08-25|mouse|nrf1	OmniPath_DoRothEA	OmniPath_DoRothEA_snapshot_2026-08-25	mouse	Nrf1	nrf1	OmniPath_DoRothEA public regulon: Nrf1 (mouse)	candidate	public_source_membership	7	6	exclude	Candidate source grouping only; not an exhaustive or context-specific biological regulon and not part of the frozen mechanism bundle.
OmniPath_DoRothEA|OmniPath_DoRothEA_snapshot_2026-08-25|mouse|nrl	OmniPath_DoRothEA	OmniPath_DoRothEA_snapshot_2026-08-25	mouse	Nrl	nrl	OmniPath_DoRothEA public regulon: Nrl (mouse)	candidate	public_source_membership	1	1	exclude	Candidate source grouping only; not an exhaustive or context-specific biological regulon and not part of the frozen mechanism bundle.
OmniPath_DoRothEA|OmniPath_DoRothEA_snapshot_2026-08-25|mouse|onecut1	OmniPath_DoRothEA	OmniPath_DoRothEA_snapshot_2026-08-25	mouse	Onecut1	onecut1	OmniPath_DoRothEA public regulon: Onecut1 (mouse)	candidate	public_source_membership	1	1	exclude	Candidate source grouping only; not an exhaustive or context-specific biological regulon and not part of the frozen mechanism bundle.
OmniPath_DoRothEA|OmniPath_DoRothEA_snapshot_2026-08-25|mouse|onecut2	OmniPath_DoRothEA	OmniPath_DoRothEA_snapshot_2026-08-25	mouse	Onecut2	onecut2	OmniPath_DoRothEA public regulon: Onecut2 (mouse)	candidate	public_source_membership	1	1	exclude	Candidate source grouping only; not an exhaustive or context-specific biological regulon and not part of the frozen mechanism bundle.
OmniPath_DoRothEA|OmniPath_DoRothEA_snapshot_2026-08-25|mouse|pax1	OmniPath_DoRothEA	OmniPath_DoRothEA_snapshot_2026-08-25	mouse	Pax1	pax1	OmniPath_DoRothEA public regulon: Pax1 (mouse)	candidate	public_source_membership	1	1	exclude	Candidate source grouping only; not an exhaustive or context-specific biological regulon and not part of the frozen mechanism bundle.
OmniPath_DoRothEA|OmniPath_DoRothEA_snapshot_2026-08-25|mouse|pax5	OmniPath_DoRothEA	OmniPath_DoRothEA_snapshot_2026-08-25	mouse	Pax5	pax5	OmniPath_DoRothEA public regulon: Pax5 (mouse)	candidate	public_source_membership	8	8	exclude	Candidate source grouping only; not an exhaustive or context-specific biological regulon and not part of the frozen mechanism bundle.
OmniPath_DoRothEA|OmniPath_DoRothEA_snapshot_2026-08-25|mouse|pax6	OmniPath_DoRothEA	OmniPath_DoRothEA_snapshot_2026-08-25	mouse	Pax6	pax6	OmniPath_DoRothEA public regulon: Pax6 (mouse)	candidate	public_source_membership	13	13	exclude	Candidate source grouping only; not an exhaustive or context-specific biological regulon and not part of the frozen mechanism bundle.
OmniPath_DoRothEA|OmniPath_DoRothEA_snapshot_2026-08-25|mouse|pax8	OmniPath_DoRothEA	OmniPath_DoRothEA_snapshot_2026-08-25	mouse	Pax8	pax8	OmniPath_DoRothEA public regulon: Pax8 (mouse)	candidate	public_source_membership	11	11	exclude	Candidate source grouping only; not an exhaustive or context-specific biological regulon and not part of the frozen mechanism bundle.
OmniPath_DoRothEA|OmniPath_DoRothEA_snapshot_2026-08-25|mouse|pbx1	OmniPath_DoRothEA	OmniPath_DoRothEA_snapshot_2026-08-25	mouse	Pbx1	pbx1	OmniPath_DoRothEA public regulon: Pbx1 (mouse)	candidate	public_source_membership	4	4	exclude	Candidate source grouping only; not an exhaustive or context-specific biological regulon and not part of the frozen mechanism bundle.
OmniPath_DoRothEA|OmniPath_DoRothEA_snapshot_2026-08-25|mouse|pbx2	OmniPath_DoRothEA	OmniPath_DoRothEA_snapshot_2026-08-25	mouse	Pbx2	pbx2	OmniPath_DoRothEA public regulon: Pbx2 (mouse)	candidate	public_source_membership	3	2	exclude	Candidate source grouping only; not an exhaustive or context-specific biological regulon and not part of the frozen mechanism bundle.
OmniPath_DoRothEA|OmniPath_DoRothEA_snapshot_2026-08-25|mouse|pcgf2	OmniPath_DoRothEA	OmniPath_DoRothEA_snapshot_2026-08-25	mouse	Pcgf2	pcgf2	OmniPath_DoRothEA public regulon: Pcgf2 (mouse)	candidate	public_source_membership	1	1	exclude	Candidate source grouping only; not an exhaustive or context-specific biological regulon and not part of the frozen mechanism bundle.
OmniPath_DoRothEA|OmniPath_DoRothEA_snapshot_2026-08-25|mouse|pdx1	OmniPath_DoRothEA	OmniPath_DoRothEA_snapshot_2026-08-25	mouse	Pdx1	pdx1	OmniPath_DoRothEA public regulon: Pdx1 (mouse)	candidate	public_source_membership	3	3	exclude	Candidate source grouping only; not an exhaustive or context-specific biological regulon and not part of the frozen mechanism bundle.
OmniPath_DoRothEA|OmniPath_DoRothEA_snapshot_2026-08-25|mouse|pgr	OmniPath_DoRothEA	OmniPath_DoRothEA_snapshot_2026-08-25	mouse	Pgr	pgr	OmniPath_DoRothEA public regulon: Pgr (mouse)	candidate	public_source_membership	26	26	exclude	Candidate source grouping only; not an exhaustive or context-specific biological regulon and not part of the frozen mechanism bundle.
OmniPath_DoRothEA|OmniPath_DoRothEA_snapshot_2026-08-25|mouse|pitx1	OmniPath_DoRothEA	OmniPath_DoRothEA_snapshot_2026-08-25	mouse	Pitx1	pitx1	OmniPath_DoRothEA public regulon: Pitx1 (mouse)	candidate	public_source_membership	1	1	exclude	Candidate source grouping only; not an exhaustive or context-specific biological regulon and not part of the frozen mechanism bundle.
OmniPath_DoRothEA|OmniPath_DoRothEA_snapshot_2026-08-25|mouse|pitx2	OmniPath_DoRothEA	OmniPath_DoRothEA_snapshot_2026-08-25	mouse	Pitx2	pitx2	OmniPath_DoRothEA public regulon: Pitx2 (mouse)	candidate	public_source_membership	1	1	exclude	Candidate source grouping only; not an exhaustive or context-specific biological regulon and not part of the frozen mechanism bundle.
OmniPath_DoRothEA|OmniPath_DoRothEA_snapshot_2026-08-25|mouse|pknox1	OmniPath_DoRothEA	OmniPath_DoRothEA_snapshot_2026-08-25	mouse	Pknox1	pknox1	OmniPath_DoRothEA public regulon: Pknox1 (mouse)	candidate	public_source_membership	1	1	exclude	Candidate source grouping only; not an exhaustive or context-specific biological regulon and not part of the frozen mechanism bundle.
OmniPath_DoRothEA|OmniPath_DoRothEA_snapshot_2026-08-25|mouse|plag1	OmniPath_DoRothEA	OmniPath_DoRothEA_snapshot_2026-08-25	mouse	Plag1	plag1	OmniPath_DoRothEA public regulon: Plag1 (mouse)	candidate	public_source_membership	1	1	exclude	Candidate source grouping only; not an exhaustive or context-specific biological regulon and not part of the frozen mechanism bundle.
OmniPath_DoRothEA|OmniPath_DoRothEA_snapshot_2026-08-25|mouse|pou1f1	OmniPath_DoRothEA	OmniPath_DoRothEA_snapshot_2026-08-25	mouse	Pou1f1	pou1f1	OmniPath_DoRothEA public regulon: Pou1f1 (mouse)	candidate	public_source_membership	2	2	exclude	Candidate source grouping only; not an exhaustive or context-specific biological regulon and not part of the frozen mechanism bundle.
OmniPath_DoRothEA|OmniPath_DoRothEA_snapshot_2026-08-25|mouse|pou2f3	OmniPath_DoRothEA	OmniPath_DoRothEA_snapshot_2026-08-25	mouse	Pou2f3	pou2f3	OmniPath_DoRothEA public regulon: Pou2f3 (mouse)	candidate	public_source_membership	9	9	exclude	Candidate source grouping only; not an exhaustive or context-specific biological regulon and not part of the frozen mechanism bundle.
OmniPath_DoRothEA|OmniPath_DoRothEA_snapshot_2026-08-25|mouse|pou3f1	OmniPath_DoRothEA	OmniPath_DoRothEA_snapshot_2026-08-25	mouse	Pou3f1	pou3f1	OmniPath_DoRothEA public regulon: Pou3f1 (mouse)	candidate	public_source_membership	1	1	exclude	Candidate source grouping only; not an exhaustive or context-specific biological regulon and not part of the frozen mechanism bundle.
OmniPath_DoRothEA|OmniPath_DoRothEA_snapshot_2026-08-25|mouse|pou3f2	OmniPath_DoRothEA	OmniPath_DoRothEA_snapshot_2026-08-25	mouse	Pou3f2	pou3f2	OmniPath_DoRothEA public regulon: Pou3f2 (mouse)	candidate	public_source_membership	1	1	exclude	Candidate source grouping only; not an exhaustive or context-specific biological regulon and not part of the frozen mechanism bundle.
OmniPath_DoRothEA|OmniPath_DoRothEA_snapshot_2026-08-25|mouse|pou4f2	OmniPath_DoRothEA	OmniPath_DoRothEA_snapshot_2026-08-25	mouse	Pou4f2	pou4f2	OmniPath_DoRothEA public regulon: Pou4f2 (mouse)	candidate	public_source_membership	1	1	exclude	Candidate source grouping only; not an exhaustive or context-specific biological regulon and not part of the frozen mechanism bundle.
OmniPath_DoRothEA|OmniPath_DoRothEA_snapshot_2026-08-25|mouse|pou5f1	OmniPath_DoRothEA	OmniPath_DoRothEA_snapshot_2026-08-25	mouse	Pou5f1	pou5f1	OmniPath_DoRothEA public regulon: Pou5f1 (mouse)	candidate	public_source_membership	7	6	exclude	Candidate source grouping only; not an exhaustive or context-specific biological regulon and not part of the frozen mechanism bundle.
OmniPath_DoRothEA|OmniPath_DoRothEA_snapshot_2026-08-25|mouse|ppara	OmniPath_DoRothEA	OmniPath_DoRothEA_snapshot_2026-08-25	mouse	Ppara	ppara	OmniPath_DoRothEA public regulon: Ppara (mouse)	candidate	public_source_membership	38	38	exclude	Candidate source grouping only; not an exhaustive or context-specific biological regulon and not part of the frozen mechanism bundle.
OmniPath_DoRothEA|OmniPath_DoRothEA_snapshot_2026-08-25|mouse|ppard	OmniPath_DoRothEA	OmniPath_DoRothEA_snapshot_2026-08-25	mouse	Ppard	ppard	OmniPath_DoRothEA public regulon: Ppard (mouse)	candidate	public_source_membership	4	4	exclude	Candidate source grouping only; not an exhaustive or context-specific biological regulon and not part of the frozen mechanism bundle.
OmniPath_DoRothEA|OmniPath_DoRothEA_snapshot_2026-08-25|mouse|prdm1	OmniPath_DoRothEA	OmniPath_DoRothEA_snapshot_2026-08-25	mouse	Prdm1	prdm1	OmniPath_DoRothEA public regulon: Prdm1 (mouse)	candidate	public_source_membership	1	1	exclude	Candidate source grouping only; not an exhaustive or context-specific biological regulon and not part of the frozen mechanism bundle.
OmniPath_DoRothEA|OmniPath_DoRothEA_snapshot_2026-08-25|mouse|prdm14	OmniPath_DoRothEA	OmniPath_DoRothEA_snapshot_2026-08-25	mouse	Prdm14	prdm14	OmniPath_DoRothEA public regulon: Prdm14 (mouse)	candidate	public_source_membership	180	177	exclude	Candidate source grouping only; not an exhaustive or context-specific biological regulon and not part of the frozen mechanism bundle.
OmniPath_DoRothEA|OmniPath_DoRothEA_snapshot_2026-08-25|mouse|prox1	OmniPath_DoRothEA	OmniPath_DoRothEA_snapshot_2026-08-25	mouse	Prox1	prox1	OmniPath_DoRothEA public regulon: Prox1 (mouse)	candidate	public_source_membership	2	2	exclude	Candidate source grouping only; not an exhaustive or context-specific biological regulon and not part of the frozen mechanism bundle.
OmniPath_DoRothEA|OmniPath_DoRothEA_snapshot_2026-08-25|mouse|pura	OmniPath_DoRothEA	OmniPath_DoRothEA_snapshot_2026-08-25	mouse	Pura	pura	OmniPath_DoRothEA public regulon: Pura (mouse)	candidate	public_source_membership	1	1	exclude	Candidate source grouping only; not an exhaustive or context-specific biological regulon and not part of the frozen mechanism bundle.
OmniPath_DoRothEA|OmniPath_DoRothEA_snapshot_2026-08-25|mouse|rara	OmniPath_DoRothEA	OmniPath_DoRothEA_snapshot_2026-08-25	mouse	Rara	rara	OmniPath_DoRothEA public regulon: Rara (mouse)	candidate	public_source_membership	44	42	exclude	Candidate source grouping only; not an exhaustive or context-specific biological regulon and not part of the frozen mechanism bundle.
OmniPath_DoRothEA|OmniPath_DoRothEA_snapshot_2026-08-25|mouse|rarb	OmniPath_DoRothEA	OmniPath_DoRothEA_snapshot_2026-08-25	mouse	Rarb	rarb	OmniPath_DoRothEA public regulon: Rarb (mouse)	candidate	public_source_membership	3	3	exclude	Candidate source grouping only; not an exhaustive or context-specific biological regulon and not part of the frozen mechanism bundle.
OmniPath_DoRothEA|OmniPath_DoRothEA_snapshot_2026-08-25|mouse|rarg	OmniPath_DoRothEA	OmniPath_DoRothEA_snapshot_2026-08-25	mouse	Rarg	rarg	OmniPath_DoRothEA public regulon: Rarg (mouse)	candidate	public_source_membership	3	3	exclude	Candidate source grouping only; not an exhaustive or context-specific biological regulon and not part of the frozen mechanism bundle.
OmniPath_DoRothEA|OmniPath_DoRothEA_snapshot_2026-08-25|mouse|rbpj	OmniPath_DoRothEA	OmniPath_DoRothEA_snapshot_2026-08-25	mouse	Rbpj	rbpj	OmniPath_DoRothEA public regulon: Rbpj (mouse)	candidate	public_source_membership	8	7	exclude	Candidate source grouping only; not an exhaustive or context-specific biological regulon and not part of the frozen mechanism bundle.
OmniPath_DoRothEA|OmniPath_DoRothEA_snapshot_2026-08-25|mouse|rela	OmniPath_DoRothEA	OmniPath_DoRothEA_snapshot_2026-08-25	mouse	Rela	rela	OmniPath_DoRothEA public regulon: Rela (mouse)	candidate	public_source_membership	185	168	exclude	Candidate source grouping only; not an exhaustive or context-specific biological regulon and not part of the frozen mechanism bundle.
OmniPath_DoRothEA|OmniPath_DoRothEA_snapshot_2026-08-25|mouse|relb	OmniPath_DoRothEA	OmniPath_DoRothEA_snapshot_2026-08-25	mouse	Relb	relb	OmniPath_DoRothEA public regulon: Relb (mouse)	candidate	public_source_membership	14	14	exclude	Candidate source grouping only; not an exhaustive or context-specific biological regulon and not part of the frozen mechanism bundle.
OmniPath_DoRothEA|OmniPath_DoRothEA_snapshot_2026-08-25|mouse|rfx1	OmniPath_DoRothEA	OmniPath_DoRothEA_snapshot_2026-08-25	mouse	Rfx1	rfx1	OmniPath_DoRothEA public regulon: Rfx1 (mouse)	candidate	public_source_membership	6	6	exclude	Candidate source grouping only; not an exhaustive or context-specific biological regulon and not part of the frozen mechanism bundle.
OmniPath_DoRothEA|OmniPath_DoRothEA_snapshot_2026-08-25|mouse|rfx5	OmniPath_DoRothEA	OmniPath_DoRothEA_snapshot_2026-08-25	mouse	Rfx5	rfx5	OmniPath_DoRothEA public regulon: Rfx5 (mouse)	candidate	public_source_membership	21	16	exclude	Candidate source grouping only; not an exhaustive or context-specific biological regulon and not part of the frozen mechanism bundle.
OmniPath_DoRothEA|OmniPath_DoRothEA_snapshot_2026-08-25|mouse|rora	OmniPath_DoRothEA	OmniPath_DoRothEA_snapshot_2026-08-25	mouse	Rora	rora	OmniPath_DoRothEA public regulon: Rora (mouse)	candidate	public_source_membership	3	3	exclude	Candidate source grouping only; not an exhaustive or context-specific biological regulon and not part of the frozen mechanism bundle.
OmniPath_DoRothEA|OmniPath_DoRothEA_snapshot_2026-08-25|mouse|rreb1	OmniPath_DoRothEA	OmniPath_DoRothEA_snapshot_2026-08-25	mouse	Rreb1	rreb1	OmniPath_DoRothEA public regulon: Rreb1 (mouse)	candidate	public_source_membership	14	14	exclude	Candidate source grouping only; not an exhaustive or context-specific biological regulon and not part of the frozen mechanism bundle.
OmniPath_DoRothEA|OmniPath_DoRothEA_snapshot_2026-08-25|mouse|runx2	OmniPath_DoRothEA	OmniPath_DoRothEA_snapshot_2026-08-25	mouse	Runx2	runx2	OmniPath_DoRothEA public regulon: Runx2 (mouse)	candidate	public_source_membership	6	6	exclude	Candidate source grouping only; not an exhaustive or context-specific biological regulon and not part of the frozen mechanism bundle.
OmniPath_DoRothEA|OmniPath_DoRothEA_snapshot_2026-08-25|mouse|rxra	OmniPath_DoRothEA	OmniPath_DoRothEA_snapshot_2026-08-25	mouse	Rxra	rxra	OmniPath_DoRothEA public regulon: Rxra (mouse)	candidate	public_source_membership	18	17	exclude	Candidate source grouping only; not an exhaustive or context-specific biological regulon and not part of the frozen mechanism bundle.
OmniPath_DoRothEA|OmniPath_DoRothEA_snapshot_2026-08-25|mouse|sall4	OmniPath_DoRothEA	OmniPath_DoRothEA_snapshot_2026-08-25	mouse	Sall4	sall4	OmniPath_DoRothEA public regulon: Sall4 (mouse)	candidate	public_source_membership	2	2	exclude	Candidate source grouping only; not an exhaustive or context-specific biological regulon and not part of the frozen mechanism bundle.
OmniPath_DoRothEA|OmniPath_DoRothEA_snapshot_2026-08-25|mouse|six2	OmniPath_DoRothEA	OmniPath_DoRothEA_snapshot_2026-08-25	mouse	Six2	six2	OmniPath_DoRothEA public regulon: Six2 (mouse)	candidate	public_source_membership	1	1	exclude	Candidate source grouping only; not an exhaustive or context-specific biological regulon and not part of the frozen mechanism bundle.
OmniPath_DoRothEA|OmniPath_DoRothEA_snapshot_2026-08-25|mouse|skil	OmniPath_DoRothEA	OmniPath_DoRothEA_snapshot_2026-08-25	mouse	Skil	skil	OmniPath_DoRothEA public regulon: Skil (mouse)	candidate	public_source_membership	1	1	exclude	Candidate source grouping only; not an exhaustive or context-specific biological regulon and not part of the frozen mechanism bundle.
OmniPath_DoRothEA|OmniPath_DoRothEA_snapshot_2026-08-25|mouse|smad1	OmniPath_DoRothEA	OmniPath_DoRothEA_snapshot_2026-08-25	mouse	Smad1	smad1	OmniPath_DoRothEA public regulon: Smad1 (mouse)	candidate	public_source_membership	7	7	exclude	Candidate source grouping only; not an exhaustive or context-specific biological regulon and not part of the frozen mechanism bundle.
OmniPath_DoRothEA|OmniPath_DoRothEA_snapshot_2026-08-25|mouse|smad3	OmniPath_DoRothEA	OmniPath_DoRothEA_snapshot_2026-08-25	mouse	Smad3	smad3	OmniPath_DoRothEA public regulon: Smad3 (mouse)	candidate	public_source_membership	40	38	exclude	Candidate source grouping only; not an exhaustive or context-specific biological regulon and not part of the frozen mechanism bundle.
OmniPath_DoRothEA|OmniPath_DoRothEA_snapshot_2026-08-25|mouse|smad4	OmniPath_DoRothEA	OmniPath_DoRothEA_snapshot_2026-08-25	mouse	Smad4	smad4	OmniPath_DoRothEA public regulon: Smad4 (mouse)	candidate	public_source_membership	38	36	exclude	Candidate source grouping only; not an exhaustive or context-specific biological regulon and not part of the frozen mechanism bundle.
OmniPath_DoRothEA|OmniPath_DoRothEA_snapshot_2026-08-25|mouse|smad5	OmniPath_DoRothEA	OmniPath_DoRothEA_snapshot_2026-08-25	mouse	Smad5	smad5	OmniPath_DoRothEA public regulon: Smad5 (mouse)	candidate	public_source_membership	1	1	exclude	Candidate source grouping only; not an exhaustive or context-specific biological regulon and not part of the frozen mechanism bundle.
OmniPath_DoRothEA|OmniPath_DoRothEA_snapshot_2026-08-25|mouse|snai1	OmniPath_DoRothEA	OmniPath_DoRothEA_snapshot_2026-08-25	mouse	Snai1	snai1	OmniPath_DoRothEA public regulon: Snai1 (mouse)	candidate	public_source_membership	5	4	exclude	Candidate source grouping only; not an exhaustive or context-specific biological regulon and not part of the frozen mechanism bundle.
OmniPath_DoRothEA|OmniPath_DoRothEA_snapshot_2026-08-25|mouse|snai2	OmniPath_DoRothEA	OmniPath_DoRothEA_snapshot_2026-08-25	mouse	Snai2	snai2	OmniPath_DoRothEA public regulon: Snai2 (mouse)	candidate	public_source_membership	4	4	exclude	Candidate source grouping only; not an exhaustive or context-specific biological regulon and not part of the frozen mechanism bundle.
OmniPath_DoRothEA|OmniPath_DoRothEA_snapshot_2026-08-25|mouse|sox10	OmniPath_DoRothEA	OmniPath_DoRothEA_snapshot_2026-08-25	mouse	Sox10	sox10	OmniPath_DoRothEA public regulon: Sox10 (mouse)	candidate	public_source_membership	15	15	exclude	Candidate source grouping only; not an exhaustive or context-specific biological regulon and not part of the frozen mechanism bundle.
OmniPath_DoRothEA|OmniPath_DoRothEA_snapshot_2026-08-25|mouse|sox13	OmniPath_DoRothEA	OmniPath_DoRothEA_snapshot_2026-08-25	mouse	Sox13	sox13	OmniPath_DoRothEA public regulon: Sox13 (mouse)	candidate	public_source_membership	2	2	exclude	Candidate source grouping only; not an exhaustive or context-specific biological regulon and not part of the frozen mechanism bundle.
OmniPath_DoRothEA|OmniPath_DoRothEA_snapshot_2026-08-25|mouse|sox4	OmniPath_DoRothEA	OmniPath_DoRothEA_snapshot_2026-08-25	mouse	Sox4	sox4	OmniPath_DoRothEA public regulon: Sox4 (mouse)	candidate	public_source_membership	2	2	exclude	Candidate source grouping only; not an exhaustive or context-specific biological regulon and not part of the frozen mechanism bundle.
OmniPath_DoRothEA|OmniPath_DoRothEA_snapshot_2026-08-25|mouse|sox6	OmniPath_DoRothEA	OmniPath_DoRothEA_snapshot_2026-08-25	mouse	Sox6	sox6	OmniPath_DoRothEA public regulon: Sox6 (mouse)	candidate	public_source_membership	2	2	exclude	Candidate source grouping only; not an exhaustive or context-specific biological regulon and not part of the frozen mechanism bundle.
OmniPath_DoRothEA|OmniPath_DoRothEA_snapshot_2026-08-25|mouse|sox8	OmniPath_DoRothEA	OmniPath_DoRothEA_snapshot_2026-08-25	mouse	Sox8	sox8	OmniPath_DoRothEA public regulon: Sox8 (mouse)	candidate	public_source_membership	1	1	exclude	Candidate source grouping only; not an exhaustive or context-specific biological regulon and not part of the frozen mechanism bundle.
OmniPath_DoRothEA|OmniPath_DoRothEA_snapshot_2026-08-25|mouse|sox9	OmniPath_DoRothEA	OmniPath_DoRothEA_snapshot_2026-08-25	mouse	Sox9	sox9	OmniPath_DoRothEA public regulon: Sox9 (mouse)	candidate	public_source_membership	14	13	exclude	Candidate source grouping only; not an exhaustive or context-specific biological regulon and not part of the frozen mechanism bundle.
OmniPath_DoRothEA|OmniPath_DoRothEA_snapshot_2026-08-25|mouse|sp3	OmniPath_DoRothEA	OmniPath_DoRothEA_snapshot_2026-08-25	mouse	Sp3	sp3	OmniPath_DoRothEA public regulon: Sp3 (mouse)	candidate	public_source_membership	87	85	exclude	Candidate source grouping only; not an exhaustive or context-specific biological regulon and not part of the frozen mechanism bundle.
OmniPath_DoRothEA|OmniPath_DoRothEA_snapshot_2026-08-25|mouse|spdef	OmniPath_DoRothEA	OmniPath_DoRothEA_snapshot_2026-08-25	mouse	Spdef	spdef	OmniPath_DoRothEA public regulon: Spdef (mouse)	candidate	public_source_membership	1	1	exclude	Candidate source grouping only; not an exhaustive or context-specific biological regulon and not part of the frozen mechanism bundle.
OmniPath_DoRothEA|OmniPath_DoRothEA_snapshot_2026-08-25|mouse|spi1	OmniPath_DoRothEA	OmniPath_DoRothEA_snapshot_2026-08-25	mouse	Spi1	spi1	OmniPath_DoRothEA public regulon: Spi1 (mouse)	candidate	public_source_membership	433	416	exclude	Candidate source grouping only; not an exhaustive or context-specific biological regulon and not part of the frozen mechanism bundle.
OmniPath_DoRothEA|OmniPath_DoRothEA_snapshot_2026-08-25|mouse|spib	OmniPath_DoRothEA	OmniPath_DoRothEA_snapshot_2026-08-25	mouse	Spib	spib	OmniPath_DoRothEA public regulon: Spib (mouse)	candidate	public_source_membership	4	4	exclude	Candidate source grouping only; not an exhaustive or context-specific biological regulon and not part of the frozen mechanism bundle.
OmniPath_DoRothEA|OmniPath_DoRothEA_snapshot_2026-08-25|mouse|srebf1	OmniPath_DoRothEA	OmniPath_DoRothEA_snapshot_2026-08-25	mouse	Srebf1	srebf1	OmniPath_DoRothEA public regulon: Srebf1 (mouse)	candidate	public_source_membership	25	24	exclude	Candidate source grouping only; not an exhaustive or context-specific biological regulon and not part of the frozen mechanism bundle.
OmniPath_DoRothEA|OmniPath_DoRothEA_snapshot_2026-08-25|mouse|srebf2	OmniPath_DoRothEA	OmniPath_DoRothEA_snapshot_2026-08-25	mouse	Srebf2	srebf2	OmniPath_DoRothEA public regulon: Srebf2 (mouse)	candidate	public_source_membership	21	19	exclude	Candidate source grouping only; not an exhaustive or context-specific biological regulon and not part of the frozen mechanism bundle.
OmniPath_DoRothEA|OmniPath_DoRothEA_snapshot_2026-08-25|mouse|srf	OmniPath_DoRothEA	OmniPath_DoRothEA_snapshot_2026-08-25	mouse	Srf	srf	OmniPath_DoRothEA public regulon: Srf (mouse)	candidate	public_source_membership	29	28	exclude	Candidate source grouping only; not an exhaustive or context-specific biological regulon and not part of the frozen mechanism bundle.
OmniPath_DoRothEA|OmniPath_DoRothEA_snapshot_2026-08-25|mouse|stat5a	OmniPath_DoRothEA	OmniPath_DoRothEA_snapshot_2026-08-25	mouse	Stat5a	stat5a	OmniPath_DoRothEA public regulon: Stat5a (mouse)	candidate	public_source_membership	23	23	exclude	Candidate source grouping only; not an exhaustive or context-specific biological regulon and not part of the frozen mechanism bundle.
OmniPath_DoRothEA|OmniPath_DoRothEA_snapshot_2026-08-25|mouse|stat5b	OmniPath_DoRothEA	OmniPath_DoRothEA_snapshot_2026-08-25	mouse	Stat5b	stat5b	OmniPath_DoRothEA public regulon: Stat5b (mouse)	candidate	public_source_membership	20	20	exclude	Candidate source grouping only; not an exhaustive or context-specific biological regulon and not part of the frozen mechanism bundle.
OmniPath_DoRothEA|OmniPath_DoRothEA_snapshot_2026-08-25|mouse|tal1	OmniPath_DoRothEA	OmniPath_DoRothEA_snapshot_2026-08-25	mouse	Tal1	tal1	OmniPath_DoRothEA public regulon: Tal1 (mouse)	candidate	public_source_membership	305	299	exclude	Candidate source grouping only; not an exhaustive or context-specific biological regulon and not part of the frozen mechanism bundle.
OmniPath_DoRothEA|OmniPath_DoRothEA_snapshot_2026-08-25|mouse|tbp	OmniPath_DoRothEA	OmniPath_DoRothEA_snapshot_2026-08-25	mouse	Tbp	tbp	OmniPath_DoRothEA public regulon: Tbp (mouse)	candidate	public_source_membership	8	8	exclude	Candidate source grouping only; not an exhaustive or context-specific biological regulon and not part of the frozen mechanism bundle.
OmniPath_DoRothEA|OmniPath_DoRothEA_snapshot_2026-08-25|mouse|tbx2	OmniPath_DoRothEA	OmniPath_DoRothEA_snapshot_2026-08-25	mouse	Tbx2	tbx2	OmniPath_DoRothEA public regulon: Tbx2 (mouse)	candidate	public_source_membership	1	1	exclude	Candidate source grouping only; not an exhaustive or context-specific biological regulon and not part of the frozen mechanism bundle.
OmniPath_DoRothEA|OmniPath_DoRothEA_snapshot_2026-08-25|mouse|tbx21	OmniPath_DoRothEA	OmniPath_DoRothEA_snapshot_2026-08-25	mouse	Tbx21	tbx21	OmniPath_DoRothEA public regulon: Tbx21 (mouse)	candidate	public_source_membership	9	9	exclude	Candidate source grouping only; not an exhaustive or context-specific biological regulon and not part of the frozen mechanism bundle.
OmniPath_DoRothEA|OmniPath_DoRothEA_snapshot_2026-08-25|mouse|tbx5	OmniPath_DoRothEA	OmniPath_DoRothEA_snapshot_2026-08-25	mouse	Tbx5	tbx5	OmniPath_DoRothEA public regulon: Tbx5 (mouse)	candidate	public_source_membership	2	2	exclude	Candidate source grouping only; not an exhaustive or context-specific biological regulon and not part of the frozen mechanism bundle.
OmniPath_DoRothEA|OmniPath_DoRothEA_snapshot_2026-08-25|mouse|tcf12	OmniPath_DoRothEA	OmniPath_DoRothEA_snapshot_2026-08-25	mouse	Tcf12	tcf12	OmniPath_DoRothEA public regulon: Tcf12 (mouse)	candidate	public_source_membership	2	2	exclude	Candidate source grouping only; not an exhaustive or context-specific biological regulon and not part of the frozen mechanism bundle.
OmniPath_DoRothEA|OmniPath_DoRothEA_snapshot_2026-08-25|mouse|tead2	OmniPath_DoRothEA	OmniPath_DoRothEA_snapshot_2026-08-25	mouse	Tead2	tead2	OmniPath_DoRothEA public regulon: Tead2 (mouse)	candidate	public_source_membership	2	2	exclude	Candidate source grouping only; not an exhaustive or context-specific biological regulon and not part of the frozen mechanism bundle.
OmniPath_DoRothEA|OmniPath_DoRothEA_snapshot_2026-08-25|mouse|tfap2b	OmniPath_DoRothEA	OmniPath_DoRothEA_snapshot_2026-08-25	mouse	Tfap2b	tfap2b	OmniPath_DoRothEA public regulon: Tfap2b (mouse)	candidate	public_source_membership	2	2	exclude	Candidate source grouping only; not an exhaustive or context-specific biological regulon and not part of the frozen mechanism bundle.
OmniPath_DoRothEA|OmniPath_DoRothEA_snapshot_2026-08-25|mouse|tfap2c	OmniPath_DoRothEA	OmniPath_DoRothEA_snapshot_2026-08-25	mouse	Tfap2c	tfap2c	OmniPath_DoRothEA public regulon: Tfap2c (mouse)	candidate	public_source_membership	444	424	exclude	Candidate source grouping only; not an exhaustive or context-specific biological regulon and not part of the frozen mechanism bundle.
OmniPath_DoRothEA|OmniPath_DoRothEA_snapshot_2026-08-25|mouse|tfcp2	OmniPath_DoRothEA	OmniPath_DoRothEA_snapshot_2026-08-25	mouse	Tfcp2	tfcp2	OmniPath_DoRothEA public regulon: Tfcp2 (mouse)	candidate	public_source_membership	1	1	exclude	Candidate source grouping only; not an exhaustive or context-specific biological regulon and not part of the frozen mechanism bundle.
OmniPath_DoRothEA|OmniPath_DoRothEA_snapshot_2026-08-25|mouse|tfdp1	OmniPath_DoRothEA	OmniPath_DoRothEA_snapshot_2026-08-25	mouse	Tfdp1	tfdp1	OmniPath_DoRothEA public regulon: Tfdp1 (mouse)	candidate	public_source_membership	12	12	exclude	Candidate source grouping only; not an exhaustive or context-specific biological regulon and not part of the frozen mechanism bundle.
OmniPath_DoRothEA|OmniPath_DoRothEA_snapshot_2026-08-25|mouse|thap1	OmniPath_DoRothEA	OmniPath_DoRothEA_snapshot_2026-08-25	mouse	Thap1	thap1	OmniPath_DoRothEA public regulon: Thap1 (mouse)	candidate	public_source_membership	1	1	exclude	Candidate source grouping only; not an exhaustive or context-specific biological regulon and not part of the frozen mechanism bundle.
OmniPath_DoRothEA|OmniPath_DoRothEA_snapshot_2026-08-25|mouse|thap11	OmniPath_DoRothEA	OmniPath_DoRothEA_snapshot_2026-08-25	mouse	Thap11	thap11	OmniPath_DoRothEA public regulon: Thap11 (mouse)	candidate	public_source_membership	6	6	exclude	Candidate source grouping only; not an exhaustive or context-specific biological regulon and not part of the frozen mechanism bundle.
OmniPath_DoRothEA|OmniPath_DoRothEA_snapshot_2026-08-25|mouse|thra	OmniPath_DoRothEA	OmniPath_DoRothEA_snapshot_2026-08-25	mouse	Thra	thra	OmniPath_DoRothEA public regulon: Thra (mouse)	candidate	public_source_membership	1	1	exclude	Candidate source grouping only; not an exhaustive or context-specific biological regulon and not part of the frozen mechanism bundle.
OmniPath_DoRothEA|OmniPath_DoRothEA_snapshot_2026-08-25|mouse|thrb	OmniPath_DoRothEA	OmniPath_DoRothEA_snapshot_2026-08-25	mouse	Thrb	thrb	OmniPath_DoRothEA public regulon: Thrb (mouse)	candidate	public_source_membership	2	2	exclude	Candidate source grouping only; not an exhaustive or context-specific biological regulon and not part of the frozen mechanism bundle.
OmniPath_DoRothEA|OmniPath_DoRothEA_snapshot_2026-08-25|mouse|tp53	OmniPath_DoRothEA	OmniPath_DoRothEA_snapshot_2026-08-25	mouse	Tp53	tp53	OmniPath_DoRothEA public regulon: Tp53 (mouse)	candidate	public_source_membership	462	449	exclude	Candidate source grouping only; not an exhaustive or context-specific biological regulon and not part of the frozen mechanism bundle.
OmniPath_DoRothEA|OmniPath_DoRothEA_snapshot_2026-08-25|mouse|tp63	OmniPath_DoRothEA	OmniPath_DoRothEA_snapshot_2026-08-25	mouse	Tp63	tp63	OmniPath_DoRothEA public regulon: Tp63 (mouse)	candidate	public_source_membership	17	17	exclude	Candidate source grouping only; not an exhaustive or context-specific biological regulon and not part of the frozen mechanism bundle.
OmniPath_DoRothEA|OmniPath_DoRothEA_snapshot_2026-08-25|mouse|tp73	OmniPath_DoRothEA	OmniPath_DoRothEA_snapshot_2026-08-25	mouse	Tp73	tp73	OmniPath_DoRothEA public regulon: Tp73 (mouse)	candidate	public_source_membership	7	6	exclude	Candidate source grouping only; not an exhaustive or context-specific biological regulon and not part of the frozen mechanism bundle.
OmniPath_DoRothEA|OmniPath_DoRothEA_snapshot_2026-08-25|mouse|twist1	OmniPath_DoRothEA	OmniPath_DoRothEA_snapshot_2026-08-25	mouse	Twist1	twist1	OmniPath_DoRothEA public regulon: Twist1 (mouse)	candidate	public_source_membership	14	13	exclude	Candidate source grouping only; not an exhaustive or context-specific biological regulon and not part of the frozen mechanism bundle.
OmniPath_DoRothEA|OmniPath_DoRothEA_snapshot_2026-08-25|mouse|usf1	OmniPath_DoRothEA	OmniPath_DoRothEA_snapshot_2026-08-25	mouse	Usf1	usf1	OmniPath_DoRothEA public regulon: Usf1 (mouse)	candidate	public_source_membership	63	61	exclude	Candidate source grouping only; not an exhaustive or context-specific biological regulon and not part of the frozen mechanism bundle.
OmniPath_DoRothEA|OmniPath_DoRothEA_snapshot_2026-08-25|mouse|usf2	OmniPath_DoRothEA	OmniPath_DoRothEA_snapshot_2026-08-25	mouse	Usf2	usf2	OmniPath_DoRothEA public regulon: Usf2 (mouse)	candidate	public_source_membership	42	40	exclude	Candidate source grouping only; not an exhaustive or context-specific biological regulon and not part of the frozen mechanism bundle.
OmniPath_DoRothEA|OmniPath_DoRothEA_snapshot_2026-08-25|mouse|vdr	OmniPath_DoRothEA	OmniPath_DoRothEA_snapshot_2026-08-25	mouse	Vdr	vdr	OmniPath_DoRothEA public regulon: Vdr (mouse)	candidate	public_source_membership	148	143	exclude	Candidate source grouping only; not an exhaustive or context-specific biological regulon and not part of the frozen mechanism bundle.
OmniPath_DoRothEA|OmniPath_DoRothEA_snapshot_2026-08-25|mouse|ybx1	OmniPath_DoRothEA	OmniPath_DoRothEA_snapshot_2026-08-25	mouse	Ybx1	ybx1	OmniPath_DoRothEA public regulon: Ybx1 (mouse)	candidate	public_source_membership	6	5	exclude	Candidate source grouping only; not an exhaustive or context-specific biological regulon and not part of the frozen mechanism bundle.
OmniPath_DoRothEA|OmniPath_DoRothEA_snapshot_2026-08-25|mouse|yy1	OmniPath_DoRothEA	OmniPath_DoRothEA_snapshot_2026-08-25	mouse	Yy1	yy1	OmniPath_DoRothEA public regulon: Yy1 (mouse)	candidate	public_source_membership	77	77	exclude	Candidate source grouping only; not an exhaustive or context-specific biological regulon and not part of the frozen mechanism bundle.
OmniPath_DoRothEA|OmniPath_DoRothEA_snapshot_2026-08-25|mouse|zbtb17	OmniPath_DoRothEA	OmniPath_DoRothEA_snapshot_2026-08-25	mouse	Zbtb17	zbtb17	OmniPath_DoRothEA public regulon: Zbtb17 (mouse)	candidate	public_source_membership	1	1	exclude	Candidate source grouping only; not an exhaustive or context-specific biological regulon and not part of the frozen mechanism bundle.
OmniPath_DoRothEA|OmniPath_DoRothEA_snapshot_2026-08-25|mouse|zbtb33	OmniPath_DoRothEA	OmniPath_DoRothEA_snapshot_2026-08-25	mouse	Zbtb33	zbtb33	OmniPath_DoRothEA public regulon: Zbtb33 (mouse)	candidate	public_source_membership	12	12	exclude	Candidate source grouping only; not an exhaustive or context-specific biological regulon and not part of the frozen mechanism bundle.
OmniPath_DoRothEA|OmniPath_DoRothEA_snapshot_2026-08-25|mouse|zbtb7a	OmniPath_DoRothEA	OmniPath_DoRothEA_snapshot_2026-08-25	mouse	Zbtb7a	zbtb7a	OmniPath_DoRothEA public regulon: Zbtb7a (mouse)	candidate	public_source_membership	2	2	exclude	Candidate source grouping only; not an exhaustive or context-specific biological regulon and not part of the frozen mechanism bundle.
OmniPath_DoRothEA|OmniPath_DoRothEA_snapshot_2026-08-25|mouse|zeb1	OmniPath_DoRothEA	OmniPath_DoRothEA_snapshot_2026-08-25	mouse	Zeb1	zeb1	OmniPath_DoRothEA public regulon: Zeb1 (mouse)	candidate	public_source_membership	13	13	exclude	Candidate source grouping only; not an exhaustive or context-specific biological regulon and not part of the frozen mechanism bundle.
OmniPath_DoRothEA|OmniPath_DoRothEA_snapshot_2026-08-25|mouse|zeb2	OmniPath_DoRothEA	OmniPath_DoRothEA_snapshot_2026-08-25	mouse	Zeb2	zeb2	OmniPath_DoRothEA public regulon: Zeb2 (mouse)	candidate	public_source_membership	3	3	exclude	Candidate source grouping only; not an exhaustive or context-specific biological regulon and not part of the frozen mechanism bundle.
OmniPath_DoRothEA|OmniPath_DoRothEA_snapshot_2026-08-25|mouse|zic1	OmniPath_DoRothEA	OmniPath_DoRothEA_snapshot_2026-08-25	mouse	Zic1	zic1	OmniPath_DoRothEA public regulon: Zic1 (mouse)	candidate	public_source_membership	1	1	exclude	Candidate source grouping only; not an exhaustive or context-specific biological regulon and not part of the frozen mechanism bundle.
OmniPath_DoRothEA|OmniPath_DoRothEA_snapshot_2026-08-25|mouse|znf143	OmniPath_DoRothEA	OmniPath_DoRothEA_snapshot_2026-08-25	mouse	Znf143	znf143	OmniPath_DoRothEA public regulon: Znf143 (mouse)	candidate	public_source_membership	1	1	exclude	Candidate source grouping only; not an exhaustive or context-specific biological regulon and not part of the frozen mechanism bundle.
OmniPath_DoRothEA|OmniPath_DoRothEA_snapshot_2026-08-25|mouse|znf148	OmniPath_DoRothEA	OmniPath_DoRothEA_snapshot_2026-08-25	mouse	Znf148	znf148	OmniPath_DoRothEA public regulon: Znf148 (mouse)	candidate	public_source_membership	3	2	exclude	Candidate source grouping only; not an exhaustive or context-specific biological regulon and not part of the frozen mechanism bundle.
OmniPath_DoRothEA|OmniPath_DoRothEA_snapshot_2026-08-25|mouse|znf263	OmniPath_DoRothEA	OmniPath_DoRothEA_snapshot_2026-08-25	mouse	Znf263	znf263	OmniPath_DoRothEA public regulon: Znf263 (mouse)	candidate	public_source_membership	282	275	exclude	Candidate source grouping only; not an exhaustive or context-specific biological regulon and not part of the frozen mechanism bundle.
OmniPath_DoRothEA|OmniPath_DoRothEA_snapshot_2026-08-25|mouse|znf382	OmniPath_DoRothEA	OmniPath_DoRothEA_snapshot_2026-08-25	mouse	Znf382	znf382	OmniPath_DoRothEA public regulon: Znf382 (mouse)	candidate	public_source_membership	1	1	exclude	Candidate source grouping only; not an exhaustive or context-specific biological regulon and not part of the frozen mechanism bundle.
OmniPath_DoRothEA|OmniPath_DoRothEA_snapshot_2026-08-25|mouse|znf740	OmniPath_DoRothEA	OmniPath_DoRothEA_snapshot_2026-08-25	mouse	Znf740	znf740	OmniPath_DoRothEA public regulon: Znf740 (mouse)	candidate	public_source_membership	2	2	exclude	Candidate source grouping only; not an exhaustive or context-specific biological regulon and not part of the frozen mechanism bundle.
TRRUST|TRRUST_v2_snapshot_2026-08-25|human|aatf	TRRUST	TRRUST_v2_snapshot_2026-08-25	human	AATF	aatf	TRRUST public regulon: AATF (human)	candidate	public_source_membership	5	5	exclude	Candidate source grouping only; not an exhaustive or context-specific biological regulon and not part of the frozen mechanism bundle.
TRRUST|TRRUST_v2_snapshot_2026-08-25|human|abl1	TRRUST	TRRUST_v2_snapshot_2026-08-25	human	ABL1	abl1	TRRUST public regulon: ABL1 (human)	candidate	public_source_membership	12	12	exclude	Candidate source grouping only; not an exhaustive or context-specific biological regulon and not part of the frozen mechanism bundle.
TRRUST|TRRUST_v2_snapshot_2026-08-25|human|aes	TRRUST	TRRUST_v2_snapshot_2026-08-25	human	AES	aes	TRRUST public regulon: AES (human)	candidate	public_source_membership	3	3	exclude	Candidate source grouping only; not an exhaustive or context-specific biological regulon and not part of the frozen mechanism bundle.
TRRUST|TRRUST_v2_snapshot_2026-08-25|human|ahr	TRRUST	TRRUST_v2_snapshot_2026-08-25	human	AHR	ahr	TRRUST public regulon: AHR (human)	candidate	public_source_membership	26	26	exclude	Candidate source grouping only; not an exhaustive or context-specific biological regulon and not part of the frozen mechanism bundle.
TRRUST|TRRUST_v2_snapshot_2026-08-25|human|aip	TRRUST	TRRUST_v2_snapshot_2026-08-25	human	AIP	aip	TRRUST public regulon: AIP (human)	candidate	public_source_membership	5	5	exclude	Candidate source grouping only; not an exhaustive or context-specific biological regulon and not part of the frozen mechanism bundle.
TRRUST|TRRUST_v2_snapshot_2026-08-25|human|aire	TRRUST	TRRUST_v2_snapshot_2026-08-25	human	AIRE	aire	TRRUST public regulon: AIRE (human)	candidate	public_source_membership	1	1	exclude	Candidate source grouping only; not an exhaustive or context-specific biological regulon and not part of the frozen mechanism bundle.
TRRUST|TRRUST_v2_snapshot_2026-08-25|human|ankrd1	TRRUST	TRRUST_v2_snapshot_2026-08-25	human	ANKRD1	ankrd1	TRRUST public regulon: ANKRD1 (human)	candidate	public_source_membership	1	1	exclude	Candidate source grouping only; not an exhaustive or context-specific biological regulon and not part of the frozen mechanism bundle.
TRRUST|TRRUST_v2_snapshot_2026-08-25|human|apbb1	TRRUST	TRRUST_v2_snapshot_2026-08-25	human	APBB1	apbb1	TRRUST public regulon: APBB1 (human)	candidate	public_source_membership	1	1	exclude	Candidate source grouping only; not an exhaustive or context-specific biological regulon and not part of the frozen mechanism bundle.
TRRUST|TRRUST_v2_snapshot_2026-08-25|human|apc	TRRUST	TRRUST_v2_snapshot_2026-08-25	human	APC	apc	TRRUST public regulon: APC (human)	candidate	public_source_membership	13	13	exclude	Candidate source grouping only; not an exhaustive or context-specific biological regulon and not part of the frozen mechanism bundle.
TRRUST|TRRUST_v2_snapshot_2026-08-25|human|apex1	TRRUST	TRRUST_v2_snapshot_2026-08-25	human	APEX1	apex1	TRRUST public regulon: APEX1 (human)	candidate	public_source_membership	7	7	exclude	Candidate source grouping only; not an exhaustive or context-specific biological regulon and not part of the frozen mechanism bundle.
TRRUST|TRRUST_v2_snapshot_2026-08-25|human|ar	TRRUST	TRRUST_v2_snapshot_2026-08-25	human	AR	ar	TRRUST public regulon: AR (human)	candidate	public_source_membership	105	105	exclude	Candidate source grouping only; not an exhaustive or context-specific biological regulon and not part of the frozen mechanism bundle.
TRRUST|TRRUST_v2_snapshot_2026-08-25|human|arid1a	TRRUST	TRRUST_v2_snapshot_2026-08-25	human	ARID1A	arid1a	TRRUST public regulon: ARID1A (human)	candidate	public_source_membership	3	3	exclude	Candidate source grouping only; not an exhaustive or context-specific biological regulon and not part of the frozen mechanism bundle.
TRRUST|TRRUST_v2_snapshot_2026-08-25|human|arid1b	TRRUST	TRRUST_v2_snapshot_2026-08-25	human	ARID1B	arid1b	TRRUST public regulon: ARID1B (human)	candidate	public_source_membership	1	1	exclude	Candidate source grouping only; not an exhaustive or context-specific biological regulon and not part of the frozen mechanism bundle.
TRRUST|TRRUST_v2_snapshot_2026-08-25|human|arid3a	TRRUST	TRRUST_v2_snapshot_2026-08-25	human	ARID3A	arid3a	TRRUST public regulon: ARID3A (human)	candidate	public_source_membership	6	6	exclude	Candidate source grouping only; not an exhaustive or context-specific biological regulon and not part of the frozen mechanism bundle.
TRRUST|TRRUST_v2_snapshot_2026-08-25|human|arnt	TRRUST	TRRUST_v2_snapshot_2026-08-25	human	ARNT	arnt	TRRUST public regulon: ARNT (human)	candidate	public_source_membership	22	22	exclude	Candidate source grouping only; not an exhaustive or context-specific biological regulon and not part of the frozen mechanism bundle.
TRRUST|TRRUST_v2_snapshot_2026-08-25|human|arntl	TRRUST	TRRUST_v2_snapshot_2026-08-25	human	ARNTL	arntl	TRRUST public regulon: ARNTL (human)	candidate	public_source_membership	10	10	exclude	Candidate source grouping only; not an exhaustive or context-specific biological regulon and not part of the frozen mechanism bundle.
TRRUST|TRRUST_v2_snapshot_2026-08-25|human|arntl2	TRRUST	TRRUST_v2_snapshot_2026-08-25	human	ARNTL2	arntl2	TRRUST public regulon: ARNTL2 (human)	candidate	public_source_membership	1	1	exclude	Candidate source grouping only; not an exhaustive or context-specific biological regulon and not part of the frozen mechanism bundle.
TRRUST|TRRUST_v2_snapshot_2026-08-25|human|arx	TRRUST	TRRUST_v2_snapshot_2026-08-25	human	ARX	arx	TRRUST public regulon: ARX (human)	candidate	public_source_membership	4	4	exclude	Candidate source grouping only; not an exhaustive or context-specific biological regulon and not part of the frozen mechanism bundle.
TRRUST|TRRUST_v2_snapshot_2026-08-25|human|ascl1	TRRUST	TRRUST_v2_snapshot_2026-08-25	human	ASCL1	ascl1	TRRUST public regulon: ASCL1 (human)	candidate	public_source_membership	7	7	exclude	Candidate source grouping only; not an exhaustive or context-specific biological regulon and not part of the frozen mechanism bundle.
TRRUST|TRRUST_v2_snapshot_2026-08-25|human|ash1l	TRRUST	TRRUST_v2_snapshot_2026-08-25	human	ASH1L	ash1l	TRRUST public regulon: ASH1L (human)	candidate	public_source_membership	2	2	exclude	Candidate source grouping only; not an exhaustive or context-specific biological regulon and not part of the frozen mechanism bundle.
TRRUST|TRRUST_v2_snapshot_2026-08-25|human|asxl1	TRRUST	TRRUST_v2_snapshot_2026-08-25	human	ASXL1	asxl1	TRRUST public regulon: ASXL1 (human)	candidate	public_source_membership	1	1	exclude	Candidate source grouping only; not an exhaustive or context-specific biological regulon and not part of the frozen mechanism bundle.
TRRUST|TRRUST_v2_snapshot_2026-08-25|human|atf1	TRRUST	TRRUST_v2_snapshot_2026-08-25	human	ATF1	atf1	TRRUST public regulon: ATF1 (human)	candidate	public_source_membership	26	26	exclude	Candidate source grouping only; not an exhaustive or context-specific biological regulon and not part of the frozen mechanism bundle.
TRRUST|TRRUST_v2_snapshot_2026-08-25|human|atf2	TRRUST	TRRUST_v2_snapshot_2026-08-25	human	ATF2	atf2	TRRUST public regulon: ATF2 (human)	candidate	public_source_membership	34	34	exclude	Candidate source grouping only; not an exhaustive or context-specific biological regulon and not part of the frozen mechanism bundle.
TRRUST|TRRUST_v2_snapshot_2026-08-25|human|atf3	TRRUST	TRRUST_v2_snapshot_2026-08-25	human	ATF3	atf3	TRRUST public regulon: ATF3 (human)	candidate	public_source_membership	17	17	exclude	Candidate source grouping only; not an exhaustive or context-specific biological regulon and not part of the frozen mechanism bundle.
TRRUST|TRRUST_v2_snapshot_2026-08-25|human|atf4	TRRUST	TRRUST_v2_snapshot_2026-08-25	human	ATF4	atf4	TRRUST public regulon: ATF4 (human)	candidate	public_source_membership	41	41	exclude	Candidate source grouping only; not an exhaustive or context-specific biological regulon and not part of the frozen mechanism bundle.
TRRUST|TRRUST_v2_snapshot_2026-08-25|human|atf5	TRRUST	TRRUST_v2_snapshot_2026-08-25	human	ATF5	atf5	TRRUST public regulon: ATF5 (human)	candidate	public_source_membership	8	8	exclude	Candidate source grouping only; not an exhaustive or context-specific biological regulon and not part of the frozen mechanism bundle.
TRRUST|TRRUST_v2_snapshot_2026-08-25|human|atf6	TRRUST	TRRUST_v2_snapshot_2026-08-25	human	ATF6	atf6	TRRUST public regulon: ATF6 (human)	candidate	public_source_membership	14	14	exclude	Candidate source grouping only; not an exhaustive or context-specific biological regulon and not part of the frozen mechanism bundle.
TRRUST|TRRUST_v2_snapshot_2026-08-25|human|atf7	TRRUST	TRRUST_v2_snapshot_2026-08-25	human	ATF7	atf7	TRRUST public regulon: ATF7 (human)	candidate	public_source_membership	2	2	exclude	Candidate source grouping only; not an exhaustive or context-specific biological regulon and not part of the frozen mechanism bundle.
TRRUST|TRRUST_v2_snapshot_2026-08-25|human|atm	TRRUST	TRRUST_v2_snapshot_2026-08-25	human	ATM	atm	TRRUST public regulon: ATM (human)	candidate	public_source_membership	25	25	exclude	Candidate source grouping only; not an exhaustive or context-specific biological regulon and not part of the frozen mechanism bundle.
TRRUST|TRRUST_v2_snapshot_2026-08-25|human|atoh1	TRRUST	TRRUST_v2_snapshot_2026-08-25	human	ATOH1	atoh1	TRRUST public regulon: ATOH1 (human)	candidate	public_source_membership	2	2	exclude	Candidate source grouping only; not an exhaustive or context-specific biological regulon and not part of the frozen mechanism bundle.
TRRUST|TRRUST_v2_snapshot_2026-08-25|human|atrx	TRRUST	TRRUST_v2_snapshot_2026-08-25	human	ATRX	atrx	TRRUST public regulon: ATRX (human)	candidate	public_source_membership	2	2	exclude	Candidate source grouping only; not an exhaustive or context-specific biological regulon and not part of the frozen mechanism bundle.
TRRUST|TRRUST_v2_snapshot_2026-08-25|human|bach1	TRRUST	TRRUST_v2_snapshot_2026-08-25	human	BACH1	bach1	TRRUST public regulon: BACH1 (human)	candidate	public_source_membership	3	3	exclude	Candidate source grouping only; not an exhaustive or context-specific biological regulon and not part of the frozen mechanism bundle.
TRRUST|TRRUST_v2_snapshot_2026-08-25|human|bach2	TRRUST	TRRUST_v2_snapshot_2026-08-25	human	BACH2	bach2	TRRUST public regulon: BACH2 (human)	candidate	public_source_membership	3	3	exclude	Candidate source grouping only; not an exhaustive or context-specific biological regulon and not part of the frozen mechanism bundle.
TRRUST|TRRUST_v2_snapshot_2026-08-25|human|bard1	TRRUST	TRRUST_v2_snapshot_2026-08-25	human	BARD1	bard1	TRRUST public regulon: BARD1 (human)	candidate	public_source_membership	1	1	exclude	Candidate source grouping only; not an exhaustive or context-specific biological regulon and not part of the frozen mechanism bundle.
TRRUST|TRRUST_v2_snapshot_2026-08-25|human|barx2	TRRUST	TRRUST_v2_snapshot_2026-08-25	human	BARX2	barx2	TRRUST public regulon: BARX2 (human)	candidate	public_source_membership	1	1	exclude	Candidate source grouping only; not an exhaustive or context-specific biological regulon and not part of the frozen mechanism bundle.
TRRUST|TRRUST_v2_snapshot_2026-08-25|human|batf	TRRUST	TRRUST_v2_snapshot_2026-08-25	human	BATF	batf	TRRUST public regulon: BATF (human)	candidate	public_source_membership	1	1	exclude	Candidate source grouping only; not an exhaustive or context-specific biological regulon and not part of the frozen mechanism bundle.
TRRUST|TRRUST_v2_snapshot_2026-08-25|human|bcl11a	TRRUST	TRRUST_v2_snapshot_2026-08-25	human	BCL11A	bcl11a	TRRUST public regulon: BCL11A (human)	candidate	public_source_membership	2	2	exclude	Candidate source grouping only; not an exhaustive or context-specific biological regulon and not part of the frozen mechanism bundle.
TRRUST|TRRUST_v2_snapshot_2026-08-25|human|bcl3	TRRUST	TRRUST_v2_snapshot_2026-08-25	human	BCL3	bcl3	TRRUST public regulon: BCL3 (human)	candidate	public_source_membership	6	6	exclude	Candidate source grouping only; not an exhaustive or context-specific biological regulon and not part of the frozen mechanism bundle.
TRRUST|TRRUST_v2_snapshot_2026-08-25|human|bcl6	TRRUST	TRRUST_v2_snapshot_2026-08-25	human	BCL6	bcl6	TRRUST public regulon: BCL6 (human)	candidate	public_source_membership	18	18	exclude	Candidate source grouping only; not an exhaustive or context-specific biological regulon and not part of the frozen mechanism bundle.
TRRUST|TRRUST_v2_snapshot_2026-08-25|human|bdp1	TRRUST	TRRUST_v2_snapshot_2026-08-25	human	BDP1	bdp1	TRRUST public regulon: BDP1 (human)	candidate	public_source_membership	3	3	exclude	Candidate source grouping only; not an exhaustive or context-specific biological regulon and not part of the frozen mechanism bundle.
TRRUST|TRRUST_v2_snapshot_2026-08-25|human|bhlhe41	TRRUST	TRRUST_v2_snapshot_2026-08-25	human	BHLHE41	bhlhe41	TRRUST public regulon: BHLHE41 (human)	candidate	public_source_membership	2	2	exclude	Candidate source grouping only; not an exhaustive or context-specific biological regulon and not part of the frozen mechanism bundle.
TRRUST|TRRUST_v2_snapshot_2026-08-25|human|bin1	TRRUST	TRRUST_v2_snapshot_2026-08-25	human	BIN1	bin1	TRRUST public regulon: BIN1 (human)	candidate	public_source_membership	1	1	exclude	Candidate source grouping only; not an exhaustive or context-specific biological regulon and not part of the frozen mechanism bundle.
TRRUST|TRRUST_v2_snapshot_2026-08-25|human|bmi1	TRRUST	TRRUST_v2_snapshot_2026-08-25	human	BMI1	bmi1	TRRUST public regulon: BMI1 (human)	candidate	public_source_membership	1	1	exclude	Candidate source grouping only; not an exhaustive or context-specific biological regulon and not part of the frozen mechanism bundle.
TRRUST|TRRUST_v2_snapshot_2026-08-25|human|bptf	TRRUST	TRRUST_v2_snapshot_2026-08-25	human	BPTF	bptf	TRRUST public regulon: BPTF (human)	candidate	public_source_membership	1	1	exclude	Candidate source grouping only; not an exhaustive or context-specific biological regulon and not part of the frozen mechanism bundle.
TRRUST|TRRUST_v2_snapshot_2026-08-25|human|brca1	TRRUST	TRRUST_v2_snapshot_2026-08-25	human	BRCA1	brca1	TRRUST public regulon: BRCA1 (human)	candidate	public_source_membership	64	64	exclude	Candidate source grouping only; not an exhaustive or context-specific biological regulon and not part of the frozen mechanism bundle.
TRRUST|TRRUST_v2_snapshot_2026-08-25|human|brca2	TRRUST	TRRUST_v2_snapshot_2026-08-25	human	BRCA2	brca2	TRRUST public regulon: BRCA2 (human)	candidate	public_source_membership	4	4	exclude	Candidate source grouping only; not an exhaustive or context-specific biological regulon and not part of the frozen mechanism bundle.
TRRUST|TRRUST_v2_snapshot_2026-08-25|human|brd7	TRRUST	TRRUST_v2_snapshot_2026-08-25	human	BRD7	brd7	TRRUST public regulon: BRD7 (human)	candidate	public_source_membership	4	4	exclude	Candidate source grouping only; not an exhaustive or context-specific biological regulon and not part of the frozen mechanism bundle.
TRRUST|TRRUST_v2_snapshot_2026-08-25|human|brip1	TRRUST	TRRUST_v2_snapshot_2026-08-25	human	BRIP1	brip1	TRRUST public regulon: BRIP1 (human)	candidate	public_source_membership	2	2	exclude	Candidate source grouping only; not an exhaustive or context-specific biological regulon and not part of the frozen mechanism bundle.
TRRUST|TRRUST_v2_snapshot_2026-08-25|human|brpf1	TRRUST	TRRUST_v2_snapshot_2026-08-25	human	BRPF1	brpf1	TRRUST public regulon: BRPF1 (human)	candidate	public_source_membership	2	2	exclude	Candidate source grouping only; not an exhaustive or context-specific biological regulon and not part of the frozen mechanism bundle.
TRRUST|TRRUST_v2_snapshot_2026-08-25|human|btaf1	TRRUST	TRRUST_v2_snapshot_2026-08-25	human	BTAF1	btaf1	TRRUST public regulon: BTAF1 (human)	candidate	public_source_membership	3	3	exclude	Candidate source grouping only; not an exhaustive or context-specific biological regulon and not part of the frozen mechanism bundle.
TRRUST|TRRUST_v2_snapshot_2026-08-25|human|btf3	TRRUST	TRRUST_v2_snapshot_2026-08-25	human	BTF3	btf3	TRRUST public regulon: BTF3 (human)	candidate	public_source_membership	9	9	exclude	Candidate source grouping only; not an exhaustive or context-specific biological regulon and not part of the frozen mechanism bundle.
TRRUST|TRRUST_v2_snapshot_2026-08-25|human|btg2	TRRUST	TRRUST_v2_snapshot_2026-08-25	human	BTG2	btg2	TRRUST public regulon: BTG2 (human)	candidate	public_source_membership	4	4	exclude	Candidate source grouping only; not an exhaustive or context-specific biological regulon and not part of the frozen mechanism bundle.
TRRUST|TRRUST_v2_snapshot_2026-08-25|human|cbfa2t3	TRRUST	TRRUST_v2_snapshot_2026-08-25	human	CBFA2T3	cbfa2t3	TRRUST public regulon: CBFA2T3 (human)	candidate	public_source_membership	2	2	exclude	Candidate source grouping only; not an exhaustive or context-specific biological regulon and not part of the frozen mechanism bundle.
TRRUST|TRRUST_v2_snapshot_2026-08-25|human|cbfb	TRRUST	TRRUST_v2_snapshot_2026-08-25	human	CBFB	cbfb	TRRUST public regulon: CBFB (human)	candidate	public_source_membership	4	4	exclude	Candidate source grouping only; not an exhaustive or context-specific biological regulon and not part of the frozen mechanism bundle.
TRRUST|TRRUST_v2_snapshot_2026-08-25|human|cbx7	TRRUST	TRRUST_v2_snapshot_2026-08-25	human	CBX7	cbx7	TRRUST public regulon: CBX7 (human)	candidate	public_source_membership	2	2	exclude	Candidate source grouping only; not an exhaustive or context-specific biological regulon and not part of the frozen mechanism bundle.
TRRUST|TRRUST_v2_snapshot_2026-08-25|human|cbx8	TRRUST	TRRUST_v2_snapshot_2026-08-25	human	CBX8	cbx8	TRRUST public regulon: CBX8 (human)	candidate	public_source_membership	1	1	exclude	Candidate source grouping only; not an exhaustive or context-specific biological regulon and not part of the frozen mechanism bundle.
TRRUST|TRRUST_v2_snapshot_2026-08-25|human|cdc5l	TRRUST	TRRUST_v2_snapshot_2026-08-25	human	CDC5L	cdc5l	TRRUST public regulon: CDC5L (human)	candidate	public_source_membership	1	1	exclude	Candidate source grouping only; not an exhaustive or context-specific biological regulon and not part of the frozen mechanism bundle.
TRRUST|TRRUST_v2_snapshot_2026-08-25|human|cdca7l	TRRUST	TRRUST_v2_snapshot_2026-08-25	human	CDCA7L	cdca7l	TRRUST public regulon: CDCA7L (human)	candidate	public_source_membership	1	1	exclude	Candidate source grouping only; not an exhaustive or context-specific biological regulon and not part of the frozen mechanism bundle.
TRRUST|TRRUST_v2_snapshot_2026-08-25|human|cdx1	TRRUST	TRRUST_v2_snapshot_2026-08-25	human	CDX1	cdx1	TRRUST public regulon: CDX1 (human)	candidate	public_source_membership	8	8	exclude	Candidate source grouping only; not an exhaustive or context-specific biological regulon and not part of the frozen mechanism bundle.
TRRUST|TRRUST_v2_snapshot_2026-08-25|human|cdx2	TRRUST	TRRUST_v2_snapshot_2026-08-25	human	CDX2	cdx2	TRRUST public regulon: CDX2 (human)	candidate	public_source_membership	36	36	exclude	Candidate source grouping only; not an exhaustive or context-specific biological regulon and not part of the frozen mechanism bundle.
TRRUST|TRRUST_v2_snapshot_2026-08-25|human|cebpa	TRRUST	TRRUST_v2_snapshot_2026-08-25	human	CEBPA	cebpa	TRRUST public regulon: CEBPA (human)	candidate	public_source_membership	52	52	exclude	Candidate source grouping only; not an exhaustive or context-specific biological regulon and not part of the frozen mechanism bundle.
TRRUST|TRRUST_v2_snapshot_2026-08-25|human|cebpb	TRRUST	TRRUST_v2_snapshot_2026-08-25	human	CEBPB	cebpb	TRRUST public regulon: CEBPB (human)	candidate	public_source_membership	71	71	exclude	Candidate source grouping only; not an exhaustive or context-specific biological regulon and not part of the frozen mechanism bundle.
TRRUST|TRRUST_v2_snapshot_2026-08-25|human|cebpd	TRRUST	TRRUST_v2_snapshot_2026-08-25	human	CEBPD	cebpd	TRRUST public regulon: CEBPD (human)	candidate	public_source_membership	18	18	exclude	Candidate source grouping only; not an exhaustive or context-specific biological regulon and not part of the frozen mechanism bundle.
TRRUST|TRRUST_v2_snapshot_2026-08-25|human|cebpe	TRRUST	TRRUST_v2_snapshot_2026-08-25	human	CEBPE	cebpe	TRRUST public regulon: CEBPE (human)	candidate	public_source_membership	7	7	exclude	Candidate source grouping only; not an exhaustive or context-specific biological regulon and not part of the frozen mechanism bundle.
TRRUST|TRRUST_v2_snapshot_2026-08-25|human|cebpg	TRRUST	TRRUST_v2_snapshot_2026-08-25	human	CEBPG	cebpg	TRRUST public regulon: CEBPG (human)	candidate	public_source_membership	2	2	exclude	Candidate source grouping only; not an exhaustive or context-specific biological regulon and not part of the frozen mechanism bundle.
TRRUST|TRRUST_v2_snapshot_2026-08-25|human|cebpz	TRRUST	TRRUST_v2_snapshot_2026-08-25	human	CEBPZ	cebpz	TRRUST public regulon: CEBPZ (human)	candidate	public_source_membership	6	6	exclude	Candidate source grouping only; not an exhaustive or context-specific biological regulon and not part of the frozen mechanism bundle.
TRRUST|TRRUST_v2_snapshot_2026-08-25|human|chd4	TRRUST	TRRUST_v2_snapshot_2026-08-25	human	CHD4	chd4	TRRUST public regulon: CHD4 (human)	candidate	public_source_membership	2	2	exclude	Candidate source grouping only; not an exhaustive or context-specific biological regulon and not part of the frozen mechanism bundle.
TRRUST|TRRUST_v2_snapshot_2026-08-25|human|chd8	TRRUST	TRRUST_v2_snapshot_2026-08-25	human	CHD8	chd8	TRRUST public regulon: CHD8 (human)	candidate	public_source_membership	5	5	exclude	Candidate source grouping only; not an exhaustive or context-specific biological regulon and not part of the frozen mechanism bundle.
TRRUST|TRRUST_v2_snapshot_2026-08-25|human|ciita	TRRUST	TRRUST_v2_snapshot_2026-08-25	human	CIITA	ciita	TRRUST public regulon: CIITA (human)	candidate	public_source_membership	36	36	exclude	Candidate source grouping only; not an exhaustive or context-specific biological regulon and not part of the frozen mechanism bundle.
TRRUST|TRRUST_v2_snapshot_2026-08-25|human|cited2	TRRUST	TRRUST_v2_snapshot_2026-08-25	human	CITED2	cited2	TRRUST public regulon: CITED2 (human)	candidate	public_source_membership	2	2	exclude	Candidate source grouping only; not an exhaustive or context-specific biological regulon and not part of the frozen mechanism bundle.
TRRUST|TRRUST_v2_snapshot_2026-08-25|human|clock	TRRUST	TRRUST_v2_snapshot_2026-08-25	human	CLOCK	clock	TRRUST public regulon: CLOCK (human)	candidate	public_source_membership	18	18	exclude	Candidate source grouping only; not an exhaustive or context-specific biological regulon and not part of the frozen mechanism bundle.
TRRUST|TRRUST_v2_snapshot_2026-08-25|human|cnbp	TRRUST	TRRUST_v2_snapshot_2026-08-25	human	CNBP	cnbp	TRRUST public regulon: CNBP (human)	candidate	public_source_membership	1	1	exclude	Candidate source grouping only; not an exhaustive or context-specific biological regulon and not part of the frozen mechanism bundle.
TRRUST|TRRUST_v2_snapshot_2026-08-25|human|cnot7	TRRUST	TRRUST_v2_snapshot_2026-08-25	human	CNOT7	cnot7	TRRUST public regulon: CNOT7 (human)	candidate	public_source_membership	2	2	exclude	Candidate source grouping only; not an exhaustive or context-specific biological regulon and not part of the frozen mechanism bundle.
TRRUST|TRRUST_v2_snapshot_2026-08-25|human|cnot8	TRRUST	TRRUST_v2_snapshot_2026-08-25	human	CNOT8	cnot8	TRRUST public regulon: CNOT8 (human)	candidate	public_source_membership	2	2	exclude	Candidate source grouping only; not an exhaustive or context-specific biological regulon and not part of the frozen mechanism bundle.
TRRUST|TRRUST_v2_snapshot_2026-08-25|human|cops5	TRRUST	TRRUST_v2_snapshot_2026-08-25	human	COPS5	cops5	TRRUST public regulon: COPS5 (human)	candidate	public_source_membership	2	2	exclude	Candidate source grouping only; not an exhaustive or context-specific biological regulon and not part of the frozen mechanism bundle.
TRRUST|TRRUST_v2_snapshot_2026-08-25|human|crabp2	TRRUST	TRRUST_v2_snapshot_2026-08-25	human	CRABP2	crabp2	TRRUST public regulon: CRABP2 (human)	candidate	public_source_membership	1	1	exclude	Candidate source grouping only; not an exhaustive or context-specific biological regulon and not part of the frozen mechanism bundle.
TRRUST|TRRUST_v2_snapshot_2026-08-25|human|creb1	TRRUST	TRRUST_v2_snapshot_2026-08-25	human	CREB1	creb1	TRRUST public regulon: CREB1 (human)	candidate	public_source_membership	96	96	exclude	Candidate source grouping only; not an exhaustive or context-specific biological regulon and not part of the frozen mechanism bundle.
TRRUST|TRRUST_v2_snapshot_2026-08-25|human|creb3	TRRUST	TRRUST_v2_snapshot_2026-08-25	human	CREB3	creb3	TRRUST public regulon: CREB3 (human)	candidate	public_source_membership	1	1	exclude	Candidate source grouping only; not an exhaustive or context-specific biological regulon and not part of the frozen mechanism bundle.
TRRUST|TRRUST_v2_snapshot_2026-08-25|human|creb3l1	TRRUST	TRRUST_v2_snapshot_2026-08-25	human	CREB3L1	creb3l1	TRRUST public regulon: CREB3L1 (human)	candidate	public_source_membership	1	1	exclude	Candidate source grouping only; not an exhaustive or context-specific biological regulon and not part of the frozen mechanism bundle.
TRRUST|TRRUST_v2_snapshot_2026-08-25|human|creb3l4	TRRUST	TRRUST_v2_snapshot_2026-08-25	human	CREB3L4	creb3l4	TRRUST public regulon: CREB3L4 (human)	candidate	public_source_membership	1	1	exclude	Candidate source grouping only; not an exhaustive or context-specific biological regulon and not part of the frozen mechanism bundle.
TRRUST|TRRUST_v2_snapshot_2026-08-25|human|creb5	TRRUST	TRRUST_v2_snapshot_2026-08-25	human	CREB5	creb5	TRRUST public regulon: CREB5 (human)	candidate	public_source_membership	13	13	exclude	Candidate source grouping only; not an exhaustive or context-specific biological regulon and not part of the frozen mechanism bundle.
TRRUST|TRRUST_v2_snapshot_2026-08-25|human|crebbp	TRRUST	TRRUST_v2_snapshot_2026-08-25	human	CREBBP	crebbp	TRRUST public regulon: CREBBP (human)	candidate	public_source_membership	25	25	exclude	Candidate source grouping only; not an exhaustive or context-specific biological regulon and not part of the frozen mechanism bundle.
TRRUST|TRRUST_v2_snapshot_2026-08-25|human|creg1	TRRUST	TRRUST_v2_snapshot_2026-08-25	human	CREG1	creg1	TRRUST public regulon: CREG1 (human)	candidate	public_source_membership	1	1	exclude	Candidate source grouping only; not an exhaustive or context-specific biological regulon and not part of the frozen mechanism bundle.
TRRUST|TRRUST_v2_snapshot_2026-08-25|human|crem	TRRUST	TRRUST_v2_snapshot_2026-08-25	human	CREM	crem	TRRUST public regulon: CREM (human)	candidate	public_source_membership	28	28	exclude	Candidate source grouping only; not an exhaustive or context-specific biological regulon and not part of the frozen mechanism bundle.
TRRUST|TRRUST_v2_snapshot_2026-08-25|human|crtc1	TRRUST	TRRUST_v2_snapshot_2026-08-25	human	CRTC1	crtc1	TRRUST public regulon: CRTC1 (human)	candidate	public_source_membership	1	1	exclude	Candidate source grouping only; not an exhaustive or context-specific biological regulon and not part of the frozen mechanism bundle.
TRRUST|TRRUST_v2_snapshot_2026-08-25|human|crx	TRRUST	TRRUST_v2_snapshot_2026-08-25	human	CRX	crx	TRRUST public regulon: CRX (human)	candidate	public_source_membership	7	7	exclude	Candidate source grouping only; not an exhaustive or context-specific biological regulon and not part of the frozen mechanism bundle.
TRRUST|TRRUST_v2_snapshot_2026-08-25|human|ctbp1	TRRUST	TRRUST_v2_snapshot_2026-08-25	human	CTBP1	ctbp1	TRRUST public regulon: CTBP1 (human)	candidate	public_source_membership	4	4	exclude	Candidate source grouping only; not an exhaustive or context-specific biological regulon and not part of the frozen mechanism bundle.
TRRUST|TRRUST_v2_snapshot_2026-08-25|human|ctcf	TRRUST	TRRUST_v2_snapshot_2026-08-25	human	CTCF	ctcf	TRRUST public regulon: CTCF (human)	candidate	public_source_membership	36	36	exclude	Candidate source grouping only; not an exhaustive or context-specific biological regulon and not part of the frozen mechanism bundle.
TRRUST|TRRUST_v2_snapshot_2026-08-25|human|ctcfl	TRRUST	TRRUST_v2_snapshot_2026-08-25	human	CTCFL	ctcfl	TRRUST public regulon: CTCFL (human)	candidate	public_source_membership	1	1	exclude	Candidate source grouping only; not an exhaustive or context-specific biological regulon and not part of the frozen mechanism bundle.
TRRUST|TRRUST_v2_snapshot_2026-08-25|human|ctnnb1	TRRUST	TRRUST_v2_snapshot_2026-08-25	human	CTNNB1	ctnnb1	TRRUST public regulon: CTNNB1 (human)	candidate	public_source_membership	26	26	exclude	Candidate source grouping only; not an exhaustive or context-specific biological regulon and not part of the frozen mechanism bundle.
TRRUST|TRRUST_v2_snapshot_2026-08-25|human|ctnnbip1	TRRUST	TRRUST_v2_snapshot_2026-08-25	human	CTNNBIP1	ctnnbip1	TRRUST public regulon: CTNNBIP1 (human)	candidate	public_source_membership	3	3	exclude	Candidate source grouping only; not an exhaustive or context-specific biological regulon and not part of the frozen mechanism bundle.
TRRUST|TRRUST_v2_snapshot_2026-08-25|human|cux1	TRRUST	TRRUST_v2_snapshot_2026-08-25	human	CUX1	cux1	TRRUST public regulon: CUX1 (human)	candidate	public_source_membership	8	8	exclude	Candidate source grouping only; not an exhaustive or context-specific biological regulon and not part of the frozen mechanism bundle.
TRRUST|TRRUST_v2_snapshot_2026-08-25|human|dach1	TRRUST	TRRUST_v2_snapshot_2026-08-25	human	DACH1	dach1	TRRUST public regulon: DACH1 (human)	candidate	public_source_membership	3	3	exclude	Candidate source grouping only; not an exhaustive or context-specific biological regulon and not part of the frozen mechanism bundle.
TRRUST|TRRUST_v2_snapshot_2026-08-25|human|daxx	TRRUST	TRRUST_v2_snapshot_2026-08-25	human	DAXX	daxx	TRRUST public regulon: DAXX (human)	candidate	public_source_membership	1	1	exclude	Candidate source grouping only; not an exhaustive or context-specific biological regulon and not part of the frozen mechanism bundle.
TRRUST|TRRUST_v2_snapshot_2026-08-25|human|dbp	TRRUST	TRRUST_v2_snapshot_2026-08-25	human	DBP	dbp	TRRUST public regulon: DBP (human)	candidate	public_source_membership	4	4	exclude	Candidate source grouping only; not an exhaustive or context-specific biological regulon and not part of the frozen mechanism bundle.
TRRUST|TRRUST_v2_snapshot_2026-08-25|human|ddb1	TRRUST	TRRUST_v2_snapshot_2026-08-25	human	DDB1	ddb1	TRRUST public regulon: DDB1 (human)	candidate	public_source_membership	1	1	exclude	Candidate source grouping only; not an exhaustive or context-specific biological regulon and not part of the frozen mechanism bundle.
TRRUST|TRRUST_v2_snapshot_2026-08-25|human|ddb2	TRRUST	TRRUST_v2_snapshot_2026-08-25	human	DDB2	ddb2	TRRUST public regulon: DDB2 (human)	candidate	public_source_membership	3	3	exclude	Candidate source grouping only; not an exhaustive or context-specific biological regulon and not part of the frozen mechanism bundle.
TRRUST|TRRUST_v2_snapshot_2026-08-25|human|ddit3	TRRUST	TRRUST_v2_snapshot_2026-08-25	human	DDIT3	ddit3	TRRUST public regulon: DDIT3 (human)	candidate	public_source_membership	20	20	exclude	Candidate source grouping only; not an exhaustive or context-specific biological regulon and not part of the frozen mechanism bundle.
TRRUST|TRRUST_v2_snapshot_2026-08-25|human|ddx5	TRRUST	TRRUST_v2_snapshot_2026-08-25	human	DDX5	ddx5	TRRUST public regulon: DDX5 (human)	candidate	public_source_membership	2	2	exclude	Candidate source grouping only; not an exhaustive or context-specific biological regulon and not part of the frozen mechanism bundle.
TRRUST|TRRUST_v2_snapshot_2026-08-25|human|deaf1	TRRUST	TRRUST_v2_snapshot_2026-08-25	human	DEAF1	deaf1	TRRUST public regulon: DEAF1 (human)	candidate	public_source_membership	2	2	exclude	Candidate source grouping only; not an exhaustive or context-specific biological regulon and not part of the frozen mechanism bundle.
TRRUST|TRRUST_v2_snapshot_2026-08-25|human|dedd	TRRUST	TRRUST_v2_snapshot_2026-08-25	human	DEDD	dedd	TRRUST public regulon: DEDD (human)	candidate	public_source_membership	2	2	exclude	Candidate source grouping only; not an exhaustive or context-specific biological regulon and not part of the frozen mechanism bundle.
TRRUST|TRRUST_v2_snapshot_2026-08-25|human|dek	TRRUST	TRRUST_v2_snapshot_2026-08-25	human	DEK	dek	TRRUST public regulon: DEK (human)	candidate	public_source_membership	5	5	exclude	Candidate source grouping only; not an exhaustive or context-specific biological regulon and not part of the frozen mechanism bundle.
TRRUST|TRRUST_v2_snapshot_2026-08-25|human|dennd4a	TRRUST	TRRUST_v2_snapshot_2026-08-25	human	DENND4A	dennd4a	TRRUST public regulon: DENND4A (human)	candidate	public_source_membership	1	1	exclude	Candidate source grouping only; not an exhaustive or context-specific biological regulon and not part of the frozen mechanism bundle.
TRRUST|TRRUST_v2_snapshot_2026-08-25|human|dlx3	TRRUST	TRRUST_v2_snapshot_2026-08-25	human	DLX3	dlx3	TRRUST public regulon: DLX3 (human)	candidate	public_source_membership	1	1	exclude	Candidate source grouping only; not an exhaustive or context-specific biological regulon and not part of the frozen mechanism bundle.
TRRUST|TRRUST_v2_snapshot_2026-08-25|human|dlx4	TRRUST	TRRUST_v2_snapshot_2026-08-25	human	DLX4	dlx4	TRRUST public regulon: DLX4 (human)	candidate	public_source_membership	1	1	exclude	Candidate source grouping only; not an exhaustive or context-specific biological regulon and not part of the frozen mechanism bundle.
TRRUST|TRRUST_v2_snapshot_2026-08-25|human|dlx5	TRRUST	TRRUST_v2_snapshot_2026-08-25	human	DLX5	dlx5	TRRUST public regulon: DLX5 (human)	candidate	public_source_membership	5	5	exclude	Candidate source grouping only; not an exhaustive or context-specific biological regulon and not part of the frozen mechanism bundle.
TRRUST|TRRUST_v2_snapshot_2026-08-25|human|dmap1	TRRUST	TRRUST_v2_snapshot_2026-08-25	human	DMAP1	dmap1	TRRUST public regulon: DMAP1 (human)	candidate	public_source_membership	4	4	exclude	Candidate source grouping only; not an exhaustive or context-specific biological regulon and not part of the frozen mechanism bundle.
TRRUST|TRRUST_v2_snapshot_2026-08-25|human|dnmt1	TRRUST	TRRUST_v2_snapshot_2026-08-25	human	DNMT1	dnmt1	TRRUST public regulon: DNMT1 (human)	candidate	public_source_membership	33	33	exclude	Candidate source grouping only; not an exhaustive or context-specific biological regulon and not part of the frozen mechanism bundle.
TRRUST|TRRUST_v2_snapshot_2026-08-25|human|dnmt3a	TRRUST	TRRUST_v2_snapshot_2026-08-25	human	DNMT3A	dnmt3a	TRRUST public regulon: DNMT3A (human)	candidate	public_source_membership	9	9	exclude	Candidate source grouping only; not an exhaustive or context-specific biological regulon and not part of the frozen mechanism bundle.
TRRUST|TRRUST_v2_snapshot_2026-08-25|human|dnmt3l	TRRUST	TRRUST_v2_snapshot_2026-08-25	human	DNMT3L	dnmt3l	TRRUST public regulon: DNMT3L (human)	candidate	public_source_membership	1	1	exclude	Candidate source grouping only; not an exhaustive or context-specific biological regulon and not part of the frozen mechanism bundle.
TRRUST|TRRUST_v2_snapshot_2026-08-25|human|dr1	TRRUST	TRRUST_v2_snapshot_2026-08-25	human	DR1	dr1	TRRUST public regulon: DR1 (human)	candidate	public_source_membership	5	5	exclude	Candidate source grouping only; not an exhaustive or context-specific biological regulon and not part of the frozen mechanism bundle.
TRRUST|TRRUST_v2_snapshot_2026-08-25|human|drap1	TRRUST	TRRUST_v2_snapshot_2026-08-25	human	DRAP1	drap1	TRRUST public regulon: DRAP1 (human)	candidate	public_source_membership	1	1	exclude	Candidate source grouping only; not an exhaustive or context-specific biological regulon and not part of the frozen mechanism bundle.
TRRUST|TRRUST_v2_snapshot_2026-08-25|human|dux4	TRRUST	TRRUST_v2_snapshot_2026-08-25	human	DUX4	dux4	TRRUST public regulon: DUX4 (human)	candidate	public_source_membership	1	1	exclude	Candidate source grouping only; not an exhaustive or context-specific biological regulon and not part of the frozen mechanism bundle.
TRRUST|TRRUST_v2_snapshot_2026-08-25|human|e2f1	TRRUST	TRRUST_v2_snapshot_2026-08-25	human	E2F1	e2f1	TRRUST public regulon: E2F1 (human)	candidate	public_source_membership	155	155	exclude	Candidate source grouping only; not an exhaustive or context-specific biological regulon and not part of the frozen mechanism bundle.
TRRUST|TRRUST_v2_snapshot_2026-08-25|human|e2f2	TRRUST	TRRUST_v2_snapshot_2026-08-25	human	E2F2	e2f2	TRRUST public regulon: E2F2 (human)	candidate	public_source_membership	2	2	exclude	Candidate source grouping only; not an exhaustive or context-specific biological regulon and not part of the frozen mechanism bundle.
TRRUST|TRRUST_v2_snapshot_2026-08-25|human|e2f3	TRRUST	TRRUST_v2_snapshot_2026-08-25	human	E2F3	e2f3	TRRUST public regulon: E2F3 (human)	candidate	public_source_membership	13	13	exclude	Candidate source grouping only; not an exhaustive or context-specific biological regulon and not part of the frozen mechanism bundle.
TRRUST|TRRUST_v2_snapshot_2026-08-25|human|e2f4	TRRUST	TRRUST_v2_snapshot_2026-08-25	human	E2F4	e2f4	TRRUST public regulon: E2F4 (human)	candidate	public_source_membership	26	26	exclude	Candidate source grouping only; not an exhaustive or context-specific biological regulon and not part of the frozen mechanism bundle.
TRRUST|TRRUST_v2_snapshot_2026-08-25|human|e2f5	TRRUST	TRRUST_v2_snapshot_2026-08-25	human	E2F5	e2f5	TRRUST public regulon: E2F5 (human)	candidate	public_source_membership	3	3	exclude	Candidate source grouping only; not an exhaustive or context-specific biological regulon and not part of the frozen mechanism bundle.
TRRUST|TRRUST_v2_snapshot_2026-08-25|human|e2f6	TRRUST	TRRUST_v2_snapshot_2026-08-25	human	E2F6	e2f6	TRRUST public regulon: E2F6 (human)	candidate	public_source_membership	7	7	exclude	Candidate source grouping only; not an exhaustive or context-specific biological regulon and not part of the frozen mechanism bundle.
TRRUST|TRRUST_v2_snapshot_2026-08-25|human|e2f7	TRRUST	TRRUST_v2_snapshot_2026-08-25	human	E2F7	e2f7	TRRUST public regulon: E2F7 (human)	candidate	public_source_membership	1	1	exclude	Candidate source grouping only; not an exhaustive or context-specific biological regulon and not part of the frozen mechanism bundle.
TRRUST|TRRUST_v2_snapshot_2026-08-25|human|e2f8	TRRUST	TRRUST_v2_snapshot_2026-08-25	human	E2F8	e2f8	TRRUST public regulon: E2F8 (human)	candidate	public_source_membership	2	2	exclude	Candidate source grouping only; not an exhaustive or context-specific biological regulon and not part of the frozen mechanism bundle.
TRRUST|TRRUST_v2_snapshot_2026-08-25|human|e4f1	TRRUST	TRRUST_v2_snapshot_2026-08-25	human	E4F1	e4f1	TRRUST public regulon: E4F1 (human)	candidate	public_source_membership	2	2	exclude	Candidate source grouping only; not an exhaustive or context-specific biological regulon and not part of the frozen mechanism bundle.
TRRUST|TRRUST_v2_snapshot_2026-08-25|human|eaf1	TRRUST	TRRUST_v2_snapshot_2026-08-25	human	EAF1	eaf1	TRRUST public regulon: EAF1 (human)	candidate	public_source_membership	1	1	exclude	Candidate source grouping only; not an exhaustive or context-specific biological regulon and not part of the frozen mechanism bundle.
TRRUST|TRRUST_v2_snapshot_2026-08-25|human|eapp	TRRUST	TRRUST_v2_snapshot_2026-08-25	human	EAPP	eapp	TRRUST public regulon: EAPP (human)	candidate	public_source_membership	4	4	exclude	Candidate source grouping only; not an exhaustive or context-specific biological regulon and not part of the frozen mechanism bundle.
TRRUST|TRRUST_v2_snapshot_2026-08-25|human|ebf1	TRRUST	TRRUST_v2_snapshot_2026-08-25	human	EBF1	ebf1	TRRUST public regulon: EBF1 (human)	candidate	public_source_membership	1	1	exclude	Candidate source grouping only; not an exhaustive or context-specific biological regulon and not part of the frozen mechanism bundle.
TRRUST|TRRUST_v2_snapshot_2026-08-25|human|ebf3	TRRUST	TRRUST_v2_snapshot_2026-08-25	human	EBF3	ebf3	TRRUST public regulon: EBF3 (human)	candidate	public_source_membership	1	1	exclude	Candidate source grouping only; not an exhaustive or context-specific biological regulon and not part of the frozen mechanism bundle.
TRRUST|TRRUST_v2_snapshot_2026-08-25|human|ecd	TRRUST	TRRUST_v2_snapshot_2026-08-25	human	ECD	ecd	TRRUST public regulon: ECD (human)	candidate	public_source_membership	1	1	exclude	Candidate source grouping only; not an exhaustive or context-specific biological regulon and not part of the frozen mechanism bundle.
TRRUST|TRRUST_v2_snapshot_2026-08-25|human|eed	TRRUST	TRRUST_v2_snapshot_2026-08-25	human	EED	eed	TRRUST public regulon: EED (human)	candidate	public_source_membership	1	1	exclude	Candidate source grouping only; not an exhaustive or context-specific biological regulon and not part of the frozen mechanism bundle.
TRRUST|TRRUST_v2_snapshot_2026-08-25|human|egf	TRRUST	TRRUST_v2_snapshot_2026-08-25	human	EGF	egf	TRRUST public regulon: EGF (human)	candidate	public_source_membership	1	1	exclude	Candidate source grouping only; not an exhaustive or context-specific biological regulon and not part of the frozen mechanism bundle.
TRRUST|TRRUST_v2_snapshot_2026-08-25|human|egr1	TRRUST	TRRUST_v2_snapshot_2026-08-25	human	EGR1	egr1	TRRUST public regulon: EGR1 (human)	candidate	public_source_membership	108	108	exclude	Candidate source grouping only; not an exhaustive or context-specific biological regulon and not part of the frozen mechanism bundle.
TRRUST|TRRUST_v2_snapshot_2026-08-25|human|egr2	TRRUST	TRRUST_v2_snapshot_2026-08-25	human	EGR2	egr2	TRRUST public regulon: EGR2 (human)	candidate	public_source_membership	9	9	exclude	Candidate source grouping only; not an exhaustive or context-specific biological regulon and not part of the frozen mechanism bundle.
TRRUST|TRRUST_v2_snapshot_2026-08-25|human|egr3	TRRUST	TRRUST_v2_snapshot_2026-08-25	human	EGR3	egr3	TRRUST public regulon: EGR3 (human)	candidate	public_source_membership	3	3	exclude	Candidate source grouping only; not an exhaustive or context-specific biological regulon and not part of the frozen mechanism bundle.
TRRUST|TRRUST_v2_snapshot_2026-08-25|human|ehf	TRRUST	TRRUST_v2_snapshot_2026-08-25	human	EHF	ehf	TRRUST public regulon: EHF (human)	candidate	public_source_membership	2	2	exclude	Candidate source grouping only; not an exhaustive or context-specific biological regulon and not part of the frozen mechanism bundle.
TRRUST|TRRUST_v2_snapshot_2026-08-25|human|ehmt2	TRRUST	TRRUST_v2_snapshot_2026-08-25	human	EHMT2	ehmt2	TRRUST public regulon: EHMT2 (human)	candidate	public_source_membership	4	4	exclude	Candidate source grouping only; not an exhaustive or context-specific biological regulon and not part of the frozen mechanism bundle.
TRRUST|TRRUST_v2_snapshot_2026-08-25|human|eif2ak2	TRRUST	TRRUST_v2_snapshot_2026-08-25	human	EIF2AK2	eif2ak2	TRRUST public regulon: EIF2AK2 (human)	candidate	public_source_membership	2	2	exclude	Candidate source grouping only; not an exhaustive or context-specific biological regulon and not part of the frozen mechanism bundle.
TRRUST|TRRUST_v2_snapshot_2026-08-25|human|elf1	TRRUST	TRRUST_v2_snapshot_2026-08-25	human	ELF1	elf1	TRRUST public regulon: ELF1 (human)	candidate	public_source_membership	9	9	exclude	Candidate source grouping only; not an exhaustive or context-specific biological regulon and not part of the frozen mechanism bundle.
TRRUST|TRRUST_v2_snapshot_2026-08-25|human|elf2	TRRUST	TRRUST_v2_snapshot_2026-08-25	human	ELF2	elf2	TRRUST public regulon: ELF2 (human)	candidate	public_source_membership	2	2	exclude	Candidate source grouping only; not an exhaustive or context-specific biological regulon and not part of the frozen mechanism bundle.
TRRUST|TRRUST_v2_snapshot_2026-08-25|human|elf3	TRRUST	TRRUST_v2_snapshot_2026-08-25	human	ELF3	elf3	TRRUST public regulon: ELF3 (human)	candidate	public_source_membership	9	9	exclude	Candidate source grouping only; not an exhaustive or context-specific biological regulon and not part of the frozen mechanism bundle.
TRRUST|TRRUST_v2_snapshot_2026-08-25|human|elf4	TRRUST	TRRUST_v2_snapshot_2026-08-25	human	ELF4	elf4	TRRUST public regulon: ELF4 (human)	candidate	public_source_membership	6	6	exclude	Candidate source grouping only; not an exhaustive or context-specific biological regulon and not part of the frozen mechanism bundle.
TRRUST|TRRUST_v2_snapshot_2026-08-25|human|elk1	TRRUST	TRRUST_v2_snapshot_2026-08-25	human	ELK1	elk1	TRRUST public regulon: ELK1 (human)	candidate	public_source_membership	20	20	exclude	Candidate source grouping only; not an exhaustive or context-specific biological regulon and not part of the frozen mechanism bundle.
TRRUST|TRRUST_v2_snapshot_2026-08-25|human|elk3	TRRUST	TRRUST_v2_snapshot_2026-08-25	human	ELK3	elk3	TRRUST public regulon: ELK3 (human)	candidate	public_source_membership	1	1	exclude	Candidate source grouping only; not an exhaustive or context-specific biological regulon and not part of the frozen mechanism bundle.
TRRUST|TRRUST_v2_snapshot_2026-08-25|human|elk4	TRRUST	TRRUST_v2_snapshot_2026-08-25	human	ELK4	elk4	TRRUST public regulon: ELK4 (human)	candidate	public_source_membership	4	4	exclude	Candidate source grouping only; not an exhaustive or context-specific biological regulon and not part of the frozen mechanism bundle.
TRRUST|TRRUST_v2_snapshot_2026-08-25|human|ell	TRRUST	TRRUST_v2_snapshot_2026-08-25	human	ELL	ell	TRRUST public regulon: ELL (human)	candidate	public_source_membership	4	4	exclude	Candidate source grouping only; not an exhaustive or context-specific biological regulon and not part of the frozen mechanism bundle.
TRRUST|TRRUST_v2_snapshot_2026-08-25|human|en1	TRRUST	TRRUST_v2_snapshot_2026-08-25	human	EN1	en1	TRRUST public regulon: EN1 (human)	candidate	public_source_membership	1	1	exclude	Candidate source grouping only; not an exhaustive or context-specific biological regulon and not part of the frozen mechanism bundle.
TRRUST|TRRUST_v2_snapshot_2026-08-25|human|eno1	TRRUST	TRRUST_v2_snapshot_2026-08-25	human	ENO1	eno1	TRRUST public regulon: ENO1 (human)	candidate	public_source_membership	5	5	exclude	Candidate source grouping only; not an exhaustive or context-specific biological regulon and not part of the frozen mechanism bundle.
TRRUST|TRRUST_v2_snapshot_2026-08-25|human|eomes	TRRUST	TRRUST_v2_snapshot_2026-08-25	human	EOMES	eomes	TRRUST public regulon: EOMES (human)	candidate	public_source_membership	1	1	exclude	Candidate source grouping only; not an exhaustive or context-specific biological regulon and not part of the frozen mechanism bundle.
TRRUST|TRRUST_v2_snapshot_2026-08-25|human|ep300	TRRUST	TRRUST_v2_snapshot_2026-08-25	human	EP300	ep300	TRRUST public regulon: EP300 (human)	candidate	public_source_membership	60	60	exclude	Candidate source grouping only; not an exhaustive or context-specific biological regulon and not part of the frozen mechanism bundle.
TRRUST|TRRUST_v2_snapshot_2026-08-25|human|epas1	TRRUST	TRRUST_v2_snapshot_2026-08-25	human	EPAS1	epas1	TRRUST public regulon: EPAS1 (human)	candidate	public_source_membership	11	11	exclude	Candidate source grouping only; not an exhaustive or context-specific biological regulon and not part of the frozen mechanism bundle.
TRRUST|TRRUST_v2_snapshot_2026-08-25|human|ercc2	TRRUST	TRRUST_v2_snapshot_2026-08-25	human	ERCC2	ercc2	TRRUST public regulon: ERCC2 (human)	candidate	public_source_membership	8	8	exclude	Candidate source grouping only; not an exhaustive or context-specific biological regulon and not part of the frozen mechanism bundle.
TRRUST|TRRUST_v2_snapshot_2026-08-25|human|erf	TRRUST	TRRUST_v2_snapshot_2026-08-25	human	ERF	erf	TRRUST public regulon: ERF (human)	candidate	public_source_membership	3	3	exclude	Candidate source grouping only; not an exhaustive or context-specific biological regulon and not part of the frozen mechanism bundle.
TRRUST|TRRUST_v2_snapshot_2026-08-25|human|erg	TRRUST	TRRUST_v2_snapshot_2026-08-25	human	ERG	erg	TRRUST public regulon: ERG (human)	candidate	public_source_membership	30	30	exclude	Candidate source grouping only; not an exhaustive or context-specific biological regulon and not part of the frozen mechanism bundle.
TRRUST|TRRUST_v2_snapshot_2026-08-25|human|esr1	TRRUST	TRRUST_v2_snapshot_2026-08-25	human	ESR1	esr1	TRRUST public regulon: ESR1 (human)	candidate	public_source_membership	86	86	exclude	Candidate source grouping only; not an exhaustive or context-specific biological regulon and not part of the frozen mechanism bundle.
TRRUST|TRRUST_v2_snapshot_2026-08-25|human|esr2	TRRUST	TRRUST_v2_snapshot_2026-08-25	human	ESR2	esr2	TRRUST public regulon: ESR2 (human)	candidate	public_source_membership	20	20	exclude	Candidate source grouping only; not an exhaustive or context-specific biological regulon and not part of the frozen mechanism bundle.
TRRUST|TRRUST_v2_snapshot_2026-08-25|human|esrra	TRRUST	TRRUST_v2_snapshot_2026-08-25	human	ESRRA	esrra	TRRUST public regulon: ESRRA (human)	candidate	public_source_membership	10	10	exclude	Candidate source grouping only; not an exhaustive or context-specific biological regulon and not part of the frozen mechanism bundle.
TRRUST|TRRUST_v2_snapshot_2026-08-25|human|esrrb	TRRUST	TRRUST_v2_snapshot_2026-08-25	human	ESRRB	esrrb	TRRUST public regulon: ESRRB (human)	candidate	public_source_membership	1	1	exclude	Candidate source grouping only; not an exhaustive or context-specific biological regulon and not part of the frozen mechanism bundle.
TRRUST|TRRUST_v2_snapshot_2026-08-25|human|esrrg	TRRUST	TRRUST_v2_snapshot_2026-08-25	human	ESRRG	esrrg	TRRUST public regulon: ESRRG (human)	candidate	public_source_membership	1	1	exclude	Candidate source grouping only; not an exhaustive or context-specific biological regulon and not part of the frozen mechanism bundle.
TRRUST|TRRUST_v2_snapshot_2026-08-25|human|ets1	TRRUST	TRRUST_v2_snapshot_2026-08-25	human	ETS1	ets1	TRRUST public regulon: ETS1 (human)	candidate	public_source_membership	89	89	exclude	Candidate source grouping only; not an exhaustive or context-specific biological regulon and not part of the frozen mechanism bundle.
TRRUST|TRRUST_v2_snapshot_2026-08-25|human|ets2	TRRUST	TRRUST_v2_snapshot_2026-08-25	human	ETS2	ets2	TRRUST public regulon: ETS2 (human)	candidate	public_source_membership	32	32	exclude	Candidate source grouping only; not an exhaustive or context-specific biological regulon and not part of the frozen mechanism bundle.
TRRUST|TRRUST_v2_snapshot_2026-08-25|human|etv1	TRRUST	TRRUST_v2_snapshot_2026-08-25	human	ETV1	etv1	TRRUST public regulon: ETV1 (human)	candidate	public_source_membership	2	2	exclude	Candidate source grouping only; not an exhaustive or context-specific biological regulon and not part of the frozen mechanism bundle.
TRRUST|TRRUST_v2_snapshot_2026-08-25|human|etv3	TRRUST	TRRUST_v2_snapshot_2026-08-25	human	ETV3	etv3	TRRUST public regulon: ETV3 (human)	candidate	public_source_membership	3	3	exclude	Candidate source grouping only; not an exhaustive or context-specific biological regulon and not part of the frozen mechanism bundle.
TRRUST|TRRUST_v2_snapshot_2026-08-25|human|etv4	TRRUST	TRRUST_v2_snapshot_2026-08-25	human	ETV4	etv4	TRRUST public regulon: ETV4 (human)	candidate	public_source_membership	24	24	exclude	Candidate source grouping only; not an exhaustive or context-specific biological regulon and not part of the frozen mechanism bundle.
TRRUST|TRRUST_v2_snapshot_2026-08-25|human|etv5	TRRUST	TRRUST_v2_snapshot_2026-08-25	human	ETV5	etv5	TRRUST public regulon: ETV5 (human)	candidate	public_source_membership	2	2	exclude	Candidate source grouping only; not an exhaustive or context-specific biological regulon and not part of the frozen mechanism bundle.
TRRUST|TRRUST_v2_snapshot_2026-08-25|human|etv6	TRRUST	TRRUST_v2_snapshot_2026-08-25	human	ETV6	etv6	TRRUST public regulon: ETV6 (human)	candidate	public_source_membership	5	5	exclude	Candidate source grouping only; not an exhaustive or context-specific biological regulon and not part of the frozen mechanism bundle.
TRRUST|TRRUST_v2_snapshot_2026-08-25|human|etv7	TRRUST	TRRUST_v2_snapshot_2026-08-25	human	ETV7	etv7	TRRUST public regulon: ETV7 (human)	candidate	public_source_membership	3	3	exclude	Candidate source grouping only; not an exhaustive or context-specific biological regulon and not part of the frozen mechanism bundle.
TRRUST|TRRUST_v2_snapshot_2026-08-25|human|evx1	TRRUST	TRRUST_v2_snapshot_2026-08-25	human	EVX1	evx1	TRRUST public regulon: EVX1 (human)	candidate	public_source_membership	1	1	exclude	Candidate source grouping only; not an exhaustive or context-specific biological regulon and not part of the frozen mechanism bundle.
TRRUST|TRRUST_v2_snapshot_2026-08-25|human|ewsr1	TRRUST	TRRUST_v2_snapshot_2026-08-25	human	EWSR1	ewsr1	TRRUST public regulon: EWSR1 (human)	candidate	public_source_membership	9	9	exclude	Candidate source grouping only; not an exhaustive or context-specific biological regulon and not part of the frozen mechanism bundle.
TRRUST|TRRUST_v2_snapshot_2026-08-25|human|ezh2	TRRUST	TRRUST_v2_snapshot_2026-08-25	human	EZH2	ezh2	TRRUST public regulon: EZH2 (human)	candidate	public_source_membership	43	43	exclude	Candidate source grouping only; not an exhaustive or context-specific biological regulon and not part of the frozen mechanism bundle.
TRRUST|TRRUST_v2_snapshot_2026-08-25|human|fhl2	TRRUST	TRRUST_v2_snapshot_2026-08-25	human	FHL2	fhl2	TRRUST public regulon: FHL2 (human)	candidate	public_source_membership	5	5	exclude	Candidate source grouping only; not an exhaustive or context-specific biological regulon and not part of the frozen mechanism bundle.
TRRUST|TRRUST_v2_snapshot_2026-08-25|human|figla	TRRUST	TRRUST_v2_snapshot_2026-08-25	human	FIGLA	figla	TRRUST public regulon: FIGLA (human)	candidate	public_source_membership	1	1	exclude	Candidate source grouping only; not an exhaustive or context-specific biological regulon and not part of the frozen mechanism bundle.
TRRUST|TRRUST_v2_snapshot_2026-08-25|human|fli1	TRRUST	TRRUST_v2_snapshot_2026-08-25	human	FLI1	fli1	TRRUST public regulon: FLI1 (human)	candidate	public_source_membership	26	26	exclude	Candidate source grouping only; not an exhaustive or context-specific biological regulon and not part of the frozen mechanism bundle.
TRRUST|TRRUST_v2_snapshot_2026-08-25|human|fos	TRRUST	TRRUST_v2_snapshot_2026-08-25	human	FOS	fos	TRRUST public regulon: FOS (human)	candidate	public_source_membership	63	63	exclude	Candidate source grouping only; not an exhaustive or context-specific biological regulon and not part of the frozen mechanism bundle.
TRRUST|TRRUST_v2_snapshot_2026-08-25|human|fosb	TRRUST	TRRUST_v2_snapshot_2026-08-25	human	FOSB	fosb	TRRUST public regulon: FOSB (human)	candidate	public_source_membership	4	4	exclude	Candidate source grouping only; not an exhaustive or context-specific biological regulon and not part of the frozen mechanism bundle.
TRRUST|TRRUST_v2_snapshot_2026-08-25|human|fosl1	TRRUST	TRRUST_v2_snapshot_2026-08-25	human	FOSL1	fosl1	TRRUST public regulon: FOSL1 (human)	candidate	public_source_membership	9	9	exclude	Candidate source grouping only; not an exhaustive or context-specific biological regulon and not part of the frozen mechanism bundle.
TRRUST|TRRUST_v2_snapshot_2026-08-25|human|fosl2	TRRUST	TRRUST_v2_snapshot_2026-08-25	human	FOSL2	fosl2	TRRUST public regulon: FOSL2 (human)	candidate	public_source_membership	15	15	exclude	Candidate source grouping only; not an exhaustive or context-specific biological regulon and not part of the frozen mechanism bundle.
TRRUST|TRRUST_v2_snapshot_2026-08-25|human|foxa1	TRRUST	TRRUST_v2_snapshot_2026-08-25	human	FOXA1	foxa1	TRRUST public regulon: FOXA1 (human)	candidate	public_source_membership	21	21	exclude	Candidate source grouping only; not an exhaustive or context-specific biological regulon and not part of the frozen mechanism bundle.
TRRUST|TRRUST_v2_snapshot_2026-08-25|human|foxa2	TRRUST	TRRUST_v2_snapshot_2026-08-25	human	FOXA2	foxa2	TRRUST public regulon: FOXA2 (human)	candidate	public_source_membership	18	18	exclude	Candidate source grouping only; not an exhaustive or context-specific biological regulon and not part of the frozen mechanism bundle.
TRRUST|TRRUST_v2_snapshot_2026-08-25|human|foxa3	TRRUST	TRRUST_v2_snapshot_2026-08-25	human	FOXA3	foxa3	TRRUST public regulon: FOXA3 (human)	candidate	public_source_membership	2	2	exclude	Candidate source grouping only; not an exhaustive or context-specific biological regulon and not part of the frozen mechanism bundle.
TRRUST|TRRUST_v2_snapshot_2026-08-25|human|foxc1	TRRUST	TRRUST_v2_snapshot_2026-08-25	human	FOXC1	foxc1	TRRUST public regulon: FOXC1 (human)	candidate	public_source_membership	2	2	exclude	Candidate source grouping only; not an exhaustive or context-specific biological regulon and not part of the frozen mechanism bundle.
TRRUST|TRRUST_v2_snapshot_2026-08-25|human|foxc2	TRRUST	TRRUST_v2_snapshot_2026-08-25	human	FOXC2	foxc2	TRRUST public regulon: FOXC2 (human)	candidate	public_source_membership	1	1	exclude	Candidate source grouping only; not an exhaustive or context-specific biological regulon and not part of the frozen mechanism bundle.
TRRUST|TRRUST_v2_snapshot_2026-08-25|human|foxd3	TRRUST	TRRUST_v2_snapshot_2026-08-25	human	FOXD3	foxd3	TRRUST public regulon: FOXD3 (human)	candidate	public_source_membership	8	8	exclude	Candidate source grouping only; not an exhaustive or context-specific biological regulon and not part of the frozen mechanism bundle.
TRRUST|TRRUST_v2_snapshot_2026-08-25|human|foxe1	TRRUST	TRRUST_v2_snapshot_2026-08-25	human	FOXE1	foxe1	TRRUST public regulon: FOXE1 (human)	candidate	public_source_membership	2	2	exclude	Candidate source grouping only; not an exhaustive or context-specific biological regulon and not part of the frozen mechanism bundle.
TRRUST|TRRUST_v2_snapshot_2026-08-25|human|foxf1	TRRUST	TRRUST_v2_snapshot_2026-08-25	human	FOXF1	foxf1	TRRUST public regulon: FOXF1 (human)	candidate	public_source_membership	2	2	exclude	Candidate source grouping only; not an exhaustive or context-specific biological regulon and not part of the frozen mechanism bundle.
TRRUST|TRRUST_v2_snapshot_2026-08-25|human|foxf2	TRRUST	TRRUST_v2_snapshot_2026-08-25	human	FOXF2	foxf2	TRRUST public regulon: FOXF2 (human)	candidate	public_source_membership	8	8	exclude	Candidate source grouping only; not an exhaustive or context-specific biological regulon and not part of the frozen mechanism bundle.
TRRUST|TRRUST_v2_snapshot_2026-08-25|human|foxg1	TRRUST	TRRUST_v2_snapshot_2026-08-25	human	FOXG1	foxg1	TRRUST public regulon: FOXG1 (human)	candidate	public_source_membership	1	1	exclude	Candidate source grouping only; not an exhaustive or context-specific biological regulon and not part of the frozen mechanism bundle.
TRRUST|TRRUST_v2_snapshot_2026-08-25|human|foxh1	TRRUST	TRRUST_v2_snapshot_2026-08-25	human	FOXH1	foxh1	TRRUST public regulon: FOXH1 (human)	candidate	public_source_membership	2	2	exclude	Candidate source grouping only; not an exhaustive or context-specific biological regulon and not part of the frozen mechanism bundle.
TRRUST|TRRUST_v2_snapshot_2026-08-25|human|foxi1	TRRUST	TRRUST_v2_snapshot_2026-08-25	human	FOXI1	foxi1	TRRUST public regulon: FOXI1 (human)	candidate	public_source_membership	2	2	exclude	Candidate source grouping only; not an exhaustive or context-specific biological regulon and not part of the frozen mechanism bundle.
TRRUST|TRRUST_v2_snapshot_2026-08-25|human|foxj1	TRRUST	TRRUST_v2_snapshot_2026-08-25	human	FOXJ1	foxj1	TRRUST public regulon: FOXJ1 (human)	candidate	public_source_membership	1	1	exclude	Candidate source grouping only; not an exhaustive or context-specific biological regulon and not part of the frozen mechanism bundle.
TRRUST|TRRUST_v2_snapshot_2026-08-25|human|foxk2	TRRUST	TRRUST_v2_snapshot_2026-08-25	human	FOXK2	foxk2	TRRUST public regulon: FOXK2 (human)	candidate	public_source_membership	2	2	exclude	Candidate source grouping only; not an exhaustive or context-specific biological regulon and not part of the frozen mechanism bundle.
TRRUST|TRRUST_v2_snapshot_2026-08-25|human|foxl1	TRRUST	TRRUST_v2_snapshot_2026-08-25	human	FOXL1	foxl1	TRRUST public regulon: FOXL1 (human)	candidate	public_source_membership	1	1	exclude	Candidate source grouping only; not an exhaustive or context-specific biological regulon and not part of the frozen mechanism bundle.
TRRUST|TRRUST_v2_snapshot_2026-08-25|human|foxl2	TRRUST	TRRUST_v2_snapshot_2026-08-25	human	FOXL2	foxl2	TRRUST public regulon: FOXL2 (human)	candidate	public_source_membership	5	5	exclude	Candidate source grouping only; not an exhaustive or context-specific biological regulon and not part of the frozen mechanism bundle.
TRRUST|TRRUST_v2_snapshot_2026-08-25|human|foxm1	TRRUST	TRRUST_v2_snapshot_2026-08-25	human	FOXM1	foxm1	TRRUST public regulon: FOXM1 (human)	candidate	public_source_membership	17	17	exclude	Candidate source grouping only; not an exhaustive or context-specific biological regulon and not part of the frozen mechanism bundle.
TRRUST|TRRUST_v2_snapshot_2026-08-25|human|foxn1	TRRUST	TRRUST_v2_snapshot_2026-08-25	human	FOXN1	foxn1	TRRUST public regulon: FOXN1 (human)	candidate	public_source_membership	1	1	exclude	Candidate source grouping only; not an exhaustive or context-specific biological regulon and not part of the frozen mechanism bundle.
TRRUST|TRRUST_v2_snapshot_2026-08-25|human|foxn4	TRRUST	TRRUST_v2_snapshot_2026-08-25	human	FOXN4	foxn4	TRRUST public regulon: FOXN4 (human)	candidate	public_source_membership	1	1	exclude	Candidate source grouping only; not an exhaustive or context-specific biological regulon and not part of the frozen mechanism bundle.
TRRUST|TRRUST_v2_snapshot_2026-08-25|human|foxo1	TRRUST	TRRUST_v2_snapshot_2026-08-25	human	FOXO1	foxo1	TRRUST public regulon: FOXO1 (human)	candidate	public_source_membership	26	26	exclude	Candidate source grouping only; not an exhaustive or context-specific biological regulon and not part of the frozen mechanism bundle.
TRRUST|TRRUST_v2_snapshot_2026-08-25|human|foxo3	TRRUST	TRRUST_v2_snapshot_2026-08-25	human	FOXO3	foxo3	TRRUST public regulon: FOXO3 (human)	candidate	public_source_membership	19	19	exclude	Candidate source grouping only; not an exhaustive or context-specific biological regulon and not part of the frozen mechanism bundle.
TRRUST|TRRUST_v2_snapshot_2026-08-25|human|foxo4	TRRUST	TRRUST_v2_snapshot_2026-08-25	human	FOXO4	foxo4	TRRUST public regulon: FOXO4 (human)	candidate	public_source_membership	6	6	exclude	Candidate source grouping only; not an exhaustive or context-specific biological regulon and not part of the frozen mechanism bundle.
TRRUST|TRRUST_v2_snapshot_2026-08-25|human|foxp1	TRRUST	TRRUST_v2_snapshot_2026-08-25	human	FOXP1	foxp1	TRRUST public regulon: FOXP1 (human)	candidate	public_source_membership	3	3	exclude	Candidate source grouping only; not an exhaustive or context-specific biological regulon and not part of the frozen mechanism bundle.
TRRUST|TRRUST_v2_snapshot_2026-08-25|human|foxp2	TRRUST	TRRUST_v2_snapshot_2026-08-25	human	FOXP2	foxp2	TRRUST public regulon: FOXP2 (human)	candidate	public_source_membership	8	8	exclude	Candidate source grouping only; not an exhaustive or context-specific biological regulon and not part of the frozen mechanism bundle.
TRRUST|TRRUST_v2_snapshot_2026-08-25|human|foxp3	TRRUST	TRRUST_v2_snapshot_2026-08-25	human	FOXP3	foxp3	TRRUST public regulon: FOXP3 (human)	candidate	public_source_membership	11	11	exclude	Candidate source grouping only; not an exhaustive or context-specific biological regulon and not part of the frozen mechanism bundle.
TRRUST|TRRUST_v2_snapshot_2026-08-25|human|foxq1	TRRUST	TRRUST_v2_snapshot_2026-08-25	human	FOXQ1	foxq1	TRRUST public regulon: FOXQ1 (human)	candidate	public_source_membership	6	6	exclude	Candidate source grouping only; not an exhaustive or context-specific biological regulon and not part of the frozen mechanism bundle.
TRRUST|TRRUST_v2_snapshot_2026-08-25|human|fubp1	TRRUST	TRRUST_v2_snapshot_2026-08-25	human	FUBP1	fubp1	TRRUST public regulon: FUBP1 (human)	candidate	public_source_membership	2	2	exclude	Candidate source grouping only; not an exhaustive or context-specific biological regulon and not part of the frozen mechanism bundle.
TRRUST|TRRUST_v2_snapshot_2026-08-25|human|fubp3	TRRUST	TRRUST_v2_snapshot_2026-08-25	human	FUBP3	fubp3	TRRUST public regulon: FUBP3 (human)	candidate	public_source_membership	1	1	exclude	Candidate source grouping only; not an exhaustive or context-specific biological regulon and not part of the frozen mechanism bundle.
TRRUST|TRRUST_v2_snapshot_2026-08-25|human|fus	TRRUST	TRRUST_v2_snapshot_2026-08-25	human	FUS	fus	TRRUST public regulon: FUS (human)	candidate	public_source_membership	4	4	exclude	Candidate source grouping only; not an exhaustive or context-specific biological regulon and not part of the frozen mechanism bundle.
TRRUST|TRRUST_v2_snapshot_2026-08-25|human|gabpa	TRRUST	TRRUST_v2_snapshot_2026-08-25	human	GABPA	gabpa	TRRUST public regulon: GABPA (human)	candidate	public_source_membership	5	5	exclude	Candidate source grouping only; not an exhaustive or context-specific biological regulon and not part of the frozen mechanism bundle.
TRRUST|TRRUST_v2_snapshot_2026-08-25|human|gabpb1	TRRUST	TRRUST_v2_snapshot_2026-08-25	human	GABPB1	gabpb1	TRRUST public regulon: GABPB1 (human)	candidate	public_source_membership	1	1	exclude	Candidate source grouping only; not an exhaustive or context-specific biological regulon and not part of the frozen mechanism bundle.
TRRUST|TRRUST_v2_snapshot_2026-08-25|human|gabpb2	TRRUST	TRRUST_v2_snapshot_2026-08-25	human	GABPB2	gabpb2	TRRUST public regulon: GABPB2 (human)	candidate	public_source_membership	1	1	exclude	Candidate source grouping only; not an exhaustive or context-specific biological regulon and not part of the frozen mechanism bundle.
TRRUST|TRRUST_v2_snapshot_2026-08-25|human|gata1	TRRUST	TRRUST_v2_snapshot_2026-08-25	human	GATA1	gata1	TRRUST public regulon: GATA1 (human)	candidate	public_source_membership	66	66	exclude	Candidate source grouping only; not an exhaustive or context-specific biological regulon and not part of the frozen mechanism bundle.
TRRUST|TRRUST_v2_snapshot_2026-08-25|human|gata2	TRRUST	TRRUST_v2_snapshot_2026-08-25	human	GATA2	gata2	TRRUST public regulon: GATA2 (human)	candidate	public_source_membership	20	20	exclude	Candidate source grouping only; not an exhaustive or context-specific biological regulon and not part of the frozen mechanism bundle.
TRRUST|TRRUST_v2_snapshot_2026-08-25|human|gata3	TRRUST	TRRUST_v2_snapshot_2026-08-25	human	GATA3	gata3	TRRUST public regulon: GATA3 (human)	candidate	public_source_membership	39	39	exclude	Candidate source grouping only; not an exhaustive or context-specific biological regulon and not part of the frozen mechanism bundle.
TRRUST|TRRUST_v2_snapshot_2026-08-25|human|gata4	TRRUST	TRRUST_v2_snapshot_2026-08-25	human	GATA4	gata4	TRRUST public regulon: GATA4 (human)	candidate	public_source_membership	20	20	exclude	Candidate source grouping only; not an exhaustive or context-specific biological regulon and not part of the frozen mechanism bundle.
TRRUST|TRRUST_v2_snapshot_2026-08-25|human|gata5	TRRUST	TRRUST_v2_snapshot_2026-08-25	human	GATA5	gata5	TRRUST public regulon: GATA5 (human)	candidate	public_source_membership	1	1	exclude	Candidate source grouping only; not an exhaustive or context-specific biological regulon and not part of the frozen mechanism bundle.
TRRUST|TRRUST_v2_snapshot_2026-08-25|human|gata6	TRRUST	TRRUST_v2_snapshot_2026-08-25	human	GATA6	gata6	TRRUST public regulon: GATA6 (human)	candidate	public_source_membership	10	10	exclude	Candidate source grouping only; not an exhaustive or context-specific biological regulon and not part of the frozen mechanism bundle.
TRRUST|TRRUST_v2_snapshot_2026-08-25|human|gbx2	TRRUST	TRRUST_v2_snapshot_2026-08-25	human	GBX2	gbx2	TRRUST public regulon: GBX2 (human)	candidate	public_source_membership	1	1	exclude	Candidate source grouping only; not an exhaustive or context-specific biological regulon and not part of the frozen mechanism bundle.
TRRUST|TRRUST_v2_snapshot_2026-08-25|human|gcm1	TRRUST	TRRUST_v2_snapshot_2026-08-25	human	GCM1	gcm1	TRRUST public regulon: GCM1 (human)	candidate	public_source_membership	4	4	exclude	Candidate source grouping only; not an exhaustive or context-specific biological regulon and not part of the frozen mechanism bundle.
TRRUST|TRRUST_v2_snapshot_2026-08-25|human|gcm2	TRRUST	TRRUST_v2_snapshot_2026-08-25	human	GCM2	gcm2	TRRUST public regulon: GCM2 (human)	candidate	public_source_membership	2	2	exclude	Candidate source grouping only; not an exhaustive or context-specific biological regulon and not part of the frozen mechanism bundle.
TRRUST|TRRUST_v2_snapshot_2026-08-25|human|gfi1	TRRUST	TRRUST_v2_snapshot_2026-08-25	human	GFI1	gfi1	TRRUST public regulon: GFI1 (human)	candidate	public_source_membership	6	6	exclude	Candidate source grouping only; not an exhaustive or context-specific biological regulon and not part of the frozen mechanism bundle.
TRRUST|TRRUST_v2_snapshot_2026-08-25|human|gfi1b	TRRUST	TRRUST_v2_snapshot_2026-08-25	human	GFI1B	gfi1b	TRRUST public regulon: GFI1B (human)	candidate	public_source_membership	1	1	exclude	Candidate source grouping only; not an exhaustive or context-specific biological regulon and not part of the frozen mechanism bundle.
TRRUST|TRRUST_v2_snapshot_2026-08-25|human|gli1	TRRUST	TRRUST_v2_snapshot_2026-08-25	human	GLI1	gli1	TRRUST public regulon: GLI1 (human)	candidate	public_source_membership	21	21	exclude	Candidate source grouping only; not an exhaustive or context-specific biological regulon and not part of the frozen mechanism bundle.
TRRUST|TRRUST_v2_snapshot_2026-08-25|human|gli2	TRRUST	TRRUST_v2_snapshot_2026-08-25	human	GLI2	gli2	TRRUST public regulon: GLI2 (human)	candidate	public_source_membership	19	19	exclude	Candidate source grouping only; not an exhaustive or context-specific biological regulon and not part of the frozen mechanism bundle.
TRRUST|TRRUST_v2_snapshot_2026-08-25|human|gli3	TRRUST	TRRUST_v2_snapshot_2026-08-25	human	GLI3	gli3	TRRUST public regulon: GLI3 (human)	candidate	public_source_membership	3	3	exclude	Candidate source grouping only; not an exhaustive or context-specific biological regulon and not part of the frozen mechanism bundle.
TRRUST|TRRUST_v2_snapshot_2026-08-25|human|glis3	TRRUST	TRRUST_v2_snapshot_2026-08-25	human	GLIS3	glis3	TRRUST public regulon: GLIS3 (human)	candidate	public_source_membership	1	1	exclude	Candidate source grouping only; not an exhaustive or context-specific biological regulon and not part of the frozen mechanism bundle.
TRRUST|TRRUST_v2_snapshot_2026-08-25|human|grhl1	TRRUST	TRRUST_v2_snapshot_2026-08-25	human	GRHL1	grhl1	TRRUST public regulon: GRHL1 (human)	candidate	public_source_membership	1	1	exclude	Candidate source grouping only; not an exhaustive or context-specific biological regulon and not part of the frozen mechanism bundle.
TRRUST|TRRUST_v2_snapshot_2026-08-25|human|gsc	TRRUST	TRRUST_v2_snapshot_2026-08-25	human	GSC	gsc	TRRUST public regulon: GSC (human)	candidate	public_source_membership	1	1	exclude	Candidate source grouping only; not an exhaustive or context-specific biological regulon and not part of the frozen mechanism bundle.
TRRUST|TRRUST_v2_snapshot_2026-08-25|human|gtf2a1	TRRUST	TRRUST_v2_snapshot_2026-08-25	human	GTF2A1	gtf2a1	TRRUST public regulon: GTF2A1 (human)	candidate	public_source_membership	1	1	exclude	Candidate source grouping only; not an exhaustive or context-specific biological regulon and not part of the frozen mechanism bundle.
TRRUST|TRRUST_v2_snapshot_2026-08-25|human|gtf2b	TRRUST	TRRUST_v2_snapshot_2026-08-25	human	GTF2B	gtf2b	TRRUST public regulon: GTF2B (human)	candidate	public_source_membership	1	1	exclude	Candidate source grouping only; not an exhaustive or context-specific biological regulon and not part of the frozen mechanism bundle.
TRRUST|TRRUST_v2_snapshot_2026-08-25|human|gtf2f1	TRRUST	TRRUST_v2_snapshot_2026-08-25	human	GTF2F1	gtf2f1	TRRUST public regulon: GTF2F1 (human)	candidate	public_source_membership	1	1	exclude	Candidate source grouping only; not an exhaustive or context-specific biological regulon and not part of the frozen mechanism bundle.
TRRUST|TRRUST_v2_snapshot_2026-08-25|human|gtf2i	TRRUST	TRRUST_v2_snapshot_2026-08-25	human	GTF2I	gtf2i	TRRUST public regulon: GTF2I (human)	candidate	public_source_membership	3	3	exclude	Candidate source grouping only; not an exhaustive or context-specific biological regulon and not part of the frozen mechanism bundle.
TRRUST|TRRUST_v2_snapshot_2026-08-25|human|gtf3a	TRRUST	TRRUST_v2_snapshot_2026-08-25	human	GTF3A	gtf3a	TRRUST public regulon: GTF3A (human)	candidate	public_source_membership	5	5	exclude	Candidate source grouping only; not an exhaustive or context-specific biological regulon and not part of the frozen mechanism bundle.
TRRUST|TRRUST_v2_snapshot_2026-08-25|human|gzf1	TRRUST	TRRUST_v2_snapshot_2026-08-25	human	GZF1	gzf1	TRRUST public regulon: GZF1 (human)	candidate	public_source_membership	1	1	exclude	Candidate source grouping only; not an exhaustive or context-specific biological regulon and not part of the frozen mechanism bundle.
TRRUST|TRRUST_v2_snapshot_2026-08-25|human|hand2	TRRUST	TRRUST_v2_snapshot_2026-08-25	human	HAND2	hand2	TRRUST public regulon: HAND2 (human)	candidate	public_source_membership	4	4	exclude	Candidate source grouping only; not an exhaustive or context-specific biological regulon and not part of the frozen mechanism bundle.
TRRUST|TRRUST_v2_snapshot_2026-08-25|human|hax1	TRRUST	TRRUST_v2_snapshot_2026-08-25	human	HAX1	hax1	TRRUST public regulon: HAX1 (human)	candidate	public_source_membership	1	1	exclude	Candidate source grouping only; not an exhaustive or context-specific biological regulon and not part of the frozen mechanism bundle.
TRRUST|TRRUST_v2_snapshot_2026-08-25|human|hbp1	TRRUST	TRRUST_v2_snapshot_2026-08-25	human	HBP1	hbp1	TRRUST public regulon: HBP1 (human)	candidate	public_source_membership	4	4	exclude	Candidate source grouping only; not an exhaustive or context-specific biological regulon and not part of the frozen mechanism bundle.
TRRUST|TRRUST_v2_snapshot_2026-08-25|human|hcfc1	TRRUST	TRRUST_v2_snapshot_2026-08-25	human	HCFC1	hcfc1	TRRUST public regulon: HCFC1 (human)	candidate	public_source_membership	3	3	exclude	Candidate source grouping only; not an exhaustive or context-specific biological regulon and not part of the frozen mechanism bundle.
TRRUST|TRRUST_v2_snapshot_2026-08-25|human|hdac1	TRRUST	TRRUST_v2_snapshot_2026-08-25	human	HDAC1	hdac1	TRRUST public regulon: HDAC1 (human)	candidate	public_source_membership	82	82	exclude	Candidate source grouping only; not an exhaustive or context-specific biological regulon and not part of the frozen mechanism bundle.
TRRUST|TRRUST_v2_snapshot_2026-08-25|human|hdac10	TRRUST	TRRUST_v2_snapshot_2026-08-25	human	HDAC10	hdac10	TRRUST public regulon: HDAC10 (human)	candidate	public_source_membership	1	1	exclude	Candidate source grouping only; not an exhaustive or context-specific biological regulon and not part of the frozen mechanism bundle.
TRRUST|TRRUST_v2_snapshot_2026-08-25|human|hdac11	TRRUST	TRRUST_v2_snapshot_2026-08-25	human	HDAC11	hdac11	TRRUST public regulon: HDAC11 (human)	candidate	public_source_membership	5	5	exclude	Candidate source grouping only; not an exhaustive or context-specific biological regulon and not part of the frozen mechanism bundle.
TRRUST|TRRUST_v2_snapshot_2026-08-25|human|hdac2	TRRUST	TRRUST_v2_snapshot_2026-08-25	human	HDAC2	hdac2	TRRUST public regulon: HDAC2 (human)	candidate	public_source_membership	28	28	exclude	Candidate source grouping only; not an exhaustive or context-specific biological regulon and not part of the frozen mechanism bundle.
TRRUST|TRRUST_v2_snapshot_2026-08-25|human|hdac3	TRRUST	TRRUST_v2_snapshot_2026-08-25	human	HDAC3	hdac3	TRRUST public regulon: HDAC3 (human)	candidate	public_source_membership	24	24	exclude	Candidate source grouping only; not an exhaustive or context-specific biological regulon and not part of the frozen mechanism bundle.
TRRUST|TRRUST_v2_snapshot_2026-08-25|human|hdac4	TRRUST	TRRUST_v2_snapshot_2026-08-25	human	HDAC4	hdac4	TRRUST public regulon: HDAC4 (human)	candidate	public_source_membership	26	26	exclude	Candidate source grouping only; not an exhaustive or context-specific biological regulon and not part of the frozen mechanism bundle.
TRRUST|TRRUST_v2_snapshot_2026-08-25|human|hdac5	TRRUST	TRRUST_v2_snapshot_2026-08-25	human	HDAC5	hdac5	TRRUST public regulon: HDAC5 (human)	candidate	public_source_membership	10	10	exclude	Candidate source grouping only; not an exhaustive or context-specific biological regulon and not part of the frozen mechanism bundle.
TRRUST|TRRUST_v2_snapshot_2026-08-25|human|hdac7	TRRUST	TRRUST_v2_snapshot_2026-08-25	human	HDAC7	hdac7	TRRUST public regulon: HDAC7 (human)	candidate	public_source_membership	14	14	exclude	Candidate source grouping only; not an exhaustive or context-specific biological regulon and not part of the frozen mechanism bundle.
TRRUST|TRRUST_v2_snapshot_2026-08-25|human|hdac9	TRRUST	TRRUST_v2_snapshot_2026-08-25	human	HDAC9	hdac9	TRRUST public regulon: HDAC9 (human)	candidate	public_source_membership	19	19	exclude	Candidate source grouping only; not an exhaustive or context-specific biological regulon and not part of the frozen mechanism bundle.
TRRUST|TRRUST_v2_snapshot_2026-08-25|human|hdgf	TRRUST	TRRUST_v2_snapshot_2026-08-25	human	HDGF	hdgf	TRRUST public regulon: HDGF (human)	candidate	public_source_membership	6	6	exclude	Candidate source grouping only; not an exhaustive or context-specific biological regulon and not part of the frozen mechanism bundle.
TRRUST|TRRUST_v2_snapshot_2026-08-25|human|hes1	TRRUST	TRRUST_v2_snapshot_2026-08-25	human	HES1	hes1	TRRUST public regulon: HES1 (human)	candidate	public_source_membership	8	8	exclude	Candidate source grouping only; not an exhaustive or context-specific biological regulon and not part of the frozen mechanism bundle.
TRRUST|TRRUST_v2_snapshot_2026-08-25|human|hes6	TRRUST	TRRUST_v2_snapshot_2026-08-25	human	HES6	hes6	TRRUST public regulon: HES6 (human)	candidate	public_source_membership	2	2	exclude	Candidate source grouping only; not an exhaustive or context-specific biological regulon and not part of the frozen mechanism bundle.
TRRUST|TRRUST_v2_snapshot_2026-08-25|human|hexim1	TRRUST	TRRUST_v2_snapshot_2026-08-25	human	HEXIM1	hexim1	TRRUST public regulon: HEXIM1 (human)	candidate	public_source_membership	2	2	exclude	Candidate source grouping only; not an exhaustive or context-specific biological regulon and not part of the frozen mechanism bundle.
TRRUST|TRRUST_v2_snapshot_2026-08-25|human|hey1	TRRUST	TRRUST_v2_snapshot_2026-08-25	human	HEY1	hey1	TRRUST public regulon: HEY1 (human)	candidate	public_source_membership	7	7	exclude	Candidate source grouping only; not an exhaustive or context-specific biological regulon and not part of the frozen mechanism bundle.
TRRUST|TRRUST_v2_snapshot_2026-08-25|human|hey2	TRRUST	TRRUST_v2_snapshot_2026-08-25	human	HEY2	hey2	TRRUST public regulon: HEY2 (human)	candidate	public_source_membership	3	3	exclude	Candidate source grouping only; not an exhaustive or context-specific biological regulon and not part of the frozen mechanism bundle.
TRRUST|TRRUST_v2_snapshot_2026-08-25|human|heyl	TRRUST	TRRUST_v2_snapshot_2026-08-25	human	HEYL	heyl	TRRUST public regulon: HEYL (human)	candidate	public_source_membership	1	1	exclude	Candidate source grouping only; not an exhaustive or context-specific biological regulon and not part of the frozen mechanism bundle.
TRRUST|TRRUST_v2_snapshot_2026-08-25|human|hhex	TRRUST	TRRUST_v2_snapshot_2026-08-25	human	HHEX	hhex	TRRUST public regulon: HHEX (human)	candidate	public_source_membership	3	3	exclude	Candidate source grouping only; not an exhaustive or context-specific biological regulon and not part of the frozen mechanism bundle.
TRRUST|TRRUST_v2_snapshot_2026-08-25|human|hic1	TRRUST	TRRUST_v2_snapshot_2026-08-25	human	HIC1	hic1	TRRUST public regulon: HIC1 (human)	candidate	public_source_membership	11	11	exclude	Candidate source grouping only; not an exhaustive or context-specific biological regulon and not part of the frozen mechanism bundle.
TRRUST|TRRUST_v2_snapshot_2026-08-25|human|hif1a	TRRUST	TRRUST_v2_snapshot_2026-08-25	human	HIF1A	hif1a	TRRUST public regulon: HIF1A (human)	candidate	public_source_membership	95	95	exclude	Candidate source grouping only; not an exhaustive or context-specific biological regulon and not part of the frozen mechanism bundle.
TRRUST|TRRUST_v2_snapshot_2026-08-25|human|hif3a	TRRUST	TRRUST_v2_snapshot_2026-08-25	human	HIF3A	hif3a	TRRUST public regulon: HIF3A (human)	candidate	public_source_membership	2	2	exclude	Candidate source grouping only; not an exhaustive or context-specific biological regulon and not part of the frozen mechanism bundle.
TRRUST|TRRUST_v2_snapshot_2026-08-25|human|hinfp	TRRUST	TRRUST_v2_snapshot_2026-08-25	human	HINFP	hinfp	TRRUST public regulon: HINFP (human)	candidate	public_source_membership	1	1	exclude	Candidate source grouping only; not an exhaustive or context-specific biological regulon and not part of the frozen mechanism bundle.
TRRUST|TRRUST_v2_snapshot_2026-08-25|human|hipk2	TRRUST	TRRUST_v2_snapshot_2026-08-25	human	HIPK2	hipk2	TRRUST public regulon: HIPK2 (human)	candidate	public_source_membership	9	9	exclude	Candidate source grouping only; not an exhaustive or context-specific biological regulon and not part of the frozen mechanism bundle.
TRRUST|TRRUST_v2_snapshot_2026-08-25|human|hira	TRRUST	TRRUST_v2_snapshot_2026-08-25	human	HIRA	hira	TRRUST public regulon: HIRA (human)	candidate	public_source_membership	1	1	exclude	Candidate source grouping only; not an exhaustive or context-specific biological regulon and not part of the frozen mechanism bundle.
TRRUST|TRRUST_v2_snapshot_2026-08-25|human|hivep2	TRRUST	TRRUST_v2_snapshot_2026-08-25	human	HIVEP2	hivep2	TRRUST public regulon: HIVEP2 (human)	candidate	public_source_membership	6	6	exclude	Candidate source grouping only; not an exhaustive or context-specific biological regulon and not part of the frozen mechanism bundle.
TRRUST|TRRUST_v2_snapshot_2026-08-25|human|hlf	TRRUST	TRRUST_v2_snapshot_2026-08-25	human	HLF	hlf	TRRUST public regulon: HLF (human)	candidate	public_source_membership	2	2	exclude	Candidate source grouping only; not an exhaustive or context-specific biological regulon and not part of the frozen mechanism bundle.
TRRUST|TRRUST_v2_snapshot_2026-08-25|human|hltf	TRRUST	TRRUST_v2_snapshot_2026-08-25	human	HLTF	hltf	TRRUST public regulon: HLTF (human)	candidate	public_source_membership	2	2	exclude	Candidate source grouping only; not an exhaustive or context-specific biological regulon and not part of the frozen mechanism bundle.
TRRUST|TRRUST_v2_snapshot_2026-08-25|human|hlx	TRRUST	TRRUST_v2_snapshot_2026-08-25	human	HLX	hlx	TRRUST public regulon: HLX (human)	candidate	public_source_membership	2	2	exclude	Candidate source grouping only; not an exhaustive or context-specific biological regulon and not part of the frozen mechanism bundle.
TRRUST|TRRUST_v2_snapshot_2026-08-25|human|hmg20b	TRRUST	TRRUST_v2_snapshot_2026-08-25	human	HMG20B	hmg20b	TRRUST public regulon: HMG20B (human)	candidate	public_source_membership	1	1	exclude	Candidate source grouping only; not an exhaustive or context-specific biological regulon and not part of the frozen mechanism bundle.
TRRUST|TRRUST_v2_snapshot_2026-08-25|human|hmga1	TRRUST	TRRUST_v2_snapshot_2026-08-25	human	HMGA1	hmga1	TRRUST public regulon: HMGA1 (human)	candidate	public_source_membership	18	18	exclude	Candidate source grouping only; not an exhaustive or context-specific biological regulon and not part of the frozen mechanism bundle.
TRRUST|TRRUST_v2_snapshot_2026-08-25|human|hmga2	TRRUST	TRRUST_v2_snapshot_2026-08-25	human	HMGA2	hmga2	TRRUST public regulon: HMGA2 (human)	candidate	public_source_membership	5	5	exclude	Candidate source grouping only; not an exhaustive or context-specific biological regulon and not part of the frozen mechanism bundle.
TRRUST|TRRUST_v2_snapshot_2026-08-25|human|hmgb2	TRRUST	TRRUST_v2_snapshot_2026-08-25	human	HMGB2	hmgb2	TRRUST public regulon: HMGB2 (human)	candidate	public_source_membership	2	2	exclude	Candidate source grouping only; not an exhaustive or context-specific biological regulon and not part of the frozen mechanism bundle.
TRRUST|TRRUST_v2_snapshot_2026-08-25|human|hmgn1	TRRUST	TRRUST_v2_snapshot_2026-08-25	human	HMGN1	hmgn1	TRRUST public regulon: HMGN1 (human)	candidate	public_source_membership	3	3	exclude	Candidate source grouping only; not an exhaustive or context-specific biological regulon and not part of the frozen mechanism bundle.
TRRUST|TRRUST_v2_snapshot_2026-08-25|human|hnf1a	TRRUST	TRRUST_v2_snapshot_2026-08-25	human	HNF1A	hnf1a	TRRUST public regulon: HNF1A (human)	candidate	public_source_membership	27	27	exclude	Candidate source grouping only; not an exhaustive or context-specific biological regulon and not part of the frozen mechanism bundle.
TRRUST|TRRUST_v2_snapshot_2026-08-25|human|hnf1b	TRRUST	TRRUST_v2_snapshot_2026-08-25	human	HNF1B	hnf1b	TRRUST public regulon: HNF1B (human)	candidate	public_source_membership	2	2	exclude	Candidate source grouping only; not an exhaustive or context-specific biological regulon and not part of the frozen mechanism bundle.
TRRUST|TRRUST_v2_snapshot_2026-08-25|human|hnf4a	TRRUST	TRRUST_v2_snapshot_2026-08-25	human	HNF4A	hnf4a	TRRUST public regulon: HNF4A (human)	candidate	public_source_membership	46	46	exclude	Candidate source grouping only; not an exhaustive or context-specific biological regulon and not part of the frozen mechanism bundle.
TRRUST|TRRUST_v2_snapshot_2026-08-25|human|hnf4g	TRRUST	TRRUST_v2_snapshot_2026-08-25	human	HNF4G	hnf4g	TRRUST public regulon: HNF4G (human)	candidate	public_source_membership	3	3	exclude	Candidate source grouping only; not an exhaustive or context-specific biological regulon and not part of the frozen mechanism bundle.
TRRUST|TRRUST_v2_snapshot_2026-08-25|human|hnrnpd	TRRUST	TRRUST_v2_snapshot_2026-08-25	human	HNRNPD	hnrnpd	TRRUST public regulon: HNRNPD (human)	candidate	public_source_membership	1	1	exclude	Candidate source grouping only; not an exhaustive or context-specific biological regulon and not part of the frozen mechanism bundle.
TRRUST|TRRUST_v2_snapshot_2026-08-25|human|hnrnpr	TRRUST	TRRUST_v2_snapshot_2026-08-25	human	HNRNPR	hnrnpr	TRRUST public regulon: HNRNPR (human)	candidate	public_source_membership	1	1	exclude	Candidate source grouping only; not an exhaustive or context-specific biological regulon and not part of the frozen mechanism bundle.
TRRUST|TRRUST_v2_snapshot_2026-08-25|human|hopx	TRRUST	TRRUST_v2_snapshot_2026-08-25	human	HOPX	hopx	TRRUST public regulon: HOPX (human)	candidate	public_source_membership	3	3	exclude	Candidate source grouping only; not an exhaustive or context-specific biological regulon and not part of the frozen mechanism bundle.
TRRUST|TRRUST_v2_snapshot_2026-08-25|human|hoxa1	TRRUST	TRRUST_v2_snapshot_2026-08-25	human	HOXA1	hoxa1	TRRUST public regulon: HOXA1 (human)	candidate	public_source_membership	7	7	exclude	Candidate source grouping only; not an exhaustive or context-specific biological regulon and not part of the frozen mechanism bundle.
TRRUST|TRRUST_v2_snapshot_2026-08-25|human|hoxa10	TRRUST	TRRUST_v2_snapshot_2026-08-25	human	HOXA10	hoxa10	TRRUST public regulon: HOXA10 (human)	candidate	public_source_membership	16	16	exclude	Candidate source grouping only; not an exhaustive or context-specific biological regulon and not part of the frozen mechanism bundle.
TRRUST|TRRUST_v2_snapshot_2026-08-25|human|hoxa11	TRRUST	TRRUST_v2_snapshot_2026-08-25	human	HOXA11	hoxa11	TRRUST public regulon: HOXA11 (human)	candidate	public_source_membership	1	1	exclude	Candidate source grouping only; not an exhaustive or context-specific biological regulon and not part of the frozen mechanism bundle.
TRRUST|TRRUST_v2_snapshot_2026-08-25|human|hoxa4	TRRUST	TRRUST_v2_snapshot_2026-08-25	human	HOXA4	hoxa4	TRRUST public regulon: HOXA4 (human)	candidate	public_source_membership	1	1	exclude	Candidate source grouping only; not an exhaustive or context-specific biological regulon and not part of the frozen mechanism bundle.
TRRUST|TRRUST_v2_snapshot_2026-08-25|human|hoxa5	TRRUST	TRRUST_v2_snapshot_2026-08-25	human	HOXA5	hoxa5	TRRUST public regulon: HOXA5 (human)	candidate	public_source_membership	4	4	exclude	Candidate source grouping only; not an exhaustive or context-specific biological regulon and not part of the frozen mechanism bundle.
TRRUST|TRRUST_v2_snapshot_2026-08-25|human|hoxa7	TRRUST	TRRUST_v2_snapshot_2026-08-25	human	HOXA7	hoxa7	TRRUST public regulon: HOXA7 (human)	candidate	public_source_membership	5	5	exclude	Candidate source grouping only; not an exhaustive or context-specific biological regulon and not part of the frozen mechanism bundle.
TRRUST|TRRUST_v2_snapshot_2026-08-25|human|hoxa9	TRRUST	TRRUST_v2_snapshot_2026-08-25	human	HOXA9	hoxa9	TRRUST public regulon: HOXA9 (human)	candidate	public_source_membership	9	9	exclude	Candidate source grouping only; not an exhaustive or context-specific biological regulon and not part of the frozen mechanism bundle.
TRRUST|TRRUST_v2_snapshot_2026-08-25|human|hoxb1	TRRUST	TRRUST_v2_snapshot_2026-08-25	human	HOXB1	hoxb1	TRRUST public regulon: HOXB1 (human)	candidate	public_source_membership	1	1	exclude	Candidate source grouping only; not an exhaustive or context-specific biological regulon and not part of the frozen mechanism bundle.
TRRUST|TRRUST_v2_snapshot_2026-08-25|human|hoxb13	TRRUST	TRRUST_v2_snapshot_2026-08-25	human	HOXB13	hoxb13	TRRUST public regulon: HOXB13 (human)	candidate	public_source_membership	1	1	exclude	Candidate source grouping only; not an exhaustive or context-specific biological regulon and not part of the frozen mechanism bundle.
TRRUST|TRRUST_v2_snapshot_2026-08-25|human|hoxb4	TRRUST	TRRUST_v2_snapshot_2026-08-25	human	HOXB4	hoxb4	TRRUST public regulon: HOXB4 (human)	candidate	public_source_membership	1	1	exclude	Candidate source grouping only; not an exhaustive or context-specific biological regulon and not part of the frozen mechanism bundle.
TRRUST|TRRUST_v2_snapshot_2026-08-25|human|hoxb7	TRRUST	TRRUST_v2_snapshot_2026-08-25	human	HOXB7	hoxb7	TRRUST public regulon: HOXB7 (human)	candidate	public_source_membership	10	10	exclude	Candidate source grouping only; not an exhaustive or context-specific biological regulon and not part of the frozen mechanism bundle.
TRRUST|TRRUST_v2_snapshot_2026-08-25|human|hoxc10	TRRUST	TRRUST_v2_snapshot_2026-08-25	human	HOXC10	hoxc10	TRRUST public regulon: HOXC10 (human)	candidate	public_source_membership	1	1	exclude	Candidate source grouping only; not an exhaustive or context-specific biological regulon and not part of the frozen mechanism bundle.
TRRUST|TRRUST_v2_snapshot_2026-08-25|human|hoxc11	TRRUST	TRRUST_v2_snapshot_2026-08-25	human	HOXC11	hoxc11	TRRUST public regulon: HOXC11 (human)	candidate	public_source_membership	2	2	exclude	Candidate source grouping only; not an exhaustive or context-specific biological regulon and not part of the frozen mechanism bundle.
TRRUST|TRRUST_v2_snapshot_2026-08-25|human|hoxc13	TRRUST	TRRUST_v2_snapshot_2026-08-25	human	HOXC13	hoxc13	TRRUST public regulon: HOXC13 (human)	candidate	public_source_membership	2	2	exclude	Candidate source grouping only; not an exhaustive or context-specific biological regulon and not part of the frozen mechanism bundle.
TRRUST|TRRUST_v2_snapshot_2026-08-25|human|hoxc6	TRRUST	TRRUST_v2_snapshot_2026-08-25	human	HOXC6	hoxc6	TRRUST public regulon: HOXC6 (human)	candidate	public_source_membership	2	2	exclude	Candidate source grouping only; not an exhaustive or context-specific biological regulon and not part of the frozen mechanism bundle.
TRRUST|TRRUST_v2_snapshot_2026-08-25|human|hoxc8	TRRUST	TRRUST_v2_snapshot_2026-08-25	human	HOXC8	hoxc8	TRRUST public regulon: HOXC8 (human)	candidate	public_source_membership	1	1	exclude	Candidate source grouping only; not an exhaustive or context-specific biological regulon and not part of the frozen mechanism bundle.
TRRUST|TRRUST_v2_snapshot_2026-08-25|human|hoxc9	TRRUST	TRRUST_v2_snapshot_2026-08-25	human	HOXC9	hoxc9	TRRUST public regulon: HOXC9 (human)	candidate	public_source_membership	1	1	exclude	Candidate source grouping only; not an exhaustive or context-specific biological regulon and not part of the frozen mechanism bundle.
TRRUST|TRRUST_v2_snapshot_2026-08-25|human|hoxd1	TRRUST	TRRUST_v2_snapshot_2026-08-25	human	HOXD1	hoxd1	TRRUST public regulon: HOXD1 (human)	candidate	public_source_membership	1	1	exclude	Candidate source grouping only; not an exhaustive or context-specific biological regulon and not part of the frozen mechanism bundle.
TRRUST|TRRUST_v2_snapshot_2026-08-25|human|hoxd13	TRRUST	TRRUST_v2_snapshot_2026-08-25	human	HOXD13	hoxd13	TRRUST public regulon: HOXD13 (human)	candidate	public_source_membership	1	1	exclude	Candidate source grouping only; not an exhaustive or context-specific biological regulon and not part of the frozen mechanism bundle.
TRRUST|TRRUST_v2_snapshot_2026-08-25|human|hoxd3	TRRUST	TRRUST_v2_snapshot_2026-08-25	human	HOXD3	hoxd3	TRRUST public regulon: HOXD3 (human)	candidate	public_source_membership	5	5	exclude	Candidate source grouping only; not an exhaustive or context-specific biological regulon and not part of the frozen mechanism bundle.
TRRUST|TRRUST_v2_snapshot_2026-08-25|human|hoxd9	TRRUST	TRRUST_v2_snapshot_2026-08-25	human	HOXD9	hoxd9	TRRUST public regulon: HOXD9 (human)	candidate	public_source_membership	1	1	exclude	Candidate source grouping only; not an exhaustive or context-specific biological regulon and not part of the frozen mechanism bundle.
TRRUST|TRRUST_v2_snapshot_2026-08-25|human|hr	TRRUST	TRRUST_v2_snapshot_2026-08-25	human	HR	hr	TRRUST public regulon: HR (human)	candidate	public_source_membership	1	1	exclude	Candidate source grouping only; not an exhaustive or context-specific biological regulon and not part of the frozen mechanism bundle.
TRRUST|TRRUST_v2_snapshot_2026-08-25|human|hsf1	TRRUST	TRRUST_v2_snapshot_2026-08-25	human	HSF1	hsf1	TRRUST public regulon: HSF1 (human)	candidate	public_source_membership	33	33	exclude	Candidate source grouping only; not an exhaustive or context-specific biological regulon and not part of the frozen mechanism bundle.
TRRUST|TRRUST_v2_snapshot_2026-08-25|human|hsf2	TRRUST	TRRUST_v2_snapshot_2026-08-25	human	HSF2	hsf2	TRRUST public regulon: HSF2 (human)	candidate	public_source_membership	8	8	exclude	Candidate source grouping only; not an exhaustive or context-specific biological regulon and not part of the frozen mechanism bundle.
TRRUST|TRRUST_v2_snapshot_2026-08-25|human|hsf4	TRRUST	TRRUST_v2_snapshot_2026-08-25	human	HSF4	hsf4	TRRUST public regulon: HSF4 (human)	candidate	public_source_membership	5	5	exclude	Candidate source grouping only; not an exhaustive or context-specific biological regulon and not part of the frozen mechanism bundle.
TRRUST|TRRUST_v2_snapshot_2026-08-25|human|htatip2	TRRUST	TRRUST_v2_snapshot_2026-08-25	human	HTATIP2	htatip2	TRRUST public regulon: HTATIP2 (human)	candidate	public_source_membership	3	3	exclude	Candidate source grouping only; not an exhaustive or context-specific biological regulon and not part of the frozen mechanism bundle.
TRRUST|TRRUST_v2_snapshot_2026-08-25|human|id1	TRRUST	TRRUST_v2_snapshot_2026-08-25	human	ID1	id1	TRRUST public regulon: ID1 (human)	candidate	public_source_membership	1	1	exclude	Candidate source grouping only; not an exhaustive or context-specific biological regulon and not part of the frozen mechanism bundle.
TRRUST|TRRUST_v2_snapshot_2026-08-25|human|id2	TRRUST	TRRUST_v2_snapshot_2026-08-25	human	ID2	id2	TRRUST public regulon: ID2 (human)	candidate	public_source_membership	2	2	exclude	Candidate source grouping only; not an exhaustive or context-specific biological regulon and not part of the frozen mechanism bundle.
TRRUST|TRRUST_v2_snapshot_2026-08-25|human|id3	TRRUST	TRRUST_v2_snapshot_2026-08-25	human	ID3	id3	TRRUST public regulon: ID3 (human)	candidate	public_source_membership	2	2	exclude	Candidate source grouping only; not an exhaustive or context-specific biological regulon and not part of the frozen mechanism bundle.
TRRUST|TRRUST_v2_snapshot_2026-08-25|human|id4	TRRUST	TRRUST_v2_snapshot_2026-08-25	human	ID4	id4	TRRUST public regulon: ID4 (human)	candidate	public_source_membership	2	2	exclude	Candidate source grouping only; not an exhaustive or context-specific biological regulon and not part of the frozen mechanism bundle.
TRRUST|TRRUST_v2_snapshot_2026-08-25|human|ifi16	TRRUST	TRRUST_v2_snapshot_2026-08-25	human	IFI16	ifi16	TRRUST public regulon: IFI16 (human)	candidate	public_source_membership	5	5	exclude	Candidate source grouping only; not an exhaustive or context-specific biological regulon and not part of the frozen mechanism bundle.
TRRUST|TRRUST_v2_snapshot_2026-08-25|human|ikbkb	TRRUST	TRRUST_v2_snapshot_2026-08-25	human	IKBKB	ikbkb	TRRUST public regulon: IKBKB (human)	candidate	public_source_membership	6	6	exclude	Candidate source grouping only; not an exhaustive or context-specific biological regulon and not part of the frozen mechanism bundle.
TRRUST|TRRUST_v2_snapshot_2026-08-25|human|ikzf1	TRRUST	TRRUST_v2_snapshot_2026-08-25	human	IKZF1	ikzf1	TRRUST public regulon: IKZF1 (human)	candidate	public_source_membership	1	1	exclude	Candidate source grouping only; not an exhaustive or context-specific biological regulon and not part of the frozen mechanism bundle.
TRRUST|TRRUST_v2_snapshot_2026-08-25|human|ilf2	TRRUST	TRRUST_v2_snapshot_2026-08-25	human	ILF2	ilf2	TRRUST public regulon: ILF2 (human)	candidate	public_source_membership	3	3	exclude	Candidate source grouping only; not an exhaustive or context-specific biological regulon and not part of the frozen mechanism bundle.
TRRUST|TRRUST_v2_snapshot_2026-08-25|human|ilf3	TRRUST	TRRUST_v2_snapshot_2026-08-25	human	ILF3	ilf3	TRRUST public regulon: ILF3 (human)	candidate	public_source_membership	8	8	exclude	Candidate source grouping only; not an exhaustive or context-specific biological regulon and not part of the frozen mechanism bundle.
TRRUST|TRRUST_v2_snapshot_2026-08-25|human|ing1	TRRUST	TRRUST_v2_snapshot_2026-08-25	human	ING1	ing1	TRRUST public regulon: ING1 (human)	candidate	public_source_membership	7	7	exclude	Candidate source grouping only; not an exhaustive or context-specific biological regulon and not part of the frozen mechanism bundle.
TRRUST|TRRUST_v2_snapshot_2026-08-25|human|ing2	TRRUST	TRRUST_v2_snapshot_2026-08-25	human	ING2	ing2	TRRUST public regulon: ING2 (human)	candidate	public_source_membership	3	3	exclude	Candidate source grouping only; not an exhaustive or context-specific biological regulon and not part of the frozen mechanism bundle.
TRRUST|TRRUST_v2_snapshot_2026-08-25|human|ing4	TRRUST	TRRUST_v2_snapshot_2026-08-25	human	ING4	ing4	TRRUST public regulon: ING4 (human)	candidate	public_source_membership	16	16	exclude	Candidate source grouping only; not an exhaustive or context-specific biological regulon and not part of the frozen mechanism bundle.
TRRUST|TRRUST_v2_snapshot_2026-08-25|human|irf1	TRRUST	TRRUST_v2_snapshot_2026-08-25	human	IRF1	irf1	TRRUST public regulon: IRF1 (human)	candidate	public_source_membership	57	57	exclude	Candidate source grouping only; not an exhaustive or context-specific biological regulon and not part of the frozen mechanism bundle.
TRRUST|TRRUST_v2_snapshot_2026-08-25|human|irf2	TRRUST	TRRUST_v2_snapshot_2026-08-25	human	IRF2	irf2	TRRUST public regulon: IRF2 (human)	candidate	public_source_membership	9	9	exclude	Candidate source grouping only; not an exhaustive or context-specific biological regulon and not part of the frozen mechanism bundle.
TRRUST|TRRUST_v2_snapshot_2026-08-25|human|irf3	TRRUST	TRRUST_v2_snapshot_2026-08-25	human	IRF3	irf3	TRRUST public regulon: IRF3 (human)	candidate	public_source_membership	17	17	exclude	Candidate source grouping only; not an exhaustive or context-specific biological regulon and not part of the frozen mechanism bundle.
TRRUST|TRRUST_v2_snapshot_2026-08-25|human|irf4	TRRUST	TRRUST_v2_snapshot_2026-08-25	human	IRF4	irf4	TRRUST public regulon: IRF4 (human)	candidate	public_source_membership	5	5	exclude	Candidate source grouping only; not an exhaustive or context-specific biological regulon and not part of the frozen mechanism bundle.
TRRUST|TRRUST_v2_snapshot_2026-08-25|human|irf5	TRRUST	TRRUST_v2_snapshot_2026-08-25	human	IRF5	irf5	TRRUST public regulon: IRF5 (human)	candidate	public_source_membership	3	3	exclude	Candidate source grouping only; not an exhaustive or context-specific biological regulon and not part of the frozen mechanism bundle.
TRRUST|TRRUST_v2_snapshot_2026-08-25|human|irf6	TRRUST	TRRUST_v2_snapshot_2026-08-25	human	IRF6	irf6	TRRUST public regulon: IRF6 (human)	candidate	public_source_membership	1	1	exclude	Candidate source grouping only; not an exhaustive or context-specific biological regulon and not part of the frozen mechanism bundle.
TRRUST|TRRUST_v2_snapshot_2026-08-25|human|irf7	TRRUST	TRRUST_v2_snapshot_2026-08-25	human	IRF7	irf7	TRRUST public regulon: IRF7 (human)	candidate	public_source_membership	14	14	exclude	Candidate source grouping only; not an exhaustive or context-specific biological regulon and not part of the frozen mechanism bundle.
TRRUST|TRRUST_v2_snapshot_2026-08-25|human|irf8	TRRUST	TRRUST_v2_snapshot_2026-08-25	human	IRF8	irf8	TRRUST public regulon: IRF8 (human)	candidate	public_source_membership	11	11	exclude	Candidate source grouping only; not an exhaustive or context-specific biological regulon and not part of the frozen mechanism bundle.
TRRUST|TRRUST_v2_snapshot_2026-08-25|human|irf9	TRRUST	TRRUST_v2_snapshot_2026-08-25	human	IRF9	irf9	TRRUST public regulon: IRF9 (human)	candidate	public_source_membership	8	8	exclude	Candidate source grouping only; not an exhaustive or context-specific biological regulon and not part of the frozen mechanism bundle.
TRRUST|TRRUST_v2_snapshot_2026-08-25|human|isl1	TRRUST	TRRUST_v2_snapshot_2026-08-25	human	ISL1	isl1	TRRUST public regulon: ISL1 (human)	candidate	public_source_membership	3	3	exclude	Candidate source grouping only; not an exhaustive or context-specific biological regulon and not part of the frozen mechanism bundle.
TRRUST|TRRUST_v2_snapshot_2026-08-25|human|jarid2	TRRUST	TRRUST_v2_snapshot_2026-08-25	human	JARID2	jarid2	TRRUST public regulon: JARID2 (human)	candidate	public_source_membership	3	3	exclude	Candidate source grouping only; not an exhaustive or context-specific biological regulon and not part of the frozen mechanism bundle.
TRRUST|TRRUST_v2_snapshot_2026-08-25|human|jdp2	TRRUST	TRRUST_v2_snapshot_2026-08-25	human	JDP2	jdp2	TRRUST public regulon: JDP2 (human)	candidate	public_source_membership	3	3	exclude	Candidate source grouping only; not an exhaustive or context-specific biological regulon and not part of the frozen mechanism bundle.
TRRUST|TRRUST_v2_snapshot_2026-08-25|human|jun	TRRUST	TRRUST_v2_snapshot_2026-08-25	human	JUN	jun	TRRUST public regulon: JUN (human)	candidate	public_source_membership	173	173	exclude	Candidate source grouping only; not an exhaustive or context-specific biological regulon and not part of the frozen mechanism bundle.
TRRUST|TRRUST_v2_snapshot_2026-08-25|human|junb	TRRUST	TRRUST_v2_snapshot_2026-08-25	human	JUNB	junb	TRRUST public regulon: JUNB (human)	candidate	public_source_membership	15	15	exclude	Candidate source grouping only; not an exhaustive or context-specific biological regulon and not part of the frozen mechanism bundle.
TRRUST|TRRUST_v2_snapshot_2026-08-25|human|jund	TRRUST	TRRUST_v2_snapshot_2026-08-25	human	JUND	jund	TRRUST public regulon: JUND (human)	candidate	public_source_membership	38	38	exclude	Candidate source grouping only; not an exhaustive or context-specific biological regulon and not part of the frozen mechanism bundle.
TRRUST|TRRUST_v2_snapshot_2026-08-25|human|kat2b	TRRUST	TRRUST_v2_snapshot_2026-08-25	human	KAT2B	kat2b	TRRUST public regulon: KAT2B (human)	candidate	public_source_membership	13	13	exclude	Candidate source grouping only; not an exhaustive or context-specific biological regulon and not part of the frozen mechanism bundle.
TRRUST|TRRUST_v2_snapshot_2026-08-25|human|kat5	TRRUST	TRRUST_v2_snapshot_2026-08-25	human	KAT5	kat5	TRRUST public regulon: KAT5 (human)	candidate	public_source_membership	5	5	exclude	Candidate source grouping only; not an exhaustive or context-specific biological regulon and not part of the frozen mechanism bundle.
TRRUST|TRRUST_v2_snapshot_2026-08-25|human|kat6a	TRRUST	TRRUST_v2_snapshot_2026-08-25	human	KAT6A	kat6a	TRRUST public regulon: KAT6A (human)	candidate	public_source_membership	1	1	exclude	Candidate source grouping only; not an exhaustive or context-specific biological regulon and not part of the frozen mechanism bundle.
TRRUST|TRRUST_v2_snapshot_2026-08-25|human|kcnip3	TRRUST	TRRUST_v2_snapshot_2026-08-25	human	KCNIP3	kcnip3	TRRUST public regulon: KCNIP3 (human)	candidate	public_source_membership	3	3	exclude	Candidate source grouping only; not an exhaustive or context-specific biological regulon and not part of the frozen mechanism bundle.
TRRUST|TRRUST_v2_snapshot_2026-08-25|human|kdm2a	TRRUST	TRRUST_v2_snapshot_2026-08-25	human	KDM2A	kdm2a	TRRUST public regulon: KDM2A (human)	candidate	public_source_membership	3	3	exclude	Candidate source grouping only; not an exhaustive or context-specific biological regulon and not part of the frozen mechanism bundle.
TRRUST|TRRUST_v2_snapshot_2026-08-25|human|kdm4b	TRRUST	TRRUST_v2_snapshot_2026-08-25	human	KDM4B	kdm4b	TRRUST public regulon: KDM4B (human)	candidate	public_source_membership	5	5	exclude	Candidate source grouping only; not an exhaustive or context-specific biological regulon and not part of the frozen mechanism bundle.
TRRUST|TRRUST_v2_snapshot_2026-08-25|human|kdm4c	TRRUST	TRRUST_v2_snapshot_2026-08-25	human	KDM4C	kdm4c	TRRUST public regulon: KDM4C (human)	candidate	public_source_membership	1	1	exclude	Candidate source grouping only; not an exhaustive or context-specific biological regulon and not part of the frozen mechanism bundle.
TRRUST|TRRUST_v2_snapshot_2026-08-25|human|khdrbs1	TRRUST	TRRUST_v2_snapshot_2026-08-25	human	KHDRBS1	khdrbs1	TRRUST public regulon: KHDRBS1 (human)	candidate	public_source_membership	3	3	exclude	Candidate source grouping only; not an exhaustive or context-specific biological regulon and not part of the frozen mechanism bundle.
TRRUST|TRRUST_v2_snapshot_2026-08-25|human|khsrp	TRRUST	TRRUST_v2_snapshot_2026-08-25	human	KHSRP	khsrp	TRRUST public regulon: KHSRP (human)	candidate	public_source_membership	1	1	exclude	Candidate source grouping only; not an exhaustive or context-specific biological regulon and not part of the frozen mechanism bundle.
TRRUST|TRRUST_v2_snapshot_2026-08-25|human|klf1	TRRUST	TRRUST_v2_snapshot_2026-08-25	human	KLF1	klf1	TRRUST public regulon: KLF1 (human)	candidate	public_source_membership	2	2	exclude	Candidate source grouping only; not an exhaustive or context-specific biological regulon and not part of the frozen mechanism bundle.
TRRUST|TRRUST_v2_snapshot_2026-08-25|human|klf10	TRRUST	TRRUST_v2_snapshot_2026-08-25	human	KLF10	klf10	TRRUST public regulon: KLF10 (human)	candidate	public_source_membership	7	7	exclude	Candidate source grouping only; not an exhaustive or context-specific biological regulon and not part of the frozen mechanism bundle.
TRRUST|TRRUST_v2_snapshot_2026-08-25|human|klf11	TRRUST	TRRUST_v2_snapshot_2026-08-25	human	KLF11	klf11	TRRUST public regulon: KLF11 (human)	candidate	public_source_membership	4	4	exclude	Candidate source grouping only; not an exhaustive or context-specific biological regulon and not part of the frozen mechanism bundle.
TRRUST|TRRUST_v2_snapshot_2026-08-25|human|klf12	TRRUST	TRRUST_v2_snapshot_2026-08-25	human	KLF12	klf12	TRRUST public regulon: KLF12 (human)	candidate	public_source_membership	2	2	exclude	Candidate source grouping only; not an exhaustive or context-specific biological regulon and not part of the frozen mechanism bundle.
TRRUST|TRRUST_v2_snapshot_2026-08-25|human|klf13	TRRUST	TRRUST_v2_snapshot_2026-08-25	human	KLF13	klf13	TRRUST public regulon: KLF13 (human)	candidate	public_source_membership	2	2	exclude	Candidate source grouping only; not an exhaustive or context-specific biological regulon and not part of the frozen mechanism bundle.
TRRUST|TRRUST_v2_snapshot_2026-08-25|human|klf14	TRRUST	TRRUST_v2_snapshot_2026-08-25	human	KLF14	klf14	TRRUST public regulon: KLF14 (human)	candidate	public_source_membership	1	1	exclude	Candidate source grouping only; not an exhaustive or context-specific biological regulon and not part of the frozen mechanism bundle.
TRRUST|TRRUST_v2_snapshot_2026-08-25|human|klf15	TRRUST	TRRUST_v2_snapshot_2026-08-25	human	KLF15	klf15	TRRUST public regulon: KLF15 (human)	candidate	public_source_membership	5	5	exclude	Candidate source grouping only; not an exhaustive or context-specific biological regulon and not part of the frozen mechanism bundle.
TRRUST|TRRUST_v2_snapshot_2026-08-25|human|klf16	TRRUST	TRRUST_v2_snapshot_2026-08-25	human	KLF16	klf16	TRRUST public regulon: KLF16 (human)	candidate	public_source_membership	1	1	exclude	Candidate source grouping only; not an exhaustive or context-specific biological regulon and not part of the frozen mechanism bundle.
TRRUST|TRRUST_v2_snapshot_2026-08-25|human|klf2	TRRUST	TRRUST_v2_snapshot_2026-08-25	human	KLF2	klf2	TRRUST public regulon: KLF2 (human)	candidate	public_source_membership	11	11	exclude	Candidate source grouping only; not an exhaustive or context-specific biological regulon and not part of the frozen mechanism bundle.
TRRUST|TRRUST_v2_snapshot_2026-08-25|human|klf3	TRRUST	TRRUST_v2_snapshot_2026-08-25	human	KLF3	klf3	TRRUST public regulon: KLF3 (human)	candidate	public_source_membership	3	3	exclude	Candidate source grouping only; not an exhaustive or context-specific biological regulon and not part of the frozen mechanism bundle.
TRRUST|TRRUST_v2_snapshot_2026-08-25|human|klf4	TRRUST	TRRUST_v2_snapshot_2026-08-25	human	KLF4	klf4	TRRUST public regulon: KLF4 (human)	candidate	public_source_membership	45	45	exclude	Candidate source grouping only; not an exhaustive or context-specific biological regulon and not part of the frozen mechanism bundle.
TRRUST|TRRUST_v2_snapshot_2026-08-25|human|klf5	TRRUST	TRRUST_v2_snapshot_2026-08-25	human	KLF5	klf5	TRRUST public regulon: KLF5 (human)	candidate	public_source_membership	13	13	exclude	Candidate source grouping only; not an exhaustive or context-specific biological regulon and not part of the frozen mechanism bundle.
TRRUST|TRRUST_v2_snapshot_2026-08-25|human|klf6	TRRUST	TRRUST_v2_snapshot_2026-08-25	human	KLF6	klf6	TRRUST public regulon: KLF6 (human)	candidate	public_source_membership	23	23	exclude	Candidate source grouping only; not an exhaustive or context-specific biological regulon and not part of the frozen mechanism bundle.
TRRUST|TRRUST_v2_snapshot_2026-08-25|human|klf7	TRRUST	TRRUST_v2_snapshot_2026-08-25	human	KLF7	klf7	TRRUST public regulon: KLF7 (human)	candidate	public_source_membership	1	1	exclude	Candidate source grouping only; not an exhaustive or context-specific biological regulon and not part of the frozen mechanism bundle.
TRRUST|TRRUST_v2_snapshot_2026-08-25|human|klf8	TRRUST	TRRUST_v2_snapshot_2026-08-25	human	KLF8	klf8	TRRUST public regulon: KLF8 (human)	candidate	public_source_membership	8	8	exclude	Candidate source grouping only; not an exhaustive or context-specific biological regulon and not part of the frozen mechanism bundle.
TRRUST|TRRUST_v2_snapshot_2026-08-25|human|klf9	TRRUST	TRRUST_v2_snapshot_2026-08-25	human	KLF9	klf9	TRRUST public regulon: KLF9 (human)	candidate	public_source_membership	3	3	exclude	Candidate source grouping only; not an exhaustive or context-specific biological regulon and not part of the frozen mechanism bundle.
TRRUST|TRRUST_v2_snapshot_2026-08-25|human|l3mbtl1	TRRUST	TRRUST_v2_snapshot_2026-08-25	human	L3MBTL1	l3mbtl1	TRRUST public regulon: L3MBTL1 (human)	candidate	public_source_membership	2	2	exclude	Candidate source grouping only; not an exhaustive or context-specific biological regulon and not part of the frozen mechanism bundle.
TRRUST|TRRUST_v2_snapshot_2026-08-25|human|lcor	TRRUST	TRRUST_v2_snapshot_2026-08-25	human	LCOR	lcor	TRRUST public regulon: LCOR (human)	candidate	public_source_membership	2	2	exclude	Candidate source grouping only; not an exhaustive or context-specific biological regulon and not part of the frozen mechanism bundle.
TRRUST|TRRUST_v2_snapshot_2026-08-25|human|ldb1	TRRUST	TRRUST_v2_snapshot_2026-08-25	human	LDB1	ldb1	TRRUST public regulon: LDB1 (human)	candidate	public_source_membership	2	2	exclude	Candidate source grouping only; not an exhaustive or context-specific biological regulon and not part of the frozen mechanism bundle.
TRRUST|TRRUST_v2_snapshot_2026-08-25|human|lef1	TRRUST	TRRUST_v2_snapshot_2026-08-25	human	LEF1	lef1	TRRUST public regulon: LEF1 (human)	candidate	public_source_membership	31	31	exclude	Candidate source grouping only; not an exhaustive or context-specific biological regulon and not part of the frozen mechanism bundle.
TRRUST|TRRUST_v2_snapshot_2026-08-25|human|lhx2	TRRUST	TRRUST_v2_snapshot_2026-08-25	human	LHX2	lhx2	TRRUST public regulon: LHX2 (human)	candidate	public_source_membership	3	3	exclude	Candidate source grouping only; not an exhaustive or context-specific biological regulon and not part of the frozen mechanism bundle.
TRRUST|TRRUST_v2_snapshot_2026-08-25|human|lhx3	TRRUST	TRRUST_v2_snapshot_2026-08-25	human	LHX3	lhx3	TRRUST public regulon: LHX3 (human)	candidate	public_source_membership	2	2	exclude	Candidate source grouping only; not an exhaustive or context-specific biological regulon and not part of the frozen mechanism bundle.
TRRUST|TRRUST_v2_snapshot_2026-08-25|human|lhx4	TRRUST	TRRUST_v2_snapshot_2026-08-25	human	LHX4	lhx4	TRRUST public regulon: LHX4 (human)	candidate	public_source_membership	1	1	exclude	Candidate source grouping only; not an exhaustive or context-specific biological regulon and not part of the frozen mechanism bundle.
TRRUST|TRRUST_v2_snapshot_2026-08-25|human|limd1	TRRUST	TRRUST_v2_snapshot_2026-08-25	human	LIMD1	limd1	TRRUST public regulon: LIMD1 (human)	candidate	public_source_membership	1	1	exclude	Candidate source grouping only; not an exhaustive or context-specific biological regulon and not part of the frozen mechanism bundle.
TRRUST|TRRUST_v2_snapshot_2026-08-25|human|lin28a	TRRUST	TRRUST_v2_snapshot_2026-08-25	human	LIN28A	lin28a	TRRUST public regulon: LIN28A (human)	candidate	public_source_membership	2	2	exclude	Candidate source grouping only; not an exhaustive or context-specific biological regulon and not part of the frozen mechanism bundle.
TRRUST|TRRUST_v2_snapshot_2026-08-25|human|lmo2	TRRUST	TRRUST_v2_snapshot_2026-08-25	human	LMO2	lmo2	TRRUST public regulon: LMO2 (human)	candidate	public_source_membership	10	10	exclude	Candidate source grouping only; not an exhaustive or context-specific biological regulon and not part of the frozen mechanism bundle.
TRRUST|TRRUST_v2_snapshot_2026-08-25|human|lmo3	TRRUST	TRRUST_v2_snapshot_2026-08-25	human	LMO3	lmo3	TRRUST public regulon: LMO3 (human)	candidate	public_source_membership	3	3	exclude	Candidate source grouping only; not an exhaustive or context-specific biological regulon and not part of the frozen mechanism bundle.
TRRUST|TRRUST_v2_snapshot_2026-08-25|human|lmo4	TRRUST	TRRUST_v2_snapshot_2026-08-25	human	LMO4	lmo4	TRRUST public regulon: LMO4 (human)	candidate	public_source_membership	6	6	exclude	Candidate source grouping only; not an exhaustive or context-specific biological regulon and not part of the frozen mechanism bundle.
TRRUST|TRRUST_v2_snapshot_2026-08-25|human|lmx1b	TRRUST	TRRUST_v2_snapshot_2026-08-25	human	LMX1B	lmx1b	TRRUST public regulon: LMX1B (human)	candidate	public_source_membership	6	6	exclude	Candidate source grouping only; not an exhaustive or context-specific biological regulon and not part of the frozen mechanism bundle.
TRRUST|TRRUST_v2_snapshot_2026-08-25|human|lrf	TRRUST	TRRUST_v2_snapshot_2026-08-25	human	LRF	lrf	TRRUST public regulon: LRF (human)	candidate	public_source_membership	1	1	exclude	Candidate source grouping only; not an exhaustive or context-specific biological regulon and not part of the frozen mechanism bundle.
TRRUST|TRRUST_v2_snapshot_2026-08-25|human|lrrfip1	TRRUST	TRRUST_v2_snapshot_2026-08-25	human	LRRFIP1	lrrfip1	TRRUST public regulon: LRRFIP1 (human)	candidate	public_source_membership	2	2	exclude	Candidate source grouping only; not an exhaustive or context-specific biological regulon and not part of the frozen mechanism bundle.
TRRUST|TRRUST_v2_snapshot_2026-08-25|human|lyl1	TRRUST	TRRUST_v2_snapshot_2026-08-25	human	LYL1	lyl1	TRRUST public regulon: LYL1 (human)	candidate	public_source_membership	4	4	exclude	Candidate source grouping only; not an exhaustive or context-specific biological regulon and not part of the frozen mechanism bundle.
TRRUST|TRRUST_v2_snapshot_2026-08-25|human|maf	TRRUST	TRRUST_v2_snapshot_2026-08-25	human	MAF	maf	TRRUST public regulon: MAF (human)	candidate	public_source_membership	7	7	exclude	Candidate source grouping only; not an exhaustive or context-specific biological regulon and not part of the frozen mechanism bundle.
TRRUST|TRRUST_v2_snapshot_2026-08-25|human|mafa	TRRUST	TRRUST_v2_snapshot_2026-08-25	human	MAFA	mafa	TRRUST public regulon: MAFA (human)	candidate	public_source_membership	2	2	exclude	Candidate source grouping only; not an exhaustive or context-specific biological regulon and not part of the frozen mechanism bundle.
TRRUST|TRRUST_v2_snapshot_2026-08-25|human|mafb	TRRUST	TRRUST_v2_snapshot_2026-08-25	human	MAFB	mafb	TRRUST public regulon: MAFB (human)	candidate	public_source_membership	1	1	exclude	Candidate source grouping only; not an exhaustive or context-specific biological regulon and not part of the frozen mechanism bundle.
TRRUST|TRRUST_v2_snapshot_2026-08-25|human|maff	TRRUST	TRRUST_v2_snapshot_2026-08-25	human	MAFF	maff	TRRUST public regulon: MAFF (human)	candidate	public_source_membership	1	1	exclude	Candidate source grouping only; not an exhaustive or context-specific biological regulon and not part of the frozen mechanism bundle.
TRRUST|TRRUST_v2_snapshot_2026-08-25|human|mafg	TRRUST	TRRUST_v2_snapshot_2026-08-25	human	MAFG	mafg	TRRUST public regulon: MAFG (human)	candidate	public_source_membership	2	2	exclude	Candidate source grouping only; not an exhaustive or context-specific biological regulon and not part of the frozen mechanism bundle.
TRRUST|TRRUST_v2_snapshot_2026-08-25|human|mafk	TRRUST	TRRUST_v2_snapshot_2026-08-25	human	MAFK	mafk	TRRUST public regulon: MAFK (human)	candidate	public_source_membership	1	1	exclude	Candidate source grouping only; not an exhaustive or context-specific biological regulon and not part of the frozen mechanism bundle.
TRRUST|TRRUST_v2_snapshot_2026-08-25|human|mal	TRRUST	TRRUST_v2_snapshot_2026-08-25	human	MAL	mal	TRRUST public regulon: MAL (human)	candidate	public_source_membership	2	2	exclude	Candidate source grouping only; not an exhaustive or context-specific biological regulon and not part of the frozen mechanism bundle.
TRRUST|TRRUST_v2_snapshot_2026-08-25|human|maml1	TRRUST	TRRUST_v2_snapshot_2026-08-25	human	MAML1	maml1	TRRUST public regulon: MAML1 (human)	candidate	public_source_membership	3	3	exclude	Candidate source grouping only; not an exhaustive or context-specific biological regulon and not part of the frozen mechanism bundle.
TRRUST|TRRUST_v2_snapshot_2026-08-25|human|max	TRRUST	TRRUST_v2_snapshot_2026-08-25	human	MAX	max	TRRUST public regulon: MAX (human)	candidate	public_source_membership	5	5	exclude	Candidate source grouping only; not an exhaustive or context-specific biological regulon and not part of the frozen mechanism bundle.
TRRUST|TRRUST_v2_snapshot_2026-08-25|human|maz	TRRUST	TRRUST_v2_snapshot_2026-08-25	human	MAZ	maz	TRRUST public regulon: MAZ (human)	candidate	public_source_membership	8	8	exclude	Candidate source grouping only; not an exhaustive or context-specific biological regulon and not part of the frozen mechanism bundle.
TRRUST|TRRUST_v2_snapshot_2026-08-25|human|mbd1	TRRUST	TRRUST_v2_snapshot_2026-08-25	human	MBD1	mbd1	TRRUST public regulon: MBD1 (human)	candidate	public_source_membership	7	7	exclude	Candidate source grouping only; not an exhaustive or context-specific biological regulon and not part of the frozen mechanism bundle.
TRRUST|TRRUST_v2_snapshot_2026-08-25|human|mbd2	TRRUST	TRRUST_v2_snapshot_2026-08-25	human	MBD2	mbd2	TRRUST public regulon: MBD2 (human)	candidate	public_source_membership	11	11	exclude	Candidate source grouping only; not an exhaustive or context-specific biological regulon and not part of the frozen mechanism bundle.
TRRUST|TRRUST_v2_snapshot_2026-08-25|human|mcm2	TRRUST	TRRUST_v2_snapshot_2026-08-25	human	MCM2	mcm2	TRRUST public regulon: MCM2 (human)	candidate	public_source_membership	1	1	exclude	Candidate source grouping only; not an exhaustive or context-specific biological regulon and not part of the frozen mechanism bundle.
TRRUST|TRRUST_v2_snapshot_2026-08-25|human|mcm5	TRRUST	TRRUST_v2_snapshot_2026-08-25	human	MCM5	mcm5	TRRUST public regulon: MCM5 (human)	candidate	public_source_membership	1	1	exclude	Candidate source grouping only; not an exhaustive or context-specific biological regulon and not part of the frozen mechanism bundle.
TRRUST|TRRUST_v2_snapshot_2026-08-25|human|mdm2	TRRUST	TRRUST_v2_snapshot_2026-08-25	human	MDM2	mdm2	TRRUST public regulon: MDM2 (human)	candidate	public_source_membership	1	1	exclude	Candidate source grouping only; not an exhaustive or context-specific biological regulon and not part of the frozen mechanism bundle.
TRRUST|TRRUST_v2_snapshot_2026-08-25|human|mdm4	TRRUST	TRRUST_v2_snapshot_2026-08-25	human	MDM4	mdm4	TRRUST public regulon: MDM4 (human)	candidate	public_source_membership	1	1	exclude	Candidate source grouping only; not an exhaustive or context-specific biological regulon and not part of the frozen mechanism bundle.
TRRUST|TRRUST_v2_snapshot_2026-08-25|human|mecp2	TRRUST	TRRUST_v2_snapshot_2026-08-25	human	MECP2	mecp2	TRRUST public regulon: MECP2 (human)	candidate	public_source_membership	12	12	exclude	Candidate source grouping only; not an exhaustive or context-specific biological regulon and not part of the frozen mechanism bundle.
TRRUST|TRRUST_v2_snapshot_2026-08-25|human|med1	TRRUST	TRRUST_v2_snapshot_2026-08-25	human	MED1	med1	TRRUST public regulon: MED1 (human)	candidate	public_source_membership	5	5	exclude	Candidate source grouping only; not an exhaustive or context-specific biological regulon and not part of the frozen mechanism bundle.
TRRUST|TRRUST_v2_snapshot_2026-08-25|human|med15	TRRUST	TRRUST_v2_snapshot_2026-08-25	human	MED15	med15	TRRUST public regulon: MED15 (human)	candidate	public_source_membership	1	1	exclude	Candidate source grouping only; not an exhaustive or context-specific biological regulon and not part of the frozen mechanism bundle.
TRRUST|TRRUST_v2_snapshot_2026-08-25|human|med23	TRRUST	TRRUST_v2_snapshot_2026-08-25	human	MED23	med23	TRRUST public regulon: MED23 (human)	candidate	public_source_membership	2	2	exclude	Candidate source grouping only; not an exhaustive or context-specific biological regulon and not part of the frozen mechanism bundle.
TRRUST|TRRUST_v2_snapshot_2026-08-25|human|mef2a	TRRUST	TRRUST_v2_snapshot_2026-08-25	human	MEF2A	mef2a	TRRUST public regulon: MEF2A (human)	candidate	public_source_membership	13	13	exclude	Candidate source grouping only; not an exhaustive or context-specific biological regulon and not part of the frozen mechanism bundle.
TRRUST|TRRUST_v2_snapshot_2026-08-25|human|mef2b	TRRUST	TRRUST_v2_snapshot_2026-08-25	human	MEF2B	mef2b	TRRUST public regulon: MEF2B (human)	candidate	public_source_membership	1	1	exclude	Candidate source grouping only; not an exhaustive or context-specific biological regulon and not part of the frozen mechanism bundle.
TRRUST|TRRUST_v2_snapshot_2026-08-25|human|mef2c	TRRUST	TRRUST_v2_snapshot_2026-08-25	human	MEF2C	mef2c	TRRUST public regulon: MEF2C (human)	candidate	public_source_membership	10	10	exclude	Candidate source grouping only; not an exhaustive or context-specific biological regulon and not part of the frozen mechanism bundle.
TRRUST|TRRUST_v2_snapshot_2026-08-25|human|mef2d	TRRUST	TRRUST_v2_snapshot_2026-08-25	human	MEF2D	mef2d	TRRUST public regulon: MEF2D (human)	candidate	public_source_membership	6	6	exclude	Candidate source grouping only; not an exhaustive or context-specific biological regulon and not part of the frozen mechanism bundle.
TRRUST|TRRUST_v2_snapshot_2026-08-25|human|meis1	TRRUST	TRRUST_v2_snapshot_2026-08-25	human	MEIS1	meis1	TRRUST public regulon: MEIS1 (human)	candidate	public_source_membership	4	4	exclude	Candidate source grouping only; not an exhaustive or context-specific biological regulon and not part of the frozen mechanism bundle.
TRRUST|TRRUST_v2_snapshot_2026-08-25|human|meis2	TRRUST	TRRUST_v2_snapshot_2026-08-25	human	MEIS2	meis2	TRRUST public regulon: MEIS2 (human)	candidate	public_source_membership	1	1	exclude	Candidate source grouping only; not an exhaustive or context-specific biological regulon and not part of the frozen mechanism bundle.
TRRUST|TRRUST_v2_snapshot_2026-08-25|human|men1	TRRUST	TRRUST_v2_snapshot_2026-08-25	human	MEN1	men1	TRRUST public regulon: MEN1 (human)	candidate	public_source_membership	11	11	exclude	Candidate source grouping only; not an exhaustive or context-specific biological regulon and not part of the frozen mechanism bundle.
TRRUST|TRRUST_v2_snapshot_2026-08-25|human|mitf	TRRUST	TRRUST_v2_snapshot_2026-08-25	human	MITF	mitf	TRRUST public regulon: MITF (human)	candidate	public_source_membership	30	30	exclude	Candidate source grouping only; not an exhaustive or context-specific biological regulon and not part of the frozen mechanism bundle.
TRRUST|TRRUST_v2_snapshot_2026-08-25|human|mkl1	TRRUST	TRRUST_v2_snapshot_2026-08-25	human	MKL1	mkl1	TRRUST public regulon: MKL1 (human)	candidate	public_source_membership	4	4	exclude	Candidate source grouping only; not an exhaustive or context-specific biological regulon and not part of the frozen mechanism bundle.
TRRUST|TRRUST_v2_snapshot_2026-08-25|human|mll2	TRRUST	TRRUST_v2_snapshot_2026-08-25	human	MLL2	mll2	TRRUST public regulon: MLL2 (human)	candidate	public_source_membership	1	1	exclude	Candidate source grouping only; not an exhaustive or context-specific biological regulon and not part of the frozen mechanism bundle.
TRRUST|TRRUST_v2_snapshot_2026-08-25|human|mll3	TRRUST	TRRUST_v2_snapshot_2026-08-25	human	MLL3	mll3	TRRUST public regulon: MLL3 (human)	candidate	public_source_membership	1	1	exclude	Candidate source grouping only; not an exhaustive or context-specific biological regulon and not part of the frozen mechanism bundle.
TRRUST|TRRUST_v2_snapshot_2026-08-25|human|mll4	TRRUST	TRRUST_v2_snapshot_2026-08-25	human	MLL4	mll4	TRRUST public regulon: MLL4 (human)	candidate	public_source_membership	1	1	exclude	Candidate source grouping only; not an exhaustive or context-specific biological regulon and not part of the frozen mechanism bundle.
TRRUST|TRRUST_v2_snapshot_2026-08-25|human|mllt10	TRRUST	TRRUST_v2_snapshot_2026-08-25	human	MLLT10	mllt10	TRRUST public regulon: MLLT10 (human)	candidate	public_source_membership	3	3	exclude	Candidate source grouping only; not an exhaustive or context-specific biological regulon and not part of the frozen mechanism bundle.
TRRUST|TRRUST_v2_snapshot_2026-08-25|human|mllt3	TRRUST	TRRUST_v2_snapshot_2026-08-25	human	MLLT3	mllt3	TRRUST public regulon: MLLT3 (human)	candidate	public_source_membership	4	4	exclude	Candidate source grouping only; not an exhaustive or context-specific biological regulon and not part of the frozen mechanism bundle.
TRRUST|TRRUST_v2_snapshot_2026-08-25|human|mlx	TRRUST	TRRUST_v2_snapshot_2026-08-25	human	MLX	mlx	TRRUST public regulon: MLX (human)	candidate	public_source_membership	1	1	exclude	Candidate source grouping only; not an exhaustive or context-specific biological regulon and not part of the frozen mechanism bundle.
TRRUST|TRRUST_v2_snapshot_2026-08-25|human|mlxipl	TRRUST	TRRUST_v2_snapshot_2026-08-25	human	MLXIPL	mlxipl	TRRUST public regulon: MLXIPL (human)	candidate	public_source_membership	1	1	exclude	Candidate source grouping only; not an exhaustive or context-specific biological regulon and not part of the frozen mechanism bundle.
TRRUST|TRRUST_v2_snapshot_2026-08-25|human|msc	TRRUST	TRRUST_v2_snapshot_2026-08-25	human	MSC	msc	TRRUST public regulon: MSC (human)	candidate	public_source_membership	11	11	exclude	Candidate source grouping only; not an exhaustive or context-specific biological regulon and not part of the frozen mechanism bundle.
TRRUST|TRRUST_v2_snapshot_2026-08-25|human|msx1	TRRUST	TRRUST_v2_snapshot_2026-08-25	human	MSX1	msx1	TRRUST public regulon: MSX1 (human)	candidate	public_source_membership	6	6	exclude	Candidate source grouping only; not an exhaustive or context-specific biological regulon and not part of the frozen mechanism bundle.
TRRUST|TRRUST_v2_snapshot_2026-08-25|human|msx2	TRRUST	TRRUST_v2_snapshot_2026-08-25	human	MSX2	msx2	TRRUST public regulon: MSX2 (human)	candidate	public_source_membership	7	7	exclude	Candidate source grouping only; not an exhaustive or context-specific biological regulon and not part of the frozen mechanism bundle.
TRRUST|TRRUST_v2_snapshot_2026-08-25|human|mta1	TRRUST	TRRUST_v2_snapshot_2026-08-25	human	MTA1	mta1	TRRUST public regulon: MTA1 (human)	candidate	public_source_membership	25	25	exclude	Candidate source grouping only; not an exhaustive or context-specific biological regulon and not part of the frozen mechanism bundle.
TRRUST|TRRUST_v2_snapshot_2026-08-25|human|mta2	TRRUST	TRRUST_v2_snapshot_2026-08-25	human	MTA2	mta2	TRRUST public regulon: MTA2 (human)	candidate	public_source_membership	2	2	exclude	Candidate source grouping only; not an exhaustive or context-specific biological regulon and not part of the frozen mechanism bundle.
TRRUST|TRRUST_v2_snapshot_2026-08-25|human|mta3	TRRUST	TRRUST_v2_snapshot_2026-08-25	human	MTA3	mta3	TRRUST public regulon: MTA3 (human)	candidate	public_source_membership	2	2	exclude	Candidate source grouping only; not an exhaustive or context-specific biological regulon and not part of the frozen mechanism bundle.
TRRUST|TRRUST_v2_snapshot_2026-08-25|human|mtf1	TRRUST	TRRUST_v2_snapshot_2026-08-25	human	MTF1	mtf1	TRRUST public regulon: MTF1 (human)	candidate	public_source_membership	7	7	exclude	Candidate source grouping only; not an exhaustive or context-specific biological regulon and not part of the frozen mechanism bundle.
TRRUST|TRRUST_v2_snapshot_2026-08-25|human|mxd1	TRRUST	TRRUST_v2_snapshot_2026-08-25	human	MXD1	mxd1	TRRUST public regulon: MXD1 (human)	candidate	public_source_membership	5	5	exclude	Candidate source grouping only; not an exhaustive or context-specific biological regulon and not part of the frozen mechanism bundle.
TRRUST|TRRUST_v2_snapshot_2026-08-25|human|mxd4	TRRUST	TRRUST_v2_snapshot_2026-08-25	human	MXD4	mxd4	TRRUST public regulon: MXD4 (human)	candidate	public_source_membership	1	1	exclude	Candidate source grouping only; not an exhaustive or context-specific biological regulon and not part of the frozen mechanism bundle.
TRRUST|TRRUST_v2_snapshot_2026-08-25|human|mxi1	TRRUST	TRRUST_v2_snapshot_2026-08-25	human	MXI1	mxi1	TRRUST public regulon: MXI1 (human)	candidate	public_source_membership	2	2	exclude	Candidate source grouping only; not an exhaustive or context-specific biological regulon and not part of the frozen mechanism bundle.
TRRUST|TRRUST_v2_snapshot_2026-08-25|human|myb	TRRUST	TRRUST_v2_snapshot_2026-08-25	human	MYB	myb	TRRUST public regulon: MYB (human)	candidate	public_source_membership	41	41	exclude	Candidate source grouping only; not an exhaustive or context-specific biological regulon and not part of the frozen mechanism bundle.
TRRUST|TRRUST_v2_snapshot_2026-08-25|human|mybbp1a	TRRUST	TRRUST_v2_snapshot_2026-08-25	human	MYBBP1A	mybbp1a	TRRUST public regulon: MYBBP1A (human)	candidate	public_source_membership	1	1	exclude	Candidate source grouping only; not an exhaustive or context-specific biological regulon and not part of the frozen mechanism bundle.
TRRUST|TRRUST_v2_snapshot_2026-08-25|human|mybl1	TRRUST	TRRUST_v2_snapshot_2026-08-25	human	MYBL1	mybl1	TRRUST public regulon: MYBL1 (human)	candidate	public_source_membership	2	2	exclude	Candidate source grouping only; not an exhaustive or context-specific biological regulon and not part of the frozen mechanism bundle.
TRRUST|TRRUST_v2_snapshot_2026-08-25|human|mybl2	TRRUST	TRRUST_v2_snapshot_2026-08-25	human	MYBL2	mybl2	TRRUST public regulon: MYBL2 (human)	candidate	public_source_membership	8	8	exclude	Candidate source grouping only; not an exhaustive or context-specific biological regulon and not part of the frozen mechanism bundle.
TRRUST|TRRUST_v2_snapshot_2026-08-25|human|myc	TRRUST	TRRUST_v2_snapshot_2026-08-25	human	MYC	myc	TRRUST public regulon: MYC (human)	candidate	public_source_membership	113	113	exclude	Candidate source grouping only; not an exhaustive or context-specific biological regulon and not part of the frozen mechanism bundle.
TRRUST|TRRUST_v2_snapshot_2026-08-25|human|mycn	TRRUST	TRRUST_v2_snapshot_2026-08-25	human	MYCN	mycn	TRRUST public regulon: MYCN (human)	candidate	public_source_membership	50	50	exclude	Candidate source grouping only; not an exhaustive or context-specific biological regulon and not part of the frozen mechanism bundle.
TRRUST|TRRUST_v2_snapshot_2026-08-25|human|myf6	TRRUST	TRRUST_v2_snapshot_2026-08-25	human	MYF6	myf6	TRRUST public regulon: MYF6 (human)	candidate	public_source_membership	1	1	exclude	Candidate source grouping only; not an exhaustive or context-specific biological regulon and not part of the frozen mechanism bundle.
TRRUST|TRRUST_v2_snapshot_2026-08-25|human|myocd	TRRUST	TRRUST_v2_snapshot_2026-08-25	human	MYOCD	myocd	TRRUST public regulon: MYOCD (human)	candidate	public_source_membership	1	1	exclude	Candidate source grouping only; not an exhaustive or context-specific biological regulon and not part of the frozen mechanism bundle.
TRRUST|TRRUST_v2_snapshot_2026-08-25|human|myod1	TRRUST	TRRUST_v2_snapshot_2026-08-25	human	MYOD1	myod1	TRRUST public regulon: MYOD1 (human)	candidate	public_source_membership	3	3	exclude	Candidate source grouping only; not an exhaustive or context-specific biological regulon and not part of the frozen mechanism bundle.
TRRUST|TRRUST_v2_snapshot_2026-08-25|human|myog	TRRUST	TRRUST_v2_snapshot_2026-08-25	human	MYOG	myog	TRRUST public regulon: MYOG (human)	candidate	public_source_membership	2	2	exclude	Candidate source grouping only; not an exhaustive or context-specific biological regulon and not part of the frozen mechanism bundle.
TRRUST|TRRUST_v2_snapshot_2026-08-25|human|mzf1	TRRUST	TRRUST_v2_snapshot_2026-08-25	human	MZF1	mzf1	TRRUST public regulon: MZF1 (human)	candidate	public_source_membership	7	7	exclude	Candidate source grouping only; not an exhaustive or context-specific biological regulon and not part of the frozen mechanism bundle.
TRRUST|TRRUST_v2_snapshot_2026-08-25|human|nab1	TRRUST	TRRUST_v2_snapshot_2026-08-25	human	NAB1	nab1	TRRUST public regulon: NAB1 (human)	candidate	public_source_membership	1	1	exclude	Candidate source grouping only; not an exhaustive or context-specific biological regulon and not part of the frozen mechanism bundle.
TRRUST|TRRUST_v2_snapshot_2026-08-25|human|nab2	TRRUST	TRRUST_v2_snapshot_2026-08-25	human	NAB2	nab2	TRRUST public regulon: NAB2 (human)	candidate	public_source_membership	2	2	exclude	Candidate source grouping only; not an exhaustive or context-specific biological regulon and not part of the frozen mechanism bundle.
TRRUST|TRRUST_v2_snapshot_2026-08-25|human|nanog	TRRUST	TRRUST_v2_snapshot_2026-08-25	human	NANOG	nanog	TRRUST public regulon: NANOG (human)	candidate	public_source_membership	26	26	exclude	Candidate source grouping only; not an exhaustive or context-specific biological regulon and not part of the frozen mechanism bundle.
TRRUST|TRRUST_v2_snapshot_2026-08-25|human|ncoa1	TRRUST	TRRUST_v2_snapshot_2026-08-25	human	NCOA1	ncoa1	TRRUST public regulon: NCOA1 (human)	candidate	public_source_membership	2	2	exclude	Candidate source grouping only; not an exhaustive or context-specific biological regulon and not part of the frozen mechanism bundle.
TRRUST|TRRUST_v2_snapshot_2026-08-25|human|ncoa2	TRRUST	TRRUST_v2_snapshot_2026-08-25	human	NCOA2	ncoa2	TRRUST public regulon: NCOA2 (human)	candidate	public_source_membership	1	1	exclude	Candidate source grouping only; not an exhaustive or context-specific biological regulon and not part of the frozen mechanism bundle.
TRRUST|TRRUST_v2_snapshot_2026-08-25|human|ncoa3	TRRUST	TRRUST_v2_snapshot_2026-08-25	human	NCOA3	ncoa3	TRRUST public regulon: NCOA3 (human)	candidate	public_source_membership	7	7	exclude	Candidate source grouping only; not an exhaustive or context-specific biological regulon and not part of the frozen mechanism bundle.
TRRUST|TRRUST_v2_snapshot_2026-08-25|human|ncoa4	TRRUST	TRRUST_v2_snapshot_2026-08-25	human	NCOA4	ncoa4	TRRUST public regulon: NCOA4 (human)	candidate	public_source_membership	4	4	exclude	Candidate source grouping only; not an exhaustive or context-specific biological regulon and not part of the frozen mechanism bundle.
TRRUST|TRRUST_v2_snapshot_2026-08-25|human|ncoa6	TRRUST	TRRUST_v2_snapshot_2026-08-25	human	NCOA6	ncoa6	TRRUST public regulon: NCOA6 (human)	candidate	public_source_membership	4	4	exclude	Candidate source grouping only; not an exhaustive or context-specific biological regulon and not part of the frozen mechanism bundle.
TRRUST|TRRUST_v2_snapshot_2026-08-25|human|ncor1	TRRUST	TRRUST_v2_snapshot_2026-08-25	human	NCOR1	ncor1	TRRUST public regulon: NCOR1 (human)	candidate	public_source_membership	8	8	exclude	Candidate source grouping only; not an exhaustive or context-specific biological regulon and not part of the frozen mechanism bundle.
TRRUST|TRRUST_v2_snapshot_2026-08-25|human|ncor2	TRRUST	TRRUST_v2_snapshot_2026-08-25	human	NCOR2	ncor2	TRRUST public regulon: NCOR2 (human)	candidate	public_source_membership	6	6	exclude	Candidate source grouping only; not an exhaustive or context-specific biological regulon and not part of the frozen mechanism bundle.
TRRUST|TRRUST_v2_snapshot_2026-08-25|human|neat1	TRRUST	TRRUST_v2_snapshot_2026-08-25	human	NEAT1	neat1	TRRUST public regulon: NEAT1 (human)	candidate	public_source_membership	1	1	exclude	Candidate source grouping only; not an exhaustive or context-specific biological regulon and not part of the frozen mechanism bundle.
TRRUST|TRRUST_v2_snapshot_2026-08-25|human|nelfb	TRRUST	TRRUST_v2_snapshot_2026-08-25	human	NELFB	nelfb	TRRUST public regulon: NELFB (human)	candidate	public_source_membership	2	2	exclude	Candidate source grouping only; not an exhaustive or context-specific biological regulon and not part of the frozen mechanism bundle.
TRRUST|TRRUST_v2_snapshot_2026-08-25|human|nelfcd	TRRUST	TRRUST_v2_snapshot_2026-08-25	human	NELFCD	nelfcd	TRRUST public regulon: NELFCD (human)	candidate	public_source_membership	3	3	exclude	Candidate source grouping only; not an exhaustive or context-specific biological regulon and not part of the frozen mechanism bundle.
TRRUST|TRRUST_v2_snapshot_2026-08-25|human|neurod1	TRRUST	TRRUST_v2_snapshot_2026-08-25	human	NEUROD1	neurod1	TRRUST public regulon: NEUROD1 (human)	candidate	public_source_membership	1	1	exclude	Candidate source grouping only; not an exhaustive or context-specific biological regulon and not part of the frozen mechanism bundle.
TRRUST|TRRUST_v2_snapshot_2026-08-25|human|neurog3	TRRUST	TRRUST_v2_snapshot_2026-08-25	human	NEUROG3	neurog3	TRRUST public regulon: NEUROG3 (human)	candidate	public_source_membership	2	2	exclude	Candidate source grouping only; not an exhaustive or context-specific biological regulon and not part of the frozen mechanism bundle.
TRRUST|TRRUST_v2_snapshot_2026-08-25|human|nf1	TRRUST	TRRUST_v2_snapshot_2026-08-25	human	NF1	nf1	TRRUST public regulon: NF1 (human)	candidate	public_source_membership	14	14	exclude	Candidate source grouping only; not an exhaustive or context-specific biological regulon and not part of the frozen mechanism bundle.
TRRUST|TRRUST_v2_snapshot_2026-08-25|human|nfat5	TRRUST	TRRUST_v2_snapshot_2026-08-25	human	NFAT5	nfat5	TRRUST public regulon: NFAT5 (human)	candidate	public_source_membership	4	4	exclude	Candidate source grouping only; not an exhaustive or context-specific biological regulon and not part of the frozen mechanism bundle.
TRRUST|TRRUST_v2_snapshot_2026-08-25|human|nfatc1	TRRUST	TRRUST_v2_snapshot_2026-08-25	human	NFATC1	nfatc1	TRRUST public regulon: NFATC1 (human)	candidate	public_source_membership	8	8	exclude	Candidate source grouping only; not an exhaustive or context-specific biological regulon and not part of the frozen mechanism bundle.
TRRUST|TRRUST_v2_snapshot_2026-08-25|human|nfatc2	TRRUST	TRRUST_v2_snapshot_2026-08-25	human	NFATC2	nfatc2	TRRUST public regulon: NFATC2 (human)	candidate	public_source_membership	7	7	exclude	Candidate source grouping only; not an exhaustive or context-specific biological regulon and not part of the frozen mechanism bundle.
TRRUST|TRRUST_v2_snapshot_2026-08-25|human|nfatc3	TRRUST	TRRUST_v2_snapshot_2026-08-25	human	NFATC3	nfatc3	TRRUST public regulon: NFATC3 (human)	candidate	public_source_membership	2	2	exclude	Candidate source grouping only; not an exhaustive or context-specific biological regulon and not part of the frozen mechanism bundle.
TRRUST|TRRUST_v2_snapshot_2026-08-25|human|nfe2	TRRUST	TRRUST_v2_snapshot_2026-08-25	human	NFE2	nfe2	TRRUST public regulon: NFE2 (human)	candidate	public_source_membership	4	4	exclude	Candidate source grouping only; not an exhaustive or context-specific biological regulon and not part of the frozen mechanism bundle.
TRRUST|TRRUST_v2_snapshot_2026-08-25|human|nfe2l1	TRRUST	TRRUST_v2_snapshot_2026-08-25	human	NFE2L1	nfe2l1	TRRUST public regulon: NFE2L1 (human)	candidate	public_source_membership	2	2	exclude	Candidate source grouping only; not an exhaustive or context-specific biological regulon and not part of the frozen mechanism bundle.
TRRUST|TRRUST_v2_snapshot_2026-08-25|human|nfe2l2	TRRUST	TRRUST_v2_snapshot_2026-08-25	human	NFE2L2	nfe2l2	TRRUST public regulon: NFE2L2 (human)	candidate	public_source_membership	23	23	exclude	Candidate source grouping only; not an exhaustive or context-specific biological regulon and not part of the frozen mechanism bundle.
TRRUST|TRRUST_v2_snapshot_2026-08-25|human|nfia	TRRUST	TRRUST_v2_snapshot_2026-08-25	human	NFIA	nfia	TRRUST public regulon: NFIA (human)	candidate	public_source_membership	2	2	exclude	Candidate source grouping only; not an exhaustive or context-specific biological regulon and not part of the frozen mechanism bundle.
TRRUST|TRRUST_v2_snapshot_2026-08-25|human|nfib	TRRUST	TRRUST_v2_snapshot_2026-08-25	human	NFIB	nfib	TRRUST public regulon: NFIB (human)	candidate	public_source_membership	3	3	exclude	Candidate source grouping only; not an exhaustive or context-specific biological regulon and not part of the frozen mechanism bundle.
TRRUST|TRRUST_v2_snapshot_2026-08-25|human|nfic	TRRUST	TRRUST_v2_snapshot_2026-08-25	human	NFIC	nfic	TRRUST public regulon: NFIC (human)	candidate	public_source_membership	28	28	exclude	Candidate source grouping only; not an exhaustive or context-specific biological regulon and not part of the frozen mechanism bundle.
TRRUST|TRRUST_v2_snapshot_2026-08-25|human|nfil3	TRRUST	TRRUST_v2_snapshot_2026-08-25	human	NFIL3	nfil3	TRRUST public regulon: NFIL3 (human)	candidate	public_source_membership	10	10	exclude	Candidate source grouping only; not an exhaustive or context-specific biological regulon and not part of the frozen mechanism bundle.
TRRUST|TRRUST_v2_snapshot_2026-08-25|human|nfix	TRRUST	TRRUST_v2_snapshot_2026-08-25	human	NFIX	nfix	TRRUST public regulon: NFIX (human)	candidate	public_source_membership	2	2	exclude	Candidate source grouping only; not an exhaustive or context-specific biological regulon and not part of the frozen mechanism bundle.
TRRUST|TRRUST_v2_snapshot_2026-08-25|human|nfkb1	TRRUST	TRRUST_v2_snapshot_2026-08-25	human	NFKB1	nfkb1	TRRUST public regulon: NFKB1 (human)	candidate	public_source_membership	399	399	exclude	Candidate source grouping only; not an exhaustive or context-specific biological regulon and not part of the frozen mechanism bundle.
TRRUST|TRRUST_v2_snapshot_2026-08-25|human|nfkb2	TRRUST	TRRUST_v2_snapshot_2026-08-25	human	NFKB2	nfkb2	TRRUST public regulon: NFKB2 (human)	candidate	public_source_membership	6	6	exclude	Candidate source grouping only; not an exhaustive or context-specific biological regulon and not part of the frozen mechanism bundle.
TRRUST|TRRUST_v2_snapshot_2026-08-25|human|nfkbia	TRRUST	TRRUST_v2_snapshot_2026-08-25	human	NFKBIA	nfkbia	TRRUST public regulon: NFKBIA (human)	candidate	public_source_membership	23	23	exclude	Candidate source grouping only; not an exhaustive or context-specific biological regulon and not part of the frozen mechanism bundle.
TRRUST|TRRUST_v2_snapshot_2026-08-25|human|nfkbib	TRRUST	TRRUST_v2_snapshot_2026-08-25	human	NFKBIB	nfkbib	TRRUST public regulon: NFKBIB (human)	candidate	public_source_membership	1	1	exclude	Candidate source grouping only; not an exhaustive or context-specific biological regulon and not part of the frozen mechanism bundle.
TRRUST|TRRUST_v2_snapshot_2026-08-25|human|nfkbiz	TRRUST	TRRUST_v2_snapshot_2026-08-25	human	NFKBIZ	nfkbiz	TRRUST public regulon: NFKBIZ (human)	candidate	public_source_membership	1	1	exclude	Candidate source grouping only; not an exhaustive or context-specific biological regulon and not part of the frozen mechanism bundle.
TRRUST|TRRUST_v2_snapshot_2026-08-25|human|nfrkb	TRRUST	TRRUST_v2_snapshot_2026-08-25	human	NFRKB	nfrkb	TRRUST public regulon: NFRKB (human)	candidate	public_source_membership	1	1	exclude	Candidate source grouping only; not an exhaustive or context-specific biological regulon and not part of the frozen mechanism bundle.
TRRUST|TRRUST_v2_snapshot_2026-08-25|human|nfya	TRRUST	TRRUST_v2_snapshot_2026-08-25	human	NFYA	nfya	TRRUST public regulon: NFYA (human)	candidate	public_source_membership	22	22	exclude	Candidate source grouping only; not an exhaustive or context-specific biological regulon and not part of the frozen mechanism bundle.
TRRUST|TRRUST_v2_snapshot_2026-08-25|human|nfyb	TRRUST	TRRUST_v2_snapshot_2026-08-25	human	NFYB	nfyb	TRRUST public regulon: NFYB (human)	candidate	public_source_membership	14	14	exclude	Candidate source grouping only; not an exhaustive or context-specific biological regulon and not part of the frozen mechanism bundle.
TRRUST|TRRUST_v2_snapshot_2026-08-25|human|nfyc	TRRUST	TRRUST_v2_snapshot_2026-08-25	human	NFYC	nfyc	TRRUST public regulon: NFYC (human)	candidate	public_source_membership	13	13	exclude	Candidate source grouping only; not an exhaustive or context-specific biological regulon and not part of the frozen mechanism bundle.
TRRUST|TRRUST_v2_snapshot_2026-08-25|human|nhlh2	TRRUST	TRRUST_v2_snapshot_2026-08-25	human	NHLH2	nhlh2	TRRUST public regulon: NHLH2 (human)	candidate	public_source_membership	4	4	exclude	Candidate source grouping only; not an exhaustive or context-specific biological regulon and not part of the frozen mechanism bundle.
TRRUST|TRRUST_v2_snapshot_2026-08-25|human|nkx2-1	TRRUST	TRRUST_v2_snapshot_2026-08-25	human	NKX2-1	nkx2-1	TRRUST public regulon: NKX2-1 (human)	candidate	public_source_membership	7	7	exclude	Candidate source grouping only; not an exhaustive or context-specific biological regulon and not part of the frozen mechanism bundle.
TRRUST|TRRUST_v2_snapshot_2026-08-25|human|nkx2-2	TRRUST	TRRUST_v2_snapshot_2026-08-25	human	NKX2-2	nkx2-2	TRRUST public regulon: NKX2-2 (human)	candidate	public_source_membership	1	1	exclude	Candidate source grouping only; not an exhaustive or context-specific biological regulon and not part of the frozen mechanism bundle.
TRRUST|TRRUST_v2_snapshot_2026-08-25|human|nkx2-3	TRRUST	TRRUST_v2_snapshot_2026-08-25	human	NKX2-3	nkx2-3	TRRUST public regulon: NKX2-3 (human)	candidate	public_source_membership	1	1	exclude	Candidate source grouping only; not an exhaustive or context-specific biological regulon and not part of the frozen mechanism bundle.
TRRUST|TRRUST_v2_snapshot_2026-08-25|human|nkx2-5	TRRUST	TRRUST_v2_snapshot_2026-08-25	human	NKX2-5	nkx2-5	TRRUST public regulon: NKX2-5 (human)	candidate	public_source_membership	9	9	exclude	Candidate source grouping only; not an exhaustive or context-specific biological regulon and not part of the frozen mechanism bundle.
TRRUST|TRRUST_v2_snapshot_2026-08-25|human|nkx3-1	TRRUST	TRRUST_v2_snapshot_2026-08-25	human	NKX3-1	nkx3-1	TRRUST public regulon: NKX3-1 (human)	candidate	public_source_membership	10	10	exclude	Candidate source grouping only; not an exhaustive or context-specific biological regulon and not part of the frozen mechanism bundle.
TRRUST|TRRUST_v2_snapshot_2026-08-25|human|nono	TRRUST	TRRUST_v2_snapshot_2026-08-25	human	NONO	nono	TRRUST public regulon: NONO (human)	candidate	public_source_membership	1	1	exclude	Candidate source grouping only; not an exhaustive or context-specific biological regulon and not part of the frozen mechanism bundle.
TRRUST|TRRUST_v2_snapshot_2026-08-25|human|notch3	TRRUST	TRRUST_v2_snapshot_2026-08-25	human	NOTCH3	notch3	TRRUST public regulon: NOTCH3 (human)	candidate	public_source_membership	3	3	exclude	Candidate source grouping only; not an exhaustive or context-specific biological regulon and not part of the frozen mechanism bundle.
TRRUST|TRRUST_v2_snapshot_2026-08-25|human|npas2	TRRUST	TRRUST_v2_snapshot_2026-08-25	human	NPAS2	npas2	TRRUST public regulon: NPAS2 (human)	candidate	public_source_membership	4	4	exclude	Candidate source grouping only; not an exhaustive or context-specific biological regulon and not part of the frozen mechanism bundle.
TRRUST|TRRUST_v2_snapshot_2026-08-25|human|npas3	TRRUST	TRRUST_v2_snapshot_2026-08-25	human	NPAS3	npas3	TRRUST public regulon: NPAS3 (human)	candidate	public_source_membership	1	1	exclude	Candidate source grouping only; not an exhaustive or context-specific biological regulon and not part of the frozen mechanism bundle.
TRRUST|TRRUST_v2_snapshot_2026-08-25|human|npm1	TRRUST	TRRUST_v2_snapshot_2026-08-25	human	NPM1	npm1	TRRUST public regulon: NPM1 (human)	candidate	public_source_membership	11	11	exclude	Candidate source grouping only; not an exhaustive or context-specific biological regulon and not part of the frozen mechanism bundle.
TRRUST|TRRUST_v2_snapshot_2026-08-25|human|nr0b1	TRRUST	TRRUST_v2_snapshot_2026-08-25	human	NR0B1	nr0b1	TRRUST public regulon: NR0B1 (human)	candidate	public_source_membership	10	10	exclude	Candidate source grouping only; not an exhaustive or context-specific biological regulon and not part of the frozen mechanism bundle.
TRRUST|TRRUST_v2_snapshot_2026-08-25|human|nr0b2	TRRUST	TRRUST_v2_snapshot_2026-08-25	human	NR0B2	nr0b2	TRRUST public regulon: NR0B2 (human)	candidate	public_source_membership	9	9	exclude	Candidate source grouping only; not an exhaustive or context-specific biological regulon and not part of the frozen mechanism bundle.
TRRUST|TRRUST_v2_snapshot_2026-08-25|human|nr1d1	TRRUST	TRRUST_v2_snapshot_2026-08-25	human	NR1D1	nr1d1	TRRUST public regulon: NR1D1 (human)	candidate	public_source_membership	1	1	exclude	Candidate source grouping only; not an exhaustive or context-specific biological regulon and not part of the frozen mechanism bundle.
TRRUST|TRRUST_v2_snapshot_2026-08-25|human|nr1h2	TRRUST	TRRUST_v2_snapshot_2026-08-25	human	NR1H2	nr1h2	TRRUST public regulon: NR1H2 (human)	candidate	public_source_membership	3	3	exclude	Candidate source grouping only; not an exhaustive or context-specific biological regulon and not part of the frozen mechanism bundle.
TRRUST|TRRUST_v2_snapshot_2026-08-25|human|nr1h3	TRRUST	TRRUST_v2_snapshot_2026-08-25	human	NR1H3	nr1h3	TRRUST public regulon: NR1H3 (human)	candidate	public_source_membership	6	6	exclude	Candidate source grouping only; not an exhaustive or context-specific biological regulon and not part of the frozen mechanism bundle.
TRRUST|TRRUST_v2_snapshot_2026-08-25|human|nr1h4	TRRUST	TRRUST_v2_snapshot_2026-08-25	human	NR1H4	nr1h4	TRRUST public regulon: NR1H4 (human)	candidate	public_source_membership	20	20	exclude	Candidate source grouping only; not an exhaustive or context-specific biological regulon and not part of the frozen mechanism bundle.
TRRUST|TRRUST_v2_snapshot_2026-08-25|human|nr1i2	TRRUST	TRRUST_v2_snapshot_2026-08-25	human	NR1I2	nr1i2	TRRUST public regulon: NR1I2 (human)	candidate	public_source_membership	27	27	exclude	Candidate source grouping only; not an exhaustive or context-specific biological regulon and not part of the frozen mechanism bundle.
TRRUST|TRRUST_v2_snapshot_2026-08-25|human|nr1i3	TRRUST	TRRUST_v2_snapshot_2026-08-25	human	NR1I3	nr1i3	TRRUST public regulon: NR1I3 (human)	candidate	public_source_membership	5	5	exclude	Candidate source grouping only; not an exhaustive or context-specific biological regulon and not part of the frozen mechanism bundle.
TRRUST|TRRUST_v2_snapshot_2026-08-25|human|nr2c2	TRRUST	TRRUST_v2_snapshot_2026-08-25	human	NR2C2	nr2c2	TRRUST public regulon: NR2C2 (human)	candidate	public_source_membership	2	2	exclude	Candidate source grouping only; not an exhaustive or context-specific biological regulon and not part of the frozen mechanism bundle.
TRRUST|TRRUST_v2_snapshot_2026-08-25|human|nr2e3	TRRUST	TRRUST_v2_snapshot_2026-08-25	human	NR2E3	nr2e3	TRRUST public regulon: NR2E3 (human)	candidate	public_source_membership	2	2	exclude	Candidate source grouping only; not an exhaustive or context-specific biological regulon and not part of the frozen mechanism bundle.
TRRUST|TRRUST_v2_snapshot_2026-08-25|human|nr2f1	TRRUST	TRRUST_v2_snapshot_2026-08-25	human	NR2F1	nr2f1	TRRUST public regulon: NR2F1 (human)	candidate	public_source_membership	9	9	exclude	Candidate source grouping only; not an exhaustive or context-specific biological regulon and not part of the frozen mechanism bundle.
TRRUST|TRRUST_v2_snapshot_2026-08-25|human|nr2f2	TRRUST	TRRUST_v2_snapshot_2026-08-25	human	NR2F2	nr2f2	TRRUST public regulon: NR2F2 (human)	candidate	public_source_membership	7	7	exclude	Candidate source grouping only; not an exhaustive or context-specific biological regulon and not part of the frozen mechanism bundle.
TRRUST|TRRUST_v2_snapshot_2026-08-25|human|nr2f6	TRRUST	TRRUST_v2_snapshot_2026-08-25	human	NR2F6	nr2f6	TRRUST public regulon: NR2F6 (human)	candidate	public_source_membership	5	5	exclude	Candidate source grouping only; not an exhaustive or context-specific biological regulon and not part of the frozen mechanism bundle.
TRRUST|TRRUST_v2_snapshot_2026-08-25|human|nr3c1	TRRUST	TRRUST_v2_snapshot_2026-08-25	human	NR3C1	nr3c1	TRRUST public regulon: NR3C1 (human)	candidate	public_source_membership	40	40	exclude	Candidate source grouping only; not an exhaustive or context-specific biological regulon and not part of the frozen mechanism bundle.
TRRUST|TRRUST_v2_snapshot_2026-08-25|human|nr3c2	TRRUST	TRRUST_v2_snapshot_2026-08-25	human	NR3C2	nr3c2	TRRUST public regulon: NR3C2 (human)	candidate	public_source_membership	8	8	exclude	Candidate source grouping only; not an exhaustive or context-specific biological regulon and not part of the frozen mechanism bundle.
TRRUST|TRRUST_v2_snapshot_2026-08-25|human|nr4a1	TRRUST	TRRUST_v2_snapshot_2026-08-25	human	NR4A1	nr4a1	TRRUST public regulon: NR4A1 (human)	candidate	public_source_membership	16	16	exclude	Candidate source grouping only; not an exhaustive or context-specific biological regulon and not part of the frozen mechanism bundle.
TRRUST|TRRUST_v2_snapshot_2026-08-25|human|nr4a2	TRRUST	TRRUST_v2_snapshot_2026-08-25	human	NR4A2	nr4a2	TRRUST public regulon: NR4A2 (human)	candidate	public_source_membership	5	5	exclude	Candidate source grouping only; not an exhaustive or context-specific biological regulon and not part of the frozen mechanism bundle.
TRRUST|TRRUST_v2_snapshot_2026-08-25|human|nr4a3	TRRUST	TRRUST_v2_snapshot_2026-08-25	human	NR4A3	nr4a3	TRRUST public regulon: NR4A3 (human)	candidate	public_source_membership	1	1	exclude	Candidate source grouping only; not an exhaustive or context-specific biological regulon and not part of the frozen mechanism bundle.
TRRUST|TRRUST_v2_snapshot_2026-08-25|human|nr5a1	TRRUST	TRRUST_v2_snapshot_2026-08-25	human	NR5A1	nr5a1	TRRUST public regulon: NR5A1 (human)	candidate	public_source_membership	29	29	exclude	Candidate source grouping only; not an exhaustive or context-specific biological regulon and not part of the frozen mechanism bundle.
TRRUST|TRRUST_v2_snapshot_2026-08-25|human|nr5a2	TRRUST	TRRUST_v2_snapshot_2026-08-25	human	NR5A2	nr5a2	TRRUST public regulon: NR5A2 (human)	candidate	public_source_membership	13	13	exclude	Candidate source grouping only; not an exhaustive or context-specific biological regulon and not part of the frozen mechanism bundle.
TRRUST|TRRUST_v2_snapshot_2026-08-25|human|nrf1	TRRUST	TRRUST_v2_snapshot_2026-08-25	human	NRF1	nrf1	TRRUST public regulon: NRF1 (human)	candidate	public_source_membership	16	16	exclude	Candidate source grouping only; not an exhaustive or context-specific biological regulon and not part of the frozen mechanism bundle.
TRRUST|TRRUST_v2_snapshot_2026-08-25|human|nrip1	TRRUST	TRRUST_v2_snapshot_2026-08-25	human	NRIP1	nrip1	TRRUST public regulon: NRIP1 (human)	candidate	public_source_membership	1	1	exclude	Candidate source grouping only; not an exhaustive or context-specific biological regulon and not part of the frozen mechanism bundle.
TRRUST|TRRUST_v2_snapshot_2026-08-25|human|nrl	TRRUST	TRRUST_v2_snapshot_2026-08-25	human	NRL	nrl	TRRUST public regulon: NRL (human)	candidate	public_source_membership	5	5	exclude	Candidate source grouping only; not an exhaustive or context-specific biological regulon and not part of the frozen mechanism bundle.
TRRUST|TRRUST_v2_snapshot_2026-08-25|human|nupr1	TRRUST	TRRUST_v2_snapshot_2026-08-25	human	NUPR1	nupr1	TRRUST public regulon: NUPR1 (human)	candidate	public_source_membership	6	6	exclude	Candidate source grouping only; not an exhaustive or context-specific biological regulon and not part of the frozen mechanism bundle.
TRRUST|TRRUST_v2_snapshot_2026-08-25|human|olig2	TRRUST	TRRUST_v2_snapshot_2026-08-25	human	OLIG2	olig2	TRRUST public regulon: OLIG2 (human)	candidate	public_source_membership	1	1	exclude	Candidate source grouping only; not an exhaustive or context-specific biological regulon and not part of the frozen mechanism bundle.
TRRUST|TRRUST_v2_snapshot_2026-08-25|human|onecut1	TRRUST	TRRUST_v2_snapshot_2026-08-25	human	ONECUT1	onecut1	TRRUST public regulon: ONECUT1 (human)	candidate	public_source_membership	2	2	exclude	Candidate source grouping only; not an exhaustive or context-specific biological regulon and not part of the frozen mechanism bundle.
TRRUST|TRRUST_v2_snapshot_2026-08-25|human|onecut2	TRRUST	TRRUST_v2_snapshot_2026-08-25	human	ONECUT2	onecut2	TRRUST public regulon: ONECUT2 (human)	candidate	public_source_membership	2	2	exclude	Candidate source grouping only; not an exhaustive or context-specific biological regulon and not part of the frozen mechanism bundle.
TRRUST|TRRUST_v2_snapshot_2026-08-25|human|otx1	TRRUST	TRRUST_v2_snapshot_2026-08-25	human	OTX1	otx1	TRRUST public regulon: OTX1 (human)	candidate	public_source_membership	1	1	exclude	Candidate source grouping only; not an exhaustive or context-specific biological regulon and not part of the frozen mechanism bundle.
TRRUST|TRRUST_v2_snapshot_2026-08-25|human|otx2	TRRUST	TRRUST_v2_snapshot_2026-08-25	human	OTX2	otx2	TRRUST public regulon: OTX2 (human)	candidate	public_source_membership	14	14	exclude	Candidate source grouping only; not an exhaustive or context-specific biological regulon and not part of the frozen mechanism bundle.
TRRUST|TRRUST_v2_snapshot_2026-08-25|human|pa2g4	TRRUST	TRRUST_v2_snapshot_2026-08-25	human	PA2G4	pa2g4	TRRUST public regulon: PA2G4 (human)	candidate	public_source_membership	5	5	exclude	Candidate source grouping only; not an exhaustive or context-specific biological regulon and not part of the frozen mechanism bundle.
TRRUST|TRRUST_v2_snapshot_2026-08-25|human|parp1	TRRUST	TRRUST_v2_snapshot_2026-08-25	human	PARP1	parp1	TRRUST public regulon: PARP1 (human)	candidate	public_source_membership	27	27	exclude	Candidate source grouping only; not an exhaustive or context-specific biological regulon and not part of the frozen mechanism bundle.
TRRUST|TRRUST_v2_snapshot_2026-08-25|human|pawr	TRRUST	TRRUST_v2_snapshot_2026-08-25	human	PAWR	pawr	TRRUST public regulon: PAWR (human)	candidate	public_source_membership	2	2	exclude	Candidate source grouping only; not an exhaustive or context-specific biological regulon and not part of the frozen mechanism bundle.
TRRUST|TRRUST_v2_snapshot_2026-08-25|human|pax1	TRRUST	TRRUST_v2_snapshot_2026-08-25	human	PAX1	pax1	TRRUST public regulon: PAX1 (human)	candidate	public_source_membership	1	1	exclude	Candidate source grouping only; not an exhaustive or context-specific biological regulon and not part of the frozen mechanism bundle.
TRRUST|TRRUST_v2_snapshot_2026-08-25|human|pax2	TRRUST	TRRUST_v2_snapshot_2026-08-25	human	PAX2	pax2	TRRUST public regulon: PAX2 (human)	candidate	public_source_membership	6	6	exclude	Candidate source grouping only; not an exhaustive or context-specific biological regulon and not part of the frozen mechanism bundle.
TRRUST|TRRUST_v2_snapshot_2026-08-25|human|pax3	TRRUST	TRRUST_v2_snapshot_2026-08-25	human	PAX3	pax3	TRRUST public regulon: PAX3 (human)	candidate	public_source_membership	8	8	exclude	Candidate source grouping only; not an exhaustive or context-specific biological regulon and not part of the frozen mechanism bundle.
TRRUST|TRRUST_v2_snapshot_2026-08-25|human|pax4	TRRUST	TRRUST_v2_snapshot_2026-08-25	human	PAX4	pax4	TRRUST public regulon: PAX4 (human)	candidate	public_source_membership	4	4	exclude	Candidate source grouping only; not an exhaustive or context-specific biological regulon and not part of the frozen mechanism bundle.
TRRUST|TRRUST_v2_snapshot_2026-08-25|human|pax5	TRRUST	TRRUST_v2_snapshot_2026-08-25	human	PAX5	pax5	TRRUST public regulon: PAX5 (human)	candidate	public_source_membership	24	24	exclude	Candidate source grouping only; not an exhaustive or context-specific biological regulon and not part of the frozen mechanism bundle.
TRRUST|TRRUST_v2_snapshot_2026-08-25|human|pax6	TRRUST	TRRUST_v2_snapshot_2026-08-25	human	PAX6	pax6	TRRUST public regulon: PAX6 (human)	candidate	public_source_membership	11	11	exclude	Candidate source grouping only; not an exhaustive or context-specific biological regulon and not part of the frozen mechanism bundle.
TRRUST|TRRUST_v2_snapshot_2026-08-25|human|pax8	TRRUST	TRRUST_v2_snapshot_2026-08-25	human	PAX8	pax8	TRRUST public regulon: PAX8 (human)	candidate	public_source_membership	8	8	exclude	Candidate source grouping only; not an exhaustive or context-specific biological regulon and not part of the frozen mechanism bundle.
TRRUST|TRRUST_v2_snapshot_2026-08-25|human|pbx1	TRRUST	TRRUST_v2_snapshot_2026-08-25	human	PBX1	pbx1	TRRUST public regulon: PBX1 (human)	candidate	public_source_membership	5	5	exclude	Candidate source grouping only; not an exhaustive or context-specific biological regulon and not part of the frozen mechanism bundle.
TRRUST|TRRUST_v2_snapshot_2026-08-25|human|pbx2	TRRUST	TRRUST_v2_snapshot_2026-08-25	human	PBX2	pbx2	TRRUST public regulon: PBX2 (human)	candidate	public_source_membership	6	6	exclude	Candidate source grouping only; not an exhaustive or context-specific biological regulon and not part of the frozen mechanism bundle.
TRRUST|TRRUST_v2_snapshot_2026-08-25|human|pcbd1	TRRUST	TRRUST_v2_snapshot_2026-08-25	human	PCBD1	pcbd1	TRRUST public regulon: PCBD1 (human)	candidate	public_source_membership	1	1	exclude	Candidate source grouping only; not an exhaustive or context-specific biological regulon and not part of the frozen mechanism bundle.
TRRUST|TRRUST_v2_snapshot_2026-08-25|human|pcgf2	TRRUST	TRRUST_v2_snapshot_2026-08-25	human	PCGF2	pcgf2	TRRUST public regulon: PCGF2 (human)	candidate	public_source_membership	4	4	exclude	Candidate source grouping only; not an exhaustive or context-specific biological regulon and not part of the frozen mechanism bundle.
TRRUST|TRRUST_v2_snapshot_2026-08-25|human|pdcd11	TRRUST	TRRUST_v2_snapshot_2026-08-25	human	PDCD11	pdcd11	TRRUST public regulon: PDCD11 (human)	candidate	public_source_membership	1	1	exclude	Candidate source grouping only; not an exhaustive or context-specific biological regulon and not part of the frozen mechanism bundle.
TRRUST|TRRUST_v2_snapshot_2026-08-25|human|pdx1	TRRUST	TRRUST_v2_snapshot_2026-08-25	human	PDX1	pdx1	TRRUST public regulon: PDX1 (human)	candidate	public_source_membership	3	3	exclude	Candidate source grouping only; not an exhaustive or context-specific biological regulon and not part of the frozen mechanism bundle.
TRRUST|TRRUST_v2_snapshot_2026-08-25|human|per1	TRRUST	TRRUST_v2_snapshot_2026-08-25	human	PER1	per1	TRRUST public regulon: PER1 (human)	candidate	public_source_membership	3	3	exclude	Candidate source grouping only; not an exhaustive or context-specific biological regulon and not part of the frozen mechanism bundle.
TRRUST|TRRUST_v2_snapshot_2026-08-25|human|per2	TRRUST	TRRUST_v2_snapshot_2026-08-25	human	PER2	per2	TRRUST public regulon: PER2 (human)	candidate	public_source_membership	2	2	exclude	Candidate source grouping only; not an exhaustive or context-specific biological regulon and not part of the frozen mechanism bundle.
TRRUST|TRRUST_v2_snapshot_2026-08-25|human|pgr	TRRUST	TRRUST_v2_snapshot_2026-08-25	human	PGR	pgr	TRRUST public regulon: PGR (human)	candidate	public_source_membership	26	26	exclude	Candidate source grouping only; not an exhaustive or context-specific biological regulon and not part of the frozen mechanism bundle.
TRRUST|TRRUST_v2_snapshot_2026-08-25|human|phb2	TRRUST	TRRUST_v2_snapshot_2026-08-25	human	PHB2	phb2	TRRUST public regulon: PHB2 (human)	candidate	public_source_membership	2	2	exclude	Candidate source grouping only; not an exhaustive or context-specific biological regulon and not part of the frozen mechanism bundle.
TRRUST|TRRUST_v2_snapshot_2026-08-25|human|phf10	TRRUST	TRRUST_v2_snapshot_2026-08-25	human	PHF10	phf10	TRRUST public regulon: PHF10 (human)	candidate	public_source_membership	1	1	exclude	Candidate source grouping only; not an exhaustive or context-specific biological regulon and not part of the frozen mechanism bundle.
TRRUST|TRRUST_v2_snapshot_2026-08-25|human|phf8	TRRUST	TRRUST_v2_snapshot_2026-08-25	human	PHF8	phf8	TRRUST public regulon: PHF8 (human)	candidate	public_source_membership	1	1	exclude	Candidate source grouping only; not an exhaustive or context-specific biological regulon and not part of the frozen mechanism bundle.
TRRUST|TRRUST_v2_snapshot_2026-08-25|human|phox2a	TRRUST	TRRUST_v2_snapshot_2026-08-25	human	PHOX2A	phox2a	TRRUST public regulon: PHOX2A (human)	candidate	public_source_membership	3	3	exclude	Candidate source grouping only; not an exhaustive or context-specific biological regulon and not part of the frozen mechanism bundle.
TRRUST|TRRUST_v2_snapshot_2026-08-25|human|phox2b	TRRUST	TRRUST_v2_snapshot_2026-08-25	human	PHOX2B	phox2b	TRRUST public regulon: PHOX2B (human)	candidate	public_source_membership	7	7	exclude	Candidate source grouping only; not an exhaustive or context-specific biological regulon and not part of the frozen mechanism bundle.
TRRUST|TRRUST_v2_snapshot_2026-08-25|human|pias1	TRRUST	TRRUST_v2_snapshot_2026-08-25	human	PIAS1	pias1	TRRUST public regulon: PIAS1 (human)	candidate	public_source_membership	6	6	exclude	Candidate source grouping only; not an exhaustive or context-specific biological regulon and not part of the frozen mechanism bundle.
TRRUST|TRRUST_v2_snapshot_2026-08-25|human|pias2	TRRUST	TRRUST_v2_snapshot_2026-08-25	human	PIAS2	pias2	TRRUST public regulon: PIAS2 (human)	candidate	public_source_membership	4	4	exclude	Candidate source grouping only; not an exhaustive or context-specific biological regulon and not part of the frozen mechanism bundle.
TRRUST|TRRUST_v2_snapshot_2026-08-25|human|pias3	TRRUST	TRRUST_v2_snapshot_2026-08-25	human	PIAS3	pias3	TRRUST public regulon: PIAS3 (human)	candidate	public_source_membership	4	4	exclude	Candidate source grouping only; not an exhaustive or context-specific biological regulon and not part of the frozen mechanism bundle.
TRRUST|TRRUST_v2_snapshot_2026-08-25|human|pias4	TRRUST	TRRUST_v2_snapshot_2026-08-25	human	PIAS4	pias4	TRRUST public regulon: PIAS4 (human)	candidate	public_source_membership	2	2	exclude	Candidate source grouping only; not an exhaustive or context-specific biological regulon and not part of the frozen mechanism bundle.
TRRUST|TRRUST_v2_snapshot_2026-08-25|human|pir	TRRUST	TRRUST_v2_snapshot_2026-08-25	human	PIR	pir	TRRUST public regulon: PIR (human)	candidate	public_source_membership	1	1	exclude	Candidate source grouping only; not an exhaustive or context-specific biological regulon and not part of the frozen mechanism bundle.
TRRUST|TRRUST_v2_snapshot_2026-08-25|human|pitx1	TRRUST	TRRUST_v2_snapshot_2026-08-25	human	PITX1	pitx1	TRRUST public regulon: PITX1 (human)	candidate	public_source_membership	16	16	exclude	Candidate source grouping only; not an exhaustive or context-specific biological regulon and not part of the frozen mechanism bundle.
TRRUST|TRRUST_v2_snapshot_2026-08-25|human|pitx2	TRRUST	TRRUST_v2_snapshot_2026-08-25	human	PITX2	pitx2	TRRUST public regulon: PITX2 (human)	candidate	public_source_membership	11	11	exclude	Candidate source grouping only; not an exhaustive or context-specific biological regulon and not part of the frozen mechanism bundle.
TRRUST|TRRUST_v2_snapshot_2026-08-25|human|pitx3	TRRUST	TRRUST_v2_snapshot_2026-08-25	human	PITX3	pitx3	TRRUST public regulon: PITX3 (human)	candidate	public_source_membership	2	2	exclude	Candidate source grouping only; not an exhaustive or context-specific biological regulon and not part of the frozen mechanism bundle.
TRRUST|TRRUST_v2_snapshot_2026-08-25|human|pknox1	TRRUST	TRRUST_v2_snapshot_2026-08-25	human	PKNOX1	pknox1	TRRUST public regulon: PKNOX1 (human)	candidate	public_source_membership	4	4	exclude	Candidate source grouping only; not an exhaustive or context-specific biological regulon and not part of the frozen mechanism bundle.
TRRUST|TRRUST_v2_snapshot_2026-08-25|human|plag1	TRRUST	TRRUST_v2_snapshot_2026-08-25	human	PLAG1	plag1	TRRUST public regulon: PLAG1 (human)	candidate	public_source_membership	5	5	exclude	Candidate source grouping only; not an exhaustive or context-specific biological regulon and not part of the frozen mechanism bundle.
TRRUST|TRRUST_v2_snapshot_2026-08-25|human|plagl1	TRRUST	TRRUST_v2_snapshot_2026-08-25	human	PLAGL1	plagl1	TRRUST public regulon: PLAGL1 (human)	candidate	public_source_membership	2	2	exclude	Candidate source grouping only; not an exhaustive or context-specific biological regulon and not part of the frozen mechanism bundle.
TRRUST|TRRUST_v2_snapshot_2026-08-25|human|plagl2	TRRUST	TRRUST_v2_snapshot_2026-08-25	human	PLAGL2	plagl2	TRRUST public regulon: PLAGL2 (human)	candidate	public_source_membership	4	4	exclude	Candidate source grouping only; not an exhaustive or context-specific biological regulon and not part of the frozen mechanism bundle.
TRRUST|TRRUST_v2_snapshot_2026-08-25|human|pml	TRRUST	TRRUST_v2_snapshot_2026-08-25	human	PML	pml	TRRUST public regulon: PML (human)	candidate	public_source_membership	19	19	exclude	Candidate source grouping only; not an exhaustive or context-specific biological regulon and not part of the frozen mechanism bundle.
TRRUST|TRRUST_v2_snapshot_2026-08-25|human|polr1a	TRRUST	TRRUST_v2_snapshot_2026-08-25	human	POLR1A	polr1a	TRRUST public regulon: POLR1A (human)	candidate	public_source_membership	1	1	exclude	Candidate source grouping only; not an exhaustive or context-specific biological regulon and not part of the frozen mechanism bundle.
TRRUST|TRRUST_v2_snapshot_2026-08-25|human|pou1f1	TRRUST	TRRUST_v2_snapshot_2026-08-25	human	POU1F1	pou1f1	TRRUST public regulon: POU1F1 (human)	candidate	public_source_membership	14	14	exclude	Candidate source grouping only; not an exhaustive or context-specific biological regulon and not part of the frozen mechanism bundle.
TRRUST|TRRUST_v2_snapshot_2026-08-25|human|pou2af1	TRRUST	TRRUST_v2_snapshot_2026-08-25	human	POU2AF1	pou2af1	TRRUST public regulon: POU2AF1 (human)	candidate	public_source_membership	5	5	exclude	Candidate source grouping only; not an exhaustive or context-specific biological regulon and not part of the frozen mechanism bundle.
TRRUST|TRRUST_v2_snapshot_2026-08-25|human|pou2f1	TRRUST	TRRUST_v2_snapshot_2026-08-25	human	POU2F1	pou2f1	TRRUST public regulon: POU2F1 (human)	candidate	public_source_membership	43	43	exclude	Candidate source grouping only; not an exhaustive or context-specific biological regulon and not part of the frozen mechanism bundle.
TRRUST|TRRUST_v2_snapshot_2026-08-25|human|pou2f2	TRRUST	TRRUST_v2_snapshot_2026-08-25	human	POU2F2	pou2f2	TRRUST public regulon: POU2F2 (human)	candidate	public_source_membership	10	10	exclude	Candidate source grouping only; not an exhaustive or context-specific biological regulon and not part of the frozen mechanism bundle.
TRRUST|TRRUST_v2_snapshot_2026-08-25|human|pou2f3	TRRUST	TRRUST_v2_snapshot_2026-08-25	human	POU2F3	pou2f3	TRRUST public regulon: POU2F3 (human)	candidate	public_source_membership	1	1	exclude	Candidate source grouping only; not an exhaustive or context-specific biological regulon and not part of the frozen mechanism bundle.
TRRUST|TRRUST_v2_snapshot_2026-08-25|human|pou3f1	TRRUST	TRRUST_v2_snapshot_2026-08-25	human	POU3F1	pou3f1	TRRUST public regulon: POU3F1 (human)	candidate	public_source_membership	1	1	exclude	Candidate source grouping only; not an exhaustive or context-specific biological regulon and not part of the frozen mechanism bundle.
TRRUST|TRRUST_v2_snapshot_2026-08-25|human|pou3f2	TRRUST	TRRUST_v2_snapshot_2026-08-25	human	POU3F2	pou3f2	TRRUST public regulon: POU3F2 (human)	candidate	public_source_membership	9	9	exclude	Candidate source grouping only; not an exhaustive or context-specific biological regulon and not part of the frozen mechanism bundle.
TRRUST|TRRUST_v2_snapshot_2026-08-25|human|pou3f4	TRRUST	TRRUST_v2_snapshot_2026-08-25	human	POU3F4	pou3f4	TRRUST public regulon: POU3F4 (human)	candidate	public_source_membership	1	1	exclude	Candidate source grouping only; not an exhaustive or context-specific biological regulon and not part of the frozen mechanism bundle.
TRRUST|TRRUST_v2_snapshot_2026-08-25|human|pou4f1	TRRUST	TRRUST_v2_snapshot_2026-08-25	human	POU4F1	pou4f1	TRRUST public regulon: POU4F1 (human)	candidate	public_source_membership	2	2	exclude	Candidate source grouping only; not an exhaustive or context-specific biological regulon and not part of the frozen mechanism bundle.
TRRUST|TRRUST_v2_snapshot_2026-08-25|human|pou4f2	TRRUST	TRRUST_v2_snapshot_2026-08-25	human	POU4F2	pou4f2	TRRUST public regulon: POU4F2 (human)	candidate	public_source_membership	2	2	exclude	Candidate source grouping only; not an exhaustive or context-specific biological regulon and not part of the frozen mechanism bundle.
TRRUST|TRRUST_v2_snapshot_2026-08-25|human|pou5f1	TRRUST	TRRUST_v2_snapshot_2026-08-25	human	POU5F1	pou5f1	TRRUST public regulon: POU5F1 (human)	candidate	public_source_membership	25	25	exclude	Candidate source grouping only; not an exhaustive or context-specific biological regulon and not part of the frozen mechanism bundle.
TRRUST|TRRUST_v2_snapshot_2026-08-25|human|ppara	TRRUST	TRRUST_v2_snapshot_2026-08-25	human	PPARA	ppara	TRRUST public regulon: PPARA (human)	candidate	public_source_membership	43	43	exclude	Candidate source grouping only; not an exhaustive or context-specific biological regulon and not part of the frozen mechanism bundle.
TRRUST|TRRUST_v2_snapshot_2026-08-25|human|ppard	TRRUST	TRRUST_v2_snapshot_2026-08-25	human	PPARD	ppard	TRRUST public regulon: PPARD (human)	candidate	public_source_membership	10	10	exclude	Candidate source grouping only; not an exhaustive or context-specific biological regulon and not part of the frozen mechanism bundle.
TRRUST|TRRUST_v2_snapshot_2026-08-25|human|pparg	TRRUST	TRRUST_v2_snapshot_2026-08-25	human	PPARG	pparg	TRRUST public regulon: PPARG (human)	candidate	public_source_membership	79	79	exclude	Candidate source grouping only; not an exhaustive or context-specific biological regulon and not part of the frozen mechanism bundle.
TRRUST|TRRUST_v2_snapshot_2026-08-25|human|ppargc1a	TRRUST	TRRUST_v2_snapshot_2026-08-25	human	PPARGC1A	ppargc1a	TRRUST public regulon: PPARGC1A (human)	candidate	public_source_membership	9	9	exclude	Candidate source grouping only; not an exhaustive or context-specific biological regulon and not part of the frozen mechanism bundle.
TRRUST|TRRUST_v2_snapshot_2026-08-25|human|prdm1	TRRUST	TRRUST_v2_snapshot_2026-08-25	human	PRDM1	prdm1	TRRUST public regulon: PRDM1 (human)	candidate	public_source_membership	6	6	exclude	Candidate source grouping only; not an exhaustive or context-specific biological regulon and not part of the frozen mechanism bundle.
TRRUST|TRRUST_v2_snapshot_2026-08-25|human|prdm14	TRRUST	TRRUST_v2_snapshot_2026-08-25	human	PRDM14	prdm14	TRRUST public regulon: PRDM14 (human)	candidate	public_source_membership	1	1	exclude	Candidate source grouping only; not an exhaustive or context-specific biological regulon and not part of the frozen mechanism bundle.
TRRUST|TRRUST_v2_snapshot_2026-08-25|human|prdm2	TRRUST	TRRUST_v2_snapshot_2026-08-25	human	PRDM2	prdm2	TRRUST public regulon: PRDM2 (human)	candidate	public_source_membership	1	1	exclude	Candidate source grouping only; not an exhaustive or context-specific biological regulon and not part of the frozen mechanism bundle.
TRRUST|TRRUST_v2_snapshot_2026-08-25|human|preb	TRRUST	TRRUST_v2_snapshot_2026-08-25	human	PREB	preb	TRRUST public regulon: PREB (human)	candidate	public_source_membership	2	2	exclude	Candidate source grouping only; not an exhaustive or context-specific biological regulon and not part of the frozen mechanism bundle.
TRRUST|TRRUST_v2_snapshot_2026-08-25|human|prox1	TRRUST	TRRUST_v2_snapshot_2026-08-25	human	PROX1	prox1	TRRUST public regulon: PROX1 (human)	candidate	public_source_membership	11	11	exclude	Candidate source grouping only; not an exhaustive or context-specific biological regulon and not part of the frozen mechanism bundle.
TRRUST|TRRUST_v2_snapshot_2026-08-25|human|ptf1a	TRRUST	TRRUST_v2_snapshot_2026-08-25	human	PTF1A	ptf1a	TRRUST public regulon: PTF1A (human)	candidate	public_source_membership	1	1	exclude	Candidate source grouping only; not an exhaustive or context-specific biological regulon and not part of the frozen mechanism bundle.
TRRUST|TRRUST_v2_snapshot_2026-08-25|human|ptma	TRRUST	TRRUST_v2_snapshot_2026-08-25	human	PTMA	ptma	TRRUST public regulon: PTMA (human)	candidate	public_source_membership	4	4	exclude	Candidate source grouping only; not an exhaustive or context-specific biological regulon and not part of the frozen mechanism bundle.
TRRUST|TRRUST_v2_snapshot_2026-08-25|human|pttg1	TRRUST	TRRUST_v2_snapshot_2026-08-25	human	PTTG1	pttg1	TRRUST public regulon: PTTG1 (human)	candidate	public_source_membership	16	16	exclude	Candidate source grouping only; not an exhaustive or context-specific biological regulon and not part of the frozen mechanism bundle.
TRRUST|TRRUST_v2_snapshot_2026-08-25|human|pura	TRRUST	TRRUST_v2_snapshot_2026-08-25	human	PURA	pura	TRRUST public regulon: PURA (human)	candidate	public_source_membership	4	4	exclude	Candidate source grouping only; not an exhaustive or context-specific biological regulon and not part of the frozen mechanism bundle.
TRRUST|TRRUST_v2_snapshot_2026-08-25|human|rad51	TRRUST	TRRUST_v2_snapshot_2026-08-25	human	RAD51	rad51	TRRUST public regulon: RAD51 (human)	candidate	public_source_membership	1	1	exclude	Candidate source grouping only; not an exhaustive or context-specific biological regulon and not part of the frozen mechanism bundle.
TRRUST|TRRUST_v2_snapshot_2026-08-25|human|rara	TRRUST	TRRUST_v2_snapshot_2026-08-25	human	RARA	rara	TRRUST public regulon: RARA (human)	candidate	public_source_membership	28	28	exclude	Candidate source grouping only; not an exhaustive or context-specific biological regulon and not part of the frozen mechanism bundle.
TRRUST|TRRUST_v2_snapshot_2026-08-25|human|rarb	TRRUST	TRRUST_v2_snapshot_2026-08-25	human	RARB	rarb	TRRUST public regulon: RARB (human)	candidate	public_source_membership	3	3	exclude	Candidate source grouping only; not an exhaustive or context-specific biological regulon and not part of the frozen mechanism bundle.
TRRUST|TRRUST_v2_snapshot_2026-08-25|human|rarg	TRRUST	TRRUST_v2_snapshot_2026-08-25	human	RARG	rarg	TRRUST public regulon: RARG (human)	candidate	public_source_membership	5	5	exclude	Candidate source grouping only; not an exhaustive or context-specific biological regulon and not part of the frozen mechanism bundle.
TRRUST|TRRUST_v2_snapshot_2026-08-25|human|rb1	TRRUST	TRRUST_v2_snapshot_2026-08-25	human	RB1	rb1	TRRUST public regulon: RB1 (human)	candidate	public_source_membership	35	35	exclude	Candidate source grouping only; not an exhaustive or context-specific biological regulon and not part of the frozen mechanism bundle.
TRRUST|TRRUST_v2_snapshot_2026-08-25|human|rb1cc1	TRRUST	TRRUST_v2_snapshot_2026-08-25	human	RB1CC1	rb1cc1	TRRUST public regulon: RB1CC1 (human)	candidate	public_source_membership	3	3	exclude	Candidate source grouping only; not an exhaustive or context-specific biological regulon and not part of the frozen mechanism bundle.
TRRUST|TRRUST_v2_snapshot_2026-08-25|human|rbbp7	TRRUST	TRRUST_v2_snapshot_2026-08-25	human	RBBP7	rbbp7	TRRUST public regulon: RBBP7 (human)	candidate	public_source_membership	1	1	exclude	Candidate source grouping only; not an exhaustive or context-specific biological regulon and not part of the frozen mechanism bundle.
TRRUST|TRRUST_v2_snapshot_2026-08-25|human|rbl1	TRRUST	TRRUST_v2_snapshot_2026-08-25	human	RBL1	rbl1	TRRUST public regulon: RBL1 (human)	candidate	public_source_membership	5	5	exclude	Candidate source grouping only; not an exhaustive or context-specific biological regulon and not part of the frozen mechanism bundle.
TRRUST|TRRUST_v2_snapshot_2026-08-25|human|rbl2	TRRUST	TRRUST_v2_snapshot_2026-08-25	human	RBL2	rbl2	TRRUST public regulon: RBL2 (human)	candidate	public_source_membership	4	4	exclude	Candidate source grouping only; not an exhaustive or context-specific biological regulon and not part of the frozen mechanism bundle.
TRRUST|TRRUST_v2_snapshot_2026-08-25|human|rbmx	TRRUST	TRRUST_v2_snapshot_2026-08-25	human	RBMX	rbmx	TRRUST public regulon: RBMX (human)	candidate	public_source_membership	8	8	exclude	Candidate source grouping only; not an exhaustive or context-specific biological regulon and not part of the frozen mechanism bundle.
TRRUST|TRRUST_v2_snapshot_2026-08-25|human|rbpj	TRRUST	TRRUST_v2_snapshot_2026-08-25	human	RBPJ	rbpj	TRRUST public regulon: RBPJ (human)	candidate	public_source_membership	5	5	exclude	Candidate source grouping only; not an exhaustive or context-specific biological regulon and not part of the frozen mechanism bundle.
TRRUST|TRRUST_v2_snapshot_2026-08-25|human|rel	TRRUST	TRRUST_v2_snapshot_2026-08-25	human	REL	rel	TRRUST public regulon: REL (human)	candidate	public_source_membership	22	22	exclude	Candidate source grouping only; not an exhaustive or context-specific biological regulon and not part of the frozen mechanism bundle.
TRRUST|TRRUST_v2_snapshot_2026-08-25|human|rela	TRRUST	TRRUST_v2_snapshot_2026-08-25	human	RELA	rela	TRRUST public regulon: RELA (human)	candidate	public_source_membership	394	394	exclude	Candidate source grouping only; not an exhaustive or context-specific biological regulon and not part of the frozen mechanism bundle.
TRRUST|TRRUST_v2_snapshot_2026-08-25|human|relb	TRRUST	TRRUST_v2_snapshot_2026-08-25	human	RELB	relb	TRRUST public regulon: RELB (human)	candidate	public_source_membership	4	4	exclude	Candidate source grouping only; not an exhaustive or context-specific biological regulon and not part of the frozen mechanism bundle.
TRRUST|TRRUST_v2_snapshot_2026-08-25|human|rest	TRRUST	TRRUST_v2_snapshot_2026-08-25	human	REST	rest	TRRUST public regulon: REST (human)	candidate	public_source_membership	35	35	exclude	Candidate source grouping only; not an exhaustive or context-specific biological regulon and not part of the frozen mechanism bundle.
TRRUST|TRRUST_v2_snapshot_2026-08-25|human|rfwd2	TRRUST	TRRUST_v2_snapshot_2026-08-25	human	RFWD2	rfwd2	TRRUST public regulon: RFWD2 (human)	candidate	public_source_membership	3	3	exclude	Candidate source grouping only; not an exhaustive or context-specific biological regulon and not part of the frozen mechanism bundle.
TRRUST|TRRUST_v2_snapshot_2026-08-25|human|rfx1	TRRUST	TRRUST_v2_snapshot_2026-08-25	human	RFX1	rfx1	TRRUST public regulon: RFX1 (human)	candidate	public_source_membership	15	15	exclude	Candidate source grouping only; not an exhaustive or context-specific biological regulon and not part of the frozen mechanism bundle.
TRRUST|TRRUST_v2_snapshot_2026-08-25|human|rfx2	TRRUST	TRRUST_v2_snapshot_2026-08-25	human	RFX2	rfx2	TRRUST public regulon: RFX2 (human)	candidate	public_source_membership	2	2	exclude	Candidate source grouping only; not an exhaustive or context-specific biological regulon and not part of the frozen mechanism bundle.
TRRUST|TRRUST_v2_snapshot_2026-08-25|human|rfx3	TRRUST	TRRUST_v2_snapshot_2026-08-25	human	RFX3	rfx3	TRRUST public regulon: RFX3 (human)	candidate	public_source_membership	3	3	exclude	Candidate source grouping only; not an exhaustive or context-specific biological regulon and not part of the frozen mechanism bundle.
TRRUST|TRRUST_v2_snapshot_2026-08-25|human|rfx5	TRRUST	TRRUST_v2_snapshot_2026-08-25	human	RFX5	rfx5	TRRUST public regulon: RFX5 (human)	candidate	public_source_membership	18	18	exclude	Candidate source grouping only; not an exhaustive or context-specific biological regulon and not part of the frozen mechanism bundle.
TRRUST|TRRUST_v2_snapshot_2026-08-25|human|rfxank	TRRUST	TRRUST_v2_snapshot_2026-08-25	human	RFXANK	rfxank	TRRUST public regulon: RFXANK (human)	candidate	public_source_membership	15	15	exclude	Candidate source grouping only; not an exhaustive or context-specific biological regulon and not part of the frozen mechanism bundle.
TRRUST|TRRUST_v2_snapshot_2026-08-25|human|rfxap	TRRUST	TRRUST_v2_snapshot_2026-08-25	human	RFXAP	rfxap	TRRUST public regulon: RFXAP (human)	candidate	public_source_membership	15	15	exclude	Candidate source grouping only; not an exhaustive or context-specific biological regulon and not part of the frozen mechanism bundle.
TRRUST|TRRUST_v2_snapshot_2026-08-25|human|rnf14	TRRUST	TRRUST_v2_snapshot_2026-08-25	human	RNF14	rnf14	TRRUST public regulon: RNF14 (human)	candidate	public_source_membership	1	1	exclude	Candidate source grouping only; not an exhaustive or context-specific biological regulon and not part of the frozen mechanism bundle.
TRRUST|TRRUST_v2_snapshot_2026-08-25|human|rora	TRRUST	TRRUST_v2_snapshot_2026-08-25	human	RORA	rora	TRRUST public regulon: RORA (human)	candidate	public_source_membership	5	5	exclude	Candidate source grouping only; not an exhaustive or context-specific biological regulon and not part of the frozen mechanism bundle.
TRRUST|TRRUST_v2_snapshot_2026-08-25|human|rorc	TRRUST	TRRUST_v2_snapshot_2026-08-25	human	RORC	rorc	TRRUST public regulon: RORC (human)	candidate	public_source_membership	2	2	exclude	Candidate source grouping only; not an exhaustive or context-specific biological regulon and not part of the frozen mechanism bundle.
TRRUST|TRRUST_v2_snapshot_2026-08-25|human|rreb1	TRRUST	TRRUST_v2_snapshot_2026-08-25	human	RREB1	rreb1	TRRUST public regulon: RREB1 (human)	candidate	public_source_membership	2	2	exclude	Candidate source grouping only; not an exhaustive or context-specific biological regulon and not part of the frozen mechanism bundle.
TRRUST|TRRUST_v2_snapshot_2026-08-25|human|runx1	TRRUST	TRRUST_v2_snapshot_2026-08-25	human	RUNX1	runx1	TRRUST public regulon: RUNX1 (human)	candidate	public_source_membership	42	42	exclude	Candidate source grouping only; not an exhaustive or context-specific biological regulon and not part of the frozen mechanism bundle.
TRRUST|TRRUST_v2_snapshot_2026-08-25|human|runx1t1	TRRUST	TRRUST_v2_snapshot_2026-08-25	human	RUNX1T1	runx1t1	TRRUST public regulon: RUNX1T1 (human)	candidate	public_source_membership	1	1	exclude	Candidate source grouping only; not an exhaustive or context-specific biological regulon and not part of the frozen mechanism bundle.
TRRUST|TRRUST_v2_snapshot_2026-08-25|human|runx2	TRRUST	TRRUST_v2_snapshot_2026-08-25	human	RUNX2	runx2	TRRUST public regulon: RUNX2 (human)	candidate	public_source_membership	21	21	exclude	Candidate source grouping only; not an exhaustive or context-specific biological regulon and not part of the frozen mechanism bundle.
TRRUST|TRRUST_v2_snapshot_2026-08-25|human|runx3	TRRUST	TRRUST_v2_snapshot_2026-08-25	human	RUNX3	runx3	TRRUST public regulon: RUNX3 (human)	candidate	public_source_membership	32	32	exclude	Candidate source grouping only; not an exhaustive or context-specific biological regulon and not part of the frozen mechanism bundle.
TRRUST|TRRUST_v2_snapshot_2026-08-25|human|ruvbl1	TRRUST	TRRUST_v2_snapshot_2026-08-25	human	RUVBL1	ruvbl1	TRRUST public regulon: RUVBL1 (human)	candidate	public_source_membership	1	1	exclude	Candidate source grouping only; not an exhaustive or context-specific biological regulon and not part of the frozen mechanism bundle.
TRRUST|TRRUST_v2_snapshot_2026-08-25|human|rxra	TRRUST	TRRUST_v2_snapshot_2026-08-25	human	RXRA	rxra	TRRUST public regulon: RXRA (human)	candidate	public_source_membership	21	21	exclude	Candidate source grouping only; not an exhaustive or context-specific biological regulon and not part of the frozen mechanism bundle.
TRRUST|TRRUST_v2_snapshot_2026-08-25|human|sall3	TRRUST	TRRUST_v2_snapshot_2026-08-25	human	SALL3	sall3	TRRUST public regulon: SALL3 (human)	candidate	public_source_membership	2	2	exclude	Candidate source grouping only; not an exhaustive or context-specific biological regulon and not part of the frozen mechanism bundle.
TRRUST|TRRUST_v2_snapshot_2026-08-25|human|sall4	TRRUST	TRRUST_v2_snapshot_2026-08-25	human	SALL4	sall4	TRRUST public regulon: SALL4 (human)	candidate	public_source_membership	7	7	exclude	Candidate source grouping only; not an exhaustive or context-specific biological regulon and not part of the frozen mechanism bundle.
TRRUST|TRRUST_v2_snapshot_2026-08-25|human|sall4a	TRRUST	TRRUST_v2_snapshot_2026-08-25	human	SALL4A	sall4a	TRRUST public regulon: SALL4A (human)	candidate	public_source_membership	2	2	exclude	Candidate source grouping only; not an exhaustive or context-specific biological regulon and not part of the frozen mechanism bundle.
TRRUST|TRRUST_v2_snapshot_2026-08-25|human|satb1	TRRUST	TRRUST_v2_snapshot_2026-08-25	human	SATB1	satb1	TRRUST public regulon: SATB1 (human)	candidate	public_source_membership	16	16	exclude	Candidate source grouping only; not an exhaustive or context-specific biological regulon and not part of the frozen mechanism bundle.
TRRUST|TRRUST_v2_snapshot_2026-08-25|human|satb2	TRRUST	TRRUST_v2_snapshot_2026-08-25	human	SATB2	satb2	TRRUST public regulon: SATB2 (human)	candidate	public_source_membership	2	2	exclude	Candidate source grouping only; not an exhaustive or context-specific biological regulon and not part of the frozen mechanism bundle.
TRRUST|TRRUST_v2_snapshot_2026-08-25|human|scand1	TRRUST	TRRUST_v2_snapshot_2026-08-25	human	SCAND1	scand1	TRRUST public regulon: SCAND1 (human)	candidate	public_source_membership	1	1	exclude	Candidate source grouping only; not an exhaustive or context-specific biological regulon and not part of the frozen mechanism bundle.
TRRUST|TRRUST_v2_snapshot_2026-08-25|human|scd5	TRRUST	TRRUST_v2_snapshot_2026-08-25	human	SCD5	scd5	TRRUST public regulon: SCD5 (human)	candidate	public_source_membership	1	1	exclude	Candidate source grouping only; not an exhaustive or context-specific biological regulon and not part of the frozen mechanism bundle.
TRRUST|TRRUST_v2_snapshot_2026-08-25|human|sec14l2	TRRUST	TRRUST_v2_snapshot_2026-08-25	human	SEC14L2	sec14l2	TRRUST public regulon: SEC14L2 (human)	candidate	public_source_membership	1	1	exclude	Candidate source grouping only; not an exhaustive or context-specific biological regulon and not part of the frozen mechanism bundle.
TRRUST|TRRUST_v2_snapshot_2026-08-25|human|sertad1	TRRUST	TRRUST_v2_snapshot_2026-08-25	human	SERTAD1	sertad1	TRRUST public regulon: SERTAD1 (human)	candidate	public_source_membership	1	1	exclude	Candidate source grouping only; not an exhaustive or context-specific biological regulon and not part of the frozen mechanism bundle.
TRRUST|TRRUST_v2_snapshot_2026-08-25|human|setbp1	TRRUST	TRRUST_v2_snapshot_2026-08-25	human	SETBP1	setbp1	TRRUST public regulon: SETBP1 (human)	candidate	public_source_membership	3	3	exclude	Candidate source grouping only; not an exhaustive or context-specific biological regulon and not part of the frozen mechanism bundle.
TRRUST|TRRUST_v2_snapshot_2026-08-25|human|sf1	TRRUST	TRRUST_v2_snapshot_2026-08-25	human	SF1	sf1	TRRUST public regulon: SF1 (human)	candidate	public_source_membership	14	14	exclude	Candidate source grouping only; not an exhaustive or context-specific biological regulon and not part of the frozen mechanism bundle.
TRRUST|TRRUST_v2_snapshot_2026-08-25|human|sfpq	TRRUST	TRRUST_v2_snapshot_2026-08-25	human	SFPQ	sfpq	TRRUST public regulon: SFPQ (human)	candidate	public_source_membership	6	6	exclude	Candidate source grouping only; not an exhaustive or context-specific biological regulon and not part of the frozen mechanism bundle.
TRRUST|TRRUST_v2_snapshot_2026-08-25|human|shox	TRRUST	TRRUST_v2_snapshot_2026-08-25	human	SHOX	shox	TRRUST public regulon: SHOX (human)	candidate	public_source_membership	4	4	exclude	Candidate source grouping only; not an exhaustive or context-specific biological regulon and not part of the frozen mechanism bundle.
TRRUST|TRRUST_v2_snapshot_2026-08-25|human|shox2	TRRUST	TRRUST_v2_snapshot_2026-08-25	human	SHOX2	shox2	TRRUST public regulon: SHOX2 (human)	candidate	public_source_membership	2	2	exclude	Candidate source grouping only; not an exhaustive or context-specific biological regulon and not part of the frozen mechanism bundle.
TRRUST|TRRUST_v2_snapshot_2026-08-25|human|sim2	TRRUST	TRRUST_v2_snapshot_2026-08-25	human	SIM2	sim2	TRRUST public regulon: SIM2 (human)	candidate	public_source_membership	3	3	exclude	Candidate source grouping only; not an exhaustive or context-specific biological regulon and not part of the frozen mechanism bundle.
TRRUST|TRRUST_v2_snapshot_2026-08-25|human|sin3a	TRRUST	TRRUST_v2_snapshot_2026-08-25	human	SIN3A	sin3a	TRRUST public regulon: SIN3A (human)	candidate	public_source_membership	2	2	exclude	Candidate source grouping only; not an exhaustive or context-specific biological regulon and not part of the frozen mechanism bundle.
TRRUST|TRRUST_v2_snapshot_2026-08-25|human|sirt1	TRRUST	TRRUST_v2_snapshot_2026-08-25	human	SIRT1	sirt1	TRRUST public regulon: SIRT1 (human)	candidate	public_source_membership	50	50	exclude	Candidate source grouping only; not an exhaustive or context-specific biological regulon and not part of the frozen mechanism bundle.
TRRUST|TRRUST_v2_snapshot_2026-08-25|human|sirt2	TRRUST	TRRUST_v2_snapshot_2026-08-25	human	SIRT2	sirt2	TRRUST public regulon: SIRT2 (human)	candidate	public_source_membership	3	3	exclude	Candidate source grouping only; not an exhaustive or context-specific biological regulon and not part of the frozen mechanism bundle.
TRRUST|TRRUST_v2_snapshot_2026-08-25|human|sirt3	TRRUST	TRRUST_v2_snapshot_2026-08-25	human	SIRT3	sirt3	TRRUST public regulon: SIRT3 (human)	candidate	public_source_membership	1	1	exclude	Candidate source grouping only; not an exhaustive or context-specific biological regulon and not part of the frozen mechanism bundle.
TRRUST|TRRUST_v2_snapshot_2026-08-25|human|six1	TRRUST	TRRUST_v2_snapshot_2026-08-25	human	SIX1	six1	TRRUST public regulon: SIX1 (human)	candidate	public_source_membership	2	2	exclude	Candidate source grouping only; not an exhaustive or context-specific biological regulon and not part of the frozen mechanism bundle.
TRRUST|TRRUST_v2_snapshot_2026-08-25|human|ski	TRRUST	TRRUST_v2_snapshot_2026-08-25	human	SKI	ski	TRRUST public regulon: SKI (human)	candidate	public_source_membership	2	2	exclude	Candidate source grouping only; not an exhaustive or context-specific biological regulon and not part of the frozen mechanism bundle.
TRRUST|TRRUST_v2_snapshot_2026-08-25|human|skil	TRRUST	TRRUST_v2_snapshot_2026-08-25	human	SKIL	skil	TRRUST public regulon: SKIL (human)	candidate	public_source_membership	2	2	exclude	Candidate source grouping only; not an exhaustive or context-specific biological regulon and not part of the frozen mechanism bundle.
TRRUST|TRRUST_v2_snapshot_2026-08-25|human|sla2	TRRUST	TRRUST_v2_snapshot_2026-08-25	human	SLA2	sla2	TRRUST public regulon: SLA2 (human)	candidate	public_source_membership	1	1	exclude	Candidate source grouping only; not an exhaustive or context-specific biological regulon and not part of the frozen mechanism bundle.
TRRUST|TRRUST_v2_snapshot_2026-08-25|human|slc2a4rg	TRRUST	TRRUST_v2_snapshot_2026-08-25	human	SLC2A4RG	slc2a4rg	TRRUST public regulon: SLC2A4RG (human)	candidate	public_source_membership	1	1	exclude	Candidate source grouping only; not an exhaustive or context-specific biological regulon and not part of the frozen mechanism bundle.
TRRUST|TRRUST_v2_snapshot_2026-08-25|human|smad1	TRRUST	TRRUST_v2_snapshot_2026-08-25	human	SMAD1	smad1	TRRUST public regulon: SMAD1 (human)	candidate	public_source_membership	3	3	exclude	Candidate source grouping only; not an exhaustive or context-specific biological regulon and not part of the frozen mechanism bundle.
TRRUST|TRRUST_v2_snapshot_2026-08-25|human|smad2	TRRUST	TRRUST_v2_snapshot_2026-08-25	human	SMAD2	smad2	TRRUST public regulon: SMAD2 (human)	candidate	public_source_membership	5	5	exclude	Candidate source grouping only; not an exhaustive or context-specific biological regulon and not part of the frozen mechanism bundle.
TRRUST|TRRUST_v2_snapshot_2026-08-25|human|smad3	TRRUST	TRRUST_v2_snapshot_2026-08-25	human	SMAD3	smad3	TRRUST public regulon: SMAD3 (human)	candidate	public_source_membership	35	35	exclude	Candidate source grouping only; not an exhaustive or context-specific biological regulon and not part of the frozen mechanism bundle.
TRRUST|TRRUST_v2_snapshot_2026-08-25|human|smad4	TRRUST	TRRUST_v2_snapshot_2026-08-25	human	SMAD4	smad4	TRRUST public regulon: SMAD4 (human)	candidate	public_source_membership	26	26	exclude	Candidate source grouping only; not an exhaustive or context-specific biological regulon and not part of the frozen mechanism bundle.
TRRUST|TRRUST_v2_snapshot_2026-08-25|human|smad7	TRRUST	TRRUST_v2_snapshot_2026-08-25	human	SMAD7	smad7	TRRUST public regulon: SMAD7 (human)	candidate	public_source_membership	9	9	exclude	Candidate source grouping only; not an exhaustive or context-specific biological regulon and not part of the frozen mechanism bundle.
TRRUST|TRRUST_v2_snapshot_2026-08-25|human|smarca1	TRRUST	TRRUST_v2_snapshot_2026-08-25	human	SMARCA1	smarca1	TRRUST public regulon: SMARCA1 (human)	candidate	public_source_membership	2	2	exclude	Candidate source grouping only; not an exhaustive or context-specific biological regulon and not part of the frozen mechanism bundle.
TRRUST|TRRUST_v2_snapshot_2026-08-25|human|smarca4	TRRUST	TRRUST_v2_snapshot_2026-08-25	human	SMARCA4	smarca4	TRRUST public regulon: SMARCA4 (human)	candidate	public_source_membership	9	9	exclude	Candidate source grouping only; not an exhaustive or context-specific biological regulon and not part of the frozen mechanism bundle.
TRRUST|TRRUST_v2_snapshot_2026-08-25|human|smarcb1	TRRUST	TRRUST_v2_snapshot_2026-08-25	human	SMARCB1	smarcb1	TRRUST public regulon: SMARCB1 (human)	candidate	public_source_membership	2	2	exclude	Candidate source grouping only; not an exhaustive or context-specific biological regulon and not part of the frozen mechanism bundle.
TRRUST|TRRUST_v2_snapshot_2026-08-25|human|smg6	TRRUST	TRRUST_v2_snapshot_2026-08-25	human	SMG6	smg6	TRRUST public regulon: SMG6 (human)	candidate	public_source_membership	1	1	exclude	Candidate source grouping only; not an exhaustive or context-specific biological regulon and not part of the frozen mechanism bundle.
TRRUST|TRRUST_v2_snapshot_2026-08-25|human|smurf2	TRRUST	TRRUST_v2_snapshot_2026-08-25	human	SMURF2	smurf2	TRRUST public regulon: SMURF2 (human)	candidate	public_source_membership	1	1	exclude	Candidate source grouping only; not an exhaustive or context-specific biological regulon and not part of the frozen mechanism bundle.
TRRUST|TRRUST_v2_snapshot_2026-08-25|human|snai1	TRRUST	TRRUST_v2_snapshot_2026-08-25	human	SNAI1	snai1	TRRUST public regulon: SNAI1 (human)	candidate	public_source_membership	11	11	exclude	Candidate source grouping only; not an exhaustive or context-specific biological regulon and not part of the frozen mechanism bundle.
TRRUST|TRRUST_v2_snapshot_2026-08-25|human|snai2	TRRUST	TRRUST_v2_snapshot_2026-08-25	human	SNAI2	snai2	TRRUST public regulon: SNAI2 (human)	candidate	public_source_membership	15	15	exclude	Candidate source grouping only; not an exhaustive or context-specific biological regulon and not part of the frozen mechanism bundle.
TRRUST|TRRUST_v2_snapshot_2026-08-25|human|snd1	TRRUST	TRRUST_v2_snapshot_2026-08-25	human	SND1	snd1	TRRUST public regulon: SND1 (human)	candidate	public_source_membership	1	1	exclude	Candidate source grouping only; not an exhaustive or context-specific biological regulon and not part of the frozen mechanism bundle.
TRRUST|TRRUST_v2_snapshot_2026-08-25|human|snip1	TRRUST	TRRUST_v2_snapshot_2026-08-25	human	SNIP1	snip1	TRRUST public regulon: SNIP1 (human)	candidate	public_source_membership	2	2	exclude	Candidate source grouping only; not an exhaustive or context-specific biological regulon and not part of the frozen mechanism bundle.
TRRUST|TRRUST_v2_snapshot_2026-08-25|human|snw1	TRRUST	TRRUST_v2_snapshot_2026-08-25	human	SNW1	snw1	TRRUST public regulon: SNW1 (human)	candidate	public_source_membership	3	3	exclude	Candidate source grouping only; not an exhaustive or context-specific biological regulon and not part of the frozen mechanism bundle.
TRRUST|TRRUST_v2_snapshot_2026-08-25|human|sox10	TRRUST	TRRUST_v2_snapshot_2026-08-25	human	SOX10	sox10	TRRUST public regulon: SOX10 (human)	candidate	public_source_membership	16	16	exclude	Candidate source grouping only; not an exhaustive or context-specific biological regulon and not part of the frozen mechanism bundle.
TRRUST|TRRUST_v2_snapshot_2026-08-25|human|sox11	TRRUST	TRRUST_v2_snapshot_2026-08-25	human	SOX11	sox11	TRRUST public regulon: SOX11 (human)	candidate	public_source_membership	2	2	exclude	Candidate source grouping only; not an exhaustive or context-specific biological regulon and not part of the frozen mechanism bundle.
TRRUST|TRRUST_v2_snapshot_2026-08-25|human|sox17	TRRUST	TRRUST_v2_snapshot_2026-08-25	human	SOX17	sox17	TRRUST public regulon: SOX17 (human)	candidate	public_source_membership	6	6	exclude	Candidate source grouping only; not an exhaustive or context-specific biological regulon and not part of the frozen mechanism bundle.
TRRUST|TRRUST_v2_snapshot_2026-08-25|human|sox2	TRRUST	TRRUST_v2_snapshot_2026-08-25	human	SOX2	sox2	TRRUST public regulon: SOX2 (human)	candidate	public_source_membership	23	23	exclude	Candidate source grouping only; not an exhaustive or context-specific biological regulon and not part of the frozen mechanism bundle.
TRRUST|TRRUST_v2_snapshot_2026-08-25|human|sox4	TRRUST	TRRUST_v2_snapshot_2026-08-25	human	SOX4	sox4	TRRUST public regulon: SOX4 (human)	candidate	public_source_membership	8	8	exclude	Candidate source grouping only; not an exhaustive or context-specific biological regulon and not part of the frozen mechanism bundle.
TRRUST|TRRUST_v2_snapshot_2026-08-25|human|sox5	TRRUST	TRRUST_v2_snapshot_2026-08-25	human	SOX5	sox5	TRRUST public regulon: SOX5 (human)	candidate	public_source_membership	1	1	exclude	Candidate source grouping only; not an exhaustive or context-specific biological regulon and not part of the frozen mechanism bundle.
TRRUST|TRRUST_v2_snapshot_2026-08-25|human|sox6	TRRUST	TRRUST_v2_snapshot_2026-08-25	human	SOX6	sox6	TRRUST public regulon: SOX6 (human)	candidate	public_source_membership	6	6	exclude	Candidate source grouping only; not an exhaustive or context-specific biological regulon and not part of the frozen mechanism bundle.
TRRUST|TRRUST_v2_snapshot_2026-08-25|human|sox9	TRRUST	TRRUST_v2_snapshot_2026-08-25	human	SOX9	sox9	TRRUST public regulon: SOX9 (human)	candidate	public_source_membership	29	29	exclude	Candidate source grouping only; not an exhaustive or context-specific biological regulon and not part of the frozen mechanism bundle.
TRRUST|TRRUST_v2_snapshot_2026-08-25|human|sp1	TRRUST	TRRUST_v2_snapshot_2026-08-25	human	SP1	sp1	TRRUST public regulon: SP1 (human)	candidate	public_source_membership	557	557	exclude	Candidate source grouping only; not an exhaustive or context-specific biological regulon and not part of the frozen mechanism bundle.
TRRUST|TRRUST_v2_snapshot_2026-08-25|human|sp100	TRRUST	TRRUST_v2_snapshot_2026-08-25	human	SP100	sp100	TRRUST public regulon: SP100 (human)	candidate	public_source_membership	1	1	exclude	Candidate source grouping only; not an exhaustive or context-specific biological regulon and not part of the frozen mechanism bundle.
TRRUST|TRRUST_v2_snapshot_2026-08-25|human|sp2	TRRUST	TRRUST_v2_snapshot_2026-08-25	human	SP2	sp2	TRRUST public regulon: SP2 (human)	candidate	public_source_membership	9	9	exclude	Candidate source grouping only; not an exhaustive or context-specific biological regulon and not part of the frozen mechanism bundle.
TRRUST|TRRUST_v2_snapshot_2026-08-25|human|sp3	TRRUST	TRRUST_v2_snapshot_2026-08-25	human	SP3	sp3	TRRUST public regulon: SP3 (human)	candidate	public_source_membership	120	120	exclude	Candidate source grouping only; not an exhaustive or context-specific biological regulon and not part of the frozen mechanism bundle.
TRRUST|TRRUST_v2_snapshot_2026-08-25|human|sp4	TRRUST	TRRUST_v2_snapshot_2026-08-25	human	SP4	sp4	TRRUST public regulon: SP4 (human)	candidate	public_source_membership	12	12	exclude	Candidate source grouping only; not an exhaustive or context-specific biological regulon and not part of the frozen mechanism bundle.
TRRUST|TRRUST_v2_snapshot_2026-08-25|human|sp7	TRRUST	TRRUST_v2_snapshot_2026-08-25	human	SP7	sp7	TRRUST public regulon: SP7 (human)	candidate	public_source_membership	1	1	exclude	Candidate source grouping only; not an exhaustive or context-specific biological regulon and not part of the frozen mechanism bundle.
TRRUST|TRRUST_v2_snapshot_2026-08-25|human|spdef	TRRUST	TRRUST_v2_snapshot_2026-08-25	human	SPDEF	spdef	TRRUST public regulon: SPDEF (human)	candidate	public_source_membership	10	10	exclude	Candidate source grouping only; not an exhaustive or context-specific biological regulon and not part of the frozen mechanism bundle.
TRRUST|TRRUST_v2_snapshot_2026-08-25|human|spen	TRRUST	TRRUST_v2_snapshot_2026-08-25	human	SPEN	spen	TRRUST public regulon: SPEN (human)	candidate	public_source_membership	2	2	exclude	Candidate source grouping only; not an exhaustive or context-specific biological regulon and not part of the frozen mechanism bundle.
TRRUST|TRRUST_v2_snapshot_2026-08-25|human|spi1	TRRUST	TRRUST_v2_snapshot_2026-08-25	human	SPI1	spi1	TRRUST public regulon: SPI1 (human)	candidate	public_source_membership	71	70	exclude	Candidate source grouping only; not an exhaustive or context-specific biological regulon and not part of the frozen mechanism bundle.
TRRUST|TRRUST_v2_snapshot_2026-08-25|human|spib	TRRUST	TRRUST_v2_snapshot_2026-08-25	human	SPIB	spib	TRRUST public regulon: SPIB (human)	candidate	public_source_membership	2	2	exclude	Candidate source grouping only; not an exhaustive or context-specific biological regulon and not part of the frozen mechanism bundle.
TRRUST|TRRUST_v2_snapshot_2026-08-25|human|spic	TRRUST	TRRUST_v2_snapshot_2026-08-25	human	SPIC	spic	TRRUST public regulon: SPIC (human)	candidate	public_source_membership	1	1	exclude	Candidate source grouping only; not an exhaustive or context-specific biological regulon and not part of the frozen mechanism bundle.
TRRUST|TRRUST_v2_snapshot_2026-08-25|human|srcap	TRRUST	TRRUST_v2_snapshot_2026-08-25	human	SRCAP	srcap	TRRUST public regulon: SRCAP (human)	candidate	public_source_membership	2	2	exclude	Candidate source grouping only; not an exhaustive or context-specific biological regulon and not part of the frozen mechanism bundle.
TRRUST|TRRUST_v2_snapshot_2026-08-25|human|srebf1	TRRUST	TRRUST_v2_snapshot_2026-08-25	human	SREBF1	srebf1	TRRUST public regulon: SREBF1 (human)	candidate	public_source_membership	30	30	exclude	Candidate source grouping only; not an exhaustive or context-specific biological regulon and not part of the frozen mechanism bundle.
TRRUST|TRRUST_v2_snapshot_2026-08-25|human|srebf2	TRRUST	TRRUST_v2_snapshot_2026-08-25	human	SREBF2	srebf2	TRRUST public regulon: SREBF2 (human)	candidate	public_source_membership	22	22	exclude	Candidate source grouping only; not an exhaustive or context-specific biological regulon and not part of the frozen mechanism bundle.
TRRUST|TRRUST_v2_snapshot_2026-08-25|human|srf	TRRUST	TRRUST_v2_snapshot_2026-08-25	human	SRF	srf	TRRUST public regulon: SRF (human)	candidate	public_source_membership	27	27	exclude	Candidate source grouping only; not an exhaustive or context-specific biological regulon and not part of the frozen mechanism bundle.
TRRUST|TRRUST_v2_snapshot_2026-08-25|human|srsf1	TRRUST	TRRUST_v2_snapshot_2026-08-25	human	SRSF1	srsf1	TRRUST public regulon: SRSF1 (human)	candidate	public_source_membership	2	2	exclude	Candidate source grouping only; not an exhaustive or context-specific biological regulon and not part of the frozen mechanism bundle.
TRRUST|TRRUST_v2_snapshot_2026-08-25|human|sry	TRRUST	TRRUST_v2_snapshot_2026-08-25	human	SRY	sry	TRRUST public regulon: SRY (human)	candidate	public_source_membership	7	7	exclude	Candidate source grouping only; not an exhaustive or context-specific biological regulon and not part of the frozen mechanism bundle.
TRRUST|TRRUST_v2_snapshot_2026-08-25|human|ssb	TRRUST	TRRUST_v2_snapshot_2026-08-25	human	SSB	ssb	TRRUST public regulon: SSB (human)	candidate	public_source_membership	3	3	exclude	Candidate source grouping only; not an exhaustive or context-specific biological regulon and not part of the frozen mechanism bundle.
TRRUST|TRRUST_v2_snapshot_2026-08-25|human|ssx2	TRRUST	TRRUST_v2_snapshot_2026-08-25	human	SSX2	ssx2	TRRUST public regulon: SSX2 (human)	candidate	public_source_membership	1	1	exclude	Candidate source grouping only; not an exhaustive or context-specific biological regulon and not part of the frozen mechanism bundle.
TRRUST|TRRUST_v2_snapshot_2026-08-25|human|stat1	TRRUST	TRRUST_v2_snapshot_2026-08-25	human	STAT1	stat1	TRRUST public regulon: STAT1 (human)	candidate	public_source_membership	98	98	exclude	Candidate source grouping only; not an exhaustive or context-specific biological regulon and not part of the frozen mechanism bundle.
TRRUST|TRRUST_v2_snapshot_2026-08-25|human|stat2	TRRUST	TRRUST_v2_snapshot_2026-08-25	human	STAT2	stat2	TRRUST public regulon: STAT2 (human)	candidate	public_source_membership	11	11	exclude	Candidate source grouping only; not an exhaustive or context-specific biological regulon and not part of the frozen mechanism bundle.
TRRUST|TRRUST_v2_snapshot_2026-08-25|human|stat3	TRRUST	TRRUST_v2_snapshot_2026-08-25	human	STAT3	stat3	TRRUST public regulon: STAT3 (human)	candidate	public_source_membership	185	185	exclude	Candidate source grouping only; not an exhaustive or context-specific biological regulon and not part of the frozen mechanism bundle.
TRRUST|TRRUST_v2_snapshot_2026-08-25|human|stat4	TRRUST	TRRUST_v2_snapshot_2026-08-25	human	STAT4	stat4	TRRUST public regulon: STAT4 (human)	candidate	public_source_membership	11	11	exclude	Candidate source grouping only; not an exhaustive or context-specific biological regulon and not part of the frozen mechanism bundle.
TRRUST|TRRUST_v2_snapshot_2026-08-25|human|stat5	TRRUST	TRRUST_v2_snapshot_2026-08-25	human	STAT5	stat5	TRRUST public regulon: STAT5 (human)	candidate	public_source_membership	1	1	exclude	Candidate source grouping only; not an exhaustive or context-specific biological regulon and not part of the frozen mechanism bundle.
TRRUST|TRRUST_v2_snapshot_2026-08-25|human|stat5a	TRRUST	TRRUST_v2_snapshot_2026-08-25	human	STAT5A	stat5a	TRRUST public regulon: STAT5A (human)	candidate	public_source_membership	13	13	exclude	Candidate source grouping only; not an exhaustive or context-specific biological regulon and not part of the frozen mechanism bundle.
TRRUST|TRRUST_v2_snapshot_2026-08-25|human|stat5b	TRRUST	TRRUST_v2_snapshot_2026-08-25	human	STAT5B	stat5b	TRRUST public regulon: STAT5B (human)	candidate	public_source_membership	8	8	exclude	Candidate source grouping only; not an exhaustive or context-specific biological regulon and not part of the frozen mechanism bundle.
TRRUST|TRRUST_v2_snapshot_2026-08-25|human|stat6	TRRUST	TRRUST_v2_snapshot_2026-08-25	human	STAT6	stat6	TRRUST public regulon: STAT6 (human)	candidate	public_source_membership	42	42	exclude	Candidate source grouping only; not an exhaustive or context-specific biological regulon and not part of the frozen mechanism bundle.
TRRUST|TRRUST_v2_snapshot_2026-08-25|human|sugp1	TRRUST	TRRUST_v2_snapshot_2026-08-25	human	SUGP1	sugp1	TRRUST public regulon: SUGP1 (human)	candidate	public_source_membership	1	1	exclude	Candidate source grouping only; not an exhaustive or context-specific biological regulon and not part of the frozen mechanism bundle.
TRRUST|TRRUST_v2_snapshot_2026-08-25|human|supt3h	TRRUST	TRRUST_v2_snapshot_2026-08-25	human	SUPT3H	supt3h	TRRUST public regulon: SUPT3H (human)	candidate	public_source_membership	1	1	exclude	Candidate source grouping only; not an exhaustive or context-specific biological regulon and not part of the frozen mechanism bundle.
TRRUST|TRRUST_v2_snapshot_2026-08-25|human|suz12	TRRUST	TRRUST_v2_snapshot_2026-08-25	human	SUZ12	suz12	TRRUST public regulon: SUZ12 (human)	candidate	public_source_membership	4	4	exclude	Candidate source grouping only; not an exhaustive or context-specific biological regulon and not part of the frozen mechanism bundle.
TRRUST|TRRUST_v2_snapshot_2026-08-25|human|taf1	TRRUST	TRRUST_v2_snapshot_2026-08-25	human	TAF1	taf1	TRRUST public regulon: TAF1 (human)	candidate	public_source_membership	5	5	exclude	Candidate source grouping only; not an exhaustive or context-specific biological regulon and not part of the frozen mechanism bundle.
TRRUST|TRRUST_v2_snapshot_2026-08-25|human|taf4	TRRUST	TRRUST_v2_snapshot_2026-08-25	human	TAF4	taf4	TRRUST public regulon: TAF4 (human)	candidate	public_source_membership	2	2	exclude	Candidate source grouping only; not an exhaustive or context-specific biological regulon and not part of the frozen mechanism bundle.
TRRUST|TRRUST_v2_snapshot_2026-08-25|human|taf5	TRRUST	TRRUST_v2_snapshot_2026-08-25	human	TAF5	taf5	TRRUST public regulon: TAF5 (human)	candidate	public_source_membership	1	1	exclude	Candidate source grouping only; not an exhaustive or context-specific biological regulon and not part of the frozen mechanism bundle.
TRRUST|TRRUST_v2_snapshot_2026-08-25|human|tal1	TRRUST	TRRUST_v2_snapshot_2026-08-25	human	TAL1	tal1	TRRUST public regulon: TAL1 (human)	candidate	public_source_membership	10	10	exclude	Candidate source grouping only; not an exhaustive or context-specific biological regulon and not part of the frozen mechanism bundle.
TRRUST|TRRUST_v2_snapshot_2026-08-25|human|tbc1d22a	TRRUST	TRRUST_v2_snapshot_2026-08-25	human	TBC1D22A	tbc1d22a	TRRUST public regulon: TBC1D22A (human)	candidate	public_source_membership	1	1	exclude	Candidate source grouping only; not an exhaustive or context-specific biological regulon and not part of the frozen mechanism bundle.
TRRUST|TRRUST_v2_snapshot_2026-08-25|human|tbl1x	TRRUST	TRRUST_v2_snapshot_2026-08-25	human	TBL1X	tbl1x	TRRUST public regulon: TBL1X (human)	candidate	public_source_membership	1	1	exclude	Candidate source grouping only; not an exhaustive or context-specific biological regulon and not part of the frozen mechanism bundle.
TRRUST|TRRUST_v2_snapshot_2026-08-25|human|tbp	TRRUST	TRRUST_v2_snapshot_2026-08-25	human	TBP	tbp	TRRUST public regulon: TBP (human)	candidate	public_source_membership	15	15	exclude	Candidate source grouping only; not an exhaustive or context-specific biological regulon and not part of the frozen mechanism bundle.
TRRUST|TRRUST_v2_snapshot_2026-08-25|human|tbpl1	TRRUST	TRRUST_v2_snapshot_2026-08-25	human	TBPL1	tbpl1	TRRUST public regulon: TBPL1 (human)	candidate	public_source_membership	1	1	exclude	Candidate source grouping only; not an exhaustive or context-specific biological regulon and not part of the frozen mechanism bundle.
TRRUST|TRRUST_v2_snapshot_2026-08-25|human|tbr1	TRRUST	TRRUST_v2_snapshot_2026-08-25	human	TBR1	tbr1	TRRUST public regulon: TBR1 (human)	candidate	public_source_membership	1	1	exclude	Candidate source grouping only; not an exhaustive or context-specific biological regulon and not part of the frozen mechanism bundle.
TRRUST|TRRUST_v2_snapshot_2026-08-25|human|tbx2	TRRUST	TRRUST_v2_snapshot_2026-08-25	human	TBX2	tbx2	TRRUST public regulon: TBX2 (human)	candidate	public_source_membership	2	2	exclude	Candidate source grouping only; not an exhaustive or context-specific biological regulon and not part of the frozen mechanism bundle.
TRRUST|TRRUST_v2_snapshot_2026-08-25|human|tbx20	TRRUST	TRRUST_v2_snapshot_2026-08-25	human	TBX20	tbx20	TRRUST public regulon: TBX20 (human)	candidate	public_source_membership	1	1	exclude	Candidate source grouping only; not an exhaustive or context-specific biological regulon and not part of the frozen mechanism bundle.
TRRUST|TRRUST_v2_snapshot_2026-08-25|human|tbx21	TRRUST	TRRUST_v2_snapshot_2026-08-25	human	TBX21	tbx21	TRRUST public regulon: TBX21 (human)	candidate	public_source_membership	14	14	exclude	Candidate source grouping only; not an exhaustive or context-specific biological regulon and not part of the frozen mechanism bundle.
TRRUST|TRRUST_v2_snapshot_2026-08-25|human|tbx3	TRRUST	TRRUST_v2_snapshot_2026-08-25	human	TBX3	tbx3	TRRUST public regulon: TBX3 (human)	candidate	public_source_membership	2	2	exclude	Candidate source grouping only; not an exhaustive or context-specific biological regulon and not part of the frozen mechanism bundle.
TRRUST|TRRUST_v2_snapshot_2026-08-25|human|tbx5	TRRUST	TRRUST_v2_snapshot_2026-08-25	human	TBX5	tbx5	TRRUST public regulon: TBX5 (human)	candidate	public_source_membership	5	5	exclude	Candidate source grouping only; not an exhaustive or context-specific biological regulon and not part of the frozen mechanism bundle.
TRRUST|TRRUST_v2_snapshot_2026-08-25|human|tcf12	TRRUST	TRRUST_v2_snapshot_2026-08-25	human	TCF12	tcf12	TRRUST public regulon: TCF12 (human)	candidate	public_source_membership	1	1	exclude	Candidate source grouping only; not an exhaustive or context-specific biological regulon and not part of the frozen mechanism bundle.
TRRUST|TRRUST_v2_snapshot_2026-08-25|human|tcf19	TRRUST	TRRUST_v2_snapshot_2026-08-25	human	TCF19	tcf19	TRRUST public regulon: TCF19 (human)	candidate	public_source_membership	1	1	exclude	Candidate source grouping only; not an exhaustive or context-specific biological regulon and not part of the frozen mechanism bundle.
TRRUST|TRRUST_v2_snapshot_2026-08-25|human|tcf3	TRRUST	TRRUST_v2_snapshot_2026-08-25	human	TCF3	tcf3	TRRUST public regulon: TCF3 (human)	candidate	public_source_membership	16	16	exclude	Candidate source grouping only; not an exhaustive or context-specific biological regulon and not part of the frozen mechanism bundle.
TRRUST|TRRUST_v2_snapshot_2026-08-25|human|tcf4	TRRUST	TRRUST_v2_snapshot_2026-08-25	human	TCF4	tcf4	TRRUST public regulon: TCF4 (human)	candidate	public_source_membership	27	27	exclude	Candidate source grouping only; not an exhaustive or context-specific biological regulon and not part of the frozen mechanism bundle.
TRRUST|TRRUST_v2_snapshot_2026-08-25|human|tcf7	TRRUST	TRRUST_v2_snapshot_2026-08-25	human	TCF7	tcf7	TRRUST public regulon: TCF7 (human)	candidate	public_source_membership	1	1	exclude	Candidate source grouping only; not an exhaustive or context-specific biological regulon and not part of the frozen mechanism bundle.
TRRUST|TRRUST_v2_snapshot_2026-08-25|human|tcf7l2	TRRUST	TRRUST_v2_snapshot_2026-08-25	human	TCF7L2	tcf7l2	TRRUST public regulon: TCF7L2 (human)	candidate	public_source_membership	12	12	exclude	Candidate source grouping only; not an exhaustive or context-specific biological regulon and not part of the frozen mechanism bundle.
TRRUST|TRRUST_v2_snapshot_2026-08-25|human|tcfl5	TRRUST	TRRUST_v2_snapshot_2026-08-25	human	TCFL5	tcfl5	TRRUST public regulon: TCFL5 (human)	candidate	public_source_membership	1	1	exclude	Candidate source grouping only; not an exhaustive or context-specific biological regulon and not part of the frozen mechanism bundle.
TRRUST|TRRUST_v2_snapshot_2026-08-25|human|tead1	TRRUST	TRRUST_v2_snapshot_2026-08-25	human	TEAD1	tead1	TRRUST public regulon: TEAD1 (human)	candidate	public_source_membership	5	5	exclude	Candidate source grouping only; not an exhaustive or context-specific biological regulon and not part of the frozen mechanism bundle.
TRRUST|TRRUST_v2_snapshot_2026-08-25|human|tead4	TRRUST	TRRUST_v2_snapshot_2026-08-25	human	TEAD4	tead4	TRRUST public regulon: TEAD4 (human)	candidate	public_source_membership	1	1	exclude	Candidate source grouping only; not an exhaustive or context-specific biological regulon and not part of the frozen mechanism bundle.
TRRUST|TRRUST_v2_snapshot_2026-08-25|human|tef	TRRUST	TRRUST_v2_snapshot_2026-08-25	human	TEF	tef	TRRUST public regulon: TEF (human)	candidate	public_source_membership	3	3	exclude	Candidate source grouping only; not an exhaustive or context-specific biological regulon and not part of the frozen mechanism bundle.
TRRUST|TRRUST_v2_snapshot_2026-08-25|human|tfap2a	TRRUST	TRRUST_v2_snapshot_2026-08-25	human	TFAP2A	tfap2a	TRRUST public regulon: TFAP2A (human)	candidate	public_source_membership	79	79	exclude	Candidate source grouping only; not an exhaustive or context-specific biological regulon and not part of the frozen mechanism bundle.
TRRUST|TRRUST_v2_snapshot_2026-08-25|human|tfap2b	TRRUST	TRRUST_v2_snapshot_2026-08-25	human	TFAP2B	tfap2b	TRRUST public regulon: TFAP2B (human)	candidate	public_source_membership	5	5	exclude	Candidate source grouping only; not an exhaustive or context-specific biological regulon and not part of the frozen mechanism bundle.
TRRUST|TRRUST_v2_snapshot_2026-08-25|human|tfap2c	TRRUST	TRRUST_v2_snapshot_2026-08-25	human	TFAP2C	tfap2c	TRRUST public regulon: TFAP2C (human)	candidate	public_source_membership	11	11	exclude	Candidate source grouping only; not an exhaustive or context-specific biological regulon and not part of the frozen mechanism bundle.
TRRUST|TRRUST_v2_snapshot_2026-08-25|human|tfap4	TRRUST	TRRUST_v2_snapshot_2026-08-25	human	TFAP4	tfap4	TRRUST public regulon: TFAP4 (human)	candidate	public_source_membership	7	7	exclude	Candidate source grouping only; not an exhaustive or context-specific biological regulon and not part of the frozen mechanism bundle.
TRRUST|TRRUST_v2_snapshot_2026-08-25|human|tfcp2	TRRUST	TRRUST_v2_snapshot_2026-08-25	human	TFCP2	tfcp2	TRRUST public regulon: TFCP2 (human)	candidate	public_source_membership	9	9	exclude	Candidate source grouping only; not an exhaustive or context-specific biological regulon and not part of the frozen mechanism bundle.
TRRUST|TRRUST_v2_snapshot_2026-08-25|human|tfcp2l1	TRRUST	TRRUST_v2_snapshot_2026-08-25	human	TFCP2L1	tfcp2l1	TRRUST public regulon: TFCP2L1 (human)	candidate	public_source_membership	1	1	exclude	Candidate source grouping only; not an exhaustive or context-specific biological regulon and not part of the frozen mechanism bundle.
TRRUST|TRRUST_v2_snapshot_2026-08-25|human|tfdp1	TRRUST	TRRUST_v2_snapshot_2026-08-25	human	TFDP1	tfdp1	TRRUST public regulon: TFDP1 (human)	candidate	public_source_membership	10	10	exclude	Candidate source grouping only; not an exhaustive or context-specific biological regulon and not part of the frozen mechanism bundle.
TRRUST|TRRUST_v2_snapshot_2026-08-25|human|tfdp3	TRRUST	TRRUST_v2_snapshot_2026-08-25	human	TFDP3	tfdp3	TRRUST public regulon: TFDP3 (human)	candidate	public_source_membership	2	2	exclude	Candidate source grouping only; not an exhaustive or context-specific biological regulon and not part of the frozen mechanism bundle.
TRRUST|TRRUST_v2_snapshot_2026-08-25|human|tfeb	TRRUST	TRRUST_v2_snapshot_2026-08-25	human	TFEB	tfeb	TRRUST public regulon: TFEB (human)	candidate	public_source_membership	2	2	exclude	Candidate source grouping only; not an exhaustive or context-specific biological regulon and not part of the frozen mechanism bundle.
TRRUST|TRRUST_v2_snapshot_2026-08-25|human|tfpt	TRRUST	TRRUST_v2_snapshot_2026-08-25	human	TFPT	tfpt	TRRUST public regulon: TFPT (human)	candidate	public_source_membership	2	2	exclude	Candidate source grouping only; not an exhaustive or context-specific biological regulon and not part of the frozen mechanism bundle.
TRRUST|TRRUST_v2_snapshot_2026-08-25|human|tgif1	TRRUST	TRRUST_v2_snapshot_2026-08-25	human	TGIF1	tgif1	TRRUST public regulon: TGIF1 (human)	candidate	public_source_membership	2	2	exclude	Candidate source grouping only; not an exhaustive or context-specific biological regulon and not part of the frozen mechanism bundle.
TRRUST|TRRUST_v2_snapshot_2026-08-25|human|thra	TRRUST	TRRUST_v2_snapshot_2026-08-25	human	THRA	thra	TRRUST public regulon: THRA (human)	candidate	public_source_membership	2	2	exclude	Candidate source grouping only; not an exhaustive or context-specific biological regulon and not part of the frozen mechanism bundle.
TRRUST|TRRUST_v2_snapshot_2026-08-25|human|thrb	TRRUST	TRRUST_v2_snapshot_2026-08-25	human	THRB	thrb	TRRUST public regulon: THRB (human)	candidate	public_source_membership	3	3	exclude	Candidate source grouping only; not an exhaustive or context-specific biological regulon and not part of the frozen mechanism bundle.
TRRUST|TRRUST_v2_snapshot_2026-08-25|human|tial1	TRRUST	TRRUST_v2_snapshot_2026-08-25	human	TIAL1	tial1	TRRUST public regulon: TIAL1 (human)	candidate	public_source_membership	1	1	exclude	Candidate source grouping only; not an exhaustive or context-specific biological regulon and not part of the frozen mechanism bundle.
TRRUST|TRRUST_v2_snapshot_2026-08-25|human|tle3	TRRUST	TRRUST_v2_snapshot_2026-08-25	human	TLE3	tle3	TRRUST public regulon: TLE3 (human)	candidate	public_source_membership	1	1	exclude	Candidate source grouping only; not an exhaustive or context-specific biological regulon and not part of the frozen mechanism bundle.
TRRUST|TRRUST_v2_snapshot_2026-08-25|human|tlx1	TRRUST	TRRUST_v2_snapshot_2026-08-25	human	TLX1	tlx1	TRRUST public regulon: TLX1 (human)	candidate	public_source_membership	4	4	exclude	Candidate source grouping only; not an exhaustive or context-specific biological regulon and not part of the frozen mechanism bundle.
TRRUST|TRRUST_v2_snapshot_2026-08-25|human|tnfaip3	TRRUST	TRRUST_v2_snapshot_2026-08-25	human	TNFAIP3	tnfaip3	TRRUST public regulon: TNFAIP3 (human)	candidate	public_source_membership	7	7	exclude	Candidate source grouping only; not an exhaustive or context-specific biological regulon and not part of the frozen mechanism bundle.
TRRUST|TRRUST_v2_snapshot_2026-08-25|human|tob1	TRRUST	TRRUST_v2_snapshot_2026-08-25	human	TOB1	tob1	TRRUST public regulon: TOB1 (human)	candidate	public_source_membership	1	1	exclude	Candidate source grouping only; not an exhaustive or context-specific biological regulon and not part of the frozen mechanism bundle.
TRRUST|TRRUST_v2_snapshot_2026-08-25|human|top2b	TRRUST	TRRUST_v2_snapshot_2026-08-25	human	TOP2B	top2b	TRRUST public regulon: TOP2B (human)	candidate	public_source_membership	1	1	exclude	Candidate source grouping only; not an exhaustive or context-specific biological regulon and not part of the frozen mechanism bundle.
TRRUST|TRRUST_v2_snapshot_2026-08-25|human|tp53	TRRUST	TRRUST_v2_snapshot_2026-08-25	human	TP53	tp53	TRRUST public regulon: TP53 (human)	candidate	public_source_membership	201	201	exclude	Candidate source grouping only; not an exhaustive or context-specific biological regulon and not part of the frozen mechanism bundle.
TRRUST|TRRUST_v2_snapshot_2026-08-25|human|tp53bp1	TRRUST	TRRUST_v2_snapshot_2026-08-25	human	TP53BP1	tp53bp1	TRRUST public regulon: TP53BP1 (human)	candidate	public_source_membership	2	2	exclude	Candidate source grouping only; not an exhaustive or context-specific biological regulon and not part of the frozen mechanism bundle.
TRRUST|TRRUST_v2_snapshot_2026-08-25|human|tp63	TRRUST	TRRUST_v2_snapshot_2026-08-25	human	TP63	tp63	TRRUST public regulon: TP63 (human)	candidate	public_source_membership	16	16	exclude	Candidate source grouping only; not an exhaustive or context-specific biological regulon and not part of the frozen mechanism bundle.
TRRUST|TRRUST_v2_snapshot_2026-08-25|human|tp65	TRRUST	TRRUST_v2_snapshot_2026-08-25	human	TP65	tp65	TRRUST public regulon: TP65 (human)	candidate	public_source_membership	1	1	exclude	Candidate source grouping only; not an exhaustive or context-specific biological regulon and not part of the frozen mechanism bundle.
TRRUST|TRRUST_v2_snapshot_2026-08-25|human|tp73	TRRUST	TRRUST_v2_snapshot_2026-08-25	human	TP73	tp73	TRRUST public regulon: TP73 (human)	candidate	public_source_membership	14	14	exclude	Candidate source grouping only; not an exhaustive or context-specific biological regulon and not part of the frozen mechanism bundle.
TRRUST|TRRUST_v2_snapshot_2026-08-25|human|traf6	TRRUST	TRRUST_v2_snapshot_2026-08-25	human	TRAF6	traf6	TRRUST public regulon: TRAF6 (human)	candidate	public_source_membership	3	3	exclude	Candidate source grouping only; not an exhaustive or context-specific biological regulon and not part of the frozen mechanism bundle.
TRRUST|TRRUST_v2_snapshot_2026-08-25|human|trerf1	TRRUST	TRRUST_v2_snapshot_2026-08-25	human	TRERF1	trerf1	TRRUST public regulon: TRERF1 (human)	candidate	public_source_membership	7	7	exclude	Candidate source grouping only; not an exhaustive or context-specific biological regulon and not part of the frozen mechanism bundle.
TRRUST|TRRUST_v2_snapshot_2026-08-25|human|trib3	TRRUST	TRRUST_v2_snapshot_2026-08-25	human	TRIB3	trib3	TRRUST public regulon: TRIB3 (human)	candidate	public_source_membership	2	2	exclude	Candidate source grouping only; not an exhaustive or context-specific biological regulon and not part of the frozen mechanism bundle.
TRRUST|TRRUST_v2_snapshot_2026-08-25|human|trim16	TRRUST	TRRUST_v2_snapshot_2026-08-25	human	TRIM16	trim16	TRRUST public regulon: TRIM16 (human)	candidate	public_source_membership	3	3	exclude	Candidate source grouping only; not an exhaustive or context-specific biological regulon and not part of the frozen mechanism bundle.
TRRUST|TRRUST_v2_snapshot_2026-08-25|human|trim22	TRRUST	TRRUST_v2_snapshot_2026-08-25	human	TRIM22	trim22	TRRUST public regulon: TRIM22 (human)	candidate	public_source_membership	2	2	exclude	Candidate source grouping only; not an exhaustive or context-specific biological regulon and not part of the frozen mechanism bundle.
TRRUST|TRRUST_v2_snapshot_2026-08-25|human|trim25	TRRUST	TRRUST_v2_snapshot_2026-08-25	human	TRIM25	trim25	TRRUST public regulon: TRIM25 (human)	candidate	public_source_membership	1	1	exclude	Candidate source grouping only; not an exhaustive or context-specific biological regulon and not part of the frozen mechanism bundle.
TRRUST|TRRUST_v2_snapshot_2026-08-25|human|trim28	TRRUST	TRRUST_v2_snapshot_2026-08-25	human	TRIM28	trim28	TRRUST public regulon: TRIM28 (human)	candidate	public_source_membership	4	4	exclude	Candidate source grouping only; not an exhaustive or context-specific biological regulon and not part of the frozen mechanism bundle.
TRRUST|TRRUST_v2_snapshot_2026-08-25|human|trip6	TRRUST	TRRUST_v2_snapshot_2026-08-25	human	TRIP6	trip6	TRRUST public regulon: TRIP6 (human)	candidate	public_source_membership	1	1	exclude	Candidate source grouping only; not an exhaustive or context-specific biological regulon and not part of the frozen mechanism bundle.
TRRUST|TRRUST_v2_snapshot_2026-08-25|human|trps1	TRRUST	TRRUST_v2_snapshot_2026-08-25	human	TRPS1	trps1	TRRUST public regulon: TRPS1 (human)	candidate	public_source_membership	2	2	exclude	Candidate source grouping only; not an exhaustive or context-specific biological regulon and not part of the frozen mechanism bundle.
TRRUST|TRRUST_v2_snapshot_2026-08-25|human|trrap	TRRUST	TRRUST_v2_snapshot_2026-08-25	human	TRRAP	trrap	TRRUST public regulon: TRRAP (human)	candidate	public_source_membership	2	2	exclude	Candidate source grouping only; not an exhaustive or context-specific biological regulon and not part of the frozen mechanism bundle.
TRRUST|TRRUST_v2_snapshot_2026-08-25|human|tsc22d1	TRRUST	TRRUST_v2_snapshot_2026-08-25	human	TSC22D1	tsc22d1	TRRUST public regulon: TSC22D1 (human)	candidate	public_source_membership	1	1	exclude	Candidate source grouping only; not an exhaustive or context-specific biological regulon and not part of the frozen mechanism bundle.
TRRUST|TRRUST_v2_snapshot_2026-08-25|human|tsc22d3	TRRUST	TRRUST_v2_snapshot_2026-08-25	human	TSC22D3	tsc22d3	TRRUST public regulon: TSC22D3 (human)	candidate	public_source_membership	5	5	exclude	Candidate source grouping only; not an exhaustive or context-specific biological regulon and not part of the frozen mechanism bundle.
TRRUST|TRRUST_v2_snapshot_2026-08-25|human|tsg101	TRRUST	TRRUST_v2_snapshot_2026-08-25	human	TSG101	tsg101	TRRUST public regulon: TSG101 (human)	candidate	public_source_membership	3	3	exclude	Candidate source grouping only; not an exhaustive or context-specific biological regulon and not part of the frozen mechanism bundle.
TRRUST|TRRUST_v2_snapshot_2026-08-25|human|ttf2	TRRUST	TRRUST_v2_snapshot_2026-08-25	human	TTF2	ttf2	TRRUST public regulon: TTF2 (human)	candidate	public_source_membership	2	2	exclude	Candidate source grouping only; not an exhaustive or context-specific biological regulon and not part of the frozen mechanism bundle.
TRRUST|TRRUST_v2_snapshot_2026-08-25|human|twist1	TRRUST	TRRUST_v2_snapshot_2026-08-25	human	TWIST1	twist1	TRRUST public regulon: TWIST1 (human)	candidate	public_source_membership	38	38	exclude	Candidate source grouping only; not an exhaustive or context-specific biological regulon and not part of the frozen mechanism bundle.
TRRUST|TRRUST_v2_snapshot_2026-08-25|human|twist2	TRRUST	TRRUST_v2_snapshot_2026-08-25	human	TWIST2	twist2	TRRUST public regulon: TWIST2 (human)	candidate	public_source_membership	27	27	exclude	Candidate source grouping only; not an exhaustive or context-specific biological regulon and not part of the frozen mechanism bundle.
TRRUST|TRRUST_v2_snapshot_2026-08-25|human|ubp1	TRRUST	TRRUST_v2_snapshot_2026-08-25	human	UBP1	ubp1	TRRUST public regulon: UBP1 (human)	candidate	public_source_membership	1	1	exclude	Candidate source grouping only; not an exhaustive or context-specific biological regulon and not part of the frozen mechanism bundle.
TRRUST|TRRUST_v2_snapshot_2026-08-25|human|ubtf	TRRUST	TRRUST_v2_snapshot_2026-08-25	human	UBTF	ubtf	TRRUST public regulon: UBTF (human)	candidate	public_source_membership	1	1	exclude	Candidate source grouping only; not an exhaustive or context-specific biological regulon and not part of the frozen mechanism bundle.
TRRUST|TRRUST_v2_snapshot_2026-08-25|human|uhrf1	TRRUST	TRRUST_v2_snapshot_2026-08-25	human	UHRF1	uhrf1	TRRUST public regulon: UHRF1 (human)	candidate	public_source_membership	5	5	exclude	Candidate source grouping only; not an exhaustive or context-specific biological regulon and not part of the frozen mechanism bundle.
TRRUST|TRRUST_v2_snapshot_2026-08-25|human|upf1	TRRUST	TRRUST_v2_snapshot_2026-08-25	human	UPF1	upf1	TRRUST public regulon: UPF1 (human)	candidate	public_source_membership	2	2	exclude	Candidate source grouping only; not an exhaustive or context-specific biological regulon and not part of the frozen mechanism bundle.
TRRUST|TRRUST_v2_snapshot_2026-08-25|human|upf2	TRRUST	TRRUST_v2_snapshot_2026-08-25	human	UPF2	upf2	TRRUST public regulon: UPF2 (human)	candidate	public_source_membership	1	1	exclude	Candidate source grouping only; not an exhaustive or context-specific biological regulon and not part of the frozen mechanism bundle.
TRRUST|TRRUST_v2_snapshot_2026-08-25|human|uri1	TRRUST	TRRUST_v2_snapshot_2026-08-25	human	URI1	uri1	TRRUST public regulon: URI1 (human)	candidate	public_source_membership	1	1	exclude	Candidate source grouping only; not an exhaustive or context-specific biological regulon and not part of the frozen mechanism bundle.
TRRUST|TRRUST_v2_snapshot_2026-08-25|human|usf1	TRRUST	TRRUST_v2_snapshot_2026-08-25	human	USF1	usf1	TRRUST public regulon: USF1 (human)	candidate	public_source_membership	75	75	exclude	Candidate source grouping only; not an exhaustive or context-specific biological regulon and not part of the frozen mechanism bundle.
TRRUST|TRRUST_v2_snapshot_2026-08-25|human|usf2	TRRUST	TRRUST_v2_snapshot_2026-08-25	human	USF2	usf2	TRRUST public regulon: USF2 (human)	candidate	public_source_membership	55	55	exclude	Candidate source grouping only; not an exhaustive or context-specific biological regulon and not part of the frozen mechanism bundle.
TRRUST|TRRUST_v2_snapshot_2026-08-25|human|utf1	TRRUST	TRRUST_v2_snapshot_2026-08-25	human	UTF1	utf1	TRRUST public regulon: UTF1 (human)	candidate	public_source_membership	1	1	exclude	Candidate source grouping only; not an exhaustive or context-specific biological regulon and not part of the frozen mechanism bundle.
TRRUST|TRRUST_v2_snapshot_2026-08-25|human|vdr	TRRUST	TRRUST_v2_snapshot_2026-08-25	human	VDR	vdr	TRRUST public regulon: VDR (human)	candidate	public_source_membership	49	49	exclude	Candidate source grouping only; not an exhaustive or context-specific biological regulon and not part of the frozen mechanism bundle.
TRRUST|TRRUST_v2_snapshot_2026-08-25|human|vezf1	TRRUST	TRRUST_v2_snapshot_2026-08-25	human	VEZF1	vezf1	TRRUST public regulon: VEZF1 (human)	candidate	public_source_membership	1	1	exclude	Candidate source grouping only; not an exhaustive or context-specific biological regulon and not part of the frozen mechanism bundle.
TRRUST|TRRUST_v2_snapshot_2026-08-25|human|vhl	TRRUST	TRRUST_v2_snapshot_2026-08-25	human	VHL	vhl	TRRUST public regulon: VHL (human)	candidate	public_source_membership	23	23	exclude	Candidate source grouping only; not an exhaustive or context-specific biological regulon and not part of the frozen mechanism bundle.
TRRUST|TRRUST_v2_snapshot_2026-08-25|human|wdr5	TRRUST	TRRUST_v2_snapshot_2026-08-25	human	WDR5	wdr5	TRRUST public regulon: WDR5 (human)	candidate	public_source_membership	1	1	exclude	Candidate source grouping only; not an exhaustive or context-specific biological regulon and not part of the frozen mechanism bundle.
TRRUST|TRRUST_v2_snapshot_2026-08-25|human|whsc1	TRRUST	TRRUST_v2_snapshot_2026-08-25	human	WHSC1	whsc1	TRRUST public regulon: WHSC1 (human)	candidate	public_source_membership	2	2	exclude	Candidate source grouping only; not an exhaustive or context-specific biological regulon and not part of the frozen mechanism bundle.
TRRUST|TRRUST_v2_snapshot_2026-08-25|human|wt1	TRRUST	TRRUST_v2_snapshot_2026-08-25	human	WT1	wt1	TRRUST public regulon: WT1 (human)	candidate	public_source_membership	65	65	exclude	Candidate source grouping only; not an exhaustive or context-specific biological regulon and not part of the frozen mechanism bundle.
TRRUST|TRRUST_v2_snapshot_2026-08-25|human|wwp1	TRRUST	TRRUST_v2_snapshot_2026-08-25	human	WWP1	wwp1	TRRUST public regulon: WWP1 (human)	candidate	public_source_membership	3	3	exclude	Candidate source grouping only; not an exhaustive or context-specific biological regulon and not part of the frozen mechanism bundle.
TRRUST|TRRUST_v2_snapshot_2026-08-25|human|wwtr1	TRRUST	TRRUST_v2_snapshot_2026-08-25	human	WWTR1	wwtr1	TRRUST public regulon: WWTR1 (human)	candidate	public_source_membership	6	6	exclude	Candidate source grouping only; not an exhaustive or context-specific biological regulon and not part of the frozen mechanism bundle.
TRRUST|TRRUST_v2_snapshot_2026-08-25|human|xbp1	TRRUST	TRRUST_v2_snapshot_2026-08-25	human	XBP1	xbp1	TRRUST public regulon: XBP1 (human)	candidate	public_source_membership	20	20	exclude	Candidate source grouping only; not an exhaustive or context-specific biological regulon and not part of the frozen mechanism bundle.
TRRUST|TRRUST_v2_snapshot_2026-08-25|human|xpc	TRRUST	TRRUST_v2_snapshot_2026-08-25	human	XPC	xpc	TRRUST public regulon: XPC (human)	candidate	public_source_membership	4	4	exclude	Candidate source grouping only; not an exhaustive or context-specific biological regulon and not part of the frozen mechanism bundle.
TRRUST|TRRUST_v2_snapshot_2026-08-25|human|xrcc5	TRRUST	TRRUST_v2_snapshot_2026-08-25	human	XRCC5	xrcc5	TRRUST public regulon: XRCC5 (human)	candidate	public_source_membership	3	3	exclude	Candidate source grouping only; not an exhaustive or context-specific biological regulon and not part of the frozen mechanism bundle.
TRRUST|TRRUST_v2_snapshot_2026-08-25|human|xrcc6	TRRUST	TRRUST_v2_snapshot_2026-08-25	human	XRCC6	xrcc6	TRRUST public regulon: XRCC6 (human)	candidate	public_source_membership	2	2	exclude	Candidate source grouping only; not an exhaustive or context-specific biological regulon and not part of the frozen mechanism bundle.
TRRUST|TRRUST_v2_snapshot_2026-08-25|human|ybx1	TRRUST	TRRUST_v2_snapshot_2026-08-25	human	YBX1	ybx1	TRRUST public regulon: YBX1 (human)	candidate	public_source_membership	33	33	exclude	Candidate source grouping only; not an exhaustive or context-specific biological regulon and not part of the frozen mechanism bundle.
TRRUST|TRRUST_v2_snapshot_2026-08-25|human|yeats4	TRRUST	TRRUST_v2_snapshot_2026-08-25	human	YEATS4	yeats4	TRRUST public regulon: YEATS4 (human)	candidate	public_source_membership	1	1	exclude	Candidate source grouping only; not an exhaustive or context-specific biological regulon and not part of the frozen mechanism bundle.
TRRUST|TRRUST_v2_snapshot_2026-08-25|human|yy1	TRRUST	TRRUST_v2_snapshot_2026-08-25	human	YY1	yy1	TRRUST public regulon: YY1 (human)	candidate	public_source_membership	105	105	exclude	Candidate source grouping only; not an exhaustive or context-specific biological regulon and not part of the frozen mechanism bundle.
TRRUST|TRRUST_v2_snapshot_2026-08-25|human|zbtb14	TRRUST	TRRUST_v2_snapshot_2026-08-25	human	ZBTB14	zbtb14	TRRUST public regulon: ZBTB14 (human)	candidate	public_source_membership	1	1	exclude	Candidate source grouping only; not an exhaustive or context-specific biological regulon and not part of the frozen mechanism bundle.
TRRUST|TRRUST_v2_snapshot_2026-08-25|human|zbtb16	TRRUST	TRRUST_v2_snapshot_2026-08-25	human	ZBTB16	zbtb16	TRRUST public regulon: ZBTB16 (human)	candidate	public_source_membership	11	11	exclude	Candidate source grouping only; not an exhaustive or context-specific biological regulon and not part of the frozen mechanism bundle.
TRRUST|TRRUST_v2_snapshot_2026-08-25|human|zbtb17	TRRUST	TRRUST_v2_snapshot_2026-08-25	human	ZBTB17	zbtb17	TRRUST public regulon: ZBTB17 (human)	candidate	public_source_membership	3	3	exclude	Candidate source grouping only; not an exhaustive or context-specific biological regulon and not part of the frozen mechanism bundle.
TRRUST|TRRUST_v2_snapshot_2026-08-25|human|zbtb2	TRRUST	TRRUST_v2_snapshot_2026-08-25	human	ZBTB2	zbtb2	TRRUST public regulon: ZBTB2 (human)	candidate	public_source_membership	4	4	exclude	Candidate source grouping only; not an exhaustive or context-specific biological regulon and not part of the frozen mechanism bundle.
TRRUST|TRRUST_v2_snapshot_2026-08-25|human|zbtb5	TRRUST	TRRUST_v2_snapshot_2026-08-25	human	ZBTB5	zbtb5	TRRUST public regulon: ZBTB5 (human)	candidate	public_source_membership	1	1	exclude	Candidate source grouping only; not an exhaustive or context-specific biological regulon and not part of the frozen mechanism bundle.
TRRUST|TRRUST_v2_snapshot_2026-08-25|human|zbtb7a	TRRUST	TRRUST_v2_snapshot_2026-08-25	human	ZBTB7A	zbtb7a	TRRUST public regulon: ZBTB7A (human)	candidate	public_source_membership	6	6	exclude	Candidate source grouping only; not an exhaustive or context-specific biological regulon and not part of the frozen mechanism bundle.
TRRUST|TRRUST_v2_snapshot_2026-08-25|human|zeb1	TRRUST	TRRUST_v2_snapshot_2026-08-25	human	ZEB1	zeb1	TRRUST public regulon: ZEB1 (human)	candidate	public_source_membership	15	15	exclude	Candidate source grouping only; not an exhaustive or context-specific biological regulon and not part of the frozen mechanism bundle.
TRRUST|TRRUST_v2_snapshot_2026-08-25|human|zeb2	TRRUST	TRRUST_v2_snapshot_2026-08-25	human	ZEB2	zeb2	TRRUST public regulon: ZEB2 (human)	candidate	public_source_membership	6	6	exclude	Candidate source grouping only; not an exhaustive or context-specific biological regulon and not part of the frozen mechanism bundle.
TRRUST|TRRUST_v2_snapshot_2026-08-25|human|zfhx3	TRRUST	TRRUST_v2_snapshot_2026-08-25	human	ZFHX3	zfhx3	TRRUST public regulon: ZFHX3 (human)	candidate	public_source_membership	4	4	exclude	Candidate source grouping only; not an exhaustive or context-specific biological regulon and not part of the frozen mechanism bundle.
TRRUST|TRRUST_v2_snapshot_2026-08-25|human|zfp36	TRRUST	TRRUST_v2_snapshot_2026-08-25	human	ZFP36	zfp36	TRRUST public regulon: ZFP36 (human)	candidate	public_source_membership	9	9	exclude	Candidate source grouping only; not an exhaustive or context-specific biological regulon and not part of the frozen mechanism bundle.
TRRUST|TRRUST_v2_snapshot_2026-08-25|human|zfp36l1	TRRUST	TRRUST_v2_snapshot_2026-08-25	human	ZFP36L1	zfp36l1	TRRUST public regulon: ZFP36L1 (human)	candidate	public_source_membership	1	1	exclude	Candidate source grouping only; not an exhaustive or context-specific biological regulon and not part of the frozen mechanism bundle.
TRRUST|TRRUST_v2_snapshot_2026-08-25|human|zhx2	TRRUST	TRRUST_v2_snapshot_2026-08-25	human	ZHX2	zhx2	TRRUST public regulon: ZHX2 (human)	candidate	public_source_membership	4	4	exclude	Candidate source grouping only; not an exhaustive or context-specific biological regulon and not part of the frozen mechanism bundle.
TRRUST|TRRUST_v2_snapshot_2026-08-25|human|zic1	TRRUST	TRRUST_v2_snapshot_2026-08-25	human	ZIC1	zic1	TRRUST public regulon: ZIC1 (human)	candidate	public_source_membership	4	4	exclude	Candidate source grouping only; not an exhaustive or context-specific biological regulon and not part of the frozen mechanism bundle.
TRRUST|TRRUST_v2_snapshot_2026-08-25|human|zic2	TRRUST	TRRUST_v2_snapshot_2026-08-25	human	ZIC2	zic2	TRRUST public regulon: ZIC2 (human)	candidate	public_source_membership	2	2	exclude	Candidate source grouping only; not an exhaustive or context-specific biological regulon and not part of the frozen mechanism bundle.
TRRUST|TRRUST_v2_snapshot_2026-08-25|human|zic3	TRRUST	TRRUST_v2_snapshot_2026-08-25	human	ZIC3	zic3	TRRUST public regulon: ZIC3 (human)	candidate	public_source_membership	1	1	exclude	Candidate source grouping only; not an exhaustive or context-specific biological regulon and not part of the frozen mechanism bundle.
TRRUST|TRRUST_v2_snapshot_2026-08-25|human|zmynd11	TRRUST	TRRUST_v2_snapshot_2026-08-25	human	ZMYND11	zmynd11	TRRUST public regulon: ZMYND11 (human)	candidate	public_source_membership	1	1	exclude	Candidate source grouping only; not an exhaustive or context-specific biological regulon and not part of the frozen mechanism bundle.
TRRUST|TRRUST_v2_snapshot_2026-08-25|human|znf143	TRRUST	TRRUST_v2_snapshot_2026-08-25	human	ZNF143	znf143	TRRUST public regulon: ZNF143 (human)	candidate	public_source_membership	4	4	exclude	Candidate source grouping only; not an exhaustive or context-specific biological regulon and not part of the frozen mechanism bundle.
TRRUST|TRRUST_v2_snapshot_2026-08-25|human|znf148	TRRUST	TRRUST_v2_snapshot_2026-08-25	human	ZNF148	znf148	TRRUST public regulon: ZNF148 (human)	candidate	public_source_membership	10	10	exclude	Candidate source grouping only; not an exhaustive or context-specific biological regulon and not part of the frozen mechanism bundle.
TRRUST|TRRUST_v2_snapshot_2026-08-25|human|znf160	TRRUST	TRRUST_v2_snapshot_2026-08-25	human	ZNF160	znf160	TRRUST public regulon: ZNF160 (human)	candidate	public_source_membership	1	1	exclude	Candidate source grouping only; not an exhaustive or context-specific biological regulon and not part of the frozen mechanism bundle.
TRRUST|TRRUST_v2_snapshot_2026-08-25|human|znf175	TRRUST	TRRUST_v2_snapshot_2026-08-25	human	ZNF175	znf175	TRRUST public regulon: ZNF175 (human)	candidate	public_source_membership	1	1	exclude	Candidate source grouping only; not an exhaustive or context-specific biological regulon and not part of the frozen mechanism bundle.
TRRUST|TRRUST_v2_snapshot_2026-08-25|human|znf202	TRRUST	TRRUST_v2_snapshot_2026-08-25	human	ZNF202	znf202	TRRUST public regulon: ZNF202 (human)	candidate	public_source_membership	3	3	exclude	Candidate source grouping only; not an exhaustive or context-specific biological regulon and not part of the frozen mechanism bundle.
TRRUST|TRRUST_v2_snapshot_2026-08-25|human|znf217	TRRUST	TRRUST_v2_snapshot_2026-08-25	human	ZNF217	znf217	TRRUST public regulon: ZNF217 (human)	candidate	public_source_membership	1	1	exclude	Candidate source grouping only; not an exhaustive or context-specific biological regulon and not part of the frozen mechanism bundle.
TRRUST|TRRUST_v2_snapshot_2026-08-25|human|znf224	TRRUST	TRRUST_v2_snapshot_2026-08-25	human	ZNF224	znf224	TRRUST public regulon: ZNF224 (human)	candidate	public_source_membership	2	2	exclude	Candidate source grouping only; not an exhaustive or context-specific biological regulon and not part of the frozen mechanism bundle.
TRRUST|TRRUST_v2_snapshot_2026-08-25|human|znf239	TRRUST	TRRUST_v2_snapshot_2026-08-25	human	ZNF239	znf239	TRRUST public regulon: ZNF239 (human)	candidate	public_source_membership	1	1	exclude	Candidate source grouping only; not an exhaustive or context-specific biological regulon and not part of the frozen mechanism bundle.
TRRUST|TRRUST_v2_snapshot_2026-08-25|human|znf24	TRRUST	TRRUST_v2_snapshot_2026-08-25	human	ZNF24	znf24	TRRUST public regulon: ZNF24 (human)	candidate	public_source_membership	5	5	exclude	Candidate source grouping only; not an exhaustive or context-specific biological regulon and not part of the frozen mechanism bundle.
TRRUST|TRRUST_v2_snapshot_2026-08-25|human|znf267	TRRUST	TRRUST_v2_snapshot_2026-08-25	human	ZNF267	znf267	TRRUST public regulon: ZNF267 (human)	candidate	public_source_membership	1	1	exclude	Candidate source grouping only; not an exhaustive or context-specific biological regulon and not part of the frozen mechanism bundle.
TRRUST|TRRUST_v2_snapshot_2026-08-25|human|znf300	TRRUST	TRRUST_v2_snapshot_2026-08-25	human	ZNF300	znf300	TRRUST public regulon: ZNF300 (human)	candidate	public_source_membership	5	5	exclude	Candidate source grouping only; not an exhaustive or context-specific biological regulon and not part of the frozen mechanism bundle.
TRRUST|TRRUST_v2_snapshot_2026-08-25|human|znf335	TRRUST	TRRUST_v2_snapshot_2026-08-25	human	ZNF335	znf335	TRRUST public regulon: ZNF335 (human)	candidate	public_source_membership	1	1	exclude	Candidate source grouping only; not an exhaustive or context-specific biological regulon and not part of the frozen mechanism bundle.
TRRUST|TRRUST_v2_snapshot_2026-08-25|human|znf350	TRRUST	TRRUST_v2_snapshot_2026-08-25	human	ZNF350	znf350	TRRUST public regulon: ZNF350 (human)	candidate	public_source_membership	4	4	exclude	Candidate source grouping only; not an exhaustive or context-specific biological regulon and not part of the frozen mechanism bundle.
TRRUST|TRRUST_v2_snapshot_2026-08-25|human|znf382	TRRUST	TRRUST_v2_snapshot_2026-08-25	human	ZNF382	znf382	TRRUST public regulon: ZNF382 (human)	candidate	public_source_membership	10	10	exclude	Candidate source grouping only; not an exhaustive or context-specific biological regulon and not part of the frozen mechanism bundle.
TRRUST|TRRUST_v2_snapshot_2026-08-25|human|znf383	TRRUST	TRRUST_v2_snapshot_2026-08-25	human	ZNF383	znf383	TRRUST public regulon: ZNF383 (human)	candidate	public_source_membership	1	1	exclude	Candidate source grouping only; not an exhaustive or context-specific biological regulon and not part of the frozen mechanism bundle.
TRRUST|TRRUST_v2_snapshot_2026-08-25|human|znf410	TRRUST	TRRUST_v2_snapshot_2026-08-25	human	ZNF410	znf410	TRRUST public regulon: ZNF410 (human)	candidate	public_source_membership	1	1	exclude	Candidate source grouping only; not an exhaustive or context-specific biological regulon and not part of the frozen mechanism bundle.
TRRUST|TRRUST_v2_snapshot_2026-08-25|human|znf423	TRRUST	TRRUST_v2_snapshot_2026-08-25	human	ZNF423	znf423	TRRUST public regulon: ZNF423 (human)	candidate	public_source_membership	1	1	exclude	Candidate source grouping only; not an exhaustive or context-specific biological regulon and not part of the frozen mechanism bundle.
TRRUST|TRRUST_v2_snapshot_2026-08-25|human|znf444	TRRUST	TRRUST_v2_snapshot_2026-08-25	human	ZNF444	znf444	TRRUST public regulon: ZNF444 (human)	candidate	public_source_membership	1	1	exclude	Candidate source grouping only; not an exhaustive or context-specific biological regulon and not part of the frozen mechanism bundle.
TRRUST|TRRUST_v2_snapshot_2026-08-25|human|znf76	TRRUST	TRRUST_v2_snapshot_2026-08-25	human	ZNF76	znf76	TRRUST public regulon: ZNF76 (human)	candidate	public_source_membership	3	3	exclude	Candidate source grouping only; not an exhaustive or context-specific biological regulon and not part of the frozen mechanism bundle.
TRRUST|TRRUST_v2_snapshot_2026-08-25|human|znrd1	TRRUST	TRRUST_v2_snapshot_2026-08-25	human	ZNRD1	znrd1	TRRUST public regulon: ZNRD1 (human)	candidate	public_source_membership	2	2	exclude	Candidate source grouping only; not an exhaustive or context-specific biological regulon and not part of the frozen mechanism bundle.
TRRUST|TRRUST_v2_snapshot_2026-08-25|mouse|aatf	TRRUST	TRRUST_v2_snapshot_2026-08-25	mouse	Aatf	aatf	TRRUST public regulon: Aatf (mouse)	candidate	public_source_membership	6	6	exclude	Candidate source grouping only; not an exhaustive or context-specific biological regulon and not part of the frozen mechanism bundle.
TRRUST|TRRUST_v2_snapshot_2026-08-25|mouse|abl1	TRRUST	TRRUST_v2_snapshot_2026-08-25	mouse	Abl1	abl1	TRRUST public regulon: Abl1 (mouse)	candidate	public_source_membership	2	2	exclude	Candidate source grouping only; not an exhaustive or context-specific biological regulon and not part of the frozen mechanism bundle.
TRRUST|TRRUST_v2_snapshot_2026-08-25|mouse|aebp2	TRRUST	TRRUST_v2_snapshot_2026-08-25	mouse	Aebp2	aebp2	TRRUST public regulon: Aebp2 (mouse)	candidate	public_source_membership	2	2	exclude	Candidate source grouping only; not an exhaustive or context-specific biological regulon and not part of the frozen mechanism bundle.
TRRUST|TRRUST_v2_snapshot_2026-08-25|mouse|aes	TRRUST	TRRUST_v2_snapshot_2026-08-25	mouse	Aes	aes	TRRUST public regulon: Aes (mouse)	candidate	public_source_membership	1	1	exclude	Candidate source grouping only; not an exhaustive or context-specific biological regulon and not part of the frozen mechanism bundle.
TRRUST|TRRUST_v2_snapshot_2026-08-25|mouse|ahr	TRRUST	TRRUST_v2_snapshot_2026-08-25	mouse	Ahr	ahr	TRRUST public regulon: Ahr (mouse)	candidate	public_source_membership	25	25	exclude	Candidate source grouping only; not an exhaustive or context-specific biological regulon and not part of the frozen mechanism bundle.
TRRUST|TRRUST_v2_snapshot_2026-08-25|mouse|aire	TRRUST	TRRUST_v2_snapshot_2026-08-25	mouse	Aire	aire	TRRUST public regulon: Aire (mouse)	candidate	public_source_membership	2	2	exclude	Candidate source grouping only; not an exhaustive or context-specific biological regulon and not part of the frozen mechanism bundle.
TRRUST|TRRUST_v2_snapshot_2026-08-25|mouse|alx4	TRRUST	TRRUST_v2_snapshot_2026-08-25	mouse	Alx4	alx4	TRRUST public regulon: Alx4 (mouse)	candidate	public_source_membership	1	1	exclude	Candidate source grouping only; not an exhaustive or context-specific biological regulon and not part of the frozen mechanism bundle.
TRRUST|TRRUST_v2_snapshot_2026-08-25|mouse|ankrd1	TRRUST	TRRUST_v2_snapshot_2026-08-25	mouse	Ankrd1	ankrd1	TRRUST public regulon: Ankrd1 (mouse)	candidate	public_source_membership	2	2	exclude	Candidate source grouping only; not an exhaustive or context-specific biological regulon and not part of the frozen mechanism bundle.
TRRUST|TRRUST_v2_snapshot_2026-08-25|mouse|apbb1	TRRUST	TRRUST_v2_snapshot_2026-08-25	mouse	Apbb1	apbb1	TRRUST public regulon: Apbb1 (mouse)	candidate	public_source_membership	2	2	exclude	Candidate source grouping only; not an exhaustive or context-specific biological regulon and not part of the frozen mechanism bundle.
TRRUST|TRRUST_v2_snapshot_2026-08-25|mouse|apc	TRRUST	TRRUST_v2_snapshot_2026-08-25	mouse	Apc	apc	TRRUST public regulon: Apc (mouse)	candidate	public_source_membership	5	5	exclude	Candidate source grouping only; not an exhaustive or context-specific biological regulon and not part of the frozen mechanism bundle.
TRRUST|TRRUST_v2_snapshot_2026-08-25|mouse|apex1	TRRUST	TRRUST_v2_snapshot_2026-08-25	mouse	Apex1	apex1	TRRUST public regulon: Apex1 (mouse)	candidate	public_source_membership	9	9	exclude	Candidate source grouping only; not an exhaustive or context-specific biological regulon and not part of the frozen mechanism bundle.
TRRUST|TRRUST_v2_snapshot_2026-08-25|mouse|ar	TRRUST	TRRUST_v2_snapshot_2026-08-25	mouse	Ar	ar	TRRUST public regulon: Ar (mouse)	candidate	public_source_membership	14	14	exclude	Candidate source grouping only; not an exhaustive or context-specific biological regulon and not part of the frozen mechanism bundle.
TRRUST|TRRUST_v2_snapshot_2026-08-25|mouse|arid3a	TRRUST	TRRUST_v2_snapshot_2026-08-25	mouse	Arid3a	arid3a	TRRUST public regulon: Arid3a (mouse)	candidate	public_source_membership	2	2	exclude	Candidate source grouping only; not an exhaustive or context-specific biological regulon and not part of the frozen mechanism bundle.
TRRUST|TRRUST_v2_snapshot_2026-08-25|mouse|arid3b	TRRUST	TRRUST_v2_snapshot_2026-08-25	mouse	Arid3b	arid3b	TRRUST public regulon: Arid3b (mouse)	candidate	public_source_membership	1	1	exclude	Candidate source grouping only; not an exhaustive or context-specific biological regulon and not part of the frozen mechanism bundle.
TRRUST|TRRUST_v2_snapshot_2026-08-25|mouse|arid5b	TRRUST	TRRUST_v2_snapshot_2026-08-25	mouse	Arid5b	arid5b	TRRUST public regulon: Arid5b (mouse)	candidate	public_source_membership	1	1	exclude	Candidate source grouping only; not an exhaustive or context-specific biological regulon and not part of the frozen mechanism bundle.
TRRUST|TRRUST_v2_snapshot_2026-08-25|mouse|arl6ip5	TRRUST	TRRUST_v2_snapshot_2026-08-25	mouse	Arl6ip5	arl6ip5	TRRUST public regulon: Arl6ip5 (mouse)	candidate	public_source_membership	2	2	exclude	Candidate source grouping only; not an exhaustive or context-specific biological regulon and not part of the frozen mechanism bundle.
TRRUST|TRRUST_v2_snapshot_2026-08-25|mouse|arnt	TRRUST	TRRUST_v2_snapshot_2026-08-25	mouse	Arnt	arnt	TRRUST public regulon: Arnt (mouse)	candidate	public_source_membership	7	7	exclude	Candidate source grouping only; not an exhaustive or context-specific biological regulon and not part of the frozen mechanism bundle.
TRRUST|TRRUST_v2_snapshot_2026-08-25|mouse|arntl	TRRUST	TRRUST_v2_snapshot_2026-08-25	mouse	Arntl	arntl	TRRUST public regulon: Arntl (mouse)	candidate	public_source_membership	14	14	exclude	Candidate source grouping only; not an exhaustive or context-specific biological regulon and not part of the frozen mechanism bundle.
TRRUST|TRRUST_v2_snapshot_2026-08-25|mouse|arntl2	TRRUST	TRRUST_v2_snapshot_2026-08-25	mouse	Arntl2	arntl2	TRRUST public regulon: Arntl2 (mouse)	candidate	public_source_membership	1	1	exclude	Candidate source grouping only; not an exhaustive or context-specific biological regulon and not part of the frozen mechanism bundle.
TRRUST|TRRUST_v2_snapshot_2026-08-25|mouse|arx	TRRUST	TRRUST_v2_snapshot_2026-08-25	mouse	Arx	arx	TRRUST public regulon: Arx (mouse)	candidate	public_source_membership	2	2	exclude	Candidate source grouping only; not an exhaustive or context-specific biological regulon and not part of the frozen mechanism bundle.
TRRUST|TRRUST_v2_snapshot_2026-08-25|mouse|ascl1	TRRUST	TRRUST_v2_snapshot_2026-08-25	mouse	Ascl1	ascl1	TRRUST public regulon: Ascl1 (mouse)	candidate	public_source_membership	9	9	exclude	Candidate source grouping only; not an exhaustive or context-specific biological regulon and not part of the frozen mechanism bundle.
TRRUST|TRRUST_v2_snapshot_2026-08-25|mouse|ash1l	TRRUST	TRRUST_v2_snapshot_2026-08-25	mouse	Ash1l	ash1l	TRRUST public regulon: Ash1l (mouse)	candidate	public_source_membership	2	2	exclude	Candidate source grouping only; not an exhaustive or context-specific biological regulon and not part of the frozen mechanism bundle.
TRRUST|TRRUST_v2_snapshot_2026-08-25|mouse|asxl1	TRRUST	TRRUST_v2_snapshot_2026-08-25	mouse	Asxl1	asxl1	TRRUST public regulon: Asxl1 (mouse)	candidate	public_source_membership	1	1	exclude	Candidate source grouping only; not an exhaustive or context-specific biological regulon and not part of the frozen mechanism bundle.
TRRUST|TRRUST_v2_snapshot_2026-08-25|mouse|atf1	TRRUST	TRRUST_v2_snapshot_2026-08-25	mouse	Atf1	atf1	TRRUST public regulon: Atf1 (mouse)	candidate	public_source_membership	4	4	exclude	Candidate source grouping only; not an exhaustive or context-specific biological regulon and not part of the frozen mechanism bundle.
TRRUST|TRRUST_v2_snapshot_2026-08-25|mouse|atf2	TRRUST	TRRUST_v2_snapshot_2026-08-25	mouse	Atf2	atf2	TRRUST public regulon: Atf2 (mouse)	candidate	public_source_membership	17	17	exclude	Candidate source grouping only; not an exhaustive or context-specific biological regulon and not part of the frozen mechanism bundle.
TRRUST|TRRUST_v2_snapshot_2026-08-25|mouse|atf3	TRRUST	TRRUST_v2_snapshot_2026-08-25	mouse	Atf3	atf3	TRRUST public regulon: Atf3 (mouse)	candidate	public_source_membership	8	8	exclude	Candidate source grouping only; not an exhaustive or context-specific biological regulon and not part of the frozen mechanism bundle.
TRRUST|TRRUST_v2_snapshot_2026-08-25|mouse|atf4	TRRUST	TRRUST_v2_snapshot_2026-08-25	mouse	Atf4	atf4	TRRUST public regulon: Atf4 (mouse)	candidate	public_source_membership	13	13	exclude	Candidate source grouping only; not an exhaustive or context-specific biological regulon and not part of the frozen mechanism bundle.
TRRUST|TRRUST_v2_snapshot_2026-08-25|mouse|atf6	TRRUST	TRRUST_v2_snapshot_2026-08-25	mouse	Atf6	atf6	TRRUST public regulon: Atf6 (mouse)	candidate	public_source_membership	2	2	exclude	Candidate source grouping only; not an exhaustive or context-specific biological regulon and not part of the frozen mechanism bundle.
TRRUST|TRRUST_v2_snapshot_2026-08-25|mouse|atm	TRRUST	TRRUST_v2_snapshot_2026-08-25	mouse	Atm	atm	TRRUST public regulon: Atm (mouse)	candidate	public_source_membership	4	4	exclude	Candidate source grouping only; not an exhaustive or context-specific biological regulon and not part of the frozen mechanism bundle.
TRRUST|TRRUST_v2_snapshot_2026-08-25|mouse|atoh1	TRRUST	TRRUST_v2_snapshot_2026-08-25	mouse	Atoh1	atoh1	TRRUST public regulon: Atoh1 (mouse)	candidate	public_source_membership	4	4	exclude	Candidate source grouping only; not an exhaustive or context-specific biological regulon and not part of the frozen mechanism bundle.
TRRUST|TRRUST_v2_snapshot_2026-08-25|mouse|bach1	TRRUST	TRRUST_v2_snapshot_2026-08-25	mouse	Bach1	bach1	TRRUST public regulon: Bach1 (mouse)	candidate	public_source_membership	5	5	exclude	Candidate source grouping only; not an exhaustive or context-specific biological regulon and not part of the frozen mechanism bundle.
TRRUST|TRRUST_v2_snapshot_2026-08-25|mouse|bach2	TRRUST	TRRUST_v2_snapshot_2026-08-25	mouse	Bach2	bach2	TRRUST public regulon: Bach2 (mouse)	candidate	public_source_membership	1	1	exclude	Candidate source grouping only; not an exhaustive or context-specific biological regulon and not part of the frozen mechanism bundle.
TRRUST|TRRUST_v2_snapshot_2026-08-25|mouse|barx2	TRRUST	TRRUST_v2_snapshot_2026-08-25	mouse	Barx2	barx2	TRRUST public regulon: Barx2 (mouse)	candidate	public_source_membership	4	4	exclude	Candidate source grouping only; not an exhaustive or context-specific biological regulon and not part of the frozen mechanism bundle.
TRRUST|TRRUST_v2_snapshot_2026-08-25|mouse|batf2	TRRUST	TRRUST_v2_snapshot_2026-08-25	mouse	Batf2	batf2	TRRUST public regulon: Batf2 (mouse)	candidate	public_source_membership	3	3	exclude	Candidate source grouping only; not an exhaustive or context-specific biological regulon and not part of the frozen mechanism bundle.
TRRUST|TRRUST_v2_snapshot_2026-08-25|mouse|batf3	TRRUST	TRRUST_v2_snapshot_2026-08-25	mouse	Batf3	batf3	TRRUST public regulon: Batf3 (mouse)	candidate	public_source_membership	1	1	exclude	Candidate source grouping only; not an exhaustive or context-specific biological regulon and not part of the frozen mechanism bundle.
TRRUST|TRRUST_v2_snapshot_2026-08-25|mouse|bcl11a	TRRUST	TRRUST_v2_snapshot_2026-08-25	mouse	Bcl11a	bcl11a	TRRUST public regulon: Bcl11a (mouse)	candidate	public_source_membership	1	1	exclude	Candidate source grouping only; not an exhaustive or context-specific biological regulon and not part of the frozen mechanism bundle.
TRRUST|TRRUST_v2_snapshot_2026-08-25|mouse|bcl11b	TRRUST	TRRUST_v2_snapshot_2026-08-25	mouse	Bcl11b	bcl11b	TRRUST public regulon: Bcl11b (mouse)	candidate	public_source_membership	9	9	exclude	Candidate source grouping only; not an exhaustive or context-specific biological regulon and not part of the frozen mechanism bundle.
TRRUST|TRRUST_v2_snapshot_2026-08-25|mouse|bcl3	TRRUST	TRRUST_v2_snapshot_2026-08-25	mouse	Bcl3	bcl3	TRRUST public regulon: Bcl3 (mouse)	candidate	public_source_membership	17	17	exclude	Candidate source grouping only; not an exhaustive or context-specific biological regulon and not part of the frozen mechanism bundle.
TRRUST|TRRUST_v2_snapshot_2026-08-25|mouse|bcl6	TRRUST	TRRUST_v2_snapshot_2026-08-25	mouse	Bcl6	bcl6	TRRUST public regulon: Bcl6 (mouse)	candidate	public_source_membership	19	19	exclude	Candidate source grouping only; not an exhaustive or context-specific biological regulon and not part of the frozen mechanism bundle.
TRRUST|TRRUST_v2_snapshot_2026-08-25|mouse|bcl6b	TRRUST	TRRUST_v2_snapshot_2026-08-25	mouse	Bcl6b	bcl6b	TRRUST public regulon: Bcl6b (mouse)	candidate	public_source_membership	1	1	exclude	Candidate source grouping only; not an exhaustive or context-specific biological regulon and not part of the frozen mechanism bundle.
TRRUST|TRRUST_v2_snapshot_2026-08-25|mouse|bhlhe40	TRRUST	TRRUST_v2_snapshot_2026-08-25	mouse	Bhlhe40	bhlhe40	TRRUST public regulon: Bhlhe40 (mouse)	candidate	public_source_membership	1	1	exclude	Candidate source grouping only; not an exhaustive or context-specific biological regulon and not part of the frozen mechanism bundle.
TRRUST|TRRUST_v2_snapshot_2026-08-25|mouse|bmi1	TRRUST	TRRUST_v2_snapshot_2026-08-25	mouse	Bmi1	bmi1	TRRUST public regulon: Bmi1 (mouse)	candidate	public_source_membership	16	16	exclude	Candidate source grouping only; not an exhaustive or context-specific biological regulon and not part of the frozen mechanism bundle.
TRRUST|TRRUST_v2_snapshot_2026-08-25|mouse|bmp4	TRRUST	TRRUST_v2_snapshot_2026-08-25	mouse	Bmp4	bmp4	TRRUST public regulon: Bmp4 (mouse)	candidate	public_source_membership	1	1	exclude	Candidate source grouping only; not an exhaustive or context-specific biological regulon and not part of the frozen mechanism bundle.
TRRUST|TRRUST_v2_snapshot_2026-08-25|mouse|bmp6	TRRUST	TRRUST_v2_snapshot_2026-08-25	mouse	Bmp6	bmp6	TRRUST public regulon: Bmp6 (mouse)	candidate	public_source_membership	1	1	exclude	Candidate source grouping only; not an exhaustive or context-specific biological regulon and not part of the frozen mechanism bundle.
TRRUST|TRRUST_v2_snapshot_2026-08-25|mouse|brca1	TRRUST	TRRUST_v2_snapshot_2026-08-25	mouse	Brca1	brca1	TRRUST public regulon: Brca1 (mouse)	candidate	public_source_membership	8	8	exclude	Candidate source grouping only; not an exhaustive or context-specific biological regulon and not part of the frozen mechanism bundle.
TRRUST|TRRUST_v2_snapshot_2026-08-25|mouse|brca2	TRRUST	TRRUST_v2_snapshot_2026-08-25	mouse	Brca2	brca2	TRRUST public regulon: Brca2 (mouse)	candidate	public_source_membership	1	1	exclude	Candidate source grouping only; not an exhaustive or context-specific biological regulon and not part of the frozen mechanism bundle.
TRRUST|TRRUST_v2_snapshot_2026-08-25|mouse|btg2	TRRUST	TRRUST_v2_snapshot_2026-08-25	mouse	Btg2	btg2	TRRUST public regulon: Btg2 (mouse)	candidate	public_source_membership	2	2	exclude	Candidate source grouping only; not an exhaustive or context-specific biological regulon and not part of the frozen mechanism bundle.
TRRUST|TRRUST_v2_snapshot_2026-08-25|mouse|bub3	TRRUST	TRRUST_v2_snapshot_2026-08-25	mouse	Bub3	bub3	TRRUST public regulon: Bub3 (mouse)	candidate	public_source_membership	1	1	exclude	Candidate source grouping only; not an exhaustive or context-specific biological regulon and not part of the frozen mechanism bundle.
TRRUST|TRRUST_v2_snapshot_2026-08-25|mouse|cbfa2t3	TRRUST	TRRUST_v2_snapshot_2026-08-25	mouse	Cbfa2t3	cbfa2t3	TRRUST public regulon: Cbfa2t3 (mouse)	candidate	public_source_membership	1	1	exclude	Candidate source grouping only; not an exhaustive or context-specific biological regulon and not part of the frozen mechanism bundle.
TRRUST|TRRUST_v2_snapshot_2026-08-25|mouse|cbx6	TRRUST	TRRUST_v2_snapshot_2026-08-25	mouse	Cbx6	cbx6	TRRUST public regulon: Cbx6 (mouse)	candidate	public_source_membership	1	1	exclude	Candidate source grouping only; not an exhaustive or context-specific biological regulon and not part of the frozen mechanism bundle.
TRRUST|TRRUST_v2_snapshot_2026-08-25|mouse|ccnd1	TRRUST	TRRUST_v2_snapshot_2026-08-25	mouse	Ccnd1	ccnd1	TRRUST public regulon: Ccnd1 (mouse)	candidate	public_source_membership	1	1	exclude	Candidate source grouping only; not an exhaustive or context-specific biological regulon and not part of the frozen mechanism bundle.
TRRUST|TRRUST_v2_snapshot_2026-08-25|mouse|cd7	TRRUST	TRRUST_v2_snapshot_2026-08-25	mouse	Cd7	cd7	TRRUST public regulon: Cd7 (mouse)	candidate	public_source_membership	1	1	exclude	Candidate source grouping only; not an exhaustive or context-specific biological regulon and not part of the frozen mechanism bundle.
TRRUST|TRRUST_v2_snapshot_2026-08-25|mouse|cdx1	TRRUST	TRRUST_v2_snapshot_2026-08-25	mouse	Cdx1	cdx1	TRRUST public regulon: Cdx1 (mouse)	candidate	public_source_membership	3	3	exclude	Candidate source grouping only; not an exhaustive or context-specific biological regulon and not part of the frozen mechanism bundle.
TRRUST|TRRUST_v2_snapshot_2026-08-25|mouse|cdx2	TRRUST	TRRUST_v2_snapshot_2026-08-25	mouse	Cdx2	cdx2	TRRUST public regulon: Cdx2 (mouse)	candidate	public_source_membership	14	14	exclude	Candidate source grouping only; not an exhaustive or context-specific biological regulon and not part of the frozen mechanism bundle.
TRRUST|TRRUST_v2_snapshot_2026-08-25|mouse|cdx4	TRRUST	TRRUST_v2_snapshot_2026-08-25	mouse	Cdx4	cdx4	TRRUST public regulon: Cdx4 (mouse)	candidate	public_source_membership	1	1	exclude	Candidate source grouping only; not an exhaustive or context-specific biological regulon and not part of the frozen mechanism bundle.
TRRUST|TRRUST_v2_snapshot_2026-08-25|mouse|cebpa	TRRUST	TRRUST_v2_snapshot_2026-08-25	mouse	Cebpa	cebpa	TRRUST public regulon: Cebpa (mouse)	candidate	public_source_membership	25	25	exclude	Candidate source grouping only; not an exhaustive or context-specific biological regulon and not part of the frozen mechanism bundle.
TRRUST|TRRUST_v2_snapshot_2026-08-25|mouse|cebpb	TRRUST	TRRUST_v2_snapshot_2026-08-25	mouse	Cebpb	cebpb	TRRUST public regulon: Cebpb (mouse)	candidate	public_source_membership	47	47	exclude	Candidate source grouping only; not an exhaustive or context-specific biological regulon and not part of the frozen mechanism bundle.
TRRUST|TRRUST_v2_snapshot_2026-08-25|mouse|cebpe	TRRUST	TRRUST_v2_snapshot_2026-08-25	mouse	Cebpe	cebpe	TRRUST public regulon: Cebpe (mouse)	candidate	public_source_membership	1	1	exclude	Candidate source grouping only; not an exhaustive or context-specific biological regulon and not part of the frozen mechanism bundle.
TRRUST|TRRUST_v2_snapshot_2026-08-25|mouse|cebpg	TRRUST	TRRUST_v2_snapshot_2026-08-25	mouse	Cebpg	cebpg	TRRUST public regulon: Cebpg (mouse)	candidate	public_source_membership	3	3	exclude	Candidate source grouping only; not an exhaustive or context-specific biological regulon and not part of the frozen mechanism bundle.
TRRUST|TRRUST_v2_snapshot_2026-08-25|mouse|cebpz	TRRUST	TRRUST_v2_snapshot_2026-08-25	mouse	Cebpz	cebpz	TRRUST public regulon: Cebpz (mouse)	candidate	public_source_membership	1	1	exclude	Candidate source grouping only; not an exhaustive or context-specific biological regulon and not part of the frozen mechanism bundle.
TRRUST|TRRUST_v2_snapshot_2026-08-25|mouse|chd1	TRRUST	TRRUST_v2_snapshot_2026-08-25	mouse	Chd1	chd1	TRRUST public regulon: Chd1 (mouse)	candidate	public_source_membership	1	1	exclude	Candidate source grouping only; not an exhaustive or context-specific biological regulon and not part of the frozen mechanism bundle.
TRRUST|TRRUST_v2_snapshot_2026-08-25|mouse|chd4	TRRUST	TRRUST_v2_snapshot_2026-08-25	mouse	Chd4	chd4	TRRUST public regulon: Chd4 (mouse)	candidate	public_source_membership	4	4	exclude	Candidate source grouping only; not an exhaustive or context-specific biological regulon and not part of the frozen mechanism bundle.
TRRUST|TRRUST_v2_snapshot_2026-08-25|mouse|chd7	TRRUST	TRRUST_v2_snapshot_2026-08-25	mouse	Chd7	chd7	TRRUST public regulon: Chd7 (mouse)	candidate	public_source_membership	5	5	exclude	Candidate source grouping only; not an exhaustive or context-specific biological regulon and not part of the frozen mechanism bundle.
TRRUST|TRRUST_v2_snapshot_2026-08-25|mouse|chd8	TRRUST	TRRUST_v2_snapshot_2026-08-25	mouse	Chd8	chd8	TRRUST public regulon: Chd8 (mouse)	candidate	public_source_membership	4	4	exclude	Candidate source grouping only; not an exhaustive or context-specific biological regulon and not part of the frozen mechanism bundle.
TRRUST|TRRUST_v2_snapshot_2026-08-25|mouse|ciita	TRRUST	TRRUST_v2_snapshot_2026-08-25	mouse	Ciita	ciita	TRRUST public regulon: Ciita (mouse)	candidate	public_source_membership	3	3	exclude	Candidate source grouping only; not an exhaustive or context-specific biological regulon and not part of the frozen mechanism bundle.
TRRUST|TRRUST_v2_snapshot_2026-08-25|mouse|cited2	TRRUST	TRRUST_v2_snapshot_2026-08-25	mouse	Cited2	cited2	TRRUST public regulon: Cited2 (mouse)	candidate	public_source_membership	11	11	exclude	Candidate source grouping only; not an exhaustive or context-specific biological regulon and not part of the frozen mechanism bundle.
TRRUST|TRRUST_v2_snapshot_2026-08-25|mouse|clock	TRRUST	TRRUST_v2_snapshot_2026-08-25	mouse	Clock	clock	TRRUST public regulon: Clock (mouse)	candidate	public_source_membership	18	18	exclude	Candidate source grouping only; not an exhaustive or context-specific biological regulon and not part of the frozen mechanism bundle.
TRRUST|TRRUST_v2_snapshot_2026-08-25|mouse|cnot3	TRRUST	TRRUST_v2_snapshot_2026-08-25	mouse	Cnot3	cnot3	TRRUST public regulon: Cnot3 (mouse)	candidate	public_source_membership	2	2	exclude	Candidate source grouping only; not an exhaustive or context-specific biological regulon and not part of the frozen mechanism bundle.
TRRUST|TRRUST_v2_snapshot_2026-08-25|mouse|cnot7	TRRUST	TRRUST_v2_snapshot_2026-08-25	mouse	Cnot7	cnot7	TRRUST public regulon: Cnot7 (mouse)	candidate	public_source_membership	1	1	exclude	Candidate source grouping only; not an exhaustive or context-specific biological regulon and not part of the frozen mechanism bundle.
TRRUST|TRRUST_v2_snapshot_2026-08-25|mouse|cops5	TRRUST	TRRUST_v2_snapshot_2026-08-25	mouse	Cops5	cops5	TRRUST public regulon: Cops5 (mouse)	candidate	public_source_membership	1	1	exclude	Candidate source grouping only; not an exhaustive or context-specific biological regulon and not part of the frozen mechanism bundle.
TRRUST|TRRUST_v2_snapshot_2026-08-25|mouse|creb1	TRRUST	TRRUST_v2_snapshot_2026-08-25	mouse	Creb1	creb1	TRRUST public regulon: Creb1 (mouse)	candidate	public_source_membership	34	34	exclude	Candidate source grouping only; not an exhaustive or context-specific biological regulon and not part of the frozen mechanism bundle.
TRRUST|TRRUST_v2_snapshot_2026-08-25|mouse|creb3	TRRUST	TRRUST_v2_snapshot_2026-08-25	mouse	Creb3	creb3	TRRUST public regulon: Creb3 (mouse)	candidate	public_source_membership	2	2	exclude	Candidate source grouping only; not an exhaustive or context-specific biological regulon and not part of the frozen mechanism bundle.
TRRUST|TRRUST_v2_snapshot_2026-08-25|mouse|creb3l1	TRRUST	TRRUST_v2_snapshot_2026-08-25	mouse	Creb3l1	creb3l1	TRRUST public regulon: Creb3l1 (mouse)	candidate	public_source_membership	3	3	exclude	Candidate source grouping only; not an exhaustive or context-specific biological regulon and not part of the frozen mechanism bundle.
TRRUST|TRRUST_v2_snapshot_2026-08-25|mouse|creb3l3	TRRUST	TRRUST_v2_snapshot_2026-08-25	mouse	Creb3l3	creb3l3	TRRUST public regulon: Creb3l3 (mouse)	candidate	public_source_membership	2	2	exclude	Candidate source grouping only; not an exhaustive or context-specific biological regulon and not part of the frozen mechanism bundle.
TRRUST|TRRUST_v2_snapshot_2026-08-25|mouse|creb3l4	TRRUST	TRRUST_v2_snapshot_2026-08-25	mouse	Creb3l4	creb3l4	TRRUST public regulon: Creb3l4 (mouse)	candidate	public_source_membership	1	1	exclude	Candidate source grouping only; not an exhaustive or context-specific biological regulon and not part of the frozen mechanism bundle.
TRRUST|TRRUST_v2_snapshot_2026-08-25|mouse|crebbp	TRRUST	TRRUST_v2_snapshot_2026-08-25	mouse	Crebbp	crebbp	TRRUST public regulon: Crebbp (mouse)	candidate	public_source_membership	43	43	exclude	Candidate source grouping only; not an exhaustive or context-specific biological regulon and not part of the frozen mechanism bundle.
TRRUST|TRRUST_v2_snapshot_2026-08-25|mouse|crebzf	TRRUST	TRRUST_v2_snapshot_2026-08-25	mouse	Crebzf	crebzf	TRRUST public regulon: Crebzf (mouse)	candidate	public_source_membership	1	1	exclude	Candidate source grouping only; not an exhaustive or context-specific biological regulon and not part of the frozen mechanism bundle.
TRRUST|TRRUST_v2_snapshot_2026-08-25|mouse|crem	TRRUST	TRRUST_v2_snapshot_2026-08-25	mouse	Crem	crem	TRRUST public regulon: Crem (mouse)	candidate	public_source_membership	1	1	exclude	Candidate source grouping only; not an exhaustive or context-specific biological regulon and not part of the frozen mechanism bundle.
TRRUST|TRRUST_v2_snapshot_2026-08-25|mouse|crtc1	TRRUST	TRRUST_v2_snapshot_2026-08-25	mouse	Crtc1	crtc1	TRRUST public regulon: Crtc1 (mouse)	candidate	public_source_membership	1	1	exclude	Candidate source grouping only; not an exhaustive or context-specific biological regulon and not part of the frozen mechanism bundle.
TRRUST|TRRUST_v2_snapshot_2026-08-25|mouse|crx	TRRUST	TRRUST_v2_snapshot_2026-08-25	mouse	Crx	crx	TRRUST public regulon: Crx (mouse)	candidate	public_source_membership	15	15	exclude	Candidate source grouping only; not an exhaustive or context-specific biological regulon and not part of the frozen mechanism bundle.
TRRUST|TRRUST_v2_snapshot_2026-08-25|mouse|cry1	TRRUST	TRRUST_v2_snapshot_2026-08-25	mouse	Cry1	cry1	TRRUST public regulon: Cry1 (mouse)	candidate	public_source_membership	1	1	exclude	Candidate source grouping only; not an exhaustive or context-specific biological regulon and not part of the frozen mechanism bundle.
TRRUST|TRRUST_v2_snapshot_2026-08-25|mouse|csf1	TRRUST	TRRUST_v2_snapshot_2026-08-25	mouse	Csf1	csf1	TRRUST public regulon: Csf1 (mouse)	candidate	public_source_membership	1	1	exclude	Candidate source grouping only; not an exhaustive or context-specific biological regulon and not part of the frozen mechanism bundle.
TRRUST|TRRUST_v2_snapshot_2026-08-25|mouse|csf2	TRRUST	TRRUST_v2_snapshot_2026-08-25	mouse	Csf2	csf2	TRRUST public regulon: Csf2 (mouse)	candidate	public_source_membership	1	1	exclude	Candidate source grouping only; not an exhaustive or context-specific biological regulon and not part of the frozen mechanism bundle.
TRRUST|TRRUST_v2_snapshot_2026-08-25|mouse|ctcf	TRRUST	TRRUST_v2_snapshot_2026-08-25	mouse	Ctcf	ctcf	TRRUST public regulon: Ctcf (mouse)	candidate	public_source_membership	8	8	exclude	Candidate source grouping only; not an exhaustive or context-specific biological regulon and not part of the frozen mechanism bundle.
TRRUST|TRRUST_v2_snapshot_2026-08-25|mouse|ctcfl	TRRUST	TRRUST_v2_snapshot_2026-08-25	mouse	Ctcfl	ctcfl	TRRUST public regulon: Ctcfl (mouse)	candidate	public_source_membership	1	1	exclude	Candidate source grouping only; not an exhaustive or context-specific biological regulon and not part of the frozen mechanism bundle.
TRRUST|TRRUST_v2_snapshot_2026-08-25|mouse|ctf1	TRRUST	TRRUST_v2_snapshot_2026-08-25	mouse	Ctf1	ctf1	TRRUST public regulon: Ctf1 (mouse)	candidate	public_source_membership	1	1	exclude	Candidate source grouping only; not an exhaustive or context-specific biological regulon and not part of the frozen mechanism bundle.
TRRUST|TRRUST_v2_snapshot_2026-08-25|mouse|ctnnb1	TRRUST	TRRUST_v2_snapshot_2026-08-25	mouse	Ctnnb1	ctnnb1	TRRUST public regulon: Ctnnb1 (mouse)	candidate	public_source_membership	68	68	exclude	Candidate source grouping only; not an exhaustive or context-specific biological regulon and not part of the frozen mechanism bundle.
TRRUST|TRRUST_v2_snapshot_2026-08-25|mouse|ctr9	TRRUST	TRRUST_v2_snapshot_2026-08-25	mouse	Ctr9	ctr9	TRRUST public regulon: Ctr9 (mouse)	candidate	public_source_membership	1	1	exclude	Candidate source grouping only; not an exhaustive or context-specific biological regulon and not part of the frozen mechanism bundle.
TRRUST|TRRUST_v2_snapshot_2026-08-25|mouse|cux1	TRRUST	TRRUST_v2_snapshot_2026-08-25	mouse	Cux1	cux1	TRRUST public regulon: Cux1 (mouse)	candidate	public_source_membership	13	13	exclude	Candidate source grouping only; not an exhaustive or context-specific biological regulon and not part of the frozen mechanism bundle.
TRRUST|TRRUST_v2_snapshot_2026-08-25|mouse|cux2	TRRUST	TRRUST_v2_snapshot_2026-08-25	mouse	Cux2	cux2	TRRUST public regulon: Cux2 (mouse)	candidate	public_source_membership	1	1	exclude	Candidate source grouping only; not an exhaustive or context-specific biological regulon and not part of the frozen mechanism bundle.
TRRUST|TRRUST_v2_snapshot_2026-08-25|mouse|dab2	TRRUST	TRRUST_v2_snapshot_2026-08-25	mouse	Dab2	dab2	TRRUST public regulon: Dab2 (mouse)	candidate	public_source_membership	1	1	exclude	Candidate source grouping only; not an exhaustive or context-specific biological regulon and not part of the frozen mechanism bundle.
TRRUST|TRRUST_v2_snapshot_2026-08-25|mouse|dach1	TRRUST	TRRUST_v2_snapshot_2026-08-25	mouse	Dach1	dach1	TRRUST public regulon: Dach1 (mouse)	candidate	public_source_membership	7	7	exclude	Candidate source grouping only; not an exhaustive or context-specific biological regulon and not part of the frozen mechanism bundle.
TRRUST|TRRUST_v2_snapshot_2026-08-25|mouse|dach2	TRRUST	TRRUST_v2_snapshot_2026-08-25	mouse	Dach2	dach2	TRRUST public regulon: Dach2 (mouse)	candidate	public_source_membership	1	1	exclude	Candidate source grouping only; not an exhaustive or context-specific biological regulon and not part of the frozen mechanism bundle.
TRRUST|TRRUST_v2_snapshot_2026-08-25|mouse|daxx	TRRUST	TRRUST_v2_snapshot_2026-08-25	mouse	Daxx	daxx	TRRUST public regulon: Daxx (mouse)	candidate	public_source_membership	5	5	exclude	Candidate source grouping only; not an exhaustive or context-specific biological regulon and not part of the frozen mechanism bundle.
TRRUST|TRRUST_v2_snapshot_2026-08-25|mouse|dbp	TRRUST	TRRUST_v2_snapshot_2026-08-25	mouse	Dbp	dbp	TRRUST public regulon: Dbp (mouse)	candidate	public_source_membership	3	3	exclude	Candidate source grouping only; not an exhaustive or context-specific biological regulon and not part of the frozen mechanism bundle.
TRRUST|TRRUST_v2_snapshot_2026-08-25|mouse|ddit3	TRRUST	TRRUST_v2_snapshot_2026-08-25	mouse	Ddit3	ddit3	TRRUST public regulon: Ddit3 (mouse)	candidate	public_source_membership	2	2	exclude	Candidate source grouping only; not an exhaustive or context-specific biological regulon and not part of the frozen mechanism bundle.
TRRUST|TRRUST_v2_snapshot_2026-08-25|mouse|ddx5	TRRUST	TRRUST_v2_snapshot_2026-08-25	mouse	Ddx5	ddx5	TRRUST public regulon: Ddx5 (mouse)	candidate	public_source_membership	1	1	exclude	Candidate source grouping only; not an exhaustive or context-specific biological regulon and not part of the frozen mechanism bundle.
TRRUST|TRRUST_v2_snapshot_2026-08-25|mouse|ddx54	TRRUST	TRRUST_v2_snapshot_2026-08-25	mouse	Ddx54	ddx54	TRRUST public regulon: Ddx54 (mouse)	candidate	public_source_membership	1	1	exclude	Candidate source grouping only; not an exhaustive or context-specific biological regulon and not part of the frozen mechanism bundle.
TRRUST|TRRUST_v2_snapshot_2026-08-25|mouse|ddx58	TRRUST	TRRUST_v2_snapshot_2026-08-25	mouse	Ddx58	ddx58	TRRUST public regulon: Ddx58 (mouse)	candidate	public_source_membership	1	1	exclude	Candidate source grouping only; not an exhaustive or context-specific biological regulon and not part of the frozen mechanism bundle.
TRRUST|TRRUST_v2_snapshot_2026-08-25|mouse|deaf1	TRRUST	TRRUST_v2_snapshot_2026-08-25	mouse	Deaf1	deaf1	TRRUST public regulon: Deaf1 (mouse)	candidate	public_source_membership	1	1	exclude	Candidate source grouping only; not an exhaustive or context-specific biological regulon and not part of the frozen mechanism bundle.
TRRUST|TRRUST_v2_snapshot_2026-08-25|mouse|dlx1	TRRUST	TRRUST_v2_snapshot_2026-08-25	mouse	Dlx1	dlx1	TRRUST public regulon: Dlx1 (mouse)	candidate	public_source_membership	1	1	exclude	Candidate source grouping only; not an exhaustive or context-specific biological regulon and not part of the frozen mechanism bundle.
TRRUST|TRRUST_v2_snapshot_2026-08-25|mouse|dlx2	TRRUST	TRRUST_v2_snapshot_2026-08-25	mouse	Dlx2	dlx2	TRRUST public regulon: Dlx2 (mouse)	candidate	public_source_membership	6	6	exclude	Candidate source grouping only; not an exhaustive or context-specific biological regulon and not part of the frozen mechanism bundle.
TRRUST|TRRUST_v2_snapshot_2026-08-25|mouse|dlx3	TRRUST	TRRUST_v2_snapshot_2026-08-25	mouse	Dlx3	dlx3	TRRUST public regulon: Dlx3 (mouse)	candidate	public_source_membership	6	6	exclude	Candidate source grouping only; not an exhaustive or context-specific biological regulon and not part of the frozen mechanism bundle.
TRRUST|TRRUST_v2_snapshot_2026-08-25|mouse|dlx5	TRRUST	TRRUST_v2_snapshot_2026-08-25	mouse	Dlx5	dlx5	TRRUST public regulon: Dlx5 (mouse)	candidate	public_source_membership	10	10	exclude	Candidate source grouping only; not an exhaustive or context-specific biological regulon and not part of the frozen mechanism bundle.
TRRUST|TRRUST_v2_snapshot_2026-08-25|mouse|dmap1	TRRUST	TRRUST_v2_snapshot_2026-08-25	mouse	Dmap1	dmap1	TRRUST public regulon: Dmap1 (mouse)	candidate	public_source_membership	1	1	exclude	Candidate source grouping only; not an exhaustive or context-specific biological regulon and not part of the frozen mechanism bundle.
TRRUST|TRRUST_v2_snapshot_2026-08-25|mouse|dmbx1	TRRUST	TRRUST_v2_snapshot_2026-08-25	mouse	Dmbx1	dmbx1	TRRUST public regulon: Dmbx1 (mouse)	candidate	public_source_membership	3	3	exclude	Candidate source grouping only; not an exhaustive or context-specific biological regulon and not part of the frozen mechanism bundle.
TRRUST|TRRUST_v2_snapshot_2026-08-25|mouse|dmp1	TRRUST	TRRUST_v2_snapshot_2026-08-25	mouse	Dmp1	dmp1	TRRUST public regulon: Dmp1 (mouse)	candidate	public_source_membership	1	1	exclude	Candidate source grouping only; not an exhaustive or context-specific biological regulon and not part of the frozen mechanism bundle.
TRRUST|TRRUST_v2_snapshot_2026-08-25|mouse|dmrt1	TRRUST	TRRUST_v2_snapshot_2026-08-25	mouse	Dmrt1	dmrt1	TRRUST public regulon: Dmrt1 (mouse)	candidate	public_source_membership	1	1	exclude	Candidate source grouping only; not an exhaustive or context-specific biological regulon and not part of the frozen mechanism bundle.
TRRUST|TRRUST_v2_snapshot_2026-08-25|mouse|dmrt2	TRRUST	TRRUST_v2_snapshot_2026-08-25	mouse	Dmrt2	dmrt2	TRRUST public regulon: Dmrt2 (mouse)	candidate	public_source_membership	1	1	exclude	Candidate source grouping only; not an exhaustive or context-specific biological regulon and not part of the frozen mechanism bundle.
TRRUST|TRRUST_v2_snapshot_2026-08-25|mouse|dmtf1	TRRUST	TRRUST_v2_snapshot_2026-08-25	mouse	Dmtf1	dmtf1	TRRUST public regulon: Dmtf1 (mouse)	candidate	public_source_membership	9	9	exclude	Candidate source grouping only; not an exhaustive or context-specific biological regulon and not part of the frozen mechanism bundle.
TRRUST|TRRUST_v2_snapshot_2026-08-25|mouse|dnajc2	TRRUST	TRRUST_v2_snapshot_2026-08-25	mouse	Dnajc2	dnajc2	TRRUST public regulon: Dnajc2 (mouse)	candidate	public_source_membership	1	1	exclude	Candidate source grouping only; not an exhaustive or context-specific biological regulon and not part of the frozen mechanism bundle.
TRRUST|TRRUST_v2_snapshot_2026-08-25|mouse|dnmt1	TRRUST	TRRUST_v2_snapshot_2026-08-25	mouse	Dnmt1	dnmt1	TRRUST public regulon: Dnmt1 (mouse)	candidate	public_source_membership	5	5	exclude	Candidate source grouping only; not an exhaustive or context-specific biological regulon and not part of the frozen mechanism bundle.
TRRUST|TRRUST_v2_snapshot_2026-08-25|mouse|dnmt3a	TRRUST	TRRUST_v2_snapshot_2026-08-25	mouse	Dnmt3a	dnmt3a	TRRUST public regulon: Dnmt3a (mouse)	candidate	public_source_membership	9	9	exclude	Candidate source grouping only; not an exhaustive or context-specific biological regulon and not part of the frozen mechanism bundle.
TRRUST|TRRUST_v2_snapshot_2026-08-25|mouse|dnmt3b	TRRUST	TRRUST_v2_snapshot_2026-08-25	mouse	Dnmt3b	dnmt3b	TRRUST public regulon: Dnmt3b (mouse)	candidate	public_source_membership	3	3	exclude	Candidate source grouping only; not an exhaustive or context-specific biological regulon and not part of the frozen mechanism bundle.
TRRUST|TRRUST_v2_snapshot_2026-08-25|mouse|dot1l	TRRUST	TRRUST_v2_snapshot_2026-08-25	mouse	Dot1l	dot1l	TRRUST public regulon: Dot1l (mouse)	candidate	public_source_membership	1	1	exclude	Candidate source grouping only; not an exhaustive or context-specific biological regulon and not part of the frozen mechanism bundle.
TRRUST|TRRUST_v2_snapshot_2026-08-25|mouse|dtx1	TRRUST	TRRUST_v2_snapshot_2026-08-25	mouse	Dtx1	dtx1	TRRUST public regulon: Dtx1 (mouse)	candidate	public_source_membership	1	1	exclude	Candidate source grouping only; not an exhaustive or context-specific biological regulon and not part of the frozen mechanism bundle.
TRRUST|TRRUST_v2_snapshot_2026-08-25|mouse|e2f1	TRRUST	TRRUST_v2_snapshot_2026-08-25	mouse	E2f1	e2f1	TRRUST public regulon: E2f1 (mouse)	candidate	public_source_membership	55	55	exclude	Candidate source grouping only; not an exhaustive or context-specific biological regulon and not part of the frozen mechanism bundle.
TRRUST|TRRUST_v2_snapshot_2026-08-25|mouse|e2f2	TRRUST	TRRUST_v2_snapshot_2026-08-25	mouse	E2f2	e2f2	TRRUST public regulon: E2f2 (mouse)	candidate	public_source_membership	5	5	exclude	Candidate source grouping only; not an exhaustive or context-specific biological regulon and not part of the frozen mechanism bundle.
TRRUST|TRRUST_v2_snapshot_2026-08-25|mouse|e2f3	TRRUST	TRRUST_v2_snapshot_2026-08-25	mouse	E2f3	e2f3	TRRUST public regulon: E2f3 (mouse)	candidate	public_source_membership	7	7	exclude	Candidate source grouping only; not an exhaustive or context-specific biological regulon and not part of the frozen mechanism bundle.
TRRUST|TRRUST_v2_snapshot_2026-08-25|mouse|e2f4	TRRUST	TRRUST_v2_snapshot_2026-08-25	mouse	E2f4	e2f4	TRRUST public regulon: E2f4 (mouse)	candidate	public_source_membership	10	10	exclude	Candidate source grouping only; not an exhaustive or context-specific biological regulon and not part of the frozen mechanism bundle.
TRRUST|TRRUST_v2_snapshot_2026-08-25|mouse|e2f5	TRRUST	TRRUST_v2_snapshot_2026-08-25	mouse	E2f5	e2f5	TRRUST public regulon: E2f5 (mouse)	candidate	public_source_membership	1	1	exclude	Candidate source grouping only; not an exhaustive or context-specific biological regulon and not part of the frozen mechanism bundle.
TRRUST|TRRUST_v2_snapshot_2026-08-25|mouse|e2f8	TRRUST	TRRUST_v2_snapshot_2026-08-25	mouse	E2f8	e2f8	TRRUST public regulon: E2f8 (mouse)	candidate	public_source_membership	1	1	exclude	Candidate source grouping only; not an exhaustive or context-specific biological regulon and not part of the frozen mechanism bundle.
TRRUST|TRRUST_v2_snapshot_2026-08-25|mouse|e4f1	TRRUST	TRRUST_v2_snapshot_2026-08-25	mouse	E4f1	e4f1	TRRUST public regulon: E4f1 (mouse)	candidate	public_source_membership	2	2	exclude	Candidate source grouping only; not an exhaustive or context-specific biological regulon and not part of the frozen mechanism bundle.
TRRUST|TRRUST_v2_snapshot_2026-08-25|mouse|ebf1	TRRUST	TRRUST_v2_snapshot_2026-08-25	mouse	Ebf1	ebf1	TRRUST public regulon: Ebf1 (mouse)	candidate	public_source_membership	11	11	exclude	Candidate source grouping only; not an exhaustive or context-specific biological regulon and not part of the frozen mechanism bundle.
TRRUST|TRRUST_v2_snapshot_2026-08-25|mouse|edn1	TRRUST	TRRUST_v2_snapshot_2026-08-25	mouse	Edn1	edn1	TRRUST public regulon: Edn1 (mouse)	candidate	public_source_membership	1	1	exclude	Candidate source grouping only; not an exhaustive or context-specific biological regulon and not part of the frozen mechanism bundle.
TRRUST|TRRUST_v2_snapshot_2026-08-25|mouse|egr1	TRRUST	TRRUST_v2_snapshot_2026-08-25	mouse	Egr1	egr1	TRRUST public regulon: Egr1 (mouse)	candidate	public_source_membership	76	76	exclude	Candidate source grouping only; not an exhaustive or context-specific biological regulon and not part of the frozen mechanism bundle.
TRRUST|TRRUST_v2_snapshot_2026-08-25|mouse|egr2	TRRUST	TRRUST_v2_snapshot_2026-08-25	mouse	Egr2	egr2	TRRUST public regulon: Egr2 (mouse)	candidate	public_source_membership	16	16	exclude	Candidate source grouping only; not an exhaustive or context-specific biological regulon and not part of the frozen mechanism bundle.
TRRUST|TRRUST_v2_snapshot_2026-08-25|mouse|egr3	TRRUST	TRRUST_v2_snapshot_2026-08-25	mouse	Egr3	egr3	TRRUST public regulon: Egr3 (mouse)	candidate	public_source_membership	4	4	exclude	Candidate source grouping only; not an exhaustive or context-specific biological regulon and not part of the frozen mechanism bundle.
TRRUST|TRRUST_v2_snapshot_2026-08-25|mouse|egr4	TRRUST	TRRUST_v2_snapshot_2026-08-25	mouse	Egr4	egr4	TRRUST public regulon: Egr4 (mouse)	candidate	public_source_membership	2	2	exclude	Candidate source grouping only; not an exhaustive or context-specific biological regulon and not part of the frozen mechanism bundle.
TRRUST|TRRUST_v2_snapshot_2026-08-25|mouse|ehf	TRRUST	TRRUST_v2_snapshot_2026-08-25	mouse	Ehf	ehf	TRRUST public regulon: Ehf (mouse)	candidate	public_source_membership	1	1	exclude	Candidate source grouping only; not an exhaustive or context-specific biological regulon and not part of the frozen mechanism bundle.
TRRUST|TRRUST_v2_snapshot_2026-08-25|mouse|ehmt1	TRRUST	TRRUST_v2_snapshot_2026-08-25	mouse	Ehmt1	ehmt1	TRRUST public regulon: Ehmt1 (mouse)	candidate	public_source_membership	1	1	exclude	Candidate source grouping only; not an exhaustive or context-specific biological regulon and not part of the frozen mechanism bundle.
TRRUST|TRRUST_v2_snapshot_2026-08-25|mouse|ehmt2	TRRUST	TRRUST_v2_snapshot_2026-08-25	mouse	Ehmt2	ehmt2	TRRUST public regulon: Ehmt2 (mouse)	candidate	public_source_membership	6	6	exclude	Candidate source grouping only; not an exhaustive or context-specific biological regulon and not part of the frozen mechanism bundle.
TRRUST|TRRUST_v2_snapshot_2026-08-25|mouse|eif2ak2	TRRUST	TRRUST_v2_snapshot_2026-08-25	mouse	Eif2ak2	eif2ak2	TRRUST public regulon: Eif2ak2 (mouse)	candidate	public_source_membership	1	1	exclude	Candidate source grouping only; not an exhaustive or context-specific biological regulon and not part of the frozen mechanism bundle.
TRRUST|TRRUST_v2_snapshot_2026-08-25|mouse|elf1	TRRUST	TRRUST_v2_snapshot_2026-08-25	mouse	Elf1	elf1	TRRUST public regulon: Elf1 (mouse)	candidate	public_source_membership	12	12	exclude	Candidate source grouping only; not an exhaustive or context-specific biological regulon and not part of the frozen mechanism bundle.
TRRUST|TRRUST_v2_snapshot_2026-08-25|mouse|elf2	TRRUST	TRRUST_v2_snapshot_2026-08-25	mouse	Elf2	elf2	TRRUST public regulon: Elf2 (mouse)	candidate	public_source_membership	1	1	exclude	Candidate source grouping only; not an exhaustive or context-specific biological regulon and not part of the frozen mechanism bundle.
TRRUST|TRRUST_v2_snapshot_2026-08-25|mouse|elf3	TRRUST	TRRUST_v2_snapshot_2026-08-25	mouse	Elf3	elf3	TRRUST public regulon: Elf3 (mouse)	candidate	public_source_membership	5	5	exclude	Candidate source grouping only; not an exhaustive or context-specific biological regulon and not part of the frozen mechanism bundle.
TRRUST|TRRUST_v2_snapshot_2026-08-25|mouse|elf4	TRRUST	TRRUST_v2_snapshot_2026-08-25	mouse	Elf4	elf4	TRRUST public regulon: Elf4 (mouse)	candidate	public_source_membership	5	5	exclude	Candidate source grouping only; not an exhaustive or context-specific biological regulon and not part of the frozen mechanism bundle.
TRRUST|TRRUST_v2_snapshot_2026-08-25|mouse|elf5	TRRUST	TRRUST_v2_snapshot_2026-08-25	mouse	Elf5	elf5	TRRUST public regulon: Elf5 (mouse)	candidate	public_source_membership	2	2	exclude	Candidate source grouping only; not an exhaustive or context-specific biological regulon and not part of the frozen mechanism bundle.
TRRUST|TRRUST_v2_snapshot_2026-08-25|mouse|elk1	TRRUST	TRRUST_v2_snapshot_2026-08-25	mouse	Elk1	elk1	TRRUST public regulon: Elk1 (mouse)	candidate	public_source_membership	8	8	exclude	Candidate source grouping only; not an exhaustive or context-specific biological regulon and not part of the frozen mechanism bundle.
TRRUST|TRRUST_v2_snapshot_2026-08-25|mouse|elk3	TRRUST	TRRUST_v2_snapshot_2026-08-25	mouse	Elk3	elk3	TRRUST public regulon: Elk3 (mouse)	candidate	public_source_membership	3	3	exclude	Candidate source grouping only; not an exhaustive or context-specific biological regulon and not part of the frozen mechanism bundle.
TRRUST|TRRUST_v2_snapshot_2026-08-25|mouse|ell3	TRRUST	TRRUST_v2_snapshot_2026-08-25	mouse	Ell3	ell3	TRRUST public regulon: Ell3 (mouse)	candidate	public_source_membership	3	3	exclude	Candidate source grouping only; not an exhaustive or context-specific biological regulon and not part of the frozen mechanism bundle.
TRRUST|TRRUST_v2_snapshot_2026-08-25|mouse|elp2	TRRUST	TRRUST_v2_snapshot_2026-08-25	mouse	Elp2	elp2	TRRUST public regulon: Elp2 (mouse)	candidate	public_source_membership	1	1	exclude	Candidate source grouping only; not an exhaustive or context-specific biological regulon and not part of the frozen mechanism bundle.
TRRUST|TRRUST_v2_snapshot_2026-08-25|mouse|elp3	TRRUST	TRRUST_v2_snapshot_2026-08-25	mouse	Elp3	elp3	TRRUST public regulon: Elp3 (mouse)	candidate	public_source_membership	1	1	exclude	Candidate source grouping only; not an exhaustive or context-specific biological regulon and not part of the frozen mechanism bundle.
TRRUST|TRRUST_v2_snapshot_2026-08-25|mouse|emx2	TRRUST	TRRUST_v2_snapshot_2026-08-25	mouse	Emx2	emx2	TRRUST public regulon: Emx2 (mouse)	candidate	public_source_membership	2	2	exclude	Candidate source grouping only; not an exhaustive or context-specific biological regulon and not part of the frozen mechanism bundle.
TRRUST|TRRUST_v2_snapshot_2026-08-25|mouse|en1	TRRUST	TRRUST_v2_snapshot_2026-08-25	mouse	En1	en1	TRRUST public regulon: En1 (mouse)	candidate	public_source_membership	4	4	exclude	Candidate source grouping only; not an exhaustive or context-specific biological regulon and not part of the frozen mechanism bundle.
TRRUST|TRRUST_v2_snapshot_2026-08-25|mouse|en2	TRRUST	TRRUST_v2_snapshot_2026-08-25	mouse	En2	en2	TRRUST public regulon: En2 (mouse)	candidate	public_source_membership	1	1	exclude	Candidate source grouping only; not an exhaustive or context-specific biological regulon and not part of the frozen mechanism bundle.
TRRUST|TRRUST_v2_snapshot_2026-08-25|mouse|eomes	TRRUST	TRRUST_v2_snapshot_2026-08-25	mouse	Eomes	eomes	TRRUST public regulon: Eomes (mouse)	candidate	public_source_membership	6	6	exclude	Candidate source grouping only; not an exhaustive or context-specific biological regulon and not part of the frozen mechanism bundle.
TRRUST|TRRUST_v2_snapshot_2026-08-25|mouse|ep300	TRRUST	TRRUST_v2_snapshot_2026-08-25	mouse	Ep300	ep300	TRRUST public regulon: Ep300 (mouse)	candidate	public_source_membership	63	63	exclude	Candidate source grouping only; not an exhaustive or context-specific biological regulon and not part of the frozen mechanism bundle.
TRRUST|TRRUST_v2_snapshot_2026-08-25|mouse|epas1	TRRUST	TRRUST_v2_snapshot_2026-08-25	mouse	Epas1	epas1	TRRUST public regulon: Epas1 (mouse)	candidate	public_source_membership	14	14	exclude	Candidate source grouping only; not an exhaustive or context-specific biological regulon and not part of the frozen mechanism bundle.
TRRUST|TRRUST_v2_snapshot_2026-08-25|mouse|epc1	TRRUST	TRRUST_v2_snapshot_2026-08-25	mouse	Epc1	epc1	TRRUST public regulon: Epc1 (mouse)	candidate	public_source_membership	1	1	exclude	Candidate source grouping only; not an exhaustive or context-specific biological regulon and not part of the frozen mechanism bundle.
TRRUST|TRRUST_v2_snapshot_2026-08-25|mouse|epo	TRRUST	TRRUST_v2_snapshot_2026-08-25	mouse	Epo	epo	TRRUST public regulon: Epo (mouse)	candidate	public_source_membership	1	1	exclude	Candidate source grouping only; not an exhaustive or context-specific biological regulon and not part of the frozen mechanism bundle.
TRRUST|TRRUST_v2_snapshot_2026-08-25|mouse|epor	TRRUST	TRRUST_v2_snapshot_2026-08-25	mouse	Epor	epor	TRRUST public regulon: Epor (mouse)	candidate	public_source_membership	1	1	exclude	Candidate source grouping only; not an exhaustive or context-specific biological regulon and not part of the frozen mechanism bundle.
TRRUST|TRRUST_v2_snapshot_2026-08-25|mouse|erf	TRRUST	TRRUST_v2_snapshot_2026-08-25	mouse	Erf	erf	TRRUST public regulon: Erf (mouse)	candidate	public_source_membership	1	1	exclude	Candidate source grouping only; not an exhaustive or context-specific biological regulon and not part of the frozen mechanism bundle.
TRRUST|TRRUST_v2_snapshot_2026-08-25|mouse|erg	TRRUST	TRRUST_v2_snapshot_2026-08-25	mouse	Erg	erg	TRRUST public regulon: Erg (mouse)	candidate	public_source_membership	8	8	exclude	Candidate source grouping only; not an exhaustive or context-specific biological regulon and not part of the frozen mechanism bundle.
TRRUST|TRRUST_v2_snapshot_2026-08-25|mouse|esr1	TRRUST	TRRUST_v2_snapshot_2026-08-25	mouse	Esr1	esr1	TRRUST public regulon: Esr1 (mouse)	candidate	public_source_membership	30	30	exclude	Candidate source grouping only; not an exhaustive or context-specific biological regulon and not part of the frozen mechanism bundle.
TRRUST|TRRUST_v2_snapshot_2026-08-25|mouse|esr2	TRRUST	TRRUST_v2_snapshot_2026-08-25	mouse	Esr2	esr2	TRRUST public regulon: Esr2 (mouse)	candidate	public_source_membership	18	18	exclude	Candidate source grouping only; not an exhaustive or context-specific biological regulon and not part of the frozen mechanism bundle.
TRRUST|TRRUST_v2_snapshot_2026-08-25|mouse|esrra	TRRUST	TRRUST_v2_snapshot_2026-08-25	mouse	Esrra	esrra	TRRUST public regulon: Esrra (mouse)	candidate	public_source_membership	9	9	exclude	Candidate source grouping only; not an exhaustive or context-specific biological regulon and not part of the frozen mechanism bundle.
TRRUST|TRRUST_v2_snapshot_2026-08-25|mouse|esrrb	TRRUST	TRRUST_v2_snapshot_2026-08-25	mouse	Esrrb	esrrb	TRRUST public regulon: Esrrb (mouse)	candidate	public_source_membership	3	3	exclude	Candidate source grouping only; not an exhaustive or context-specific biological regulon and not part of the frozen mechanism bundle.
TRRUST|TRRUST_v2_snapshot_2026-08-25|mouse|esrrg	TRRUST	TRRUST_v2_snapshot_2026-08-25	mouse	Esrrg	esrrg	TRRUST public regulon: Esrrg (mouse)	candidate	public_source_membership	4	4	exclude	Candidate source grouping only; not an exhaustive or context-specific biological regulon and not part of the frozen mechanism bundle.
TRRUST|TRRUST_v2_snapshot_2026-08-25|mouse|ets1	TRRUST	TRRUST_v2_snapshot_2026-08-25	mouse	Ets1	ets1	TRRUST public regulon: Ets1 (mouse)	candidate	public_source_membership	64	64	exclude	Candidate source grouping only; not an exhaustive or context-specific biological regulon and not part of the frozen mechanism bundle.
TRRUST|TRRUST_v2_snapshot_2026-08-25|mouse|ets2	TRRUST	TRRUST_v2_snapshot_2026-08-25	mouse	Ets2	ets2	TRRUST public regulon: Ets2 (mouse)	candidate	public_source_membership	27	27	exclude	Candidate source grouping only; not an exhaustive or context-specific biological regulon and not part of the frozen mechanism bundle.
TRRUST|TRRUST_v2_snapshot_2026-08-25|mouse|etv1	TRRUST	TRRUST_v2_snapshot_2026-08-25	mouse	Etv1	etv1	TRRUST public regulon: Etv1 (mouse)	candidate	public_source_membership	5	5	exclude	Candidate source grouping only; not an exhaustive or context-specific biological regulon and not part of the frozen mechanism bundle.
TRRUST|TRRUST_v2_snapshot_2026-08-25|mouse|etv2	TRRUST	TRRUST_v2_snapshot_2026-08-25	mouse	Etv2	etv2	TRRUST public regulon: Etv2 (mouse)	candidate	public_source_membership	6	6	exclude	Candidate source grouping only; not an exhaustive or context-specific biological regulon and not part of the frozen mechanism bundle.
TRRUST|TRRUST_v2_snapshot_2026-08-25|mouse|etv4	TRRUST	TRRUST_v2_snapshot_2026-08-25	mouse	Etv4	etv4	TRRUST public regulon: Etv4 (mouse)	candidate	public_source_membership	16	16	exclude	Candidate source grouping only; not an exhaustive or context-specific biological regulon and not part of the frozen mechanism bundle.
TRRUST|TRRUST_v2_snapshot_2026-08-25|mouse|etv5	TRRUST	TRRUST_v2_snapshot_2026-08-25	mouse	Etv5	etv5	TRRUST public regulon: Etv5 (mouse)	candidate	public_source_membership	6	6	exclude	Candidate source grouping only; not an exhaustive or context-specific biological regulon and not part of the frozen mechanism bundle.
TRRUST|TRRUST_v2_snapshot_2026-08-25|mouse|etv6	TRRUST	TRRUST_v2_snapshot_2026-08-25	mouse	Etv6	etv6	TRRUST public regulon: Etv6 (mouse)	candidate	public_source_membership	2	2	exclude	Candidate source grouping only; not an exhaustive or context-specific biological regulon and not part of the frozen mechanism bundle.
TRRUST|TRRUST_v2_snapshot_2026-08-25|mouse|ewsr1	TRRUST	TRRUST_v2_snapshot_2026-08-25	mouse	Ewsr1	ewsr1	TRRUST public regulon: Ewsr1 (mouse)	candidate	public_source_membership	3	3	exclude	Candidate source grouping only; not an exhaustive or context-specific biological regulon and not part of the frozen mechanism bundle.
TRRUST|TRRUST_v2_snapshot_2026-08-25|mouse|eya1	TRRUST	TRRUST_v2_snapshot_2026-08-25	mouse	Eya1	eya1	TRRUST public regulon: Eya1 (mouse)	candidate	public_source_membership	1	1	exclude	Candidate source grouping only; not an exhaustive or context-specific biological regulon and not part of the frozen mechanism bundle.
TRRUST|TRRUST_v2_snapshot_2026-08-25|mouse|eya2	TRRUST	TRRUST_v2_snapshot_2026-08-25	mouse	Eya2	eya2	TRRUST public regulon: Eya2 (mouse)	candidate	public_source_membership	1	1	exclude	Candidate source grouping only; not an exhaustive or context-specific biological regulon and not part of the frozen mechanism bundle.
TRRUST|TRRUST_v2_snapshot_2026-08-25|mouse|ezh1	TRRUST	TRRUST_v2_snapshot_2026-08-25	mouse	Ezh1	ezh1	TRRUST public regulon: Ezh1 (mouse)	candidate	public_source_membership	1	1	exclude	Candidate source grouping only; not an exhaustive or context-specific biological regulon and not part of the frozen mechanism bundle.
TRRUST|TRRUST_v2_snapshot_2026-08-25|mouse|ezh2	TRRUST	TRRUST_v2_snapshot_2026-08-25	mouse	Ezh2	ezh2	TRRUST public regulon: Ezh2 (mouse)	candidate	public_source_membership	15	15	exclude	Candidate source grouping only; not an exhaustive or context-specific biological regulon and not part of the frozen mechanism bundle.
TRRUST|TRRUST_v2_snapshot_2026-08-25|mouse|fhl2	TRRUST	TRRUST_v2_snapshot_2026-08-25	mouse	Fhl2	fhl2	TRRUST public regulon: Fhl2 (mouse)	candidate	public_source_membership	1	1	exclude	Candidate source grouping only; not an exhaustive or context-specific biological regulon and not part of the frozen mechanism bundle.
TRRUST|TRRUST_v2_snapshot_2026-08-25|mouse|fli1	TRRUST	TRRUST_v2_snapshot_2026-08-25	mouse	Fli1	fli1	TRRUST public regulon: Fli1 (mouse)	candidate	public_source_membership	14	14	exclude	Candidate source grouping only; not an exhaustive or context-specific biological regulon and not part of the frozen mechanism bundle.
TRRUST|TRRUST_v2_snapshot_2026-08-25|mouse|fmr1	TRRUST	TRRUST_v2_snapshot_2026-08-25	mouse	Fmr1	fmr1	TRRUST public regulon: Fmr1 (mouse)	candidate	public_source_membership	1	1	exclude	Candidate source grouping only; not an exhaustive or context-specific biological regulon and not part of the frozen mechanism bundle.
TRRUST|TRRUST_v2_snapshot_2026-08-25|mouse|fos	TRRUST	TRRUST_v2_snapshot_2026-08-25	mouse	Fos	fos	TRRUST public regulon: Fos (mouse)	candidate	public_source_membership	59	59	exclude	Candidate source grouping only; not an exhaustive or context-specific biological regulon and not part of the frozen mechanism bundle.
TRRUST|TRRUST_v2_snapshot_2026-08-25|mouse|fosb	TRRUST	TRRUST_v2_snapshot_2026-08-25	mouse	Fosb	fosb	TRRUST public regulon: Fosb (mouse)	candidate	public_source_membership	3	3	exclude	Candidate source grouping only; not an exhaustive or context-specific biological regulon and not part of the frozen mechanism bundle.
TRRUST|TRRUST_v2_snapshot_2026-08-25|mouse|fosl1	TRRUST	TRRUST_v2_snapshot_2026-08-25	mouse	Fosl1	fosl1	TRRUST public regulon: Fosl1 (mouse)	candidate	public_source_membership	7	7	exclude	Candidate source grouping only; not an exhaustive or context-specific biological regulon and not part of the frozen mechanism bundle.
TRRUST|TRRUST_v2_snapshot_2026-08-25|mouse|fosl2	TRRUST	TRRUST_v2_snapshot_2026-08-25	mouse	Fosl2	fosl2	TRRUST public regulon: Fosl2 (mouse)	candidate	public_source_membership	6	6	exclude	Candidate source grouping only; not an exhaustive or context-specific biological regulon and not part of the frozen mechanism bundle.
TRRUST|TRRUST_v2_snapshot_2026-08-25|mouse|foxa1	TRRUST	TRRUST_v2_snapshot_2026-08-25	mouse	Foxa1	foxa1	TRRUST public regulon: Foxa1 (mouse)	candidate	public_source_membership	11	11	exclude	Candidate source grouping only; not an exhaustive or context-specific biological regulon and not part of the frozen mechanism bundle.
TRRUST|TRRUST_v2_snapshot_2026-08-25|mouse|foxa2	TRRUST	TRRUST_v2_snapshot_2026-08-25	mouse	Foxa2	foxa2	TRRUST public regulon: Foxa2 (mouse)	candidate	public_source_membership	43	43	exclude	Candidate source grouping only; not an exhaustive or context-specific biological regulon and not part of the frozen mechanism bundle.
TRRUST|TRRUST_v2_snapshot_2026-08-25|mouse|foxa3	TRRUST	TRRUST_v2_snapshot_2026-08-25	mouse	Foxa3	foxa3	TRRUST public regulon: Foxa3 (mouse)	candidate	public_source_membership	1	1	exclude	Candidate source grouping only; not an exhaustive or context-specific biological regulon and not part of the frozen mechanism bundle.
TRRUST|TRRUST_v2_snapshot_2026-08-25|mouse|foxc1	TRRUST	TRRUST_v2_snapshot_2026-08-25	mouse	Foxc1	foxc1	TRRUST public regulon: Foxc1 (mouse)	candidate	public_source_membership	9	9	exclude	Candidate source grouping only; not an exhaustive or context-specific biological regulon and not part of the frozen mechanism bundle.
TRRUST|TRRUST_v2_snapshot_2026-08-25|mouse|foxc2	TRRUST	TRRUST_v2_snapshot_2026-08-25	mouse	Foxc2	foxc2	TRRUST public regulon: Foxc2 (mouse)	candidate	public_source_membership	8	8	exclude	Candidate source grouping only; not an exhaustive or context-specific biological regulon and not part of the frozen mechanism bundle.
TRRUST|TRRUST_v2_snapshot_2026-08-25|mouse|foxd1	TRRUST	TRRUST_v2_snapshot_2026-08-25	mouse	Foxd1	foxd1	TRRUST public regulon: Foxd1 (mouse)	candidate	public_source_membership	2	2	exclude	Candidate source grouping only; not an exhaustive or context-specific biological regulon and not part of the frozen mechanism bundle.
TRRUST|TRRUST_v2_snapshot_2026-08-25|mouse|foxd3	TRRUST	TRRUST_v2_snapshot_2026-08-25	mouse	Foxd3	foxd3	TRRUST public regulon: Foxd3 (mouse)	candidate	public_source_membership	1	1	exclude	Candidate source grouping only; not an exhaustive or context-specific biological regulon and not part of the frozen mechanism bundle.
TRRUST|TRRUST_v2_snapshot_2026-08-25|mouse|foxg1	TRRUST	TRRUST_v2_snapshot_2026-08-25	mouse	Foxg1	foxg1	TRRUST public regulon: Foxg1 (mouse)	candidate	public_source_membership	8	8	exclude	Candidate source grouping only; not an exhaustive or context-specific biological regulon and not part of the frozen mechanism bundle.
TRRUST|TRRUST_v2_snapshot_2026-08-25|mouse|foxh1	TRRUST	TRRUST_v2_snapshot_2026-08-25	mouse	Foxh1	foxh1	TRRUST public regulon: Foxh1 (mouse)	candidate	public_source_membership	6	6	exclude	Candidate source grouping only; not an exhaustive or context-specific biological regulon and not part of the frozen mechanism bundle.
TRRUST|TRRUST_v2_snapshot_2026-08-25|mouse|foxi1	TRRUST	TRRUST_v2_snapshot_2026-08-25	mouse	Foxi1	foxi1	TRRUST public regulon: Foxi1 (mouse)	candidate	public_source_membership	1	1	exclude	Candidate source grouping only; not an exhaustive or context-specific biological regulon and not part of the frozen mechanism bundle.
TRRUST|TRRUST_v2_snapshot_2026-08-25|mouse|foxj1	TRRUST	TRRUST_v2_snapshot_2026-08-25	mouse	Foxj1	foxj1	TRRUST public regulon: Foxj1 (mouse)	candidate	public_source_membership	2	2	exclude	Candidate source grouping only; not an exhaustive or context-specific biological regulon and not part of the frozen mechanism bundle.
TRRUST|TRRUST_v2_snapshot_2026-08-25|mouse|foxj3	TRRUST	TRRUST_v2_snapshot_2026-08-25	mouse	Foxj3	foxj3	TRRUST public regulon: Foxj3 (mouse)	candidate	public_source_membership	1	1	exclude	Candidate source grouping only; not an exhaustive or context-specific biological regulon and not part of the frozen mechanism bundle.
TRRUST|TRRUST_v2_snapshot_2026-08-25|mouse|foxl1	TRRUST	TRRUST_v2_snapshot_2026-08-25	mouse	Foxl1	foxl1	TRRUST public regulon: Foxl1 (mouse)	candidate	public_source_membership	3	3	exclude	Candidate source grouping only; not an exhaustive or context-specific biological regulon and not part of the frozen mechanism bundle.
TRRUST|TRRUST_v2_snapshot_2026-08-25|mouse|foxl2	TRRUST	TRRUST_v2_snapshot_2026-08-25	mouse	Foxl2	foxl2	TRRUST public regulon: Foxl2 (mouse)	candidate	public_source_membership	3	3	exclude	Candidate source grouping only; not an exhaustive or context-specific biological regulon and not part of the frozen mechanism bundle.
TRRUST|TRRUST_v2_snapshot_2026-08-25|mouse|foxm1	TRRUST	TRRUST_v2_snapshot_2026-08-25	mouse	Foxm1	foxm1	TRRUST public regulon: Foxm1 (mouse)	candidate	public_source_membership	23	23	exclude	Candidate source grouping only; not an exhaustive or context-specific biological regulon and not part of the frozen mechanism bundle.
TRRUST|TRRUST_v2_snapshot_2026-08-25|mouse|foxn1	TRRUST	TRRUST_v2_snapshot_2026-08-25	mouse	Foxn1	foxn1	TRRUST public regulon: Foxn1 (mouse)	candidate	public_source_membership	2	2	exclude	Candidate source grouping only; not an exhaustive or context-specific biological regulon and not part of the frozen mechanism bundle.
TRRUST|TRRUST_v2_snapshot_2026-08-25|mouse|foxn4	TRRUST	TRRUST_v2_snapshot_2026-08-25	mouse	Foxn4	foxn4	TRRUST public regulon: Foxn4 (mouse)	candidate	public_source_membership	1	1	exclude	Candidate source grouping only; not an exhaustive or context-specific biological regulon and not part of the frozen mechanism bundle.
TRRUST|TRRUST_v2_snapshot_2026-08-25|mouse|foxo1	TRRUST	TRRUST_v2_snapshot_2026-08-25	mouse	Foxo1	foxo1	TRRUST public regulon: Foxo1 (mouse)	candidate	public_source_membership	56	56	exclude	Candidate source grouping only; not an exhaustive or context-specific biological regulon and not part of the frozen mechanism bundle.
TRRUST|TRRUST_v2_snapshot_2026-08-25|mouse|foxo3	TRRUST	TRRUST_v2_snapshot_2026-08-25	mouse	Foxo3	foxo3	TRRUST public regulon: Foxo3 (mouse)	candidate	public_source_membership	9	9	exclude	Candidate source grouping only; not an exhaustive or context-specific biological regulon and not part of the frozen mechanism bundle.
TRRUST|TRRUST_v2_snapshot_2026-08-25|mouse|foxo4	TRRUST	TRRUST_v2_snapshot_2026-08-25	mouse	Foxo4	foxo4	TRRUST public regulon: Foxo4 (mouse)	candidate	public_source_membership	7	7	exclude	Candidate source grouping only; not an exhaustive or context-specific biological regulon and not part of the frozen mechanism bundle.
TRRUST|TRRUST_v2_snapshot_2026-08-25|mouse|foxp1	TRRUST	TRRUST_v2_snapshot_2026-08-25	mouse	Foxp1	foxp1	TRRUST public regulon: Foxp1 (mouse)	candidate	public_source_membership	6	6	exclude	Candidate source grouping only; not an exhaustive or context-specific biological regulon and not part of the frozen mechanism bundle.
TRRUST|TRRUST_v2_snapshot_2026-08-25|mouse|foxp2	TRRUST	TRRUST_v2_snapshot_2026-08-25	mouse	Foxp2	foxp2	TRRUST public regulon: Foxp2 (mouse)	candidate	public_source_membership	4	4	exclude	Candidate source grouping only; not an exhaustive or context-specific biological regulon and not part of the frozen mechanism bundle.
TRRUST|TRRUST_v2_snapshot_2026-08-25|mouse|foxp3	TRRUST	TRRUST_v2_snapshot_2026-08-25	mouse	Foxp3	foxp3	TRRUST public regulon: Foxp3 (mouse)	candidate	public_source_membership	14	14	exclude	Candidate source grouping only; not an exhaustive or context-specific biological regulon and not part of the frozen mechanism bundle.
TRRUST|TRRUST_v2_snapshot_2026-08-25|mouse|foxq1	TRRUST	TRRUST_v2_snapshot_2026-08-25	mouse	Foxq1	foxq1	TRRUST public regulon: Foxq1 (mouse)	candidate	public_source_membership	2	2	exclude	Candidate source grouping only; not an exhaustive or context-specific biological regulon and not part of the frozen mechanism bundle.
TRRUST|TRRUST_v2_snapshot_2026-08-25|mouse|fus	TRRUST	TRRUST_v2_snapshot_2026-08-25	mouse	Fus	fus	TRRUST public regulon: Fus (mouse)	candidate	public_source_membership	2	2	exclude	Candidate source grouping only; not an exhaustive or context-specific biological regulon and not part of the frozen mechanism bundle.
TRRUST|TRRUST_v2_snapshot_2026-08-25|mouse|gabpa	TRRUST	TRRUST_v2_snapshot_2026-08-25	mouse	Gabpa	gabpa	TRRUST public regulon: Gabpa (mouse)	candidate	public_source_membership	7	7	exclude	Candidate source grouping only; not an exhaustive or context-specific biological regulon and not part of the frozen mechanism bundle.
TRRUST|TRRUST_v2_snapshot_2026-08-25|mouse|gabpb1	TRRUST	TRRUST_v2_snapshot_2026-08-25	mouse	Gabpb1	gabpb1	TRRUST public regulon: Gabpb1 (mouse)	candidate	public_source_membership	1	1	exclude	Candidate source grouping only; not an exhaustive or context-specific biological regulon and not part of the frozen mechanism bundle.
TRRUST|TRRUST_v2_snapshot_2026-08-25|mouse|gata1	TRRUST	TRRUST_v2_snapshot_2026-08-25	mouse	Gata1	gata1	TRRUST public regulon: Gata1 (mouse)	candidate	public_source_membership	20	20	exclude	Candidate source grouping only; not an exhaustive or context-specific biological regulon and not part of the frozen mechanism bundle.
TRRUST|TRRUST_v2_snapshot_2026-08-25|mouse|gata2	TRRUST	TRRUST_v2_snapshot_2026-08-25	mouse	Gata2	gata2	TRRUST public regulon: Gata2 (mouse)	candidate	public_source_membership	14	14	exclude	Candidate source grouping only; not an exhaustive or context-specific biological regulon and not part of the frozen mechanism bundle.
TRRUST|TRRUST_v2_snapshot_2026-08-25|mouse|gata3	TRRUST	TRRUST_v2_snapshot_2026-08-25	mouse	Gata3	gata3	TRRUST public regulon: Gata3 (mouse)	candidate	public_source_membership	19	19	exclude	Candidate source grouping only; not an exhaustive or context-specific biological regulon and not part of the frozen mechanism bundle.
TRRUST|TRRUST_v2_snapshot_2026-08-25|mouse|gata4	TRRUST	TRRUST_v2_snapshot_2026-08-25	mouse	Gata4	gata4	TRRUST public regulon: Gata4 (mouse)	candidate	public_source_membership	24	24	exclude	Candidate source grouping only; not an exhaustive or context-specific biological regulon and not part of the frozen mechanism bundle.
TRRUST|TRRUST_v2_snapshot_2026-08-25|mouse|gata6	TRRUST	TRRUST_v2_snapshot_2026-08-25	mouse	Gata6	gata6	TRRUST public regulon: Gata6 (mouse)	candidate	public_source_membership	15	15	exclude	Candidate source grouping only; not an exhaustive or context-specific biological regulon and not part of the frozen mechanism bundle.
TRRUST|TRRUST_v2_snapshot_2026-08-25|mouse|gbx2	TRRUST	TRRUST_v2_snapshot_2026-08-25	mouse	Gbx2	gbx2	TRRUST public regulon: Gbx2 (mouse)	candidate	public_source_membership	6	6	exclude	Candidate source grouping only; not an exhaustive or context-specific biological regulon and not part of the frozen mechanism bundle.
TRRUST|TRRUST_v2_snapshot_2026-08-25|mouse|gcfc2	TRRUST	TRRUST_v2_snapshot_2026-08-25	mouse	Gcfc2	gcfc2	TRRUST public regulon: Gcfc2 (mouse)	candidate	public_source_membership	1	1	exclude	Candidate source grouping only; not an exhaustive or context-specific biological regulon and not part of the frozen mechanism bundle.
TRRUST|TRRUST_v2_snapshot_2026-08-25|mouse|gcgr	TRRUST	TRRUST_v2_snapshot_2026-08-25	mouse	Gcgr	gcgr	TRRUST public regulon: Gcgr (mouse)	candidate	public_source_membership	2	2	exclude	Candidate source grouping only; not an exhaustive or context-specific biological regulon and not part of the frozen mechanism bundle.
TRRUST|TRRUST_v2_snapshot_2026-08-25|mouse|gcm2	TRRUST	TRRUST_v2_snapshot_2026-08-25	mouse	Gcm2	gcm2	TRRUST public regulon: Gcm2 (mouse)	candidate	public_source_membership	1	1	exclude	Candidate source grouping only; not an exhaustive or context-specific biological regulon and not part of the frozen mechanism bundle.
TRRUST|TRRUST_v2_snapshot_2026-08-25|mouse|gfi1	TRRUST	TRRUST_v2_snapshot_2026-08-25	mouse	Gfi1	gfi1	TRRUST public regulon: Gfi1 (mouse)	candidate	public_source_membership	10	10	exclude	Candidate source grouping only; not an exhaustive or context-specific biological regulon and not part of the frozen mechanism bundle.
TRRUST|TRRUST_v2_snapshot_2026-08-25|mouse|gfi1b	TRRUST	TRRUST_v2_snapshot_2026-08-25	mouse	Gfi1b	gfi1b	TRRUST public regulon: Gfi1b (mouse)	candidate	public_source_membership	9	9	exclude	Candidate source grouping only; not an exhaustive or context-specific biological regulon and not part of the frozen mechanism bundle.
TRRUST|TRRUST_v2_snapshot_2026-08-25|mouse|gli1	TRRUST	TRRUST_v2_snapshot_2026-08-25	mouse	Gli1	gli1	TRRUST public regulon: Gli1 (mouse)	candidate	public_source_membership	8	8	exclude	Candidate source grouping only; not an exhaustive or context-specific biological regulon and not part of the frozen mechanism bundle.
TRRUST|TRRUST_v2_snapshot_2026-08-25|mouse|gli2	TRRUST	TRRUST_v2_snapshot_2026-08-25	mouse	Gli2	gli2	TRRUST public regulon: Gli2 (mouse)	candidate	public_source_membership	17	17	exclude	Candidate source grouping only; not an exhaustive or context-specific biological regulon and not part of the frozen mechanism bundle.
TRRUST|TRRUST_v2_snapshot_2026-08-25|mouse|gli3	TRRUST	TRRUST_v2_snapshot_2026-08-25	mouse	Gli3	gli3	TRRUST public regulon: Gli3 (mouse)	candidate	public_source_membership	10	10	exclude	Candidate source grouping only; not an exhaustive or context-specific biological regulon and not part of the frozen mechanism bundle.
TRRUST|TRRUST_v2_snapshot_2026-08-25|mouse|glis2	TRRUST	TRRUST_v2_snapshot_2026-08-25	mouse	Glis2	glis2	TRRUST public regulon: Glis2 (mouse)	candidate	public_source_membership	1	1	exclude	Candidate source grouping only; not an exhaustive or context-specific biological regulon and not part of the frozen mechanism bundle.
TRRUST|TRRUST_v2_snapshot_2026-08-25|mouse|glis3	TRRUST	TRRUST_v2_snapshot_2026-08-25	mouse	Glis3	glis3	TRRUST public regulon: Glis3 (mouse)	candidate	public_source_membership	1	1	exclude	Candidate source grouping only; not an exhaustive or context-specific biological regulon and not part of the frozen mechanism bundle.
TRRUST|TRRUST_v2_snapshot_2026-08-25|mouse|gnrh1	TRRUST	TRRUST_v2_snapshot_2026-08-25	mouse	Gnrh1	gnrh1	TRRUST public regulon: Gnrh1 (mouse)	candidate	public_source_membership	1	1	exclude	Candidate source grouping only; not an exhaustive or context-specific biological regulon and not part of the frozen mechanism bundle.
TRRUST|TRRUST_v2_snapshot_2026-08-25|mouse|grin1	TRRUST	TRRUST_v2_snapshot_2026-08-25	mouse	Grin1	grin1	TRRUST public regulon: Grin1 (mouse)	candidate	public_source_membership	1	1	exclude	Candidate source grouping only; not an exhaustive or context-specific biological regulon and not part of the frozen mechanism bundle.
TRRUST|TRRUST_v2_snapshot_2026-08-25|mouse|gsc	TRRUST	TRRUST_v2_snapshot_2026-08-25	mouse	Gsc	gsc	TRRUST public regulon: Gsc (mouse)	candidate	public_source_membership	4	4	exclude	Candidate source grouping only; not an exhaustive or context-specific biological regulon and not part of the frozen mechanism bundle.
TRRUST|TRRUST_v2_snapshot_2026-08-25|mouse|gsx2	TRRUST	TRRUST_v2_snapshot_2026-08-25	mouse	Gsx2	gsx2	TRRUST public regulon: Gsx2 (mouse)	candidate	public_source_membership	1	1	exclude	Candidate source grouping only; not an exhaustive or context-specific biological regulon and not part of the frozen mechanism bundle.
TRRUST|TRRUST_v2_snapshot_2026-08-25|mouse|gtf2a1	TRRUST	TRRUST_v2_snapshot_2026-08-25	mouse	Gtf2a1	gtf2a1	TRRUST public regulon: Gtf2a1 (mouse)	candidate	public_source_membership	2	2	exclude	Candidate source grouping only; not an exhaustive or context-specific biological regulon and not part of the frozen mechanism bundle.
TRRUST|TRRUST_v2_snapshot_2026-08-25|mouse|gtf2a2	TRRUST	TRRUST_v2_snapshot_2026-08-25	mouse	Gtf2a2	gtf2a2	TRRUST public regulon: Gtf2a2 (mouse)	candidate	public_source_membership	1	1	exclude	Candidate source grouping only; not an exhaustive or context-specific biological regulon and not part of the frozen mechanism bundle.
TRRUST|TRRUST_v2_snapshot_2026-08-25|mouse|gtf2b	TRRUST	TRRUST_v2_snapshot_2026-08-25	mouse	Gtf2b	gtf2b	TRRUST public regulon: Gtf2b (mouse)	candidate	public_source_membership	1	1	exclude	Candidate source grouping only; not an exhaustive or context-specific biological regulon and not part of the frozen mechanism bundle.
TRRUST|TRRUST_v2_snapshot_2026-08-25|mouse|gtf2h1	TRRUST	TRRUST_v2_snapshot_2026-08-25	mouse	Gtf2h1	gtf2h1	TRRUST public regulon: Gtf2h1 (mouse)	candidate	public_source_membership	1	1	exclude	Candidate source grouping only; not an exhaustive or context-specific biological regulon and not part of the frozen mechanism bundle.
TRRUST|TRRUST_v2_snapshot_2026-08-25|mouse|gtf2i	TRRUST	TRRUST_v2_snapshot_2026-08-25	mouse	Gtf2i	gtf2i	TRRUST public regulon: Gtf2i (mouse)	candidate	public_source_membership	17	17	exclude	Candidate source grouping only; not an exhaustive or context-specific biological regulon and not part of the frozen mechanism bundle.
TRRUST|TRRUST_v2_snapshot_2026-08-25|mouse|gtf2ird1	TRRUST	TRRUST_v2_snapshot_2026-08-25	mouse	Gtf2ird1	gtf2ird1	TRRUST public regulon: Gtf2ird1 (mouse)	candidate	public_source_membership	6	6	exclude	Candidate source grouping only; not an exhaustive or context-specific biological regulon and not part of the frozen mechanism bundle.
TRRUST|TRRUST_v2_snapshot_2026-08-25|mouse|gzf1	TRRUST	TRRUST_v2_snapshot_2026-08-25	mouse	Gzf1	gzf1	TRRUST public regulon: Gzf1 (mouse)	candidate	public_source_membership	1	1	exclude	Candidate source grouping only; not an exhaustive or context-specific biological regulon and not part of the frozen mechanism bundle.
TRRUST|TRRUST_v2_snapshot_2026-08-25|mouse|hand2	TRRUST	TRRUST_v2_snapshot_2026-08-25	mouse	Hand2	hand2	TRRUST public regulon: Hand2 (mouse)	candidate	public_source_membership	6	6	exclude	Candidate source grouping only; not an exhaustive or context-specific biological regulon and not part of the frozen mechanism bundle.
TRRUST|TRRUST_v2_snapshot_2026-08-25|mouse|havcr2	TRRUST	TRRUST_v2_snapshot_2026-08-25	mouse	Havcr2	havcr2	TRRUST public regulon: Havcr2 (mouse)	candidate	public_source_membership	1	1	exclude	Candidate source grouping only; not an exhaustive or context-specific biological regulon and not part of the frozen mechanism bundle.
TRRUST|TRRUST_v2_snapshot_2026-08-25|mouse|hbp1	TRRUST	TRRUST_v2_snapshot_2026-08-25	mouse	Hbp1	hbp1	TRRUST public regulon: Hbp1 (mouse)	candidate	public_source_membership	2	2	exclude	Candidate source grouping only; not an exhaustive or context-specific biological regulon and not part of the frozen mechanism bundle.
TRRUST|TRRUST_v2_snapshot_2026-08-25|mouse|hcfc1	TRRUST	TRRUST_v2_snapshot_2026-08-25	mouse	Hcfc1	hcfc1	TRRUST public regulon: Hcfc1 (mouse)	candidate	public_source_membership	1	1	exclude	Candidate source grouping only; not an exhaustive or context-specific biological regulon and not part of the frozen mechanism bundle.
TRRUST|TRRUST_v2_snapshot_2026-08-25|mouse|hcls1	TRRUST	TRRUST_v2_snapshot_2026-08-25	mouse	Hcls1	hcls1	TRRUST public regulon: Hcls1 (mouse)	candidate	public_source_membership	2	2	exclude	Candidate source grouping only; not an exhaustive or context-specific biological regulon and not part of the frozen mechanism bundle.
TRRUST|TRRUST_v2_snapshot_2026-08-25|mouse|hdac1	TRRUST	TRRUST_v2_snapshot_2026-08-25	mouse	Hdac1	hdac1	TRRUST public regulon: Hdac1 (mouse)	candidate	public_source_membership	28	28	exclude	Candidate source grouping only; not an exhaustive or context-specific biological regulon and not part of the frozen mechanism bundle.
TRRUST|TRRUST_v2_snapshot_2026-08-25|mouse|hdac11	TRRUST	TRRUST_v2_snapshot_2026-08-25	mouse	Hdac11	hdac11	TRRUST public regulon: Hdac11 (mouse)	candidate	public_source_membership	1	1	exclude	Candidate source grouping only; not an exhaustive or context-specific biological regulon and not part of the frozen mechanism bundle.
TRRUST|TRRUST_v2_snapshot_2026-08-25|mouse|hdac2	TRRUST	TRRUST_v2_snapshot_2026-08-25	mouse	Hdac2	hdac2	TRRUST public regulon: Hdac2 (mouse)	candidate	public_source_membership	10	10	exclude	Candidate source grouping only; not an exhaustive or context-specific biological regulon and not part of the frozen mechanism bundle.
TRRUST|TRRUST_v2_snapshot_2026-08-25|mouse|hdac3	TRRUST	TRRUST_v2_snapshot_2026-08-25	mouse	Hdac3	hdac3	TRRUST public regulon: Hdac3 (mouse)	candidate	public_source_membership	7	7	exclude	Candidate source grouping only; not an exhaustive or context-specific biological regulon and not part of the frozen mechanism bundle.
TRRUST|TRRUST_v2_snapshot_2026-08-25|mouse|hdac4	TRRUST	TRRUST_v2_snapshot_2026-08-25	mouse	Hdac4	hdac4	TRRUST public regulon: Hdac4 (mouse)	candidate	public_source_membership	1	1	exclude	Candidate source grouping only; not an exhaustive or context-specific biological regulon and not part of the frozen mechanism bundle.
TRRUST|TRRUST_v2_snapshot_2026-08-25|mouse|hdgf	TRRUST	TRRUST_v2_snapshot_2026-08-25	mouse	Hdgf	hdgf	TRRUST public regulon: Hdgf (mouse)	candidate	public_source_membership	2	2	exclude	Candidate source grouping only; not an exhaustive or context-specific biological regulon and not part of the frozen mechanism bundle.
TRRUST|TRRUST_v2_snapshot_2026-08-25|mouse|hes1	TRRUST	TRRUST_v2_snapshot_2026-08-25	mouse	Hes1	hes1	TRRUST public regulon: Hes1 (mouse)	candidate	public_source_membership	7	7	exclude	Candidate source grouping only; not an exhaustive or context-specific biological regulon and not part of the frozen mechanism bundle.
TRRUST|TRRUST_v2_snapshot_2026-08-25|mouse|hes6	TRRUST	TRRUST_v2_snapshot_2026-08-25	mouse	Hes6	hes6	TRRUST public regulon: Hes6 (mouse)	candidate	public_source_membership	2	2	exclude	Candidate source grouping only; not an exhaustive or context-specific biological regulon and not part of the frozen mechanism bundle.
TRRUST|TRRUST_v2_snapshot_2026-08-25|mouse|hes7	TRRUST	TRRUST_v2_snapshot_2026-08-25	mouse	Hes7	hes7	TRRUST public regulon: Hes7 (mouse)	candidate	public_source_membership	2	2	exclude	Candidate source grouping only; not an exhaustive or context-specific biological regulon and not part of the frozen mechanism bundle.
TRRUST|TRRUST_v2_snapshot_2026-08-25|mouse|hesx1	TRRUST	TRRUST_v2_snapshot_2026-08-25	mouse	Hesx1	hesx1	TRRUST public regulon: Hesx1 (mouse)	candidate	public_source_membership	6	6	exclude	Candidate source grouping only; not an exhaustive or context-specific biological regulon and not part of the frozen mechanism bundle.
TRRUST|TRRUST_v2_snapshot_2026-08-25|mouse|hexim1	TRRUST	TRRUST_v2_snapshot_2026-08-25	mouse	Hexim1	hexim1	TRRUST public regulon: Hexim1 (mouse)	candidate	public_source_membership	3	3	exclude	Candidate source grouping only; not an exhaustive or context-specific biological regulon and not part of the frozen mechanism bundle.
TRRUST|TRRUST_v2_snapshot_2026-08-25|mouse|hey1	TRRUST	TRRUST_v2_snapshot_2026-08-25	mouse	Hey1	hey1	TRRUST public regulon: Hey1 (mouse)	candidate	public_source_membership	6	6	exclude	Candidate source grouping only; not an exhaustive or context-specific biological regulon and not part of the frozen mechanism bundle.
TRRUST|TRRUST_v2_snapshot_2026-08-25|mouse|hey2	TRRUST	TRRUST_v2_snapshot_2026-08-25	mouse	Hey2	hey2	TRRUST public regulon: Hey2 (mouse)	candidate	public_source_membership	5	5	exclude	Candidate source grouping only; not an exhaustive or context-specific biological regulon and not part of the frozen mechanism bundle.
TRRUST|TRRUST_v2_snapshot_2026-08-25|mouse|heyl	TRRUST	TRRUST_v2_snapshot_2026-08-25	mouse	Heyl	heyl	TRRUST public regulon: Heyl (mouse)	candidate	public_source_membership	1	1	exclude	Candidate source grouping only; not an exhaustive or context-specific biological regulon and not part of the frozen mechanism bundle.
TRRUST|TRRUST_v2_snapshot_2026-08-25|mouse|hgf	TRRUST	TRRUST_v2_snapshot_2026-08-25	mouse	Hgf	hgf	TRRUST public regulon: Hgf (mouse)	candidate	public_source_membership	1	1	exclude	Candidate source grouping only; not an exhaustive or context-specific biological regulon and not part of the frozen mechanism bundle.
TRRUST|TRRUST_v2_snapshot_2026-08-25|mouse|hhex	TRRUST	TRRUST_v2_snapshot_2026-08-25	mouse	Hhex	hhex	TRRUST public regulon: Hhex (mouse)	candidate	public_source_membership	1	1	exclude	Candidate source grouping only; not an exhaustive or context-specific biological regulon and not part of the frozen mechanism bundle.
TRRUST|TRRUST_v2_snapshot_2026-08-25|mouse|hic1	TRRUST	TRRUST_v2_snapshot_2026-08-25	mouse	Hic1	hic1	TRRUST public regulon: Hic1 (mouse)	candidate	public_source_membership	2	2	exclude	Candidate source grouping only; not an exhaustive or context-specific biological regulon and not part of the frozen mechanism bundle.
TRRUST|TRRUST_v2_snapshot_2026-08-25|mouse|hif1a	TRRUST	TRRUST_v2_snapshot_2026-08-25	mouse	Hif1a	hif1a	TRRUST public regulon: Hif1a (mouse)	candidate	public_source_membership	24	24	exclude	Candidate source grouping only; not an exhaustive or context-specific biological regulon and not part of the frozen mechanism bundle.
TRRUST|TRRUST_v2_snapshot_2026-08-25|mouse|hivep2	TRRUST	TRRUST_v2_snapshot_2026-08-25	mouse	Hivep2	hivep2	TRRUST public regulon: Hivep2 (mouse)	candidate	public_source_membership	2	2	exclude	Candidate source grouping only; not an exhaustive or context-specific biological regulon and not part of the frozen mechanism bundle.
TRRUST|TRRUST_v2_snapshot_2026-08-25|mouse|hlf	TRRUST	TRRUST_v2_snapshot_2026-08-25	mouse	Hlf	hlf	TRRUST public regulon: Hlf (mouse)	candidate	public_source_membership	2	2	exclude	Candidate source grouping only; not an exhaustive or context-specific biological regulon and not part of the frozen mechanism bundle.
TRRUST|TRRUST_v2_snapshot_2026-08-25|mouse|hltf	TRRUST	TRRUST_v2_snapshot_2026-08-25	mouse	Hltf	hltf	TRRUST public regulon: Hltf (mouse)	candidate	public_source_membership	1	1	exclude	Candidate source grouping only; not an exhaustive or context-specific biological regulon and not part of the frozen mechanism bundle.
TRRUST|TRRUST_v2_snapshot_2026-08-25|mouse|hlx	TRRUST	TRRUST_v2_snapshot_2026-08-25	mouse	Hlx	hlx	TRRUST public regulon: Hlx (mouse)	candidate	public_source_membership	2	2	exclude	Candidate source grouping only; not an exhaustive or context-specific biological regulon and not part of the frozen mechanism bundle.
TRRUST|TRRUST_v2_snapshot_2026-08-25|mouse|hmga1	TRRUST	TRRUST_v2_snapshot_2026-08-25	mouse	Hmga1	hmga1	TRRUST public regulon: Hmga1 (mouse)	candidate	public_source_membership	4	4	exclude	Candidate source grouping only; not an exhaustive or context-specific biological regulon and not part of the frozen mechanism bundle.
TRRUST|TRRUST_v2_snapshot_2026-08-25|mouse|hmga2	TRRUST	TRRUST_v2_snapshot_2026-08-25	mouse	Hmga2	hmga2	TRRUST public regulon: Hmga2 (mouse)	candidate	public_source_membership	8	8	exclude	Candidate source grouping only; not an exhaustive or context-specific biological regulon and not part of the frozen mechanism bundle.
TRRUST|TRRUST_v2_snapshot_2026-08-25|mouse|hmgb2	TRRUST	TRRUST_v2_snapshot_2026-08-25	mouse	Hmgb2	hmgb2	TRRUST public regulon: Hmgb2 (mouse)	candidate	public_source_membership	1	1	exclude	Candidate source grouping only; not an exhaustive or context-specific biological regulon and not part of the frozen mechanism bundle.
TRRUST|TRRUST_v2_snapshot_2026-08-25|mouse|hmgn3	TRRUST	TRRUST_v2_snapshot_2026-08-25	mouse	Hmgn3	hmgn3	TRRUST public regulon: Hmgn3 (mouse)	candidate	public_source_membership	1	1	exclude	Candidate source grouping only; not an exhaustive or context-specific biological regulon and not part of the frozen mechanism bundle.
TRRUST|TRRUST_v2_snapshot_2026-08-25|mouse|hnf1a	TRRUST	TRRUST_v2_snapshot_2026-08-25	mouse	Hnf1a	hnf1a	TRRUST public regulon: Hnf1a (mouse)	candidate	public_source_membership	30	30	exclude	Candidate source grouping only; not an exhaustive or context-specific biological regulon and not part of the frozen mechanism bundle.
TRRUST|TRRUST_v2_snapshot_2026-08-25|mouse|hnf1b	TRRUST	TRRUST_v2_snapshot_2026-08-25	mouse	Hnf1b	hnf1b	TRRUST public regulon: Hnf1b (mouse)	candidate	public_source_membership	7	7	exclude	Candidate source grouping only; not an exhaustive or context-specific biological regulon and not part of the frozen mechanism bundle.
TRRUST|TRRUST_v2_snapshot_2026-08-25|mouse|hnf4a	TRRUST	TRRUST_v2_snapshot_2026-08-25	mouse	Hnf4a	hnf4a	TRRUST public regulon: Hnf4a (mouse)	candidate	public_source_membership	41	41	exclude	Candidate source grouping only; not an exhaustive or context-specific biological regulon and not part of the frozen mechanism bundle.
TRRUST|TRRUST_v2_snapshot_2026-08-25|mouse|hnrnpd	TRRUST	TRRUST_v2_snapshot_2026-08-25	mouse	Hnrnpd	hnrnpd	TRRUST public regulon: Hnrnpd (mouse)	candidate	public_source_membership	2	2	exclude	Candidate source grouping only; not an exhaustive or context-specific biological regulon and not part of the frozen mechanism bundle.
TRRUST|TRRUST_v2_snapshot_2026-08-25|mouse|hnrnpk	TRRUST	TRRUST_v2_snapshot_2026-08-25	mouse	Hnrnpk	hnrnpk	TRRUST public regulon: Hnrnpk (mouse)	candidate	public_source_membership	1	1	exclude	Candidate source grouping only; not an exhaustive or context-specific biological regulon and not part of the frozen mechanism bundle.
TRRUST|TRRUST_v2_snapshot_2026-08-25|mouse|hoxa1	TRRUST	TRRUST_v2_snapshot_2026-08-25	mouse	Hoxa1	hoxa1	TRRUST public regulon: Hoxa1 (mouse)	candidate	public_source_membership	1	1	exclude	Candidate source grouping only; not an exhaustive or context-specific biological regulon and not part of the frozen mechanism bundle.
TRRUST|TRRUST_v2_snapshot_2026-08-25|mouse|hoxa10	TRRUST	TRRUST_v2_snapshot_2026-08-25	mouse	Hoxa10	hoxa10	TRRUST public regulon: Hoxa10 (mouse)	candidate	public_source_membership	8	8	exclude	Candidate source grouping only; not an exhaustive or context-specific biological regulon and not part of the frozen mechanism bundle.
TRRUST|TRRUST_v2_snapshot_2026-08-25|mouse|hoxa11	TRRUST	TRRUST_v2_snapshot_2026-08-25	mouse	Hoxa11	hoxa11	TRRUST public regulon: Hoxa11 (mouse)	candidate	public_source_membership	1	1	exclude	Candidate source grouping only; not an exhaustive or context-specific biological regulon and not part of the frozen mechanism bundle.
TRRUST|TRRUST_v2_snapshot_2026-08-25|mouse|hoxa2	TRRUST	TRRUST_v2_snapshot_2026-08-25	mouse	Hoxa2	hoxa2	TRRUST public regulon: Hoxa2 (mouse)	candidate	public_source_membership	4	4	exclude	Candidate source grouping only; not an exhaustive or context-specific biological regulon and not part of the frozen mechanism bundle.
TRRUST|TRRUST_v2_snapshot_2026-08-25|mouse|hoxa3	TRRUST	TRRUST_v2_snapshot_2026-08-25	mouse	Hoxa3	hoxa3	TRRUST public regulon: Hoxa3 (mouse)	candidate	public_source_membership	1	1	exclude	Candidate source grouping only; not an exhaustive or context-specific biological regulon and not part of the frozen mechanism bundle.
TRRUST|TRRUST_v2_snapshot_2026-08-25|mouse|hoxa4	TRRUST	TRRUST_v2_snapshot_2026-08-25	mouse	Hoxa4	hoxa4	TRRUST public regulon: Hoxa4 (mouse)	candidate	public_source_membership	1	1	exclude	Candidate source grouping only; not an exhaustive or context-specific biological regulon and not part of the frozen mechanism bundle.
TRRUST|TRRUST_v2_snapshot_2026-08-25|mouse|hoxa5	TRRUST	TRRUST_v2_snapshot_2026-08-25	mouse	Hoxa5	hoxa5	TRRUST public regulon: Hoxa5 (mouse)	candidate	public_source_membership	3	3	exclude	Candidate source grouping only; not an exhaustive or context-specific biological regulon and not part of the frozen mechanism bundle.
TRRUST|TRRUST_v2_snapshot_2026-08-25|mouse|hoxa9	TRRUST	TRRUST_v2_snapshot_2026-08-25	mouse	Hoxa9	hoxa9	TRRUST public regulon: Hoxa9 (mouse)	candidate	public_source_membership	6	6	exclude	Candidate source grouping only; not an exhaustive or context-specific biological regulon and not part of the frozen mechanism bundle.
TRRUST|TRRUST_v2_snapshot_2026-08-25|mouse|hoxb1	TRRUST	TRRUST_v2_snapshot_2026-08-25	mouse	Hoxb1	hoxb1	TRRUST public regulon: Hoxb1 (mouse)	candidate	public_source_membership	2	2	exclude	Candidate source grouping only; not an exhaustive or context-specific biological regulon and not part of the frozen mechanism bundle.
TRRUST|TRRUST_v2_snapshot_2026-08-25|mouse|hoxb2	TRRUST	TRRUST_v2_snapshot_2026-08-25	mouse	Hoxb2	hoxb2	TRRUST public regulon: Hoxb2 (mouse)	candidate	public_source_membership	2	2	exclude	Candidate source grouping only; not an exhaustive or context-specific biological regulon and not part of the frozen mechanism bundle.
TRRUST|TRRUST_v2_snapshot_2026-08-25|mouse|hoxb3	TRRUST	TRRUST_v2_snapshot_2026-08-25	mouse	Hoxb3	hoxb3	TRRUST public regulon: Hoxb3 (mouse)	candidate	public_source_membership	1	1	exclude	Candidate source grouping only; not an exhaustive or context-specific biological regulon and not part of the frozen mechanism bundle.
TRRUST|TRRUST_v2_snapshot_2026-08-25|mouse|hoxb4	TRRUST	TRRUST_v2_snapshot_2026-08-25	mouse	Hoxb4	hoxb4	TRRUST public regulon: Hoxb4 (mouse)	candidate	public_source_membership	4	4	exclude	Candidate source grouping only; not an exhaustive or context-specific biological regulon and not part of the frozen mechanism bundle.
TRRUST|TRRUST_v2_snapshot_2026-08-25|mouse|hoxb5	TRRUST	TRRUST_v2_snapshot_2026-08-25	mouse	Hoxb5	hoxb5	TRRUST public regulon: Hoxb5 (mouse)	candidate	public_source_membership	1	1	exclude	Candidate source grouping only; not an exhaustive or context-specific biological regulon and not part of the frozen mechanism bundle.
TRRUST|TRRUST_v2_snapshot_2026-08-25|mouse|hoxb8	TRRUST	TRRUST_v2_snapshot_2026-08-25	mouse	Hoxb8	hoxb8	TRRUST public regulon: Hoxb8 (mouse)	candidate	public_source_membership	3	3	exclude	Candidate source grouping only; not an exhaustive or context-specific biological regulon and not part of the frozen mechanism bundle.
TRRUST|TRRUST_v2_snapshot_2026-08-25|mouse|hoxc13	TRRUST	TRRUST_v2_snapshot_2026-08-25	mouse	Hoxc13	hoxc13	TRRUST public regulon: Hoxc13 (mouse)	candidate	public_source_membership	3	3	exclude	Candidate source grouping only; not an exhaustive or context-specific biological regulon and not part of the frozen mechanism bundle.
TRRUST|TRRUST_v2_snapshot_2026-08-25|mouse|hoxc6	TRRUST	TRRUST_v2_snapshot_2026-08-25	mouse	Hoxc6	hoxc6	TRRUST public regulon: Hoxc6 (mouse)	candidate	public_source_membership	1	1	exclude	Candidate source grouping only; not an exhaustive or context-specific biological regulon and not part of the frozen mechanism bundle.
TRRUST|TRRUST_v2_snapshot_2026-08-25|mouse|hoxc8	TRRUST	TRRUST_v2_snapshot_2026-08-25	mouse	Hoxc8	hoxc8	TRRUST public regulon: Hoxc8 (mouse)	candidate	public_source_membership	7	7	exclude	Candidate source grouping only; not an exhaustive or context-specific biological regulon and not part of the frozen mechanism bundle.
TRRUST|TRRUST_v2_snapshot_2026-08-25|mouse|hoxd13	TRRUST	TRRUST_v2_snapshot_2026-08-25	mouse	Hoxd13	hoxd13	TRRUST public regulon: Hoxd13 (mouse)	candidate	public_source_membership	2	2	exclude	Candidate source grouping only; not an exhaustive or context-specific biological regulon and not part of the frozen mechanism bundle.
TRRUST|TRRUST_v2_snapshot_2026-08-25|mouse|hr	TRRUST	TRRUST_v2_snapshot_2026-08-25	mouse	Hr	hr	TRRUST public regulon: Hr (mouse)	candidate	public_source_membership	1	1	exclude	Candidate source grouping only; not an exhaustive or context-specific biological regulon and not part of the frozen mechanism bundle.
TRRUST|TRRUST_v2_snapshot_2026-08-25|mouse|hsf1	TRRUST	TRRUST_v2_snapshot_2026-08-25	mouse	Hsf1	hsf1	TRRUST public regulon: Hsf1 (mouse)	candidate	public_source_membership	1	1	exclude	Candidate source grouping only; not an exhaustive or context-specific biological regulon and not part of the frozen mechanism bundle.
TRRUST|TRRUST_v2_snapshot_2026-08-25|mouse|hsf4	TRRUST	TRRUST_v2_snapshot_2026-08-25	mouse	Hsf4	hsf4	TRRUST public regulon: Hsf4 (mouse)	candidate	public_source_membership	1	1	exclude	Candidate source grouping only; not an exhaustive or context-specific biological regulon and not part of the frozen mechanism bundle.
TRRUST|TRRUST_v2_snapshot_2026-08-25|mouse|hspb1	TRRUST	TRRUST_v2_snapshot_2026-08-25	mouse	Hspb1	hspb1	TRRUST public regulon: Hspb1 (mouse)	candidate	public_source_membership	1	1	exclude	Candidate source grouping only; not an exhaustive or context-specific biological regulon and not part of the frozen mechanism bundle.
TRRUST|TRRUST_v2_snapshot_2026-08-25|mouse|htatip2	TRRUST	TRRUST_v2_snapshot_2026-08-25	mouse	Htatip2	htatip2	TRRUST public regulon: Htatip2 (mouse)	candidate	public_source_membership	3	3	exclude	Candidate source grouping only; not an exhaustive or context-specific biological regulon and not part of the frozen mechanism bundle.
TRRUST|TRRUST_v2_snapshot_2026-08-25|mouse|id1	TRRUST	TRRUST_v2_snapshot_2026-08-25	mouse	Id1	id1	TRRUST public regulon: Id1 (mouse)	candidate	public_source_membership	11	11	exclude	Candidate source grouping only; not an exhaustive or context-specific biological regulon and not part of the frozen mechanism bundle.
TRRUST|TRRUST_v2_snapshot_2026-08-25|mouse|id2	TRRUST	TRRUST_v2_snapshot_2026-08-25	mouse	Id2	id2	TRRUST public regulon: Id2 (mouse)	candidate	public_source_membership	11	11	exclude	Candidate source grouping only; not an exhaustive or context-specific biological regulon and not part of the frozen mechanism bundle.
TRRUST|TRRUST_v2_snapshot_2026-08-25|mouse|id3	TRRUST	TRRUST_v2_snapshot_2026-08-25	mouse	Id3	id3	TRRUST public regulon: Id3 (mouse)	candidate	public_source_membership	8	8	exclude	Candidate source grouping only; not an exhaustive or context-specific biological regulon and not part of the frozen mechanism bundle.
TRRUST|TRRUST_v2_snapshot_2026-08-25|mouse|id4	TRRUST	TRRUST_v2_snapshot_2026-08-25	mouse	Id4	id4	TRRUST public regulon: Id4 (mouse)	candidate	public_source_membership	2	2	exclude	Candidate source grouping only; not an exhaustive or context-specific biological regulon and not part of the frozen mechanism bundle.
TRRUST|TRRUST_v2_snapshot_2026-08-25|mouse|ifi204	TRRUST	TRRUST_v2_snapshot_2026-08-25	mouse	Ifi204	ifi204	TRRUST public regulon: Ifi204 (mouse)	candidate	public_source_membership	1	1	exclude	Candidate source grouping only; not an exhaustive or context-specific biological regulon and not part of the frozen mechanism bundle.
TRRUST|TRRUST_v2_snapshot_2026-08-25|mouse|ifih1	TRRUST	TRRUST_v2_snapshot_2026-08-25	mouse	Ifih1	ifih1	TRRUST public regulon: Ifih1 (mouse)	candidate	public_source_membership	1	1	exclude	Candidate source grouping only; not an exhaustive or context-specific biological regulon and not part of the frozen mechanism bundle.
TRRUST|TRRUST_v2_snapshot_2026-08-25|mouse|ikbkb	TRRUST	TRRUST_v2_snapshot_2026-08-25	mouse	Ikbkb	ikbkb	TRRUST public regulon: Ikbkb (mouse)	candidate	public_source_membership	13	13	exclude	Candidate source grouping only; not an exhaustive or context-specific biological regulon and not part of the frozen mechanism bundle.
TRRUST|TRRUST_v2_snapshot_2026-08-25|mouse|ikzf1	TRRUST	TRRUST_v2_snapshot_2026-08-25	mouse	Ikzf1	ikzf1	TRRUST public regulon: Ikzf1 (mouse)	candidate	public_source_membership	17	17	exclude	Candidate source grouping only; not an exhaustive or context-specific biological regulon and not part of the frozen mechanism bundle.
TRRUST|TRRUST_v2_snapshot_2026-08-25|mouse|ikzf2	TRRUST	TRRUST_v2_snapshot_2026-08-25	mouse	Ikzf2	ikzf2	TRRUST public regulon: Ikzf2 (mouse)	candidate	public_source_membership	2	2	exclude	Candidate source grouping only; not an exhaustive or context-specific biological regulon and not part of the frozen mechanism bundle.
TRRUST|TRRUST_v2_snapshot_2026-08-25|mouse|ikzf3	TRRUST	TRRUST_v2_snapshot_2026-08-25	mouse	Ikzf3	ikzf3	TRRUST public regulon: Ikzf3 (mouse)	candidate	public_source_membership	2	2	exclude	Candidate source grouping only; not an exhaustive or context-specific biological regulon and not part of the frozen mechanism bundle.
TRRUST|TRRUST_v2_snapshot_2026-08-25|mouse|il10	TRRUST	TRRUST_v2_snapshot_2026-08-25	mouse	Il10	il10	TRRUST public regulon: Il10 (mouse)	candidate	public_source_membership	1	1	exclude	Candidate source grouping only; not an exhaustive or context-specific biological regulon and not part of the frozen mechanism bundle.
TRRUST|TRRUST_v2_snapshot_2026-08-25|mouse|il17a	TRRUST	TRRUST_v2_snapshot_2026-08-25	mouse	Il17a	il17a	TRRUST public regulon: Il17a (mouse)	candidate	public_source_membership	2	2	exclude	Candidate source grouping only; not an exhaustive or context-specific biological regulon and not part of the frozen mechanism bundle.
TRRUST|TRRUST_v2_snapshot_2026-08-25|mouse|il4	TRRUST	TRRUST_v2_snapshot_2026-08-25	mouse	Il4	il4	TRRUST public regulon: Il4 (mouse)	candidate	public_source_membership	1	1	exclude	Candidate source grouping only; not an exhaustive or context-specific biological regulon and not part of the frozen mechanism bundle.
TRRUST|TRRUST_v2_snapshot_2026-08-25|mouse|ilf2	TRRUST	TRRUST_v2_snapshot_2026-08-25	mouse	Ilf2	ilf2	TRRUST public regulon: Ilf2 (mouse)	candidate	public_source_membership	1	1	exclude	Candidate source grouping only; not an exhaustive or context-specific biological regulon and not part of the frozen mechanism bundle.
TRRUST|TRRUST_v2_snapshot_2026-08-25|mouse|ilf3	TRRUST	TRRUST_v2_snapshot_2026-08-25	mouse	Ilf3	ilf3	TRRUST public regulon: Ilf3 (mouse)	candidate	public_source_membership	3	3	exclude	Candidate source grouping only; not an exhaustive or context-specific biological regulon and not part of the frozen mechanism bundle.
TRRUST|TRRUST_v2_snapshot_2026-08-25|mouse|ilk	TRRUST	TRRUST_v2_snapshot_2026-08-25	mouse	Ilk	ilk	TRRUST public regulon: Ilk (mouse)	candidate	public_source_membership	1	1	exclude	Candidate source grouping only; not an exhaustive or context-specific biological regulon and not part of the frozen mechanism bundle.
TRRUST|TRRUST_v2_snapshot_2026-08-25|mouse|ing1	TRRUST	TRRUST_v2_snapshot_2026-08-25	mouse	Ing1	ing1	TRRUST public regulon: Ing1 (mouse)	candidate	public_source_membership	1	1	exclude	Candidate source grouping only; not an exhaustive or context-specific biological regulon and not part of the frozen mechanism bundle.
TRRUST|TRRUST_v2_snapshot_2026-08-25|mouse|ing4	TRRUST	TRRUST_v2_snapshot_2026-08-25	mouse	Ing4	ing4	TRRUST public regulon: Ing4 (mouse)	candidate	public_source_membership	1	1	exclude	Candidate source grouping only; not an exhaustive or context-specific biological regulon and not part of the frozen mechanism bundle.
TRRUST|TRRUST_v2_snapshot_2026-08-25|mouse|insm1	TRRUST	TRRUST_v2_snapshot_2026-08-25	mouse	Insm1	insm1	TRRUST public regulon: Insm1 (mouse)	candidate	public_source_membership	4	4	exclude	Candidate source grouping only; not an exhaustive or context-specific biological regulon and not part of the frozen mechanism bundle.
TRRUST|TRRUST_v2_snapshot_2026-08-25|mouse|irf1	TRRUST	TRRUST_v2_snapshot_2026-08-25	mouse	Irf1	irf1	TRRUST public regulon: Irf1 (mouse)	candidate	public_source_membership	31	31	exclude	Candidate source grouping only; not an exhaustive or context-specific biological regulon and not part of the frozen mechanism bundle.
TRRUST|TRRUST_v2_snapshot_2026-08-25|mouse|irf2	TRRUST	TRRUST_v2_snapshot_2026-08-25	mouse	Irf2	irf2	TRRUST public regulon: Irf2 (mouse)	candidate	public_source_membership	3	3	exclude	Candidate source grouping only; not an exhaustive or context-specific biological regulon and not part of the frozen mechanism bundle.
TRRUST|TRRUST_v2_snapshot_2026-08-25|mouse|irf3	TRRUST	TRRUST_v2_snapshot_2026-08-25	mouse	Irf3	irf3	TRRUST public regulon: Irf3 (mouse)	candidate	public_source_membership	16	16	exclude	Candidate source grouping only; not an exhaustive or context-specific biological regulon and not part of the frozen mechanism bundle.
TRRUST|TRRUST_v2_snapshot_2026-08-25|mouse|irf4	TRRUST	TRRUST_v2_snapshot_2026-08-25	mouse	Irf4	irf4	TRRUST public regulon: Irf4 (mouse)	candidate	public_source_membership	12	12	exclude	Candidate source grouping only; not an exhaustive or context-specific biological regulon and not part of the frozen mechanism bundle.
TRRUST|TRRUST_v2_snapshot_2026-08-25|mouse|irf5	TRRUST	TRRUST_v2_snapshot_2026-08-25	mouse	Irf5	irf5	TRRUST public regulon: Irf5 (mouse)	candidate	public_source_membership	2	2	exclude	Candidate source grouping only; not an exhaustive or context-specific biological regulon and not part of the frozen mechanism bundle.
TRRUST|TRRUST_v2_snapshot_2026-08-25|mouse|irf6	TRRUST	TRRUST_v2_snapshot_2026-08-25	mouse	Irf6	irf6	TRRUST public regulon: Irf6 (mouse)	candidate	public_source_membership	1	1	exclude	Candidate source grouping only; not an exhaustive or context-specific biological regulon and not part of the frozen mechanism bundle.
TRRUST|TRRUST_v2_snapshot_2026-08-25|mouse|irf7	TRRUST	TRRUST_v2_snapshot_2026-08-25	mouse	Irf7	irf7	TRRUST public regulon: Irf7 (mouse)	candidate	public_source_membership	7	7	exclude	Candidate source grouping only; not an exhaustive or context-specific biological regulon and not part of the frozen mechanism bundle.
TRRUST|TRRUST_v2_snapshot_2026-08-25|mouse|irf8	TRRUST	TRRUST_v2_snapshot_2026-08-25	mouse	Irf8	irf8	TRRUST public regulon: Irf8 (mouse)	candidate	public_source_membership	25	25	exclude	Candidate source grouping only; not an exhaustive or context-specific biological regulon and not part of the frozen mechanism bundle.
TRRUST|TRRUST_v2_snapshot_2026-08-25|mouse|irf9	TRRUST	TRRUST_v2_snapshot_2026-08-25	mouse	Irf9	irf9	TRRUST public regulon: Irf9 (mouse)	candidate	public_source_membership	4	4	exclude	Candidate source grouping only; not an exhaustive or context-specific biological regulon and not part of the frozen mechanism bundle.
TRRUST|TRRUST_v2_snapshot_2026-08-25|mouse|irx3	TRRUST	TRRUST_v2_snapshot_2026-08-25	mouse	Irx3	irx3	TRRUST public regulon: Irx3 (mouse)	candidate	public_source_membership	1	1	exclude	Candidate source grouping only; not an exhaustive or context-specific biological regulon and not part of the frozen mechanism bundle.
TRRUST|TRRUST_v2_snapshot_2026-08-25|mouse|irx5	TRRUST	TRRUST_v2_snapshot_2026-08-25	mouse	Irx5	irx5	TRRUST public regulon: Irx5 (mouse)	candidate	public_source_membership	1	1	exclude	Candidate source grouping only; not an exhaustive or context-specific biological regulon and not part of the frozen mechanism bundle.
TRRUST|TRRUST_v2_snapshot_2026-08-25|mouse|isl1	TRRUST	TRRUST_v2_snapshot_2026-08-25	mouse	Isl1	isl1	TRRUST public regulon: Isl1 (mouse)	candidate	public_source_membership	8	8	exclude	Candidate source grouping only; not an exhaustive or context-specific biological regulon and not part of the frozen mechanism bundle.
TRRUST|TRRUST_v2_snapshot_2026-08-25|mouse|jarid2	TRRUST	TRRUST_v2_snapshot_2026-08-25	mouse	Jarid2	jarid2	TRRUST public regulon: Jarid2 (mouse)	candidate	public_source_membership	2	2	exclude	Candidate source grouping only; not an exhaustive or context-specific biological regulon and not part of the frozen mechanism bundle.
TRRUST|TRRUST_v2_snapshot_2026-08-25|mouse|jazf1	TRRUST	TRRUST_v2_snapshot_2026-08-25	mouse	Jazf1	jazf1	TRRUST public regulon: Jazf1 (mouse)	candidate	public_source_membership	2	2	exclude	Candidate source grouping only; not an exhaustive or context-specific biological regulon and not part of the frozen mechanism bundle.
TRRUST|TRRUST_v2_snapshot_2026-08-25|mouse|jdp2	TRRUST	TRRUST_v2_snapshot_2026-08-25	mouse	Jdp2	jdp2	TRRUST public regulon: Jdp2 (mouse)	candidate	public_source_membership	4	4	exclude	Candidate source grouping only; not an exhaustive or context-specific biological regulon and not part of the frozen mechanism bundle.
TRRUST|TRRUST_v2_snapshot_2026-08-25|mouse|jmjd1c	TRRUST	TRRUST_v2_snapshot_2026-08-25	mouse	Jmjd1c	jmjd1c	TRRUST public regulon: Jmjd1c (mouse)	candidate	public_source_membership	1	1	exclude	Candidate source grouping only; not an exhaustive or context-specific biological regulon and not part of the frozen mechanism bundle.
TRRUST|TRRUST_v2_snapshot_2026-08-25|mouse|jun	TRRUST	TRRUST_v2_snapshot_2026-08-25	mouse	Jun	jun	TRRUST public regulon: Jun (mouse)	candidate	public_source_membership	153	153	exclude	Candidate source grouping only; not an exhaustive or context-specific biological regulon and not part of the frozen mechanism bundle.
TRRUST|TRRUST_v2_snapshot_2026-08-25|mouse|junb	TRRUST	TRRUST_v2_snapshot_2026-08-25	mouse	Junb	junb	TRRUST public regulon: Junb (mouse)	candidate	public_source_membership	9	9	exclude	Candidate source grouping only; not an exhaustive or context-specific biological regulon and not part of the frozen mechanism bundle.
TRRUST|TRRUST_v2_snapshot_2026-08-25|mouse|jund	TRRUST	TRRUST_v2_snapshot_2026-08-25	mouse	Jund	jund	TRRUST public regulon: Jund (mouse)	candidate	public_source_membership	7	7	exclude	Candidate source grouping only; not an exhaustive or context-specific biological regulon and not part of the frozen mechanism bundle.
TRRUST|TRRUST_v2_snapshot_2026-08-25|mouse|kat2b	TRRUST	TRRUST_v2_snapshot_2026-08-25	mouse	Kat2b	kat2b	TRRUST public regulon: Kat2b (mouse)	candidate	public_source_membership	5	5	exclude	Candidate source grouping only; not an exhaustive or context-specific biological regulon and not part of the frozen mechanism bundle.
TRRUST|TRRUST_v2_snapshot_2026-08-25|mouse|kat5	TRRUST	TRRUST_v2_snapshot_2026-08-25	mouse	Kat5	kat5	TRRUST public regulon: Kat5 (mouse)	candidate	public_source_membership	6	6	exclude	Candidate source grouping only; not an exhaustive or context-specific biological regulon and not part of the frozen mechanism bundle.
TRRUST|TRRUST_v2_snapshot_2026-08-25|mouse|kcnip3	TRRUST	TRRUST_v2_snapshot_2026-08-25	mouse	Kcnip3	kcnip3	TRRUST public regulon: Kcnip3 (mouse)	candidate	public_source_membership	8	8	exclude	Candidate source grouping only; not an exhaustive or context-specific biological regulon and not part of the frozen mechanism bundle.
TRRUST|TRRUST_v2_snapshot_2026-08-25|mouse|kdm6b	TRRUST	TRRUST_v2_snapshot_2026-08-25	mouse	Kdm6b	kdm6b	TRRUST public regulon: Kdm6b (mouse)	candidate	public_source_membership	1	1	exclude	Candidate source grouping only; not an exhaustive or context-specific biological regulon and not part of the frozen mechanism bundle.
TRRUST|TRRUST_v2_snapshot_2026-08-25|mouse|keap1	TRRUST	TRRUST_v2_snapshot_2026-08-25	mouse	Keap1	keap1	TRRUST public regulon: Keap1 (mouse)	candidate	public_source_membership	1	1	exclude	Candidate source grouping only; not an exhaustive or context-specific biological regulon and not part of the frozen mechanism bundle.
TRRUST|TRRUST_v2_snapshot_2026-08-25|mouse|khdrbs1	TRRUST	TRRUST_v2_snapshot_2026-08-25	mouse	Khdrbs1	khdrbs1	TRRUST public regulon: Khdrbs1 (mouse)	candidate	public_source_membership	1	1	exclude	Candidate source grouping only; not an exhaustive or context-specific biological regulon and not part of the frozen mechanism bundle.
TRRUST|TRRUST_v2_snapshot_2026-08-25|mouse|klf1	TRRUST	TRRUST_v2_snapshot_2026-08-25	mouse	Klf1	klf1	TRRUST public regulon: Klf1 (mouse)	candidate	public_source_membership	5	5	exclude	Candidate source grouping only; not an exhaustive or context-specific biological regulon and not part of the frozen mechanism bundle.
TRRUST|TRRUST_v2_snapshot_2026-08-25|mouse|klf10	TRRUST	TRRUST_v2_snapshot_2026-08-25	mouse	Klf10	klf10	TRRUST public regulon: Klf10 (mouse)	candidate	public_source_membership	4	4	exclude	Candidate source grouping only; not an exhaustive or context-specific biological regulon and not part of the frozen mechanism bundle.
TRRUST|TRRUST_v2_snapshot_2026-08-25|mouse|klf11	TRRUST	TRRUST_v2_snapshot_2026-08-25	mouse	Klf11	klf11	TRRUST public regulon: Klf11 (mouse)	candidate	public_source_membership	1	1	exclude	Candidate source grouping only; not an exhaustive or context-specific biological regulon and not part of the frozen mechanism bundle.
TRRUST|TRRUST_v2_snapshot_2026-08-25|mouse|klf12	TRRUST	TRRUST_v2_snapshot_2026-08-25	mouse	Klf12	klf12	TRRUST public regulon: Klf12 (mouse)	candidate	public_source_membership	1	1	exclude	Candidate source grouping only; not an exhaustive or context-specific biological regulon and not part of the frozen mechanism bundle.
TRRUST|TRRUST_v2_snapshot_2026-08-25|mouse|klf13	TRRUST	TRRUST_v2_snapshot_2026-08-25	mouse	Klf13	klf13	TRRUST public regulon: Klf13 (mouse)	candidate	public_source_membership	1	1	exclude	Candidate source grouping only; not an exhaustive or context-specific biological regulon and not part of the frozen mechanism bundle.
TRRUST|TRRUST_v2_snapshot_2026-08-25|mouse|klf15	TRRUST	TRRUST_v2_snapshot_2026-08-25	mouse	Klf15	klf15	TRRUST public regulon: Klf15 (mouse)	candidate	public_source_membership	5	5	exclude	Candidate source grouping only; not an exhaustive or context-specific biological regulon and not part of the frozen mechanism bundle.
TRRUST|TRRUST_v2_snapshot_2026-08-25|mouse|klf16	TRRUST	TRRUST_v2_snapshot_2026-08-25	mouse	Klf16	klf16	TRRUST public regulon: Klf16 (mouse)	candidate	public_source_membership	3	3	exclude	Candidate source grouping only; not an exhaustive or context-specific biological regulon and not part of the frozen mechanism bundle.
TRRUST|TRRUST_v2_snapshot_2026-08-25|mouse|klf2	TRRUST	TRRUST_v2_snapshot_2026-08-25	mouse	Klf2	klf2	TRRUST public regulon: Klf2 (mouse)	candidate	public_source_membership	4	4	exclude	Candidate source grouping only; not an exhaustive or context-specific biological regulon and not part of the frozen mechanism bundle.
TRRUST|TRRUST_v2_snapshot_2026-08-25|mouse|klf3	TRRUST	TRRUST_v2_snapshot_2026-08-25	mouse	Klf3	klf3	TRRUST public regulon: Klf3 (mouse)	candidate	public_source_membership	6	6	exclude	Candidate source grouping only; not an exhaustive or context-specific biological regulon and not part of the frozen mechanism bundle.
TRRUST|TRRUST_v2_snapshot_2026-08-25|mouse|klf4	TRRUST	TRRUST_v2_snapshot_2026-08-25	mouse	Klf4	klf4	TRRUST public regulon: Klf4 (mouse)	candidate	public_source_membership	21	21	exclude	Candidate source grouping only; not an exhaustive or context-specific biological regulon and not part of the frozen mechanism bundle.
TRRUST|TRRUST_v2_snapshot_2026-08-25|mouse|klf5	TRRUST	TRRUST_v2_snapshot_2026-08-25	mouse	Klf5	klf5	TRRUST public regulon: Klf5 (mouse)	candidate	public_source_membership	11	11	exclude	Candidate source grouping only; not an exhaustive or context-specific biological regulon and not part of the frozen mechanism bundle.
TRRUST|TRRUST_v2_snapshot_2026-08-25|mouse|klf6	TRRUST	TRRUST_v2_snapshot_2026-08-25	mouse	Klf6	klf6	TRRUST public regulon: Klf6 (mouse)	candidate	public_source_membership	4	4	exclude	Candidate source grouping only; not an exhaustive or context-specific biological regulon and not part of the frozen mechanism bundle.
TRRUST|TRRUST_v2_snapshot_2026-08-25|mouse|klf7	TRRUST	TRRUST_v2_snapshot_2026-08-25	mouse	Klf7	klf7	TRRUST public regulon: Klf7 (mouse)	candidate	public_source_membership	2	2	exclude	Candidate source grouping only; not an exhaustive or context-specific biological regulon and not part of the frozen mechanism bundle.
TRRUST|TRRUST_v2_snapshot_2026-08-25|mouse|klf8	TRRUST	TRRUST_v2_snapshot_2026-08-25	mouse	Klf8	klf8	TRRUST public regulon: Klf8 (mouse)	candidate	public_source_membership	1	1	exclude	Candidate source grouping only; not an exhaustive or context-specific biological regulon and not part of the frozen mechanism bundle.
TRRUST|TRRUST_v2_snapshot_2026-08-25|mouse|klf9	TRRUST	TRRUST_v2_snapshot_2026-08-25	mouse	Klf9	klf9	TRRUST public regulon: Klf9 (mouse)	candidate	public_source_membership	1	1	exclude	Candidate source grouping only; not an exhaustive or context-specific biological regulon and not part of the frozen mechanism bundle.
TRRUST|TRRUST_v2_snapshot_2026-08-25|mouse|kpna2	TRRUST	TRRUST_v2_snapshot_2026-08-25	mouse	Kpna2	kpna2	TRRUST public regulon: Kpna2 (mouse)	candidate	public_source_membership	2	2	exclude	Candidate source grouping only; not an exhaustive or context-specific biological regulon and not part of the frozen mechanism bundle.
TRRUST|TRRUST_v2_snapshot_2026-08-25|mouse|lbx1	TRRUST	TRRUST_v2_snapshot_2026-08-25	mouse	Lbx1	lbx1	TRRUST public regulon: Lbx1 (mouse)	candidate	public_source_membership	3	3	exclude	Candidate source grouping only; not an exhaustive or context-specific biological regulon and not part of the frozen mechanism bundle.
TRRUST|TRRUST_v2_snapshot_2026-08-25|mouse|ldb1	TRRUST	TRRUST_v2_snapshot_2026-08-25	mouse	Ldb1	ldb1	TRRUST public regulon: Ldb1 (mouse)	candidate	public_source_membership	11	11	exclude	Candidate source grouping only; not an exhaustive or context-specific biological regulon and not part of the frozen mechanism bundle.
TRRUST|TRRUST_v2_snapshot_2026-08-25|mouse|ldb2	TRRUST	TRRUST_v2_snapshot_2026-08-25	mouse	Ldb2	ldb2	TRRUST public regulon: Ldb2 (mouse)	candidate	public_source_membership	1	1	exclude	Candidate source grouping only; not an exhaustive or context-specific biological regulon and not part of the frozen mechanism bundle.
TRRUST|TRRUST_v2_snapshot_2026-08-25|mouse|lef1	TRRUST	TRRUST_v2_snapshot_2026-08-25	mouse	Lef1	lef1	TRRUST public regulon: Lef1 (mouse)	candidate	public_source_membership	32	32	exclude	Candidate source grouping only; not an exhaustive or context-specific biological regulon and not part of the frozen mechanism bundle.
TRRUST|TRRUST_v2_snapshot_2026-08-25|mouse|lhx2	TRRUST	TRRUST_v2_snapshot_2026-08-25	mouse	Lhx2	lhx2	TRRUST public regulon: Lhx2 (mouse)	candidate	public_source_membership	7	7	exclude	Candidate source grouping only; not an exhaustive or context-specific biological regulon and not part of the frozen mechanism bundle.
TRRUST|TRRUST_v2_snapshot_2026-08-25|mouse|lhx3	TRRUST	TRRUST_v2_snapshot_2026-08-25	mouse	Lhx3	lhx3	TRRUST public regulon: Lhx3 (mouse)	candidate	public_source_membership	2	2	exclude	Candidate source grouping only; not an exhaustive or context-specific biological regulon and not part of the frozen mechanism bundle.
TRRUST|TRRUST_v2_snapshot_2026-08-25|mouse|lhx9	TRRUST	TRRUST_v2_snapshot_2026-08-25	mouse	Lhx9	lhx9	TRRUST public regulon: Lhx9 (mouse)	candidate	public_source_membership	1	1	exclude	Candidate source grouping only; not an exhaustive or context-specific biological regulon and not part of the frozen mechanism bundle.
TRRUST|TRRUST_v2_snapshot_2026-08-25|mouse|lmo2	TRRUST	TRRUST_v2_snapshot_2026-08-25	mouse	Lmo2	lmo2	TRRUST public regulon: Lmo2 (mouse)	candidate	public_source_membership	4	4	exclude	Candidate source grouping only; not an exhaustive or context-specific biological regulon and not part of the frozen mechanism bundle.
TRRUST|TRRUST_v2_snapshot_2026-08-25|mouse|lmo4	TRRUST	TRRUST_v2_snapshot_2026-08-25	mouse	Lmo4	lmo4	TRRUST public regulon: Lmo4 (mouse)	candidate	public_source_membership	2	2	exclude	Candidate source grouping only; not an exhaustive or context-specific biological regulon and not part of the frozen mechanism bundle.
TRRUST|TRRUST_v2_snapshot_2026-08-25|mouse|lmo7	TRRUST	TRRUST_v2_snapshot_2026-08-25	mouse	Lmo7	lmo7	TRRUST public regulon: Lmo7 (mouse)	candidate	public_source_membership	3	3	exclude	Candidate source grouping only; not an exhaustive or context-specific biological regulon and not part of the frozen mechanism bundle.
TRRUST|TRRUST_v2_snapshot_2026-08-25|mouse|lmx1b	TRRUST	TRRUST_v2_snapshot_2026-08-25	mouse	Lmx1b	lmx1b	TRRUST public regulon: Lmx1b (mouse)	candidate	public_source_membership	7	7	exclude	Candidate source grouping only; not an exhaustive or context-specific biological regulon and not part of the frozen mechanism bundle.
TRRUST|TRRUST_v2_snapshot_2026-08-25|mouse|lyl1	TRRUST	TRRUST_v2_snapshot_2026-08-25	mouse	Lyl1	lyl1	TRRUST public regulon: Lyl1 (mouse)	candidate	public_source_membership	1	1	exclude	Candidate source grouping only; not an exhaustive or context-specific biological regulon and not part of the frozen mechanism bundle.
TRRUST|TRRUST_v2_snapshot_2026-08-25|mouse|maf	TRRUST	TRRUST_v2_snapshot_2026-08-25	mouse	Maf	maf	TRRUST public regulon: Maf (mouse)	candidate	public_source_membership	8	8	exclude	Candidate source grouping only; not an exhaustive or context-specific biological regulon and not part of the frozen mechanism bundle.
TRRUST|TRRUST_v2_snapshot_2026-08-25|mouse|mafa	TRRUST	TRRUST_v2_snapshot_2026-08-25	mouse	Mafa	mafa	TRRUST public regulon: Mafa (mouse)	candidate	public_source_membership	10	10	exclude	Candidate source grouping only; not an exhaustive or context-specific biological regulon and not part of the frozen mechanism bundle.
TRRUST|TRRUST_v2_snapshot_2026-08-25|mouse|mafb	TRRUST	TRRUST_v2_snapshot_2026-08-25	mouse	Mafb	mafb	TRRUST public regulon: Mafb (mouse)	candidate	public_source_membership	5	5	exclude	Candidate source grouping only; not an exhaustive or context-specific biological regulon and not part of the frozen mechanism bundle.
TRRUST|TRRUST_v2_snapshot_2026-08-25|mouse|mafg	TRRUST	TRRUST_v2_snapshot_2026-08-25	mouse	Mafg	mafg	TRRUST public regulon: Mafg (mouse)	candidate	public_source_membership	2	2	exclude	Candidate source grouping only; not an exhaustive or context-specific biological regulon and not part of the frozen mechanism bundle.
TRRUST|TRRUST_v2_snapshot_2026-08-25|mouse|mafk	TRRUST	TRRUST_v2_snapshot_2026-08-25	mouse	Mafk	mafk	TRRUST public regulon: Mafk (mouse)	candidate	public_source_membership	4	4	exclude	Candidate source grouping only; not an exhaustive or context-specific biological regulon and not part of the frozen mechanism bundle.
TRRUST|TRRUST_v2_snapshot_2026-08-25|mouse|map3k7	TRRUST	TRRUST_v2_snapshot_2026-08-25	mouse	Map3k7	map3k7	TRRUST public regulon: Map3k7 (mouse)	candidate	public_source_membership	1	1	exclude	Candidate source grouping only; not an exhaustive or context-specific biological regulon and not part of the frozen mechanism bundle.
TRRUST|TRRUST_v2_snapshot_2026-08-25|mouse|mapk1	TRRUST	TRRUST_v2_snapshot_2026-08-25	mouse	Mapk1	mapk1	TRRUST public regulon: Mapk1 (mouse)	candidate	public_source_membership	1	1	exclude	Candidate source grouping only; not an exhaustive or context-specific biological regulon and not part of the frozen mechanism bundle.
TRRUST|TRRUST_v2_snapshot_2026-08-25|mouse|mapk14	TRRUST	TRRUST_v2_snapshot_2026-08-25	mouse	Mapk14	mapk14	TRRUST public regulon: Mapk14 (mouse)	candidate	public_source_membership	1	1	exclude	Candidate source grouping only; not an exhaustive or context-specific biological regulon and not part of the frozen mechanism bundle.
TRRUST|TRRUST_v2_snapshot_2026-08-25|mouse|max	TRRUST	TRRUST_v2_snapshot_2026-08-25	mouse	Max	max	TRRUST public regulon: Max (mouse)	candidate	public_source_membership	7	7	exclude	Candidate source grouping only; not an exhaustive or context-specific biological regulon and not part of the frozen mechanism bundle.
TRRUST|TRRUST_v2_snapshot_2026-08-25|mouse|maz	TRRUST	TRRUST_v2_snapshot_2026-08-25	mouse	Maz	maz	TRRUST public regulon: Maz (mouse)	candidate	public_source_membership	4	4	exclude	Candidate source grouping only; not an exhaustive or context-specific biological regulon and not part of the frozen mechanism bundle.
TRRUST|TRRUST_v2_snapshot_2026-08-25|mouse|mbd1	TRRUST	TRRUST_v2_snapshot_2026-08-25	mouse	Mbd1	mbd1	TRRUST public regulon: Mbd1 (mouse)	candidate	public_source_membership	2	2	exclude	Candidate source grouping only; not an exhaustive or context-specific biological regulon and not part of the frozen mechanism bundle.
TRRUST|TRRUST_v2_snapshot_2026-08-25|mouse|mbd2	TRRUST	TRRUST_v2_snapshot_2026-08-25	mouse	Mbd2	mbd2	TRRUST public regulon: Mbd2 (mouse)	candidate	public_source_membership	1	1	exclude	Candidate source grouping only; not an exhaustive or context-specific biological regulon and not part of the frozen mechanism bundle.
TRRUST|TRRUST_v2_snapshot_2026-08-25|mouse|mbd3	TRRUST	TRRUST_v2_snapshot_2026-08-25	mouse	Mbd3	mbd3	TRRUST public regulon: Mbd3 (mouse)	candidate	public_source_membership	1	1	exclude	Candidate source grouping only; not an exhaustive or context-specific biological regulon and not part of the frozen mechanism bundle.
TRRUST|TRRUST_v2_snapshot_2026-08-25|mouse|mcm3	TRRUST	TRRUST_v2_snapshot_2026-08-25	mouse	Mcm3	mcm3	TRRUST public regulon: Mcm3 (mouse)	candidate	public_source_membership	1	1	exclude	Candidate source grouping only; not an exhaustive or context-specific biological regulon and not part of the frozen mechanism bundle.
TRRUST|TRRUST_v2_snapshot_2026-08-25|mouse|mcm6	TRRUST	TRRUST_v2_snapshot_2026-08-25	mouse	Mcm6	mcm6	TRRUST public regulon: Mcm6 (mouse)	candidate	public_source_membership	1	1	exclude	Candidate source grouping only; not an exhaustive or context-specific biological regulon and not part of the frozen mechanism bundle.
TRRUST|TRRUST_v2_snapshot_2026-08-25|mouse|mdm2	TRRUST	TRRUST_v2_snapshot_2026-08-25	mouse	Mdm2	mdm2	TRRUST public regulon: Mdm2 (mouse)	candidate	public_source_membership	1	1	exclude	Candidate source grouping only; not an exhaustive or context-specific biological regulon and not part of the frozen mechanism bundle.
TRRUST|TRRUST_v2_snapshot_2026-08-25|mouse|mdm4	TRRUST	TRRUST_v2_snapshot_2026-08-25	mouse	Mdm4	mdm4	TRRUST public regulon: Mdm4 (mouse)	candidate	public_source_membership	2	2	exclude	Candidate source grouping only; not an exhaustive or context-specific biological regulon and not part of the frozen mechanism bundle.
TRRUST|TRRUST_v2_snapshot_2026-08-25|mouse|mecp2	TRRUST	TRRUST_v2_snapshot_2026-08-25	mouse	Mecp2	mecp2	TRRUST public regulon: Mecp2 (mouse)	candidate	public_source_membership	16	16	exclude	Candidate source grouping only; not an exhaustive or context-specific biological regulon and not part of the frozen mechanism bundle.
TRRUST|TRRUST_v2_snapshot_2026-08-25|mouse|med1	TRRUST	TRRUST_v2_snapshot_2026-08-25	mouse	Med1	med1	TRRUST public regulon: Med1 (mouse)	candidate	public_source_membership	4	4	exclude	Candidate source grouping only; not an exhaustive or context-specific biological regulon and not part of the frozen mechanism bundle.
TRRUST|TRRUST_v2_snapshot_2026-08-25|mouse|med23	TRRUST	TRRUST_v2_snapshot_2026-08-25	mouse	Med23	med23	TRRUST public regulon: Med23 (mouse)	candidate	public_source_membership	3	3	exclude	Candidate source grouping only; not an exhaustive or context-specific biological regulon and not part of the frozen mechanism bundle.
TRRUST|TRRUST_v2_snapshot_2026-08-25|mouse|med6	TRRUST	TRRUST_v2_snapshot_2026-08-25	mouse	Med6	med6	TRRUST public regulon: Med6 (mouse)	candidate	public_source_membership	1	1	exclude	Candidate source grouping only; not an exhaustive or context-specific biological regulon and not part of the frozen mechanism bundle.
TRRUST|TRRUST_v2_snapshot_2026-08-25|mouse|med8	TRRUST	TRRUST_v2_snapshot_2026-08-25	mouse	Med8	med8	TRRUST public regulon: Med8 (mouse)	candidate	public_source_membership	1	1	exclude	Candidate source grouping only; not an exhaustive or context-specific biological regulon and not part of the frozen mechanism bundle.
TRRUST|TRRUST_v2_snapshot_2026-08-25|mouse|mef2a	TRRUST	TRRUST_v2_snapshot_2026-08-25	mouse	Mef2a	mef2a	TRRUST public regulon: Mef2a (mouse)	candidate	public_source_membership	8	8	exclude	Candidate source grouping only; not an exhaustive or context-specific biological regulon and not part of the frozen mechanism bundle.
TRRUST|TRRUST_v2_snapshot_2026-08-25|mouse|mef2c	TRRUST	TRRUST_v2_snapshot_2026-08-25	mouse	Mef2c	mef2c	TRRUST public regulon: Mef2c (mouse)	candidate	public_source_membership	28	28	exclude	Candidate source grouping only; not an exhaustive or context-specific biological regulon and not part of the frozen mechanism bundle.
TRRUST|TRRUST_v2_snapshot_2026-08-25|mouse|mef2d	TRRUST	TRRUST_v2_snapshot_2026-08-25	mouse	Mef2d	mef2d	TRRUST public regulon: Mef2d (mouse)	candidate	public_source_membership	2	2	exclude	Candidate source grouping only; not an exhaustive or context-specific biological regulon and not part of the frozen mechanism bundle.
TRRUST|TRRUST_v2_snapshot_2026-08-25|mouse|meis1	TRRUST	TRRUST_v2_snapshot_2026-08-25	mouse	Meis1	meis1	TRRUST public regulon: Meis1 (mouse)	candidate	public_source_membership	7	7	exclude	Candidate source grouping only; not an exhaustive or context-specific biological regulon and not part of the frozen mechanism bundle.
TRRUST|TRRUST_v2_snapshot_2026-08-25|mouse|meis2	TRRUST	TRRUST_v2_snapshot_2026-08-25	mouse	Meis2	meis2	TRRUST public regulon: Meis2 (mouse)	candidate	public_source_membership	7	7	exclude	Candidate source grouping only; not an exhaustive or context-specific biological regulon and not part of the frozen mechanism bundle.
TRRUST|TRRUST_v2_snapshot_2026-08-25|mouse|men1	TRRUST	TRRUST_v2_snapshot_2026-08-25	mouse	Men1	men1	TRRUST public regulon: Men1 (mouse)	candidate	public_source_membership	10	10	exclude	Candidate source grouping only; not an exhaustive or context-specific biological regulon and not part of the frozen mechanism bundle.
TRRUST|TRRUST_v2_snapshot_2026-08-25|mouse|meox1	TRRUST	TRRUST_v2_snapshot_2026-08-25	mouse	Meox1	meox1	TRRUST public regulon: Meox1 (mouse)	candidate	public_source_membership	4	4	exclude	Candidate source grouping only; not an exhaustive or context-specific biological regulon and not part of the frozen mechanism bundle.
TRRUST|TRRUST_v2_snapshot_2026-08-25|mouse|meox2	TRRUST	TRRUST_v2_snapshot_2026-08-25	mouse	Meox2	meox2	TRRUST public regulon: Meox2 (mouse)	candidate	public_source_membership	1	1	exclude	Candidate source grouping only; not an exhaustive or context-specific biological regulon and not part of the frozen mechanism bundle.
TRRUST|TRRUST_v2_snapshot_2026-08-25|mouse|mitf	TRRUST	TRRUST_v2_snapshot_2026-08-25	mouse	Mitf	mitf	TRRUST public regulon: Mitf (mouse)	candidate	public_source_membership	30	30	exclude	Candidate source grouping only; not an exhaustive or context-specific biological regulon and not part of the frozen mechanism bundle.
TRRUST|TRRUST_v2_snapshot_2026-08-25|mouse|mixl1	TRRUST	TRRUST_v2_snapshot_2026-08-25	mouse	Mixl1	mixl1	TRRUST public regulon: Mixl1 (mouse)	candidate	public_source_membership	4	4	exclude	Candidate source grouping only; not an exhaustive or context-specific biological regulon and not part of the frozen mechanism bundle.
TRRUST|TRRUST_v2_snapshot_2026-08-25|mouse|mkl1	TRRUST	TRRUST_v2_snapshot_2026-08-25	mouse	Mkl1	mkl1	TRRUST public regulon: Mkl1 (mouse)	candidate	public_source_membership	4	4	exclude	Candidate source grouping only; not an exhaustive or context-specific biological regulon and not part of the frozen mechanism bundle.
TRRUST|TRRUST_v2_snapshot_2026-08-25|mouse|mkx	TRRUST	TRRUST_v2_snapshot_2026-08-25	mouse	Mkx	mkx	TRRUST public regulon: Mkx (mouse)	candidate	public_source_membership	3	3	exclude	Candidate source grouping only; not an exhaustive or context-specific biological regulon and not part of the frozen mechanism bundle.
TRRUST|TRRUST_v2_snapshot_2026-08-25|mouse|mllt3	TRRUST	TRRUST_v2_snapshot_2026-08-25	mouse	Mllt3	mllt3	TRRUST public regulon: Mllt3 (mouse)	candidate	public_source_membership	2	2	exclude	Candidate source grouping only; not an exhaustive or context-specific biological regulon and not part of the frozen mechanism bundle.
TRRUST|TRRUST_v2_snapshot_2026-08-25|mouse|mlxipl	TRRUST	TRRUST_v2_snapshot_2026-08-25	mouse	Mlxipl	mlxipl	TRRUST public regulon: Mlxipl (mouse)	candidate	public_source_membership	17	17	exclude	Candidate source grouping only; not an exhaustive or context-specific biological regulon and not part of the frozen mechanism bundle.
TRRUST|TRRUST_v2_snapshot_2026-08-25|mouse|mmp9	TRRUST	TRRUST_v2_snapshot_2026-08-25	mouse	Mmp9	mmp9	TRRUST public regulon: Mmp9 (mouse)	candidate	public_source_membership	2	2	exclude	Candidate source grouping only; not an exhaustive or context-specific biological regulon and not part of the frozen mechanism bundle.
TRRUST|TRRUST_v2_snapshot_2026-08-25|mouse|mnt	TRRUST	TRRUST_v2_snapshot_2026-08-25	mouse	Mnt	mnt	TRRUST public regulon: Mnt (mouse)	candidate	public_source_membership	2	2	exclude	Candidate source grouping only; not an exhaustive or context-specific biological regulon and not part of the frozen mechanism bundle.
TRRUST|TRRUST_v2_snapshot_2026-08-25|mouse|msc	TRRUST	TRRUST_v2_snapshot_2026-08-25	mouse	Msc	msc	TRRUST public regulon: Msc (mouse)	candidate	public_source_membership	2	2	exclude	Candidate source grouping only; not an exhaustive or context-specific biological regulon and not part of the frozen mechanism bundle.
TRRUST|TRRUST_v2_snapshot_2026-08-25|mouse|msx1	TRRUST	TRRUST_v2_snapshot_2026-08-25	mouse	Msx1	msx1	TRRUST public regulon: Msx1 (mouse)	candidate	public_source_membership	13	13	exclude	Candidate source grouping only; not an exhaustive or context-specific biological regulon and not part of the frozen mechanism bundle.
TRRUST|TRRUST_v2_snapshot_2026-08-25|mouse|msx2	TRRUST	TRRUST_v2_snapshot_2026-08-25	mouse	Msx2	msx2	TRRUST public regulon: Msx2 (mouse)	candidate	public_source_membership	20	20	exclude	Candidate source grouping only; not an exhaustive or context-specific biological regulon and not part of the frozen mechanism bundle.
TRRUST|TRRUST_v2_snapshot_2026-08-25|mouse|mta1	TRRUST	TRRUST_v2_snapshot_2026-08-25	mouse	Mta1	mta1	TRRUST public regulon: Mta1 (mouse)	candidate	public_source_membership	9	9	exclude	Candidate source grouping only; not an exhaustive or context-specific biological regulon and not part of the frozen mechanism bundle.
TRRUST|TRRUST_v2_snapshot_2026-08-25|mouse|mta2	TRRUST	TRRUST_v2_snapshot_2026-08-25	mouse	Mta2	mta2	TRRUST public regulon: Mta2 (mouse)	candidate	public_source_membership	1	1	exclude	Candidate source grouping only; not an exhaustive or context-specific biological regulon and not part of the frozen mechanism bundle.
TRRUST|TRRUST_v2_snapshot_2026-08-25|mouse|mtf1	TRRUST	TRRUST_v2_snapshot_2026-08-25	mouse	Mtf1	mtf1	TRRUST public regulon: Mtf1 (mouse)	candidate	public_source_membership	7	7	exclude	Candidate source grouping only; not an exhaustive or context-specific biological regulon and not part of the frozen mechanism bundle.
TRRUST|TRRUST_v2_snapshot_2026-08-25|mouse|mtf2	TRRUST	TRRUST_v2_snapshot_2026-08-25	mouse	Mtf2	mtf2	TRRUST public regulon: Mtf2 (mouse)	candidate	public_source_membership	2	2	exclude	Candidate source grouping only; not an exhaustive or context-specific biological regulon and not part of the frozen mechanism bundle.
TRRUST|TRRUST_v2_snapshot_2026-08-25|mouse|mxd1	TRRUST	TRRUST_v2_snapshot_2026-08-25	mouse	Mxd1	mxd1	TRRUST public regulon: Mxd1 (mouse)	candidate	public_source_membership	1	1	exclude	Candidate source grouping only; not an exhaustive or context-specific biological regulon and not part of the frozen mechanism bundle.
TRRUST|TRRUST_v2_snapshot_2026-08-25|mouse|mxi1	TRRUST	TRRUST_v2_snapshot_2026-08-25	mouse	Mxi1	mxi1	TRRUST public regulon: Mxi1 (mouse)	candidate	public_source_membership	3	3	exclude	Candidate source grouping only; not an exhaustive or context-specific biological regulon and not part of the frozen mechanism bundle.
TRRUST|TRRUST_v2_snapshot_2026-08-25|mouse|myb	TRRUST	TRRUST_v2_snapshot_2026-08-25	mouse	Myb	myb	TRRUST public regulon: Myb (mouse)	candidate	public_source_membership	18	18	exclude	Candidate source grouping only; not an exhaustive or context-specific biological regulon and not part of the frozen mechanism bundle.
TRRUST|TRRUST_v2_snapshot_2026-08-25|mouse|mybbp1a	TRRUST	TRRUST_v2_snapshot_2026-08-25	mouse	Mybbp1a	mybbp1a	TRRUST public regulon: Mybbp1a (mouse)	candidate	public_source_membership	1	1	exclude	Candidate source grouping only; not an exhaustive or context-specific biological regulon and not part of the frozen mechanism bundle.
TRRUST|TRRUST_v2_snapshot_2026-08-25|mouse|mybl1	TRRUST	TRRUST_v2_snapshot_2026-08-25	mouse	Mybl1	mybl1	TRRUST public regulon: Mybl1 (mouse)	candidate	public_source_membership	1	1	exclude	Candidate source grouping only; not an exhaustive or context-specific biological regulon and not part of the frozen mechanism bundle.
TRRUST|TRRUST_v2_snapshot_2026-08-25|mouse|mybl2	TRRUST	TRRUST_v2_snapshot_2026-08-25	mouse	Mybl2	mybl2	TRRUST public regulon: Mybl2 (mouse)	candidate	public_source_membership	13	13	exclude	Candidate source grouping only; not an exhaustive or context-specific biological regulon and not part of the frozen mechanism bundle.
TRRUST|TRRUST_v2_snapshot_2026-08-25|mouse|myc	TRRUST	TRRUST_v2_snapshot_2026-08-25	mouse	Myc	myc	TRRUST public regulon: Myc (mouse)	candidate	public_source_membership	56	56	exclude	Candidate source grouping only; not an exhaustive or context-specific biological regulon and not part of the frozen mechanism bundle.
TRRUST|TRRUST_v2_snapshot_2026-08-25|mouse|mycn	TRRUST	TRRUST_v2_snapshot_2026-08-25	mouse	Mycn	mycn	TRRUST public regulon: Mycn (mouse)	candidate	public_source_membership	9	9	exclude	Candidate source grouping only; not an exhaustive or context-specific biological regulon and not part of the frozen mechanism bundle.
TRRUST|TRRUST_v2_snapshot_2026-08-25|mouse|myef2	TRRUST	TRRUST_v2_snapshot_2026-08-25	mouse	Myef2	myef2	TRRUST public regulon: Myef2 (mouse)	candidate	public_source_membership	1	1	exclude	Candidate source grouping only; not an exhaustive or context-specific biological regulon and not part of the frozen mechanism bundle.
TRRUST|TRRUST_v2_snapshot_2026-08-25|mouse|myf5	TRRUST	TRRUST_v2_snapshot_2026-08-25	mouse	Myf5	myf5	TRRUST public regulon: Myf5 (mouse)	candidate	public_source_membership	10	10	exclude	Candidate source grouping only; not an exhaustive or context-specific biological regulon and not part of the frozen mechanism bundle.
TRRUST|TRRUST_v2_snapshot_2026-08-25|mouse|myf6	TRRUST	TRRUST_v2_snapshot_2026-08-25	mouse	Myf6	myf6	TRRUST public regulon: Myf6 (mouse)	candidate	public_source_membership	8	8	exclude	Candidate source grouping only; not an exhaustive or context-specific biological regulon and not part of the frozen mechanism bundle.
TRRUST|TRRUST_v2_snapshot_2026-08-25|mouse|myocd	TRRUST	TRRUST_v2_snapshot_2026-08-25	mouse	Myocd	myocd	TRRUST public regulon: Myocd (mouse)	candidate	public_source_membership	4	4	exclude	Candidate source grouping only; not an exhaustive or context-specific biological regulon and not part of the frozen mechanism bundle.
TRRUST|TRRUST_v2_snapshot_2026-08-25|mouse|myod1	TRRUST	TRRUST_v2_snapshot_2026-08-25	mouse	Myod1	myod1	TRRUST public regulon: Myod1 (mouse)	candidate	public_source_membership	56	56	exclude	Candidate source grouping only; not an exhaustive or context-specific biological regulon and not part of the frozen mechanism bundle.
TRRUST|TRRUST_v2_snapshot_2026-08-25|mouse|myog	TRRUST	TRRUST_v2_snapshot_2026-08-25	mouse	Myog	myog	TRRUST public regulon: Myog (mouse)	candidate	public_source_membership	14	14	exclude	Candidate source grouping only; not an exhaustive or context-specific biological regulon and not part of the frozen mechanism bundle.
TRRUST|TRRUST_v2_snapshot_2026-08-25|mouse|mzf1	TRRUST	TRRUST_v2_snapshot_2026-08-25	mouse	Mzf1	mzf1	TRRUST public regulon: Mzf1 (mouse)	candidate	public_source_membership	2	2	exclude	Candidate source grouping only; not an exhaustive or context-specific biological regulon and not part of the frozen mechanism bundle.
TRRUST|TRRUST_v2_snapshot_2026-08-25|mouse|nab1	TRRUST	TRRUST_v2_snapshot_2026-08-25	mouse	Nab1	nab1	TRRUST public regulon: Nab1 (mouse)	candidate	public_source_membership	4	4	exclude	Candidate source grouping only; not an exhaustive or context-specific biological regulon and not part of the frozen mechanism bundle.
TRRUST|TRRUST_v2_snapshot_2026-08-25|mouse|nab2	TRRUST	TRRUST_v2_snapshot_2026-08-25	mouse	Nab2	nab2	TRRUST public regulon: Nab2 (mouse)	candidate	public_source_membership	4	4	exclude	Candidate source grouping only; not an exhaustive or context-specific biological regulon and not part of the frozen mechanism bundle.
TRRUST|TRRUST_v2_snapshot_2026-08-25|mouse|nanog	TRRUST	TRRUST_v2_snapshot_2026-08-25	mouse	Nanog	nanog	TRRUST public regulon: Nanog (mouse)	candidate	public_source_membership	20	20	exclude	Candidate source grouping only; not an exhaustive or context-specific biological regulon and not part of the frozen mechanism bundle.
TRRUST|TRRUST_v2_snapshot_2026-08-25|mouse|ncoa1	TRRUST	TRRUST_v2_snapshot_2026-08-25	mouse	Ncoa1	ncoa1	TRRUST public regulon: Ncoa1 (mouse)	candidate	public_source_membership	12	12	exclude	Candidate source grouping only; not an exhaustive or context-specific biological regulon and not part of the frozen mechanism bundle.
TRRUST|TRRUST_v2_snapshot_2026-08-25|mouse|ncoa2	TRRUST	TRRUST_v2_snapshot_2026-08-25	mouse	Ncoa2	ncoa2	TRRUST public regulon: Ncoa2 (mouse)	candidate	public_source_membership	6	6	exclude	Candidate source grouping only; not an exhaustive or context-specific biological regulon and not part of the frozen mechanism bundle.
TRRUST|TRRUST_v2_snapshot_2026-08-25|mouse|ncoa3	TRRUST	TRRUST_v2_snapshot_2026-08-25	mouse	Ncoa3	ncoa3	TRRUST public regulon: Ncoa3 (mouse)	candidate	public_source_membership	9	9	exclude	Candidate source grouping only; not an exhaustive or context-specific biological regulon and not part of the frozen mechanism bundle.
TRRUST|TRRUST_v2_snapshot_2026-08-25|mouse|ncoa4	TRRUST	TRRUST_v2_snapshot_2026-08-25	mouse	Ncoa4	ncoa4	TRRUST public regulon: Ncoa4 (mouse)	candidate	public_source_membership	1	1	exclude	Candidate source grouping only; not an exhaustive or context-specific biological regulon and not part of the frozen mechanism bundle.
TRRUST|TRRUST_v2_snapshot_2026-08-25|mouse|ncoa5	TRRUST	TRRUST_v2_snapshot_2026-08-25	mouse	Ncoa5	ncoa5	TRRUST public regulon: Ncoa5 (mouse)	candidate	public_source_membership	1	1	exclude	Candidate source grouping only; not an exhaustive or context-specific biological regulon and not part of the frozen mechanism bundle.
TRRUST|TRRUST_v2_snapshot_2026-08-25|mouse|ncoa6	TRRUST	TRRUST_v2_snapshot_2026-08-25	mouse	Ncoa6	ncoa6	TRRUST public regulon: Ncoa6 (mouse)	candidate	public_source_membership	2	2	exclude	Candidate source grouping only; not an exhaustive or context-specific biological regulon and not part of the frozen mechanism bundle.
TRRUST|TRRUST_v2_snapshot_2026-08-25|mouse|ncor1	TRRUST	TRRUST_v2_snapshot_2026-08-25	mouse	Ncor1	ncor1	TRRUST public regulon: Ncor1 (mouse)	candidate	public_source_membership	5	5	exclude	Candidate source grouping only; not an exhaustive or context-specific biological regulon and not part of the frozen mechanism bundle.
TRRUST|TRRUST_v2_snapshot_2026-08-25|mouse|ncor2	TRRUST	TRRUST_v2_snapshot_2026-08-25	mouse	Ncor2	ncor2	TRRUST public regulon: Ncor2 (mouse)	candidate	public_source_membership	5	5	exclude	Candidate source grouping only; not an exhaustive or context-specific biological regulon and not part of the frozen mechanism bundle.
TRRUST|TRRUST_v2_snapshot_2026-08-25|mouse|ndn	TRRUST	TRRUST_v2_snapshot_2026-08-25	mouse	Ndn	ndn	TRRUST public regulon: Ndn (mouse)	candidate	public_source_membership	4	4	exclude	Candidate source grouping only; not an exhaustive or context-specific biological regulon and not part of the frozen mechanism bundle.
TRRUST|TRRUST_v2_snapshot_2026-08-25|mouse|neurod1	TRRUST	TRRUST_v2_snapshot_2026-08-25	mouse	Neurod1	neurod1	TRRUST public regulon: Neurod1 (mouse)	candidate	public_source_membership	11	11	exclude	Candidate source grouping only; not an exhaustive or context-specific biological regulon and not part of the frozen mechanism bundle.
TRRUST|TRRUST_v2_snapshot_2026-08-25|mouse|neurod6	TRRUST	TRRUST_v2_snapshot_2026-08-25	mouse	Neurod6	neurod6	TRRUST public regulon: Neurod6 (mouse)	candidate	public_source_membership	2	2	exclude	Candidate source grouping only; not an exhaustive or context-specific biological regulon and not part of the frozen mechanism bundle.
TRRUST|TRRUST_v2_snapshot_2026-08-25|mouse|neurog1	TRRUST	TRRUST_v2_snapshot_2026-08-25	mouse	Neurog1	neurog1	TRRUST public regulon: Neurog1 (mouse)	candidate	public_source_membership	2	2	exclude	Candidate source grouping only; not an exhaustive or context-specific biological regulon and not part of the frozen mechanism bundle.
TRRUST|TRRUST_v2_snapshot_2026-08-25|mouse|neurog2	TRRUST	TRRUST_v2_snapshot_2026-08-25	mouse	Neurog2	neurog2	TRRUST public regulon: Neurog2 (mouse)	candidate	public_source_membership	6	6	exclude	Candidate source grouping only; not an exhaustive or context-specific biological regulon and not part of the frozen mechanism bundle.
TRRUST|TRRUST_v2_snapshot_2026-08-25|mouse|neurog3	TRRUST	TRRUST_v2_snapshot_2026-08-25	mouse	Neurog3	neurog3	TRRUST public regulon: Neurog3 (mouse)	candidate	public_source_membership	6	6	exclude	Candidate source grouping only; not an exhaustive or context-specific biological regulon and not part of the frozen mechanism bundle.
TRRUST|TRRUST_v2_snapshot_2026-08-25|mouse|nf1	TRRUST	TRRUST_v2_snapshot_2026-08-25	mouse	Nf1	nf1	TRRUST public regulon: Nf1 (mouse)	candidate	public_source_membership	3	3	exclude	Candidate source grouping only; not an exhaustive or context-specific biological regulon and not part of the frozen mechanism bundle.
TRRUST|TRRUST_v2_snapshot_2026-08-25|mouse|nfat5	TRRUST	TRRUST_v2_snapshot_2026-08-25	mouse	Nfat5	nfat5	TRRUST public regulon: Nfat5 (mouse)	candidate	public_source_membership	4	4	exclude	Candidate source grouping only; not an exhaustive or context-specific biological regulon and not part of the frozen mechanism bundle.
TRRUST|TRRUST_v2_snapshot_2026-08-25|mouse|nfatc1	TRRUST	TRRUST_v2_snapshot_2026-08-25	mouse	Nfatc1	nfatc1	TRRUST public regulon: Nfatc1 (mouse)	candidate	public_source_membership	15	15	exclude	Candidate source grouping only; not an exhaustive or context-specific biological regulon and not part of the frozen mechanism bundle.
TRRUST|TRRUST_v2_snapshot_2026-08-25|mouse|nfatc2	TRRUST	TRRUST_v2_snapshot_2026-08-25	mouse	Nfatc2	nfatc2	TRRUST public regulon: Nfatc2 (mouse)	candidate	public_source_membership	23	23	exclude	Candidate source grouping only; not an exhaustive or context-specific biological regulon and not part of the frozen mechanism bundle.
TRRUST|TRRUST_v2_snapshot_2026-08-25|mouse|nfatc2ip	TRRUST	TRRUST_v2_snapshot_2026-08-25	mouse	Nfatc2ip	nfatc2ip	TRRUST public regulon: Nfatc2ip (mouse)	candidate	public_source_membership	1	1	exclude	Candidate source grouping only; not an exhaustive or context-specific biological regulon and not part of the frozen mechanism bundle.
TRRUST|TRRUST_v2_snapshot_2026-08-25|mouse|nfatc3	TRRUST	TRRUST_v2_snapshot_2026-08-25	mouse	Nfatc3	nfatc3	TRRUST public regulon: Nfatc3 (mouse)	candidate	public_source_membership	3	3	exclude	Candidate source grouping only; not an exhaustive or context-specific biological regulon and not part of the frozen mechanism bundle.
TRRUST|TRRUST_v2_snapshot_2026-08-25|mouse|nfatc4	TRRUST	TRRUST_v2_snapshot_2026-08-25	mouse	Nfatc4	nfatc4	TRRUST public regulon: Nfatc4 (mouse)	candidate	public_source_membership	4	4	exclude	Candidate source grouping only; not an exhaustive or context-specific biological regulon and not part of the frozen mechanism bundle.
TRRUST|TRRUST_v2_snapshot_2026-08-25|mouse|nfe2	TRRUST	TRRUST_v2_snapshot_2026-08-25	mouse	Nfe2	nfe2	TRRUST public regulon: Nfe2 (mouse)	candidate	public_source_membership	11	11	exclude	Candidate source grouping only; not an exhaustive or context-specific biological regulon and not part of the frozen mechanism bundle.
TRRUST|TRRUST_v2_snapshot_2026-08-25|mouse|nfe2l2	TRRUST	TRRUST_v2_snapshot_2026-08-25	mouse	Nfe2l2	nfe2l2	TRRUST public regulon: Nfe2l2 (mouse)	candidate	public_source_membership	62	62	exclude	Candidate source grouping only; not an exhaustive or context-specific biological regulon and not part of the frozen mechanism bundle.
TRRUST|TRRUST_v2_snapshot_2026-08-25|mouse|nfe2l3	TRRUST	TRRUST_v2_snapshot_2026-08-25	mouse	Nfe2l3	nfe2l3	TRRUST public regulon: Nfe2l3 (mouse)	candidate	public_source_membership	1	1	exclude	Candidate source grouping only; not an exhaustive or context-specific biological regulon and not part of the frozen mechanism bundle.
TRRUST|TRRUST_v2_snapshot_2026-08-25|mouse|nfia	TRRUST	TRRUST_v2_snapshot_2026-08-25	mouse	Nfia	nfia	TRRUST public regulon: Nfia (mouse)	candidate	public_source_membership	6	6	exclude	Candidate source grouping only; not an exhaustive or context-specific biological regulon and not part of the frozen mechanism bundle.
TRRUST|TRRUST_v2_snapshot_2026-08-25|mouse|nfib	TRRUST	TRRUST_v2_snapshot_2026-08-25	mouse	Nfib	nfib	TRRUST public regulon: Nfib (mouse)	candidate	public_source_membership	2	2	exclude	Candidate source grouping only; not an exhaustive or context-specific biological regulon and not part of the frozen mechanism bundle.
TRRUST|TRRUST_v2_snapshot_2026-08-25|mouse|nfic	TRRUST	TRRUST_v2_snapshot_2026-08-25	mouse	Nfic	nfic	TRRUST public regulon: Nfic (mouse)	candidate	public_source_membership	13	13	exclude	Candidate source grouping only; not an exhaustive or context-specific biological regulon and not part of the frozen mechanism bundle.
TRRUST|TRRUST_v2_snapshot_2026-08-25|mouse|nfil3	TRRUST	TRRUST_v2_snapshot_2026-08-25	mouse	Nfil3	nfil3	TRRUST public regulon: Nfil3 (mouse)	candidate	public_source_membership	11	11	exclude	Candidate source grouping only; not an exhaustive or context-specific biological regulon and not part of the frozen mechanism bundle.
TRRUST|TRRUST_v2_snapshot_2026-08-25|mouse|nfix	TRRUST	TRRUST_v2_snapshot_2026-08-25	mouse	Nfix	nfix	TRRUST public regulon: Nfix (mouse)	candidate	public_source_membership	2	2	exclude	Candidate source grouping only; not an exhaustive or context-specific biological regulon and not part of the frozen mechanism bundle.
TRRUST|TRRUST_v2_snapshot_2026-08-25|mouse|nfkb1	TRRUST	TRRUST_v2_snapshot_2026-08-25	mouse	Nfkb1	nfkb1	TRRUST public regulon: Nfkb1 (mouse)	candidate	public_source_membership	243	243	exclude	Candidate source grouping only; not an exhaustive or context-specific biological regulon and not part of the frozen mechanism bundle.
TRRUST|TRRUST_v2_snapshot_2026-08-25|mouse|nfkb2	TRRUST	TRRUST_v2_snapshot_2026-08-25	mouse	Nfkb2	nfkb2	TRRUST public regulon: Nfkb2 (mouse)	candidate	public_source_membership	13	13	exclude	Candidate source grouping only; not an exhaustive or context-specific biological regulon and not part of the frozen mechanism bundle.
TRRUST|TRRUST_v2_snapshot_2026-08-25|mouse|nfkbia	TRRUST	TRRUST_v2_snapshot_2026-08-25	mouse	Nfkbia	nfkbia	TRRUST public regulon: Nfkbia (mouse)	candidate	public_source_membership	2	2	exclude	Candidate source grouping only; not an exhaustive or context-specific biological regulon and not part of the frozen mechanism bundle.
TRRUST|TRRUST_v2_snapshot_2026-08-25|mouse|nfkbiz	TRRUST	TRRUST_v2_snapshot_2026-08-25	mouse	Nfkbiz	nfkbiz	TRRUST public regulon: Nfkbiz (mouse)	candidate	public_source_membership	2	2	exclude	Candidate source grouping only; not an exhaustive or context-specific biological regulon and not part of the frozen mechanism bundle.
TRRUST|TRRUST_v2_snapshot_2026-08-25|mouse|nfya	TRRUST	TRRUST_v2_snapshot_2026-08-25	mouse	Nfya	nfya	TRRUST public regulon: Nfya (mouse)	candidate	public_source_membership	15	15	exclude	Candidate source grouping only; not an exhaustive or context-specific biological regulon and not part of the frozen mechanism bundle.
TRRUST|TRRUST_v2_snapshot_2026-08-25|mouse|nfyb	TRRUST	TRRUST_v2_snapshot_2026-08-25	mouse	Nfyb	nfyb	TRRUST public regulon: Nfyb (mouse)	candidate	public_source_membership	4	4	exclude	Candidate source grouping only; not an exhaustive or context-specific biological regulon and not part of the frozen mechanism bundle.
TRRUST|TRRUST_v2_snapshot_2026-08-25|mouse|nfyc	TRRUST	TRRUST_v2_snapshot_2026-08-25	mouse	Nfyc	nfyc	TRRUST public regulon: Nfyc (mouse)	candidate	public_source_membership	3	3	exclude	Candidate source grouping only; not an exhaustive or context-specific biological regulon and not part of the frozen mechanism bundle.
TRRUST|TRRUST_v2_snapshot_2026-08-25|mouse|nhlh2	TRRUST	TRRUST_v2_snapshot_2026-08-25	mouse	Nhlh2	nhlh2	TRRUST public regulon: Nhlh2 (mouse)	candidate	public_source_membership	5	5	exclude	Candidate source grouping only; not an exhaustive or context-specific biological regulon and not part of the frozen mechanism bundle.
TRRUST|TRRUST_v2_snapshot_2026-08-25|mouse|nkx2-1	TRRUST	TRRUST_v2_snapshot_2026-08-25	mouse	Nkx2-1	nkx2-1	TRRUST public regulon: Nkx2-1 (mouse)	candidate	public_source_membership	13	13	exclude	Candidate source grouping only; not an exhaustive or context-specific biological regulon and not part of the frozen mechanism bundle.
TRRUST|TRRUST_v2_snapshot_2026-08-25|mouse|nkx2-2	TRRUST	TRRUST_v2_snapshot_2026-08-25	mouse	Nkx2-2	nkx2-2	TRRUST public regulon: Nkx2-2 (mouse)	candidate	public_source_membership	5	5	exclude	Candidate source grouping only; not an exhaustive or context-specific biological regulon and not part of the frozen mechanism bundle.
TRRUST|TRRUST_v2_snapshot_2026-08-25|mouse|nkx2-3	TRRUST	TRRUST_v2_snapshot_2026-08-25	mouse	Nkx2-3	nkx2-3	TRRUST public regulon: Nkx2-3 (mouse)	candidate	public_source_membership	1	1	exclude	Candidate source grouping only; not an exhaustive or context-specific biological regulon and not part of the frozen mechanism bundle.
TRRUST|TRRUST_v2_snapshot_2026-08-25|mouse|nkx2-5	TRRUST	TRRUST_v2_snapshot_2026-08-25	mouse	Nkx2-5	nkx2-5	TRRUST public regulon: Nkx2-5 (mouse)	candidate	public_source_membership	27	27	exclude	Candidate source grouping only; not an exhaustive or context-specific biological regulon and not part of the frozen mechanism bundle.
TRRUST|TRRUST_v2_snapshot_2026-08-25|mouse|nkx2-9	TRRUST	TRRUST_v2_snapshot_2026-08-25	mouse	Nkx2-9	nkx2-9	TRRUST public regulon: Nkx2-9 (mouse)	candidate	public_source_membership	1	1	exclude	Candidate source grouping only; not an exhaustive or context-specific biological regulon and not part of the frozen mechanism bundle.
TRRUST|TRRUST_v2_snapshot_2026-08-25|mouse|nkx3-1	TRRUST	TRRUST_v2_snapshot_2026-08-25	mouse	Nkx3-1	nkx3-1	TRRUST public regulon: Nkx3-1 (mouse)	candidate	public_source_membership	3	3	exclude	Candidate source grouping only; not an exhaustive or context-specific biological regulon and not part of the frozen mechanism bundle.
TRRUST|TRRUST_v2_snapshot_2026-08-25|mouse|nkx3-2	TRRUST	TRRUST_v2_snapshot_2026-08-25	mouse	Nkx3-2	nkx3-2	TRRUST public regulon: Nkx3-2 (mouse)	candidate	public_source_membership	2	2	exclude	Candidate source grouping only; not an exhaustive or context-specific biological regulon and not part of the frozen mechanism bundle.
TRRUST|TRRUST_v2_snapshot_2026-08-25|mouse|nkx6-1	TRRUST	TRRUST_v2_snapshot_2026-08-25	mouse	Nkx6-1	nkx6-1	TRRUST public regulon: Nkx6-1 (mouse)	candidate	public_source_membership	1	1	exclude	Candidate source grouping only; not an exhaustive or context-specific biological regulon and not part of the frozen mechanism bundle.
TRRUST|TRRUST_v2_snapshot_2026-08-25|mouse|nono	TRRUST	TRRUST_v2_snapshot_2026-08-25	mouse	Nono	nono	TRRUST public regulon: Nono (mouse)	candidate	public_source_membership	2	2	exclude	Candidate source grouping only; not an exhaustive or context-specific biological regulon and not part of the frozen mechanism bundle.
TRRUST|TRRUST_v2_snapshot_2026-08-25|mouse|notch1	TRRUST	TRRUST_v2_snapshot_2026-08-25	mouse	Notch1	notch1	TRRUST public regulon: Notch1 (mouse)	candidate	public_source_membership	24	24	exclude	Candidate source grouping only; not an exhaustive or context-specific biological regulon and not part of the frozen mechanism bundle.
TRRUST|TRRUST_v2_snapshot_2026-08-25|mouse|notch2	TRRUST	TRRUST_v2_snapshot_2026-08-25	mouse	Notch2	notch2	TRRUST public regulon: Notch2 (mouse)	candidate	public_source_membership	4	4	exclude	Candidate source grouping only; not an exhaustive or context-specific biological regulon and not part of the frozen mechanism bundle.
TRRUST|TRRUST_v2_snapshot_2026-08-25|mouse|notch3	TRRUST	TRRUST_v2_snapshot_2026-08-25	mouse	Notch3	notch3	TRRUST public regulon: Notch3 (mouse)	candidate	public_source_membership	4	4	exclude	Candidate source grouping only; not an exhaustive or context-specific biological regulon and not part of the frozen mechanism bundle.
TRRUST|TRRUST_v2_snapshot_2026-08-25|mouse|notch4	TRRUST	TRRUST_v2_snapshot_2026-08-25	mouse	Notch4	notch4	TRRUST public regulon: Notch4 (mouse)	candidate	public_source_membership	3	3	exclude	Candidate source grouping only; not an exhaustive or context-specific biological regulon and not part of the frozen mechanism bundle.
TRRUST|TRRUST_v2_snapshot_2026-08-25|mouse|npas1	TRRUST	TRRUST_v2_snapshot_2026-08-25	mouse	Npas1	npas1	TRRUST public regulon: Npas1 (mouse)	candidate	public_source_membership	1	1	exclude	Candidate source grouping only; not an exhaustive or context-specific biological regulon and not part of the frozen mechanism bundle.
TRRUST|TRRUST_v2_snapshot_2026-08-25|mouse|npas2	TRRUST	TRRUST_v2_snapshot_2026-08-25	mouse	Npas2	npas2	TRRUST public regulon: Npas2 (mouse)	candidate	public_source_membership	1	1	exclude	Candidate source grouping only; not an exhaustive or context-specific biological regulon and not part of the frozen mechanism bundle.
TRRUST|TRRUST_v2_snapshot_2026-08-25|mouse|nr0b1	TRRUST	TRRUST_v2_snapshot_2026-08-25	mouse	Nr0b1	nr0b1	TRRUST public regulon: Nr0b1 (mouse)	candidate	public_source_membership	13	13	exclude	Candidate source grouping only; not an exhaustive or context-specific biological regulon and not part of the frozen mechanism bundle.
TRRUST|TRRUST_v2_snapshot_2026-08-25|mouse|nr0b2	TRRUST	TRRUST_v2_snapshot_2026-08-25	mouse	Nr0b2	nr0b2	TRRUST public regulon: Nr0b2 (mouse)	candidate	public_source_membership	21	21	exclude	Candidate source grouping only; not an exhaustive or context-specific biological regulon and not part of the frozen mechanism bundle.
TRRUST|TRRUST_v2_snapshot_2026-08-25|mouse|nr1d1	TRRUST	TRRUST_v2_snapshot_2026-08-25	mouse	Nr1d1	nr1d1	TRRUST public regulon: Nr1d1 (mouse)	candidate	public_source_membership	6	6	exclude	Candidate source grouping only; not an exhaustive or context-specific biological regulon and not part of the frozen mechanism bundle.
TRRUST|TRRUST_v2_snapshot_2026-08-25|mouse|nr1d2	TRRUST	TRRUST_v2_snapshot_2026-08-25	mouse	Nr1d2	nr1d2	TRRUST public regulon: Nr1d2 (mouse)	candidate	public_source_membership	1	1	exclude	Candidate source grouping only; not an exhaustive or context-specific biological regulon and not part of the frozen mechanism bundle.
TRRUST|TRRUST_v2_snapshot_2026-08-25|mouse|nr1h2	TRRUST	TRRUST_v2_snapshot_2026-08-25	mouse	Nr1h2	nr1h2	TRRUST public regulon: Nr1h2 (mouse)	candidate	public_source_membership	4	4	exclude	Candidate source grouping only; not an exhaustive or context-specific biological regulon and not part of the frozen mechanism bundle.
TRRUST|TRRUST_v2_snapshot_2026-08-25|mouse|nr1h3	TRRUST	TRRUST_v2_snapshot_2026-08-25	mouse	Nr1h3	nr1h3	TRRUST public regulon: Nr1h3 (mouse)	candidate	public_source_membership	17	17	exclude	Candidate source grouping only; not an exhaustive or context-specific biological regulon and not part of the frozen mechanism bundle.
TRRUST|TRRUST_v2_snapshot_2026-08-25|mouse|nr1h4	TRRUST	TRRUST_v2_snapshot_2026-08-25	mouse	Nr1h4	nr1h4	TRRUST public regulon: Nr1h4 (mouse)	candidate	public_source_membership	11	11	exclude	Candidate source grouping only; not an exhaustive or context-specific biological regulon and not part of the frozen mechanism bundle.
TRRUST|TRRUST_v2_snapshot_2026-08-25|mouse|nr1i2	TRRUST	TRRUST_v2_snapshot_2026-08-25	mouse	Nr1i2	nr1i2	TRRUST public regulon: Nr1i2 (mouse)	candidate	public_source_membership	13	13	exclude	Candidate source grouping only; not an exhaustive or context-specific biological regulon and not part of the frozen mechanism bundle.
TRRUST|TRRUST_v2_snapshot_2026-08-25|mouse|nr1i3	TRRUST	TRRUST_v2_snapshot_2026-08-25	mouse	Nr1i3	nr1i3	TRRUST public regulon: Nr1i3 (mouse)	candidate	public_source_membership	12	12	exclude	Candidate source grouping only; not an exhaustive or context-specific biological regulon and not part of the frozen mechanism bundle.
TRRUST|TRRUST_v2_snapshot_2026-08-25|mouse|nr2c1	TRRUST	TRRUST_v2_snapshot_2026-08-25	mouse	Nr2c1	nr2c1	TRRUST public regulon: Nr2c1 (mouse)	candidate	public_source_membership	2	2	exclude	Candidate source grouping only; not an exhaustive or context-specific biological regulon and not part of the frozen mechanism bundle.
TRRUST|TRRUST_v2_snapshot_2026-08-25|mouse|nr2c2	TRRUST	TRRUST_v2_snapshot_2026-08-25	mouse	Nr2c2	nr2c2	TRRUST public regulon: Nr2c2 (mouse)	candidate	public_source_membership	3	3	exclude	Candidate source grouping only; not an exhaustive or context-specific biological regulon and not part of the frozen mechanism bundle.
TRRUST|TRRUST_v2_snapshot_2026-08-25|mouse|nr2e1	TRRUST	TRRUST_v2_snapshot_2026-08-25	mouse	Nr2e1	nr2e1	TRRUST public regulon: Nr2e1 (mouse)	candidate	public_source_membership	1	1	exclude	Candidate source grouping only; not an exhaustive or context-specific biological regulon and not part of the frozen mechanism bundle.
TRRUST|TRRUST_v2_snapshot_2026-08-25|mouse|nr2e3	TRRUST	TRRUST_v2_snapshot_2026-08-25	mouse	Nr2e3	nr2e3	TRRUST public regulon: Nr2e3 (mouse)	candidate	public_source_membership	1	1	exclude	Candidate source grouping only; not an exhaustive or context-specific biological regulon and not part of the frozen mechanism bundle.
TRRUST|TRRUST_v2_snapshot_2026-08-25|mouse|nr2f1	TRRUST	TRRUST_v2_snapshot_2026-08-25	mouse	Nr2f1	nr2f1	TRRUST public regulon: Nr2f1 (mouse)	candidate	public_source_membership	4	4	exclude	Candidate source grouping only; not an exhaustive or context-specific biological regulon and not part of the frozen mechanism bundle.
TRRUST|TRRUST_v2_snapshot_2026-08-25|mouse|nr2f2	TRRUST	TRRUST_v2_snapshot_2026-08-25	mouse	Nr2f2	nr2f2	TRRUST public regulon: Nr2f2 (mouse)	candidate	public_source_membership	20	20	exclude	Candidate source grouping only; not an exhaustive or context-specific biological regulon and not part of the frozen mechanism bundle.
TRRUST|TRRUST_v2_snapshot_2026-08-25|mouse|nr2f6	TRRUST	TRRUST_v2_snapshot_2026-08-25	mouse	Nr2f6	nr2f6	TRRUST public regulon: Nr2f6 (mouse)	candidate	public_source_membership	3	3	exclude	Candidate source grouping only; not an exhaustive or context-specific biological regulon and not part of the frozen mechanism bundle.
TRRUST|TRRUST_v2_snapshot_2026-08-25|mouse|nr3c1	TRRUST	TRRUST_v2_snapshot_2026-08-25	mouse	Nr3c1	nr3c1	TRRUST public regulon: Nr3c1 (mouse)	candidate	public_source_membership	20	20	exclude	Candidate source grouping only; not an exhaustive or context-specific biological regulon and not part of the frozen mechanism bundle.
TRRUST|TRRUST_v2_snapshot_2026-08-25|mouse|nr3c2	TRRUST	TRRUST_v2_snapshot_2026-08-25	mouse	Nr3c2	nr3c2	TRRUST public regulon: Nr3c2 (mouse)	candidate	public_source_membership	7	7	exclude	Candidate source grouping only; not an exhaustive or context-specific biological regulon and not part of the frozen mechanism bundle.
TRRUST|TRRUST_v2_snapshot_2026-08-25|mouse|nr4a1	TRRUST	TRRUST_v2_snapshot_2026-08-25	mouse	Nr4a1	nr4a1	TRRUST public regulon: Nr4a1 (mouse)	candidate	public_source_membership	10	10	exclude	Candidate source grouping only; not an exhaustive or context-specific biological regulon and not part of the frozen mechanism bundle.
TRRUST|TRRUST_v2_snapshot_2026-08-25|mouse|nr4a2	TRRUST	TRRUST_v2_snapshot_2026-08-25	mouse	Nr4a2	nr4a2	TRRUST public regulon: Nr4a2 (mouse)	candidate	public_source_membership	12	12	exclude	Candidate source grouping only; not an exhaustive or context-specific biological regulon and not part of the frozen mechanism bundle.
TRRUST|TRRUST_v2_snapshot_2026-08-25|mouse|nr4a3	TRRUST	TRRUST_v2_snapshot_2026-08-25	mouse	Nr4a3	nr4a3	TRRUST public regulon: Nr4a3 (mouse)	candidate	public_source_membership	2	2	exclude	Candidate source grouping only; not an exhaustive or context-specific biological regulon and not part of the frozen mechanism bundle.
TRRUST|TRRUST_v2_snapshot_2026-08-25|mouse|nr5a1	TRRUST	TRRUST_v2_snapshot_2026-08-25	mouse	Nr5a1	nr5a1	TRRUST public regulon: Nr5a1 (mouse)	candidate	public_source_membership	27	27	exclude	Candidate source grouping only; not an exhaustive or context-specific biological regulon and not part of the frozen mechanism bundle.
TRRUST|TRRUST_v2_snapshot_2026-08-25|mouse|nr5a2	TRRUST	TRRUST_v2_snapshot_2026-08-25	mouse	Nr5a2	nr5a2	TRRUST public regulon: Nr5a2 (mouse)	candidate	public_source_membership	18	18	exclude	Candidate source grouping only; not an exhaustive or context-specific biological regulon and not part of the frozen mechanism bundle.
TRRUST|TRRUST_v2_snapshot_2026-08-25|mouse|nrf1	TRRUST	TRRUST_v2_snapshot_2026-08-25	mouse	Nrf1	nrf1	TRRUST public regulon: Nrf1 (mouse)	candidate	public_source_membership	23	23	exclude	Candidate source grouping only; not an exhaustive or context-specific biological regulon and not part of the frozen mechanism bundle.
TRRUST|TRRUST_v2_snapshot_2026-08-25|mouse|nrip1	TRRUST	TRRUST_v2_snapshot_2026-08-25	mouse	Nrip1	nrip1	TRRUST public regulon: Nrip1 (mouse)	candidate	public_source_membership	4	4	exclude	Candidate source grouping only; not an exhaustive or context-specific biological regulon and not part of the frozen mechanism bundle.
TRRUST|TRRUST_v2_snapshot_2026-08-25|mouse|nrl	TRRUST	TRRUST_v2_snapshot_2026-08-25	mouse	Nrl	nrl	TRRUST public regulon: Nrl (mouse)	candidate	public_source_membership	11	11	exclude	Candidate source grouping only; not an exhaustive or context-specific biological regulon and not part of the frozen mechanism bundle.
TRRUST|TRRUST_v2_snapshot_2026-08-25|mouse|nupr1	TRRUST	TRRUST_v2_snapshot_2026-08-25	mouse	Nupr1	nupr1	TRRUST public regulon: Nupr1 (mouse)	candidate	public_source_membership	6	6	exclude	Candidate source grouping only; not an exhaustive or context-specific biological regulon and not part of the frozen mechanism bundle.
TRRUST|TRRUST_v2_snapshot_2026-08-25|mouse|olig1	TRRUST	TRRUST_v2_snapshot_2026-08-25	mouse	Olig1	olig1	TRRUST public regulon: Olig1 (mouse)	candidate	public_source_membership	1	1	exclude	Candidate source grouping only; not an exhaustive or context-specific biological regulon and not part of the frozen mechanism bundle.
TRRUST|TRRUST_v2_snapshot_2026-08-25|mouse|olig2	TRRUST	TRRUST_v2_snapshot_2026-08-25	mouse	Olig2	olig2	TRRUST public regulon: Olig2 (mouse)	candidate	public_source_membership	3	3	exclude	Candidate source grouping only; not an exhaustive or context-specific biological regulon and not part of the frozen mechanism bundle.
TRRUST|TRRUST_v2_snapshot_2026-08-25|mouse|onecut1	TRRUST	TRRUST_v2_snapshot_2026-08-25	mouse	Onecut1	onecut1	TRRUST public regulon: Onecut1 (mouse)	candidate	public_source_membership	9	9	exclude	Candidate source grouping only; not an exhaustive or context-specific biological regulon and not part of the frozen mechanism bundle.
TRRUST|TRRUST_v2_snapshot_2026-08-25|mouse|otx2	TRRUST	TRRUST_v2_snapshot_2026-08-25	mouse	Otx2	otx2	TRRUST public regulon: Otx2 (mouse)	candidate	public_source_membership	7	7	exclude	Candidate source grouping only; not an exhaustive or context-specific biological regulon and not part of the frozen mechanism bundle.
TRRUST|TRRUST_v2_snapshot_2026-08-25|mouse|ovol1	TRRUST	TRRUST_v2_snapshot_2026-08-25	mouse	Ovol1	ovol1	TRRUST public regulon: Ovol1 (mouse)	candidate	public_source_membership	1	1	exclude	Candidate source grouping only; not an exhaustive or context-specific biological regulon and not part of the frozen mechanism bundle.
TRRUST|TRRUST_v2_snapshot_2026-08-25|mouse|parp1	TRRUST	TRRUST_v2_snapshot_2026-08-25	mouse	Parp1	parp1	TRRUST public regulon: Parp1 (mouse)	candidate	public_source_membership	12	12	exclude	Candidate source grouping only; not an exhaustive or context-specific biological regulon and not part of the frozen mechanism bundle.
TRRUST|TRRUST_v2_snapshot_2026-08-25|mouse|pax1	TRRUST	TRRUST_v2_snapshot_2026-08-25	mouse	Pax1	pax1	TRRUST public regulon: Pax1 (mouse)	candidate	public_source_membership	2	2	exclude	Candidate source grouping only; not an exhaustive or context-specific biological regulon and not part of the frozen mechanism bundle.
TRRUST|TRRUST_v2_snapshot_2026-08-25|mouse|pax2	TRRUST	TRRUST_v2_snapshot_2026-08-25	mouse	Pax2	pax2	TRRUST public regulon: Pax2 (mouse)	candidate	public_source_membership	15	15	exclude	Candidate source grouping only; not an exhaustive or context-specific biological regulon and not part of the frozen mechanism bundle.
TRRUST|TRRUST_v2_snapshot_2026-08-25|mouse|pax3	TRRUST	TRRUST_v2_snapshot_2026-08-25	mouse	Pax3	pax3	TRRUST public regulon: Pax3 (mouse)	candidate	public_source_membership	22	22	exclude	Candidate source grouping only; not an exhaustive or context-specific biological regulon and not part of the frozen mechanism bundle.
TRRUST|TRRUST_v2_snapshot_2026-08-25|mouse|pax4	TRRUST	TRRUST_v2_snapshot_2026-08-25	mouse	Pax4	pax4	TRRUST public regulon: Pax4 (mouse)	candidate	public_source_membership	4	4	exclude	Candidate source grouping only; not an exhaustive or context-specific biological regulon and not part of the frozen mechanism bundle.
TRRUST|TRRUST_v2_snapshot_2026-08-25|mouse|pax5	TRRUST	TRRUST_v2_snapshot_2026-08-25	mouse	Pax5	pax5	TRRUST public regulon: Pax5 (mouse)	candidate	public_source_membership	16	16	exclude	Candidate source grouping only; not an exhaustive or context-specific biological regulon and not part of the frozen mechanism bundle.
TRRUST|TRRUST_v2_snapshot_2026-08-25|mouse|pax6	TRRUST	TRRUST_v2_snapshot_2026-08-25	mouse	Pax6	pax6	TRRUST public regulon: Pax6 (mouse)	candidate	public_source_membership	45	45	exclude	Candidate source grouping only; not an exhaustive or context-specific biological regulon and not part of the frozen mechanism bundle.
TRRUST|TRRUST_v2_snapshot_2026-08-25|mouse|pax7	TRRUST	TRRUST_v2_snapshot_2026-08-25	mouse	Pax7	pax7	TRRUST public regulon: Pax7 (mouse)	candidate	public_source_membership	7	7	exclude	Candidate source grouping only; not an exhaustive or context-specific biological regulon and not part of the frozen mechanism bundle.
TRRUST|TRRUST_v2_snapshot_2026-08-25|mouse|pax8	TRRUST	TRRUST_v2_snapshot_2026-08-25	mouse	Pax8	pax8	TRRUST public regulon: Pax8 (mouse)	candidate	public_source_membership	5	5	exclude	Candidate source grouping only; not an exhaustive or context-specific biological regulon and not part of the frozen mechanism bundle.
TRRUST|TRRUST_v2_snapshot_2026-08-25|mouse|pax9	TRRUST	TRRUST_v2_snapshot_2026-08-25	mouse	Pax9	pax9	TRRUST public regulon: Pax9 (mouse)	candidate	public_source_membership	2	2	exclude	Candidate source grouping only; not an exhaustive or context-specific biological regulon and not part of the frozen mechanism bundle.
TRRUST|TRRUST_v2_snapshot_2026-08-25|mouse|pbrm1	TRRUST	TRRUST_v2_snapshot_2026-08-25	mouse	Pbrm1	pbrm1	TRRUST public regulon: Pbrm1 (mouse)	candidate	public_source_membership	1	1	exclude	Candidate source grouping only; not an exhaustive or context-specific biological regulon and not part of the frozen mechanism bundle.
TRRUST|TRRUST_v2_snapshot_2026-08-25|mouse|pbx1	TRRUST	TRRUST_v2_snapshot_2026-08-25	mouse	Pbx1	pbx1	TRRUST public regulon: Pbx1 (mouse)	candidate	public_source_membership	14	14	exclude	Candidate source grouping only; not an exhaustive or context-specific biological regulon and not part of the frozen mechanism bundle.
TRRUST|TRRUST_v2_snapshot_2026-08-25|mouse|pbx2	TRRUST	TRRUST_v2_snapshot_2026-08-25	mouse	Pbx2	pbx2	TRRUST public regulon: Pbx2 (mouse)	candidate	public_source_membership	2	2	exclude	Candidate source grouping only; not an exhaustive or context-specific biological regulon and not part of the frozen mechanism bundle.
TRRUST|TRRUST_v2_snapshot_2026-08-25|mouse|pbx4	TRRUST	TRRUST_v2_snapshot_2026-08-25	mouse	Pbx4	pbx4	TRRUST public regulon: Pbx4 (mouse)	candidate	public_source_membership	1	1	exclude	Candidate source grouping only; not an exhaustive or context-specific biological regulon and not part of the frozen mechanism bundle.
TRRUST|TRRUST_v2_snapshot_2026-08-25|mouse|pcbp2	TRRUST	TRRUST_v2_snapshot_2026-08-25	mouse	Pcbp2	pcbp2	TRRUST public regulon: Pcbp2 (mouse)	candidate	public_source_membership	1	1	exclude	Candidate source grouping only; not an exhaustive or context-specific biological regulon and not part of the frozen mechanism bundle.
TRRUST|TRRUST_v2_snapshot_2026-08-25|mouse|pcgf2	TRRUST	TRRUST_v2_snapshot_2026-08-25	mouse	Pcgf2	pcgf2	TRRUST public regulon: Pcgf2 (mouse)	candidate	public_source_membership	3	3	exclude	Candidate source grouping only; not an exhaustive or context-specific biological regulon and not part of the frozen mechanism bundle.
TRRUST|TRRUST_v2_snapshot_2026-08-25|mouse|pdx1	TRRUST	TRRUST_v2_snapshot_2026-08-25	mouse	Pdx1	pdx1	TRRUST public regulon: Pdx1 (mouse)	candidate	public_source_membership	10	10	exclude	Candidate source grouping only; not an exhaustive or context-specific biological regulon and not part of the frozen mechanism bundle.
TRRUST|TRRUST_v2_snapshot_2026-08-25|mouse|peg3	TRRUST	TRRUST_v2_snapshot_2026-08-25	mouse	Peg3	peg3	TRRUST public regulon: Peg3 (mouse)	candidate	public_source_membership	1	1	exclude	Candidate source grouping only; not an exhaustive or context-specific biological regulon and not part of the frozen mechanism bundle.
TRRUST|TRRUST_v2_snapshot_2026-08-25|mouse|pelp1	TRRUST	TRRUST_v2_snapshot_2026-08-25	mouse	Pelp1	pelp1	TRRUST public regulon: Pelp1 (mouse)	candidate	public_source_membership	5	5	exclude	Candidate source grouping only; not an exhaustive or context-specific biological regulon and not part of the frozen mechanism bundle.
TRRUST|TRRUST_v2_snapshot_2026-08-25|mouse|per1	TRRUST	TRRUST_v2_snapshot_2026-08-25	mouse	Per1	per1	TRRUST public regulon: Per1 (mouse)	candidate	public_source_membership	9	9	exclude	Candidate source grouping only; not an exhaustive or context-specific biological regulon and not part of the frozen mechanism bundle.
TRRUST|TRRUST_v2_snapshot_2026-08-25|mouse|per2	TRRUST	TRRUST_v2_snapshot_2026-08-25	mouse	Per2	per2	TRRUST public regulon: Per2 (mouse)	candidate	public_source_membership	3	3	exclude	Candidate source grouping only; not an exhaustive or context-specific biological regulon and not part of the frozen mechanism bundle.
TRRUST|TRRUST_v2_snapshot_2026-08-25|mouse|pgr	TRRUST	TRRUST_v2_snapshot_2026-08-25	mouse	Pgr	pgr	TRRUST public regulon: Pgr (mouse)	candidate	public_source_membership	14	14	exclude	Candidate source grouping only; not an exhaustive or context-specific biological regulon and not part of the frozen mechanism bundle.
TRRUST|TRRUST_v2_snapshot_2026-08-25|mouse|phf12	TRRUST	TRRUST_v2_snapshot_2026-08-25	mouse	Phf12	phf12	TRRUST public regulon: Phf12 (mouse)	candidate	public_source_membership	1	1	exclude	Candidate source grouping only; not an exhaustive or context-specific biological regulon and not part of the frozen mechanism bundle.
TRRUST|TRRUST_v2_snapshot_2026-08-25|mouse|phf2	TRRUST	TRRUST_v2_snapshot_2026-08-25	mouse	Phf2	phf2	TRRUST public regulon: Phf2 (mouse)	candidate	public_source_membership	1	1	exclude	Candidate source grouping only; not an exhaustive or context-specific biological regulon and not part of the frozen mechanism bundle.
TRRUST|TRRUST_v2_snapshot_2026-08-25|mouse|phox2a	TRRUST	TRRUST_v2_snapshot_2026-08-25	mouse	Phox2a	phox2a	TRRUST public regulon: Phox2a (mouse)	candidate	public_source_membership	2	2	exclude	Candidate source grouping only; not an exhaustive or context-specific biological regulon and not part of the frozen mechanism bundle.
TRRUST|TRRUST_v2_snapshot_2026-08-25|mouse|phox2b	TRRUST	TRRUST_v2_snapshot_2026-08-25	mouse	Phox2b	phox2b	TRRUST public regulon: Phox2b (mouse)	candidate	public_source_membership	5	5	exclude	Candidate source grouping only; not an exhaustive or context-specific biological regulon and not part of the frozen mechanism bundle.
TRRUST|TRRUST_v2_snapshot_2026-08-25|mouse|pias1	TRRUST	TRRUST_v2_snapshot_2026-08-25	mouse	Pias1	pias1	TRRUST public regulon: Pias1 (mouse)	candidate	public_source_membership	1	1	exclude	Candidate source grouping only; not an exhaustive or context-specific biological regulon and not part of the frozen mechanism bundle.
TRRUST|TRRUST_v2_snapshot_2026-08-25|mouse|pias2	TRRUST	TRRUST_v2_snapshot_2026-08-25	mouse	Pias2	pias2	TRRUST public regulon: Pias2 (mouse)	candidate	public_source_membership	2	2	exclude	Candidate source grouping only; not an exhaustive or context-specific biological regulon and not part of the frozen mechanism bundle.
TRRUST|TRRUST_v2_snapshot_2026-08-25|mouse|pias3	TRRUST	TRRUST_v2_snapshot_2026-08-25	mouse	Pias3	pias3	TRRUST public regulon: Pias3 (mouse)	candidate	public_source_membership	3	3	exclude	Candidate source grouping only; not an exhaustive or context-specific biological regulon and not part of the frozen mechanism bundle.
TRRUST|TRRUST_v2_snapshot_2026-08-25|mouse|pias4	TRRUST	TRRUST_v2_snapshot_2026-08-25	mouse	Pias4	pias4	TRRUST public regulon: Pias4 (mouse)	candidate	public_source_membership	1	1	exclude	Candidate source grouping only; not an exhaustive or context-specific biological regulon and not part of the frozen mechanism bundle.
TRRUST|TRRUST_v2_snapshot_2026-08-25|mouse|pitx1	TRRUST	TRRUST_v2_snapshot_2026-08-25	mouse	Pitx1	pitx1	TRRUST public regulon: Pitx1 (mouse)	candidate	public_source_membership	6	6	exclude	Candidate source grouping only; not an exhaustive or context-specific biological regulon and not part of the frozen mechanism bundle.
TRRUST|TRRUST_v2_snapshot_2026-08-25|mouse|pitx2	TRRUST	TRRUST_v2_snapshot_2026-08-25	mouse	Pitx2	pitx2	TRRUST public regulon: Pitx2 (mouse)	candidate	public_source_membership	25	25	exclude	Candidate source grouping only; not an exhaustive or context-specific biological regulon and not part of the frozen mechanism bundle.
TRRUST|TRRUST_v2_snapshot_2026-08-25|mouse|pitx3	TRRUST	TRRUST_v2_snapshot_2026-08-25	mouse	Pitx3	pitx3	TRRUST public regulon: Pitx3 (mouse)	candidate	public_source_membership	6	6	exclude	Candidate source grouping only; not an exhaustive or context-specific biological regulon and not part of the frozen mechanism bundle.
TRRUST|TRRUST_v2_snapshot_2026-08-25|mouse|pknox1	TRRUST	TRRUST_v2_snapshot_2026-08-25	mouse	Pknox1	pknox1	TRRUST public regulon: Pknox1 (mouse)	candidate	public_source_membership	4	4	exclude	Candidate source grouping only; not an exhaustive or context-specific biological regulon and not part of the frozen mechanism bundle.
TRRUST|TRRUST_v2_snapshot_2026-08-25|mouse|plag1	TRRUST	TRRUST_v2_snapshot_2026-08-25	mouse	Plag1	plag1	TRRUST public regulon: Plag1 (mouse)	candidate	public_source_membership	6	6	exclude	Candidate source grouping only; not an exhaustive or context-specific biological regulon and not part of the frozen mechanism bundle.
TRRUST|TRRUST_v2_snapshot_2026-08-25|mouse|plagl2	TRRUST	TRRUST_v2_snapshot_2026-08-25	mouse	Plagl2	plagl2	TRRUST public regulon: Plagl2 (mouse)	candidate	public_source_membership	3	3	exclude	Candidate source grouping only; not an exhaustive or context-specific biological regulon and not part of the frozen mechanism bundle.
TRRUST|TRRUST_v2_snapshot_2026-08-25|mouse|pml	TRRUST	TRRUST_v2_snapshot_2026-08-25	mouse	Pml	pml	TRRUST public regulon: Pml (mouse)	candidate	public_source_membership	1	1	exclude	Candidate source grouping only; not an exhaustive or context-specific biological regulon and not part of the frozen mechanism bundle.
TRRUST|TRRUST_v2_snapshot_2026-08-25|mouse|pnn	TRRUST	TRRUST_v2_snapshot_2026-08-25	mouse	Pnn	pnn	TRRUST public regulon: Pnn (mouse)	candidate	public_source_membership	1	1	exclude	Candidate source grouping only; not an exhaustive or context-specific biological regulon and not part of the frozen mechanism bundle.
TRRUST|TRRUST_v2_snapshot_2026-08-25|mouse|pou1f1	TRRUST	TRRUST_v2_snapshot_2026-08-25	mouse	Pou1f1	pou1f1	TRRUST public regulon: Pou1f1 (mouse)	candidate	public_source_membership	9	9	exclude	Candidate source grouping only; not an exhaustive or context-specific biological regulon and not part of the frozen mechanism bundle.
TRRUST|TRRUST_v2_snapshot_2026-08-25|mouse|pou2af1	TRRUST	TRRUST_v2_snapshot_2026-08-25	mouse	Pou2af1	pou2af1	TRRUST public regulon: Pou2af1 (mouse)	candidate	public_source_membership	14	14	exclude	Candidate source grouping only; not an exhaustive or context-specific biological regulon and not part of the frozen mechanism bundle.
TRRUST|TRRUST_v2_snapshot_2026-08-25|mouse|pou2f1	TRRUST	TRRUST_v2_snapshot_2026-08-25	mouse	Pou2f1	pou2f1	TRRUST public regulon: Pou2f1 (mouse)	candidate	public_source_membership	25	25	exclude	Candidate source grouping only; not an exhaustive or context-specific biological regulon and not part of the frozen mechanism bundle.
TRRUST|TRRUST_v2_snapshot_2026-08-25|mouse|pou2f2	TRRUST	TRRUST_v2_snapshot_2026-08-25	mouse	Pou2f2	pou2f2	TRRUST public regulon: Pou2f2 (mouse)	candidate	public_source_membership	18	18	exclude	Candidate source grouping only; not an exhaustive or context-specific biological regulon and not part of the frozen mechanism bundle.
TRRUST|TRRUST_v2_snapshot_2026-08-25|mouse|pou2f3	TRRUST	TRRUST_v2_snapshot_2026-08-25	mouse	Pou2f3	pou2f3	TRRUST public regulon: Pou2f3 (mouse)	candidate	public_source_membership	1	1	exclude	Candidate source grouping only; not an exhaustive or context-specific biological regulon and not part of the frozen mechanism bundle.
TRRUST|TRRUST_v2_snapshot_2026-08-25|mouse|pou3f1	TRRUST	TRRUST_v2_snapshot_2026-08-25	mouse	Pou3f1	pou3f1	TRRUST public regulon: Pou3f1 (mouse)	candidate	public_source_membership	6	6	exclude	Candidate source grouping only; not an exhaustive or context-specific biological regulon and not part of the frozen mechanism bundle.
TRRUST|TRRUST_v2_snapshot_2026-08-25|mouse|pou3f2	TRRUST	TRRUST_v2_snapshot_2026-08-25	mouse	Pou3f2	pou3f2	TRRUST public regulon: Pou3f2 (mouse)	candidate	public_source_membership	4	4	exclude	Candidate source grouping only; not an exhaustive or context-specific biological regulon and not part of the frozen mechanism bundle.
TRRUST|TRRUST_v2_snapshot_2026-08-25|mouse|pou3f3	TRRUST	TRRUST_v2_snapshot_2026-08-25	mouse	Pou3f3	pou3f3	TRRUST public regulon: Pou3f3 (mouse)	candidate	public_source_membership	1	1	exclude	Candidate source grouping only; not an exhaustive or context-specific biological regulon and not part of the frozen mechanism bundle.
TRRUST|TRRUST_v2_snapshot_2026-08-25|mouse|pou3f4	TRRUST	TRRUST_v2_snapshot_2026-08-25	mouse	Pou3f4	pou3f4	TRRUST public regulon: Pou3f4 (mouse)	candidate	public_source_membership	2	2	exclude	Candidate source grouping only; not an exhaustive or context-specific biological regulon and not part of the frozen mechanism bundle.
TRRUST|TRRUST_v2_snapshot_2026-08-25|mouse|pou4f1	TRRUST	TRRUST_v2_snapshot_2026-08-25	mouse	Pou4f1	pou4f1	TRRUST public regulon: Pou4f1 (mouse)	candidate	public_source_membership	8	8	exclude	Candidate source grouping only; not an exhaustive or context-specific biological regulon and not part of the frozen mechanism bundle.
TRRUST|TRRUST_v2_snapshot_2026-08-25|mouse|pou4f2	TRRUST	TRRUST_v2_snapshot_2026-08-25	mouse	Pou4f2	pou4f2	TRRUST public regulon: Pou4f2 (mouse)	candidate	public_source_membership	1	1	exclude	Candidate source grouping only; not an exhaustive or context-specific biological regulon and not part of the frozen mechanism bundle.
TRRUST|TRRUST_v2_snapshot_2026-08-25|mouse|pou4f3	TRRUST	TRRUST_v2_snapshot_2026-08-25	mouse	Pou4f3	pou4f3	TRRUST public regulon: Pou4f3 (mouse)	candidate	public_source_membership	1	1	exclude	Candidate source grouping only; not an exhaustive or context-specific biological regulon and not part of the frozen mechanism bundle.
TRRUST|TRRUST_v2_snapshot_2026-08-25|mouse|pou5f1	TRRUST	TRRUST_v2_snapshot_2026-08-25	mouse	Pou5f1	pou5f1	TRRUST public regulon: Pou5f1 (mouse)	candidate	public_source_membership	35	35	exclude	Candidate source grouping only; not an exhaustive or context-specific biological regulon and not part of the frozen mechanism bundle.
TRRUST|TRRUST_v2_snapshot_2026-08-25|mouse|ppara	TRRUST	TRRUST_v2_snapshot_2026-08-25	mouse	Ppara	ppara	TRRUST public regulon: Ppara (mouse)	candidate	public_source_membership	49	49	exclude	Candidate source grouping only; not an exhaustive or context-specific biological regulon and not part of the frozen mechanism bundle.
TRRUST|TRRUST_v2_snapshot_2026-08-25|mouse|ppard	TRRUST	TRRUST_v2_snapshot_2026-08-25	mouse	Ppard	ppard	TRRUST public regulon: Ppard (mouse)	candidate	public_source_membership	13	13	exclude	Candidate source grouping only; not an exhaustive or context-specific biological regulon and not part of the frozen mechanism bundle.
TRRUST|TRRUST_v2_snapshot_2026-08-25|mouse|pparg	TRRUST	TRRUST_v2_snapshot_2026-08-25	mouse	Pparg	pparg	TRRUST public regulon: Pparg (mouse)	candidate	public_source_membership	53	53	exclude	Candidate source grouping only; not an exhaustive or context-specific biological regulon and not part of the frozen mechanism bundle.
TRRUST|TRRUST_v2_snapshot_2026-08-25|mouse|ppargc1a	TRRUST	TRRUST_v2_snapshot_2026-08-25	mouse	Ppargc1a	ppargc1a	TRRUST public regulon: Ppargc1a (mouse)	candidate	public_source_membership	20	20	exclude	Candidate source grouping only; not an exhaustive or context-specific biological regulon and not part of the frozen mechanism bundle.
TRRUST|TRRUST_v2_snapshot_2026-08-25|mouse|ppargc1b	TRRUST	TRRUST_v2_snapshot_2026-08-25	mouse	Ppargc1b	ppargc1b	TRRUST public regulon: Ppargc1b (mouse)	candidate	public_source_membership	3	3	exclude	Candidate source grouping only; not an exhaustive or context-specific biological regulon and not part of the frozen mechanism bundle.
TRRUST|TRRUST_v2_snapshot_2026-08-25|mouse|prdm1	TRRUST	TRRUST_v2_snapshot_2026-08-25	mouse	Prdm1	prdm1	TRRUST public regulon: Prdm1 (mouse)	candidate	public_source_membership	11	11	exclude	Candidate source grouping only; not an exhaustive or context-specific biological regulon and not part of the frozen mechanism bundle.
TRRUST|TRRUST_v2_snapshot_2026-08-25|mouse|prdm13	TRRUST	TRRUST_v2_snapshot_2026-08-25	mouse	Prdm13	prdm13	TRRUST public regulon: Prdm13 (mouse)	candidate	public_source_membership	3	3	exclude	Candidate source grouping only; not an exhaustive or context-specific biological regulon and not part of the frozen mechanism bundle.
TRRUST|TRRUST_v2_snapshot_2026-08-25|mouse|prdm16	TRRUST	TRRUST_v2_snapshot_2026-08-25	mouse	Prdm16	prdm16	TRRUST public regulon: Prdm16 (mouse)	candidate	public_source_membership	2	2	exclude	Candidate source grouping only; not an exhaustive or context-specific biological regulon and not part of the frozen mechanism bundle.
TRRUST|TRRUST_v2_snapshot_2026-08-25|mouse|prdm5	TRRUST	TRRUST_v2_snapshot_2026-08-25	mouse	Prdm5	prdm5	TRRUST public regulon: Prdm5 (mouse)	candidate	public_source_membership	1	1	exclude	Candidate source grouping only; not an exhaustive or context-specific biological regulon and not part of the frozen mechanism bundle.
TRRUST|TRRUST_v2_snapshot_2026-08-25|mouse|prdm8	TRRUST	TRRUST_v2_snapshot_2026-08-25	mouse	Prdm8	prdm8	TRRUST public regulon: Prdm8 (mouse)	candidate	public_source_membership	2	2	exclude	Candidate source grouping only; not an exhaustive or context-specific biological regulon and not part of the frozen mechanism bundle.
TRRUST|TRRUST_v2_snapshot_2026-08-25|mouse|prl	TRRUST	TRRUST_v2_snapshot_2026-08-25	mouse	Prl	prl	TRRUST public regulon: Prl (mouse)	candidate	public_source_membership	1	1	exclude	Candidate source grouping only; not an exhaustive or context-specific biological regulon and not part of the frozen mechanism bundle.
TRRUST|TRRUST_v2_snapshot_2026-08-25|mouse|prop1	TRRUST	TRRUST_v2_snapshot_2026-08-25	mouse	Prop1	prop1	TRRUST public regulon: Prop1 (mouse)	candidate	public_source_membership	2	2	exclude	Candidate source grouping only; not an exhaustive or context-specific biological regulon and not part of the frozen mechanism bundle.
TRRUST|TRRUST_v2_snapshot_2026-08-25|mouse|prox1	TRRUST	TRRUST_v2_snapshot_2026-08-25	mouse	Prox1	prox1	TRRUST public regulon: Prox1 (mouse)	candidate	public_source_membership	15	15	exclude	Candidate source grouping only; not an exhaustive or context-specific biological regulon and not part of the frozen mechanism bundle.
TRRUST|TRRUST_v2_snapshot_2026-08-25|mouse|prrx1	TRRUST	TRRUST_v2_snapshot_2026-08-25	mouse	Prrx1	prrx1	TRRUST public regulon: Prrx1 (mouse)	candidate	public_source_membership	4	4	exclude	Candidate source grouping only; not an exhaustive or context-specific biological regulon and not part of the frozen mechanism bundle.
TRRUST|TRRUST_v2_snapshot_2026-08-25|mouse|prrx2	TRRUST	TRRUST_v2_snapshot_2026-08-25	mouse	Prrx2	prrx2	TRRUST public regulon: Prrx2 (mouse)	candidate	public_source_membership	2	2	exclude	Candidate source grouping only; not an exhaustive or context-specific biological regulon and not part of the frozen mechanism bundle.
TRRUST|TRRUST_v2_snapshot_2026-08-25|mouse|ptf1a	TRRUST	TRRUST_v2_snapshot_2026-08-25	mouse	Ptf1a	ptf1a	TRRUST public regulon: Ptf1a (mouse)	candidate	public_source_membership	4	4	exclude	Candidate source grouping only; not an exhaustive or context-specific biological regulon and not part of the frozen mechanism bundle.
TRRUST|TRRUST_v2_snapshot_2026-08-25|mouse|pth	TRRUST	TRRUST_v2_snapshot_2026-08-25	mouse	Pth	pth	TRRUST public regulon: Pth (mouse)	candidate	public_source_membership	1	1	exclude	Candidate source grouping only; not an exhaustive or context-specific biological regulon and not part of the frozen mechanism bundle.
TRRUST|TRRUST_v2_snapshot_2026-08-25|mouse|pthlh	TRRUST	TRRUST_v2_snapshot_2026-08-25	mouse	Pthlh	pthlh	TRRUST public regulon: Pthlh (mouse)	candidate	public_source_membership	2	2	exclude	Candidate source grouping only; not an exhaustive or context-specific biological regulon and not part of the frozen mechanism bundle.
TRRUST|TRRUST_v2_snapshot_2026-08-25|mouse|pttg1	TRRUST	TRRUST_v2_snapshot_2026-08-25	mouse	Pttg1	pttg1	TRRUST public regulon: Pttg1 (mouse)	candidate	public_source_membership	1	1	exclude	Candidate source grouping only; not an exhaustive or context-specific biological regulon and not part of the frozen mechanism bundle.
TRRUST|TRRUST_v2_snapshot_2026-08-25|mouse|pura	TRRUST	TRRUST_v2_snapshot_2026-08-25	mouse	Pura	pura	TRRUST public regulon: Pura (mouse)	candidate	public_source_membership	2	2	exclude	Candidate source grouping only; not an exhaustive or context-specific biological regulon and not part of the frozen mechanism bundle.
TRRUST|TRRUST_v2_snapshot_2026-08-25|mouse|pwp1	TRRUST	TRRUST_v2_snapshot_2026-08-25	mouse	Pwp1	pwp1	TRRUST public regulon: Pwp1 (mouse)	candidate	public_source_membership	1	1	exclude	Candidate source grouping only; not an exhaustive or context-specific biological regulon and not part of the frozen mechanism bundle.
TRRUST|TRRUST_v2_snapshot_2026-08-25|mouse|pygo2	TRRUST	TRRUST_v2_snapshot_2026-08-25	mouse	Pygo2	pygo2	TRRUST public regulon: Pygo2 (mouse)	candidate	public_source_membership	1	1	exclude	Candidate source grouping only; not an exhaustive or context-specific biological regulon and not part of the frozen mechanism bundle.
TRRUST|TRRUST_v2_snapshot_2026-08-25|mouse|raf1	TRRUST	TRRUST_v2_snapshot_2026-08-25	mouse	Raf1	raf1	TRRUST public regulon: Raf1 (mouse)	candidate	public_source_membership	1	1	exclude	Candidate source grouping only; not an exhaustive or context-specific biological regulon and not part of the frozen mechanism bundle.
TRRUST|TRRUST_v2_snapshot_2026-08-25|mouse|rala	TRRUST	TRRUST_v2_snapshot_2026-08-25	mouse	Rala	rala	TRRUST public regulon: Rala (mouse)	candidate	public_source_membership	1	1	exclude	Candidate source grouping only; not an exhaustive or context-specific biological regulon and not part of the frozen mechanism bundle.
TRRUST|TRRUST_v2_snapshot_2026-08-25|mouse|rara	TRRUST	TRRUST_v2_snapshot_2026-08-25	mouse	Rara	rara	TRRUST public regulon: Rara (mouse)	candidate	public_source_membership	11	11	exclude	Candidate source grouping only; not an exhaustive or context-specific biological regulon and not part of the frozen mechanism bundle.
TRRUST|TRRUST_v2_snapshot_2026-08-25|mouse|rarb	TRRUST	TRRUST_v2_snapshot_2026-08-25	mouse	Rarb	rarb	TRRUST public regulon: Rarb (mouse)	candidate	public_source_membership	3	3	exclude	Candidate source grouping only; not an exhaustive or context-specific biological regulon and not part of the frozen mechanism bundle.
TRRUST|TRRUST_v2_snapshot_2026-08-25|mouse|rarg	TRRUST	TRRUST_v2_snapshot_2026-08-25	mouse	Rarg	rarg	TRRUST public regulon: Rarg (mouse)	candidate	public_source_membership	4	4	exclude	Candidate source grouping only; not an exhaustive or context-specific biological regulon and not part of the frozen mechanism bundle.
TRRUST|TRRUST_v2_snapshot_2026-08-25|mouse|rax	TRRUST	TRRUST_v2_snapshot_2026-08-25	mouse	Rax	rax	TRRUST public regulon: Rax (mouse)	candidate	public_source_membership	1	1	exclude	Candidate source grouping only; not an exhaustive or context-specific biological regulon and not part of the frozen mechanism bundle.
TRRUST|TRRUST_v2_snapshot_2026-08-25|mouse|rb1	TRRUST	TRRUST_v2_snapshot_2026-08-25	mouse	Rb1	rb1	TRRUST public regulon: Rb1 (mouse)	candidate	public_source_membership	23	23	exclude	Candidate source grouping only; not an exhaustive or context-specific biological regulon and not part of the frozen mechanism bundle.
TRRUST|TRRUST_v2_snapshot_2026-08-25|mouse|rbl1	TRRUST	TRRUST_v2_snapshot_2026-08-25	mouse	Rbl1	rbl1	TRRUST public regulon: Rbl1 (mouse)	candidate	public_source_membership	6	6	exclude	Candidate source grouping only; not an exhaustive or context-specific biological regulon and not part of the frozen mechanism bundle.
TRRUST|TRRUST_v2_snapshot_2026-08-25|mouse|rbl2	TRRUST	TRRUST_v2_snapshot_2026-08-25	mouse	Rbl2	rbl2	TRRUST public regulon: Rbl2 (mouse)	candidate	public_source_membership	10	10	exclude	Candidate source grouping only; not an exhaustive or context-specific biological regulon and not part of the frozen mechanism bundle.
TRRUST|TRRUST_v2_snapshot_2026-08-25|mouse|rbmx	TRRUST	TRRUST_v2_snapshot_2026-08-25	mouse	Rbmx	rbmx	TRRUST public regulon: Rbmx (mouse)	candidate	public_source_membership	1	1	exclude	Candidate source grouping only; not an exhaustive or context-specific biological regulon and not part of the frozen mechanism bundle.
TRRUST|TRRUST_v2_snapshot_2026-08-25|mouse|rbpj	TRRUST	TRRUST_v2_snapshot_2026-08-25	mouse	Rbpj	rbpj	TRRUST public regulon: Rbpj (mouse)	candidate	public_source_membership	21	21	exclude	Candidate source grouping only; not an exhaustive or context-specific biological regulon and not part of the frozen mechanism bundle.
TRRUST|TRRUST_v2_snapshot_2026-08-25|mouse|rel	TRRUST	TRRUST_v2_snapshot_2026-08-25	mouse	Rel	rel	TRRUST public regulon: Rel (mouse)	candidate	public_source_membership	36	36	exclude	Candidate source grouping only; not an exhaustive or context-specific biological regulon and not part of the frozen mechanism bundle.
TRRUST|TRRUST_v2_snapshot_2026-08-25|mouse|rela	TRRUST	TRRUST_v2_snapshot_2026-08-25	mouse	Rela	rela	TRRUST public regulon: Rela (mouse)	candidate	public_source_membership	143	143	exclude	Candidate source grouping only; not an exhaustive or context-specific biological regulon and not part of the frozen mechanism bundle.
TRRUST|TRRUST_v2_snapshot_2026-08-25|mouse|relb	TRRUST	TRRUST_v2_snapshot_2026-08-25	mouse	Relb	relb	TRRUST public regulon: Relb (mouse)	candidate	public_source_membership	9	9	exclude	Candidate source grouping only; not an exhaustive or context-specific biological regulon and not part of the frozen mechanism bundle.
TRRUST|TRRUST_v2_snapshot_2026-08-25|mouse|rere	TRRUST	TRRUST_v2_snapshot_2026-08-25	mouse	Rere	rere	TRRUST public regulon: Rere (mouse)	candidate	public_source_membership	1	1	exclude	Candidate source grouping only; not an exhaustive or context-specific biological regulon and not part of the frozen mechanism bundle.
TRRUST|TRRUST_v2_snapshot_2026-08-25|mouse|rest	TRRUST	TRRUST_v2_snapshot_2026-08-25	mouse	Rest	rest	TRRUST public regulon: Rest (mouse)	candidate	public_source_membership	17	17	exclude	Candidate source grouping only; not an exhaustive or context-specific biological regulon and not part of the frozen mechanism bundle.
TRRUST|TRRUST_v2_snapshot_2026-08-25|mouse|rfx1	TRRUST	TRRUST_v2_snapshot_2026-08-25	mouse	Rfx1	rfx1	TRRUST public regulon: Rfx1 (mouse)	candidate	public_source_membership	2	2	exclude	Candidate source grouping only; not an exhaustive or context-specific biological regulon and not part of the frozen mechanism bundle.
TRRUST|TRRUST_v2_snapshot_2026-08-25|mouse|rfx3	TRRUST	TRRUST_v2_snapshot_2026-08-25	mouse	Rfx3	rfx3	TRRUST public regulon: Rfx3 (mouse)	candidate	public_source_membership	1	1	exclude	Candidate source grouping only; not an exhaustive or context-specific biological regulon and not part of the frozen mechanism bundle.
TRRUST|TRRUST_v2_snapshot_2026-08-25|mouse|rfx4	TRRUST	TRRUST_v2_snapshot_2026-08-25	mouse	Rfx4	rfx4	TRRUST public regulon: Rfx4 (mouse)	candidate	public_source_membership	1	1	exclude	Candidate source grouping only; not an exhaustive or context-specific biological regulon and not part of the frozen mechanism bundle.
TRRUST|TRRUST_v2_snapshot_2026-08-25|mouse|rfx5	TRRUST	TRRUST_v2_snapshot_2026-08-25	mouse	Rfx5	rfx5	TRRUST public regulon: Rfx5 (mouse)	candidate	public_source_membership	8	8	exclude	Candidate source grouping only; not an exhaustive or context-specific biological regulon and not part of the frozen mechanism bundle.
TRRUST|TRRUST_v2_snapshot_2026-08-25|mouse|rfxank	TRRUST	TRRUST_v2_snapshot_2026-08-25	mouse	Rfxank	rfxank	TRRUST public regulon: Rfxank (mouse)	candidate	public_source_membership	8	8	exclude	Candidate source grouping only; not an exhaustive or context-specific biological regulon and not part of the frozen mechanism bundle.
TRRUST|TRRUST_v2_snapshot_2026-08-25|mouse|rfxap	TRRUST	TRRUST_v2_snapshot_2026-08-25	mouse	Rfxap	rfxap	TRRUST public regulon: Rfxap (mouse)	candidate	public_source_membership	8	8	exclude	Candidate source grouping only; not an exhaustive or context-specific biological regulon and not part of the frozen mechanism bundle.
TRRUST|TRRUST_v2_snapshot_2026-08-25|mouse|rnf2	TRRUST	TRRUST_v2_snapshot_2026-08-25	mouse	Rnf2	rnf2	TRRUST public regulon: Rnf2 (mouse)	candidate	public_source_membership	8	8	exclude	Candidate source grouping only; not an exhaustive or context-specific biological regulon and not part of the frozen mechanism bundle.
TRRUST|TRRUST_v2_snapshot_2026-08-25|mouse|rora	TRRUST	TRRUST_v2_snapshot_2026-08-25	mouse	Rora	rora	TRRUST public regulon: Rora (mouse)	candidate	public_source_membership	11	11	exclude	Candidate source grouping only; not an exhaustive or context-specific biological regulon and not part of the frozen mechanism bundle.
TRRUST|TRRUST_v2_snapshot_2026-08-25|mouse|rps6ka5	TRRUST	TRRUST_v2_snapshot_2026-08-25	mouse	Rps6ka5	rps6ka5	TRRUST public regulon: Rps6ka5 (mouse)	candidate	public_source_membership	1	1	exclude	Candidate source grouping only; not an exhaustive or context-specific biological regulon and not part of the frozen mechanism bundle.
TRRUST|TRRUST_v2_snapshot_2026-08-25|mouse|runx1	TRRUST	TRRUST_v2_snapshot_2026-08-25	mouse	Runx1	runx1	TRRUST public regulon: Runx1 (mouse)	candidate	public_source_membership	17	17	exclude	Candidate source grouping only; not an exhaustive or context-specific biological regulon and not part of the frozen mechanism bundle.
TRRUST|TRRUST_v2_snapshot_2026-08-25|mouse|runx1t1	TRRUST	TRRUST_v2_snapshot_2026-08-25	mouse	Runx1t1	runx1t1	TRRUST public regulon: Runx1t1 (mouse)	candidate	public_source_membership	3	3	exclude	Candidate source grouping only; not an exhaustive or context-specific biological regulon and not part of the frozen mechanism bundle.
TRRUST|TRRUST_v2_snapshot_2026-08-25|mouse|runx2	TRRUST	TRRUST_v2_snapshot_2026-08-25	mouse	Runx2	runx2	TRRUST public regulon: Runx2 (mouse)	candidate	public_source_membership	71	71	exclude	Candidate source grouping only; not an exhaustive or context-specific biological regulon and not part of the frozen mechanism bundle.
TRRUST|TRRUST_v2_snapshot_2026-08-25|mouse|runx3	TRRUST	TRRUST_v2_snapshot_2026-08-25	mouse	Runx3	runx3	TRRUST public regulon: Runx3 (mouse)	candidate	public_source_membership	9	9	exclude	Candidate source grouping only; not an exhaustive or context-specific biological regulon and not part of the frozen mechanism bundle.
TRRUST|TRRUST_v2_snapshot_2026-08-25|mouse|ruvbl2	TRRUST	TRRUST_v2_snapshot_2026-08-25	mouse	Ruvbl2	ruvbl2	TRRUST public regulon: Ruvbl2 (mouse)	candidate	public_source_membership	1	1	exclude	Candidate source grouping only; not an exhaustive or context-specific biological regulon and not part of the frozen mechanism bundle.
TRRUST|TRRUST_v2_snapshot_2026-08-25|mouse|rxra	TRRUST	TRRUST_v2_snapshot_2026-08-25	mouse	Rxra	rxra	TRRUST public regulon: Rxra (mouse)	candidate	public_source_membership	16	16	exclude	Candidate source grouping only; not an exhaustive or context-specific biological regulon and not part of the frozen mechanism bundle.
TRRUST|TRRUST_v2_snapshot_2026-08-25|mouse|rxrb	TRRUST	TRRUST_v2_snapshot_2026-08-25	mouse	Rxrb	rxrb	TRRUST public regulon: Rxrb (mouse)	candidate	public_source_membership	1	1	exclude	Candidate source grouping only; not an exhaustive or context-specific biological regulon and not part of the frozen mechanism bundle.
TRRUST|TRRUST_v2_snapshot_2026-08-25|mouse|sall1	TRRUST	TRRUST_v2_snapshot_2026-08-25	mouse	Sall1	sall1	TRRUST public regulon: Sall1 (mouse)	candidate	public_source_membership	1	1	exclude	Candidate source grouping only; not an exhaustive or context-specific biological regulon and not part of the frozen mechanism bundle.
TRRUST|TRRUST_v2_snapshot_2026-08-25|mouse|sall2	TRRUST	TRRUST_v2_snapshot_2026-08-25	mouse	Sall2	sall2	TRRUST public regulon: Sall2 (mouse)	candidate	public_source_membership	3	3	exclude	Candidate source grouping only; not an exhaustive or context-specific biological regulon and not part of the frozen mechanism bundle.
TRRUST|TRRUST_v2_snapshot_2026-08-25|mouse|sall4	TRRUST	TRRUST_v2_snapshot_2026-08-25	mouse	Sall4	sall4	TRRUST public regulon: Sall4 (mouse)	candidate	public_source_membership	5	5	exclude	Candidate source grouping only; not an exhaustive or context-specific biological regulon and not part of the frozen mechanism bundle.
TRRUST|TRRUST_v2_snapshot_2026-08-25|mouse|satb1	TRRUST	TRRUST_v2_snapshot_2026-08-25	mouse	Satb1	satb1	TRRUST public regulon: Satb1 (mouse)	candidate	public_source_membership	6	6	exclude	Candidate source grouping only; not an exhaustive or context-specific biological regulon and not part of the frozen mechanism bundle.
TRRUST|TRRUST_v2_snapshot_2026-08-25|mouse|satb2	TRRUST	TRRUST_v2_snapshot_2026-08-25	mouse	Satb2	satb2	TRRUST public regulon: Satb2 (mouse)	candidate	public_source_membership	2	2	exclude	Candidate source grouping only; not an exhaustive or context-specific biological regulon and not part of the frozen mechanism bundle.
TRRUST|TRRUST_v2_snapshot_2026-08-25|mouse|scx	TRRUST	TRRUST_v2_snapshot_2026-08-25	mouse	Scx	scx	TRRUST public regulon: Scx (mouse)	candidate	public_source_membership	1	1	exclude	Candidate source grouping only; not an exhaustive or context-specific biological regulon and not part of the frozen mechanism bundle.
TRRUST|TRRUST_v2_snapshot_2026-08-25|mouse|sertad1	TRRUST	TRRUST_v2_snapshot_2026-08-25	mouse	Sertad1	sertad1	TRRUST public regulon: Sertad1 (mouse)	candidate	public_source_membership	2	2	exclude	Candidate source grouping only; not an exhaustive or context-specific biological regulon and not part of the frozen mechanism bundle.
TRRUST|TRRUST_v2_snapshot_2026-08-25|mouse|setbp1	TRRUST	TRRUST_v2_snapshot_2026-08-25	mouse	Setbp1	setbp1	TRRUST public regulon: Setbp1 (mouse)	candidate	public_source_membership	1	1	exclude	Candidate source grouping only; not an exhaustive or context-specific biological regulon and not part of the frozen mechanism bundle.
TRRUST|TRRUST_v2_snapshot_2026-08-25|mouse|sf1	TRRUST	TRRUST_v2_snapshot_2026-08-25	mouse	Sf1	sf1	TRRUST public regulon: Sf1 (mouse)	candidate	public_source_membership	18	18	exclude	Candidate source grouping only; not an exhaustive or context-specific biological regulon and not part of the frozen mechanism bundle.
TRRUST|TRRUST_v2_snapshot_2026-08-25|mouse|sfpq	TRRUST	TRRUST_v2_snapshot_2026-08-25	mouse	Sfpq	sfpq	TRRUST public regulon: Sfpq (mouse)	candidate	public_source_membership	1	1	exclude	Candidate source grouping only; not an exhaustive or context-specific biological regulon and not part of the frozen mechanism bundle.
TRRUST|TRRUST_v2_snapshot_2026-08-25|mouse|shh	TRRUST	TRRUST_v2_snapshot_2026-08-25	mouse	Shh	shh	TRRUST public regulon: Shh (mouse)	candidate	public_source_membership	1	1	exclude	Candidate source grouping only; not an exhaustive or context-specific biological regulon and not part of the frozen mechanism bundle.
TRRUST|TRRUST_v2_snapshot_2026-08-25|mouse|shox2	TRRUST	TRRUST_v2_snapshot_2026-08-25	mouse	Shox2	shox2	TRRUST public regulon: Shox2 (mouse)	candidate	public_source_membership	4	4	exclude	Candidate source grouping only; not an exhaustive or context-specific biological regulon and not part of the frozen mechanism bundle.
TRRUST|TRRUST_v2_snapshot_2026-08-25|mouse|sim1	TRRUST	TRRUST_v2_snapshot_2026-08-25	mouse	Sim1	sim1	TRRUST public regulon: Sim1 (mouse)	candidate	public_source_membership	1	1	exclude	Candidate source grouping only; not an exhaustive or context-specific biological regulon and not part of the frozen mechanism bundle.
TRRUST|TRRUST_v2_snapshot_2026-08-25|mouse|sim2	TRRUST	TRRUST_v2_snapshot_2026-08-25	mouse	Sim2	sim2	TRRUST public regulon: Sim2 (mouse)	candidate	public_source_membership	2	2	exclude	Candidate source grouping only; not an exhaustive or context-specific biological regulon and not part of the frozen mechanism bundle.
TRRUST|TRRUST_v2_snapshot_2026-08-25|mouse|sin3a	TRRUST	TRRUST_v2_snapshot_2026-08-25	mouse	Sin3a	sin3a	TRRUST public regulon: Sin3a (mouse)	candidate	public_source_membership	7	7	exclude	Candidate source grouping only; not an exhaustive or context-specific biological regulon and not part of the frozen mechanism bundle.
TRRUST|TRRUST_v2_snapshot_2026-08-25|mouse|sin3b	TRRUST	TRRUST_v2_snapshot_2026-08-25	mouse	Sin3b	sin3b	TRRUST public regulon: Sin3b (mouse)	candidate	public_source_membership	1	1	exclude	Candidate source grouping only; not an exhaustive or context-specific biological regulon and not part of the frozen mechanism bundle.
TRRUST|TRRUST_v2_snapshot_2026-08-25|mouse|sirt1	TRRUST	TRRUST_v2_snapshot_2026-08-25	mouse	Sirt1	sirt1	TRRUST public regulon: Sirt1 (mouse)	candidate	public_source_membership	28	28	exclude	Candidate source grouping only; not an exhaustive or context-specific biological regulon and not part of the frozen mechanism bundle.
TRRUST|TRRUST_v2_snapshot_2026-08-25|mouse|sirt5	TRRUST	TRRUST_v2_snapshot_2026-08-25	mouse	Sirt5	sirt5	TRRUST public regulon: Sirt5 (mouse)	candidate	public_source_membership	1	1	exclude	Candidate source grouping only; not an exhaustive or context-specific biological regulon and not part of the frozen mechanism bundle.
TRRUST|TRRUST_v2_snapshot_2026-08-25|mouse|six1	TRRUST	TRRUST_v2_snapshot_2026-08-25	mouse	Six1	six1	TRRUST public regulon: Six1 (mouse)	candidate	public_source_membership	14	14	exclude	Candidate source grouping only; not an exhaustive or context-specific biological regulon and not part of the frozen mechanism bundle.
TRRUST|TRRUST_v2_snapshot_2026-08-25|mouse|six2	TRRUST	TRRUST_v2_snapshot_2026-08-25	mouse	Six2	six2	TRRUST public regulon: Six2 (mouse)	candidate	public_source_membership	5	5	exclude	Candidate source grouping only; not an exhaustive or context-specific biological regulon and not part of the frozen mechanism bundle.
TRRUST|TRRUST_v2_snapshot_2026-08-25|mouse|six3	TRRUST	TRRUST_v2_snapshot_2026-08-25	mouse	Six3	six3	TRRUST public regulon: Six3 (mouse)	candidate	public_source_membership	5	5	exclude	Candidate source grouping only; not an exhaustive or context-specific biological regulon and not part of the frozen mechanism bundle.
TRRUST|TRRUST_v2_snapshot_2026-08-25|mouse|six4	TRRUST	TRRUST_v2_snapshot_2026-08-25	mouse	Six4	six4	TRRUST public regulon: Six4 (mouse)	candidate	public_source_membership	1	1	exclude	Candidate source grouping only; not an exhaustive or context-specific biological regulon and not part of the frozen mechanism bundle.
TRRUST|TRRUST_v2_snapshot_2026-08-25|mouse|six5	TRRUST	TRRUST_v2_snapshot_2026-08-25	mouse	Six5	six5	TRRUST public regulon: Six5 (mouse)	candidate	public_source_membership	1	1	exclude	Candidate source grouping only; not an exhaustive or context-specific biological regulon and not part of the frozen mechanism bundle.
TRRUST|TRRUST_v2_snapshot_2026-08-25|mouse|six6	TRRUST	TRRUST_v2_snapshot_2026-08-25	mouse	Six6	six6	TRRUST public regulon: Six6 (mouse)	candidate	public_source_membership	1	1	exclude	Candidate source grouping only; not an exhaustive or context-specific biological regulon and not part of the frozen mechanism bundle.
TRRUST|TRRUST_v2_snapshot_2026-08-25|mouse|ski	TRRUST	TRRUST_v2_snapshot_2026-08-25	mouse	Ski	ski	TRRUST public regulon: Ski (mouse)	candidate	public_source_membership	3	3	exclude	Candidate source grouping only; not an exhaustive or context-specific biological regulon and not part of the frozen mechanism bundle.
TRRUST|TRRUST_v2_snapshot_2026-08-25|mouse|skil	TRRUST	TRRUST_v2_snapshot_2026-08-25	mouse	Skil	skil	TRRUST public regulon: Skil (mouse)	candidate	public_source_membership	5	5	exclude	Candidate source grouping only; not an exhaustive or context-specific biological regulon and not part of the frozen mechanism bundle.
TRRUST|TRRUST_v2_snapshot_2026-08-25|mouse|sla2	TRRUST	TRRUST_v2_snapshot_2026-08-25	mouse	Sla2	sla2	TRRUST public regulon: Sla2 (mouse)	candidate	public_source_membership	2	2	exclude	Candidate source grouping only; not an exhaustive or context-specific biological regulon and not part of the frozen mechanism bundle.
TRRUST|TRRUST_v2_snapshot_2026-08-25|mouse|smad1	TRRUST	TRRUST_v2_snapshot_2026-08-25	mouse	Smad1	smad1	TRRUST public regulon: Smad1 (mouse)	candidate	public_source_membership	25	25	exclude	Candidate source grouping only; not an exhaustive or context-specific biological regulon and not part of the frozen mechanism bundle.
TRRUST|TRRUST_v2_snapshot_2026-08-25|mouse|smad2	TRRUST	TRRUST_v2_snapshot_2026-08-25	mouse	Smad2	smad2	TRRUST public regulon: Smad2 (mouse)	candidate	public_source_membership	19	19	exclude	Candidate source grouping only; not an exhaustive or context-specific biological regulon and not part of the frozen mechanism bundle.
TRRUST|TRRUST_v2_snapshot_2026-08-25|mouse|smad3	TRRUST	TRRUST_v2_snapshot_2026-08-25	mouse	Smad3	smad3	TRRUST public regulon: Smad3 (mouse)	candidate	public_source_membership	55	55	exclude	Candidate source grouping only; not an exhaustive or context-specific biological regulon and not part of the frozen mechanism bundle.
TRRUST|TRRUST_v2_snapshot_2026-08-25|mouse|smad4	TRRUST	TRRUST_v2_snapshot_2026-08-25	mouse	Smad4	smad4	TRRUST public regulon: Smad4 (mouse)	candidate	public_source_membership	40	40	exclude	Candidate source grouping only; not an exhaustive or context-specific biological regulon and not part of the frozen mechanism bundle.
TRRUST|TRRUST_v2_snapshot_2026-08-25|mouse|smad5	TRRUST	TRRUST_v2_snapshot_2026-08-25	mouse	Smad5	smad5	TRRUST public regulon: Smad5 (mouse)	candidate	public_source_membership	10	10	exclude	Candidate source grouping only; not an exhaustive or context-specific biological regulon and not part of the frozen mechanism bundle.
TRRUST|TRRUST_v2_snapshot_2026-08-25|mouse|smad6	TRRUST	TRRUST_v2_snapshot_2026-08-25	mouse	Smad6	smad6	TRRUST public regulon: Smad6 (mouse)	candidate	public_source_membership	5	5	exclude	Candidate source grouping only; not an exhaustive or context-specific biological regulon and not part of the frozen mechanism bundle.
TRRUST|TRRUST_v2_snapshot_2026-08-25|mouse|smad7	TRRUST	TRRUST_v2_snapshot_2026-08-25	mouse	Smad7	smad7	TRRUST public regulon: Smad7 (mouse)	candidate	public_source_membership	8	8	exclude	Candidate source grouping only; not an exhaustive or context-specific biological regulon and not part of the frozen mechanism bundle.
TRRUST|TRRUST_v2_snapshot_2026-08-25|mouse|smad9	TRRUST	TRRUST_v2_snapshot_2026-08-25	mouse	Smad9	smad9	TRRUST public regulon: Smad9 (mouse)	candidate	public_source_membership	2	2	exclude	Candidate source grouping only; not an exhaustive or context-specific biological regulon and not part of the frozen mechanism bundle.
TRRUST|TRRUST_v2_snapshot_2026-08-25|mouse|smarca2	TRRUST	TRRUST_v2_snapshot_2026-08-25	mouse	Smarca2	smarca2	TRRUST public regulon: Smarca2 (mouse)	candidate	public_source_membership	5	5	exclude	Candidate source grouping only; not an exhaustive or context-specific biological regulon and not part of the frozen mechanism bundle.
TRRUST|TRRUST_v2_snapshot_2026-08-25|mouse|smarca4	TRRUST	TRRUST_v2_snapshot_2026-08-25	mouse	Smarca4	smarca4	TRRUST public regulon: Smarca4 (mouse)	candidate	public_source_membership	21	21	exclude	Candidate source grouping only; not an exhaustive or context-specific biological regulon and not part of the frozen mechanism bundle.
TRRUST|TRRUST_v2_snapshot_2026-08-25|mouse|smarca5	TRRUST	TRRUST_v2_snapshot_2026-08-25	mouse	Smarca5	smarca5	TRRUST public regulon: Smarca5 (mouse)	candidate	public_source_membership	1	1	exclude	Candidate source grouping only; not an exhaustive or context-specific biological regulon and not part of the frozen mechanism bundle.
TRRUST|TRRUST_v2_snapshot_2026-08-25|mouse|smarcc1	TRRUST	TRRUST_v2_snapshot_2026-08-25	mouse	Smarcc1	smarcc1	TRRUST public regulon: Smarcc1 (mouse)	candidate	public_source_membership	2	2	exclude	Candidate source grouping only; not an exhaustive or context-specific biological regulon and not part of the frozen mechanism bundle.
TRRUST|TRRUST_v2_snapshot_2026-08-25|mouse|smarcd1	TRRUST	TRRUST_v2_snapshot_2026-08-25	mouse	Smarcd1	smarcd1	TRRUST public regulon: Smarcd1 (mouse)	candidate	public_source_membership	2	2	exclude	Candidate source grouping only; not an exhaustive or context-specific biological regulon and not part of the frozen mechanism bundle.
TRRUST|TRRUST_v2_snapshot_2026-08-25|mouse|smarce1	TRRUST	TRRUST_v2_snapshot_2026-08-25	mouse	Smarce1	smarce1	TRRUST public regulon: Smarce1 (mouse)	candidate	public_source_membership	1	1	exclude	Candidate source grouping only; not an exhaustive or context-specific biological regulon and not part of the frozen mechanism bundle.
TRRUST|TRRUST_v2_snapshot_2026-08-25|mouse|smurf1	TRRUST	TRRUST_v2_snapshot_2026-08-25	mouse	Smurf1	smurf1	TRRUST public regulon: Smurf1 (mouse)	candidate	public_source_membership	1	1	exclude	Candidate source grouping only; not an exhaustive or context-specific biological regulon and not part of the frozen mechanism bundle.
TRRUST|TRRUST_v2_snapshot_2026-08-25|mouse|smurf2	TRRUST	TRRUST_v2_snapshot_2026-08-25	mouse	Smurf2	smurf2	TRRUST public regulon: Smurf2 (mouse)	candidate	public_source_membership	3	3	exclude	Candidate source grouping only; not an exhaustive or context-specific biological regulon and not part of the frozen mechanism bundle.
TRRUST|TRRUST_v2_snapshot_2026-08-25|mouse|smyd1	TRRUST	TRRUST_v2_snapshot_2026-08-25	mouse	Smyd1	smyd1	TRRUST public regulon: Smyd1 (mouse)	candidate	public_source_membership	1	1	exclude	Candidate source grouping only; not an exhaustive or context-specific biological regulon and not part of the frozen mechanism bundle.
TRRUST|TRRUST_v2_snapshot_2026-08-25|mouse|snai1	TRRUST	TRRUST_v2_snapshot_2026-08-25	mouse	Snai1	snai1	TRRUST public regulon: Snai1 (mouse)	candidate	public_source_membership	31	31	exclude	Candidate source grouping only; not an exhaustive or context-specific biological regulon and not part of the frozen mechanism bundle.
TRRUST|TRRUST_v2_snapshot_2026-08-25|mouse|snai2	TRRUST	TRRUST_v2_snapshot_2026-08-25	mouse	Snai2	snai2	TRRUST public regulon: Snai2 (mouse)	candidate	public_source_membership	11	11	exclude	Candidate source grouping only; not an exhaustive or context-specific biological regulon and not part of the frozen mechanism bundle.
TRRUST|TRRUST_v2_snapshot_2026-08-25|mouse|snd1	TRRUST	TRRUST_v2_snapshot_2026-08-25	mouse	Snd1	snd1	TRRUST public regulon: Snd1 (mouse)	candidate	public_source_membership	1	1	exclude	Candidate source grouping only; not an exhaustive or context-specific biological regulon and not part of the frozen mechanism bundle.
TRRUST|TRRUST_v2_snapshot_2026-08-25|mouse|sox10	TRRUST	TRRUST_v2_snapshot_2026-08-25	mouse	Sox10	sox10	TRRUST public regulon: Sox10 (mouse)	candidate	public_source_membership	15	15	exclude	Candidate source grouping only; not an exhaustive or context-specific biological regulon and not part of the frozen mechanism bundle.
TRRUST|TRRUST_v2_snapshot_2026-08-25|mouse|sox11	TRRUST	TRRUST_v2_snapshot_2026-08-25	mouse	Sox11	sox11	TRRUST public regulon: Sox11 (mouse)	candidate	public_source_membership	3	3	exclude	Candidate source grouping only; not an exhaustive or context-specific biological regulon and not part of the frozen mechanism bundle.
TRRUST|TRRUST_v2_snapshot_2026-08-25|mouse|sox14	TRRUST	TRRUST_v2_snapshot_2026-08-25	mouse	Sox14	sox14	TRRUST public regulon: Sox14 (mouse)	candidate	public_source_membership	1	1	exclude	Candidate source grouping only; not an exhaustive or context-specific biological regulon and not part of the frozen mechanism bundle.
TRRUST|TRRUST_v2_snapshot_2026-08-25|mouse|sox15	TRRUST	TRRUST_v2_snapshot_2026-08-25	mouse	Sox15	sox15	TRRUST public regulon: Sox15 (mouse)	candidate	public_source_membership	2	2	exclude	Candidate source grouping only; not an exhaustive or context-specific biological regulon and not part of the frozen mechanism bundle.
TRRUST|TRRUST_v2_snapshot_2026-08-25|mouse|sox17	TRRUST	TRRUST_v2_snapshot_2026-08-25	mouse	Sox17	sox17	TRRUST public regulon: Sox17 (mouse)	candidate	public_source_membership	13	13	exclude	Candidate source grouping only; not an exhaustive or context-specific biological regulon and not part of the frozen mechanism bundle.
TRRUST|TRRUST_v2_snapshot_2026-08-25|mouse|sox18	TRRUST	TRRUST_v2_snapshot_2026-08-25	mouse	Sox18	sox18	TRRUST public regulon: Sox18 (mouse)	candidate	public_source_membership	3	3	exclude	Candidate source grouping only; not an exhaustive or context-specific biological regulon and not part of the frozen mechanism bundle.
TRRUST|TRRUST_v2_snapshot_2026-08-25|mouse|sox2	TRRUST	TRRUST_v2_snapshot_2026-08-25	mouse	Sox2	sox2	TRRUST public regulon: Sox2 (mouse)	candidate	public_source_membership	34	34	exclude	Candidate source grouping only; not an exhaustive or context-specific biological regulon and not part of the frozen mechanism bundle.
TRRUST|TRRUST_v2_snapshot_2026-08-25|mouse|sox21	TRRUST	TRRUST_v2_snapshot_2026-08-25	mouse	Sox21	sox21	TRRUST public regulon: Sox21 (mouse)	candidate	public_source_membership	1	1	exclude	Candidate source grouping only; not an exhaustive or context-specific biological regulon and not part of the frozen mechanism bundle.
TRRUST|TRRUST_v2_snapshot_2026-08-25|mouse|sox4	TRRUST	TRRUST_v2_snapshot_2026-08-25	mouse	Sox4	sox4	TRRUST public regulon: Sox4 (mouse)	candidate	public_source_membership	6	6	exclude	Candidate source grouping only; not an exhaustive or context-specific biological regulon and not part of the frozen mechanism bundle.
TRRUST|TRRUST_v2_snapshot_2026-08-25|mouse|sox5	TRRUST	TRRUST_v2_snapshot_2026-08-25	mouse	Sox5	sox5	TRRUST public regulon: Sox5 (mouse)	candidate	public_source_membership	6	6	exclude	Candidate source grouping only; not an exhaustive or context-specific biological regulon and not part of the frozen mechanism bundle.
TRRUST|TRRUST_v2_snapshot_2026-08-25|mouse|sox6	TRRUST	TRRUST_v2_snapshot_2026-08-25	mouse	Sox6	sox6	TRRUST public regulon: Sox6 (mouse)	candidate	public_source_membership	4	4	exclude	Candidate source grouping only; not an exhaustive or context-specific biological regulon and not part of the frozen mechanism bundle.
TRRUST|TRRUST_v2_snapshot_2026-08-25|mouse|sox7	TRRUST	TRRUST_v2_snapshot_2026-08-25	mouse	Sox7	sox7	TRRUST public regulon: Sox7 (mouse)	candidate	public_source_membership	3	3	exclude	Candidate source grouping only; not an exhaustive or context-specific biological regulon and not part of the frozen mechanism bundle.
TRRUST|TRRUST_v2_snapshot_2026-08-25|mouse|sox8	TRRUST	TRRUST_v2_snapshot_2026-08-25	mouse	Sox8	sox8	TRRUST public regulon: Sox8 (mouse)	candidate	public_source_membership	4	4	exclude	Candidate source grouping only; not an exhaustive or context-specific biological regulon and not part of the frozen mechanism bundle.
TRRUST|TRRUST_v2_snapshot_2026-08-25|mouse|sox9	TRRUST	TRRUST_v2_snapshot_2026-08-25	mouse	Sox9	sox9	TRRUST public regulon: Sox9 (mouse)	candidate	public_source_membership	33	33	exclude	Candidate source grouping only; not an exhaustive or context-specific biological regulon and not part of the frozen mechanism bundle.
TRRUST|TRRUST_v2_snapshot_2026-08-25|mouse|sp1	TRRUST	TRRUST_v2_snapshot_2026-08-25	mouse	Sp1	sp1	TRRUST public regulon: Sp1 (mouse)	candidate	public_source_membership	301	301	exclude	Candidate source grouping only; not an exhaustive or context-specific biological regulon and not part of the frozen mechanism bundle.
TRRUST|TRRUST_v2_snapshot_2026-08-25|mouse|sp2	TRRUST	TRRUST_v2_snapshot_2026-08-25	mouse	Sp2	sp2	TRRUST public regulon: Sp2 (mouse)	candidate	public_source_membership	9	9	exclude	Candidate source grouping only; not an exhaustive or context-specific biological regulon and not part of the frozen mechanism bundle.
TRRUST|TRRUST_v2_snapshot_2026-08-25|mouse|sp3	TRRUST	TRRUST_v2_snapshot_2026-08-25	mouse	Sp3	sp3	TRRUST public regulon: Sp3 (mouse)	candidate	public_source_membership	95	95	exclude	Candidate source grouping only; not an exhaustive or context-specific biological regulon and not part of the frozen mechanism bundle.
TRRUST|TRRUST_v2_snapshot_2026-08-25|mouse|sp4	TRRUST	TRRUST_v2_snapshot_2026-08-25	mouse	Sp4	sp4	TRRUST public regulon: Sp4 (mouse)	candidate	public_source_membership	8	8	exclude	Candidate source grouping only; not an exhaustive or context-specific biological regulon and not part of the frozen mechanism bundle.
TRRUST|TRRUST_v2_snapshot_2026-08-25|mouse|sp5	TRRUST	TRRUST_v2_snapshot_2026-08-25	mouse	Sp5	sp5	TRRUST public regulon: Sp5 (mouse)	candidate	public_source_membership	1	1	exclude	Candidate source grouping only; not an exhaustive or context-specific biological regulon and not part of the frozen mechanism bundle.
TRRUST|TRRUST_v2_snapshot_2026-08-25|mouse|sp7	TRRUST	TRRUST_v2_snapshot_2026-08-25	mouse	Sp7	sp7	TRRUST public regulon: Sp7 (mouse)	candidate	public_source_membership	20	20	exclude	Candidate source grouping only; not an exhaustive or context-specific biological regulon and not part of the frozen mechanism bundle.
TRRUST|TRRUST_v2_snapshot_2026-08-25|mouse|sp8	TRRUST	TRRUST_v2_snapshot_2026-08-25	mouse	Sp8	sp8	TRRUST public regulon: Sp8 (mouse)	candidate	public_source_membership	4	4	exclude	Candidate source grouping only; not an exhaustive or context-specific biological regulon and not part of the frozen mechanism bundle.
TRRUST|TRRUST_v2_snapshot_2026-08-25|mouse|sp9	TRRUST	TRRUST_v2_snapshot_2026-08-25	mouse	Sp9	sp9	TRRUST public regulon: Sp9 (mouse)	candidate	public_source_membership	1	1	exclude	Candidate source grouping only; not an exhaustive or context-specific biological regulon and not part of the frozen mechanism bundle.
TRRUST|TRRUST_v2_snapshot_2026-08-25|mouse|spdef	TRRUST	TRRUST_v2_snapshot_2026-08-25	mouse	Spdef	spdef	TRRUST public regulon: Spdef (mouse)	candidate	public_source_membership	6	6	exclude	Candidate source grouping only; not an exhaustive or context-specific biological regulon and not part of the frozen mechanism bundle.
TRRUST|TRRUST_v2_snapshot_2026-08-25|mouse|spen	TRRUST	TRRUST_v2_snapshot_2026-08-25	mouse	Spen	spen	TRRUST public regulon: Spen (mouse)	candidate	public_source_membership	1	1	exclude	Candidate source grouping only; not an exhaustive or context-specific biological regulon and not part of the frozen mechanism bundle.
TRRUST|TRRUST_v2_snapshot_2026-08-25|mouse|spi1	TRRUST	TRRUST_v2_snapshot_2026-08-25	mouse	Spi1	spi1	TRRUST public regulon: Spi1 (mouse)	candidate	public_source_membership	42	42	exclude	Candidate source grouping only; not an exhaustive or context-specific biological regulon and not part of the frozen mechanism bundle.
TRRUST|TRRUST_v2_snapshot_2026-08-25|mouse|spib	TRRUST	TRRUST_v2_snapshot_2026-08-25	mouse	Spib	spib	TRRUST public regulon: Spib (mouse)	candidate	public_source_membership	5	5	exclude	Candidate source grouping only; not an exhaustive or context-specific biological regulon and not part of the frozen mechanism bundle.
TRRUST|TRRUST_v2_snapshot_2026-08-25|mouse|spic	TRRUST	TRRUST_v2_snapshot_2026-08-25	mouse	Spic	spic	TRRUST public regulon: Spic (mouse)	candidate	public_source_membership	5	5	exclude	Candidate source grouping only; not an exhaustive or context-specific biological regulon and not part of the frozen mechanism bundle.
TRRUST|TRRUST_v2_snapshot_2026-08-25|mouse|srebf1	TRRUST	TRRUST_v2_snapshot_2026-08-25	mouse	Srebf1	srebf1	TRRUST public regulon: Srebf1 (mouse)	candidate	public_source_membership	39	39	exclude	Candidate source grouping only; not an exhaustive or context-specific biological regulon and not part of the frozen mechanism bundle.
TRRUST|TRRUST_v2_snapshot_2026-08-25|mouse|srebf2	TRRUST	TRRUST_v2_snapshot_2026-08-25	mouse	Srebf2	srebf2	TRRUST public regulon: Srebf2 (mouse)	candidate	public_source_membership	12	12	exclude	Candidate source grouping only; not an exhaustive or context-specific biological regulon and not part of the frozen mechanism bundle.
TRRUST|TRRUST_v2_snapshot_2026-08-25|mouse|srf	TRRUST	TRRUST_v2_snapshot_2026-08-25	mouse	Srf	srf	TRRUST public regulon: Srf (mouse)	candidate	public_source_membership	20	20	exclude	Candidate source grouping only; not an exhaustive or context-specific biological regulon and not part of the frozen mechanism bundle.
TRRUST|TRRUST_v2_snapshot_2026-08-25|mouse|srrt	TRRUST	TRRUST_v2_snapshot_2026-08-25	mouse	Srrt	srrt	TRRUST public regulon: Srrt (mouse)	candidate	public_source_membership	1	1	exclude	Candidate source grouping only; not an exhaustive or context-specific biological regulon and not part of the frozen mechanism bundle.
TRRUST|TRRUST_v2_snapshot_2026-08-25|mouse|sry	TRRUST	TRRUST_v2_snapshot_2026-08-25	mouse	Sry	sry	TRRUST public regulon: Sry (mouse)	candidate	public_source_membership	3	3	exclude	Candidate source grouping only; not an exhaustive or context-specific biological regulon and not part of the frozen mechanism bundle.
TRRUST|TRRUST_v2_snapshot_2026-08-25|mouse|ssb	TRRUST	TRRUST_v2_snapshot_2026-08-25	mouse	Ssb	ssb	TRRUST public regulon: Ssb (mouse)	candidate	public_source_membership	1	1	exclude	Candidate source grouping only; not an exhaustive or context-specific biological regulon and not part of the frozen mechanism bundle.
TRRUST|TRRUST_v2_snapshot_2026-08-25|mouse|stat1	TRRUST	TRRUST_v2_snapshot_2026-08-25	mouse	Stat1	stat1	TRRUST public regulon: Stat1 (mouse)	candidate	public_source_membership	39	39	exclude	Candidate source grouping only; not an exhaustive or context-specific biological regulon and not part of the frozen mechanism bundle.
TRRUST|TRRUST_v2_snapshot_2026-08-25|mouse|stat2	TRRUST	TRRUST_v2_snapshot_2026-08-25	mouse	Stat2	stat2	TRRUST public regulon: Stat2 (mouse)	candidate	public_source_membership	3	3	exclude	Candidate source grouping only; not an exhaustive or context-specific biological regulon and not part of the frozen mechanism bundle.
TRRUST|TRRUST_v2_snapshot_2026-08-25|mouse|stat3	TRRUST	TRRUST_v2_snapshot_2026-08-25	mouse	Stat3	stat3	TRRUST public regulon: Stat3 (mouse)	candidate	public_source_membership	91	91	exclude	Candidate source grouping only; not an exhaustive or context-specific biological regulon and not part of the frozen mechanism bundle.
TRRUST|TRRUST_v2_snapshot_2026-08-25|mouse|stat4	TRRUST	TRRUST_v2_snapshot_2026-08-25	mouse	Stat4	stat4	TRRUST public regulon: Stat4 (mouse)	candidate	public_source_membership	8	8	exclude	Candidate source grouping only; not an exhaustive or context-specific biological regulon and not part of the frozen mechanism bundle.
TRRUST|TRRUST_v2_snapshot_2026-08-25|mouse|stat5a	TRRUST	TRRUST_v2_snapshot_2026-08-25	mouse	Stat5a	stat5a	TRRUST public regulon: Stat5a (mouse)	candidate	public_source_membership	29	29	exclude	Candidate source grouping only; not an exhaustive or context-specific biological regulon and not part of the frozen mechanism bundle.
TRRUST|TRRUST_v2_snapshot_2026-08-25|mouse|stat5b	TRRUST	TRRUST_v2_snapshot_2026-08-25	mouse	Stat5b	stat5b	TRRUST public regulon: Stat5b (mouse)	candidate	public_source_membership	5	5	exclude	Candidate source grouping only; not an exhaustive or context-specific biological regulon and not part of the frozen mechanism bundle.
TRRUST|TRRUST_v2_snapshot_2026-08-25|mouse|stat6	TRRUST	TRRUST_v2_snapshot_2026-08-25	mouse	Stat6	stat6	TRRUST public regulon: Stat6 (mouse)	candidate	public_source_membership	17	17	exclude	Candidate source grouping only; not an exhaustive or context-specific biological regulon and not part of the frozen mechanism bundle.
TRRUST|TRRUST_v2_snapshot_2026-08-25|mouse|sufu	TRRUST	TRRUST_v2_snapshot_2026-08-25	mouse	Sufu	sufu	TRRUST public regulon: Sufu (mouse)	candidate	public_source_membership	3	3	exclude	Candidate source grouping only; not an exhaustive or context-specific biological regulon and not part of the frozen mechanism bundle.
TRRUST|TRRUST_v2_snapshot_2026-08-25|mouse|suz12	TRRUST	TRRUST_v2_snapshot_2026-08-25	mouse	Suz12	suz12	TRRUST public regulon: Suz12 (mouse)	candidate	public_source_membership	4	4	exclude	Candidate source grouping only; not an exhaustive or context-specific biological regulon and not part of the frozen mechanism bundle.
TRRUST|TRRUST_v2_snapshot_2026-08-25|mouse|syt1	TRRUST	TRRUST_v2_snapshot_2026-08-25	mouse	Syt1	syt1	TRRUST public regulon: Syt1 (mouse)	candidate	public_source_membership	2	2	exclude	Candidate source grouping only; not an exhaustive or context-specific biological regulon and not part of the frozen mechanism bundle.
TRRUST|TRRUST_v2_snapshot_2026-08-25|mouse|taf12	TRRUST	TRRUST_v2_snapshot_2026-08-25	mouse	Taf12	taf12	TRRUST public regulon: Taf12 (mouse)	candidate	public_source_membership	1	1	exclude	Candidate source grouping only; not an exhaustive or context-specific biological regulon and not part of the frozen mechanism bundle.
TRRUST|TRRUST_v2_snapshot_2026-08-25|mouse|taf4b	TRRUST	TRRUST_v2_snapshot_2026-08-25	mouse	Taf4b	taf4b	TRRUST public regulon: Taf4b (mouse)	candidate	public_source_membership	3	3	exclude	Candidate source grouping only; not an exhaustive or context-specific biological regulon and not part of the frozen mechanism bundle.
TRRUST|TRRUST_v2_snapshot_2026-08-25|mouse|taf9	TRRUST	TRRUST_v2_snapshot_2026-08-25	mouse	Taf9	taf9	TRRUST public regulon: Taf9 (mouse)	candidate	public_source_membership	1	1	exclude	Candidate source grouping only; not an exhaustive or context-specific biological regulon and not part of the frozen mechanism bundle.
TRRUST|TRRUST_v2_snapshot_2026-08-25|mouse|tal1	TRRUST	TRRUST_v2_snapshot_2026-08-25	mouse	Tal1	tal1	TRRUST public regulon: Tal1 (mouse)	candidate	public_source_membership	12	12	exclude	Candidate source grouping only; not an exhaustive or context-specific biological regulon and not part of the frozen mechanism bundle.
TRRUST|TRRUST_v2_snapshot_2026-08-25|mouse|tardbp	TRRUST	TRRUST_v2_snapshot_2026-08-25	mouse	Tardbp	tardbp	TRRUST public regulon: Tardbp (mouse)	candidate	public_source_membership	2	2	exclude	Candidate source grouping only; not an exhaustive or context-specific biological regulon and not part of the frozen mechanism bundle.
TRRUST|TRRUST_v2_snapshot_2026-08-25|mouse|tax1bp3	TRRUST	TRRUST_v2_snapshot_2026-08-25	mouse	Tax1bp3	tax1bp3	TRRUST public regulon: Tax1bp3 (mouse)	candidate	public_source_membership	1	1	exclude	Candidate source grouping only; not an exhaustive or context-specific biological regulon and not part of the frozen mechanism bundle.
TRRUST|TRRUST_v2_snapshot_2026-08-25|mouse|tbp	TRRUST	TRRUST_v2_snapshot_2026-08-25	mouse	Tbp	tbp	TRRUST public regulon: Tbp (mouse)	candidate	public_source_membership	7	7	exclude	Candidate source grouping only; not an exhaustive or context-specific biological regulon and not part of the frozen mechanism bundle.
TRRUST|TRRUST_v2_snapshot_2026-08-25|mouse|tbpl1	TRRUST	TRRUST_v2_snapshot_2026-08-25	mouse	Tbpl1	tbpl1	TRRUST public regulon: Tbpl1 (mouse)	candidate	public_source_membership	4	4	exclude	Candidate source grouping only; not an exhaustive or context-specific biological regulon and not part of the frozen mechanism bundle.
TRRUST|TRRUST_v2_snapshot_2026-08-25|mouse|tbr1	TRRUST	TRRUST_v2_snapshot_2026-08-25	mouse	Tbr1	tbr1	TRRUST public regulon: Tbr1 (mouse)	candidate	public_source_membership	1	1	exclude	Candidate source grouping only; not an exhaustive or context-specific biological regulon and not part of the frozen mechanism bundle.
TRRUST|TRRUST_v2_snapshot_2026-08-25|mouse|tbx1	TRRUST	TRRUST_v2_snapshot_2026-08-25	mouse	Tbx1	tbx1	TRRUST public regulon: Tbx1 (mouse)	candidate	public_source_membership	9	9	exclude	Candidate source grouping only; not an exhaustive or context-specific biological regulon and not part of the frozen mechanism bundle.
TRRUST|TRRUST_v2_snapshot_2026-08-25|mouse|tbx18	TRRUST	TRRUST_v2_snapshot_2026-08-25	mouse	Tbx18	tbx18	TRRUST public regulon: Tbx18 (mouse)	candidate	public_source_membership	1	1	exclude	Candidate source grouping only; not an exhaustive or context-specific biological regulon and not part of the frozen mechanism bundle.
TRRUST|TRRUST_v2_snapshot_2026-08-25|mouse|tbx19	TRRUST	TRRUST_v2_snapshot_2026-08-25	mouse	Tbx19	tbx19	TRRUST public regulon: Tbx19 (mouse)	candidate	public_source_membership	1	1	exclude	Candidate source grouping only; not an exhaustive or context-specific biological regulon and not part of the frozen mechanism bundle.
TRRUST|TRRUST_v2_snapshot_2026-08-25|mouse|tbx2	TRRUST	TRRUST_v2_snapshot_2026-08-25	mouse	Tbx2	tbx2	TRRUST public regulon: Tbx2 (mouse)	candidate	public_source_membership	9	9	exclude	Candidate source grouping only; not an exhaustive or context-specific biological regulon and not part of the frozen mechanism bundle.
TRRUST|TRRUST_v2_snapshot_2026-08-25|mouse|tbx20	TRRUST	TRRUST_v2_snapshot_2026-08-25	mouse	Tbx20	tbx20	TRRUST public regulon: Tbx20 (mouse)	candidate	public_source_membership	4	4	exclude	Candidate source grouping only; not an exhaustive or context-specific biological regulon and not part of the frozen mechanism bundle.
TRRUST|TRRUST_v2_snapshot_2026-08-25|mouse|tbx21	TRRUST	TRRUST_v2_snapshot_2026-08-25	mouse	Tbx21	tbx21	TRRUST public regulon: Tbx21 (mouse)	candidate	public_source_membership	11	11	exclude	Candidate source grouping only; not an exhaustive or context-specific biological regulon and not part of the frozen mechanism bundle.
TRRUST|TRRUST_v2_snapshot_2026-08-25|mouse|tbx3	TRRUST	TRRUST_v2_snapshot_2026-08-25	mouse	Tbx3	tbx3	TRRUST public regulon: Tbx3 (mouse)	candidate	public_source_membership	10	10	exclude	Candidate source grouping only; not an exhaustive or context-specific biological regulon and not part of the frozen mechanism bundle.
TRRUST|TRRUST_v2_snapshot_2026-08-25|mouse|tbx4	TRRUST	TRRUST_v2_snapshot_2026-08-25	mouse	Tbx4	tbx4	TRRUST public regulon: Tbx4 (mouse)	candidate	public_source_membership	1	1	exclude	Candidate source grouping only; not an exhaustive or context-specific biological regulon and not part of the frozen mechanism bundle.
TRRUST|TRRUST_v2_snapshot_2026-08-25|mouse|tbx5	TRRUST	TRRUST_v2_snapshot_2026-08-25	mouse	Tbx5	tbx5	TRRUST public regulon: Tbx5 (mouse)	candidate	public_source_membership	5	5	exclude	Candidate source grouping only; not an exhaustive or context-specific biological regulon and not part of the frozen mechanism bundle.
TRRUST|TRRUST_v2_snapshot_2026-08-25|mouse|tbx6	TRRUST	TRRUST_v2_snapshot_2026-08-25	mouse	Tbx6	tbx6	TRRUST public regulon: Tbx6 (mouse)	candidate	public_source_membership	5	5	exclude	Candidate source grouping only; not an exhaustive or context-specific biological regulon and not part of the frozen mechanism bundle.
TRRUST|TRRUST_v2_snapshot_2026-08-25|mouse|tcf12	TRRUST	TRRUST_v2_snapshot_2026-08-25	mouse	Tcf12	tcf12	TRRUST public regulon: Tcf12 (mouse)	candidate	public_source_membership	8	8	exclude	Candidate source grouping only; not an exhaustive or context-specific biological regulon and not part of the frozen mechanism bundle.
TRRUST|TRRUST_v2_snapshot_2026-08-25|mouse|tcf19	TRRUST	TRRUST_v2_snapshot_2026-08-25	mouse	Tcf19	tcf19	TRRUST public regulon: Tcf19 (mouse)	candidate	public_source_membership	1	1	exclude	Candidate source grouping only; not an exhaustive or context-specific biological regulon and not part of the frozen mechanism bundle.
TRRUST|TRRUST_v2_snapshot_2026-08-25|mouse|tcf20	TRRUST	TRRUST_v2_snapshot_2026-08-25	mouse	Tcf20	tcf20	TRRUST public regulon: Tcf20 (mouse)	candidate	public_source_membership	1	1	exclude	Candidate source grouping only; not an exhaustive or context-specific biological regulon and not part of the frozen mechanism bundle.
TRRUST|TRRUST_v2_snapshot_2026-08-25|mouse|tcf21	TRRUST	TRRUST_v2_snapshot_2026-08-25	mouse	Tcf21	tcf21	TRRUST public regulon: Tcf21 (mouse)	candidate	public_source_membership	6	6	exclude	Candidate source grouping only; not an exhaustive or context-specific biological regulon and not part of the frozen mechanism bundle.
TRRUST|TRRUST_v2_snapshot_2026-08-25|mouse|tcf3	TRRUST	TRRUST_v2_snapshot_2026-08-25	mouse	Tcf3	tcf3	TRRUST public regulon: Tcf3 (mouse)	candidate	public_source_membership	47	47	exclude	Candidate source grouping only; not an exhaustive or context-specific biological regulon and not part of the frozen mechanism bundle.
TRRUST|TRRUST_v2_snapshot_2026-08-25|mouse|tcf4	TRRUST	TRRUST_v2_snapshot_2026-08-25	mouse	Tcf4	tcf4	TRRUST public regulon: Tcf4 (mouse)	candidate	public_source_membership	20	20	exclude	Candidate source grouping only; not an exhaustive or context-specific biological regulon and not part of the frozen mechanism bundle.
TRRUST|TRRUST_v2_snapshot_2026-08-25|mouse|tcf7	TRRUST	TRRUST_v2_snapshot_2026-08-25	mouse	Tcf7	tcf7	TRRUST public regulon: Tcf7 (mouse)	candidate	public_source_membership	4	4	exclude	Candidate source grouping only; not an exhaustive or context-specific biological regulon and not part of the frozen mechanism bundle.
TRRUST|TRRUST_v2_snapshot_2026-08-25|mouse|tcf7l2	TRRUST	TRRUST_v2_snapshot_2026-08-25	mouse	Tcf7l2	tcf7l2	TRRUST public regulon: Tcf7l2 (mouse)	candidate	public_source_membership	3	3	exclude	Candidate source grouping only; not an exhaustive or context-specific biological regulon and not part of the frozen mechanism bundle.
TRRUST|TRRUST_v2_snapshot_2026-08-25|mouse|tcfl5	TRRUST	TRRUST_v2_snapshot_2026-08-25	mouse	Tcfl5	tcfl5	TRRUST public regulon: Tcfl5 (mouse)	candidate	public_source_membership	1	1	exclude	Candidate source grouping only; not an exhaustive or context-specific biological regulon and not part of the frozen mechanism bundle.
TRRUST|TRRUST_v2_snapshot_2026-08-25|mouse|tead2	TRRUST	TRRUST_v2_snapshot_2026-08-25	mouse	Tead2	tead2	TRRUST public regulon: Tead2 (mouse)	candidate	public_source_membership	3	3	exclude	Candidate source grouping only; not an exhaustive or context-specific biological regulon and not part of the frozen mechanism bundle.
TRRUST|TRRUST_v2_snapshot_2026-08-25|mouse|tead4	TRRUST	TRRUST_v2_snapshot_2026-08-25	mouse	Tead4	tead4	TRRUST public regulon: Tead4 (mouse)	candidate	public_source_membership	4	4	exclude	Candidate source grouping only; not an exhaustive or context-specific biological regulon and not part of the frozen mechanism bundle.
TRRUST|TRRUST_v2_snapshot_2026-08-25|mouse|tef	TRRUST	TRRUST_v2_snapshot_2026-08-25	mouse	Tef	tef	TRRUST public regulon: Tef (mouse)	candidate	public_source_membership	1	1	exclude	Candidate source grouping only; not an exhaustive or context-specific biological regulon and not part of the frozen mechanism bundle.
TRRUST|TRRUST_v2_snapshot_2026-08-25|mouse|tfap2a	TRRUST	TRRUST_v2_snapshot_2026-08-25	mouse	Tfap2a	tfap2a	TRRUST public regulon: Tfap2a (mouse)	candidate	public_source_membership	10	10	exclude	Candidate source grouping only; not an exhaustive or context-specific biological regulon and not part of the frozen mechanism bundle.
TRRUST|TRRUST_v2_snapshot_2026-08-25|mouse|tfap2b	TRRUST	TRRUST_v2_snapshot_2026-08-25	mouse	Tfap2b	tfap2b	TRRUST public regulon: Tfap2b (mouse)	candidate	public_source_membership	1	1	exclude	Candidate source grouping only; not an exhaustive or context-specific biological regulon and not part of the frozen mechanism bundle.
TRRUST|TRRUST_v2_snapshot_2026-08-25|mouse|tfap2c	TRRUST	TRRUST_v2_snapshot_2026-08-25	mouse	Tfap2c	tfap2c	TRRUST public regulon: Tfap2c (mouse)	candidate	public_source_membership	11	11	exclude	Candidate source grouping only; not an exhaustive or context-specific biological regulon and not part of the frozen mechanism bundle.
TRRUST|TRRUST_v2_snapshot_2026-08-25|mouse|tfap2d	TRRUST	TRRUST_v2_snapshot_2026-08-25	mouse	Tfap2d	tfap2d	TRRUST public regulon: Tfap2d (mouse)	candidate	public_source_membership	2	2	exclude	Candidate source grouping only; not an exhaustive or context-specific biological regulon and not part of the frozen mechanism bundle.
TRRUST|TRRUST_v2_snapshot_2026-08-25|mouse|tfcp2	TRRUST	TRRUST_v2_snapshot_2026-08-25	mouse	Tfcp2	tfcp2	TRRUST public regulon: Tfcp2 (mouse)	candidate	public_source_membership	1	1	exclude	Candidate source grouping only; not an exhaustive or context-specific biological regulon and not part of the frozen mechanism bundle.
TRRUST|TRRUST_v2_snapshot_2026-08-25|mouse|tfdp1	TRRUST	TRRUST_v2_snapshot_2026-08-25	mouse	Tfdp1	tfdp1	TRRUST public regulon: Tfdp1 (mouse)	candidate	public_source_membership	5	5	exclude	Candidate source grouping only; not an exhaustive or context-specific biological regulon and not part of the frozen mechanism bundle.
TRRUST|TRRUST_v2_snapshot_2026-08-25|mouse|tfe3	TRRUST	TRRUST_v2_snapshot_2026-08-25	mouse	Tfe3	tfe3	TRRUST public regulon: Tfe3 (mouse)	candidate	public_source_membership	2	2	exclude	Candidate source grouping only; not an exhaustive or context-specific biological regulon and not part of the frozen mechanism bundle.
TRRUST|TRRUST_v2_snapshot_2026-08-25|mouse|tgfb1	TRRUST	TRRUST_v2_snapshot_2026-08-25	mouse	Tgfb1	tgfb1	TRRUST public regulon: Tgfb1 (mouse)	candidate	public_source_membership	5	5	exclude	Candidate source grouping only; not an exhaustive or context-specific biological regulon and not part of the frozen mechanism bundle.
TRRUST|TRRUST_v2_snapshot_2026-08-25|mouse|tgfb1i1	TRRUST	TRRUST_v2_snapshot_2026-08-25	mouse	Tgfb1i1	tgfb1i1	TRRUST public regulon: Tgfb1i1 (mouse)	candidate	public_source_membership	5	5	exclude	Candidate source grouping only; not an exhaustive or context-specific biological regulon and not part of the frozen mechanism bundle.
TRRUST|TRRUST_v2_snapshot_2026-08-25|mouse|thra	TRRUST	TRRUST_v2_snapshot_2026-08-25	mouse	Thra	thra	TRRUST public regulon: Thra (mouse)	candidate	public_source_membership	2	2	exclude	Candidate source grouping only; not an exhaustive or context-specific biological regulon and not part of the frozen mechanism bundle.
TRRUST|TRRUST_v2_snapshot_2026-08-25|mouse|thrap3	TRRUST	TRRUST_v2_snapshot_2026-08-25	mouse	Thrap3	thrap3	TRRUST public regulon: Thrap3 (mouse)	candidate	public_source_membership	3	3	exclude	Candidate source grouping only; not an exhaustive or context-specific biological regulon and not part of the frozen mechanism bundle.
TRRUST|TRRUST_v2_snapshot_2026-08-25|mouse|thrb	TRRUST	TRRUST_v2_snapshot_2026-08-25	mouse	Thrb	thrb	TRRUST public regulon: Thrb (mouse)	candidate	public_source_membership	5	5	exclude	Candidate source grouping only; not an exhaustive or context-specific biological regulon and not part of the frozen mechanism bundle.
TRRUST|TRRUST_v2_snapshot_2026-08-25|mouse|tial1	TRRUST	TRRUST_v2_snapshot_2026-08-25	mouse	Tial1	tial1	TRRUST public regulon: Tial1 (mouse)	candidate	public_source_membership	1	1	exclude	Candidate source grouping only; not an exhaustive or context-specific biological regulon and not part of the frozen mechanism bundle.
TRRUST|TRRUST_v2_snapshot_2026-08-25|mouse|tle2	TRRUST	TRRUST_v2_snapshot_2026-08-25	mouse	Tle2	tle2	TRRUST public regulon: Tle2 (mouse)	candidate	public_source_membership	4	4	exclude	Candidate source grouping only; not an exhaustive or context-specific biological regulon and not part of the frozen mechanism bundle.
TRRUST|TRRUST_v2_snapshot_2026-08-25|mouse|tle3	TRRUST	TRRUST_v2_snapshot_2026-08-25	mouse	Tle3	tle3	TRRUST public regulon: Tle3 (mouse)	candidate	public_source_membership	2	2	exclude	Candidate source grouping only; not an exhaustive or context-specific biological regulon and not part of the frozen mechanism bundle.
TRRUST|TRRUST_v2_snapshot_2026-08-25|mouse|tlr4	TRRUST	TRRUST_v2_snapshot_2026-08-25	mouse	Tlr4	tlr4	TRRUST public regulon: Tlr4 (mouse)	candidate	public_source_membership	1	1	exclude	Candidate source grouping only; not an exhaustive or context-specific biological regulon and not part of the frozen mechanism bundle.
TRRUST|TRRUST_v2_snapshot_2026-08-25|mouse|tlx3	TRRUST	TRRUST_v2_snapshot_2026-08-25	mouse	Tlx3	tlx3	TRRUST public regulon: Tlx3 (mouse)	candidate	public_source_membership	3	3	exclude	Candidate source grouping only; not an exhaustive or context-specific biological regulon and not part of the frozen mechanism bundle.
TRRUST|TRRUST_v2_snapshot_2026-08-25|mouse|tnf	TRRUST	TRRUST_v2_snapshot_2026-08-25	mouse	Tnf	tnf	TRRUST public regulon: Tnf (mouse)	candidate	public_source_membership	2	2	exclude	Candidate source grouping only; not an exhaustive or context-specific biological regulon and not part of the frozen mechanism bundle.
TRRUST|TRRUST_v2_snapshot_2026-08-25|mouse|tnfaip3	TRRUST	TRRUST_v2_snapshot_2026-08-25	mouse	Tnfaip3	tnfaip3	TRRUST public regulon: Tnfaip3 (mouse)	candidate	public_source_membership	2	2	exclude	Candidate source grouping only; not an exhaustive or context-specific biological regulon and not part of the frozen mechanism bundle.
TRRUST|TRRUST_v2_snapshot_2026-08-25|mouse|tob1	TRRUST	TRRUST_v2_snapshot_2026-08-25	mouse	Tob1	tob1	TRRUST public regulon: Tob1 (mouse)	candidate	public_source_membership	1	1	exclude	Candidate source grouping only; not an exhaustive or context-specific biological regulon and not part of the frozen mechanism bundle.
TRRUST|TRRUST_v2_snapshot_2026-08-25|mouse|trim13	TRRUST	TRRUST_v2_snapshot_2026-08-25	mouse	Trim13	trim13	TRRUST public regulon: Trim13 (mouse)	candidate	public_source_membership	2	2	exclude	Candidate source grouping only; not an exhaustive or context-specific biological regulon and not part of the frozen mechanism bundle.
TRRUST|TRRUST_v2_snapshot_2026-08-25|mouse|trim24	TRRUST	TRRUST_v2_snapshot_2026-08-25	mouse	Trim24	trim24	TRRUST public regulon: Trim24 (mouse)	candidate	public_source_membership	1	1	exclude	Candidate source grouping only; not an exhaustive or context-specific biological regulon and not part of the frozen mechanism bundle.
TRRUST|TRRUST_v2_snapshot_2026-08-25|mouse|trim28	TRRUST	TRRUST_v2_snapshot_2026-08-25	mouse	Trim28	trim28	TRRUST public regulon: Trim28 (mouse)	candidate	public_source_membership	4	4	exclude	Candidate source grouping only; not an exhaustive or context-specific biological regulon and not part of the frozen mechanism bundle.
TRRUST|TRRUST_v2_snapshot_2026-08-25|mouse|trim32	TRRUST	TRRUST_v2_snapshot_2026-08-25	mouse	Trim32	trim32	TRRUST public regulon: Trim32 (mouse)	candidate	public_source_membership	1	1	exclude	Candidate source grouping only; not an exhaustive or context-specific biological regulon and not part of the frozen mechanism bundle.
TRRUST|TRRUST_v2_snapshot_2026-08-25|mouse|trp53	TRRUST	TRRUST_v2_snapshot_2026-08-25	mouse	Trp53	trp53	TRRUST public regulon: Trp53 (mouse)	candidate	public_source_membership	193	193	exclude	Candidate source grouping only; not an exhaustive or context-specific biological regulon and not part of the frozen mechanism bundle.
TRRUST|TRRUST_v2_snapshot_2026-08-25|mouse|trp53bp1	TRRUST	TRRUST_v2_snapshot_2026-08-25	mouse	Trp53bp1	trp53bp1	TRRUST public regulon: Trp53bp1 (mouse)	candidate	public_source_membership	4	4	exclude	Candidate source grouping only; not an exhaustive or context-specific biological regulon and not part of the frozen mechanism bundle.
TRRUST|TRRUST_v2_snapshot_2026-08-25|mouse|trp63	TRRUST	TRRUST_v2_snapshot_2026-08-25	mouse	Trp63	trp63	TRRUST public regulon: Trp63 (mouse)	candidate	public_source_membership	10	10	exclude	Candidate source grouping only; not an exhaustive or context-specific biological regulon and not part of the frozen mechanism bundle.
TRRUST|TRRUST_v2_snapshot_2026-08-25|mouse|trp73	TRRUST	TRRUST_v2_snapshot_2026-08-25	mouse	Trp73	trp73	TRRUST public regulon: Trp73 (mouse)	candidate	public_source_membership	19	19	exclude	Candidate source grouping only; not an exhaustive or context-specific biological regulon and not part of the frozen mechanism bundle.
TRRUST|TRRUST_v2_snapshot_2026-08-25|mouse|trps1	TRRUST	TRRUST_v2_snapshot_2026-08-25	mouse	Trps1	trps1	TRRUST public regulon: Trps1 (mouse)	candidate	public_source_membership	5	5	exclude	Candidate source grouping only; not an exhaustive or context-specific biological regulon and not part of the frozen mechanism bundle.
TRRUST|TRRUST_v2_snapshot_2026-08-25|mouse|trrap	TRRUST	TRRUST_v2_snapshot_2026-08-25	mouse	Trrap	trrap	TRRUST public regulon: Trrap (mouse)	candidate	public_source_membership	1	1	exclude	Candidate source grouping only; not an exhaustive or context-specific biological regulon and not part of the frozen mechanism bundle.
TRRUST|TRRUST_v2_snapshot_2026-08-25|mouse|tsg101	TRRUST	TRRUST_v2_snapshot_2026-08-25	mouse	Tsg101	tsg101	TRRUST public regulon: Tsg101 (mouse)	candidate	public_source_membership	1	1	exclude	Candidate source grouping only; not an exhaustive or context-specific biological regulon and not part of the frozen mechanism bundle.
TRRUST|TRRUST_v2_snapshot_2026-08-25|mouse|tshz3	TRRUST	TRRUST_v2_snapshot_2026-08-25	mouse	Tshz3	tshz3	TRRUST public regulon: Tshz3 (mouse)	candidate	public_source_membership	1	1	exclude	Candidate source grouping only; not an exhaustive or context-specific biological regulon and not part of the frozen mechanism bundle.
TRRUST|TRRUST_v2_snapshot_2026-08-25|mouse|ttf1	TRRUST	TRRUST_v2_snapshot_2026-08-25	mouse	Ttf1	ttf1	TRRUST public regulon: Ttf1 (mouse)	candidate	public_source_membership	1	1	exclude	Candidate source grouping only; not an exhaustive or context-specific biological regulon and not part of the frozen mechanism bundle.
TRRUST|TRRUST_v2_snapshot_2026-08-25|mouse|ttf2	TRRUST	TRRUST_v2_snapshot_2026-08-25	mouse	Ttf2	ttf2	TRRUST public regulon: Ttf2 (mouse)	candidate	public_source_membership	2	2	exclude	Candidate source grouping only; not an exhaustive or context-specific biological regulon and not part of the frozen mechanism bundle.
TRRUST|TRRUST_v2_snapshot_2026-08-25|mouse|twist1	TRRUST	TRRUST_v2_snapshot_2026-08-25	mouse	Twist1	twist1	TRRUST public regulon: Twist1 (mouse)	candidate	public_source_membership	32	32	exclude	Candidate source grouping only; not an exhaustive or context-specific biological regulon and not part of the frozen mechanism bundle.
TRRUST|TRRUST_v2_snapshot_2026-08-25|mouse|twist2	TRRUST	TRRUST_v2_snapshot_2026-08-25	mouse	Twist2	twist2	TRRUST public regulon: Twist2 (mouse)	candidate	public_source_membership	7	7	exclude	Candidate source grouping only; not an exhaustive or context-specific biological regulon and not part of the frozen mechanism bundle.
TRRUST|TRRUST_v2_snapshot_2026-08-25|mouse|ube2k	TRRUST	TRRUST_v2_snapshot_2026-08-25	mouse	Ube2k	ube2k	TRRUST public regulon: Ube2k (mouse)	candidate	public_source_membership	1	1	exclude	Candidate source grouping only; not an exhaustive or context-specific biological regulon and not part of the frozen mechanism bundle.
TRRUST|TRRUST_v2_snapshot_2026-08-25|mouse|usf1	TRRUST	TRRUST_v2_snapshot_2026-08-25	mouse	Usf1	usf1	TRRUST public regulon: Usf1 (mouse)	candidate	public_source_membership	23	23	exclude	Candidate source grouping only; not an exhaustive or context-specific biological regulon and not part of the frozen mechanism bundle.
TRRUST|TRRUST_v2_snapshot_2026-08-25|mouse|usf2	TRRUST	TRRUST_v2_snapshot_2026-08-25	mouse	Usf2	usf2	TRRUST public regulon: Usf2 (mouse)	candidate	public_source_membership	16	16	exclude	Candidate source grouping only; not an exhaustive or context-specific biological regulon and not part of the frozen mechanism bundle.
TRRUST|TRRUST_v2_snapshot_2026-08-25|mouse|utf1	TRRUST	TRRUST_v2_snapshot_2026-08-25	mouse	Utf1	utf1	TRRUST public regulon: Utf1 (mouse)	candidate	public_source_membership	1	1	exclude	Candidate source grouping only; not an exhaustive or context-specific biological regulon and not part of the frozen mechanism bundle.
TRRUST|TRRUST_v2_snapshot_2026-08-25|mouse|vax2	TRRUST	TRRUST_v2_snapshot_2026-08-25	mouse	Vax2	vax2	TRRUST public regulon: Vax2 (mouse)	candidate	public_source_membership	1	1	exclude	Candidate source grouping only; not an exhaustive or context-specific biological regulon and not part of the frozen mechanism bundle.
TRRUST|TRRUST_v2_snapshot_2026-08-25|mouse|vdr	TRRUST	TRRUST_v2_snapshot_2026-08-25	mouse	Vdr	vdr	TRRUST public regulon: Vdr (mouse)	candidate	public_source_membership	8	8	exclude	Candidate source grouping only; not an exhaustive or context-specific biological regulon and not part of the frozen mechanism bundle.
TRRUST|TRRUST_v2_snapshot_2026-08-25|mouse|vezf1	TRRUST	TRRUST_v2_snapshot_2026-08-25	mouse	Vezf1	vezf1	TRRUST public regulon: Vezf1 (mouse)	candidate	public_source_membership	5	5	exclude	Candidate source grouping only; not an exhaustive or context-specific biological regulon and not part of the frozen mechanism bundle.
TRRUST|TRRUST_v2_snapshot_2026-08-25|mouse|vhl	TRRUST	TRRUST_v2_snapshot_2026-08-25	mouse	Vhl	vhl	TRRUST public regulon: Vhl (mouse)	candidate	public_source_membership	3	3	exclude	Candidate source grouping only; not an exhaustive or context-specific biological regulon and not part of the frozen mechanism bundle.
TRRUST|TRRUST_v2_snapshot_2026-08-25|mouse|vsx2	TRRUST	TRRUST_v2_snapshot_2026-08-25	mouse	Vsx2	vsx2	TRRUST public regulon: Vsx2 (mouse)	candidate	public_source_membership	3	3	exclude	Candidate source grouping only; not an exhaustive or context-specific biological regulon and not part of the frozen mechanism bundle.
TRRUST|TRRUST_v2_snapshot_2026-08-25|mouse|whsc1l1	TRRUST	TRRUST_v2_snapshot_2026-08-25	mouse	Whsc1l1	whsc1l1	TRRUST public regulon: Whsc1l1 (mouse)	candidate	public_source_membership	1	1	exclude	Candidate source grouping only; not an exhaustive or context-specific biological regulon and not part of the frozen mechanism bundle.
TRRUST|TRRUST_v2_snapshot_2026-08-25|mouse|wnt1	TRRUST	TRRUST_v2_snapshot_2026-08-25	mouse	Wnt1	wnt1	TRRUST public regulon: Wnt1 (mouse)	candidate	public_source_membership	4	4	exclude	Candidate source grouping only; not an exhaustive or context-specific biological regulon and not part of the frozen mechanism bundle.
TRRUST|TRRUST_v2_snapshot_2026-08-25|mouse|wnt5a	TRRUST	TRRUST_v2_snapshot_2026-08-25	mouse	Wnt5a	wnt5a	TRRUST public regulon: Wnt5a (mouse)	candidate	public_source_membership	2	2	exclude	Candidate source grouping only; not an exhaustive or context-specific biological regulon and not part of the frozen mechanism bundle.
TRRUST|TRRUST_v2_snapshot_2026-08-25|mouse|wt1	TRRUST	TRRUST_v2_snapshot_2026-08-25	mouse	Wt1	wt1	TRRUST public regulon: Wt1 (mouse)	candidate	public_source_membership	19	19	exclude	Candidate source grouping only; not an exhaustive or context-specific biological regulon and not part of the frozen mechanism bundle.
TRRUST|TRRUST_v2_snapshot_2026-08-25|mouse|wwp1	TRRUST	TRRUST_v2_snapshot_2026-08-25	mouse	Wwp1	wwp1	TRRUST public regulon: Wwp1 (mouse)	candidate	public_source_membership	1	1	exclude	Candidate source grouping only; not an exhaustive or context-specific biological regulon and not part of the frozen mechanism bundle.
TRRUST|TRRUST_v2_snapshot_2026-08-25|mouse|wwtr1	TRRUST	TRRUST_v2_snapshot_2026-08-25	mouse	Wwtr1	wwtr1	TRRUST public regulon: Wwtr1 (mouse)	candidate	public_source_membership	4	4	exclude	Candidate source grouping only; not an exhaustive or context-specific biological regulon and not part of the frozen mechanism bundle.
TRRUST|TRRUST_v2_snapshot_2026-08-25|mouse|xbp1	TRRUST	TRRUST_v2_snapshot_2026-08-25	mouse	Xbp1	xbp1	TRRUST public regulon: Xbp1 (mouse)	candidate	public_source_membership	14	14	exclude	Candidate source grouping only; not an exhaustive or context-specific biological regulon and not part of the frozen mechanism bundle.
TRRUST|TRRUST_v2_snapshot_2026-08-25|mouse|xpc	TRRUST	TRRUST_v2_snapshot_2026-08-25	mouse	Xpc	xpc	TRRUST public regulon: Xpc (mouse)	candidate	public_source_membership	1	1	exclude	Candidate source grouping only; not an exhaustive or context-specific biological regulon and not part of the frozen mechanism bundle.
TRRUST|TRRUST_v2_snapshot_2026-08-25|mouse|xrcc5	TRRUST	TRRUST_v2_snapshot_2026-08-25	mouse	Xrcc5	xrcc5	TRRUST public regulon: Xrcc5 (mouse)	candidate	public_source_membership	2	2	exclude	Candidate source grouping only; not an exhaustive or context-specific biological regulon and not part of the frozen mechanism bundle.
TRRUST|TRRUST_v2_snapshot_2026-08-25|mouse|xrcc6	TRRUST	TRRUST_v2_snapshot_2026-08-25	mouse	Xrcc6	xrcc6	TRRUST public regulon: Xrcc6 (mouse)	candidate	public_source_membership	3	3	exclude	Candidate source grouping only; not an exhaustive or context-specific biological regulon and not part of the frozen mechanism bundle.
TRRUST|TRRUST_v2_snapshot_2026-08-25|mouse|ybx1	TRRUST	TRRUST_v2_snapshot_2026-08-25	mouse	Ybx1	ybx1	TRRUST public regulon: Ybx1 (mouse)	candidate	public_source_membership	7	7	exclude	Candidate source grouping only; not an exhaustive or context-specific biological regulon and not part of the frozen mechanism bundle.
TRRUST|TRRUST_v2_snapshot_2026-08-25|mouse|yy1	TRRUST	TRRUST_v2_snapshot_2026-08-25	mouse	Yy1	yy1	TRRUST public regulon: Yy1 (mouse)	candidate	public_source_membership	29	29	exclude	Candidate source grouping only; not an exhaustive or context-specific biological regulon and not part of the frozen mechanism bundle.
TRRUST|TRRUST_v2_snapshot_2026-08-25|mouse|zbtb16	TRRUST	TRRUST_v2_snapshot_2026-08-25	mouse	Zbtb16	zbtb16	TRRUST public regulon: Zbtb16 (mouse)	candidate	public_source_membership	2	2	exclude	Candidate source grouping only; not an exhaustive or context-specific biological regulon and not part of the frozen mechanism bundle.
TRRUST|TRRUST_v2_snapshot_2026-08-25|mouse|zbtb17	TRRUST	TRRUST_v2_snapshot_2026-08-25	mouse	Zbtb17	zbtb17	TRRUST public regulon: Zbtb17 (mouse)	candidate	public_source_membership	2	2	exclude	Candidate source grouping only; not an exhaustive or context-specific biological regulon and not part of the frozen mechanism bundle.
TRRUST|TRRUST_v2_snapshot_2026-08-25|mouse|zbtb2	TRRUST	TRRUST_v2_snapshot_2026-08-25	mouse	Zbtb2	zbtb2	TRRUST public regulon: Zbtb2 (mouse)	candidate	public_source_membership	1	1	exclude	Candidate source grouping only; not an exhaustive or context-specific biological regulon and not part of the frozen mechanism bundle.
TRRUST|TRRUST_v2_snapshot_2026-08-25|mouse|zbtb20	TRRUST	TRRUST_v2_snapshot_2026-08-25	mouse	Zbtb20	zbtb20	TRRUST public regulon: Zbtb20 (mouse)	candidate	public_source_membership	1	1	exclude	Candidate source grouping only; not an exhaustive or context-specific biological regulon and not part of the frozen mechanism bundle.
TRRUST|TRRUST_v2_snapshot_2026-08-25|mouse|zbtb32	TRRUST	TRRUST_v2_snapshot_2026-08-25	mouse	Zbtb32	zbtb32	TRRUST public regulon: Zbtb32 (mouse)	candidate	public_source_membership	1	1	exclude	Candidate source grouping only; not an exhaustive or context-specific biological regulon and not part of the frozen mechanism bundle.
TRRUST|TRRUST_v2_snapshot_2026-08-25|mouse|zbtb33	TRRUST	TRRUST_v2_snapshot_2026-08-25	mouse	Zbtb33	zbtb33	TRRUST public regulon: Zbtb33 (mouse)	candidate	public_source_membership	6	6	exclude	Candidate source grouping only; not an exhaustive or context-specific biological regulon and not part of the frozen mechanism bundle.
TRRUST|TRRUST_v2_snapshot_2026-08-25|mouse|zbtb38	TRRUST	TRRUST_v2_snapshot_2026-08-25	mouse	Zbtb38	zbtb38	TRRUST public regulon: Zbtb38 (mouse)	candidate	public_source_membership	1	1	exclude	Candidate source grouping only; not an exhaustive or context-specific biological regulon and not part of the frozen mechanism bundle.
TRRUST|TRRUST_v2_snapshot_2026-08-25|mouse|zbtb7a	TRRUST	TRRUST_v2_snapshot_2026-08-25	mouse	Zbtb7a	zbtb7a	TRRUST public regulon: Zbtb7a (mouse)	candidate	public_source_membership	7	7	exclude	Candidate source grouping only; not an exhaustive or context-specific biological regulon and not part of the frozen mechanism bundle.
TRRUST|TRRUST_v2_snapshot_2026-08-25|mouse|zeb1	TRRUST	TRRUST_v2_snapshot_2026-08-25	mouse	Zeb1	zeb1	TRRUST public regulon: Zeb1 (mouse)	candidate	public_source_membership	16	16	exclude	Candidate source grouping only; not an exhaustive or context-specific biological regulon and not part of the frozen mechanism bundle.
TRRUST|TRRUST_v2_snapshot_2026-08-25|mouse|zeb2	TRRUST	TRRUST_v2_snapshot_2026-08-25	mouse	Zeb2	zeb2	TRRUST public regulon: Zeb2 (mouse)	candidate	public_source_membership	3	3	exclude	Candidate source grouping only; not an exhaustive or context-specific biological regulon and not part of the frozen mechanism bundle.
TRRUST|TRRUST_v2_snapshot_2026-08-25|mouse|zfp13	TRRUST	TRRUST_v2_snapshot_2026-08-25	mouse	Zfp13	zfp13	TRRUST public regulon: Zfp13 (mouse)	candidate	public_source_membership	1	1	exclude	Candidate source grouping only; not an exhaustive or context-specific biological regulon and not part of the frozen mechanism bundle.
TRRUST|TRRUST_v2_snapshot_2026-08-25|mouse|zfp143	TRRUST	TRRUST_v2_snapshot_2026-08-25	mouse	Zfp143	zfp143	TRRUST public regulon: Zfp143 (mouse)	candidate	public_source_membership	2	2	exclude	Candidate source grouping only; not an exhaustive or context-specific biological regulon and not part of the frozen mechanism bundle.
TRRUST|TRRUST_v2_snapshot_2026-08-25|mouse|zfp148	TRRUST	TRRUST_v2_snapshot_2026-08-25	mouse	Zfp148	zfp148	TRRUST public regulon: Zfp148 (mouse)	candidate	public_source_membership	6	6	exclude	Candidate source grouping only; not an exhaustive or context-specific biological regulon and not part of the frozen mechanism bundle.
TRRUST|TRRUST_v2_snapshot_2026-08-25|mouse|zfp263	TRRUST	TRRUST_v2_snapshot_2026-08-25	mouse	Zfp263	zfp263	TRRUST public regulon: Zfp263 (mouse)	candidate	public_source_membership	1	1	exclude	Candidate source grouping only; not an exhaustive or context-specific biological regulon and not part of the frozen mechanism bundle.
TRRUST|TRRUST_v2_snapshot_2026-08-25|mouse|zfp277	TRRUST	TRRUST_v2_snapshot_2026-08-25	mouse	Zfp277	zfp277	TRRUST public regulon: Zfp277 (mouse)	candidate	public_source_membership	1	1	exclude	Candidate source grouping only; not an exhaustive or context-specific biological regulon and not part of the frozen mechanism bundle.
TRRUST|TRRUST_v2_snapshot_2026-08-25|mouse|zfp281	TRRUST	TRRUST_v2_snapshot_2026-08-25	mouse	Zfp281	zfp281	TRRUST public regulon: Zfp281 (mouse)	candidate	public_source_membership	1	1	exclude	Candidate source grouping only; not an exhaustive or context-specific biological regulon and not part of the frozen mechanism bundle.
TRRUST|TRRUST_v2_snapshot_2026-08-25|mouse|zfp335	TRRUST	TRRUST_v2_snapshot_2026-08-25	mouse	Zfp335	zfp335	TRRUST public regulon: Zfp335 (mouse)	candidate	public_source_membership	1	1	exclude	Candidate source grouping only; not an exhaustive or context-specific biological regulon and not part of the frozen mechanism bundle.
TRRUST|TRRUST_v2_snapshot_2026-08-25|mouse|zfp36	TRRUST	TRRUST_v2_snapshot_2026-08-25	mouse	Zfp36	zfp36	TRRUST public regulon: Zfp36 (mouse)	candidate	public_source_membership	2	2	exclude	Candidate source grouping only; not an exhaustive or context-specific biological regulon and not part of the frozen mechanism bundle.
TRRUST|TRRUST_v2_snapshot_2026-08-25|mouse|zfp384	TRRUST	TRRUST_v2_snapshot_2026-08-25	mouse	Zfp384	zfp384	TRRUST public regulon: Zfp384 (mouse)	candidate	public_source_membership	1	1	exclude	Candidate source grouping only; not an exhaustive or context-specific biological regulon and not part of the frozen mechanism bundle.
TRRUST|TRRUST_v2_snapshot_2026-08-25|mouse|zfp385a	TRRUST	TRRUST_v2_snapshot_2026-08-25	mouse	Zfp385a	zfp385a	TRRUST public regulon: Zfp385a (mouse)	candidate	public_source_membership	3	3	exclude	Candidate source grouping only; not an exhaustive or context-specific biological regulon and not part of the frozen mechanism bundle.
TRRUST|TRRUST_v2_snapshot_2026-08-25|mouse|zfp410	TRRUST	TRRUST_v2_snapshot_2026-08-25	mouse	Zfp410	zfp410	TRRUST public regulon: Zfp410 (mouse)	candidate	public_source_membership	1	1	exclude	Candidate source grouping only; not an exhaustive or context-specific biological regulon and not part of the frozen mechanism bundle.
TRRUST|TRRUST_v2_snapshot_2026-08-25|mouse|zfp42	TRRUST	TRRUST_v2_snapshot_2026-08-25	mouse	Zfp42	zfp42	TRRUST public regulon: Zfp42 (mouse)	candidate	public_source_membership	1	1	exclude	Candidate source grouping only; not an exhaustive or context-specific biological regulon and not part of the frozen mechanism bundle.
TRRUST|TRRUST_v2_snapshot_2026-08-25|mouse|zfp423	TRRUST	TRRUST_v2_snapshot_2026-08-25	mouse	Zfp423	zfp423	TRRUST public regulon: Zfp423 (mouse)	candidate	public_source_membership	4	4	exclude	Candidate source grouping only; not an exhaustive or context-specific biological regulon and not part of the frozen mechanism bundle.
TRRUST|TRRUST_v2_snapshot_2026-08-25|mouse|zfp488	TRRUST	TRRUST_v2_snapshot_2026-08-25	mouse	Zfp488	zfp488	TRRUST public regulon: Zfp488 (mouse)	candidate	public_source_membership	1	1	exclude	Candidate source grouping only; not an exhaustive or context-specific biological regulon and not part of the frozen mechanism bundle.
TRRUST|TRRUST_v2_snapshot_2026-08-25|mouse|zfp513	TRRUST	TRRUST_v2_snapshot_2026-08-25	mouse	Zfp513	zfp513	TRRUST public regulon: Zfp513 (mouse)	candidate	public_source_membership	4	4	exclude	Candidate source grouping only; not an exhaustive or context-specific biological regulon and not part of the frozen mechanism bundle.
TRRUST|TRRUST_v2_snapshot_2026-08-25|mouse|zfp523	TRRUST	TRRUST_v2_snapshot_2026-08-25	mouse	Zfp523	zfp523	TRRUST public regulon: Zfp523 (mouse)	candidate	public_source_membership	1	1	exclude	Candidate source grouping only; not an exhaustive or context-specific biological regulon and not part of the frozen mechanism bundle.
TRRUST|TRRUST_v2_snapshot_2026-08-25|mouse|zfp64	TRRUST	TRRUST_v2_snapshot_2026-08-25	mouse	Zfp64	zfp64	TRRUST public regulon: Zfp64 (mouse)	candidate	public_source_membership	2	2	exclude	Candidate source grouping only; not an exhaustive or context-specific biological regulon and not part of the frozen mechanism bundle.
TRRUST|TRRUST_v2_snapshot_2026-08-25|mouse|zfpm1	TRRUST	TRRUST_v2_snapshot_2026-08-25	mouse	Zfpm1	zfpm1	TRRUST public regulon: Zfpm1 (mouse)	candidate	public_source_membership	5	5	exclude	Candidate source grouping only; not an exhaustive or context-specific biological regulon and not part of the frozen mechanism bundle.
TRRUST|TRRUST_v2_snapshot_2026-08-25|mouse|zfpm2	TRRUST	TRRUST_v2_snapshot_2026-08-25	mouse	Zfpm2	zfpm2	TRRUST public regulon: Zfpm2 (mouse)	candidate	public_source_membership	3	3	exclude	Candidate source grouping only; not an exhaustive or context-specific biological regulon and not part of the frozen mechanism bundle.
TRRUST|TRRUST_v2_snapshot_2026-08-25|mouse|zhx3	TRRUST	TRRUST_v2_snapshot_2026-08-25	mouse	Zhx3	zhx3	TRRUST public regulon: Zhx3 (mouse)	candidate	public_source_membership	3	3	exclude	Candidate source grouping only; not an exhaustive or context-specific biological regulon and not part of the frozen mechanism bundle.
TRRUST|TRRUST_v2_snapshot_2026-08-25|mouse|zic1	TRRUST	TRRUST_v2_snapshot_2026-08-25	mouse	Zic1	zic1	TRRUST public regulon: Zic1 (mouse)	candidate	public_source_membership	2	2	exclude	Candidate source grouping only; not an exhaustive or context-specific biological regulon and not part of the frozen mechanism bundle.
TRRUST|TRRUST_v2_snapshot_2026-08-25|mouse|zic2	TRRUST	TRRUST_v2_snapshot_2026-08-25	mouse	Zic2	zic2	TRRUST public regulon: Zic2 (mouse)	candidate	public_source_membership	5	5	exclude	Candidate source grouping only; not an exhaustive or context-specific biological regulon and not part of the frozen mechanism bundle.
TRRUST|TRRUST_v2_snapshot_2026-08-25|mouse|zic3	TRRUST	TRRUST_v2_snapshot_2026-08-25	mouse	Zic3	zic3	TRRUST public regulon: Zic3 (mouse)	candidate	public_source_membership	1	1	exclude	Candidate source grouping only; not an exhaustive or context-specific biological regulon and not part of the frozen mechanism bundle.
TRRUST|TRRUST_v2_snapshot_2026-08-25|mouse|zscan10	TRRUST	TRRUST_v2_snapshot_2026-08-25	mouse	Zscan10	zscan10	TRRUST public regulon: Zscan10 (mouse)	candidate	public_source_membership	3	3	exclude	Candidate source grouping only; not an exhaustive or context-specific biological regulon and not part of the frozen mechanism bundle.
