source_database	ligand_components	receptor_components	source_ligand	source_receptor	source_record_id	pathway	annotation	evidence	review_status	reason
master_LR_union	2300002M23RIK	DDR1	2300002M23Rik	Ddr1					candidate_public_only_not_graph_edge	no_component_normalized_match_in_mSCIdblit
master_LR_union	2610528A11RIK	GPR15	2610528A11Rik	Gpr15					candidate_public_only_not_graph_edge	no_component_normalized_match_in_mSCIdblit
master_LR_union	9530003J23RIK	ITGAL	9530003J23Rik	Itgal					candidate_public_only_not_graph_edge	no_component_normalized_match_in_mSCIdblit
master_LR_union	A2M	KLK1	A2m	Klk1					candidate_public_only_not_graph_edge	no_component_normalized_match_in_mSCIdblit
master_LR_union	A2M	KLK1B1	A2m	Klk1b1					candidate_public_only_not_graph_edge	no_component_normalized_match_in_mSCIdblit
master_LR_union	A2M	KLK1B11	A2m	Klk1b11					candidate_public_only_not_graph_edge	no_component_normalized_match_in_mSCIdblit
master_LR_union	A2M	KLK1B16	A2m	Klk1b16					candidate_public_only_not_graph_edge	no_component_normalized_match_in_mSCIdblit
master_LR_union	A2M	KLK1B21	A2m	Klk1b21					candidate_public_only_not_graph_edge	no_component_normalized_match_in_mSCIdblit
master_LR_union	A2M	KLK1B22	A2m	Klk1b22					candidate_public_only_not_graph_edge	no_component_normalized_match_in_mSCIdblit
master_LR_union	A2M	KLK1B24	A2m	Klk1b24					candidate_public_only_not_graph_edge	no_component_normalized_match_in_mSCIdblit
master_LR_union	A2M	KLK1B26	A2m	Klk1b26					candidate_public_only_not_graph_edge	no_component_normalized_match_in_mSCIdblit
master_LR_union	A2M	KLK1B27	A2m	Klk1b27					candidate_public_only_not_graph_edge	no_component_normalized_match_in_mSCIdblit
master_LR_union	A2M	KLK1B3	A2m	Klk1b3					candidate_public_only_not_graph_edge	no_component_normalized_match_in_mSCIdblit
master_LR_union	A2M	KLK1B4	A2m	Klk1b4					candidate_public_only_not_graph_edge	no_component_normalized_match_in_mSCIdblit
master_LR_union	A2M	KLK1B5	A2m	Klk1b5					candidate_public_only_not_graph_edge	no_component_normalized_match_in_mSCIdblit
master_LR_union	A2M	KLK1B8	A2m	Klk1b8					candidate_public_only_not_graph_edge	no_component_normalized_match_in_mSCIdblit
master_LR_union	A2M	KLK1B9	A2m	Klk1b9					candidate_public_only_not_graph_edge	no_component_normalized_match_in_mSCIdblit
master_LR_union	A2M	MMP2	A2m	Mmp2					candidate_public_only_not_graph_edge	no_component_normalized_match_in_mSCIdblit
master_LR_union	A2M	MMP9	A2m	Mmp9					candidate_public_only_not_graph_edge	no_component_normalized_match_in_mSCIdblit
master_LR_union	AANAT	MTNR1A	Aanat	Mtnr1a					candidate_public_only_not_graph_edge	no_component_normalized_match_in_mSCIdblit
master_LR_union	AANAT	MTNR1B	Aanat	Mtnr1b					candidate_public_only_not_graph_edge	no_component_normalized_match_in_mSCIdblit
master_LR_union	ABCA1	APOA1	Abca1	Apoa1					candidate_public_only_not_graph_edge	no_component_normalized_match_in_mSCIdblit
master_LR_union	ABCA1	MEGF10	Abca1	Megf10					candidate_public_only_not_graph_edge	no_component_normalized_match_in_mSCIdblit
master_LR_union	ACE	AGTR2	Ace	Agtr2					candidate_public_only_not_graph_edge	no_component_normalized_match_in_mSCIdblit
master_LR_union	ACE	BDKRB2	Ace	Bdkrb2					candidate_public_only_not_graph_edge	no_component_normalized_match_in_mSCIdblit
master_LR_union	ACE2	SLC6A19	Ace2	Slc6a19					candidate_public_only_not_graph_edge	no_component_normalized_match_in_mSCIdblit
master_LR_union	ACE2	TIGIT	Ace2	Tigit					candidate_public_only_not_graph_edge	no_component_normalized_match_in_mSCIdblit
master_LR_union	ACE2	TNFRSF11A	Ace2	Tnfrsf11a					candidate_public_only_not_graph_edge	no_component_normalized_match_in_mSCIdblit
master_LR_union	ACE2	TNFRSF11B	Ace2	Tnfrsf11b					candidate_public_only_not_graph_edge	no_component_normalized_match_in_mSCIdblit
master_LR_union	ACP4	ERBB4	Acp4	Erbb4					candidate_public_only_not_graph_edge	no_component_normalized_match_in_mSCIdblit
master_LR_union	ACP4	VSTM2B	Acp4	Vstm2b					candidate_public_only_not_graph_edge	no_component_normalized_match_in_mSCIdblit
master_LR_union	ACTR2	ADRB2	Actr2	Adrb2					candidate_public_only_not_graph_edge	no_component_normalized_match_in_mSCIdblit
master_LR_union	ACTR2	LDLR	Actr2	Ldlr					candidate_public_only_not_graph_edge	no_component_normalized_match_in_mSCIdblit
master_LR_union	ACTR2	LRP2	Actr2	Lrp2					candidate_public_only_not_graph_edge	no_component_normalized_match_in_mSCIdblit
master_LR_union	ADAM10	APP	Adam10	App					candidate_public_only_not_graph_edge	no_component_normalized_match_in_mSCIdblit
master_LR_union	ADAM10	AXL	Adam10	Axl					candidate_public_only_not_graph_edge	no_component_normalized_match_in_mSCIdblit
master_LR_union	ADAM10	EPHA3	Adam10	Epha3					candidate_public_only_not_graph_edge	no_component_normalized_match_in_mSCIdblit
master_LR_union	ADAM10	GPNMB	Adam10	Gpnmb					candidate_public_only_not_graph_edge	no_component_normalized_match_in_mSCIdblit
master_LR_union	ADAM10	IL6RA	Adam10	Il6ra					candidate_public_only_not_graph_edge	no_component_normalized_match_in_mSCIdblit
master_LR_union	ADAM10	MET	Adam10	Met					candidate_public_only_not_graph_edge	no_component_normalized_match_in_mSCIdblit
master_LR_union	ADAM10	NOTCH1	Adam10	Notch1					candidate_public_only_not_graph_edge	no_component_normalized_match_in_mSCIdblit
master_LR_union	ADAM10	NOTCH2	Adam10	Notch2					candidate_public_only_not_graph_edge	no_component_normalized_match_in_mSCIdblit
master_LR_union	ADAM10	NOTCH3	Adam10	Notch3					candidate_public_only_not_graph_edge	no_component_normalized_match_in_mSCIdblit
master_LR_union	ADAM10	NOTCH4	Adam10	Notch4					candidate_public_only_not_graph_edge	no_component_normalized_match_in_mSCIdblit
master_LR_union	ADAM10	TREM2	Adam10	Trem2					candidate_public_only_not_graph_edge	no_component_normalized_match_in_mSCIdblit
master_LR_union	ADAM10	TSPAN10	Adam10	Tspan10					candidate_public_only_not_graph_edge	no_component_normalized_match_in_mSCIdblit
master_LR_union	ADAM10	TSPAN12	Adam10	Tspan12					candidate_public_only_not_graph_edge	no_component_normalized_match_in_mSCIdblit
master_LR_union	ADAM10	TSPAN14	Adam10	Tspan14					candidate_public_only_not_graph_edge	no_component_normalized_match_in_mSCIdblit
master_LR_union	ADAM10	TSPAN15	Adam10	Tspan15					candidate_public_only_not_graph_edge	no_component_normalized_match_in_mSCIdblit
master_LR_union	ADAM10	TSPAN17	Adam10	Tspan17					candidate_public_only_not_graph_edge	no_component_normalized_match_in_mSCIdblit
master_LR_union	ADAM10	TSPAN33	Adam10	Tspan33					candidate_public_only_not_graph_edge	no_component_normalized_match_in_mSCIdblit
master_LR_union	ADAM10	TSPAN5	Adam10	Tspan5					candidate_public_only_not_graph_edge	no_component_normalized_match_in_mSCIdblit
master_LR_union	ADAM11	CCR4	Adam11	Ccr4					candidate_public_only_not_graph_edge	no_component_normalized_match_in_mSCIdblit
master_LR_union	ADAM11	ITGA4	Adam11	Itga4					candidate_public_only_not_graph_edge	no_component_normalized_match_in_mSCIdblit
master_LR_union	ADAM12	ITGA9	Adam12	Itga9					candidate_public_only_not_graph_edge	no_component_normalized_match_in_mSCIdblit
master_LR_union	ADAM12	ITGB1	Adam12	Itgb1					candidate_public_only_not_graph_edge	no_component_normalized_match_in_mSCIdblit
master_LR_union	ADAM15	ITGA5	Adam15	Itga5					candidate_public_only_not_graph_edge	no_component_normalized_match_in_mSCIdblit
master_LR_union	ADAM15	ITGA9	Adam15	Itga9					candidate_public_only_not_graph_edge	no_component_normalized_match_in_mSCIdblit
master_LR_union	ADAM15	ITGAV	Adam15	Itgav					candidate_public_only_not_graph_edge	no_component_normalized_match_in_mSCIdblit
master_LR_union	ADAM15	ITGB1	Adam15	Itgb1					candidate_public_only_not_graph_edge	no_component_normalized_match_in_mSCIdblit
master_LR_union	ADAM15	ITGB3	Adam15	Itgb3					candidate_public_only_not_graph_edge	no_component_normalized_match_in_mSCIdblit
master_LR_union	ADAM17	ERBB4	Adam17	Erbb4					candidate_public_only_not_graph_edge	no_component_normalized_match_in_mSCIdblit
master_LR_union	ADAM17	IL6RA	Adam17	Il6ra					candidate_public_only_not_graph_edge	no_component_normalized_match_in_mSCIdblit
master_LR_union	ADAM17	ITGA5	Adam17	Itga5					candidate_public_only_not_graph_edge	no_component_normalized_match_in_mSCIdblit
master_LR_union	ADAM17	MET	Adam17	Met					candidate_public_only_not_graph_edge	no_component_normalized_match_in_mSCIdblit
master_LR_union	ADAM17	MUC1	Adam17	Muc1					candidate_public_only_not_graph_edge	no_component_normalized_match_in_mSCIdblit
master_LR_union	ADAM17	NOTCH1	Adam17	Notch1					candidate_public_only_not_graph_edge	no_component_normalized_match_in_mSCIdblit
master_LR_union	ADAM17	NOTCH2	Adam17	Notch2					candidate_public_only_not_graph_edge	no_component_normalized_match_in_mSCIdblit
master_LR_union	ADAM17	NOTCH3	Adam17	Notch3					candidate_public_only_not_graph_edge	no_component_normalized_match_in_mSCIdblit
master_LR_union	ADAM17	NOTCH4	Adam17	Notch4					candidate_public_only_not_graph_edge	no_component_normalized_match_in_mSCIdblit
master_LR_union	ADAM17	RHBDF2	Adam17	Rhbdf2					candidate_public_only_not_graph_edge	no_component_normalized_match_in_mSCIdblit
master_LR_union	ADAM2	ITGA6	Adam2	Itga6					candidate_public_only_not_graph_edge	no_component_normalized_match_in_mSCIdblit
master_LR_union	ADAM2	ITGB1	Adam2	Itgb1					candidate_public_only_not_graph_edge	no_component_normalized_match_in_mSCIdblit
master_LR_union	ADAM20	IL1RAPL1	Adam20	Il1rapl1					candidate_public_only_not_graph_edge	no_component_normalized_match_in_mSCIdblit
master_LR_union	ADAM20	IL1RAPL2	Adam20	Il1rapl2					candidate_public_only_not_graph_edge	no_component_normalized_match_in_mSCIdblit
master_LR_union	ADAM21	CLEC12B	Adam21	Clec12b					candidate_public_only_not_graph_edge	no_component_normalized_match_in_mSCIdblit
master_LR_union	ADAM21	FLT4	Adam21	Flt4					candidate_public_only_not_graph_edge	no_component_normalized_match_in_mSCIdblit
master_LR_union	ADAM21	IGSF21	Adam21	Igsf21					candidate_public_only_not_graph_edge	no_component_normalized_match_in_mSCIdblit
master_LR_union	ADAM23	ITGA4	Adam23	Itga4					candidate_public_only_not_graph_edge	no_component_normalized_match_in_mSCIdblit
master_LR_union	ADAM23	ITGA5	Adam23	Itga5					candidate_public_only_not_graph_edge	no_component_normalized_match_in_mSCIdblit
master_LR_union	ADAM23	ITGB3	Adam23	Itgb3					candidate_public_only_not_graph_edge	no_component_normalized_match_in_mSCIdblit
master_LR_union	ADAM25	IL1RAPL1	Adam25	Il1rapl1					candidate_public_only_not_graph_edge	no_component_normalized_match_in_mSCIdblit
master_LR_union	ADAM25	IL1RAPL2	Adam25	Il1rapl2					candidate_public_only_not_graph_edge	no_component_normalized_match_in_mSCIdblit
master_LR_union	ADAM28	ITGA4	Adam28	Itga4					candidate_public_only_not_graph_edge	no_component_normalized_match_in_mSCIdblit
master_LR_union	ADAM29	ITGA4	Adam29	Itga4					candidate_public_only_not_graph_edge	no_component_normalized_match_in_mSCIdblit
master_LR_union	ADAM39	IL1RAPL1	Adam39	Il1rapl1					candidate_public_only_not_graph_edge	no_component_normalized_match_in_mSCIdblit
master_LR_union	ADAM39	IL1RAPL2	Adam39	Il1rapl2					candidate_public_only_not_graph_edge	no_component_normalized_match_in_mSCIdblit
master_LR_union	ADAM7	ITGA4	Adam7	Itga4					candidate_public_only_not_graph_edge	no_component_normalized_match_in_mSCIdblit
master_LR_union	ADAM7	ITGB7	Adam7	Itgb7					candidate_public_only_not_graph_edge	no_component_normalized_match_in_mSCIdblit
master_LR_union	ADAM9	ITGB5	Adam9	Itgb5					candidate_public_only_not_graph_edge	no_component_normalized_match_in_mSCIdblit
master_LR_union	ADAMTS3	CCBE1	Adamts3	Ccbe1					candidate_public_only_not_graph_edge	no_component_normalized_match_in_mSCIdblit
master_LR_union	ADCYAP1	ADRB2	Adcyap1	Adrb2					candidate_public_only_not_graph_edge	no_component_normalized_match_in_mSCIdblit
master_LR_union	ADCYAP1	ADRB3	Adcyap1	Adrb3					candidate_public_only_not_graph_edge	no_component_normalized_match_in_mSCIdblit
master_LR_union	ADCYAP1	DPP4	Adcyap1	Dpp4					candidate_public_only_not_graph_edge	no_component_normalized_match_in_mSCIdblit
master_LR_union	ADCYAP1	GPR20	Adcyap1	Gpr20					candidate_public_only_not_graph_edge	no_component_normalized_match_in_mSCIdblit
master_LR_union	ADCYAP1	GPR84	Adcyap1	Gpr84					candidate_public_only_not_graph_edge	no_component_normalized_match_in_mSCIdblit
master_LR_union	ADCYAP1	PTH1R	Adcyap1	Pth1r					candidate_public_only_not_graph_edge	no_component_normalized_match_in_mSCIdblit
master_LR_union	ADCYAP1	RAMP2	Adcyap1	Ramp2					candidate_public_only_not_graph_edge	no_component_normalized_match_in_mSCIdblit
master_LR_union	ADCYAP1	RAMP3	Adcyap1	Ramp3					candidate_public_only_not_graph_edge	no_component_normalized_match_in_mSCIdblit
master_LR_union	ADCYAP1	SCTR	Adcyap1	Sctr					candidate_public_only_not_graph_edge	no_component_normalized_match_in_mSCIdblit
master_LR_union	ADCYAP1	TSHR	Adcyap1	Tshr					candidate_public_only_not_graph_edge	no_component_normalized_match_in_mSCIdblit
master_LR_union	ADGRB1	RTN4R	Adgrb1	Rtn4r					candidate_public_only_not_graph_edge	no_component_normalized_match_in_mSCIdblit
master_LR_union	ADGRE5	CD55	Adgre5	Cd55					candidate_public_only_not_graph_edge	no_component_normalized_match_in_mSCIdblit
master_LR_union	ADGRE5	CD55B	Adgre5	Cd55b					candidate_public_only_not_graph_edge	no_component_normalized_match_in_mSCIdblit
master_LR_union	ADGRF5	TREML2	Adgrf5	Treml2					candidate_public_only_not_graph_edge	no_component_normalized_match_in_mSCIdblit
master_LR_union	ADIPOQ	ASGR2	Adipoq	Asgr2					candidate_public_only_not_graph_edge	no_component_normalized_match_in_mSCIdblit
master_LR_union	ADIPOQ	CNR2	Adipoq	Cnr2					candidate_public_only_not_graph_edge	no_component_normalized_match_in_mSCIdblit
master_LR_union	ADIPOQ	FFAR3	Adipoq	Ffar3					candidate_public_only_not_graph_edge	no_component_normalized_match_in_mSCIdblit
master_LR_union	ADIPOQ	GPR152	Adipoq	Gpr152					candidate_public_only_not_graph_edge	no_component_normalized_match_in_mSCIdblit
master_LR_union	ADIPOQ	PROKR2	Adipoq	Prokr2					candidate_public_only_not_graph_edge	no_component_normalized_match_in_mSCIdblit
master_LR_union	ADM	ADCYAP1R1	Adm	Adcyap1r1					candidate_public_only_not_graph_edge	no_component_normalized_match_in_mSCIdblit
master_LR_union	ADM	ADRB2	Adm	Adrb2					candidate_public_only_not_graph_edge	no_component_normalized_match_in_mSCIdblit
master_LR_union	ADM	ADRB3	Adm	Adrb3					candidate_public_only_not_graph_edge	no_component_normalized_match_in_mSCIdblit
master_LR_union	ADM	CALCR	Adm	Calcr					candidate_public_only_not_graph_edge	no_component_normalized_match_in_mSCIdblit
master_LR_union	ADM	CALCR+RAMP1	Adm	Calcr_Ramp1					candidate_public_only_not_graph_edge	no_component_normalized_match_in_mSCIdblit
master_LR_union	ADM	CALCR+RAMP2	Adm	Calcr_Ramp2					candidate_public_only_not_graph_edge	no_component_normalized_match_in_mSCIdblit
master_LR_union	ADM	CALCR+RAMP3	Adm	Calcr_Ramp3					candidate_public_only_not_graph_edge	no_component_normalized_match_in_mSCIdblit
master_LR_union	ADM	DCLK3	Adm	Dclk3					candidate_public_only_not_graph_edge	no_component_normalized_match_in_mSCIdblit
master_LR_union	ADM	GPR182	Adm	Gpr182					candidate_public_only_not_graph_edge	no_component_normalized_match_in_mSCIdblit
master_LR_union	ADM	GPR20	Adm	Gpr20					candidate_public_only_not_graph_edge	no_component_normalized_match_in_mSCIdblit
master_LR_union	ADM	GPR84	Adm	Gpr84					candidate_public_only_not_graph_edge	no_component_normalized_match_in_mSCIdblit
master_LR_union	ADM	MRGPRA1	Adm	Mrgpra1					candidate_public_only_not_graph_edge	no_component_normalized_match_in_mSCIdblit
master_LR_union	ADM	MRGPRA2A	Adm	Mrgpra2a					candidate_public_only_not_graph_edge	no_component_normalized_match_in_mSCIdblit
master_LR_union	ADM	MRGPRA2B	Adm	Mrgpra2b					candidate_public_only_not_graph_edge	no_component_normalized_match_in_mSCIdblit
master_LR_union	ADM	MRGPRA3	Adm	Mrgpra3					candidate_public_only_not_graph_edge	no_component_normalized_match_in_mSCIdblit
master_LR_union	ADM	MRGPRA4	Adm	Mrgpra4					candidate_public_only_not_graph_edge	no_component_normalized_match_in_mSCIdblit
master_LR_union	ADM	MRGPRA6	Adm	Mrgpra6					candidate_public_only_not_graph_edge	no_component_normalized_match_in_mSCIdblit
master_LR_union	ADM	MRGPRA9	Adm	Mrgpra9					candidate_public_only_not_graph_edge	no_component_normalized_match_in_mSCIdblit
master_LR_union	ADM	MRGPRB1	Adm	Mrgprb1					candidate_public_only_not_graph_edge	no_component_normalized_match_in_mSCIdblit
master_LR_union	ADM	MRGPRB2	Adm	Mrgprb2					candidate_public_only_not_graph_edge	no_component_normalized_match_in_mSCIdblit
master_LR_union	ADM	MRGPRB3	Adm	Mrgprb3					candidate_public_only_not_graph_edge	no_component_normalized_match_in_mSCIdblit
master_LR_union	ADM	MRGPRB4	Adm	Mrgprb4					candidate_public_only_not_graph_edge	no_component_normalized_match_in_mSCIdblit
master_LR_union	ADM	MRGPRB5	Adm	Mrgprb5					candidate_public_only_not_graph_edge	no_component_normalized_match_in_mSCIdblit
master_LR_union	ADM	MRGPRB8	Adm	Mrgprb8					candidate_public_only_not_graph_edge	no_component_normalized_match_in_mSCIdblit
master_LR_union	ADM	MRGPRX1	Adm	Mrgprx1					candidate_public_only_not_graph_edge	no_component_normalized_match_in_mSCIdblit
master_LR_union	ADM	MRGPRX2	Adm	Mrgprx2					candidate_public_only_not_graph_edge	no_component_normalized_match_in_mSCIdblit
master_LR_union	ADM	PTH1R	Adm	Pth1r					candidate_public_only_not_graph_edge	no_component_normalized_match_in_mSCIdblit
master_LR_union	ADM	RAMP1	Adm	Ramp1					candidate_public_only_not_graph_edge	no_component_normalized_match_in_mSCIdblit
master_LR_union	ADM	TSHR	Adm	Tshr					candidate_public_only_not_graph_edge	no_component_normalized_match_in_mSCIdblit
master_LR_union	ADM	VIPR1	Adm	Vipr1					candidate_public_only_not_graph_edge	no_component_normalized_match_in_mSCIdblit
master_LR_union	ADM2	ADCYAP1R1	Adm2	Adcyap1r1					candidate_public_only_not_graph_edge	no_component_normalized_match_in_mSCIdblit
master_LR_union	ADM2	ADRB2	Adm2	Adrb2					candidate_public_only_not_graph_edge	no_component_normalized_match_in_mSCIdblit
master_LR_union	ADM2	ADRB3	Adm2	Adrb3					candidate_public_only_not_graph_edge	no_component_normalized_match_in_mSCIdblit
master_LR_union	ADM2	CALCR	Adm2	Calcr					candidate_public_only_not_graph_edge	no_component_normalized_match_in_mSCIdblit
master_LR_union	ADM2	DCLK3	Adm2	Dclk3					candidate_public_only_not_graph_edge	no_component_normalized_match_in_mSCIdblit
master_LR_union	ADM2	GPR20	Adm2	Gpr20					candidate_public_only_not_graph_edge	no_component_normalized_match_in_mSCIdblit
master_LR_union	ADM2	GPR84	Adm2	Gpr84					candidate_public_only_not_graph_edge	no_component_normalized_match_in_mSCIdblit
master_LR_union	ADM2	PTH1R	Adm2	Pth1r					candidate_public_only_not_graph_edge	no_component_normalized_match_in_mSCIdblit
master_LR_union	ADM2	TSHR	Adm2	Tshr					candidate_public_only_not_graph_edge	no_component_normalized_match_in_mSCIdblit
master_LR_union	ADM2	VIPR1	Adm2	Vipr1					candidate_public_only_not_graph_edge	no_component_normalized_match_in_mSCIdblit
master_LR_union	AGRN	CHRNB3	Agrn	Chrnb3					candidate_public_only_not_graph_edge	no_component_normalized_match_in_mSCIdblit
master_LR_union	AGRN	ITGB1	Agrn	Itgb1					candidate_public_only_not_graph_edge	no_component_normalized_match_in_mSCIdblit
master_LR_union	AGRN	LRP1	Agrn	Lrp1					candidate_public_only_not_graph_edge	no_component_normalized_match_in_mSCIdblit
master_LR_union	AGRN	LRP2	Agrn	Lrp2					candidate_public_only_not_graph_edge	no_component_normalized_match_in_mSCIdblit
master_LR_union	AGRP	MC1R	Agrp	Mc1r					candidate_public_only_not_graph_edge	no_component_normalized_match_in_mSCIdblit
master_LR_union	AGRP	MC5R	Agrp	Mc5r					candidate_public_only_not_graph_edge	no_component_normalized_match_in_mSCIdblit
master_LR_union	AGRP	SDC1	Agrp	Sdc1					candidate_public_only_not_graph_edge	no_component_normalized_match_in_mSCIdblit
master_LR_union	AGRP	SDC3	Agrp	Sdc3					candidate_public_only_not_graph_edge	no_component_normalized_match_in_mSCIdblit
master_LR_union	AGT	ADRA2A	Agt	Adra2a					candidate_public_only_not_graph_edge	no_component_normalized_match_in_mSCIdblit
master_LR_union	AGT	AGTR1A	Agt	Agtr1a					candidate_public_only_not_graph_edge	no_component_normalized_match_in_mSCIdblit
master_LR_union	AGT	AGTR1B	Agt	Agtr1b					candidate_public_only_not_graph_edge	no_component_normalized_match_in_mSCIdblit
master_LR_union	AGT	AGTR2	Agt	Agtr2					candidate_public_only_not_graph_edge	no_component_normalized_match_in_mSCIdblit
master_LR_union	AGT	ENPEP	Agt	Enpep					candidate_public_only_not_graph_edge	no_component_normalized_match_in_mSCIdblit
master_LR_union	AGT	GRM7	Agt	Grm7					candidate_public_only_not_graph_edge	no_component_normalized_match_in_mSCIdblit
master_LR_union	AGT	LRP2	Agt	Lrp2					candidate_public_only_not_graph_edge	no_component_normalized_match_in_mSCIdblit
master_LR_union	AGT	MAS1	Agt	Mas1					candidate_public_only_not_graph_edge	no_component_normalized_match_in_mSCIdblit
master_LR_union	AGT	MTNR1A	Agt	Mtnr1a					candidate_public_only_not_graph_edge	no_component_normalized_match_in_mSCIdblit
master_LR_union	AGT	REN1	Agt	Ren1					candidate_public_only_not_graph_edge	no_component_normalized_match_in_mSCIdblit
master_LR_union	AIMP1	NTRK1	Aimp1	Ntrk1					candidate_public_only_not_graph_edge	no_component_normalized_match_in_mSCIdblit
master_LR_union	AKR1C14+AKR1C20+AKR1CL+CHRNG	PTGDR2	Akr1c14_Akr1c20_Akr1cl_Chrng	Ptgdr2					candidate_public_only_not_graph_edge	no_component_normalized_match_in_mSCIdblit
master_LR_union	AKR1C14+AKR1C20+AKR1CL+CHRNG	PTGFR	Akr1c14_Akr1c20_Akr1cl_Chrng	Ptgfr					candidate_public_only_not_graph_edge	no_component_normalized_match_in_mSCIdblit
master_LR_union	AKR1C18+AKR1C6+ALOX5+ALOX5AP+LTC4S	CYSLTR1	Alox5ap_Alox5_Ltc4s_Akr1c6_Akr1c18	Cysltr1					candidate_public_only_not_graph_edge	no_component_normalized_match_in_mSCIdblit
master_LR_union	AKR1C18+AKR1C6+ALOX5+ALOX5AP+LTC4S	CYSLTR2	Alox5ap_Alox5_Ltc4s_Akr1c6_Akr1c18	Cysltr2					candidate_public_only_not_graph_edge	no_component_normalized_match_in_mSCIdblit
master_LR_union	AKR1D1	AR	Akr1d1	Ar					candidate_public_only_not_graph_edge	no_component_normalized_match_in_mSCIdblit
master_LR_union	ALCAM	ALCAM	Alcam	Alcam					candidate_public_only_not_graph_edge	no_component_normalized_match_in_mSCIdblit
master_LR_union	ALDH1A1+ALDH1A7	CRABP2+RARA	Aldh1a1_Aldh1a7	Rara_Crabp2					candidate_public_only_not_graph_edge	no_component_normalized_match_in_mSCIdblit
master_LR_union	ALDH1A1+ALDH1A7	CRABP2+RARA+RXRA	Aldh1a1_Aldh1a7	Rara_Rxra_Crabp2					candidate_public_only_not_graph_edge	no_component_normalized_match_in_mSCIdblit
master_LR_union	ALDH1A1+ALDH1A7	CRABP2+RARB	Aldh1a1_Aldh1a7	Rarb_Crabp2					candidate_public_only_not_graph_edge	no_component_normalized_match_in_mSCIdblit
master_LR_union	ALDH1A1+ALDH1A7	CRABP2+RARB+RXRB	Aldh1a1_Aldh1a7	Rarb_Rxrb_Crabp2					candidate_public_only_not_graph_edge	no_component_normalized_match_in_mSCIdblit
master_LR_union	ALDH1A1+ALDH1A7	CRABP2+RARG	Aldh1a1_Aldh1a7	Rarg_Crabp2					candidate_public_only_not_graph_edge	no_component_normalized_match_in_mSCIdblit
master_LR_union	ALDH1A1+ALDH1A7	CRABP2+RARG+RXRG	Aldh1a1_Aldh1a7	Rarg_Rxrg_Crabp2					candidate_public_only_not_graph_edge	no_component_normalized_match_in_mSCIdblit
master_LR_union	ALDH1A1+ALDH1A7	CRABP2+RXRA	Aldh1a1_Aldh1a7	Rxra_Crabp2					candidate_public_only_not_graph_edge	no_component_normalized_match_in_mSCIdblit
master_LR_union	ALDH1A1+ALDH1A7	CRABP2+RXRB	Aldh1a1_Aldh1a7	Rxrb_Crabp2					candidate_public_only_not_graph_edge	no_component_normalized_match_in_mSCIdblit
master_LR_union	ALDH1A1+ALDH1A7	CRABP2+RXRG	Aldh1a1_Aldh1a7	Rxrg_Crabp2					candidate_public_only_not_graph_edge	no_component_normalized_match_in_mSCIdblit
master_LR_union	ALDH1A1+ALDH1A7	RORB	Aldh1a1_Aldh1a7	Rorb					candidate_public_only_not_graph_edge	no_component_normalized_match_in_mSCIdblit
master_LR_union	ALDH1A2	CRABP2+RARA	Aldh1a2	Rara_Crabp2					candidate_public_only_not_graph_edge	no_component_normalized_match_in_mSCIdblit
master_LR_union	ALDH1A2	CRABP2+RARA+RXRA	Aldh1a2	Rara_Rxra_Crabp2					candidate_public_only_not_graph_edge	no_component_normalized_match_in_mSCIdblit
master_LR_union	ALDH1A2	CRABP2+RARB	Aldh1a2	Rarb_Crabp2					candidate_public_only_not_graph_edge	no_component_normalized_match_in_mSCIdblit
master_LR_union	ALDH1A2	CRABP2+RARB+RXRB	Aldh1a2	Rarb_Rxrb_Crabp2					candidate_public_only_not_graph_edge	no_component_normalized_match_in_mSCIdblit
master_LR_union	ALDH1A2	CRABP2+RARG	Aldh1a2	Rarg_Crabp2					candidate_public_only_not_graph_edge	no_component_normalized_match_in_mSCIdblit
master_LR_union	ALDH1A2	CRABP2+RARG+RXRG	Aldh1a2	Rarg_Rxrg_Crabp2					candidate_public_only_not_graph_edge	no_component_normalized_match_in_mSCIdblit
master_LR_union	ALDH1A2	CRABP2+RXRA	Aldh1a2	Rxra_Crabp2					candidate_public_only_not_graph_edge	no_component_normalized_match_in_mSCIdblit
master_LR_union	ALDH1A2	CRABP2+RXRB	Aldh1a2	Rxrb_Crabp2					candidate_public_only_not_graph_edge	no_component_normalized_match_in_mSCIdblit
master_LR_union	ALDH1A2	CRABP2+RXRG	Aldh1a2	Rxrg_Crabp2					candidate_public_only_not_graph_edge	no_component_normalized_match_in_mSCIdblit
master_LR_union	ALDH1A2	RORB	Aldh1a2	Rorb					candidate_public_only_not_graph_edge	no_component_normalized_match_in_mSCIdblit
master_LR_union	ALDH1A3	CRABP2+RARA	Aldh1a3	Rara_Crabp2					candidate_public_only_not_graph_edge	no_component_normalized_match_in_mSCIdblit
master_LR_union	ALDH1A3	CRABP2+RARA+RXRA	Aldh1a3	Rara_Rxra_Crabp2					candidate_public_only_not_graph_edge	no_component_normalized_match_in_mSCIdblit
master_LR_union	ALDH1A3	CRABP2+RARB	Aldh1a3	Rarb_Crabp2					candidate_public_only_not_graph_edge	no_component_normalized_match_in_mSCIdblit
master_LR_union	ALDH1A3	CRABP2+RARB+RXRB	Aldh1a3	Rarb_Rxrb_Crabp2					candidate_public_only_not_graph_edge	no_component_normalized_match_in_mSCIdblit
master_LR_union	ALDH1A3	CRABP2+RARG	Aldh1a3	Rarg_Crabp2					candidate_public_only_not_graph_edge	no_component_normalized_match_in_mSCIdblit
master_LR_union	ALDH1A3	CRABP2+RARG+RXRG	Aldh1a3	Rarg_Rxrg_Crabp2					candidate_public_only_not_graph_edge	no_component_normalized_match_in_mSCIdblit
master_LR_union	ALDH1A3	CRABP2+RXRA	Aldh1a3	Rxra_Crabp2					candidate_public_only_not_graph_edge	no_component_normalized_match_in_mSCIdblit
master_LR_union	ALDH1A3	CRABP2+RXRB	Aldh1a3	Rxrb_Crabp2					candidate_public_only_not_graph_edge	no_component_normalized_match_in_mSCIdblit
master_LR_union	ALDH1A3	CRABP2+RXRG	Aldh1a3	Rxrg_Crabp2					candidate_public_only_not_graph_edge	no_component_normalized_match_in_mSCIdblit
master_LR_union	ALDH1A3	RORB	Aldh1a3	Rorb					candidate_public_only_not_graph_edge	no_component_normalized_match_in_mSCIdblit
master_LR_union	ALKAL1	ALK	Alkal1	Alk					candidate_public_only_not_graph_edge	no_component_normalized_match_in_mSCIdblit
master_LR_union	ALKAL1	LTK	Alkal1	Ltk					candidate_public_only_not_graph_edge	no_component_normalized_match_in_mSCIdblit
master_LR_union	ALKAL2	ALK	Alkal2	Alk					candidate_public_only_not_graph_edge	no_component_normalized_match_in_mSCIdblit
master_LR_union	ALKAL2	LTK	Alkal2	Ltk					candidate_public_only_not_graph_edge	no_component_normalized_match_in_mSCIdblit
master_LR_union	ALOX12	FPR2	Alox12	Fpr2					candidate_public_only_not_graph_edge	no_component_normalized_match_in_mSCIdblit
master_LR_union	ALOX12	FPR3	Alox12	Fpr3					candidate_public_only_not_graph_edge	no_component_normalized_match_in_mSCIdblit
master_LR_union	ALOX12	FPRRS3	Alox12	Fpr-rs3					candidate_public_only_not_graph_edge	no_component_normalized_match_in_mSCIdblit
master_LR_union	ALOX12	FPRRS4	Alox12	Fpr-rs4					candidate_public_only_not_graph_edge	no_component_normalized_match_in_mSCIdblit
master_LR_union	ALOX12	FPRRS6	Alox12	Fpr-rs6					candidate_public_only_not_graph_edge	no_component_normalized_match_in_mSCIdblit
master_LR_union	ALOX12	FPRRS7	Alox12	Fpr-rs7					candidate_public_only_not_graph_edge	no_component_normalized_match_in_mSCIdblit
master_LR_union	ALOX5+ALOX5AP+LTC4S	FPR2	Alox5_Alox5ap_Ltc4s	Fpr2					candidate_public_only_not_graph_edge	no_component_normalized_match_in_mSCIdblit
master_LR_union	ALOX5+ALOX5AP+LTC4S	FPR3	Alox5_Alox5ap_Ltc4s	Fpr3					candidate_public_only_not_graph_edge	no_component_normalized_match_in_mSCIdblit
master_LR_union	ALOX5+ALOX5AP+LTC4S	FPRRS3	Alox5_Alox5ap_Ltc4s	Fpr-rs3					candidate_public_only_not_graph_edge	no_component_normalized_match_in_mSCIdblit
master_LR_union	ALOX5+ALOX5AP+LTC4S	FPRRS4	Alox5_Alox5ap_Ltc4s	Fpr-rs4					candidate_public_only_not_graph_edge	no_component_normalized_match_in_mSCIdblit
master_LR_union	ALOX5+ALOX5AP+LTC4S	FPRRS6	Alox5_Alox5ap_Ltc4s	Fpr-rs6					candidate_public_only_not_graph_edge	no_component_normalized_match_in_mSCIdblit
master_LR_union	ALOX5+ALOX5AP+LTC4S	FPRRS7	Alox5_Alox5ap_Ltc4s	Fpr-rs7					candidate_public_only_not_graph_edge	no_component_normalized_match_in_mSCIdblit
master_LR_union	ALOX5AP	ALOX5	Alox5ap	Alox5					candidate_public_only_not_graph_edge	no_component_normalized_match_in_mSCIdblit
master_LR_union	AMH	ACVR1	Amh	Acvr1					candidate_public_only_not_graph_edge	no_component_normalized_match_in_mSCIdblit
master_LR_union	AMH	AMHR2	Amh	Amhr2					candidate_public_only_not_graph_edge	no_component_normalized_match_in_mSCIdblit
master_LR_union	AMH	BMPR1A	Amh	Bmpr1a					candidate_public_only_not_graph_edge	no_component_normalized_match_in_mSCIdblit
master_LR_union	AMH	BMPR1B	Amh	Bmpr1b					candidate_public_only_not_graph_edge	no_component_normalized_match_in_mSCIdblit
master_LR_union	AMH	EGFR	Amh	Egfr					candidate_public_only_not_graph_edge	no_component_normalized_match_in_mSCIdblit
master_LR_union	AMH	GREM2	Amh	Grem2					candidate_public_only_not_graph_edge	no_component_normalized_match_in_mSCIdblit
master_LR_union	ANG2	EGFR	Ang2	Egfr					candidate_public_only_not_graph_edge	no_component_normalized_match_in_mSCIdblit
master_LR_union	ANG2	PLXNB2	Ang2	Plxnb2					candidate_public_only_not_graph_edge	no_component_normalized_match_in_mSCIdblit
master_LR_union	ANG4	EGFR	Ang4	Egfr					candidate_public_only_not_graph_edge	no_component_normalized_match_in_mSCIdblit
master_LR_union	ANG4	PLXNB2	Ang4	Plxnb2					candidate_public_only_not_graph_edge	no_component_normalized_match_in_mSCIdblit
master_LR_union	ANG5	EGFR	Ang5	Egfr					candidate_public_only_not_graph_edge	no_component_normalized_match_in_mSCIdblit
master_LR_union	ANG5	PLXNB2	Ang5	Plxnb2					candidate_public_only_not_graph_edge	no_component_normalized_match_in_mSCIdblit
master_LR_union	ANG6	EGFR	Ang6	Egfr					candidate_public_only_not_graph_edge	no_component_normalized_match_in_mSCIdblit
master_LR_union	ANG6	PLXNB2	Ang6	Plxnb2					candidate_public_only_not_graph_edge	no_component_normalized_match_in_mSCIdblit
master_LR_union	ANGPT1	ITGB1	Angpt1	Itgb1					candidate_public_only_not_graph_edge	no_component_normalized_match_in_mSCIdblit
master_LR_union	ANGPT2	ITGA5	Angpt2	Itga5					candidate_public_only_not_graph_edge	no_component_normalized_match_in_mSCIdblit
master_LR_union	ANGPT2	ITGB1	Angpt2	Itgb1					candidate_public_only_not_graph_edge	no_component_normalized_match_in_mSCIdblit
master_LR_union	ANGPTL1	GM14548	Angptl1	Gm14548					candidate_public_only_not_graph_edge	no_component_normalized_match_in_mSCIdblit
master_LR_union	ANGPTL1	GM15448	Angptl1	Gm15448					candidate_public_only_not_graph_edge	no_component_normalized_match_in_mSCIdblit
master_LR_union	ANGPTL1	ITGA1	Angptl1	Itga1					candidate_public_only_not_graph_edge	no_component_normalized_match_in_mSCIdblit
master_LR_union	ANGPTL1	ITGB1	Angptl1	Itgb1					candidate_public_only_not_graph_edge	no_component_normalized_match_in_mSCIdblit
master_LR_union	ANGPTL1	LILRA5	Angptl1	Lilra5					candidate_public_only_not_graph_edge	no_component_normalized_match_in_mSCIdblit
master_LR_union	ANGPTL1	LILRA6	Angptl1	Lilra6					candidate_public_only_not_graph_edge	no_component_normalized_match_in_mSCIdblit
master_LR_union	ANGPTL1	PIRA1	Angptl1	Pira1					candidate_public_only_not_graph_edge	no_component_normalized_match_in_mSCIdblit
master_LR_union	ANGPTL1	PIRA12	Angptl1	Pira12					candidate_public_only_not_graph_edge	no_component_normalized_match_in_mSCIdblit
master_LR_union	ANGPTL1	PIRA13	Angptl1	Pira13					candidate_public_only_not_graph_edge	no_component_normalized_match_in_mSCIdblit
master_LR_union	ANGPTL1	PIRA2	Angptl1	Pira2					candidate_public_only_not_graph_edge	no_component_normalized_match_in_mSCIdblit
master_LR_union	ANGPTL1	PIRA6	Angptl1	Pira6					candidate_public_only_not_graph_edge	no_component_normalized_match_in_mSCIdblit
master_LR_union	ANGPTL1	PIRB	Angptl1	Pirb					candidate_public_only_not_graph_edge	no_component_normalized_match_in_mSCIdblit
master_LR_union	ANGPTL1	TEK	Angptl1	Tek					candidate_public_only_not_graph_edge	no_component_normalized_match_in_mSCIdblit
master_LR_union	ANGPTL2	GM14548	Angptl2	Gm14548					candidate_public_only_not_graph_edge	no_component_normalized_match_in_mSCIdblit
master_LR_union	ANGPTL2	GM15448	Angptl2	Gm15448					candidate_public_only_not_graph_edge	no_component_normalized_match_in_mSCIdblit
master_LR_union	ANGPTL2	ITGA5	Angptl2	Itga5					candidate_public_only_not_graph_edge	no_component_normalized_match_in_mSCIdblit
master_LR_union	ANGPTL2	ITGB1	Angptl2	Itgb1					candidate_public_only_not_graph_edge	no_component_normalized_match_in_mSCIdblit
master_LR_union	ANGPTL2	LILRA5	Angptl2	Lilra5					candidate_public_only_not_graph_edge	no_component_normalized_match_in_mSCIdblit
master_LR_union	ANGPTL2	LILRA6	Angptl2	Lilra6					candidate_public_only_not_graph_edge	no_component_normalized_match_in_mSCIdblit
master_LR_union	ANGPTL2	PIRA1	Angptl2	Pira1					candidate_public_only_not_graph_edge	no_component_normalized_match_in_mSCIdblit
master_LR_union	ANGPTL2	PIRA12	Angptl2	Pira12					candidate_public_only_not_graph_edge	no_component_normalized_match_in_mSCIdblit
master_LR_union	ANGPTL2	PIRA13	Angptl2	Pira13					candidate_public_only_not_graph_edge	no_component_normalized_match_in_mSCIdblit
master_LR_union	ANGPTL2	PIRA2	Angptl2	Pira2					candidate_public_only_not_graph_edge	no_component_normalized_match_in_mSCIdblit
master_LR_union	ANGPTL2	PIRA6	Angptl2	Pira6					candidate_public_only_not_graph_edge	no_component_normalized_match_in_mSCIdblit
master_LR_union	ANGPTL2	TIE1	Angptl2	Tie1					candidate_public_only_not_graph_edge	no_component_normalized_match_in_mSCIdblit
master_LR_union	ANGPTL2	TLR4	Angptl2	Tlr4					candidate_public_only_not_graph_edge	no_component_normalized_match_in_mSCIdblit
master_LR_union	ANGPTL3	ITGAV	Angptl3	Itgav					candidate_public_only_not_graph_edge	no_component_normalized_match_in_mSCIdblit
master_LR_union	ANGPTL3	ITGB3	Angptl3	Itgb3					candidate_public_only_not_graph_edge	no_component_normalized_match_in_mSCIdblit
master_LR_union	ANGPTL3	LPL	Angptl3	Lpl					candidate_public_only_not_graph_edge	no_component_normalized_match_in_mSCIdblit
master_LR_union	ANGPTL4	GPIHBP1	Angptl4	Gpihbp1					candidate_public_only_not_graph_edge	no_component_normalized_match_in_mSCIdblit
master_LR_union	ANGPTL4	ITGA5	Angptl4	Itga5					candidate_public_only_not_graph_edge	no_component_normalized_match_in_mSCIdblit
master_LR_union	ANGPTL4	ITGAV	Angptl4	Itgav					candidate_public_only_not_graph_edge	no_component_normalized_match_in_mSCIdblit
master_LR_union	ANGPTL4	ITGB1	Angptl4	Itgb1					candidate_public_only_not_graph_edge	no_component_normalized_match_in_mSCIdblit
master_LR_union	ANGPTL4	ITGB3	Angptl4	Itgb3					candidate_public_only_not_graph_edge	no_component_normalized_match_in_mSCIdblit
master_LR_union	ANGPTL4	LPL	Angptl4	Lpl					candidate_public_only_not_graph_edge	no_component_normalized_match_in_mSCIdblit
master_LR_union	ANGPTL4	SDC1	Angptl4	Sdc1					candidate_public_only_not_graph_edge	no_component_normalized_match_in_mSCIdblit
master_LR_union	ANGPTL4	SDC2	Angptl4	Sdc2					candidate_public_only_not_graph_edge	no_component_normalized_match_in_mSCIdblit
master_LR_union	ANGPTL4	SDC3	Angptl4	Sdc3					candidate_public_only_not_graph_edge	no_component_normalized_match_in_mSCIdblit
master_LR_union	ANGPTL4	TIE1	Angptl4	Tie1					candidate_public_only_not_graph_edge	no_component_normalized_match_in_mSCIdblit
master_LR_union	ANGPTL6	TEK	Angptl6	Tek					candidate_public_only_not_graph_edge	no_component_normalized_match_in_mSCIdblit
master_LR_union	ANGPTL7	GM14548	Angptl7	Gm14548					candidate_public_only_not_graph_edge	no_component_normalized_match_in_mSCIdblit
master_LR_union	ANGPTL7	GM15448	Angptl7	Gm15448					candidate_public_only_not_graph_edge	no_component_normalized_match_in_mSCIdblit
master_LR_union	ANGPTL7	LILRA5	Angptl7	Lilra5					candidate_public_only_not_graph_edge	no_component_normalized_match_in_mSCIdblit
master_LR_union	ANGPTL7	LILRA6	Angptl7	Lilra6					candidate_public_only_not_graph_edge	no_component_normalized_match_in_mSCIdblit
master_LR_union	ANGPTL7	PIRA1	Angptl7	Pira1					candidate_public_only_not_graph_edge	no_component_normalized_match_in_mSCIdblit
master_LR_union	ANGPTL7	PIRA12	Angptl7	Pira12					candidate_public_only_not_graph_edge	no_component_normalized_match_in_mSCIdblit
master_LR_union	ANGPTL7	PIRA13	Angptl7	Pira13					candidate_public_only_not_graph_edge	no_component_normalized_match_in_mSCIdblit
master_LR_union	ANGPTL7	PIRA2	Angptl7	Pira2					candidate_public_only_not_graph_edge	no_component_normalized_match_in_mSCIdblit
master_LR_union	ANGPTL7	PIRA6	Angptl7	Pira6					candidate_public_only_not_graph_edge	no_component_normalized_match_in_mSCIdblit
master_LR_union	ANGPTL7	PIRB	Angptl7	Pirb					candidate_public_only_not_graph_edge	no_component_normalized_match_in_mSCIdblit
master_LR_union	ANPEP	SELE	Anpep	Sele					candidate_public_only_not_graph_edge	no_component_normalized_match_in_mSCIdblit
master_LR_union	ANTXR1	TREML2	Antxr1	Treml2					candidate_public_only_not_graph_edge	no_component_normalized_match_in_mSCIdblit
master_LR_union	ANXA1	ADRA2A	Anxa1	Adra2a					candidate_public_only_not_graph_edge	no_component_normalized_match_in_mSCIdblit
master_LR_union	ANXA1	DYSF	Anxa1	Dysf					candidate_public_only_not_graph_edge	no_component_normalized_match_in_mSCIdblit
master_LR_union	ANXA1	EGFR	Anxa1	Egfr					candidate_public_only_not_graph_edge	no_component_normalized_match_in_mSCIdblit
master_LR_union	ANXA1	FPR2	Anxa1	Fpr2					candidate_public_only_not_graph_edge	no_component_normalized_match_in_mSCIdblit
master_LR_union	ANXA1	FPR2+FPR3	Anxa1	Fpr2_Fpr3					candidate_public_only_not_graph_edge	no_component_normalized_match_in_mSCIdblit
master_LR_union	ANXA1	FPR3	Anxa1	Fpr3					candidate_public_only_not_graph_edge	no_component_normalized_match_in_mSCIdblit
master_LR_union	ANXA1	FPRRS3	Anxa1	Fpr-rs3					candidate_public_only_not_graph_edge	no_component_normalized_match_in_mSCIdblit
master_LR_union	ANXA1	FPRRS4	Anxa1	Fpr-rs4					candidate_public_only_not_graph_edge	no_component_normalized_match_in_mSCIdblit
master_LR_union	ANXA1	FPRRS6	Anxa1	Fpr-rs6					candidate_public_only_not_graph_edge	no_component_normalized_match_in_mSCIdblit
master_LR_union	ANXA1	FPRRS7	Anxa1	Fpr-rs7					candidate_public_only_not_graph_edge	no_component_normalized_match_in_mSCIdblit
master_LR_union	ANXA1	GRM7	Anxa1	Grm7					candidate_public_only_not_graph_edge	no_component_normalized_match_in_mSCIdblit
master_LR_union	ANXA1	MTNR1A	Anxa1	Mtnr1a					candidate_public_only_not_graph_edge	no_component_normalized_match_in_mSCIdblit
master_LR_union	ANXA2	DYSF	Anxa2	Dysf					candidate_public_only_not_graph_edge	no_component_normalized_match_in_mSCIdblit
master_LR_union	ANXA2	EGFR	Anxa2	Egfr					candidate_public_only_not_graph_edge	no_component_normalized_match_in_mSCIdblit
master_LR_union	ANXA2	PLAT	Anxa2	Plat					candidate_public_only_not_graph_edge	no_component_normalized_match_in_mSCIdblit
master_LR_union	ANXA2	TLR2	Anxa2	Tlr2					candidate_public_only_not_graph_edge	no_component_normalized_match_in_mSCIdblit
master_LR_union	APELA	APLNR	Apela	Aplnr					candidate_public_only_not_graph_edge	no_component_normalized_match_in_mSCIdblit
master_LR_union	APLN	ADRA2A	Apln	Adra2a					candidate_public_only_not_graph_edge	no_component_normalized_match_in_mSCIdblit
master_LR_union	APLN	GRM7	Apln	Grm7					candidate_public_only_not_graph_edge	no_component_normalized_match_in_mSCIdblit
master_LR_union	APLN	MTNR1A	Apln	Mtnr1a					candidate_public_only_not_graph_edge	no_component_normalized_match_in_mSCIdblit
master_LR_union	APOA1	AMN+CUBN	Apoa1	Amn_Cubn					candidate_public_only_not_graph_edge	no_component_normalized_match_in_mSCIdblit
master_LR_union	APOA1	LDLR	Apoa1	Ldlr					candidate_public_only_not_graph_edge	no_component_normalized_match_in_mSCIdblit
master_LR_union	APOA1	LRP1	Apoa1	Lrp1					candidate_public_only_not_graph_edge	no_component_normalized_match_in_mSCIdblit
master_LR_union	APOA1	LRP2	Apoa1	Lrp2					candidate_public_only_not_graph_edge	no_component_normalized_match_in_mSCIdblit
master_LR_union	APOA1	TREM2+TYROBP	Apoa1	Trem2_Tyrobp					candidate_public_only_not_graph_edge	no_component_normalized_match_in_mSCIdblit
master_LR_union	APOA2	LDLR	Apoa2	Ldlr					candidate_public_only_not_graph_edge	no_component_normalized_match_in_mSCIdblit
master_LR_union	APOA2	LRP1	Apoa2	Lrp1					candidate_public_only_not_graph_edge	no_component_normalized_match_in_mSCIdblit
master_LR_union	APOA2	LRP2	Apoa2	Lrp2					candidate_public_only_not_graph_edge	no_component_normalized_match_in_mSCIdblit
master_LR_union	APOA2	TREM2+TYROBP	Apoa2	Trem2_Tyrobp					candidate_public_only_not_graph_edge	no_component_normalized_match_in_mSCIdblit
master_LR_union	APOA4	LDLR	Apoa4	Ldlr					candidate_public_only_not_graph_edge	no_component_normalized_match_in_mSCIdblit
master_LR_union	APOA4	LRP2	Apoa4	Lrp2					candidate_public_only_not_graph_edge	no_component_normalized_match_in_mSCIdblit
master_LR_union	APOA5	LPL	Apoa5	Lpl					candidate_public_only_not_graph_edge	no_component_normalized_match_in_mSCIdblit
master_LR_union	APOB	ADRB2	Apob	Adrb2					candidate_public_only_not_graph_edge	no_component_normalized_match_in_mSCIdblit
master_LR_union	APOB	APOBR	Apob	Apobr					candidate_public_only_not_graph_edge	no_component_normalized_match_in_mSCIdblit
master_LR_union	APOB	CALCR	Apob	Calcr					candidate_public_only_not_graph_edge	no_component_normalized_match_in_mSCIdblit
master_LR_union	APOB	ENO1	Apob	Eno1					candidate_public_only_not_graph_edge	no_component_normalized_match_in_mSCIdblit
master_LR_union	APOB	GM49368	Apob	Gm49368					candidate_public_only_not_graph_edge	no_component_normalized_match_in_mSCIdblit
master_LR_union	APOB	GM5506	Apob	Gm5506					candidate_public_only_not_graph_edge	no_component_normalized_match_in_mSCIdblit
master_LR_union	APOB	ITGAM	Apob	Itgam					candidate_public_only_not_graph_edge	no_component_normalized_match_in_mSCIdblit
master_LR_union	APOB	ITGB2	Apob	Itgb2					candidate_public_only_not_graph_edge	no_component_normalized_match_in_mSCIdblit
master_LR_union	APOB	ITGB2L	Apob	Itgb2l					candidate_public_only_not_graph_edge	no_component_normalized_match_in_mSCIdblit
master_LR_union	APOB	LRP2	Apob	Lrp2					candidate_public_only_not_graph_edge	no_component_normalized_match_in_mSCIdblit
master_LR_union	APOB	LRP8	Apob	Lrp8					candidate_public_only_not_graph_edge	no_component_normalized_match_in_mSCIdblit
master_LR_union	APOB	MTTP	Apob	Mttp					candidate_public_only_not_graph_edge	no_component_normalized_match_in_mSCIdblit
master_LR_union	APOB	OLR1	Apob	Olr1					candidate_public_only_not_graph_edge	no_component_normalized_match_in_mSCIdblit
master_LR_union	APOB	TLR4	Apob	Tlr4					candidate_public_only_not_graph_edge	no_component_normalized_match_in_mSCIdblit
master_LR_union	APOB	TLR6	Apob	Tlr6					candidate_public_only_not_graph_edge	no_component_normalized_match_in_mSCIdblit
master_LR_union	APOB	TREM2+TYROBP	Apob	Trem2_Tyrobp					candidate_public_only_not_graph_edge	no_component_normalized_match_in_mSCIdblit
master_LR_union	APOB	VLDLR	Apob	Vldlr					candidate_public_only_not_graph_edge	no_component_normalized_match_in_mSCIdblit
master_LR_union	APOC1	VLDLR	Apoc1	Vldlr					candidate_public_only_not_graph_edge	no_component_normalized_match_in_mSCIdblit
master_LR_union	APOC2	LDLR	Apoc2	Ldlr					candidate_public_only_not_graph_edge	no_component_normalized_match_in_mSCIdblit
master_LR_union	APOC2	LPL	Apoc2	Lpl					candidate_public_only_not_graph_edge	no_component_normalized_match_in_mSCIdblit
master_LR_union	APOC2	LRP1	Apoc2	Lrp1					candidate_public_only_not_graph_edge	no_component_normalized_match_in_mSCIdblit
master_LR_union	APOC2	LRP2	Apoc2	Lrp2					candidate_public_only_not_graph_edge	no_component_normalized_match_in_mSCIdblit
master_LR_union	APOC3	LDLR	Apoc3	Ldlr					candidate_public_only_not_graph_edge	no_component_normalized_match_in_mSCIdblit
master_LR_union	APOC3	LRP1	Apoc3	Lrp1					candidate_public_only_not_graph_edge	no_component_normalized_match_in_mSCIdblit
master_LR_union	APOC3	LRP2	Apoc3	Lrp2					candidate_public_only_not_graph_edge	no_component_normalized_match_in_mSCIdblit
master_LR_union	APOC3	SDC2	Apoc3	Sdc2					candidate_public_only_not_graph_edge	no_component_normalized_match_in_mSCIdblit
master_LR_union	APOC3	TLR2	Apoc3	Tlr2					candidate_public_only_not_graph_edge	no_component_normalized_match_in_mSCIdblit
master_LR_union	APOC4	VLDLR	Apoc4	Vldlr					candidate_public_only_not_graph_edge	no_component_normalized_match_in_mSCIdblit
master_LR_union	APOD	LEPR	Apod	Lepr					candidate_public_only_not_graph_edge	no_component_normalized_match_in_mSCIdblit
master_LR_union	APOE	APP	Apoe	App					candidate_public_only_not_graph_edge	no_component_normalized_match_in_mSCIdblit
master_LR_union	APOE	CHRNA4	Apoe	Chrna4					candidate_public_only_not_graph_edge	no_component_normalized_match_in_mSCIdblit
master_LR_union	APOE	LRP2	Apoe	Lrp2					candidate_public_only_not_graph_edge	no_component_normalized_match_in_mSCIdblit
master_LR_union	APOE	LRP5	Apoe	Lrp5					candidate_public_only_not_graph_edge	no_component_normalized_match_in_mSCIdblit
master_LR_union	APOE	SCARB1	Apoe	Scarb1					candidate_public_only_not_graph_edge	no_component_normalized_match_in_mSCIdblit
master_LR_union	APOE	TREM2+TYROBP	Apoe	Trem2_Tyrobp					candidate_public_only_not_graph_edge	no_component_normalized_match_in_mSCIdblit
master_LR_union	APOO	IL1RAPL1	Apoo	Il1rapl1					candidate_public_only_not_graph_edge	no_component_normalized_match_in_mSCIdblit
master_LR_union	APOO	IL1RAPL2	Apoo	Il1rapl2					candidate_public_only_not_graph_edge	no_component_normalized_match_in_mSCIdblit
master_LR_union	APP	ADRA2A	App	Adra2a					candidate_public_only_not_graph_edge	no_component_normalized_match_in_mSCIdblit
master_LR_union	APP	AGER	App	Ager					candidate_public_only_not_graph_edge	no_component_normalized_match_in_mSCIdblit
master_LR_union	APP	APLP1	App	Aplp1					candidate_public_only_not_graph_edge	no_component_normalized_match_in_mSCIdblit
master_LR_union	APP	APLP2	App	Aplp2					candidate_public_only_not_graph_edge	no_component_normalized_match_in_mSCIdblit
master_LR_union	APP	BACE1	App	Bace1					candidate_public_only_not_graph_edge	no_component_normalized_match_in_mSCIdblit
master_LR_union	APP	CD74	App	Cd74					candidate_public_only_not_graph_edge	no_component_normalized_match_in_mSCIdblit
master_LR_union	APP	DCC	App	Dcc					candidate_public_only_not_graph_edge	no_component_normalized_match_in_mSCIdblit
master_LR_union	APP	FLT1	App	Flt1					candidate_public_only_not_graph_edge	no_component_normalized_match_in_mSCIdblit
master_LR_union	APP	FPR2	App	Fpr2					candidate_public_only_not_graph_edge	no_component_normalized_match_in_mSCIdblit
master_LR_union	APP	FPR3	App	Fpr3					candidate_public_only_not_graph_edge	no_component_normalized_match_in_mSCIdblit
master_LR_union	APP	GPC1	App	Gpc1					candidate_public_only_not_graph_edge	no_component_normalized_match_in_mSCIdblit
master_LR_union	APP	GRM7	App	Grm7					candidate_public_only_not_graph_edge	no_component_normalized_match_in_mSCIdblit
master_LR_union	APP	LRP1	App	Lrp1					candidate_public_only_not_graph_edge	no_component_normalized_match_in_mSCIdblit
master_LR_union	APP	LRP10	App	Lrp10					candidate_public_only_not_graph_edge	no_component_normalized_match_in_mSCIdblit
master_LR_union	APP	LRP6	App	Lrp6					candidate_public_only_not_graph_edge	no_component_normalized_match_in_mSCIdblit
master_LR_union	APP	MTNR1A	App	Mtnr1a					candidate_public_only_not_graph_edge	no_component_normalized_match_in_mSCIdblit
master_LR_union	APP	NCSTN	App	Ncstn					candidate_public_only_not_graph_edge	no_component_normalized_match_in_mSCIdblit
master_LR_union	APP	NGFR	App	Ngfr					candidate_public_only_not_graph_edge	no_component_normalized_match_in_mSCIdblit
master_LR_union	APP	NOTCH2	App	Notch2					candidate_public_only_not_graph_edge	no_component_normalized_match_in_mSCIdblit
master_LR_union	APP	PTGER2	App	Ptger2					candidate_public_only_not_graph_edge	no_component_normalized_match_in_mSCIdblit
master_LR_union	APP	RPSA	App	Rpsa					candidate_public_only_not_graph_edge	no_component_normalized_match_in_mSCIdblit
master_LR_union	APP	SORL1	App	Sorl1					candidate_public_only_not_graph_edge	no_component_normalized_match_in_mSCIdblit
master_LR_union	APP	TREM2+TYROBP	App	Trem2_Tyrobp					candidate_public_only_not_graph_edge	no_component_normalized_match_in_mSCIdblit
master_LR_union	APP	TSPAN12	App	Tspan12					candidate_public_only_not_graph_edge	no_component_normalized_match_in_mSCIdblit
master_LR_union	APP	TSPAN15	App	Tspan15					candidate_public_only_not_graph_edge	no_component_normalized_match_in_mSCIdblit
master_LR_union	APP	VLDLR	App	Vldlr					candidate_public_only_not_graph_edge	no_component_normalized_match_in_mSCIdblit
master_LR_union	AREG	EGFR	Areg	Egfr					candidate_public_only_not_graph_edge	no_component_normalized_match_in_mSCIdblit
master_LR_union	AREG	ERBB2	Areg	Erbb2					candidate_public_only_not_graph_edge	no_component_normalized_match_in_mSCIdblit
master_LR_union	AREG	ERBB3	Areg	Erbb3					candidate_public_only_not_graph_edge	no_component_normalized_match_in_mSCIdblit
master_LR_union	AREG	MMP9	Areg	Mmp9					candidate_public_only_not_graph_edge	no_component_normalized_match_in_mSCIdblit
master_LR_union	ARF1	CHRM3	Arf1	Chrm3					candidate_public_only_not_graph_edge	no_component_normalized_match_in_mSCIdblit
master_LR_union	ARF1	INSR	Arf1	Insr					candidate_public_only_not_graph_edge	no_component_normalized_match_in_mSCIdblit
master_LR_union	ARF1	PLD2	Arf1	Pld2					candidate_public_only_not_graph_edge	no_component_normalized_match_in_mSCIdblit
master_LR_union	ARF6	PLD1	Arf6	Pld1					candidate_public_only_not_graph_edge	no_component_normalized_match_in_mSCIdblit
master_LR_union	ARF6	SMAP1	Arf6	Smap1					candidate_public_only_not_graph_edge	no_component_normalized_match_in_mSCIdblit
master_LR_union	ARMH4	TNFRSF11B	Armh4	Tnfrsf11b					candidate_public_only_not_graph_edge	no_component_normalized_match_in_mSCIdblit
master_LR_union	ARPC5	ADRB2	Arpc5	Adrb2					candidate_public_only_not_graph_edge	no_component_normalized_match_in_mSCIdblit
master_LR_union	ARPC5	LDLR	Arpc5	Ldlr					candidate_public_only_not_graph_edge	no_component_normalized_match_in_mSCIdblit
master_LR_union	ARPC5	LRP2	Arpc5	Lrp2					candidate_public_only_not_graph_edge	no_component_normalized_match_in_mSCIdblit
master_LR_union	ARTN	GFRA1	Artn	Gfra1					candidate_public_only_not_graph_edge	no_component_normalized_match_in_mSCIdblit
master_LR_union	ARTN	GFRA2	Artn	Gfra2					candidate_public_only_not_graph_edge	no_component_normalized_match_in_mSCIdblit
master_LR_union	ARTN	GFRA3	Artn	Gfra3					candidate_public_only_not_graph_edge	no_component_normalized_match_in_mSCIdblit
master_LR_union	ARTN	NCAM1	Artn	Ncam1					candidate_public_only_not_graph_edge	no_component_normalized_match_in_mSCIdblit
master_LR_union	ARTN	RET	Artn	Ret					candidate_public_only_not_graph_edge	no_component_normalized_match_in_mSCIdblit
master_LR_union	ASMT	MTNR1A	Asmt	Mtnr1a					candidate_public_only_not_graph_edge	no_component_normalized_match_in_mSCIdblit
master_LR_union	ASMT	MTNR1B	Asmt	Mtnr1b					candidate_public_only_not_graph_edge	no_component_normalized_match_in_mSCIdblit
master_LR_union	ATP1B1	NEGR1	Atp1b1	Negr1					candidate_public_only_not_graph_edge	no_component_normalized_match_in_mSCIdblit
master_LR_union	AU040320	ILDR1	AU040320	Ildr1					candidate_public_only_not_graph_edge	no_component_normalized_match_in_mSCIdblit
master_LR_union	AU040320	MPZL3	AU040320	Mpzl3					candidate_public_only_not_graph_edge	no_component_normalized_match_in_mSCIdblit
master_LR_union	AU040320	SIGLECE	AU040320	Siglece					candidate_public_only_not_graph_edge	no_component_normalized_match_in_mSCIdblit
master_LR_union	AU040320	SIGLECF	AU040320	Siglecf					candidate_public_only_not_graph_edge	no_component_normalized_match_in_mSCIdblit
master_LR_union	AU040320	UNC5A	AU040320	Unc5a					candidate_public_only_not_graph_edge	no_component_normalized_match_in_mSCIdblit
master_LR_union	AVP	ADCYAP1R1	Avp	Adcyap1r1					candidate_public_only_not_graph_edge	no_component_normalized_match_in_mSCIdblit
master_LR_union	AVP	ADRB2	Avp	Adrb2					candidate_public_only_not_graph_edge	no_component_normalized_match_in_mSCIdblit
master_LR_union	AVP	ADRB3	Avp	Adrb3					candidate_public_only_not_graph_edge	no_component_normalized_match_in_mSCIdblit
master_LR_union	AVP	AQP2	Avp	Aqp2					candidate_public_only_not_graph_edge	no_component_normalized_match_in_mSCIdblit
master_LR_union	AVP	GPR20	Avp	Gpr20					candidate_public_only_not_graph_edge	no_component_normalized_match_in_mSCIdblit
master_LR_union	AVP	GPR84	Avp	Gpr84					candidate_public_only_not_graph_edge	no_component_normalized_match_in_mSCIdblit
master_LR_union	AVP	LDLR	Avp	Ldlr					candidate_public_only_not_graph_edge	no_component_normalized_match_in_mSCIdblit
master_LR_union	AVP	LRP2	Avp	Lrp2					candidate_public_only_not_graph_edge	no_component_normalized_match_in_mSCIdblit
master_LR_union	AVP	OXTR	Avp	Oxtr					candidate_public_only_not_graph_edge	no_component_normalized_match_in_mSCIdblit
master_LR_union	AVP	PTH1R	Avp	Pth1r					candidate_public_only_not_graph_edge	no_component_normalized_match_in_mSCIdblit
master_LR_union	AVP	RAMP2	Avp	Ramp2					candidate_public_only_not_graph_edge	no_component_normalized_match_in_mSCIdblit
master_LR_union	AVP	RAMP3	Avp	Ramp3					candidate_public_only_not_graph_edge	no_component_normalized_match_in_mSCIdblit
master_LR_union	AVP	TSHR	Avp	Tshr					candidate_public_only_not_graph_edge	no_component_normalized_match_in_mSCIdblit
master_LR_union	AVP	VIPR1	Avp	Vipr1					candidate_public_only_not_graph_edge	no_component_normalized_match_in_mSCIdblit
master_LR_union	AZGP1	ITGAV	Azgp1	Itgav					candidate_public_only_not_graph_edge	no_component_normalized_match_in_mSCIdblit
master_LR_union	B2M	CD247	B2m	Cd247					candidate_public_only_not_graph_edge	no_component_normalized_match_in_mSCIdblit
master_LR_union	B2M	CD3D	B2m	Cd3d					candidate_public_only_not_graph_edge	no_component_normalized_match_in_mSCIdblit
master_LR_union	B2M	CD3G	B2m	Cd3g					candidate_public_only_not_graph_edge	no_component_normalized_match_in_mSCIdblit
master_LR_union	B2M	HFE	B2m	Hfe					candidate_public_only_not_graph_edge	no_component_normalized_match_in_mSCIdblit
master_LR_union	B2M	KLRC1	B2m	Klrc1					candidate_public_only_not_graph_edge	no_component_normalized_match_in_mSCIdblit
master_LR_union	B2M	KLRC2	B2m	Klrc2					candidate_public_only_not_graph_edge	no_component_normalized_match_in_mSCIdblit
master_LR_union	B2M	KLRC3	B2m	Klrc3					candidate_public_only_not_graph_edge	no_component_normalized_match_in_mSCIdblit
master_LR_union	B2M	KLRD1	B2m	Klrd1					candidate_public_only_not_graph_edge	no_component_normalized_match_in_mSCIdblit
master_LR_union	B2M	TAP1	B2m	Tap1					candidate_public_only_not_graph_edge	no_component_normalized_match_in_mSCIdblit
master_LR_union	B2M	TAP2	B2m	Tap2					candidate_public_only_not_graph_edge	no_component_normalized_match_in_mSCIdblit
master_LR_union	B2M	TFRC	B2m	Tfrc					candidate_public_only_not_graph_edge	no_component_normalized_match_in_mSCIdblit
master_LR_union	BACE1	APP	Bace1	App					candidate_public_only_not_graph_edge	no_component_normalized_match_in_mSCIdblit
master_LR_union	BACE1	SELPLG	Bace1	Selplg					candidate_public_only_not_graph_edge	no_component_normalized_match_in_mSCIdblit
master_LR_union	BACE2	APP	Bace2	App					candidate_public_only_not_graph_edge	no_component_normalized_match_in_mSCIdblit
master_LR_union	BAG6	NCR3PS	Bag6	Ncr3-ps					candidate_public_only_not_graph_edge	no_component_normalized_match_in_mSCIdblit
master_LR_union	BC053393	CD300LB	BC053393	Cd300lb					candidate_public_only_not_graph_edge	no_component_normalized_match_in_mSCIdblit
master_LR_union	BC053393	IGSF21	BC053393	Igsf21					candidate_public_only_not_graph_edge	no_component_normalized_match_in_mSCIdblit
master_LR_union	BC053393	SIGLEC1	BC053393	Siglec1					candidate_public_only_not_graph_edge	no_component_normalized_match_in_mSCIdblit
master_LR_union	BC053393	TIMD4	BC053393	Timd4					candidate_public_only_not_graph_edge	no_component_normalized_match_in_mSCIdblit
master_LR_union	BCAN	EGFR	Bcan	Egfr					candidate_public_only_not_graph_edge	no_component_normalized_match_in_mSCIdblit
master_LR_union	BCAN	NRCAM	Bcan	Nrcam					candidate_public_only_not_graph_edge	no_component_normalized_match_in_mSCIdblit
master_LR_union	BDNF	DRD4	Bdnf	Drd4					candidate_public_only_not_graph_edge	no_component_normalized_match_in_mSCIdblit
master_LR_union	BDNF	ERBB2	Bdnf	Erbb2					candidate_public_only_not_graph_edge	no_component_normalized_match_in_mSCIdblit
master_LR_union	BDNF	GPR152	Bdnf	Gpr152					candidate_public_only_not_graph_edge	no_component_normalized_match_in_mSCIdblit
master_LR_union	BDNF	NGFR	Bdnf	Ngfr					candidate_public_only_not_graph_edge	no_component_normalized_match_in_mSCIdblit
master_LR_union	BGN	FGFR3	Bgn	Fgfr3					candidate_public_only_not_graph_edge	no_component_normalized_match_in_mSCIdblit
master_LR_union	BGN	LY96	Bgn	Ly96					candidate_public_only_not_graph_edge	no_component_normalized_match_in_mSCIdblit
master_LR_union	BGN	TLR1	Bgn	Tlr1					candidate_public_only_not_graph_edge	no_component_normalized_match_in_mSCIdblit
master_LR_union	BGN	TLR2	Bgn	Tlr2					candidate_public_only_not_graph_edge	no_component_normalized_match_in_mSCIdblit
master_LR_union	BGN	TLR4	Bgn	Tlr4					candidate_public_only_not_graph_edge	no_component_normalized_match_in_mSCIdblit
master_LR_union	BMP1	BMPR1A	Bmp1	Bmpr1a					candidate_public_only_not_graph_edge	no_component_normalized_match_in_mSCIdblit
master_LR_union	BMP1	BMPR1B	Bmp1	Bmpr1b					candidate_public_only_not_graph_edge	no_component_normalized_match_in_mSCIdblit
master_LR_union	BMP1	BMPR2	Bmp1	Bmpr2					candidate_public_only_not_graph_edge	no_component_normalized_match_in_mSCIdblit
master_LR_union	BMP10	ACVR1	Bmp10	Acvr1					candidate_public_only_not_graph_edge	no_component_normalized_match_in_mSCIdblit
master_LR_union	BMP10	ACVR2A	Bmp10	Acvr2a					candidate_public_only_not_graph_edge	no_component_normalized_match_in_mSCIdblit
master_LR_union	BMP10	ACVR2B	Bmp10	Acvr2b					candidate_public_only_not_graph_edge	no_component_normalized_match_in_mSCIdblit
master_LR_union	BMP10	ACVR2B+ACVRL1	Bmp10	Acvr2b_Acvrl1					candidate_public_only_not_graph_edge	no_component_normalized_match_in_mSCIdblit
master_LR_union	BMP10	ACVRL1	Bmp10	Acvrl1					candidate_public_only_not_graph_edge	no_component_normalized_match_in_mSCIdblit
master_LR_union	BMP10	BMPR1B	Bmp10	Bmpr1b					candidate_public_only_not_graph_edge	no_component_normalized_match_in_mSCIdblit
master_LR_union	BMP10	ENG	Bmp10	Eng					candidate_public_only_not_graph_edge	no_component_normalized_match_in_mSCIdblit
master_LR_union	BMP10	FFAR2	Bmp10	Ffar2					candidate_public_only_not_graph_edge	no_component_normalized_match_in_mSCIdblit
master_LR_union	BMP10	GPR152	Bmp10	Gpr152					candidate_public_only_not_graph_edge	no_component_normalized_match_in_mSCIdblit
master_LR_union	BMP15	ACTR2	Bmp15	Actr2					candidate_public_only_not_graph_edge	no_component_normalized_match_in_mSCIdblit
master_LR_union	BMP15	ACVR1	Bmp15	Acvr1					candidate_public_only_not_graph_edge	no_component_normalized_match_in_mSCIdblit
master_LR_union	BMP15	ACVR2A	Bmp15	Acvr2a					candidate_public_only_not_graph_edge	no_component_normalized_match_in_mSCIdblit
master_LR_union	BMP15	ACVR2B	Bmp15	Acvr2b					candidate_public_only_not_graph_edge	no_component_normalized_match_in_mSCIdblit
master_LR_union	BMP15	BMPR1A	Bmp15	Bmpr1a					candidate_public_only_not_graph_edge	no_component_normalized_match_in_mSCIdblit
master_LR_union	BMP15	BMPR1B	Bmp15	Bmpr1b					candidate_public_only_not_graph_edge	no_component_normalized_match_in_mSCIdblit
master_LR_union	BMP15	BMPR2	Bmp15	Bmpr2					candidate_public_only_not_graph_edge	no_component_normalized_match_in_mSCIdblit
master_LR_union	BMP15	TGFBR1	Bmp15	Tgfbr1					candidate_public_only_not_graph_edge	no_component_normalized_match_in_mSCIdblit
master_LR_union	BMP2	ACVR2A	Bmp2	Acvr2a					candidate_public_only_not_graph_edge	no_component_normalized_match_in_mSCIdblit
master_LR_union	BMP2	ACVR2B	Bmp2	Acvr2b					candidate_public_only_not_graph_edge	no_component_normalized_match_in_mSCIdblit
master_LR_union	BMP2	BMPR1A	Bmp2	Bmpr1a					candidate_public_only_not_graph_edge	no_component_normalized_match_in_mSCIdblit
master_LR_union	BMP2	BMPR1B	Bmp2	Bmpr1b					candidate_public_only_not_graph_edge	no_component_normalized_match_in_mSCIdblit
master_LR_union	BMP2	ENG	Bmp2	Eng					candidate_public_only_not_graph_edge	no_component_normalized_match_in_mSCIdblit
master_LR_union	BMP2	HJV	Bmp2	Hjv					candidate_public_only_not_graph_edge	no_component_normalized_match_in_mSCIdblit
master_LR_union	BMP2	SMO	Bmp2	Smo					candidate_public_only_not_graph_edge	no_component_normalized_match_in_mSCIdblit
master_LR_union	BMP3	ACVR1	Bmp3	Acvr1					candidate_public_only_not_graph_edge	no_component_normalized_match_in_mSCIdblit
master_LR_union	BMP3	ACVR1B	Bmp3	Acvr1b					candidate_public_only_not_graph_edge	no_component_normalized_match_in_mSCIdblit
master_LR_union	BMP3	ACVR1B+ACVR2A	Bmp3	Acvr1b_Acvr2a					candidate_public_only_not_graph_edge	no_component_normalized_match_in_mSCIdblit
master_LR_union	BMP3	ACVR2A	Bmp3	Acvr2a					candidate_public_only_not_graph_edge	no_component_normalized_match_in_mSCIdblit
master_LR_union	BMP3	ACVR2B	Bmp3	Acvr2b					candidate_public_only_not_graph_edge	no_component_normalized_match_in_mSCIdblit
master_LR_union	BMP3	BMPR1A	Bmp3	Bmpr1a					candidate_public_only_not_graph_edge	no_component_normalized_match_in_mSCIdblit
master_LR_union	BMP3	BMPR1B	Bmp3	Bmpr1b					candidate_public_only_not_graph_edge	no_component_normalized_match_in_mSCIdblit
master_LR_union	BMP3	BMPR2	Bmp3	Bmpr2					candidate_public_only_not_graph_edge	no_component_normalized_match_in_mSCIdblit
master_LR_union	BMP4	ACVR1	Bmp4	Acvr1					candidate_public_only_not_graph_edge	no_component_normalized_match_in_mSCIdblit
master_LR_union	BMP4	ACVR2A	Bmp4	Acvr2a					candidate_public_only_not_graph_edge	no_component_normalized_match_in_mSCIdblit
master_LR_union	BMP4	ACVR2B	Bmp4	Acvr2b					candidate_public_only_not_graph_edge	no_component_normalized_match_in_mSCIdblit
master_LR_union	BMP4	BMPR1A	Bmp4	Bmpr1a					candidate_public_only_not_graph_edge	no_component_normalized_match_in_mSCIdblit
master_LR_union	BMP4	BMPR1B	Bmp4	Bmpr1b					candidate_public_only_not_graph_edge	no_component_normalized_match_in_mSCIdblit
master_LR_union	BMP4	CFC1	Bmp4	Cfc1					candidate_public_only_not_graph_edge	no_component_normalized_match_in_mSCIdblit
master_LR_union	BMP4	GREM2	Bmp4	Grem2					candidate_public_only_not_graph_edge	no_component_normalized_match_in_mSCIdblit
master_LR_union	BMP4	LRP6	Bmp4	Lrp6					candidate_public_only_not_graph_edge	no_component_normalized_match_in_mSCIdblit
master_LR_union	BMP4	RGMB	Bmp4	Rgmb					candidate_public_only_not_graph_edge	no_component_normalized_match_in_mSCIdblit
master_LR_union	BMP5	ACVR1	Bmp5	Acvr1					candidate_public_only_not_graph_edge	no_component_normalized_match_in_mSCIdblit
master_LR_union	BMP5	ACVR2A	Bmp5	Acvr2a					candidate_public_only_not_graph_edge	no_component_normalized_match_in_mSCIdblit
master_LR_union	BMP5	ACVR2B	Bmp5	Acvr2b					candidate_public_only_not_graph_edge	no_component_normalized_match_in_mSCIdblit
master_LR_union	BMP5	BMPR1A	Bmp5	Bmpr1a					candidate_public_only_not_graph_edge	no_component_normalized_match_in_mSCIdblit
master_LR_union	BMP5	BMPR1B	Bmp5	Bmpr1b					candidate_public_only_not_graph_edge	no_component_normalized_match_in_mSCIdblit
master_LR_union	BMP5	BMPR2	Bmp5	Bmpr2					candidate_public_only_not_graph_edge	no_component_normalized_match_in_mSCIdblit
master_LR_union	BMP5	HJV	Bmp5	Hjv					candidate_public_only_not_graph_edge	no_component_normalized_match_in_mSCIdblit
master_LR_union	BMP5	PTPRD	Bmp5	Ptprd					candidate_public_only_not_graph_edge	no_component_normalized_match_in_mSCIdblit
master_LR_union	BMP6	ACVR1	Bmp6	Acvr1					candidate_public_only_not_graph_edge	no_component_normalized_match_in_mSCIdblit
master_LR_union	BMP6	ACVR2A	Bmp6	Acvr2a					candidate_public_only_not_graph_edge	no_component_normalized_match_in_mSCIdblit
master_LR_union	BMP6	ACVR2B	Bmp6	Acvr2b					candidate_public_only_not_graph_edge	no_component_normalized_match_in_mSCIdblit
master_LR_union	BMP6	AMHR2	Bmp6	Amhr2					candidate_public_only_not_graph_edge	no_component_normalized_match_in_mSCIdblit
master_LR_union	BMP6	BMPR1A	Bmp6	Bmpr1a					candidate_public_only_not_graph_edge	no_component_normalized_match_in_mSCIdblit
master_LR_union	BMP6	BMPR1B	Bmp6	Bmpr1b					candidate_public_only_not_graph_edge	no_component_normalized_match_in_mSCIdblit
master_LR_union	BMP6	BMPR1B+BMPR2	Bmp6	Bmpr1b_Bmpr2					candidate_public_only_not_graph_edge	no_component_normalized_match_in_mSCIdblit
master_LR_union	BMP6	HJV	Bmp6	Hjv					candidate_public_only_not_graph_edge	no_component_normalized_match_in_mSCIdblit
master_LR_union	BMP7	ACVR1	Bmp7	Acvr1					candidate_public_only_not_graph_edge	no_component_normalized_match_in_mSCIdblit
master_LR_union	BMP7	ACVR1+ACVR2A	Bmp7	Acvr1_Acvr2a					candidate_public_only_not_graph_edge	no_component_normalized_match_in_mSCIdblit
master_LR_union	BMP7	ACVR1+ACVR2B	Bmp7	Acvr1_Acvr2b					candidate_public_only_not_graph_edge	no_component_normalized_match_in_mSCIdblit
master_LR_union	BMP7	ACVR1+BMPR2	Bmp7	Acvr1_Bmpr2					candidate_public_only_not_graph_edge	no_component_normalized_match_in_mSCIdblit
master_LR_union	BMP7	ACVR1B	Bmp7	Acvr1b					candidate_public_only_not_graph_edge	no_component_normalized_match_in_mSCIdblit
master_LR_union	BMP7	ACVR2A	Bmp7	Acvr2a					candidate_public_only_not_graph_edge	no_component_normalized_match_in_mSCIdblit
master_LR_union	BMP7	ACVR2A+BMPR1A	Bmp7	Bmpr1a_Acvr2a					candidate_public_only_not_graph_edge	no_component_normalized_match_in_mSCIdblit
master_LR_union	BMP7	ACVR2A+BMPR1B	Bmp7	Bmpr1b_Acvr2a					candidate_public_only_not_graph_edge	no_component_normalized_match_in_mSCIdblit
master_LR_union	BMP7	ACVR2B	Bmp7	Acvr2b					candidate_public_only_not_graph_edge	no_component_normalized_match_in_mSCIdblit
master_LR_union	BMP7	ACVR2B+BMPR1A	Bmp7	Bmpr1a_Acvr2b					candidate_public_only_not_graph_edge	no_component_normalized_match_in_mSCIdblit
master_LR_union	BMP7	ACVR2B+BMPR1B	Bmp7	Bmpr1b_Acvr2b					candidate_public_only_not_graph_edge	no_component_normalized_match_in_mSCIdblit
master_LR_union	BMP7	BMPR1A	Bmp7	Bmpr1a					candidate_public_only_not_graph_edge	no_component_normalized_match_in_mSCIdblit
master_LR_union	BMP7	BMPR1A+BMPR2	Bmp7	Bmpr1a_Bmpr2					candidate_public_only_not_graph_edge	no_component_normalized_match_in_mSCIdblit
master_LR_union	BMP7	BMPR1B	Bmp7	Bmpr1b					candidate_public_only_not_graph_edge	no_component_normalized_match_in_mSCIdblit
master_LR_union	BMP7	BMPR1B+BMPR2	Bmp7	Bmpr1b_Bmpr2					candidate_public_only_not_graph_edge	no_component_normalized_match_in_mSCIdblit
master_LR_union	BMP7	ENG	Bmp7	Eng					candidate_public_only_not_graph_edge	no_component_normalized_match_in_mSCIdblit
master_LR_union	BMP7	PTPRK	Bmp7	Ptprk					candidate_public_only_not_graph_edge	no_component_normalized_match_in_mSCIdblit
master_LR_union	BMP8A	ACVR1	Bmp8a	Acvr1					candidate_public_only_not_graph_edge	no_component_normalized_match_in_mSCIdblit
master_LR_union	BMP8A	ACVR1+ACVR2A	Bmp8a	Acvr1_Acvr2a					candidate_public_only_not_graph_edge	no_component_normalized_match_in_mSCIdblit
master_LR_union	BMP8A	ACVR1+ACVR2B	Bmp8a	Acvr1_Acvr2b					candidate_public_only_not_graph_edge	no_component_normalized_match_in_mSCIdblit
master_LR_union	BMP8A	ACVR1+BMPR2	Bmp8a	Acvr1_Bmpr2					candidate_public_only_not_graph_edge	no_component_normalized_match_in_mSCIdblit
master_LR_union	BMP8A	ACVR2A	Bmp8a	Acvr2a					candidate_public_only_not_graph_edge	no_component_normalized_match_in_mSCIdblit
master_LR_union	BMP8A	ACVR2A+BMPR1A	Bmp8a	Bmpr1a_Acvr2a					candidate_public_only_not_graph_edge	no_component_normalized_match_in_mSCIdblit
master_LR_union	BMP8A	ACVR2A+BMPR1B	Bmp8a	Bmpr1b_Acvr2a					candidate_public_only_not_graph_edge	no_component_normalized_match_in_mSCIdblit
master_LR_union	BMP8A	ACVR2B	Bmp8a	Acvr2b					candidate_public_only_not_graph_edge	no_component_normalized_match_in_mSCIdblit
master_LR_union	BMP8A	ACVR2B+BMPR1A	Bmp8a	Bmpr1a_Acvr2b					candidate_public_only_not_graph_edge	no_component_normalized_match_in_mSCIdblit
master_LR_union	BMP8A	ACVR2B+BMPR1B	Bmp8a	Bmpr1b_Acvr2b					candidate_public_only_not_graph_edge	no_component_normalized_match_in_mSCIdblit
master_LR_union	BMP8A	BMPR1A	Bmp8a	Bmpr1a					candidate_public_only_not_graph_edge	no_component_normalized_match_in_mSCIdblit
master_LR_union	BMP8A	BMPR1A+BMPR2	Bmp8a	Bmpr1a_Bmpr2					candidate_public_only_not_graph_edge	no_component_normalized_match_in_mSCIdblit
master_LR_union	BMP8A	BMPR1B	Bmp8a	Bmpr1b					candidate_public_only_not_graph_edge	no_component_normalized_match_in_mSCIdblit
master_LR_union	BMP8A	BMPR1B+BMPR2	Bmp8a	Bmpr1b_Bmpr2					candidate_public_only_not_graph_edge	no_component_normalized_match_in_mSCIdblit
master_LR_union	BMP8A	BMPR2	Bmp8a	Bmpr2					candidate_public_only_not_graph_edge	no_component_normalized_match_in_mSCIdblit
master_LR_union	BMP8A	TGFBR1	Bmp8a	Tgfbr1					candidate_public_only_not_graph_edge	no_component_normalized_match_in_mSCIdblit
master_LR_union	BMP8A	TGFBR2	Bmp8a	Tgfbr2					candidate_public_only_not_graph_edge	no_component_normalized_match_in_mSCIdblit
master_LR_union	BMP8B	ACVR1+ACVR2A	Bmp8b	Acvr1_Acvr2a					candidate_public_only_not_graph_edge	no_component_normalized_match_in_mSCIdblit
master_LR_union	BMP8B	ACVR1+ACVR2B	Bmp8b	Acvr1_Acvr2b					candidate_public_only_not_graph_edge	no_component_normalized_match_in_mSCIdblit
master_LR_union	BMP8B	ACVR1+BMPR2	Bmp8b	Acvr1_Bmpr2					candidate_public_only_not_graph_edge	no_component_normalized_match_in_mSCIdblit
master_LR_union	BMP8B	ACVR2A+BMPR1A	Bmp8b	Bmpr1a_Acvr2a					candidate_public_only_not_graph_edge	no_component_normalized_match_in_mSCIdblit
master_LR_union	BMP8B	ACVR2A+BMPR1B	Bmp8b	Bmpr1b_Acvr2a					candidate_public_only_not_graph_edge	no_component_normalized_match_in_mSCIdblit
master_LR_union	BMP8B	ACVR2B+BMPR1A	Bmp8b	Bmpr1a_Acvr2b					candidate_public_only_not_graph_edge	no_component_normalized_match_in_mSCIdblit
master_LR_union	BMP8B	ACVR2B+BMPR1B	Bmp8b	Bmpr1b_Acvr2b					candidate_public_only_not_graph_edge	no_component_normalized_match_in_mSCIdblit
master_LR_union	BMP8B	BMPR1A+BMPR2	Bmp8b	Bmpr1a_Bmpr2					candidate_public_only_not_graph_edge	no_component_normalized_match_in_mSCIdblit
master_LR_union	BMP8B	BMPR1B+BMPR2	Bmp8b	Bmpr1b_Bmpr2					candidate_public_only_not_graph_edge	no_component_normalized_match_in_mSCIdblit
master_LR_union	BOC	LILRA6	Boc	Lilra6					candidate_public_only_not_graph_edge	no_component_normalized_match_in_mSCIdblit
master_LR_union	BOC	PTCH1	Boc	Ptch1					candidate_public_only_not_graph_edge	no_component_normalized_match_in_mSCIdblit
master_LR_union	BOC	PTCH2	Boc	Ptch2					candidate_public_only_not_graph_edge	no_component_normalized_match_in_mSCIdblit
master_LR_union	BOC	SMO	Boc	Smo					candidate_public_only_not_graph_edge	no_component_normalized_match_in_mSCIdblit
master_LR_union	BPI	SLAMF9	Bpi	Slamf9					candidate_public_only_not_graph_edge	no_component_normalized_match_in_mSCIdblit
master_LR_union	BSG	SLC16A1	Bsg	Slc16a1					candidate_public_only_not_graph_edge	no_component_normalized_match_in_mSCIdblit
master_LR_union	BSG	SLC16A7	Bsg	Slc16a7					candidate_public_only_not_graph_edge	no_component_normalized_match_in_mSCIdblit
master_LR_union	BST1	CAV1	Bst1	Cav1					candidate_public_only_not_graph_edge	no_component_normalized_match_in_mSCIdblit
master_LR_union	BST2	LILRA5	Bst2	Lilra5					candidate_public_only_not_graph_edge	no_component_normalized_match_in_mSCIdblit
master_LR_union	BST2	LILRA6	Bst2	Lilra6					candidate_public_only_not_graph_edge	no_component_normalized_match_in_mSCIdblit
master_LR_union	BST2	PIRA1	Bst2	Pira1					candidate_public_only_not_graph_edge	no_component_normalized_match_in_mSCIdblit
master_LR_union	BST2	PIRA12	Bst2	Pira12					candidate_public_only_not_graph_edge	no_component_normalized_match_in_mSCIdblit
master_LR_union	BST2	PIRA13	Bst2	Pira13					candidate_public_only_not_graph_edge	no_component_normalized_match_in_mSCIdblit
master_LR_union	BST2	PIRA2	Bst2	Pira2					candidate_public_only_not_graph_edge	no_component_normalized_match_in_mSCIdblit
master_LR_union	BST2	PIRB	Bst2	Pirb					candidate_public_only_not_graph_edge	no_component_normalized_match_in_mSCIdblit
master_LR_union	BTC	EGFR	Btc	Egfr					candidate_public_only_not_graph_edge	no_component_normalized_match_in_mSCIdblit
master_LR_union	BTC	ERBB2	Btc	Erbb2					candidate_public_only_not_graph_edge	no_component_normalized_match_in_mSCIdblit
master_LR_union	BTC	ERBB3	Btc	Erbb3					candidate_public_only_not_graph_edge	no_component_normalized_match_in_mSCIdblit
master_LR_union	BTC	ERBB4	Btc	Erbb4					candidate_public_only_not_graph_edge	no_component_normalized_match_in_mSCIdblit
master_LR_union	BTLA	CD247	Btla	Cd247					candidate_public_only_not_graph_edge	no_component_normalized_match_in_mSCIdblit
master_LR_union	BTLA	CD276	Btla	Cd276					candidate_public_only_not_graph_edge	no_component_normalized_match_in_mSCIdblit
master_LR_union	BTLA	CD79A	Btla	Cd79a					candidate_public_only_not_graph_edge	no_component_normalized_match_in_mSCIdblit
master_LR_union	BTLA	TNFRSF14	Btla	Tnfrsf14					candidate_public_only_not_graph_edge	no_component_normalized_match_in_mSCIdblit
master_LR_union	BTLA	VTCN1	Btla	Vtcn1					candidate_public_only_not_graph_edge	no_component_normalized_match_in_mSCIdblit
master_LR_union	BTN1A1	JAML	Btn1a1	Jaml					candidate_public_only_not_graph_edge	no_component_normalized_match_in_mSCIdblit
master_LR_union	BTN1A1	NEGR1	Btn1a1	Negr1					candidate_public_only_not_graph_edge	no_component_normalized_match_in_mSCIdblit
master_LR_union	BTN1A1	TARM1	Btn1a1	Tarm1					candidate_public_only_not_graph_edge	no_component_normalized_match_in_mSCIdblit
master_LR_union	BTNL9	IL6RA	Btnl9	Il6ra					candidate_public_only_not_graph_edge	no_component_normalized_match_in_mSCIdblit
master_LR_union	BTNL9	LRFN5	Btnl9	Lrfn5					candidate_public_only_not_graph_edge	no_component_normalized_match_in_mSCIdblit
master_LR_union	C1QA	CD33	C1qa	Cd33					candidate_public_only_not_graph_edge	no_component_normalized_match_in_mSCIdblit
master_LR_union	C1QA	CD93	C1qa	Cd93					candidate_public_only_not_graph_edge	no_component_normalized_match_in_mSCIdblit
master_LR_union	C1QA	CR1L	C1qa	Cr1l					candidate_public_only_not_graph_edge	no_component_normalized_match_in_mSCIdblit
master_LR_union	C1QA	CSPG4	C1qa	Cspg4					candidate_public_only_not_graph_edge	no_component_normalized_match_in_mSCIdblit
master_LR_union	C1QB	C1QBP	C1qb	C1qbp					candidate_public_only_not_graph_edge	no_component_normalized_match_in_mSCIdblit
master_LR_union	C1QB	CD33	C1qb	Cd33					candidate_public_only_not_graph_edge	no_component_normalized_match_in_mSCIdblit
master_LR_union	C1QB	LRP1	C1qb	Lrp1					candidate_public_only_not_graph_edge	no_component_normalized_match_in_mSCIdblit
master_LR_union	C1QTNF1	AVPR2	C1qtnf1	Avpr2					candidate_public_only_not_graph_edge	no_component_normalized_match_in_mSCIdblit
master_LR_union	C3	ADRA2A	C3	Adra2a					candidate_public_only_not_graph_edge	no_component_normalized_match_in_mSCIdblit
master_LR_union	C3	C3AR1	C3	C3ar1					candidate_public_only_not_graph_edge	no_component_normalized_match_in_mSCIdblit
master_LR_union	C3	C5AR2	C3	C5ar2					candidate_public_only_not_graph_edge	no_component_normalized_match_in_mSCIdblit
master_LR_union	C3	CD19	C3	Cd19					candidate_public_only_not_graph_edge	no_component_normalized_match_in_mSCIdblit
master_LR_union	C3	CD46	C3	Cd46					candidate_public_only_not_graph_edge	no_component_normalized_match_in_mSCIdblit
master_LR_union	C3	CD81	C3	Cd81					candidate_public_only_not_graph_edge	no_component_normalized_match_in_mSCIdblit
master_LR_union	C3	CR1L	C3	Cr1l					candidate_public_only_not_graph_edge	no_component_normalized_match_in_mSCIdblit
master_LR_union	C3	CR2	C3	Cr2					candidate_public_only_not_graph_edge	no_component_normalized_match_in_mSCIdblit
master_LR_union	C3	GM49368	C3	Gm49368					candidate_public_only_not_graph_edge	no_component_normalized_match_in_mSCIdblit
master_LR_union	C3	GRM7	C3	Grm7					candidate_public_only_not_graph_edge	no_component_normalized_match_in_mSCIdblit
master_LR_union	C3	ITGAM	C3	Itgam					candidate_public_only_not_graph_edge	no_component_normalized_match_in_mSCIdblit
master_LR_union	C3	ITGAX	C3	Itgax					candidate_public_only_not_graph_edge	no_component_normalized_match_in_mSCIdblit
master_LR_union	C3	ITGB2	C3	Itgb2					candidate_public_only_not_graph_edge	no_component_normalized_match_in_mSCIdblit
master_LR_union	C3	ITGB2L	C3	Itgb2l					candidate_public_only_not_graph_edge	no_component_normalized_match_in_mSCIdblit
master_LR_union	C3	LRP1	C3	Lrp1					candidate_public_only_not_graph_edge	no_component_normalized_match_in_mSCIdblit
master_LR_union	C3	MTNR1A	C3	Mtnr1a					candidate_public_only_not_graph_edge	no_component_normalized_match_in_mSCIdblit
master_LR_union	C3	NRP1	C3	Nrp1					candidate_public_only_not_graph_edge	no_component_normalized_match_in_mSCIdblit
master_LR_union	C3	VSIG4	C3	Vsig4					candidate_public_only_not_graph_edge	no_component_normalized_match_in_mSCIdblit
master_LR_union	C4A	C3AR1	C4a	C3ar1					candidate_public_only_not_graph_edge	no_component_normalized_match_in_mSCIdblit
master_LR_union	C4A	C5AR2	C4a	C5ar2					candidate_public_only_not_graph_edge	no_component_normalized_match_in_mSCIdblit
master_LR_union	C4A	CD46	C4a	Cd46					candidate_public_only_not_graph_edge	no_component_normalized_match_in_mSCIdblit
master_LR_union	C4A	CR2	C4a	Cr2					candidate_public_only_not_graph_edge	no_component_normalized_match_in_mSCIdblit
master_LR_union	C4A	NRP1	C4a	Nrp1					candidate_public_only_not_graph_edge	no_component_normalized_match_in_mSCIdblit
master_LR_union	C4B	C3AR1	C4b	C3ar1					candidate_public_only_not_graph_edge	no_component_normalized_match_in_mSCIdblit
master_LR_union	C4B	C5AR2	C4b	C5ar2					candidate_public_only_not_graph_edge	no_component_normalized_match_in_mSCIdblit
master_LR_union	C4B	CD46	C4b	Cd46					candidate_public_only_not_graph_edge	no_component_normalized_match_in_mSCIdblit
master_LR_union	C4B	CR1L	C4b	Cr1l					candidate_public_only_not_graph_edge	no_component_normalized_match_in_mSCIdblit
master_LR_union	C4B	CR2	C4b	Cr2					candidate_public_only_not_graph_edge	no_component_normalized_match_in_mSCIdblit
master_LR_union	C4B	NRP1	C4b	Nrp1					candidate_public_only_not_graph_edge	no_component_normalized_match_in_mSCIdblit
master_LR_union	C4BP	BMPR2	C4bp	Bmpr2					candidate_public_only_not_graph_edge	no_component_normalized_match_in_mSCIdblit
master_LR_union	C4BP	CD40	C4bp	Cd40					candidate_public_only_not_graph_edge	no_component_normalized_match_in_mSCIdblit
master_LR_union	C4BP	LRP1	C4bp	Lrp1					candidate_public_only_not_graph_edge	no_component_normalized_match_in_mSCIdblit
master_LR_union	C920025E04RIK	CD8A	C920025E04Rik	Cd8a					candidate_public_only_not_graph_edge	no_component_normalized_match_in_mSCIdblit
master_LR_union	C920025E04RIK	CD8B1	C920025E04Rik	Cd8b1					candidate_public_only_not_graph_edge	no_component_normalized_match_in_mSCIdblit
master_LR_union	CADM1	CADM1	Cadm1	Cadm1					candidate_public_only_not_graph_edge	no_component_normalized_match_in_mSCIdblit
master_LR_union	CADM1	CADM3	Cadm1	Cadm3					candidate_public_only_not_graph_edge	no_component_normalized_match_in_mSCIdblit
master_LR_union	CADM1	ERBB3	Cadm1	Erbb3					candidate_public_only_not_graph_edge	no_component_normalized_match_in_mSCIdblit
master_LR_union	CADM2	CADM1	Cadm2	Cadm1					candidate_public_only_not_graph_edge	no_component_normalized_match_in_mSCIdblit
master_LR_union	CADM2	CADM3	Cadm2	Cadm3					candidate_public_only_not_graph_edge	no_component_normalized_match_in_mSCIdblit
master_LR_union	CADM2	CADM4	Cadm2	Cadm4					candidate_public_only_not_graph_edge	no_component_normalized_match_in_mSCIdblit
master_LR_union	CADM3	CADM1	Cadm3	Cadm1					candidate_public_only_not_graph_edge	no_component_normalized_match_in_mSCIdblit
master_LR_union	CADM3	CADM2	Cadm3	Cadm2					candidate_public_only_not_graph_edge	no_component_normalized_match_in_mSCIdblit
master_LR_union	CADM3	CADM3	Cadm3	Cadm3					candidate_public_only_not_graph_edge	no_component_normalized_match_in_mSCIdblit
master_LR_union	CADM3	CFAP54	Cadm3	Cfap54					candidate_public_only_not_graph_edge	no_component_normalized_match_in_mSCIdblit
master_LR_union	CADM3	EPB41L1	Cadm3	Epb41l1					candidate_public_only_not_graph_edge	no_component_normalized_match_in_mSCIdblit
master_LR_union	CADM3	GM20605	Cadm3	Gm20605					candidate_public_only_not_graph_edge	no_component_normalized_match_in_mSCIdblit
master_LR_union	CADM3	IL2RG	Cadm3	Il2rg					candidate_public_only_not_graph_edge	no_component_normalized_match_in_mSCIdblit
master_LR_union	CADM3	LRCH4	Cadm3	Lrch4					candidate_public_only_not_graph_edge	no_component_normalized_match_in_mSCIdblit
master_LR_union	CADM3	NECTIN1	Cadm3	Nectin1					candidate_public_only_not_graph_edge	no_component_normalized_match_in_mSCIdblit
master_LR_union	CADM3	NECTIN3	Cadm3	Nectin3					candidate_public_only_not_graph_edge	no_component_normalized_match_in_mSCIdblit
master_LR_union	CADM3	PEAR1	Cadm3	Pear1					candidate_public_only_not_graph_edge	no_component_normalized_match_in_mSCIdblit
master_LR_union	CADM3	PRLR	Cadm3	Prlr					candidate_public_only_not_graph_edge	no_component_normalized_match_in_mSCIdblit
master_LR_union	CADM4	CADM2	Cadm4	Cadm2					candidate_public_only_not_graph_edge	no_component_normalized_match_in_mSCIdblit
master_LR_union	CADM4	CADM3	Cadm4	Cadm3					candidate_public_only_not_graph_edge	no_component_normalized_match_in_mSCIdblit
master_LR_union	CADM4	ERBB3	Cadm4	Erbb3					candidate_public_only_not_graph_edge	no_component_normalized_match_in_mSCIdblit
master_LR_union	CADM4	MAG	Cadm4	Mag					candidate_public_only_not_graph_edge	no_component_normalized_match_in_mSCIdblit
master_LR_union	CADM4	SDK2	Cadm4	Sdk2					candidate_public_only_not_graph_edge	no_component_normalized_match_in_mSCIdblit
master_LR_union	CALCA	ADCYAP1R1	Calca	Adcyap1r1					candidate_public_only_not_graph_edge	no_component_normalized_match_in_mSCIdblit
master_LR_union	CALCA	ADRB2	Calca	Adrb2					candidate_public_only_not_graph_edge	no_component_normalized_match_in_mSCIdblit
master_LR_union	CALCA	ADRB3	Calca	Adrb3					candidate_public_only_not_graph_edge	no_component_normalized_match_in_mSCIdblit
master_LR_union	CALCA	CALCR+RAMP1	Calca	Calcr_Ramp1					candidate_public_only_not_graph_edge	no_component_normalized_match_in_mSCIdblit
master_LR_union	CALCA	CALCR+RAMP2	Calca	Calcr_Ramp2					candidate_public_only_not_graph_edge	no_component_normalized_match_in_mSCIdblit
master_LR_union	CALCA	CALCR+RAMP3	Calca	Calcr_Ramp3					candidate_public_only_not_graph_edge	no_component_normalized_match_in_mSCIdblit
master_LR_union	CALCA	GPR20	Calca	Gpr20					candidate_public_only_not_graph_edge	no_component_normalized_match_in_mSCIdblit
master_LR_union	CALCA	GPR84	Calca	Gpr84					candidate_public_only_not_graph_edge	no_component_normalized_match_in_mSCIdblit
master_LR_union	CALCA	PTH1R	Calca	Pth1r					candidate_public_only_not_graph_edge	no_component_normalized_match_in_mSCIdblit
master_LR_union	CALCA	RAMP1	Calca	Ramp1					candidate_public_only_not_graph_edge	no_component_normalized_match_in_mSCIdblit
master_LR_union	CALCA	RAMP2	Calca	Ramp2					candidate_public_only_not_graph_edge	no_component_normalized_match_in_mSCIdblit
master_LR_union	CALCA	RAMP3	Calca	Ramp3					candidate_public_only_not_graph_edge	no_component_normalized_match_in_mSCIdblit
master_LR_union	CALCA	TSHR	Calca	Tshr					candidate_public_only_not_graph_edge	no_component_normalized_match_in_mSCIdblit
master_LR_union	CALCA	VIPR1	Calca	Vipr1					candidate_public_only_not_graph_edge	no_component_normalized_match_in_mSCIdblit
master_LR_union	CALCB	CALCR	Calcb	Calcr					candidate_public_only_not_graph_edge	no_component_normalized_match_in_mSCIdblit
master_LR_union	CALCB	CALCR+RAMP1	Calcb	Calcr_Ramp1					candidate_public_only_not_graph_edge	no_component_normalized_match_in_mSCIdblit
master_LR_union	CALCB	CALCR+RAMP2	Calcb	Calcr_Ramp2					candidate_public_only_not_graph_edge	no_component_normalized_match_in_mSCIdblit
master_LR_union	CALCB	CALCR+RAMP3	Calcb	Calcr_Ramp3					candidate_public_only_not_graph_edge	no_component_normalized_match_in_mSCIdblit
master_LR_union	CALCB	CALCRL	Calcb	Calcrl					candidate_public_only_not_graph_edge	no_component_normalized_match_in_mSCIdblit
master_LR_union	CALCB	RAMP1	Calcb	Ramp1					candidate_public_only_not_graph_edge	no_component_normalized_match_in_mSCIdblit
master_LR_union	CALCB	RAMP2	Calcb	Ramp2					candidate_public_only_not_graph_edge	no_component_normalized_match_in_mSCIdblit
master_LR_union	CALCB	RAMP3	Calcb	Ramp3					candidate_public_only_not_graph_edge	no_component_normalized_match_in_mSCIdblit
master_LR_union	CALM1	CNGA2	Calm1	Cnga2					candidate_public_only_not_graph_edge	no_component_normalized_match_in_mSCIdblit
master_LR_union	CALM1	KCNH1	Calm1	Kcnh1					candidate_public_only_not_graph_edge	no_component_normalized_match_in_mSCIdblit
master_LR_union	CALM1	MYLK	Calm1	Mylk					candidate_public_only_not_graph_edge	no_component_normalized_match_in_mSCIdblit
master_LR_union	CALM1	MYLK2	Calm1	Mylk2					candidate_public_only_not_graph_edge	no_component_normalized_match_in_mSCIdblit
master_LR_union	CALM1	PDE1A	Calm1	Pde1a					candidate_public_only_not_graph_edge	no_component_normalized_match_in_mSCIdblit
master_LR_union	CALM1	PDE1B	Calm1	Pde1b					candidate_public_only_not_graph_edge	no_component_normalized_match_in_mSCIdblit
master_LR_union	CALM1	PDE1C	Calm1	Pde1c					candidate_public_only_not_graph_edge	no_component_normalized_match_in_mSCIdblit
master_LR_union	CALM2	CNGA2	Calm2	Cnga2					candidate_public_only_not_graph_edge	no_component_normalized_match_in_mSCIdblit
master_LR_union	CALM2	KCNH1	Calm2	Kcnh1					candidate_public_only_not_graph_edge	no_component_normalized_match_in_mSCIdblit
master_LR_union	CALM2	MYLK	Calm2	Mylk					candidate_public_only_not_graph_edge	no_component_normalized_match_in_mSCIdblit
master_LR_union	CALM2	MYLK2	Calm2	Mylk2					candidate_public_only_not_graph_edge	no_component_normalized_match_in_mSCIdblit
master_LR_union	CALM2	PDE1A	Calm2	Pde1a					candidate_public_only_not_graph_edge	no_component_normalized_match_in_mSCIdblit
master_LR_union	CALM2	PDE1B	Calm2	Pde1b					candidate_public_only_not_graph_edge	no_component_normalized_match_in_mSCIdblit
master_LR_union	CALM2	PDE1C	Calm2	Pde1c					candidate_public_only_not_graph_edge	no_component_normalized_match_in_mSCIdblit
master_LR_union	CALM3	CNGA2	Calm3	Cnga2					candidate_public_only_not_graph_edge	no_component_normalized_match_in_mSCIdblit
master_LR_union	CALM3	KCNH1	Calm3	Kcnh1					candidate_public_only_not_graph_edge	no_component_normalized_match_in_mSCIdblit
master_LR_union	CALM3	MYLK	Calm3	Mylk					candidate_public_only_not_graph_edge	no_component_normalized_match_in_mSCIdblit
master_LR_union	CALM3	MYLK2	Calm3	Mylk2					candidate_public_only_not_graph_edge	no_component_normalized_match_in_mSCIdblit
master_LR_union	CALM3	PDE1A	Calm3	Pde1a					candidate_public_only_not_graph_edge	no_component_normalized_match_in_mSCIdblit
master_LR_union	CALM3	PDE1B	Calm3	Pde1b					candidate_public_only_not_graph_edge	no_component_normalized_match_in_mSCIdblit
master_LR_union	CALM3	PDE1C	Calm3	Pde1c					candidate_public_only_not_graph_edge	no_component_normalized_match_in_mSCIdblit
master_LR_union	CALML3	KCNQ1	Calml3	Kcnq1					candidate_public_only_not_graph_edge	no_component_normalized_match_in_mSCIdblit
master_LR_union	CALR	ITGA2B	Calr	Itga2b					candidate_public_only_not_graph_edge	no_component_normalized_match_in_mSCIdblit
master_LR_union	CALR	LRP1	Calr	Lrp1					candidate_public_only_not_graph_edge	no_component_normalized_match_in_mSCIdblit
master_LR_union	CALR	MPL	Calr	Mpl					candidate_public_only_not_graph_edge	no_component_normalized_match_in_mSCIdblit
master_LR_union	CALR	MTNR1A	Calr	Mtnr1a					candidate_public_only_not_graph_edge	no_component_normalized_match_in_mSCIdblit
master_LR_union	CALR	SCARF1	Calr	Scarf1					candidate_public_only_not_graph_edge	no_component_normalized_match_in_mSCIdblit
master_LR_union	CALR	TAP1	Calr	Tap1					candidate_public_only_not_graph_edge	no_component_normalized_match_in_mSCIdblit
master_LR_union	CALR	TAP2	Calr	Tap2					candidate_public_only_not_graph_edge	no_component_normalized_match_in_mSCIdblit
master_LR_union	CALR	TSHR	Calr	Tshr					candidate_public_only_not_graph_edge	no_component_normalized_match_in_mSCIdblit
master_LR_union	CAMP	EGFR	Camp	Egfr					candidate_public_only_not_graph_edge	no_component_normalized_match_in_mSCIdblit
master_LR_union	CAMP	FPR2	Camp	Fpr2					candidate_public_only_not_graph_edge	no_component_normalized_match_in_mSCIdblit
master_LR_union	CAMP	FPR3	Camp	Fpr3					candidate_public_only_not_graph_edge	no_component_normalized_match_in_mSCIdblit
master_LR_union	CAMP	IGF1R	Camp	Igf1r					candidate_public_only_not_graph_edge	no_component_normalized_match_in_mSCIdblit
master_LR_union	CAMP	P2RX7	Camp	P2rx7					candidate_public_only_not_graph_edge	no_component_normalized_match_in_mSCIdblit
master_LR_union	CAR12	CD33	Car12	Cd33					candidate_public_only_not_graph_edge	no_component_normalized_match_in_mSCIdblit
master_LR_union	CAR12	SIGLECF	Car12	Siglecf					candidate_public_only_not_graph_edge	no_component_normalized_match_in_mSCIdblit
master_LR_union	CAR12	SIGLECH	Car12	Siglech					candidate_public_only_not_graph_edge	no_component_normalized_match_in_mSCIdblit
master_LR_union	CBLN1+NRXN1	GRID2	Nrxn1_Cbln1	Grid2					candidate_public_only_not_graph_edge	no_component_normalized_match_in_mSCIdblit
master_LR_union	CBR1+CBR1B	PTGFR	Cbr1_Cbr1b	Ptgfr					candidate_public_only_not_graph_edge	no_component_normalized_match_in_mSCIdblit
master_LR_union	CCL1	ACKR1	Ccl1	Ackr1					candidate_public_only_not_graph_edge	no_component_normalized_match_in_mSCIdblit
master_LR_union	CCL1	ACKR2	Ccl1	Ackr2					candidate_public_only_not_graph_edge	no_component_normalized_match_in_mSCIdblit
master_LR_union	CCL1	ACKR4	Ccl1	Ackr4					candidate_public_only_not_graph_edge	no_component_normalized_match_in_mSCIdblit
master_LR_union	CCL1	CCR1	Ccl1	Ccr1					candidate_public_only_not_graph_edge	no_component_normalized_match_in_mSCIdblit
master_LR_union	CCL1	CCR1L1	Ccl1	Ccr1l1					candidate_public_only_not_graph_edge	no_component_normalized_match_in_mSCIdblit
master_LR_union	CCL1	CCR2	Ccl1	Ccr2					candidate_public_only_not_graph_edge	no_component_normalized_match_in_mSCIdblit
master_LR_union	CCL1	CCR3	Ccl1	Ccr3					candidate_public_only_not_graph_edge	no_component_normalized_match_in_mSCIdblit
master_LR_union	CCL1	CCR5	Ccl1	Ccr5					candidate_public_only_not_graph_edge	no_component_normalized_match_in_mSCIdblit
master_LR_union	CCL11	ACKR4	Ccl11	Ackr4					candidate_public_only_not_graph_edge	no_component_normalized_match_in_mSCIdblit
master_LR_union	CCL11	CCR5	Ccl11	Ccr5					candidate_public_only_not_graph_edge	no_component_normalized_match_in_mSCIdblit
master_LR_union	CCL11	DPP4	Ccl11	Dpp4					candidate_public_only_not_graph_edge	no_component_normalized_match_in_mSCIdblit
master_LR_union	CCL12	ACKR1	Ccl12	Ackr1					candidate_public_only_not_graph_edge	no_component_normalized_match_in_mSCIdblit
master_LR_union	CCL12	ACKR4	Ccl12	Ackr4					candidate_public_only_not_graph_edge	no_component_normalized_match_in_mSCIdblit
master_LR_union	CCL12	CCR1	Ccl12	Ccr1					candidate_public_only_not_graph_edge	no_component_normalized_match_in_mSCIdblit
master_LR_union	CCL12	CCR10	Ccl12	Ccr10					candidate_public_only_not_graph_edge	no_component_normalized_match_in_mSCIdblit
master_LR_union	CCL12	CCR1L1	Ccl12	Ccr1l1					candidate_public_only_not_graph_edge	no_component_normalized_match_in_mSCIdblit
master_LR_union	CCL12	CCR2	Ccl12	Ccr2					candidate_public_only_not_graph_edge	no_component_normalized_match_in_mSCIdblit
master_LR_union	CCL12	CCR3	Ccl12	Ccr3					candidate_public_only_not_graph_edge	no_component_normalized_match_in_mSCIdblit
master_LR_union	CCL12	CCR4	Ccl12	Ccr4					candidate_public_only_not_graph_edge	no_component_normalized_match_in_mSCIdblit
master_LR_union	CCL12	CCR5	Ccl12	Ccr5					candidate_public_only_not_graph_edge	no_component_normalized_match_in_mSCIdblit
master_LR_union	CCL12	CCR8	Ccl12	Ccr8					candidate_public_only_not_graph_edge	no_component_normalized_match_in_mSCIdblit
master_LR_union	CCL19	ACKR2	Ccl19	Ackr2					candidate_public_only_not_graph_edge	no_component_normalized_match_in_mSCIdblit
master_LR_union	CCL19	CCR10	Ccl19	Ccr10					candidate_public_only_not_graph_edge	no_component_normalized_match_in_mSCIdblit
master_LR_union	CCL19	CCRL2	Ccl19	Ccrl2					candidate_public_only_not_graph_edge	no_component_normalized_match_in_mSCIdblit
master_LR_union	CCL19	CXCR3	Ccl19	Cxcr3					candidate_public_only_not_graph_edge	no_component_normalized_match_in_mSCIdblit
master_LR_union	CCL19PS1	ACKR2	Ccl19-ps1	Ackr2					candidate_public_only_not_graph_edge	no_component_normalized_match_in_mSCIdblit
master_LR_union	CCL19PS1	ACKR4	Ccl19-ps1	Ackr4					candidate_public_only_not_graph_edge	no_component_normalized_match_in_mSCIdblit
master_LR_union	CCL19PS1	CCR10	Ccl19-ps1	Ccr10					candidate_public_only_not_graph_edge	no_component_normalized_match_in_mSCIdblit
master_LR_union	CCL19PS1	CCR7	Ccl19-ps1	Ccr7					candidate_public_only_not_graph_edge	no_component_normalized_match_in_mSCIdblit
master_LR_union	CCL19PS1	CCRL2	Ccl19-ps1	Ccrl2					candidate_public_only_not_graph_edge	no_component_normalized_match_in_mSCIdblit
master_LR_union	CCL19PS1	CXCR3	Ccl19-ps1	Cxcr3					candidate_public_only_not_graph_edge	no_component_normalized_match_in_mSCIdblit
master_LR_union	CCL2	ACKR4	Ccl2	Ackr4					candidate_public_only_not_graph_edge	no_component_normalized_match_in_mSCIdblit
master_LR_union	CCL2	CCR1L1	Ccl2	Ccr1l1					candidate_public_only_not_graph_edge	no_component_normalized_match_in_mSCIdblit
master_LR_union	CCL2	CCR3	Ccl2	Ccr3					candidate_public_only_not_graph_edge	no_component_normalized_match_in_mSCIdblit
master_LR_union	CCL2	CCR5	Ccl2	Ccr5					candidate_public_only_not_graph_edge	no_component_normalized_match_in_mSCIdblit
master_LR_union	CCL2	CCR9	Ccl2	Ccr9					candidate_public_only_not_graph_edge	no_component_normalized_match_in_mSCIdblit
master_LR_union	CCL2	CXCR3	Ccl2	Cxcr3					candidate_public_only_not_graph_edge	no_component_normalized_match_in_mSCIdblit
master_LR_union	CCL20	ADRA2A	Ccl20	Adra2a					candidate_public_only_not_graph_edge	no_component_normalized_match_in_mSCIdblit
master_LR_union	CCL20	CXCR3	Ccl20	Cxcr3					candidate_public_only_not_graph_edge	no_component_normalized_match_in_mSCIdblit
master_LR_union	CCL20	GRM7	Ccl20	Grm7					candidate_public_only_not_graph_edge	no_component_normalized_match_in_mSCIdblit
master_LR_union	CCL20	MTNR1A	Ccl20	Mtnr1a					candidate_public_only_not_graph_edge	no_component_normalized_match_in_mSCIdblit
master_LR_union	CCL21A	ACKR2	Ccl21a	Ackr2					candidate_public_only_not_graph_edge	no_component_normalized_match_in_mSCIdblit
master_LR_union	CCL21A	CCR7	Ccl21a	Ccr7					candidate_public_only_not_graph_edge	no_component_normalized_match_in_mSCIdblit
master_LR_union	CCL21A	CXCR3	Ccl21a	Cxcr3					candidate_public_only_not_graph_edge	no_component_normalized_match_in_mSCIdblit
master_LR_union	CCL21B	ACKR2	Ccl21b	Ackr2					candidate_public_only_not_graph_edge	no_component_normalized_match_in_mSCIdblit
master_LR_union	CCL21B	ADRA2A	Ccl21b	Adra2a					candidate_public_only_not_graph_edge	no_component_normalized_match_in_mSCIdblit
master_LR_union	CCL21B	CCR10	Ccl21b	Ccr10					candidate_public_only_not_graph_edge	no_component_normalized_match_in_mSCIdblit
master_LR_union	CCL21B	CCR7	Ccl21b	Ccr7					candidate_public_only_not_graph_edge	no_component_normalized_match_in_mSCIdblit
master_LR_union	CCL21B	CXCR3	Ccl21b	Cxcr3					candidate_public_only_not_graph_edge	no_component_normalized_match_in_mSCIdblit
master_LR_union	CCL21B	GRM7	Ccl21b	Grm7					candidate_public_only_not_graph_edge	no_component_normalized_match_in_mSCIdblit
master_LR_union	CCL21B	MTNR1A	Ccl21b	Mtnr1a					candidate_public_only_not_graph_edge	no_component_normalized_match_in_mSCIdblit
master_LR_union	CCL21D	ACKR2	Ccl21d	Ackr2					candidate_public_only_not_graph_edge	no_component_normalized_match_in_mSCIdblit
master_LR_union	CCL21D	CCR7	Ccl21d	Ccr7					candidate_public_only_not_graph_edge	no_component_normalized_match_in_mSCIdblit
master_LR_union	CCL21D	CXCR3	Ccl21d	Cxcr3					candidate_public_only_not_graph_edge	no_component_normalized_match_in_mSCIdblit
master_LR_union	CCL21E	CCR7	Ccl21e	Ccr7					candidate_public_only_not_graph_edge	no_component_normalized_match_in_mSCIdblit
master_LR_union	CCL21F	CCR7	Ccl21f	Ccr7					candidate_public_only_not_graph_edge	no_component_normalized_match_in_mSCIdblit
master_LR_union	CCL22	ACKR1	Ccl22	Ackr1					candidate_public_only_not_graph_edge	no_component_normalized_match_in_mSCIdblit
master_LR_union	CCL22	CCR7	Ccl22	Ccr7					candidate_public_only_not_graph_edge	no_component_normalized_match_in_mSCIdblit
master_LR_union	CCL22	DPP4	Ccl22	Dpp4					candidate_public_only_not_graph_edge	no_component_normalized_match_in_mSCIdblit
master_LR_union	CCL24	ACKR2	Ccl24	Ackr2					candidate_public_only_not_graph_edge	no_component_normalized_match_in_mSCIdblit
master_LR_union	CCL24	CCR2	Ccl24	Ccr2					candidate_public_only_not_graph_edge	no_component_normalized_match_in_mSCIdblit
master_LR_union	CCL25	ACKR2	Ccl25	Ackr2					candidate_public_only_not_graph_edge	no_component_normalized_match_in_mSCIdblit
master_LR_union	CCL25	ADRA2A	Ccl25	Adra2a					candidate_public_only_not_graph_edge	no_component_normalized_match_in_mSCIdblit
master_LR_union	CCL25	CCR10	Ccl25	Ccr10					candidate_public_only_not_graph_edge	no_component_normalized_match_in_mSCIdblit
master_LR_union	CCL25	GRM7	Ccl25	Grm7					candidate_public_only_not_graph_edge	no_component_normalized_match_in_mSCIdblit
master_LR_union	CCL25	MTNR1A	Ccl25	Mtnr1a					candidate_public_only_not_graph_edge	no_component_normalized_match_in_mSCIdblit
master_LR_union	CCL26	CCR2	Ccl26	Ccr2					candidate_public_only_not_graph_edge	no_component_normalized_match_in_mSCIdblit
master_LR_union	CCL26	CCR3	Ccl26	Ccr3					candidate_public_only_not_graph_edge	no_component_normalized_match_in_mSCIdblit
master_LR_union	CCL27A	ACKR2	Ccl27a	Ackr2					candidate_public_only_not_graph_edge	no_component_normalized_match_in_mSCIdblit
master_LR_union	CCL27A	ADRA2A	Ccl27a	Adra2a					candidate_public_only_not_graph_edge	no_component_normalized_match_in_mSCIdblit
master_LR_union	CCL27A	CCR2	Ccl27a	Ccr2					candidate_public_only_not_graph_edge	no_component_normalized_match_in_mSCIdblit
master_LR_union	CCL27A	CCR3	Ccl27a	Ccr3					candidate_public_only_not_graph_edge	no_component_normalized_match_in_mSCIdblit
master_LR_union	CCL27A	GRM7	Ccl27a	Grm7					candidate_public_only_not_graph_edge	no_component_normalized_match_in_mSCIdblit
master_LR_union	CCL27A	MTNR1A	Ccl27a	Mtnr1a					candidate_public_only_not_graph_edge	no_component_normalized_match_in_mSCIdblit
master_LR_union	CCL27B	ACKR2	Ccl27b	Ackr2					candidate_public_only_not_graph_edge	no_component_normalized_match_in_mSCIdblit
master_LR_union	CCL27B	ADRA2A	Ccl27b	Adra2a					candidate_public_only_not_graph_edge	no_component_normalized_match_in_mSCIdblit
master_LR_union	CCL27B	CCR2	Ccl27b	Ccr2					candidate_public_only_not_graph_edge	no_component_normalized_match_in_mSCIdblit
master_LR_union	CCL27B	CCR3	Ccl27b	Ccr3					candidate_public_only_not_graph_edge	no_component_normalized_match_in_mSCIdblit
master_LR_union	CCL27B	GRM7	Ccl27b	Grm7					candidate_public_only_not_graph_edge	no_component_normalized_match_in_mSCIdblit
master_LR_union	CCL27B	MTNR1A	Ccl27b	Mtnr1a					candidate_public_only_not_graph_edge	no_component_normalized_match_in_mSCIdblit
master_LR_union	CCL28	ACKR2	Ccl28	Ackr2					candidate_public_only_not_graph_edge	no_component_normalized_match_in_mSCIdblit
master_LR_union	CCL28	ACKR4	Ccl28	Ackr4					candidate_public_only_not_graph_edge	no_component_normalized_match_in_mSCIdblit
master_LR_union	CCL28	ADRA2A	Ccl28	Adra2a					candidate_public_only_not_graph_edge	no_component_normalized_match_in_mSCIdblit
master_LR_union	CCL28	GRM7	Ccl28	Grm7					candidate_public_only_not_graph_edge	no_component_normalized_match_in_mSCIdblit
master_LR_union	CCL28	MTNR1A	Ccl28	Mtnr1a					candidate_public_only_not_graph_edge	no_component_normalized_match_in_mSCIdblit
master_LR_union	CCL3	ACKR1	Ccl3	Ackr1					candidate_public_only_not_graph_edge	no_component_normalized_match_in_mSCIdblit
master_LR_union	CCL3	CCR1L1	Ccl3	Ccr1l1					candidate_public_only_not_graph_edge	no_component_normalized_match_in_mSCIdblit
master_LR_union	CCL3	CCR3	Ccl3	Ccr3					candidate_public_only_not_graph_edge	no_component_normalized_match_in_mSCIdblit
master_LR_union	CCL3	CCR4	Ccl3	Ccr4					candidate_public_only_not_graph_edge	no_component_normalized_match_in_mSCIdblit
master_LR_union	CCL3	CCR8	Ccl3	Ccr8					candidate_public_only_not_graph_edge	no_component_normalized_match_in_mSCIdblit
master_LR_union	CCL4	CCR1L1	Ccl4	Ccr1l1					candidate_public_only_not_graph_edge	no_component_normalized_match_in_mSCIdblit
master_LR_union	CCL4	CCR3	Ccl4	Ccr3					candidate_public_only_not_graph_edge	no_component_normalized_match_in_mSCIdblit
master_LR_union	CCL4	CCR8	Ccl4	Ccr8					candidate_public_only_not_graph_edge	no_component_normalized_match_in_mSCIdblit
master_LR_union	CCL4	CNR2	Ccl4	Cnr2					candidate_public_only_not_graph_edge	no_component_normalized_match_in_mSCIdblit
master_LR_union	CCL4	GPR152	Ccl4	Gpr152					candidate_public_only_not_graph_edge	no_component_normalized_match_in_mSCIdblit
master_LR_union	CCL4	GPRC5D	Ccl4	Gprc5d					candidate_public_only_not_graph_edge	no_component_normalized_match_in_mSCIdblit
master_LR_union	CCL5	ACKR1	Ccl5	Ackr1					candidate_public_only_not_graph_edge	no_component_normalized_match_in_mSCIdblit
master_LR_union	CCL5	ACKR2	Ccl5	Ackr2					candidate_public_only_not_graph_edge	no_component_normalized_match_in_mSCIdblit
master_LR_union	CCL5	ACKR4	Ccl5	Ackr4					candidate_public_only_not_graph_edge	no_component_normalized_match_in_mSCIdblit
master_LR_union	CCL5	ADRA2A	Ccl5	Adra2a					candidate_public_only_not_graph_edge	no_component_normalized_match_in_mSCIdblit
master_LR_union	CCL5	CCR1L1	Ccl5	Ccr1l1					candidate_public_only_not_graph_edge	no_component_normalized_match_in_mSCIdblit
master_LR_union	CCL5	CCR4	Ccl5	Ccr4					candidate_public_only_not_graph_edge	no_component_normalized_match_in_mSCIdblit
master_LR_union	CCL5	CCRL2	Ccl5	Ccrl2					candidate_public_only_not_graph_edge	no_component_normalized_match_in_mSCIdblit
master_LR_union	CCL5	CXCR3	Ccl5	Cxcr3					candidate_public_only_not_graph_edge	no_component_normalized_match_in_mSCIdblit
master_LR_union	CCL5	DPP4	Ccl5	Dpp4					candidate_public_only_not_graph_edge	no_component_normalized_match_in_mSCIdblit
master_LR_union	CCL5	GRM7	Ccl5	Grm7					candidate_public_only_not_graph_edge	no_component_normalized_match_in_mSCIdblit
master_LR_union	CCL5	MTNR1A	Ccl5	Mtnr1a					candidate_public_only_not_graph_edge	no_component_normalized_match_in_mSCIdblit
master_LR_union	CCL6	ACKR2	Ccl6	Ackr2					candidate_public_only_not_graph_edge	no_component_normalized_match_in_mSCIdblit
master_LR_union	CCL6	CCR1	Ccl6	Ccr1					candidate_public_only_not_graph_edge	no_component_normalized_match_in_mSCIdblit
master_LR_union	CCL6	CCR1L1	Ccl6	Ccr1l1					candidate_public_only_not_graph_edge	no_component_normalized_match_in_mSCIdblit
master_LR_union	CCL6	CCR2	Ccl6	Ccr2					candidate_public_only_not_graph_edge	no_component_normalized_match_in_mSCIdblit
master_LR_union	CCL6	CCR3	Ccl6	Ccr3					candidate_public_only_not_graph_edge	no_component_normalized_match_in_mSCIdblit
master_LR_union	CCL6	FPR2	Ccl6	Fpr2					candidate_public_only_not_graph_edge	no_component_normalized_match_in_mSCIdblit
master_LR_union	CCL6	FPR3	Ccl6	Fpr3					candidate_public_only_not_graph_edge	no_component_normalized_match_in_mSCIdblit
master_LR_union	CCL7	ACKR1	Ccl7	Ackr1					candidate_public_only_not_graph_edge	no_component_normalized_match_in_mSCIdblit
master_LR_union	CCL7	ACKR2	Ccl7	Ackr2					candidate_public_only_not_graph_edge	no_component_normalized_match_in_mSCIdblit
master_LR_union	CCL7	ACKR4	Ccl7	Ackr4					candidate_public_only_not_graph_edge	no_component_normalized_match_in_mSCIdblit
master_LR_union	CCL7	CCR10	Ccl7	Ccr10					candidate_public_only_not_graph_edge	no_component_normalized_match_in_mSCIdblit
master_LR_union	CCL7	CCR1L1	Ccl7	Ccr1l1					candidate_public_only_not_graph_edge	no_component_normalized_match_in_mSCIdblit
master_LR_union	CCL7	CCR2	Ccl7	Ccr2					candidate_public_only_not_graph_edge	no_component_normalized_match_in_mSCIdblit
master_LR_union	CCL7	CCR5	Ccl7	Ccr5					candidate_public_only_not_graph_edge	no_component_normalized_match_in_mSCIdblit
master_LR_union	CCL7	CXCR3	Ccl7	Cxcr3					candidate_public_only_not_graph_edge	no_component_normalized_match_in_mSCIdblit
master_LR_union	CCL8	ACKR1	Ccl8	Ackr1					candidate_public_only_not_graph_edge	no_component_normalized_match_in_mSCIdblit
master_LR_union	CCL8	ACKR2	Ccl8	Ackr2					candidate_public_only_not_graph_edge	no_component_normalized_match_in_mSCIdblit
master_LR_union	CCL8	ACKR4	Ccl8	Ackr4					candidate_public_only_not_graph_edge	no_component_normalized_match_in_mSCIdblit
master_LR_union	CCL8	CCR1L1	Ccl8	Ccr1l1					candidate_public_only_not_graph_edge	no_component_normalized_match_in_mSCIdblit
master_LR_union	CCL8	CCR2	Ccl8	Ccr2					candidate_public_only_not_graph_edge	no_component_normalized_match_in_mSCIdblit
master_LR_union	CCL8	CCR5	Ccl8	Ccr5					candidate_public_only_not_graph_edge	no_component_normalized_match_in_mSCIdblit
master_LR_union	CCL8	CCR8	Ccl8	Ccr8					candidate_public_only_not_graph_edge	no_component_normalized_match_in_mSCIdblit
master_LR_union	CCL9	ACKR2	Ccl9	Ackr2					candidate_public_only_not_graph_edge	no_component_normalized_match_in_mSCIdblit
master_LR_union	CCL9	CCR1	Ccl9	Ccr1					candidate_public_only_not_graph_edge	no_component_normalized_match_in_mSCIdblit
master_LR_union	CCL9	CCR1L1	Ccl9	Ccr1l1					candidate_public_only_not_graph_edge	no_component_normalized_match_in_mSCIdblit
master_LR_union	CCL9	CCR3	Ccl9	Ccr3					candidate_public_only_not_graph_edge	no_component_normalized_match_in_mSCIdblit
master_LR_union	CCL9	FPR2	Ccl9	Fpr2					candidate_public_only_not_graph_edge	no_component_normalized_match_in_mSCIdblit
master_LR_union	CCL9	FPR3	Ccl9	Fpr3					candidate_public_only_not_graph_edge	no_component_normalized_match_in_mSCIdblit
master_LR_union	CCN1	GM49368	Ccn1	Gm49368					candidate_public_only_not_graph_edge	no_component_normalized_match_in_mSCIdblit
master_LR_union	CCN1	ITGA2B	Ccn1	Itga2b					candidate_public_only_not_graph_edge	no_component_normalized_match_in_mSCIdblit
master_LR_union	CCN1	ITGA5	Ccn1	Itga5					candidate_public_only_not_graph_edge	no_component_normalized_match_in_mSCIdblit
master_LR_union	CCN1	ITGA6	Ccn1	Itga6					candidate_public_only_not_graph_edge	no_component_normalized_match_in_mSCIdblit
master_LR_union	CCN1	ITGAD	Ccn1	Itgad					candidate_public_only_not_graph_edge	no_component_normalized_match_in_mSCIdblit
master_LR_union	CCN1	ITGAM	Ccn1	Itgam					candidate_public_only_not_graph_edge	no_component_normalized_match_in_mSCIdblit
master_LR_union	CCN1	ITGAV	Ccn1	Itgav					candidate_public_only_not_graph_edge	no_component_normalized_match_in_mSCIdblit
master_LR_union	CCN1	ITGB1	Ccn1	Itgb1					candidate_public_only_not_graph_edge	no_component_normalized_match_in_mSCIdblit
master_LR_union	CCN1	ITGB2	Ccn1	Itgb2					candidate_public_only_not_graph_edge	no_component_normalized_match_in_mSCIdblit
master_LR_union	CCN1	ITGB2L	Ccn1	Itgb2l					candidate_public_only_not_graph_edge	no_component_normalized_match_in_mSCIdblit
master_LR_union	CCN1	ITGB3	Ccn1	Itgb3					candidate_public_only_not_graph_edge	no_component_normalized_match_in_mSCIdblit
master_LR_union	CCN1	ITGB5	Ccn1	Itgb5					candidate_public_only_not_graph_edge	no_component_normalized_match_in_mSCIdblit
master_LR_union	CCN1	TLR2	Ccn1	Tlr2					candidate_public_only_not_graph_edge	no_component_normalized_match_in_mSCIdblit
master_LR_union	CCN1	TLR4	Ccn1	Tlr4					candidate_public_only_not_graph_edge	no_component_normalized_match_in_mSCIdblit
master_LR_union	CCN2	ERBB4	Ccn2	Erbb4					candidate_public_only_not_graph_edge	no_component_normalized_match_in_mSCIdblit
master_LR_union	CCN2	FGFR2	Ccn2	Fgfr2					candidate_public_only_not_graph_edge	no_component_normalized_match_in_mSCIdblit
master_LR_union	CCN2	GM49368	Ccn2	Gm49368					candidate_public_only_not_graph_edge	no_component_normalized_match_in_mSCIdblit
master_LR_union	CCN2	IGF2R	Ccn2	Igf2r					candidate_public_only_not_graph_edge	no_component_normalized_match_in_mSCIdblit
master_LR_union	CCN2	ITGA5	Ccn2	Itga5					candidate_public_only_not_graph_edge	no_component_normalized_match_in_mSCIdblit
master_LR_union	CCN2	ITGAM	Ccn2	Itgam					candidate_public_only_not_graph_edge	no_component_normalized_match_in_mSCIdblit
master_LR_union	CCN2	ITGB2	Ccn2	Itgb2					candidate_public_only_not_graph_edge	no_component_normalized_match_in_mSCIdblit
master_LR_union	CCN2	ITGB2L	Ccn2	Itgb2l					candidate_public_only_not_graph_edge	no_component_normalized_match_in_mSCIdblit
master_LR_union	CCN2	LRP1	Ccn2	Lrp1					candidate_public_only_not_graph_edge	no_component_normalized_match_in_mSCIdblit
master_LR_union	CCN2	LRP6	Ccn2	Lrp6					candidate_public_only_not_graph_edge	no_component_normalized_match_in_mSCIdblit
master_LR_union	CCN2	NTRK1	Ccn2	Ntrk1					candidate_public_only_not_graph_edge	no_component_normalized_match_in_mSCIdblit
master_LR_union	CCN3	NOTCH1	Ccn3	Notch1					candidate_public_only_not_graph_edge	no_component_normalized_match_in_mSCIdblit
master_LR_union	CCN3	PLXNA1	Ccn3	Plxna1					candidate_public_only_not_graph_edge	no_component_normalized_match_in_mSCIdblit
master_LR_union	CCN4	ITGA5	Ccn4	Itga5					candidate_public_only_not_graph_edge	no_component_normalized_match_in_mSCIdblit
master_LR_union	CCN4	ITGB1	Ccn4	Itgb1					candidate_public_only_not_graph_edge	no_component_normalized_match_in_mSCIdblit
master_LR_union	CCN6	SORL1	Ccn6	Sorl1					candidate_public_only_not_graph_edge	no_component_normalized_match_in_mSCIdblit
master_LR_union	CD14	ITGA4	Cd14	Itga4					candidate_public_only_not_graph_edge	no_component_normalized_match_in_mSCIdblit
master_LR_union	CD14	ITGB1	Cd14	Itgb1					candidate_public_only_not_graph_edge	no_component_normalized_match_in_mSCIdblit
master_LR_union	CD14	ITGB2	Cd14	Itgb2					candidate_public_only_not_graph_edge	no_component_normalized_match_in_mSCIdblit
master_LR_union	CD14	PLXND1	Cd14	Plxnd1					candidate_public_only_not_graph_edge	no_component_normalized_match_in_mSCIdblit
master_LR_union	CD14	RIPK1	Cd14	Ripk1					candidate_public_only_not_graph_edge	no_component_normalized_match_in_mSCIdblit
master_LR_union	CD14	TLR1	Cd14	Tlr1					candidate_public_only_not_graph_edge	no_component_normalized_match_in_mSCIdblit
master_LR_union	CD14	TLR4	Cd14	Tlr4					candidate_public_only_not_graph_edge	no_component_normalized_match_in_mSCIdblit
master_LR_union	CD14	TLR6	Cd14	Tlr6					candidate_public_only_not_graph_edge	no_component_normalized_match_in_mSCIdblit
master_LR_union	CD14	TLR9	Cd14	Tlr9					candidate_public_only_not_graph_edge	no_component_normalized_match_in_mSCIdblit
master_LR_union	CD160	TNFRSF14	Cd160	Tnfrsf14					candidate_public_only_not_graph_edge	no_component_normalized_match_in_mSCIdblit
master_LR_union	CD1D1	CEACAM5	Cd1d1	Ceacam5					candidate_public_only_not_graph_edge	no_component_normalized_match_in_mSCIdblit
master_LR_union	CD1D2	PIRA2	Cd1d2	Pira2					candidate_public_only_not_graph_edge	no_component_normalized_match_in_mSCIdblit
master_LR_union	CD2	CD53	Cd2	Cd53					candidate_public_only_not_graph_edge	no_component_normalized_match_in_mSCIdblit
master_LR_union	CD2	NLGN3	Cd2	Nlgn3					candidate_public_only_not_graph_edge	no_component_normalized_match_in_mSCIdblit
master_LR_union	CD200	CD200R1L	Cd200	Cd200r1l					candidate_public_only_not_graph_edge	no_component_normalized_match_in_mSCIdblit
master_LR_union	CD200	CD200R3	Cd200	Cd200r3					candidate_public_only_not_graph_edge	no_component_normalized_match_in_mSCIdblit
master_LR_union	CD200	CD200R4	Cd200	Cd200r4					candidate_public_only_not_graph_edge	no_component_normalized_match_in_mSCIdblit
master_LR_union	CD209A	CEACAM1	Cd209a	Ceacam1					candidate_public_only_not_graph_edge	no_component_normalized_match_in_mSCIdblit
master_LR_union	CD209A	CEACAM2	Cd209a	Ceacam2					candidate_public_only_not_graph_edge	no_component_normalized_match_in_mSCIdblit
master_LR_union	CD209B	CEACAM1	Cd209b	Ceacam1					candidate_public_only_not_graph_edge	no_component_normalized_match_in_mSCIdblit
master_LR_union	CD209B	CEACAM2	Cd209b	Ceacam2					candidate_public_only_not_graph_edge	no_component_normalized_match_in_mSCIdblit
master_LR_union	CD209C	CEACAM1	Cd209c	Ceacam1					candidate_public_only_not_graph_edge	no_component_normalized_match_in_mSCIdblit
master_LR_union	CD209C	CEACAM2	Cd209c	Ceacam2					candidate_public_only_not_graph_edge	no_component_normalized_match_in_mSCIdblit
master_LR_union	CD209D	CEACAM1	Cd209d	Ceacam1					candidate_public_only_not_graph_edge	no_component_normalized_match_in_mSCIdblit
master_LR_union	CD209D	CEACAM2	Cd209d	Ceacam2					candidate_public_only_not_graph_edge	no_component_normalized_match_in_mSCIdblit
master_LR_union	CD209E	CEACAM1	Cd209e	Ceacam1					candidate_public_only_not_graph_edge	no_component_normalized_match_in_mSCIdblit
master_LR_union	CD209E	CEACAM2	Cd209e	Ceacam2					candidate_public_only_not_graph_edge	no_component_normalized_match_in_mSCIdblit
master_LR_union	CD22	IGSF21	Cd22	Igsf21					candidate_public_only_not_graph_edge	no_component_normalized_match_in_mSCIdblit
master_LR_union	CD226	MCAM	Cd226	Mcam					candidate_public_only_not_graph_edge	no_component_normalized_match_in_mSCIdblit
master_LR_union	CD226	NECTIN2	Cd226	Nectin2					candidate_public_only_not_graph_edge	no_component_normalized_match_in_mSCIdblit
master_LR_union	CD226	PVR	Cd226	Pvr					candidate_public_only_not_graph_edge	no_component_normalized_match_in_mSCIdblit
master_LR_union	CD244A	CD79B	Cd244a	Cd79b					candidate_public_only_not_graph_edge	no_component_normalized_match_in_mSCIdblit
master_LR_union	CD244A	CSF3R	Cd244a	Csf3r					candidate_public_only_not_graph_edge	no_component_normalized_match_in_mSCIdblit
master_LR_union	CD244A	IYD	Cd244a	Iyd					candidate_public_only_not_graph_edge	no_component_normalized_match_in_mSCIdblit
master_LR_union	CD244A	LAT	Cd244a	Lat					candidate_public_only_not_graph_edge	no_component_normalized_match_in_mSCIdblit
master_LR_union	CD244A	MUC15	Cd244a	Muc15					candidate_public_only_not_graph_edge	no_component_normalized_match_in_mSCIdblit
master_LR_union	CD24A	SELP	Cd24a	Selp					candidate_public_only_not_graph_edge	no_component_normalized_match_in_mSCIdblit
master_LR_union	CD274	EPHA3	Cd274	Epha3					candidate_public_only_not_graph_edge	no_component_normalized_match_in_mSCIdblit
master_LR_union	CD276	TREML2	Cd276	Treml2					candidate_public_only_not_graph_edge	no_component_normalized_match_in_mSCIdblit
master_LR_union	CD28	CD247	Cd28	Cd247					candidate_public_only_not_graph_edge	no_component_normalized_match_in_mSCIdblit
master_LR_union	CD28	CD4	Cd28	Cd4					candidate_public_only_not_graph_edge	no_component_normalized_match_in_mSCIdblit
master_LR_union	CD28	TMEM95	Cd28	Tmem95					candidate_public_only_not_graph_edge	no_component_normalized_match_in_mSCIdblit
master_LR_union	CD300A	IGSF5	Cd300a	Igsf5					candidate_public_only_not_graph_edge	no_component_normalized_match_in_mSCIdblit
master_LR_union	CD300C	IGSF5	Cd300c	Igsf5					candidate_public_only_not_graph_edge	no_component_normalized_match_in_mSCIdblit
master_LR_union	CD300C	NTNG1	Cd300c	Ntng1					candidate_public_only_not_graph_edge	no_component_normalized_match_in_mSCIdblit
master_LR_union	CD300C	PTPRO	Cd300c	Ptpro					candidate_public_only_not_graph_edge	no_component_normalized_match_in_mSCIdblit
master_LR_union	CD300C2	IGSF5	Cd300c2	Igsf5					candidate_public_only_not_graph_edge	no_component_normalized_match_in_mSCIdblit
master_LR_union	CD300C2	NTNG1	Cd300c2	Ntng1					candidate_public_only_not_graph_edge	no_component_normalized_match_in_mSCIdblit
master_LR_union	CD300C2	PTPRO	Cd300c2	Ptpro					candidate_public_only_not_graph_edge	no_component_normalized_match_in_mSCIdblit
master_LR_union	CD300LD2	FLT1	Cd300ld2	Flt1					candidate_public_only_not_graph_edge	no_component_normalized_match_in_mSCIdblit
master_LR_union	CD300LD2	IGSF5	Cd300ld2	Igsf5					candidate_public_only_not_graph_edge	no_component_normalized_match_in_mSCIdblit
master_LR_union	CD300LD3	FLT1	Cd300ld3	Flt1					candidate_public_only_not_graph_edge	no_component_normalized_match_in_mSCIdblit
master_LR_union	CD300LD3	IGSF5	Cd300ld3	Igsf5					candidate_public_only_not_graph_edge	no_component_normalized_match_in_mSCIdblit
master_LR_union	CD300LD4	FLT1	Cd300ld4	Flt1					candidate_public_only_not_graph_edge	no_component_normalized_match_in_mSCIdblit
master_LR_union	CD300LD4	IGSF5	Cd300ld4	Igsf5					candidate_public_only_not_graph_edge	no_component_normalized_match_in_mSCIdblit
master_LR_union	CD300LD5	FLT1	Cd300ld5	Flt1					candidate_public_only_not_graph_edge	no_component_normalized_match_in_mSCIdblit
master_LR_union	CD300LD5	IGSF5	Cd300ld5	Igsf5					candidate_public_only_not_graph_edge	no_component_normalized_match_in_mSCIdblit
master_LR_union	CD300LF	FLT1	Cd300lf	Flt1					candidate_public_only_not_graph_edge	no_component_normalized_match_in_mSCIdblit
master_LR_union	CD300LF	IGSF5	Cd300lf	Igsf5					candidate_public_only_not_graph_edge	no_component_normalized_match_in_mSCIdblit
master_LR_union	CD320	IGSF5	Cd320	Igsf5					candidate_public_only_not_graph_edge	no_component_normalized_match_in_mSCIdblit
master_LR_union	CD320	JAML	Cd320	Jaml					candidate_public_only_not_graph_edge	no_component_normalized_match_in_mSCIdblit
master_LR_union	CD320	LRPAP1	Cd320	Lrpap1					candidate_public_only_not_graph_edge	no_component_normalized_match_in_mSCIdblit
master_LR_union	CD320	ROR2	Cd320	Ror2					candidate_public_only_not_graph_edge	no_component_normalized_match_in_mSCIdblit
master_LR_union	CD320	SIGLECE	Cd320	Siglece					candidate_public_only_not_graph_edge	no_component_normalized_match_in_mSCIdblit
master_LR_union	CD320	TMEM167	Cd320	Tmem167					candidate_public_only_not_graph_edge	no_component_normalized_match_in_mSCIdblit
master_LR_union	CD33	CD4	Cd33	Cd4					candidate_public_only_not_graph_edge	no_component_normalized_match_in_mSCIdblit
master_LR_union	CD33	KIR3DL1	Cd33	Kir3dl1					candidate_public_only_not_graph_edge	no_component_normalized_match_in_mSCIdblit
master_LR_union	CD33	KIR3DL2	Cd33	Kir3dl2					candidate_public_only_not_graph_edge	no_component_normalized_match_in_mSCIdblit
master_LR_union	CD33	NCR1	Cd33	Ncr1					candidate_public_only_not_graph_edge	no_component_normalized_match_in_mSCIdblit
master_LR_union	CD34	NECTIN3	Cd34	Nectin3					candidate_public_only_not_graph_edge	no_component_normalized_match_in_mSCIdblit
master_LR_union	CD34	NECTIN4	Cd34	Nectin4					candidate_public_only_not_graph_edge	no_component_normalized_match_in_mSCIdblit
master_LR_union	CD34	SELE	Cd34	Sele					candidate_public_only_not_graph_edge	no_component_normalized_match_in_mSCIdblit
master_LR_union	CD40	CD40LG	Cd40	Cd40lg					candidate_public_only_not_graph_edge	no_component_normalized_match_in_mSCIdblit
master_LR_union	CD40LG	CD40	Cd40lg	Cd40					candidate_public_only_not_graph_edge	no_component_normalized_match_in_mSCIdblit
master_LR_union	CD40LG	CD53	Cd40lg	Cd53					candidate_public_only_not_graph_edge	no_component_normalized_match_in_mSCIdblit
master_LR_union	CD40LG	CD9	Cd40lg	Cd9					candidate_public_only_not_graph_edge	no_component_normalized_match_in_mSCIdblit
master_LR_union	CD40LG	GM49368	Cd40lg	Gm49368					candidate_public_only_not_graph_edge	no_component_normalized_match_in_mSCIdblit
master_LR_union	CD40LG	ITGA2B	Cd40lg	Itga2b					candidate_public_only_not_graph_edge	no_component_normalized_match_in_mSCIdblit
master_LR_union	CD40LG	ITGA2B+ITGB3	Cd40lg	Itga2b_Itgb3					candidate_public_only_not_graph_edge	no_component_normalized_match_in_mSCIdblit
master_LR_union	CD40LG	ITGA5	Cd40lg	Itga5					candidate_public_only_not_graph_edge	no_component_normalized_match_in_mSCIdblit
master_LR_union	CD40LG	ITGA5+ITGB1	Cd40lg	Itga5_Itgb1					candidate_public_only_not_graph_edge	no_component_normalized_match_in_mSCIdblit
master_LR_union	CD40LG	ITGAM	Cd40lg	Itgam					candidate_public_only_not_graph_edge	no_component_normalized_match_in_mSCIdblit
master_LR_union	CD40LG	ITGAM+ITGB2	Cd40lg	Itgam_Itgb2					candidate_public_only_not_graph_edge	no_component_normalized_match_in_mSCIdblit
master_LR_union	CD40LG	ITGB1	Cd40lg	Itgb1					candidate_public_only_not_graph_edge	no_component_normalized_match_in_mSCIdblit
master_LR_union	CD40LG	ITGB2	Cd40lg	Itgb2					candidate_public_only_not_graph_edge	no_component_normalized_match_in_mSCIdblit
master_LR_union	CD40LG	ITGB2L	Cd40lg	Itgb2l					candidate_public_only_not_graph_edge	no_component_normalized_match_in_mSCIdblit
master_LR_union	CD40LG	ITGB3	Cd40lg	Itgb3					candidate_public_only_not_graph_edge	no_component_normalized_match_in_mSCIdblit
master_LR_union	CD40LG	TRAF3	Cd40lg	Traf3					candidate_public_only_not_graph_edge	no_component_normalized_match_in_mSCIdblit
master_LR_union	CD44	ACVR2B	Cd44	Acvr2b					candidate_public_only_not_graph_edge	no_component_normalized_match_in_mSCIdblit
master_LR_union	CD44	CLDN7	Cd44	Cldn7					candidate_public_only_not_graph_edge	no_component_normalized_match_in_mSCIdblit
master_LR_union	CD44	EPCAM	Cd44	Epcam					candidate_public_only_not_graph_edge	no_component_normalized_match_in_mSCIdblit
master_LR_union	CD44	HAS2	Cd44	Has2					candidate_public_only_not_graph_edge	no_component_normalized_match_in_mSCIdblit
master_LR_union	CD44	SELE	Cd44	Sele					candidate_public_only_not_graph_edge	no_component_normalized_match_in_mSCIdblit
master_LR_union	CD46	JAG1	Cd46	Jag1					candidate_public_only_not_graph_edge	no_component_normalized_match_in_mSCIdblit
master_LR_union	CD47	GM5150	Cd47	Gm5150					candidate_public_only_not_graph_edge	no_component_normalized_match_in_mSCIdblit
master_LR_union	CD47	GM9733	Cd47	Gm9733					candidate_public_only_not_graph_edge	no_component_normalized_match_in_mSCIdblit
master_LR_union	CD47	PCSK4	Cd47	Pcsk4					candidate_public_only_not_graph_edge	no_component_normalized_match_in_mSCIdblit
master_LR_union	CD47	SCN1B	Cd47	Scn1b					candidate_public_only_not_graph_edge	no_component_normalized_match_in_mSCIdblit
master_LR_union	CD47	SIGLEC1	Cd47	Siglec1					candidate_public_only_not_graph_edge	no_component_normalized_match_in_mSCIdblit
master_LR_union	CD47	SIRPB1A	Cd47	Sirpb1a					candidate_public_only_not_graph_edge	no_component_normalized_match_in_mSCIdblit
master_LR_union	CD47	SIRPB1B	Cd47	Sirpb1b					candidate_public_only_not_graph_edge	no_component_normalized_match_in_mSCIdblit
master_LR_union	CD47	SIRPB1C	Cd47	Sirpb1c					candidate_public_only_not_graph_edge	no_component_normalized_match_in_mSCIdblit
master_LR_union	CD48	CD244A	Cd48	Cd244a					candidate_public_only_not_graph_edge	no_component_normalized_match_in_mSCIdblit
master_LR_union	CD48	PDCD1	Cd48	Pdcd1					candidate_public_only_not_graph_edge	no_component_normalized_match_in_mSCIdblit
master_LR_union	CD52	SIGLECG	Cd52	Siglecg					candidate_public_only_not_graph_edge	no_component_normalized_match_in_mSCIdblit
master_LR_union	CD55	ADGRE5	Cd55	Adgre5					candidate_public_only_not_graph_edge	no_component_normalized_match_in_mSCIdblit
master_LR_union	CD55	CR1L	Cd55	Cr1l					candidate_public_only_not_graph_edge	no_component_normalized_match_in_mSCIdblit
master_LR_union	CD55B	ADGRE5	Cd55b	Adgre5					candidate_public_only_not_graph_edge	no_component_normalized_match_in_mSCIdblit
master_LR_union	CD55B	CR1L	Cd55b	Cr1l					candidate_public_only_not_graph_edge	no_component_normalized_match_in_mSCIdblit
master_LR_union	CD59A	CD2	Cd59a	Cd2					candidate_public_only_not_graph_edge	no_component_normalized_match_in_mSCIdblit
master_LR_union	CD59A	SIGLEC1	Cd59a	Siglec1					candidate_public_only_not_graph_edge	no_component_normalized_match_in_mSCIdblit
master_LR_union	CD59A	STAB1	Cd59a	Stab1					candidate_public_only_not_graph_edge	no_component_normalized_match_in_mSCIdblit
master_LR_union	CD59B	CD2	Cd59b	Cd2					candidate_public_only_not_graph_edge	no_component_normalized_match_in_mSCIdblit
master_LR_union	CD59B	SIGLEC1	Cd59b	Siglec1					candidate_public_only_not_graph_edge	no_component_normalized_match_in_mSCIdblit
master_LR_union	CD59B	STAB1	Cd59b	Stab1					candidate_public_only_not_graph_edge	no_component_normalized_match_in_mSCIdblit
master_LR_union	CD5L	CD5	Cd5l	Cd5					candidate_public_only_not_graph_edge	no_component_normalized_match_in_mSCIdblit
master_LR_union	CD6	ALCAM	Cd6	Alcam					candidate_public_only_not_graph_edge	no_component_normalized_match_in_mSCIdblit
master_LR_union	CD6	DAG1	Cd6	Dag1					candidate_public_only_not_graph_edge	no_component_normalized_match_in_mSCIdblit
master_LR_union	CD6	SIGLECE	Cd6	Siglece					candidate_public_only_not_graph_edge	no_component_normalized_match_in_mSCIdblit
master_LR_union	CD6	SIGLECF	Cd6	Siglecf					candidate_public_only_not_graph_edge	no_component_normalized_match_in_mSCIdblit
master_LR_union	CD7	ADAM15	Cd7	Adam15					candidate_public_only_not_graph_edge	no_component_normalized_match_in_mSCIdblit
master_LR_union	CD70	CD27	Cd70	Cd27					candidate_public_only_not_graph_edge	no_component_normalized_match_in_mSCIdblit
master_LR_union	CD70	TNFRSF13B	Cd70	Tnfrsf13b					candidate_public_only_not_graph_edge	no_component_normalized_match_in_mSCIdblit
master_LR_union	CD70	TNFRSF17	Cd70	Tnfrsf17					candidate_public_only_not_graph_edge	no_component_normalized_match_in_mSCIdblit
master_LR_union	CD72	NCAM2	Cd72	Ncam2					candidate_public_only_not_graph_edge	no_component_normalized_match_in_mSCIdblit
master_LR_union	CD72	SEMA4D	Cd72	Sema4d					candidate_public_only_not_graph_edge	no_component_normalized_match_in_mSCIdblit
master_LR_union	CD79B	CD244A	Cd79b	Cd244a					candidate_public_only_not_graph_edge	no_component_normalized_match_in_mSCIdblit
master_LR_union	CD79B	IGSF21	Cd79b	Igsf21					candidate_public_only_not_graph_edge	no_component_normalized_match_in_mSCIdblit
master_LR_union	CD79B	KREMEN1	Cd79b	Kremen1					candidate_public_only_not_graph_edge	no_component_normalized_match_in_mSCIdblit
master_LR_union	CD79B	NTM	Cd79b	Ntm					candidate_public_only_not_graph_edge	no_component_normalized_match_in_mSCIdblit
master_LR_union	CD80	CD274	Cd80	Cd274					candidate_public_only_not_graph_edge	no_component_normalized_match_in_mSCIdblit
master_LR_union	CD80	NGFR	Cd80	Ngfr					candidate_public_only_not_graph_edge	no_component_normalized_match_in_mSCIdblit
master_LR_union	CD82	CD37	Cd82	Cd37					candidate_public_only_not_graph_edge	no_component_normalized_match_in_mSCIdblit
master_LR_union	CD82	ITGB2	Cd82	Itgb2					candidate_public_only_not_graph_edge	no_component_normalized_match_in_mSCIdblit
master_LR_union	CD82	ITGB2L	Cd82	Itgb2l					candidate_public_only_not_graph_edge	no_component_normalized_match_in_mSCIdblit
master_LR_union	CD8A	CEACAM5	Cd8a	Ceacam5					candidate_public_only_not_graph_edge	no_component_normalized_match_in_mSCIdblit
master_LR_union	CD9	ADAM2	Cd9	Adam2					candidate_public_only_not_graph_edge	no_component_normalized_match_in_mSCIdblit
master_LR_union	CD9	CD36	Cd9	Cd36					candidate_public_only_not_graph_edge	no_component_normalized_match_in_mSCIdblit
master_LR_union	CD9	CLDN1	Cd9	Cldn1					candidate_public_only_not_graph_edge	no_component_normalized_match_in_mSCIdblit
master_LR_union	CD9	IGSF8	Cd9	Igsf8					candidate_public_only_not_graph_edge	no_component_normalized_match_in_mSCIdblit
master_LR_union	CD9	KIT	Cd9	Kit					candidate_public_only_not_graph_edge	no_component_normalized_match_in_mSCIdblit
master_LR_union	CD96	NECTIN1	Cd96	Nectin1					candidate_public_only_not_graph_edge	no_component_normalized_match_in_mSCIdblit
master_LR_union	CD96	NECTIN2	Cd96	Nectin2					candidate_public_only_not_graph_edge	no_component_normalized_match_in_mSCIdblit
master_LR_union	CD96	PVR	Cd96	Pvr					candidate_public_only_not_graph_edge	no_component_normalized_match_in_mSCIdblit
master_LR_union	CD99	CD99	Cd99	Cd99					candidate_public_only_not_graph_edge	no_component_normalized_match_in_mSCIdblit
master_LR_union	CD99	PILRA	Cd99	Pilra					candidate_public_only_not_graph_edge	no_component_normalized_match_in_mSCIdblit
master_LR_union	CD99	PILRB1	Cd99	Pilrb1					candidate_public_only_not_graph_edge	no_component_normalized_match_in_mSCIdblit
master_LR_union	CD99	PILRB2	Cd99	Pilrb2					candidate_public_only_not_graph_edge	no_component_normalized_match_in_mSCIdblit
master_LR_union	CDCP1	EGFR	Cdcp1	Egfr					candidate_public_only_not_graph_edge	no_component_normalized_match_in_mSCIdblit
master_LR_union	CDH1	CDH1	Cdh1	Cdh1					candidate_public_only_not_graph_edge	no_component_normalized_match_in_mSCIdblit
master_LR_union	CDH1	ERBB3	Cdh1	Erbb3					candidate_public_only_not_graph_edge	no_component_normalized_match_in_mSCIdblit
master_LR_union	CDH1	ITGAE	Cdh1	Itgae					candidate_public_only_not_graph_edge	no_component_normalized_match_in_mSCIdblit
master_LR_union	CDH1	ITGB7	Cdh1	Itgb7					candidate_public_only_not_graph_edge	no_component_normalized_match_in_mSCIdblit
master_LR_union	CDH1	LRP5	Cdh1	Lrp5					candidate_public_only_not_graph_edge	no_component_normalized_match_in_mSCIdblit
master_LR_union	CDH1	PTPRF	Cdh1	Ptprf					candidate_public_only_not_graph_edge	no_component_normalized_match_in_mSCIdblit
master_LR_union	CDH1	PTPRM	Cdh1	Ptprm					candidate_public_only_not_graph_edge	no_component_normalized_match_in_mSCIdblit
master_LR_union	CDH12	ITGA1+ITGB1	Cdh12	Itga1_Itgb1					candidate_public_only_not_graph_edge	no_component_normalized_match_in_mSCIdblit
master_LR_union	CDH13	NCAM2	Cdh13	Ncam2					candidate_public_only_not_graph_edge	no_component_normalized_match_in_mSCIdblit
master_LR_union	CDH15	CDH15	Cdh15	Cdh15					candidate_public_only_not_graph_edge	no_component_normalized_match_in_mSCIdblit
master_LR_union	CDH15	CDON	Cdh15	Cdon					candidate_public_only_not_graph_edge	no_component_normalized_match_in_mSCIdblit
master_LR_union	CDH2	CDH2	Cdh2	Cdh2					candidate_public_only_not_graph_edge	no_component_normalized_match_in_mSCIdblit
master_LR_union	CDH2	CDON	Cdh2	Cdon					candidate_public_only_not_graph_edge	no_component_normalized_match_in_mSCIdblit
master_LR_union	CDH3	CDH3	Cdh3	Cdh3					candidate_public_only_not_graph_edge	no_component_normalized_match_in_mSCIdblit
master_LR_union	CDH4	CDH4	Cdh4	Cdh4					candidate_public_only_not_graph_edge	no_component_normalized_match_in_mSCIdblit
master_LR_union	CDH5	CDH5	Cdh5	Cdh5					candidate_public_only_not_graph_edge	no_component_normalized_match_in_mSCIdblit
master_LR_union	CDH6	CNTN1	Cdh6	Cntn1					candidate_public_only_not_graph_edge	no_component_normalized_match_in_mSCIdblit
master_LR_union	CDH6	PTGFRN	Cdh6	Ptgfrn					candidate_public_only_not_graph_edge	no_component_normalized_match_in_mSCIdblit
master_LR_union	CDH9	GM36028	Cdh9	Gm36028					candidate_public_only_not_graph_edge	no_component_normalized_match_in_mSCIdblit
master_LR_union	CDHR2	CD3D	Cdhr2	Cd3d					candidate_public_only_not_graph_edge	no_component_normalized_match_in_mSCIdblit
master_LR_union	CDHR2	KIRREL	Cdhr2	Kirrel					candidate_public_only_not_graph_edge	no_component_normalized_match_in_mSCIdblit
master_LR_union	CDHR2	UNC5A	Cdhr2	Unc5a					candidate_public_only_not_graph_edge	no_component_normalized_match_in_mSCIdblit
master_LR_union	CEACAM1	CD1D1	Ceacam1	Cd1d1					candidate_public_only_not_graph_edge	no_component_normalized_match_in_mSCIdblit
master_LR_union	CEACAM1	CD1D2	Ceacam1	Cd1d2					candidate_public_only_not_graph_edge	no_component_normalized_match_in_mSCIdblit
master_LR_union	CEACAM1	CD209A	Ceacam1	Cd209a					candidate_public_only_not_graph_edge	no_component_normalized_match_in_mSCIdblit
master_LR_union	CEACAM1	CD209B	Ceacam1	Cd209b					candidate_public_only_not_graph_edge	no_component_normalized_match_in_mSCIdblit
master_LR_union	CEACAM1	CD209C	Ceacam1	Cd209c					candidate_public_only_not_graph_edge	no_component_normalized_match_in_mSCIdblit
master_LR_union	CEACAM1	CD209D	Ceacam1	Cd209d					candidate_public_only_not_graph_edge	no_component_normalized_match_in_mSCIdblit
master_LR_union	CEACAM1	CD209E	Ceacam1	Cd209e					candidate_public_only_not_graph_edge	no_component_normalized_match_in_mSCIdblit
master_LR_union	CEACAM1	CD8A	Ceacam1	Cd8a					candidate_public_only_not_graph_edge	no_component_normalized_match_in_mSCIdblit
master_LR_union	CEACAM1	CEACAM1	Ceacam1	Ceacam1					candidate_public_only_not_graph_edge	no_component_normalized_match_in_mSCIdblit
master_LR_union	CEACAM1	CEACAM2	Ceacam1	Ceacam2					candidate_public_only_not_graph_edge	no_component_normalized_match_in_mSCIdblit
master_LR_union	CEACAM1	CEACAM5	Ceacam1	Ceacam5					candidate_public_only_not_graph_edge	no_component_normalized_match_in_mSCIdblit
master_LR_union	CEACAM1	EGFR	Ceacam1	Egfr					candidate_public_only_not_graph_edge	no_component_normalized_match_in_mSCIdblit
master_LR_union	CEACAM1	PSG20	Ceacam1	Psg20					candidate_public_only_not_graph_edge	no_component_normalized_match_in_mSCIdblit
master_LR_union	CEACAM1	SELE	Ceacam1	Sele					candidate_public_only_not_graph_edge	no_component_normalized_match_in_mSCIdblit
master_LR_union	CEACAM10	LILRA6	Ceacam10	Lilra6					candidate_public_only_not_graph_edge	no_component_normalized_match_in_mSCIdblit
master_LR_union	CEACAM11	LILRA6	Ceacam11	Lilra6					candidate_public_only_not_graph_edge	no_component_normalized_match_in_mSCIdblit
master_LR_union	CEACAM12	LILRA6	Ceacam12	Lilra6					candidate_public_only_not_graph_edge	no_component_normalized_match_in_mSCIdblit
master_LR_union	CEACAM13	LILRA6	Ceacam13	Lilra6					candidate_public_only_not_graph_edge	no_component_normalized_match_in_mSCIdblit
master_LR_union	CEACAM14	LILRA6	Ceacam14	Lilra6					candidate_public_only_not_graph_edge	no_component_normalized_match_in_mSCIdblit
master_LR_union	CEACAM15	LILRA6	Ceacam15	Lilra6					candidate_public_only_not_graph_edge	no_component_normalized_match_in_mSCIdblit
master_LR_union	CEACAM2	CD1D1	Ceacam2	Cd1d1					candidate_public_only_not_graph_edge	no_component_normalized_match_in_mSCIdblit
master_LR_union	CEACAM2	CD1D2	Ceacam2	Cd1d2					candidate_public_only_not_graph_edge	no_component_normalized_match_in_mSCIdblit
master_LR_union	CEACAM2	CD209A	Ceacam2	Cd209a					candidate_public_only_not_graph_edge	no_component_normalized_match_in_mSCIdblit
master_LR_union	CEACAM2	CD209B	Ceacam2	Cd209b					candidate_public_only_not_graph_edge	no_component_normalized_match_in_mSCIdblit
master_LR_union	CEACAM2	CD209C	Ceacam2	Cd209c					candidate_public_only_not_graph_edge	no_component_normalized_match_in_mSCIdblit
master_LR_union	CEACAM2	CD209D	Ceacam2	Cd209d					candidate_public_only_not_graph_edge	no_component_normalized_match_in_mSCIdblit
master_LR_union	CEACAM2	CD209E	Ceacam2	Cd209e					candidate_public_only_not_graph_edge	no_component_normalized_match_in_mSCIdblit
master_LR_union	CEACAM2	CD8A	Ceacam2	Cd8a					candidate_public_only_not_graph_edge	no_component_normalized_match_in_mSCIdblit
master_LR_union	CEACAM2	CEACAM2	Ceacam2	Ceacam2					candidate_public_only_not_graph_edge	no_component_normalized_match_in_mSCIdblit
master_LR_union	CEACAM2	EGFR	Ceacam2	Egfr					candidate_public_only_not_graph_edge	no_component_normalized_match_in_mSCIdblit
master_LR_union	CEACAM2	HAVCR2	Ceacam2	Havcr2					candidate_public_only_not_graph_edge	no_component_normalized_match_in_mSCIdblit
master_LR_union	CEACAM2	PSG20	Ceacam2	Psg20					candidate_public_only_not_graph_edge	no_component_normalized_match_in_mSCIdblit
master_LR_union	CEACAM2	SELE	Ceacam2	Sele					candidate_public_only_not_graph_edge	no_component_normalized_match_in_mSCIdblit
master_LR_union	CEACAM20	VSIG8	Ceacam20	Vsig8					candidate_public_only_not_graph_edge	no_component_normalized_match_in_mSCIdblit
master_LR_union	CEACAM3	LILRA6	Ceacam3	Lilra6					candidate_public_only_not_graph_edge	no_component_normalized_match_in_mSCIdblit
master_LR_union	CEACAM5	LILRA6	Ceacam5	Lilra6					candidate_public_only_not_graph_edge	no_component_normalized_match_in_mSCIdblit
master_LR_union	CEACAM9	LILRA6	Ceacam9	Lilra6					candidate_public_only_not_graph_edge	no_component_normalized_match_in_mSCIdblit
master_LR_union	CEL	CXCR4	Cel	Cxcr4					candidate_public_only_not_graph_edge	no_component_normalized_match_in_mSCIdblit
master_LR_union	CEL	RORA	Cel	Rora					candidate_public_only_not_graph_edge	no_component_normalized_match_in_mSCIdblit
master_LR_union	CEL	RORC	Cel	Rorc					candidate_public_only_not_graph_edge	no_component_normalized_match_in_mSCIdblit
master_LR_union	CER1	MRC2	Cer1	Mrc2					candidate_public_only_not_graph_edge	no_component_normalized_match_in_mSCIdblit
master_LR_union	CFAP54	CADM3	Cfap54	Cadm3					candidate_public_only_not_graph_edge	no_component_normalized_match_in_mSCIdblit
master_LR_union	CFC1	ACVR1B	Cfc1	Acvr1b					candidate_public_only_not_graph_edge	no_component_normalized_match_in_mSCIdblit
master_LR_union	CFC1	ACVR2A	Cfc1	Acvr2a					candidate_public_only_not_graph_edge	no_component_normalized_match_in_mSCIdblit
master_LR_union	CFD	CFB	Cfd	Cfb					candidate_public_only_not_graph_edge	no_component_normalized_match_in_mSCIdblit
master_LR_union	CFH	CFB	Cfh	Cfb					candidate_public_only_not_graph_edge	no_component_normalized_match_in_mSCIdblit
master_LR_union	CFH	GM49368	Cfh	Gm49368					candidate_public_only_not_graph_edge	no_component_normalized_match_in_mSCIdblit
master_LR_union	CFH	ITGAM	Cfh	Itgam					candidate_public_only_not_graph_edge	no_component_normalized_match_in_mSCIdblit
master_LR_union	CFH	SELL	Cfh	Sell					candidate_public_only_not_graph_edge	no_component_normalized_match_in_mSCIdblit
master_LR_union	CFP	NCR1	Cfp	Ncr1					candidate_public_only_not_graph_edge	no_component_normalized_match_in_mSCIdblit
master_LR_union	CGA	ADCYAP1R1	Cga	Adcyap1r1					candidate_public_only_not_graph_edge	no_component_normalized_match_in_mSCIdblit
master_LR_union	CGA	ADRB2	Cga	Adrb2					candidate_public_only_not_graph_edge	no_component_normalized_match_in_mSCIdblit
master_LR_union	CGA	ADRB3	Cga	Adrb3					candidate_public_only_not_graph_edge	no_component_normalized_match_in_mSCIdblit
master_LR_union	CGA	FSHR	Cga	Fshr					candidate_public_only_not_graph_edge	no_component_normalized_match_in_mSCIdblit
master_LR_union	CGA	GPR20	Cga	Gpr20					candidate_public_only_not_graph_edge	no_component_normalized_match_in_mSCIdblit
master_LR_union	CGA	GPR84	Cga	Gpr84					candidate_public_only_not_graph_edge	no_component_normalized_match_in_mSCIdblit
master_LR_union	CGA	LHCGR	Cga	Lhcgr					candidate_public_only_not_graph_edge	no_component_normalized_match_in_mSCIdblit
master_LR_union	CGA	PTH1R	Cga	Pth1r					candidate_public_only_not_graph_edge	no_component_normalized_match_in_mSCIdblit
master_LR_union	CGA	RAMP2	Cga	Ramp2					candidate_public_only_not_graph_edge	no_component_normalized_match_in_mSCIdblit
master_LR_union	CGA	RAMP3	Cga	Ramp3					candidate_public_only_not_graph_edge	no_component_normalized_match_in_mSCIdblit
master_LR_union	CGA	TSHR	Cga	Tshr					candidate_public_only_not_graph_edge	no_component_normalized_match_in_mSCIdblit
master_LR_union	CGA	VIPR1	Cga	Vipr1					candidate_public_only_not_graph_edge	no_component_normalized_match_in_mSCIdblit
master_LR_union	CGA+TSHB	TSHR	Cga_Tshb	Tshr					candidate_public_only_not_graph_edge	no_component_normalized_match_in_mSCIdblit
master_LR_union	CGN	OCLN	Cgn	Ocln					candidate_public_only_not_graph_edge	no_component_normalized_match_in_mSCIdblit
master_LR_union	CGN	TGFBR1	Cgn	Tgfbr1					candidate_public_only_not_graph_edge	no_component_normalized_match_in_mSCIdblit
master_LR_union	CGN	TGFBR2	Cgn	Tgfbr2					candidate_public_only_not_graph_edge	no_component_normalized_match_in_mSCIdblit
master_LR_union	CHAD	ITGA2	Chad	Itga2					candidate_public_only_not_graph_edge	no_component_normalized_match_in_mSCIdblit
master_LR_union	CHAD	ITGB1	Chad	Itgb1					candidate_public_only_not_graph_edge	no_component_normalized_match_in_mSCIdblit
master_LR_union	CHAT+SLC10A4	CHRM1	Slc10a4_Chat	Chrm1					candidate_public_only_not_graph_edge	no_component_normalized_match_in_mSCIdblit
master_LR_union	CHAT+SLC10A4	CHRM2	Slc10a4_Chat	Chrm2					candidate_public_only_not_graph_edge	no_component_normalized_match_in_mSCIdblit
master_LR_union	CHAT+SLC10A4	CHRM3	Slc10a4_Chat	Chrm3					candidate_public_only_not_graph_edge	no_component_normalized_match_in_mSCIdblit
master_LR_union	CHAT+SLC10A4	CHRM4	Slc10a4_Chat	Chrm4					candidate_public_only_not_graph_edge	no_component_normalized_match_in_mSCIdblit
master_LR_union	CHAT+SLC10A4	CHRM5	Slc10a4_Chat	Chrm5					candidate_public_only_not_graph_edge	no_component_normalized_match_in_mSCIdblit
master_LR_union	CHAT+SLC10A4	CHRNA1+CHRNB1+CHRND	Slc10a4_Chat	Chrna1_Chrnb1_Chrnd					candidate_public_only_not_graph_edge	no_component_normalized_match_in_mSCIdblit
master_LR_union	CHAT+SLC10A4	CHRNA3+CHRNB4	Slc10a4_Chat	Chrna3_Chrnb4					candidate_public_only_not_graph_edge	no_component_normalized_match_in_mSCIdblit
master_LR_union	CHAT+SLC10A4	CHRNA4+CHRNB2	Slc10a4_Chat	Chrna4_Chrnb2					candidate_public_only_not_graph_edge	no_component_normalized_match_in_mSCIdblit
master_LR_union	CHAT+SLC10A4	CHRNA7	Slc10a4_Chat	Chrna7					candidate_public_only_not_graph_edge	no_component_normalized_match_in_mSCIdblit
master_LR_union	CHAT+SLC18A3	CHRM1	Slc18a3_Chat	Chrm1					candidate_public_only_not_graph_edge	no_component_normalized_match_in_mSCIdblit
master_LR_union	CHAT+SLC18A3	CHRM2	Slc18a3_Chat	Chrm2					candidate_public_only_not_graph_edge	no_component_normalized_match_in_mSCIdblit
master_LR_union	CHAT+SLC18A3	CHRM3	Slc18a3_Chat	Chrm3					candidate_public_only_not_graph_edge	no_component_normalized_match_in_mSCIdblit
master_LR_union	CHAT+SLC18A3	CHRM4	Slc18a3_Chat	Chrm4					candidate_public_only_not_graph_edge	no_component_normalized_match_in_mSCIdblit
master_LR_union	CHAT+SLC18A3	CHRM5	Slc18a3_Chat	Chrm5					candidate_public_only_not_graph_edge	no_component_normalized_match_in_mSCIdblit
master_LR_union	CHAT+SLC18A3	CHRNA1+CHRNB1+CHRND	Slc18a3_Chat	Chrna1_Chrnb1_Chrnd					candidate_public_only_not_graph_edge	no_component_normalized_match_in_mSCIdblit
master_LR_union	CHAT+SLC18A3	CHRNA3+CHRNB4	Slc18a3_Chat	Chrna3_Chrnb4					candidate_public_only_not_graph_edge	no_component_normalized_match_in_mSCIdblit
master_LR_union	CHAT+SLC18A3	CHRNA4+CHRNB2	Slc18a3_Chat	Chrna4_Chrnb2					candidate_public_only_not_graph_edge	no_component_normalized_match_in_mSCIdblit
master_LR_union	CHAT+SLC18A3	CHRNA7	Slc18a3_Chat	Chrna7					candidate_public_only_not_graph_edge	no_component_normalized_match_in_mSCIdblit
master_LR_union	CHAT+SLC5A7	CHRM1	Slc5a7_Chat	Chrm1					candidate_public_only_not_graph_edge	no_component_normalized_match_in_mSCIdblit
master_LR_union	CHAT+SLC5A7	CHRM2	Slc5a7_Chat	Chrm2					candidate_public_only_not_graph_edge	no_component_normalized_match_in_mSCIdblit
master_LR_union	CHAT+SLC5A7	CHRM3	Slc5a7_Chat	Chrm3					candidate_public_only_not_graph_edge	no_component_normalized_match_in_mSCIdblit
master_LR_union	CHAT+SLC5A7	CHRM4	Slc5a7_Chat	Chrm4					candidate_public_only_not_graph_edge	no_component_normalized_match_in_mSCIdblit
master_LR_union	CHAT+SLC5A7	CHRM5	Slc5a7_Chat	Chrm5					candidate_public_only_not_graph_edge	no_component_normalized_match_in_mSCIdblit
master_LR_union	CHAT+SLC5A7	CHRNA1+CHRNB1+CHRND	Slc5a7_Chat	Chrna1_Chrnb1_Chrnd					candidate_public_only_not_graph_edge	no_component_normalized_match_in_mSCIdblit
master_LR_union	CHAT+SLC5A7	CHRNA3+CHRNB4	Slc5a7_Chat	Chrna3_Chrnb4					candidate_public_only_not_graph_edge	no_component_normalized_match_in_mSCIdblit
master_LR_union	CHAT+SLC5A7	CHRNA4+CHRNB2	Slc5a7_Chat	Chrna4_Chrnb2					candidate_public_only_not_graph_edge	no_component_normalized_match_in_mSCIdblit
master_LR_union	CHAT+SLC5A7	CHRNA7	Slc5a7_Chat	Chrna7					candidate_public_only_not_graph_edge	no_component_normalized_match_in_mSCIdblit
master_LR_union	CHL1	CNTN1	Chl1	Cntn1					candidate_public_only_not_graph_edge	no_component_normalized_match_in_mSCIdblit
master_LR_union	CHL1	CNTN5	Chl1	Cntn5					candidate_public_only_not_graph_edge	no_component_normalized_match_in_mSCIdblit
master_LR_union	CHL1	SIRPA	Chl1	Sirpa					candidate_public_only_not_graph_edge	no_component_normalized_match_in_mSCIdblit
master_LR_union	CHL1	TMEM132A	Chl1	Tmem132a					candidate_public_only_not_graph_edge	no_component_normalized_match_in_mSCIdblit
master_LR_union	CIB1	ITGA2B	Cib1	Itga2b					candidate_public_only_not_graph_edge	no_component_normalized_match_in_mSCIdblit
master_LR_union	CIB1	ITGB3	Cib1	Itgb3					candidate_public_only_not_graph_edge	no_component_normalized_match_in_mSCIdblit
master_LR_union	CIRBP	TREM1	Cirbp	Trem1					candidate_public_only_not_graph_edge	no_component_normalized_match_in_mSCIdblit
master_LR_union	CKLF	LRP6	Cklf	Lrp6					candidate_public_only_not_graph_edge	no_component_normalized_match_in_mSCIdblit
master_LR_union	CLCF1	CNTFR	Clcf1	Cntfr					candidate_public_only_not_graph_edge	no_component_normalized_match_in_mSCIdblit
master_LR_union	CLCF1	IL6ST	Clcf1	Il6st					candidate_public_only_not_graph_edge	no_component_normalized_match_in_mSCIdblit
master_LR_union	CLCF1	LIFR	Clcf1	Lifr					candidate_public_only_not_graph_edge	no_component_normalized_match_in_mSCIdblit
master_LR_union	CLCF1	SORL1	Clcf1	Sorl1					candidate_public_only_not_graph_edge	no_component_normalized_match_in_mSCIdblit
master_LR_union	CLDN1	CLDN1	Cldn1	Cldn1					candidate_public_only_not_graph_edge	no_component_normalized_match_in_mSCIdblit
master_LR_union	CLDN1	CLDN2	Cldn1	Cldn2					candidate_public_only_not_graph_edge	no_component_normalized_match_in_mSCIdblit
master_LR_union	CLDN1	MMP2	Cldn1	Mmp2					candidate_public_only_not_graph_edge	no_component_normalized_match_in_mSCIdblit
master_LR_union	CLDN11	CLDN11	Cldn11	Cldn11					candidate_public_only_not_graph_edge	no_component_normalized_match_in_mSCIdblit
master_LR_union	CLDN14	CLDN16	Cldn14	Cldn16					candidate_public_only_not_graph_edge	no_component_normalized_match_in_mSCIdblit
master_LR_union	CLDN16	CLDN19	Cldn16	Cldn19					candidate_public_only_not_graph_edge	no_component_normalized_match_in_mSCIdblit
master_LR_union	CLDN19	CLDN6	Cldn19	Cldn6					candidate_public_only_not_graph_edge	no_component_normalized_match_in_mSCIdblit
master_LR_union	CLDN19	CLDN7	Cldn19	Cldn7					candidate_public_only_not_graph_edge	no_component_normalized_match_in_mSCIdblit
master_LR_union	CLDN19	CLDN8	Cldn19	Cldn8					candidate_public_only_not_graph_edge	no_component_normalized_match_in_mSCIdblit
master_LR_union	CLDN19	CLDN9	Cldn19	Cldn9					candidate_public_only_not_graph_edge	no_component_normalized_match_in_mSCIdblit
master_LR_union	CLDN2	CLDN2	Cldn2	Cldn2					candidate_public_only_not_graph_edge	no_component_normalized_match_in_mSCIdblit
master_LR_union	CLDN2	CLDN3	Cldn2	Cldn3					candidate_public_only_not_graph_edge	no_component_normalized_match_in_mSCIdblit
master_LR_union	CLDN24	CLDN24	Cldn24	Cldn24					candidate_public_only_not_graph_edge	no_component_normalized_match_in_mSCIdblit
master_LR_union	CLDN3	CLDN1	Cldn3	Cldn1					candidate_public_only_not_graph_edge	no_component_normalized_match_in_mSCIdblit
master_LR_union	CLDN3	CLDN3	Cldn3	Cldn3					candidate_public_only_not_graph_edge	no_component_normalized_match_in_mSCIdblit
master_LR_union	CLEC11A	ITGA10	Clec11a	Itga10					candidate_public_only_not_graph_edge	no_component_normalized_match_in_mSCIdblit
master_LR_union	CLEC11A	ITGB1	Clec11a	Itgb1					candidate_public_only_not_graph_edge	no_component_normalized_match_in_mSCIdblit
master_LR_union	CLEC11A	KIT	Clec11a	Kit					candidate_public_only_not_graph_edge	no_component_normalized_match_in_mSCIdblit
master_LR_union	CLEC1B	KLRB1A	Clec1b	Klrb1a					candidate_public_only_not_graph_edge	no_component_normalized_match_in_mSCIdblit
master_LR_union	CLEC1B	KLRB1B	Clec1b	Klrb1b					candidate_public_only_not_graph_edge	no_component_normalized_match_in_mSCIdblit
master_LR_union	CLEC1B	KLRB1C	Clec1b	Klrb1c					candidate_public_only_not_graph_edge	no_component_normalized_match_in_mSCIdblit
master_LR_union	CLEC2D	KLRB1	Clec2d	Klrb1					candidate_public_only_not_graph_edge	no_component_normalized_match_in_mSCIdblit
master_LR_union	CLEC2D	KLRB1A	Clec2d	Klrb1a					candidate_public_only_not_graph_edge	no_component_normalized_match_in_mSCIdblit
master_LR_union	CLEC2D	KLRB1B	Clec2d	Klrb1b					candidate_public_only_not_graph_edge	no_component_normalized_match_in_mSCIdblit
master_LR_union	CLEC2D	KLRB1C	Clec2d	Klrb1c					candidate_public_only_not_graph_edge	no_component_normalized_match_in_mSCIdblit
master_LR_union	CLEC2D	KLRB1F	Clec2d	Klrb1f					candidate_public_only_not_graph_edge	no_component_normalized_match_in_mSCIdblit
master_LR_union	CLEC2E	KLRB1	Clec2e	Klrb1					candidate_public_only_not_graph_edge	no_component_normalized_match_in_mSCIdblit
master_LR_union	CLEC2E	KLRB1A	Clec2e	Klrb1a					candidate_public_only_not_graph_edge	no_component_normalized_match_in_mSCIdblit
master_LR_union	CLEC2E	KLRB1B	Clec2e	Klrb1b					candidate_public_only_not_graph_edge	no_component_normalized_match_in_mSCIdblit
master_LR_union	CLEC2E	KLRB1C	Clec2e	Klrb1c					candidate_public_only_not_graph_edge	no_component_normalized_match_in_mSCIdblit
master_LR_union	CLEC2E	KLRB1F	Clec2e	Klrb1f					candidate_public_only_not_graph_edge	no_component_normalized_match_in_mSCIdblit
master_LR_union	CLEC2F	KLRB1	Clec2f	Klrb1					candidate_public_only_not_graph_edge	no_component_normalized_match_in_mSCIdblit
master_LR_union	CLEC2F	KLRB1A	Clec2f	Klrb1a					candidate_public_only_not_graph_edge	no_component_normalized_match_in_mSCIdblit
master_LR_union	CLEC2F	KLRB1B	Clec2f	Klrb1b					candidate_public_only_not_graph_edge	no_component_normalized_match_in_mSCIdblit
master_LR_union	CLEC2F	KLRB1C	Clec2f	Klrb1c					candidate_public_only_not_graph_edge	no_component_normalized_match_in_mSCIdblit
master_LR_union	CLEC2F	KLRB1F	Clec2f	Klrb1f					candidate_public_only_not_graph_edge	no_component_normalized_match_in_mSCIdblit
master_LR_union	CLEC2G	KLRB1	Clec2g	Klrb1					candidate_public_only_not_graph_edge	no_component_normalized_match_in_mSCIdblit
master_LR_union	CLEC2G	KLRB1A	Clec2g	Klrb1a					candidate_public_only_not_graph_edge	no_component_normalized_match_in_mSCIdblit
master_LR_union	CLEC2G	KLRB1B	Clec2g	Klrb1b					candidate_public_only_not_graph_edge	no_component_normalized_match_in_mSCIdblit
master_LR_union	CLEC2G	KLRB1C	Clec2g	Klrb1c					candidate_public_only_not_graph_edge	no_component_normalized_match_in_mSCIdblit
master_LR_union	CLEC2G	KLRB1F	Clec2g	Klrb1f					candidate_public_only_not_graph_edge	no_component_normalized_match_in_mSCIdblit
master_LR_union	CLEC2H	KLRB1	Clec2h	Klrb1					candidate_public_only_not_graph_edge	no_component_normalized_match_in_mSCIdblit
master_LR_union	CLEC2H	KLRB1A	Clec2h	Klrb1a					candidate_public_only_not_graph_edge	no_component_normalized_match_in_mSCIdblit
master_LR_union	CLEC2H	KLRB1B	Clec2h	Klrb1b					candidate_public_only_not_graph_edge	no_component_normalized_match_in_mSCIdblit
master_LR_union	CLEC2H	KLRB1C	Clec2h	Klrb1c					candidate_public_only_not_graph_edge	no_component_normalized_match_in_mSCIdblit
master_LR_union	CLEC2H	KLRB1F	Clec2h	Klrb1f					candidate_public_only_not_graph_edge	no_component_normalized_match_in_mSCIdblit
master_LR_union	CLEC2I	KLRB1	Clec2i	Klrb1					candidate_public_only_not_graph_edge	no_component_normalized_match_in_mSCIdblit
master_LR_union	CLEC2I	KLRB1A	Clec2i	Klrb1a					candidate_public_only_not_graph_edge	no_component_normalized_match_in_mSCIdblit
master_LR_union	CLEC2I	KLRB1B	Clec2i	Klrb1b					candidate_public_only_not_graph_edge	no_component_normalized_match_in_mSCIdblit
master_LR_union	CLEC2I	KLRB1C	Clec2i	Klrb1c					candidate_public_only_not_graph_edge	no_component_normalized_match_in_mSCIdblit
master_LR_union	CLEC2I	KLRB1F	Clec2i	Klrb1f					candidate_public_only_not_graph_edge	no_component_normalized_match_in_mSCIdblit
master_LR_union	CLEC2L	IGSF11	Clec2l	Igsf11					candidate_public_only_not_graph_edge	no_component_normalized_match_in_mSCIdblit
master_LR_union	CLEC2L	KLRB1	Clec2l	Klrb1					candidate_public_only_not_graph_edge	no_component_normalized_match_in_mSCIdblit
master_LR_union	CLEC2L	KLRB1A	Clec2l	Klrb1a					candidate_public_only_not_graph_edge	no_component_normalized_match_in_mSCIdblit
master_LR_union	CLEC2L	KLRB1B	Clec2l	Klrb1b					candidate_public_only_not_graph_edge	no_component_normalized_match_in_mSCIdblit
master_LR_union	CLEC2L	KLRB1C	Clec2l	Klrb1c					candidate_public_only_not_graph_edge	no_component_normalized_match_in_mSCIdblit
master_LR_union	CLEC2L	KLRB1F	Clec2l	Klrb1f					candidate_public_only_not_graph_edge	no_component_normalized_match_in_mSCIdblit
master_LR_union	CLEC2L	NCAM1	Clec2l	Ncam1					candidate_public_only_not_graph_edge	no_component_normalized_match_in_mSCIdblit
master_LR_union	CLEC3A	CLEC10A	Clec3a	Clec10a					candidate_public_only_not_graph_edge	no_component_normalized_match_in_mSCIdblit
master_LR_union	CLEC3A	MGL2	Clec3a	Mgl2					candidate_public_only_not_graph_edge	no_component_normalized_match_in_mSCIdblit
master_LR_union	CLMP	JAML	Clmp	Jaml					candidate_public_only_not_graph_edge	no_component_normalized_match_in_mSCIdblit
master_LR_union	CLU	LRP2	Clu	Lrp2					candidate_public_only_not_graph_edge	no_component_normalized_match_in_mSCIdblit
master_LR_union	CLU	TREM2	Clu	Trem2					candidate_public_only_not_graph_edge	no_component_normalized_match_in_mSCIdblit
master_LR_union	CMTM8	EGFR	Cmtm8	Egfr					candidate_public_only_not_graph_edge	no_component_normalized_match_in_mSCIdblit
master_LR_union	CNMD	PTPRD	Cnmd	Ptprd					candidate_public_only_not_graph_edge	no_component_normalized_match_in_mSCIdblit
master_LR_union	CNTF	CNTFR	Cntf	Cntfr					candidate_public_only_not_graph_edge	no_component_normalized_match_in_mSCIdblit
master_LR_union	CNTF	CNTFR+IL6ST	Cntf	Cntfr_Il6st					candidate_public_only_not_graph_edge	no_component_normalized_match_in_mSCIdblit
master_LR_union	CNTF	CNTFR+IL6ST+LIFR	Cntf	Cntfr_Lifr_Il6st					candidate_public_only_not_graph_edge	no_component_normalized_match_in_mSCIdblit
master_LR_union	CNTF	CRLF1	Cntf	Crlf1					candidate_public_only_not_graph_edge	no_component_normalized_match_in_mSCIdblit
master_LR_union	CNTF	EGFR	Cntf	Egfr					candidate_public_only_not_graph_edge	no_component_normalized_match_in_mSCIdblit
master_LR_union	CNTF	IL6RA	Cntf	Il6ra					candidate_public_only_not_graph_edge	no_component_normalized_match_in_mSCIdblit
master_LR_union	CNTF	IL6ST	Cntf	Il6st					candidate_public_only_not_graph_edge	no_component_normalized_match_in_mSCIdblit
master_LR_union	CNTF	IL6ST+LIFR	Cntf	Il6st_Lifr					candidate_public_only_not_graph_edge	no_component_normalized_match_in_mSCIdblit
master_LR_union	CNTF	LIFR	Cntf	Lifr					candidate_public_only_not_graph_edge	no_component_normalized_match_in_mSCIdblit
master_LR_union	CNTN1	CHL1	Cntn1	Chl1					candidate_public_only_not_graph_edge	no_component_normalized_match_in_mSCIdblit
master_LR_union	CNTN1	FCGRT	Cntn1	Fcgrt					candidate_public_only_not_graph_edge	no_component_normalized_match_in_mSCIdblit
master_LR_union	CNTN1	IL23R	Cntn1	Il23r					candidate_public_only_not_graph_edge	no_component_normalized_match_in_mSCIdblit
master_LR_union	CNTN1	MCAM	Cntn1	Mcam					candidate_public_only_not_graph_edge	no_component_normalized_match_in_mSCIdblit
master_LR_union	CNTN1	NFASC	Cntn1	Nfasc					candidate_public_only_not_graph_edge	no_component_normalized_match_in_mSCIdblit
master_LR_union	CNTN1	PCDHB15	Cntn1	Pcdhb15					candidate_public_only_not_graph_edge	no_component_normalized_match_in_mSCIdblit
master_LR_union	CNTN1	SGCG	Cntn1	Sgcg					candidate_public_only_not_graph_edge	no_component_normalized_match_in_mSCIdblit
master_LR_union	CNTN2	CNTN1	Cntn2	Cntn1					candidate_public_only_not_graph_edge	no_component_normalized_match_in_mSCIdblit
master_LR_union	CNTN2	CNTN2	Cntn2	Cntn2					candidate_public_only_not_graph_edge	no_component_normalized_match_in_mSCIdblit
master_LR_union	CNTN2	CNTNAP2	Cntn2	Cntnap2					candidate_public_only_not_graph_edge	no_component_normalized_match_in_mSCIdblit
master_LR_union	CNTN2	KREMEN1	Cntn2	Kremen1					candidate_public_only_not_graph_edge	no_component_normalized_match_in_mSCIdblit
master_LR_union	CNTN2	L1CAM	Cntn2	L1cam					candidate_public_only_not_graph_edge	no_component_normalized_match_in_mSCIdblit
master_LR_union	CNTN2	NRCAM	Cntn2	Nrcam					candidate_public_only_not_graph_edge	no_component_normalized_match_in_mSCIdblit
master_LR_union	CNTN3	APLP1	Cntn3	Aplp1					candidate_public_only_not_graph_edge	no_component_normalized_match_in_mSCIdblit
master_LR_union	CNTN3	APP	Cntn3	App					candidate_public_only_not_graph_edge	no_component_normalized_match_in_mSCIdblit
master_LR_union	CNTN4	APP	Cntn4	App					candidate_public_only_not_graph_edge	no_component_normalized_match_in_mSCIdblit
master_LR_union	CNTN4	LVRN	Cntn4	Lvrn					candidate_public_only_not_graph_edge	no_component_normalized_match_in_mSCIdblit
master_LR_union	CNTN5	CHL1	Cntn5	Chl1					candidate_public_only_not_graph_edge	no_component_normalized_match_in_mSCIdblit
master_LR_union	CNTN5	FAM187A	Cntn5	Fam187a					candidate_public_only_not_graph_edge	no_component_normalized_match_in_mSCIdblit
master_LR_union	CNTN5	IL1RAPL1	Cntn5	Il1rapl1					candidate_public_only_not_graph_edge	no_component_normalized_match_in_mSCIdblit
master_LR_union	CNTN5	IL1RAPL2	Cntn5	Il1rapl2					candidate_public_only_not_graph_edge	no_component_normalized_match_in_mSCIdblit
master_LR_union	CNTN5	PTPRG	Cntn5	Ptprg					candidate_public_only_not_graph_edge	no_component_normalized_match_in_mSCIdblit
master_LR_union	CNTN5	SLAMF1	Cntn5	Slamf1					candidate_public_only_not_graph_edge	no_component_normalized_match_in_mSCIdblit
master_LR_union	CNTN5	SPACA6	Cntn5	Spaca6					candidate_public_only_not_graph_edge	no_component_normalized_match_in_mSCIdblit
master_LR_union	CNTN5	TMEM81	Cntn5	Tmem81					candidate_public_only_not_graph_edge	no_component_normalized_match_in_mSCIdblit
master_LR_union	COL10A1	ITGA1	Col10a1	Itga1					candidate_public_only_not_graph_edge	no_component_normalized_match_in_mSCIdblit
master_LR_union	COL10A1	ITGA1+ITGB1	Col10a1	Itga1_Itgb1					candidate_public_only_not_graph_edge	no_component_normalized_match_in_mSCIdblit
master_LR_union	COL10A1	ITGA10	Col10a1	Itga10					candidate_public_only_not_graph_edge	no_component_normalized_match_in_mSCIdblit
master_LR_union	COL10A1	ITGA10+ITGB1	Col10a1	Itga10_Itgb1					candidate_public_only_not_graph_edge	no_component_normalized_match_in_mSCIdblit
master_LR_union	COL10A1	ITGA11	Col10a1	Itga11					candidate_public_only_not_graph_edge	no_component_normalized_match_in_mSCIdblit
master_LR_union	COL10A1	ITGA11+ITGB1	Col10a1	Itga11_Itgb1					candidate_public_only_not_graph_edge	no_component_normalized_match_in_mSCIdblit
master_LR_union	COL10A1	ITGA2	Col10a1	Itga2					candidate_public_only_not_graph_edge	no_component_normalized_match_in_mSCIdblit
master_LR_union	COL10A1	ITGB1	Col10a1	Itgb1					candidate_public_only_not_graph_edge	no_component_normalized_match_in_mSCIdblit
master_LR_union	COL10A1	LAIR1	Col10a1	Lair1					candidate_public_only_not_graph_edge	no_component_normalized_match_in_mSCIdblit
master_LR_union	COL11A1	DDR1	Col11a1	Ddr1					candidate_public_only_not_graph_edge	no_component_normalized_match_in_mSCIdblit
master_LR_union	COL11A1	ITGA1	Col11a1	Itga1					candidate_public_only_not_graph_edge	no_component_normalized_match_in_mSCIdblit
master_LR_union	COL11A1	ITGA10	Col11a1	Itga10					candidate_public_only_not_graph_edge	no_component_normalized_match_in_mSCIdblit
master_LR_union	COL11A1	ITGA10+ITGB1	Col11a1	Itga10_Itgb1					candidate_public_only_not_graph_edge	no_component_normalized_match_in_mSCIdblit
master_LR_union	COL11A1	ITGA11	Col11a1	Itga11					candidate_public_only_not_graph_edge	no_component_normalized_match_in_mSCIdblit
master_LR_union	COL11A1	ITGA11+ITGB1	Col11a1	Itga11_Itgb1					candidate_public_only_not_graph_edge	no_component_normalized_match_in_mSCIdblit
master_LR_union	COL11A1	ITGA2	Col11a1	Itga2					candidate_public_only_not_graph_edge	no_component_normalized_match_in_mSCIdblit
master_LR_union	COL11A1	ITGB1	Col11a1	Itgb1					candidate_public_only_not_graph_edge	no_component_normalized_match_in_mSCIdblit
master_LR_union	COL11A2	ITGA1	Col11a2	Itga1					candidate_public_only_not_graph_edge	no_component_normalized_match_in_mSCIdblit
master_LR_union	COL11A2	ITGA1+ITGB1	Col11a2	Itga1_Itgb1					candidate_public_only_not_graph_edge	no_component_normalized_match_in_mSCIdblit
master_LR_union	COL11A2	ITGA10	Col11a2	Itga10					candidate_public_only_not_graph_edge	no_component_normalized_match_in_mSCIdblit
master_LR_union	COL11A2	ITGA10+ITGB1	Col11a2	Itga10_Itgb1					candidate_public_only_not_graph_edge	no_component_normalized_match_in_mSCIdblit
master_LR_union	COL11A2	ITGA11	Col11a2	Itga11					candidate_public_only_not_graph_edge	no_component_normalized_match_in_mSCIdblit
master_LR_union	COL11A2	ITGA11+ITGB1	Col11a2	Itga11_Itgb1					candidate_public_only_not_graph_edge	no_component_normalized_match_in_mSCIdblit
master_LR_union	COL11A2	ITGA2	Col11a2	Itga2					candidate_public_only_not_graph_edge	no_component_normalized_match_in_mSCIdblit
master_LR_union	COL11A2	ITGA2+ITGB1	Col11a2	Itga2_Itgb1					candidate_public_only_not_graph_edge	no_component_normalized_match_in_mSCIdblit
master_LR_union	COL11A2	ITGB1	Col11a2	Itgb1					candidate_public_only_not_graph_edge	no_component_normalized_match_in_mSCIdblit
master_LR_union	COL12A1	ITGA1	Col12a1	Itga1					candidate_public_only_not_graph_edge	no_component_normalized_match_in_mSCIdblit
master_LR_union	COL12A1	ITGA1+ITGB1	Col12a1	Itga1_Itgb1					candidate_public_only_not_graph_edge	no_component_normalized_match_in_mSCIdblit
master_LR_union	COL12A1	ITGA10	Col12a1	Itga10					candidate_public_only_not_graph_edge	no_component_normalized_match_in_mSCIdblit
master_LR_union	COL12A1	ITGA10+ITGB1	Col12a1	Itga10_Itgb1					candidate_public_only_not_graph_edge	no_component_normalized_match_in_mSCIdblit
master_LR_union	COL12A1	ITGA11	Col12a1	Itga11					candidate_public_only_not_graph_edge	no_component_normalized_match_in_mSCIdblit
master_LR_union	COL12A1	ITGA11+ITGB1	Col12a1	Itga11_Itgb1					candidate_public_only_not_graph_edge	no_component_normalized_match_in_mSCIdblit
master_LR_union	COL12A1	ITGA2	Col12a1	Itga2					candidate_public_only_not_graph_edge	no_component_normalized_match_in_mSCIdblit
master_LR_union	COL12A1	ITGA2+ITGB1	Col12a1	Itga2_Itgb1					candidate_public_only_not_graph_edge	no_component_normalized_match_in_mSCIdblit
master_LR_union	COL12A1	ITGB1	Col12a1	Itgb1					candidate_public_only_not_graph_edge	no_component_normalized_match_in_mSCIdblit
master_LR_union	COL13A1	ITGA1	Col13a1	Itga1					candidate_public_only_not_graph_edge	no_component_normalized_match_in_mSCIdblit
master_LR_union	COL13A1	ITGA10	Col13a1	Itga10					candidate_public_only_not_graph_edge	no_component_normalized_match_in_mSCIdblit
master_LR_union	COL13A1	ITGA10+ITGB1	Col13a1	Itga10_Itgb1					candidate_public_only_not_graph_edge	no_component_normalized_match_in_mSCIdblit
master_LR_union	COL13A1	ITGA11	Col13a1	Itga11					candidate_public_only_not_graph_edge	no_component_normalized_match_in_mSCIdblit
master_LR_union	COL13A1	ITGA2	Col13a1	Itga2					candidate_public_only_not_graph_edge	no_component_normalized_match_in_mSCIdblit
master_LR_union	COL13A1	ITGA2+ITGB1	Col13a1	Itga2_Itgb1					candidate_public_only_not_graph_edge	no_component_normalized_match_in_mSCIdblit
master_LR_union	COL13A1	ITGB1	Col13a1	Itgb1					candidate_public_only_not_graph_edge	no_component_normalized_match_in_mSCIdblit
master_LR_union	COL14A1	ITGA1	Col14a1	Itga1					candidate_public_only_not_graph_edge	no_component_normalized_match_in_mSCIdblit
master_LR_union	COL14A1	ITGA1+ITGB1	Col14a1	Itga1_Itgb1					candidate_public_only_not_graph_edge	no_component_normalized_match_in_mSCIdblit
master_LR_union	COL14A1	ITGA10	Col14a1	Itga10					candidate_public_only_not_graph_edge	no_component_normalized_match_in_mSCIdblit
master_LR_union	COL14A1	ITGA10+ITGB1	Col14a1	Itga10_Itgb1					candidate_public_only_not_graph_edge	no_component_normalized_match_in_mSCIdblit
master_LR_union	COL14A1	ITGA11	Col14a1	Itga11					candidate_public_only_not_graph_edge	no_component_normalized_match_in_mSCIdblit
master_LR_union	COL14A1	ITGA11+ITGB1	Col14a1	Itga11_Itgb1					candidate_public_only_not_graph_edge	no_component_normalized_match_in_mSCIdblit
master_LR_union	COL14A1	ITGA2	Col14a1	Itga2					candidate_public_only_not_graph_edge	no_component_normalized_match_in_mSCIdblit
master_LR_union	COL14A1	ITGA2+ITGB1	Col14a1	Itga2_Itgb1					candidate_public_only_not_graph_edge	no_component_normalized_match_in_mSCIdblit
master_LR_union	COL14A1	ITGB1	Col14a1	Itgb1					candidate_public_only_not_graph_edge	no_component_normalized_match_in_mSCIdblit
master_LR_union	COL15A1	ITGA1	Col15a1	Itga1					candidate_public_only_not_graph_edge	no_component_normalized_match_in_mSCIdblit
master_LR_union	COL15A1	ITGA1+ITGB1	Col15a1	Itga1_Itgb1					candidate_public_only_not_graph_edge	no_component_normalized_match_in_mSCIdblit
master_LR_union	COL15A1	ITGA10	Col15a1	Itga10					candidate_public_only_not_graph_edge	no_component_normalized_match_in_mSCIdblit
master_LR_union	COL15A1	ITGA10+ITGB1	Col15a1	Itga10_Itgb1					candidate_public_only_not_graph_edge	no_component_normalized_match_in_mSCIdblit
master_LR_union	COL15A1	ITGA11	Col15a1	Itga11					candidate_public_only_not_graph_edge	no_component_normalized_match_in_mSCIdblit
master_LR_union	COL15A1	ITGA11+ITGB1	Col15a1	Itga11_Itgb1					candidate_public_only_not_graph_edge	no_component_normalized_match_in_mSCIdblit
master_LR_union	COL15A1	ITGA2	Col15a1	Itga2					candidate_public_only_not_graph_edge	no_component_normalized_match_in_mSCIdblit
master_LR_union	COL15A1	ITGA2+ITGB1	Col15a1	Itga2_Itgb1					candidate_public_only_not_graph_edge	no_component_normalized_match_in_mSCIdblit
master_LR_union	COL15A1	ITGB1	Col15a1	Itgb1					candidate_public_only_not_graph_edge	no_component_normalized_match_in_mSCIdblit
master_LR_union	COL16A1	ITGA1	Col16a1	Itga1					candidate_public_only_not_graph_edge	no_component_normalized_match_in_mSCIdblit
master_LR_union	COL16A1	ITGA10	Col16a1	Itga10					candidate_public_only_not_graph_edge	no_component_normalized_match_in_mSCIdblit
master_LR_union	COL16A1	ITGA10+ITGB1	Col16a1	Itga10_Itgb1					candidate_public_only_not_graph_edge	no_component_normalized_match_in_mSCIdblit
master_LR_union	COL16A1	ITGA11	Col16a1	Itga11					candidate_public_only_not_graph_edge	no_component_normalized_match_in_mSCIdblit
master_LR_union	COL16A1	ITGA11+ITGB1	Col16a1	Itga11_Itgb1					candidate_public_only_not_graph_edge	no_component_normalized_match_in_mSCIdblit
master_LR_union	COL16A1	ITGA2	Col16a1	Itga2					candidate_public_only_not_graph_edge	no_component_normalized_match_in_mSCIdblit
master_LR_union	COL16A1	ITGB1	Col16a1	Itgb1					candidate_public_only_not_graph_edge	no_component_normalized_match_in_mSCIdblit
master_LR_union	COL17A1	ITGA1	Col17a1	Itga1					candidate_public_only_not_graph_edge	no_component_normalized_match_in_mSCIdblit
master_LR_union	COL17A1	ITGA10	Col17a1	Itga10					candidate_public_only_not_graph_edge	no_component_normalized_match_in_mSCIdblit
master_LR_union	COL17A1	ITGA11	Col17a1	Itga11					candidate_public_only_not_graph_edge	no_component_normalized_match_in_mSCIdblit
master_LR_union	COL17A1	ITGA2	Col17a1	Itga2					candidate_public_only_not_graph_edge	no_component_normalized_match_in_mSCIdblit
master_LR_union	COL17A1	ITGB1	Col17a1	Itgb1					candidate_public_only_not_graph_edge	no_component_normalized_match_in_mSCIdblit
master_LR_union	COL18A1	ITGA1	Col18a1	Itga1					candidate_public_only_not_graph_edge	no_component_normalized_match_in_mSCIdblit
master_LR_union	COL18A1	ITGA1+ITGB1	Col18a1	Itga1_Itgb1					candidate_public_only_not_graph_edge	no_component_normalized_match_in_mSCIdblit
master_LR_union	COL18A1	ITGA10	Col18a1	Itga10					candidate_public_only_not_graph_edge	no_component_normalized_match_in_mSCIdblit
master_LR_union	COL18A1	ITGA10+ITGB1	Col18a1	Itga10_Itgb1					candidate_public_only_not_graph_edge	no_component_normalized_match_in_mSCIdblit
master_LR_union	COL18A1	ITGA11	Col18a1	Itga11					candidate_public_only_not_graph_edge	no_component_normalized_match_in_mSCIdblit
master_LR_union	COL18A1	ITGA11+ITGB1	Col18a1	Itga11_Itgb1					candidate_public_only_not_graph_edge	no_component_normalized_match_in_mSCIdblit
master_LR_union	COL18A1	ITGA2	Col18a1	Itga2					candidate_public_only_not_graph_edge	no_component_normalized_match_in_mSCIdblit
master_LR_union	COL18A1	ITGA2+ITGB1	Col18a1	Itga2_Itgb1					candidate_public_only_not_graph_edge	no_component_normalized_match_in_mSCIdblit
master_LR_union	COL18A1	ITGA3	Col18a1	Itga3					candidate_public_only_not_graph_edge	no_component_normalized_match_in_mSCIdblit
master_LR_union	COL18A1	ITGB1	Col18a1	Itgb1					candidate_public_only_not_graph_edge	no_component_normalized_match_in_mSCIdblit
master_LR_union	COL18A1	ITGB3	Col18a1	Itgb3					candidate_public_only_not_graph_edge	no_component_normalized_match_in_mSCIdblit
master_LR_union	COL18A1	ITGB5	Col18a1	Itgb5					candidate_public_only_not_graph_edge	no_component_normalized_match_in_mSCIdblit
master_LR_union	COL18A1	PTPRS	Col18a1	Ptprs					candidate_public_only_not_graph_edge	no_component_normalized_match_in_mSCIdblit
master_LR_union	COL19A1	ITGA1	Col19a1	Itga1					candidate_public_only_not_graph_edge	no_component_normalized_match_in_mSCIdblit
master_LR_union	COL19A1	ITGA1+ITGB1	Col19a1	Itga1_Itgb1					candidate_public_only_not_graph_edge	no_component_normalized_match_in_mSCIdblit
master_LR_union	COL19A1	ITGA10	Col19a1	Itga10					candidate_public_only_not_graph_edge	no_component_normalized_match_in_mSCIdblit
master_LR_union	COL19A1	ITGA10+ITGB1	Col19a1	Itga10_Itgb1					candidate_public_only_not_graph_edge	no_component_normalized_match_in_mSCIdblit
master_LR_union	COL19A1	ITGA11	Col19a1	Itga11					candidate_public_only_not_graph_edge	no_component_normalized_match_in_mSCIdblit
master_LR_union	COL19A1	ITGA11+ITGB1	Col19a1	Itga11_Itgb1					candidate_public_only_not_graph_edge	no_component_normalized_match_in_mSCIdblit
master_LR_union	COL19A1	ITGA2	Col19a1	Itga2					candidate_public_only_not_graph_edge	no_component_normalized_match_in_mSCIdblit
master_LR_union	COL19A1	ITGA2+ITGB1	Col19a1	Itga2_Itgb1					candidate_public_only_not_graph_edge	no_component_normalized_match_in_mSCIdblit
master_LR_union	COL19A1	ITGB1	Col19a1	Itgb1					candidate_public_only_not_graph_edge	no_component_normalized_match_in_mSCIdblit
master_LR_union	COL1A1	CD36	Col1a1	Cd36					candidate_public_only_not_graph_edge	no_component_normalized_match_in_mSCIdblit
master_LR_union	COL1A1	CD93	Col1a1	Cd93					candidate_public_only_not_graph_edge	no_component_normalized_match_in_mSCIdblit
master_LR_union	COL1A1	FLT4	Col1a1	Flt4					candidate_public_only_not_graph_edge	no_component_normalized_match_in_mSCIdblit
master_LR_union	COL1A1	ITGA1	Col1a1	Itga1					candidate_public_only_not_graph_edge	no_component_normalized_match_in_mSCIdblit
master_LR_union	COL1A1	ITGA10	Col1a1	Itga10					candidate_public_only_not_graph_edge	no_component_normalized_match_in_mSCIdblit
master_LR_union	COL1A1	ITGA11	Col1a1	Itga11					candidate_public_only_not_graph_edge	no_component_normalized_match_in_mSCIdblit
master_LR_union	COL1A1	ITGA2	Col1a1	Itga2					candidate_public_only_not_graph_edge	no_component_normalized_match_in_mSCIdblit
master_LR_union	COL1A1	ITGA3	Col1a1	Itga3					candidate_public_only_not_graph_edge	no_component_normalized_match_in_mSCIdblit
master_LR_union	COL1A1	ITGA5	Col1a1	Itga5					candidate_public_only_not_graph_edge	no_component_normalized_match_in_mSCIdblit
master_LR_union	COL1A1	ITGA9	Col1a1	Itga9					candidate_public_only_not_graph_edge	no_component_normalized_match_in_mSCIdblit
master_LR_union	COL1A1	ITGA9+ITGB1	Col1a1	Itga9_Itgb1					candidate_public_only_not_graph_edge	no_component_normalized_match_in_mSCIdblit
master_LR_union	COL1A1	ITGAV	Col1a1	Itgav					candidate_public_only_not_graph_edge	no_component_normalized_match_in_mSCIdblit
master_LR_union	COL1A1	ITGAV+ITGB8	Col1a1	Itgav_Itgb8					candidate_public_only_not_graph_edge	no_component_normalized_match_in_mSCIdblit
master_LR_union	COL1A1	ITGB1	Col1a1	Itgb1					candidate_public_only_not_graph_edge	no_component_normalized_match_in_mSCIdblit
master_LR_union	COL1A1	ITGB8	Col1a1	Itgb8					candidate_public_only_not_graph_edge	no_component_normalized_match_in_mSCIdblit
master_LR_union	COL1A1	TMPRSS6	Col1a1	Tmprss6					candidate_public_only_not_graph_edge	no_component_normalized_match_in_mSCIdblit
master_LR_union	COL1A2	CD36	Col1a2	Cd36					candidate_public_only_not_graph_edge	no_component_normalized_match_in_mSCIdblit
master_LR_union	COL1A2	CD44	Col1a2	Cd44					candidate_public_only_not_graph_edge	no_component_normalized_match_in_mSCIdblit
master_LR_union	COL1A2	CD93	Col1a2	Cd93					candidate_public_only_not_graph_edge	no_component_normalized_match_in_mSCIdblit
master_LR_union	COL1A2	DDR1	Col1a2	Ddr1					candidate_public_only_not_graph_edge	no_component_normalized_match_in_mSCIdblit
master_LR_union	COL1A2	FLT4	Col1a2	Flt4					candidate_public_only_not_graph_edge	no_component_normalized_match_in_mSCIdblit
master_LR_union	COL1A2	ITGA1	Col1a2	Itga1					candidate_public_only_not_graph_edge	no_component_normalized_match_in_mSCIdblit
master_LR_union	COL1A2	ITGA10	Col1a2	Itga10					candidate_public_only_not_graph_edge	no_component_normalized_match_in_mSCIdblit
master_LR_union	COL1A2	ITGA11	Col1a2	Itga11					candidate_public_only_not_graph_edge	no_component_normalized_match_in_mSCIdblit
master_LR_union	COL1A2	ITGA2	Col1a2	Itga2					candidate_public_only_not_graph_edge	no_component_normalized_match_in_mSCIdblit
master_LR_union	COL1A2	ITGA2B	Col1a2	Itga2b					candidate_public_only_not_graph_edge	no_component_normalized_match_in_mSCIdblit
master_LR_union	COL1A2	ITGA3+ITGB1	Col1a2	Itga3_Itgb1					candidate_public_only_not_graph_edge	no_component_normalized_match_in_mSCIdblit
master_LR_union	COL1A2	ITGA9+ITGB1	Col1a2	Itga9_Itgb1					candidate_public_only_not_graph_edge	no_component_normalized_match_in_mSCIdblit
master_LR_union	COL1A2	ITGB1	Col1a2	Itgb1					candidate_public_only_not_graph_edge	no_component_normalized_match_in_mSCIdblit
master_LR_union	COL1A2	ITGB3	Col1a2	Itgb3					candidate_public_only_not_graph_edge	no_component_normalized_match_in_mSCIdblit
master_LR_union	COL1A2	SDC4	Col1a2	Sdc4					candidate_public_only_not_graph_edge	no_component_normalized_match_in_mSCIdblit
master_LR_union	COL20A1	ITGA1	Col20a1	Itga1					candidate_public_only_not_graph_edge	no_component_normalized_match_in_mSCIdblit
master_LR_union	COL20A1	ITGA1+ITGB1	Col20a1	Itga1_Itgb1					candidate_public_only_not_graph_edge	no_component_normalized_match_in_mSCIdblit
master_LR_union	COL20A1	ITGA10	Col20a1	Itga10					candidate_public_only_not_graph_edge	no_component_normalized_match_in_mSCIdblit
master_LR_union	COL20A1	ITGA10+ITGB1	Col20a1	Itga10_Itgb1					candidate_public_only_not_graph_edge	no_component_normalized_match_in_mSCIdblit
master_LR_union	COL20A1	ITGA11	Col20a1	Itga11					candidate_public_only_not_graph_edge	no_component_normalized_match_in_mSCIdblit
master_LR_union	COL20A1	ITGA11+ITGB1	Col20a1	Itga11_Itgb1					candidate_public_only_not_graph_edge	no_component_normalized_match_in_mSCIdblit
master_LR_union	COL20A1	ITGA2	Col20a1	Itga2					candidate_public_only_not_graph_edge	no_component_normalized_match_in_mSCIdblit
master_LR_union	COL20A1	ITGA2+ITGB1	Col20a1	Itga2_Itgb1					candidate_public_only_not_graph_edge	no_component_normalized_match_in_mSCIdblit
master_LR_union	COL20A1	ITGB1	Col20a1	Itgb1					candidate_public_only_not_graph_edge	no_component_normalized_match_in_mSCIdblit
master_LR_union	COL22A1	ITGA1	Col22a1	Itga1					candidate_public_only_not_graph_edge	no_component_normalized_match_in_mSCIdblit
master_LR_union	COL22A1	ITGA10	Col22a1	Itga10					candidate_public_only_not_graph_edge	no_component_normalized_match_in_mSCIdblit
master_LR_union	COL22A1	ITGA11	Col22a1	Itga11					candidate_public_only_not_graph_edge	no_component_normalized_match_in_mSCIdblit
master_LR_union	COL22A1	ITGA2	Col22a1	Itga2					candidate_public_only_not_graph_edge	no_component_normalized_match_in_mSCIdblit
master_LR_union	COL22A1	ITGB1	Col22a1	Itgb1					candidate_public_only_not_graph_edge	no_component_normalized_match_in_mSCIdblit
master_LR_union	COL24A1	ITGA1	Col24a1	Itga1					candidate_public_only_not_graph_edge	no_component_normalized_match_in_mSCIdblit
master_LR_union	COL24A1	ITGA1+ITGB1	Col24a1	Itga1_Itgb1					candidate_public_only_not_graph_edge	no_component_normalized_match_in_mSCIdblit
master_LR_union	COL24A1	ITGA10	Col24a1	Itga10					candidate_public_only_not_graph_edge	no_component_normalized_match_in_mSCIdblit
master_LR_union	COL24A1	ITGA10+ITGB1	Col24a1	Itga10_Itgb1					candidate_public_only_not_graph_edge	no_component_normalized_match_in_mSCIdblit
master_LR_union	COL24A1	ITGA11	Col24a1	Itga11					candidate_public_only_not_graph_edge	no_component_normalized_match_in_mSCIdblit
master_LR_union	COL24A1	ITGA11+ITGB1	Col24a1	Itga11_Itgb1					candidate_public_only_not_graph_edge	no_component_normalized_match_in_mSCIdblit
master_LR_union	COL24A1	ITGA2	Col24a1	Itga2					candidate_public_only_not_graph_edge	no_component_normalized_match_in_mSCIdblit
master_LR_union	COL24A1	ITGA2+ITGB1	Col24a1	Itga2_Itgb1					candidate_public_only_not_graph_edge	no_component_normalized_match_in_mSCIdblit
master_LR_union	COL24A1	ITGB1	Col24a1	Itgb1					candidate_public_only_not_graph_edge	no_component_normalized_match_in_mSCIdblit
master_LR_union	COL26A1	ITGA1	Col26a1	Itga1					candidate_public_only_not_graph_edge	no_component_normalized_match_in_mSCIdblit
master_LR_union	COL26A1	ITGA1+ITGB1	Col26a1	Itga1_Itgb1					candidate_public_only_not_graph_edge	no_component_normalized_match_in_mSCIdblit
master_LR_union	COL26A1	ITGA10	Col26a1	Itga10					candidate_public_only_not_graph_edge	no_component_normalized_match_in_mSCIdblit
master_LR_union	COL26A1	ITGA10+ITGB1	Col26a1	Itga10_Itgb1					candidate_public_only_not_graph_edge	no_component_normalized_match_in_mSCIdblit
master_LR_union	COL26A1	ITGA11	Col26a1	Itga11					candidate_public_only_not_graph_edge	no_component_normalized_match_in_mSCIdblit
master_LR_union	COL26A1	ITGA11+ITGB1	Col26a1	Itga11_Itgb1					candidate_public_only_not_graph_edge	no_component_normalized_match_in_mSCIdblit
master_LR_union	COL26A1	ITGA2	Col26a1	Itga2					candidate_public_only_not_graph_edge	no_component_normalized_match_in_mSCIdblit
master_LR_union	COL26A1	ITGA2+ITGB1	Col26a1	Itga2_Itgb1					candidate_public_only_not_graph_edge	no_component_normalized_match_in_mSCIdblit
master_LR_union	COL26A1	ITGB1	Col26a1	Itgb1					candidate_public_only_not_graph_edge	no_component_normalized_match_in_mSCIdblit
master_LR_union	COL27A1	ITGA1	Col27a1	Itga1					candidate_public_only_not_graph_edge	no_component_normalized_match_in_mSCIdblit
master_LR_union	COL27A1	ITGA1+ITGB1	Col27a1	Itga1_Itgb1					candidate_public_only_not_graph_edge	no_component_normalized_match_in_mSCIdblit
master_LR_union	COL27A1	ITGA10	Col27a1	Itga10					candidate_public_only_not_graph_edge	no_component_normalized_match_in_mSCIdblit
master_LR_union	COL27A1	ITGA10+ITGB1	Col27a1	Itga10_Itgb1					candidate_public_only_not_graph_edge	no_component_normalized_match_in_mSCIdblit
master_LR_union	COL27A1	ITGA11	Col27a1	Itga11					candidate_public_only_not_graph_edge	no_component_normalized_match_in_mSCIdblit
master_LR_union	COL27A1	ITGA11+ITGB1	Col27a1	Itga11_Itgb1					candidate_public_only_not_graph_edge	no_component_normalized_match_in_mSCIdblit
master_LR_union	COL27A1	ITGA2	Col27a1	Itga2					candidate_public_only_not_graph_edge	no_component_normalized_match_in_mSCIdblit
master_LR_union	COL27A1	ITGA2+ITGB1	Col27a1	Itga2_Itgb1					candidate_public_only_not_graph_edge	no_component_normalized_match_in_mSCIdblit
master_LR_union	COL27A1	ITGB1	Col27a1	Itgb1					candidate_public_only_not_graph_edge	no_component_normalized_match_in_mSCIdblit
master_LR_union	COL28A1	ITGA1	Col28a1	Itga1					candidate_public_only_not_graph_edge	no_component_normalized_match_in_mSCIdblit
master_LR_union	COL28A1	ITGA1+ITGB1	Col28a1	Itga1_Itgb1					candidate_public_only_not_graph_edge	no_component_normalized_match_in_mSCIdblit
master_LR_union	COL28A1	ITGA10	Col28a1	Itga10					candidate_public_only_not_graph_edge	no_component_normalized_match_in_mSCIdblit
master_LR_union	COL28A1	ITGA10+ITGB1	Col28a1	Itga10_Itgb1					candidate_public_only_not_graph_edge	no_component_normalized_match_in_mSCIdblit
master_LR_union	COL28A1	ITGA11	Col28a1	Itga11					candidate_public_only_not_graph_edge	no_component_normalized_match_in_mSCIdblit
master_LR_union	COL28A1	ITGA11+ITGB1	Col28a1	Itga11_Itgb1					candidate_public_only_not_graph_edge	no_component_normalized_match_in_mSCIdblit
master_LR_union	COL28A1	ITGA2	Col28a1	Itga2					candidate_public_only_not_graph_edge	no_component_normalized_match_in_mSCIdblit
master_LR_union	COL28A1	ITGA2+ITGB1	Col28a1	Itga2_Itgb1					candidate_public_only_not_graph_edge	no_component_normalized_match_in_mSCIdblit
master_LR_union	COL28A1	ITGB1	Col28a1	Itgb1					candidate_public_only_not_graph_edge	no_component_normalized_match_in_mSCIdblit
master_LR_union	COL2A1	CD44	Col2a1	Cd44					candidate_public_only_not_graph_edge	no_component_normalized_match_in_mSCIdblit
master_LR_union	COL2A1	ITGA1	Col2a1	Itga1					candidate_public_only_not_graph_edge	no_component_normalized_match_in_mSCIdblit
master_LR_union	COL2A1	ITGA10	Col2a1	Itga10					candidate_public_only_not_graph_edge	no_component_normalized_match_in_mSCIdblit
master_LR_union	COL2A1	ITGA11	Col2a1	Itga11					candidate_public_only_not_graph_edge	no_component_normalized_match_in_mSCIdblit
master_LR_union	COL2A1	ITGA2	Col2a1	Itga2					candidate_public_only_not_graph_edge	no_component_normalized_match_in_mSCIdblit
master_LR_union	COL2A1	ITGA2B	Col2a1	Itga2b					candidate_public_only_not_graph_edge	no_component_normalized_match_in_mSCIdblit
master_LR_union	COL2A1	ITGA3	Col2a1	Itga3					candidate_public_only_not_graph_edge	no_component_normalized_match_in_mSCIdblit
master_LR_union	COL2A1	ITGA3+ITGB1	Col2a1	Itga3_Itgb1					candidate_public_only_not_graph_edge	no_component_normalized_match_in_mSCIdblit
master_LR_union	COL2A1	ITGA9	Col2a1	Itga9					candidate_public_only_not_graph_edge	no_component_normalized_match_in_mSCIdblit
master_LR_union	COL2A1	ITGA9+ITGB1	Col2a1	Itga9_Itgb1					candidate_public_only_not_graph_edge	no_component_normalized_match_in_mSCIdblit
master_LR_union	COL2A1	ITGAV	Col2a1	Itgav					candidate_public_only_not_graph_edge	no_component_normalized_match_in_mSCIdblit
master_LR_union	COL2A1	ITGAV+ITGB8	Col2a1	Itgav_Itgb8					candidate_public_only_not_graph_edge	no_component_normalized_match_in_mSCIdblit
master_LR_union	COL2A1	ITGB1	Col2a1	Itgb1					candidate_public_only_not_graph_edge	no_component_normalized_match_in_mSCIdblit
master_LR_union	COL2A1	ITGB8	Col2a1	Itgb8					candidate_public_only_not_graph_edge	no_component_normalized_match_in_mSCIdblit
master_LR_union	COL2A1	MAG	Col2a1	Mag					candidate_public_only_not_graph_edge	no_component_normalized_match_in_mSCIdblit
master_LR_union	COL2A1	SDC1	Col2a1	Sdc1					candidate_public_only_not_graph_edge	no_component_normalized_match_in_mSCIdblit
master_LR_union	COL2A1	SDC4	Col2a1	Sdc4					candidate_public_only_not_graph_edge	no_component_normalized_match_in_mSCIdblit
master_LR_union	COL2A1	TNFRSF10B	Col2a1	Tnfrsf10b					candidate_public_only_not_graph_edge	no_component_normalized_match_in_mSCIdblit
master_LR_union	COL3A1	ADGRG1	Col3a1	Adgrg1					candidate_public_only_not_graph_edge	no_component_normalized_match_in_mSCIdblit
master_LR_union	COL3A1	ITGA1	Col3a1	Itga1					candidate_public_only_not_graph_edge	no_component_normalized_match_in_mSCIdblit
master_LR_union	COL3A1	ITGA10	Col3a1	Itga10					candidate_public_only_not_graph_edge	no_component_normalized_match_in_mSCIdblit
master_LR_union	COL3A1	ITGA11	Col3a1	Itga11					candidate_public_only_not_graph_edge	no_component_normalized_match_in_mSCIdblit
master_LR_union	COL3A1	ITGA2	Col3a1	Itga2					candidate_public_only_not_graph_edge	no_component_normalized_match_in_mSCIdblit
master_LR_union	COL3A1	ITGB1	Col3a1	Itgb1					candidate_public_only_not_graph_edge	no_component_normalized_match_in_mSCIdblit
master_LR_union	COL3A1	MAG	Col3a1	Mag					candidate_public_only_not_graph_edge	no_component_normalized_match_in_mSCIdblit
master_LR_union	COL4A1	ADGRG6	Col4a1	Adgrg6					candidate_public_only_not_graph_edge	no_component_normalized_match_in_mSCIdblit
master_LR_union	COL4A1	CD47	Col4a1	Cd47					candidate_public_only_not_graph_edge	no_component_normalized_match_in_mSCIdblit
master_LR_union	COL4A1	CD93	Col4a1	Cd93					candidate_public_only_not_graph_edge	no_component_normalized_match_in_mSCIdblit
master_LR_union	COL4A1	GP6	Col4a1	Gp6					candidate_public_only_not_graph_edge	no_component_normalized_match_in_mSCIdblit
master_LR_union	COL4A1	ITGA1	Col4a1	Itga1					candidate_public_only_not_graph_edge	no_component_normalized_match_in_mSCIdblit
master_LR_union	COL4A1	ITGA10	Col4a1	Itga10					candidate_public_only_not_graph_edge	no_component_normalized_match_in_mSCIdblit
master_LR_union	COL4A1	ITGA10+ITGB1	Col4a1	Itga10_Itgb1					candidate_public_only_not_graph_edge	no_component_normalized_match_in_mSCIdblit
master_LR_union	COL4A1	ITGA11	Col4a1	Itga11					candidate_public_only_not_graph_edge	no_component_normalized_match_in_mSCIdblit
master_LR_union	COL4A1	ITGA11+ITGB1	Col4a1	Itga11_Itgb1					candidate_public_only_not_graph_edge	no_component_normalized_match_in_mSCIdblit
master_LR_union	COL4A1	ITGA2	Col4a1	Itga2					candidate_public_only_not_graph_edge	no_component_normalized_match_in_mSCIdblit
master_LR_union	COL4A1	ITGA3+ITGB1	Col4a1	Itga3_Itgb1					candidate_public_only_not_graph_edge	no_component_normalized_match_in_mSCIdblit
master_LR_union	COL4A1	ITGA9+ITGB1	Col4a1	Itga9_Itgb1					candidate_public_only_not_graph_edge	no_component_normalized_match_in_mSCIdblit
master_LR_union	COL4A1	ITGAV	Col4a1	Itgav					candidate_public_only_not_graph_edge	no_component_normalized_match_in_mSCIdblit
master_LR_union	COL4A1	ITGAV+ITGB8	Col4a1	Itgav_Itgb8					candidate_public_only_not_graph_edge	no_component_normalized_match_in_mSCIdblit
master_LR_union	COL4A1	ITGB1	Col4a1	Itgb1					candidate_public_only_not_graph_edge	no_component_normalized_match_in_mSCIdblit
master_LR_union	COL4A1	ITGB8	Col4a1	Itgb8					candidate_public_only_not_graph_edge	no_component_normalized_match_in_mSCIdblit
master_LR_union	COL4A1	SDC1	Col4a1	Sdc1					candidate_public_only_not_graph_edge	no_component_normalized_match_in_mSCIdblit
master_LR_union	COL4A1	SDC4	Col4a1	Sdc4					candidate_public_only_not_graph_edge	no_component_normalized_match_in_mSCIdblit
master_LR_union	COL4A2	ADGRG6	Col4a2	Adgrg6					candidate_public_only_not_graph_edge	no_component_normalized_match_in_mSCIdblit
master_LR_union	COL4A2	CD44	Col4a2	Cd44					candidate_public_only_not_graph_edge	no_component_normalized_match_in_mSCIdblit
master_LR_union	COL4A2	CD93	Col4a2	Cd93					candidate_public_only_not_graph_edge	no_component_normalized_match_in_mSCIdblit
master_LR_union	COL4A2	DDR1	Col4a2	Ddr1					candidate_public_only_not_graph_edge	no_component_normalized_match_in_mSCIdblit
master_LR_union	COL4A2	DDR2	Col4a2	Ddr2					candidate_public_only_not_graph_edge	no_component_normalized_match_in_mSCIdblit
master_LR_union	COL4A2	GP6	Col4a2	Gp6					candidate_public_only_not_graph_edge	no_component_normalized_match_in_mSCIdblit
master_LR_union	COL4A2	ITGA1	Col4a2	Itga1					candidate_public_only_not_graph_edge	no_component_normalized_match_in_mSCIdblit
master_LR_union	COL4A2	ITGA10	Col4a2	Itga10					candidate_public_only_not_graph_edge	no_component_normalized_match_in_mSCIdblit
master_LR_union	COL4A2	ITGA10+ITGB1	Col4a2	Itga10_Itgb1					candidate_public_only_not_graph_edge	no_component_normalized_match_in_mSCIdblit
master_LR_union	COL4A2	ITGA11	Col4a2	Itga11					candidate_public_only_not_graph_edge	no_component_normalized_match_in_mSCIdblit
master_LR_union	COL4A2	ITGA11+ITGB1	Col4a2	Itga11_Itgb1					candidate_public_only_not_graph_edge	no_component_normalized_match_in_mSCIdblit
master_LR_union	COL4A2	ITGA2	Col4a2	Itga2					candidate_public_only_not_graph_edge	no_component_normalized_match_in_mSCIdblit
master_LR_union	COL4A2	ITGA2+ITGB1	Col4a2	Itga2_Itgb1					candidate_public_only_not_graph_edge	no_component_normalized_match_in_mSCIdblit
master_LR_union	COL4A2	ITGA3+ITGB1	Col4a2	Itga3_Itgb1					candidate_public_only_not_graph_edge	no_component_normalized_match_in_mSCIdblit
master_LR_union	COL4A2	ITGA9+ITGB1	Col4a2	Itga9_Itgb1					candidate_public_only_not_graph_edge	no_component_normalized_match_in_mSCIdblit
master_LR_union	COL4A2	ITGAV+ITGB8	Col4a2	Itgav_Itgb8					candidate_public_only_not_graph_edge	no_component_normalized_match_in_mSCIdblit
master_LR_union	COL4A2	ITGB1	Col4a2	Itgb1					candidate_public_only_not_graph_edge	no_component_normalized_match_in_mSCIdblit
master_LR_union	COL4A2	ITGB3	Col4a2	Itgb3					candidate_public_only_not_graph_edge	no_component_normalized_match_in_mSCIdblit
master_LR_union	COL4A2	ITGB5	Col4a2	Itgb5					candidate_public_only_not_graph_edge	no_component_normalized_match_in_mSCIdblit
master_LR_union	COL4A2	SDC1	Col4a2	Sdc1					candidate_public_only_not_graph_edge	no_component_normalized_match_in_mSCIdblit
master_LR_union	COL4A2	SDC4	Col4a2	Sdc4					candidate_public_only_not_graph_edge	no_component_normalized_match_in_mSCIdblit
master_LR_union	COL4A3	ADGRG6	Col4a3	Adgrg6					candidate_public_only_not_graph_edge	no_component_normalized_match_in_mSCIdblit
master_LR_union	COL4A3	CD44	Col4a3	Cd44					candidate_public_only_not_graph_edge	no_component_normalized_match_in_mSCIdblit
master_LR_union	COL4A3	CD47	Col4a3	Cd47					candidate_public_only_not_graph_edge	no_component_normalized_match_in_mSCIdblit
master_LR_union	COL4A3	CD93	Col4a3	Cd93					candidate_public_only_not_graph_edge	no_component_normalized_match_in_mSCIdblit
master_LR_union	COL4A3	GP6	Col4a3	Gp6					candidate_public_only_not_graph_edge	no_component_normalized_match_in_mSCIdblit
master_LR_union	COL4A3	ITGA1	Col4a3	Itga1					candidate_public_only_not_graph_edge	no_component_normalized_match_in_mSCIdblit
master_LR_union	COL4A3	ITGA1+ITGB1	Col4a3	Itga1_Itgb1					candidate_public_only_not_graph_edge	no_component_normalized_match_in_mSCIdblit
master_LR_union	COL4A3	ITGA10	Col4a3	Itga10					candidate_public_only_not_graph_edge	no_component_normalized_match_in_mSCIdblit
master_LR_union	COL4A3	ITGA10+ITGB1	Col4a3	Itga10_Itgb1					candidate_public_only_not_graph_edge	no_component_normalized_match_in_mSCIdblit
master_LR_union	COL4A3	ITGA11	Col4a3	Itga11					candidate_public_only_not_graph_edge	no_component_normalized_match_in_mSCIdblit
master_LR_union	COL4A3	ITGA11+ITGB1	Col4a3	Itga11_Itgb1					candidate_public_only_not_graph_edge	no_component_normalized_match_in_mSCIdblit
master_LR_union	COL4A3	ITGA2	Col4a3	Itga2					candidate_public_only_not_graph_edge	no_component_normalized_match_in_mSCIdblit
master_LR_union	COL4A3	ITGA2+ITGB1	Col4a3	Itga2_Itgb1					candidate_public_only_not_graph_edge	no_component_normalized_match_in_mSCIdblit
master_LR_union	COL4A3	ITGA9+ITGB1	Col4a3	Itga9_Itgb1					candidate_public_only_not_graph_edge	no_component_normalized_match_in_mSCIdblit
master_LR_union	COL4A3	ITGAV	Col4a3	Itgav					candidate_public_only_not_graph_edge	no_component_normalized_match_in_mSCIdblit
master_LR_union	COL4A3	ITGAV+ITGB8	Col4a3	Itgav_Itgb8					candidate_public_only_not_graph_edge	no_component_normalized_match_in_mSCIdblit
master_LR_union	COL4A3	ITGB1	Col4a3	Itgb1					candidate_public_only_not_graph_edge	no_component_normalized_match_in_mSCIdblit
master_LR_union	COL4A3	ITGB3	Col4a3	Itgb3					candidate_public_only_not_graph_edge	no_component_normalized_match_in_mSCIdblit
master_LR_union	COL4A3	ITGB8	Col4a3	Itgb8					candidate_public_only_not_graph_edge	no_component_normalized_match_in_mSCIdblit
master_LR_union	COL4A3	SDC1	Col4a3	Sdc1					candidate_public_only_not_graph_edge	no_component_normalized_match_in_mSCIdblit
master_LR_union	COL4A3	SDC4	Col4a3	Sdc4					candidate_public_only_not_graph_edge	no_component_normalized_match_in_mSCIdblit
master_LR_union	COL4A4	ADGRG6	Col4a4	Adgrg6					candidate_public_only_not_graph_edge	no_component_normalized_match_in_mSCIdblit
master_LR_union	COL4A4	CD44	Col4a4	Cd44					candidate_public_only_not_graph_edge	no_component_normalized_match_in_mSCIdblit
master_LR_union	COL4A4	CD47	Col4a4	Cd47					candidate_public_only_not_graph_edge	no_component_normalized_match_in_mSCIdblit
master_LR_union	COL4A4	CD93	Col4a4	Cd93					candidate_public_only_not_graph_edge	no_component_normalized_match_in_mSCIdblit
master_LR_union	COL4A4	DDR1	Col4a4	Ddr1					candidate_public_only_not_graph_edge	no_component_normalized_match_in_mSCIdblit
master_LR_union	COL4A4	DDR2	Col4a4	Ddr2					candidate_public_only_not_graph_edge	no_component_normalized_match_in_mSCIdblit
master_LR_union	COL4A4	GP6	Col4a4	Gp6					candidate_public_only_not_graph_edge	no_component_normalized_match_in_mSCIdblit
master_LR_union	COL4A4	ITGA1	Col4a4	Itga1					candidate_public_only_not_graph_edge	no_component_normalized_match_in_mSCIdblit
master_LR_union	COL4A4	ITGA1+ITGB1	Col4a4	Itga1_Itgb1					candidate_public_only_not_graph_edge	no_component_normalized_match_in_mSCIdblit
master_LR_union	COL4A4	ITGA10	Col4a4	Itga10					candidate_public_only_not_graph_edge	no_component_normalized_match_in_mSCIdblit
master_LR_union	COL4A4	ITGA10+ITGB1	Col4a4	Itga10_Itgb1					candidate_public_only_not_graph_edge	no_component_normalized_match_in_mSCIdblit
master_LR_union	COL4A4	ITGA11	Col4a4	Itga11					candidate_public_only_not_graph_edge	no_component_normalized_match_in_mSCIdblit
master_LR_union	COL4A4	ITGA11+ITGB1	Col4a4	Itga11_Itgb1					candidate_public_only_not_graph_edge	no_component_normalized_match_in_mSCIdblit
master_LR_union	COL4A4	ITGA2	Col4a4	Itga2					candidate_public_only_not_graph_edge	no_component_normalized_match_in_mSCIdblit
master_LR_union	COL4A4	ITGA2+ITGB1	Col4a4	Itga2_Itgb1					candidate_public_only_not_graph_edge	no_component_normalized_match_in_mSCIdblit
master_LR_union	COL4A4	ITGA3+ITGB1	Col4a4	Itga3_Itgb1					candidate_public_only_not_graph_edge	no_component_normalized_match_in_mSCIdblit
master_LR_union	COL4A4	ITGA9+ITGB1	Col4a4	Itga9_Itgb1					candidate_public_only_not_graph_edge	no_component_normalized_match_in_mSCIdblit
master_LR_union	COL4A4	ITGAV	Col4a4	Itgav					candidate_public_only_not_graph_edge	no_component_normalized_match_in_mSCIdblit
master_LR_union	COL4A4	ITGAV+ITGB8	Col4a4	Itgav_Itgb8					candidate_public_only_not_graph_edge	no_component_normalized_match_in_mSCIdblit
master_LR_union	COL4A4	ITGB1	Col4a4	Itgb1					candidate_public_only_not_graph_edge	no_component_normalized_match_in_mSCIdblit
master_LR_union	COL4A4	ITGB3	Col4a4	Itgb3					candidate_public_only_not_graph_edge	no_component_normalized_match_in_mSCIdblit
master_LR_union	COL4A4	SDC1	Col4a4	Sdc1					candidate_public_only_not_graph_edge	no_component_normalized_match_in_mSCIdblit
master_LR_union	COL4A4	SDC4	Col4a4	Sdc4					candidate_public_only_not_graph_edge	no_component_normalized_match_in_mSCIdblit
master_LR_union	COL4A5	ADGRG6	Col4a5	Adgrg6					candidate_public_only_not_graph_edge	no_component_normalized_match_in_mSCIdblit
master_LR_union	COL4A5	CD44	Col4a5	Cd44					candidate_public_only_not_graph_edge	no_component_normalized_match_in_mSCIdblit
master_LR_union	COL4A5	CD47	Col4a5	Cd47					candidate_public_only_not_graph_edge	no_component_normalized_match_in_mSCIdblit
master_LR_union	COL4A5	CD93	Col4a5	Cd93					candidate_public_only_not_graph_edge	no_component_normalized_match_in_mSCIdblit
master_LR_union	COL4A5	DDR1	Col4a5	Ddr1					candidate_public_only_not_graph_edge	no_component_normalized_match_in_mSCIdblit
master_LR_union	COL4A5	DDR2	Col4a5	Ddr2					candidate_public_only_not_graph_edge	no_component_normalized_match_in_mSCIdblit
master_LR_union	COL4A5	GP6	Col4a5	Gp6					candidate_public_only_not_graph_edge	no_component_normalized_match_in_mSCIdblit
master_LR_union	COL4A5	ITGA1	Col4a5	Itga1					candidate_public_only_not_graph_edge	no_component_normalized_match_in_mSCIdblit
master_LR_union	COL4A5	ITGA1+ITGB1	Col4a5	Itga1_Itgb1					candidate_public_only_not_graph_edge	no_component_normalized_match_in_mSCIdblit
master_LR_union	COL4A5	ITGA10	Col4a5	Itga10					candidate_public_only_not_graph_edge	no_component_normalized_match_in_mSCIdblit
master_LR_union	COL4A5	ITGA10+ITGB1	Col4a5	Itga10_Itgb1					candidate_public_only_not_graph_edge	no_component_normalized_match_in_mSCIdblit
master_LR_union	COL4A5	ITGA11	Col4a5	Itga11					candidate_public_only_not_graph_edge	no_component_normalized_match_in_mSCIdblit
master_LR_union	COL4A5	ITGA11+ITGB1	Col4a5	Itga11_Itgb1					candidate_public_only_not_graph_edge	no_component_normalized_match_in_mSCIdblit
master_LR_union	COL4A5	ITGA2	Col4a5	Itga2					candidate_public_only_not_graph_edge	no_component_normalized_match_in_mSCIdblit
master_LR_union	COL4A5	ITGA2+ITGB1	Col4a5	Itga2_Itgb1					candidate_public_only_not_graph_edge	no_component_normalized_match_in_mSCIdblit
master_LR_union	COL4A5	ITGA3+ITGB1	Col4a5	Itga3_Itgb1					candidate_public_only_not_graph_edge	no_component_normalized_match_in_mSCIdblit
master_LR_union	COL4A5	ITGA9+ITGB1	Col4a5	Itga9_Itgb1					candidate_public_only_not_graph_edge	no_component_normalized_match_in_mSCIdblit
master_LR_union	COL4A5	ITGAV	Col4a5	Itgav					candidate_public_only_not_graph_edge	no_component_normalized_match_in_mSCIdblit
master_LR_union	COL4A5	ITGAV+ITGB8	Col4a5	Itgav_Itgb8					candidate_public_only_not_graph_edge	no_component_normalized_match_in_mSCIdblit
master_LR_union	COL4A5	ITGB1	Col4a5	Itgb1					candidate_public_only_not_graph_edge	no_component_normalized_match_in_mSCIdblit
master_LR_union	COL4A5	SDC1	Col4a5	Sdc1					candidate_public_only_not_graph_edge	no_component_normalized_match_in_mSCIdblit
master_LR_union	COL4A5	SDC4	Col4a5	Sdc4					candidate_public_only_not_graph_edge	no_component_normalized_match_in_mSCIdblit
master_LR_union	COL4A6	ADGRG6	Col4a6	Adgrg6					candidate_public_only_not_graph_edge	no_component_normalized_match_in_mSCIdblit
master_LR_union	COL4A6	CD44	Col4a6	Cd44					candidate_public_only_not_graph_edge	no_component_normalized_match_in_mSCIdblit
master_LR_union	COL4A6	CD47	Col4a6	Cd47					candidate_public_only_not_graph_edge	no_component_normalized_match_in_mSCIdblit
master_LR_union	COL4A6	CD93	Col4a6	Cd93					candidate_public_only_not_graph_edge	no_component_normalized_match_in_mSCIdblit
master_LR_union	COL4A6	DDR1	Col4a6	Ddr1					candidate_public_only_not_graph_edge	no_component_normalized_match_in_mSCIdblit
master_LR_union	COL4A6	DDR2	Col4a6	Ddr2					candidate_public_only_not_graph_edge	no_component_normalized_match_in_mSCIdblit
master_LR_union	COL4A6	GP6	Col4a6	Gp6					candidate_public_only_not_graph_edge	no_component_normalized_match_in_mSCIdblit
master_LR_union	COL4A6	ITGA1	Col4a6	Itga1					candidate_public_only_not_graph_edge	no_component_normalized_match_in_mSCIdblit
master_LR_union	COL4A6	ITGA1+ITGB1	Col4a6	Itga1_Itgb1					candidate_public_only_not_graph_edge	no_component_normalized_match_in_mSCIdblit
master_LR_union	COL4A6	ITGA10	Col4a6	Itga10					candidate_public_only_not_graph_edge	no_component_normalized_match_in_mSCIdblit
master_LR_union	COL4A6	ITGA10+ITGB1	Col4a6	Itga10_Itgb1					candidate_public_only_not_graph_edge	no_component_normalized_match_in_mSCIdblit
master_LR_union	COL4A6	ITGA11	Col4a6	Itga11					candidate_public_only_not_graph_edge	no_component_normalized_match_in_mSCIdblit
master_LR_union	COL4A6	ITGA11+ITGB1	Col4a6	Itga11_Itgb1					candidate_public_only_not_graph_edge	no_component_normalized_match_in_mSCIdblit
master_LR_union	COL4A6	ITGA2	Col4a6	Itga2					candidate_public_only_not_graph_edge	no_component_normalized_match_in_mSCIdblit
master_LR_union	COL4A6	ITGA2+ITGB1	Col4a6	Itga2_Itgb1					candidate_public_only_not_graph_edge	no_component_normalized_match_in_mSCIdblit
master_LR_union	COL4A6	ITGA3+ITGB1	Col4a6	Itga3_Itgb1					candidate_public_only_not_graph_edge	no_component_normalized_match_in_mSCIdblit
master_LR_union	COL4A6	ITGA9+ITGB1	Col4a6	Itga9_Itgb1					candidate_public_only_not_graph_edge	no_component_normalized_match_in_mSCIdblit
master_LR_union	COL4A6	ITGAV	Col4a6	Itgav					candidate_public_only_not_graph_edge	no_component_normalized_match_in_mSCIdblit
master_LR_union	COL4A6	ITGAV+ITGB8	Col4a6	Itgav_Itgb8					candidate_public_only_not_graph_edge	no_component_normalized_match_in_mSCIdblit
master_LR_union	COL4A6	ITGB1	Col4a6	Itgb1					candidate_public_only_not_graph_edge	no_component_normalized_match_in_mSCIdblit
master_LR_union	COL4A6	SDC1	Col4a6	Sdc1					candidate_public_only_not_graph_edge	no_component_normalized_match_in_mSCIdblit
master_LR_union	COL4A6	SDC4	Col4a6	Sdc4					candidate_public_only_not_graph_edge	no_component_normalized_match_in_mSCIdblit
master_LR_union	COL5A1	CD93	Col5a1	Cd93					candidate_public_only_not_graph_edge	no_component_normalized_match_in_mSCIdblit
master_LR_union	COL5A1	DDR1	Col5a1	Ddr1					candidate_public_only_not_graph_edge	no_component_normalized_match_in_mSCIdblit
master_LR_union	COL5A1	DDR2	Col5a1	Ddr2					candidate_public_only_not_graph_edge	no_component_normalized_match_in_mSCIdblit
master_LR_union	COL5A1	ITGA1	Col5a1	Itga1					candidate_public_only_not_graph_edge	no_component_normalized_match_in_mSCIdblit
master_LR_union	COL5A1	ITGA1+ITGB1	Col5a1	Itga1_Itgb1					candidate_public_only_not_graph_edge	no_component_normalized_match_in_mSCIdblit
master_LR_union	COL5A1	ITGA10	Col5a1	Itga10					candidate_public_only_not_graph_edge	no_component_normalized_match_in_mSCIdblit
master_LR_union	COL5A1	ITGA10+ITGB1	Col5a1	Itga10_Itgb1					candidate_public_only_not_graph_edge	no_component_normalized_match_in_mSCIdblit
master_LR_union	COL5A1	ITGA11	Col5a1	Itga11					candidate_public_only_not_graph_edge	no_component_normalized_match_in_mSCIdblit
master_LR_union	COL5A1	ITGA11+ITGB1	Col5a1	Itga11_Itgb1					candidate_public_only_not_graph_edge	no_component_normalized_match_in_mSCIdblit
master_LR_union	COL5A1	ITGA2	Col5a1	Itga2					candidate_public_only_not_graph_edge	no_component_normalized_match_in_mSCIdblit
master_LR_union	COL5A1	ITGA2+ITGB1	Col5a1	Itga2_Itgb1					candidate_public_only_not_graph_edge	no_component_normalized_match_in_mSCIdblit
master_LR_union	COL5A1	ITGB1	Col5a1	Itgb1					candidate_public_only_not_graph_edge	no_component_normalized_match_in_mSCIdblit
master_LR_union	COL5A1	LAIR1	Col5a1	Lair1					candidate_public_only_not_graph_edge	no_component_normalized_match_in_mSCIdblit
master_LR_union	COL5A1	SDC1	Col5a1	Sdc1					candidate_public_only_not_graph_edge	no_component_normalized_match_in_mSCIdblit
master_LR_union	COL5A1	SDC3	Col5a1	Sdc3					candidate_public_only_not_graph_edge	no_component_normalized_match_in_mSCIdblit
master_LR_union	COL5A2	CD93	Col5a2	Cd93					candidate_public_only_not_graph_edge	no_component_normalized_match_in_mSCIdblit
master_LR_union	COL5A2	DDR1	Col5a2	Ddr1					candidate_public_only_not_graph_edge	no_component_normalized_match_in_mSCIdblit
master_LR_union	COL5A2	DDR2	Col5a2	Ddr2					candidate_public_only_not_graph_edge	no_component_normalized_match_in_mSCIdblit
master_LR_union	COL5A2	ITGA1	Col5a2	Itga1					candidate_public_only_not_graph_edge	no_component_normalized_match_in_mSCIdblit
master_LR_union	COL5A2	ITGA1+ITGB1	Col5a2	Itga1_Itgb1					candidate_public_only_not_graph_edge	no_component_normalized_match_in_mSCIdblit
master_LR_union	COL5A2	ITGA10	Col5a2	Itga10					candidate_public_only_not_graph_edge	no_component_normalized_match_in_mSCIdblit
master_LR_union	COL5A2	ITGA10+ITGB1	Col5a2	Itga10_Itgb1					candidate_public_only_not_graph_edge	no_component_normalized_match_in_mSCIdblit
master_LR_union	COL5A2	ITGA11	Col5a2	Itga11					candidate_public_only_not_graph_edge	no_component_normalized_match_in_mSCIdblit
master_LR_union	COL5A2	ITGA11+ITGB1	Col5a2	Itga11_Itgb1					candidate_public_only_not_graph_edge	no_component_normalized_match_in_mSCIdblit
master_LR_union	COL5A2	ITGA2	Col5a2	Itga2					candidate_public_only_not_graph_edge	no_component_normalized_match_in_mSCIdblit
master_LR_union	COL5A2	ITGA2+ITGB1	Col5a2	Itga2_Itgb1					candidate_public_only_not_graph_edge	no_component_normalized_match_in_mSCIdblit
master_LR_union	COL5A2	ITGB1	Col5a2	Itgb1					candidate_public_only_not_graph_edge	no_component_normalized_match_in_mSCIdblit
master_LR_union	COL5A2	LAIR1	Col5a2	Lair1					candidate_public_only_not_graph_edge	no_component_normalized_match_in_mSCIdblit
master_LR_union	COL5A2	SDC1	Col5a2	Sdc1					candidate_public_only_not_graph_edge	no_component_normalized_match_in_mSCIdblit
master_LR_union	COL5A3	CD93	Col5a3	Cd93					candidate_public_only_not_graph_edge	no_component_normalized_match_in_mSCIdblit
master_LR_union	COL5A3	DDR1	Col5a3	Ddr1					candidate_public_only_not_graph_edge	no_component_normalized_match_in_mSCIdblit
master_LR_union	COL5A3	DDR2	Col5a3	Ddr2					candidate_public_only_not_graph_edge	no_component_normalized_match_in_mSCIdblit
master_LR_union	COL5A3	ITGA1	Col5a3	Itga1					candidate_public_only_not_graph_edge	no_component_normalized_match_in_mSCIdblit
master_LR_union	COL5A3	ITGA1+ITGB1	Col5a3	Itga1_Itgb1					candidate_public_only_not_graph_edge	no_component_normalized_match_in_mSCIdblit
master_LR_union	COL5A3	ITGA10	Col5a3	Itga10					candidate_public_only_not_graph_edge	no_component_normalized_match_in_mSCIdblit
master_LR_union	COL5A3	ITGA10+ITGB1	Col5a3	Itga10_Itgb1					candidate_public_only_not_graph_edge	no_component_normalized_match_in_mSCIdblit
master_LR_union	COL5A3	ITGA11	Col5a3	Itga11					candidate_public_only_not_graph_edge	no_component_normalized_match_in_mSCIdblit
master_LR_union	COL5A3	ITGA11+ITGB1	Col5a3	Itga11_Itgb1					candidate_public_only_not_graph_edge	no_component_normalized_match_in_mSCIdblit
master_LR_union	COL5A3	ITGA2	Col5a3	Itga2					candidate_public_only_not_graph_edge	no_component_normalized_match_in_mSCIdblit
master_LR_union	COL5A3	ITGA2+ITGB1	Col5a3	Itga2_Itgb1					candidate_public_only_not_graph_edge	no_component_normalized_match_in_mSCIdblit
master_LR_union	COL5A3	ITGB1	Col5a3	Itgb1					candidate_public_only_not_graph_edge	no_component_normalized_match_in_mSCIdblit
master_LR_union	COL5A3	SDC1	Col5a3	Sdc1					candidate_public_only_not_graph_edge	no_component_normalized_match_in_mSCIdblit
master_LR_union	COL5A3	SDC3	Col5a3	Sdc3					candidate_public_only_not_graph_edge	no_component_normalized_match_in_mSCIdblit
master_LR_union	COL6A1	CD44	Col6a1	Cd44					candidate_public_only_not_graph_edge	no_component_normalized_match_in_mSCIdblit
master_LR_union	COL6A1	GP6	Col6a1	Gp6					candidate_public_only_not_graph_edge	no_component_normalized_match_in_mSCIdblit
master_LR_union	COL6A1	ITGA1	Col6a1	Itga1					candidate_public_only_not_graph_edge	no_component_normalized_match_in_mSCIdblit
master_LR_union	COL6A1	ITGA10	Col6a1	Itga10					candidate_public_only_not_graph_edge	no_component_normalized_match_in_mSCIdblit
master_LR_union	COL6A1	ITGA10+ITGB1	Col6a1	Itga10_Itgb1					candidate_public_only_not_graph_edge	no_component_normalized_match_in_mSCIdblit
master_LR_union	COL6A1	ITGA11	Col6a1	Itga11					candidate_public_only_not_graph_edge	no_component_normalized_match_in_mSCIdblit
master_LR_union	COL6A1	ITGA11+ITGB1	Col6a1	Itga11_Itgb1					candidate_public_only_not_graph_edge	no_component_normalized_match_in_mSCIdblit
master_LR_union	COL6A1	ITGA2	Col6a1	Itga2					candidate_public_only_not_graph_edge	no_component_normalized_match_in_mSCIdblit
master_LR_union	COL6A1	ITGA3+ITGB1	Col6a1	Itga3_Itgb1					candidate_public_only_not_graph_edge	no_component_normalized_match_in_mSCIdblit
master_LR_union	COL6A1	ITGA6	Col6a1	Itga6					candidate_public_only_not_graph_edge	no_component_normalized_match_in_mSCIdblit
master_LR_union	COL6A1	ITGA9+ITGB1	Col6a1	Itga9_Itgb1					candidate_public_only_not_graph_edge	no_component_normalized_match_in_mSCIdblit
master_LR_union	COL6A1	ITGAV+ITGB8	Col6a1	Itgav_Itgb8					candidate_public_only_not_graph_edge	no_component_normalized_match_in_mSCIdblit
master_LR_union	COL6A1	ITGB1	Col6a1	Itgb1					candidate_public_only_not_graph_edge	no_component_normalized_match_in_mSCIdblit
master_LR_union	COL6A1	SDC1	Col6a1	Sdc1					candidate_public_only_not_graph_edge	no_component_normalized_match_in_mSCIdblit
master_LR_union	COL6A1	SDC4	Col6a1	Sdc4					candidate_public_only_not_graph_edge	no_component_normalized_match_in_mSCIdblit
master_LR_union	COL6A2	CD44	Col6a2	Cd44					candidate_public_only_not_graph_edge	no_component_normalized_match_in_mSCIdblit
master_LR_union	COL6A2	GP6	Col6a2	Gp6					candidate_public_only_not_graph_edge	no_component_normalized_match_in_mSCIdblit
master_LR_union	COL6A2	ITGA1	Col6a2	Itga1					candidate_public_only_not_graph_edge	no_component_normalized_match_in_mSCIdblit
master_LR_union	COL6A2	ITGA10	Col6a2	Itga10					candidate_public_only_not_graph_edge	no_component_normalized_match_in_mSCIdblit
master_LR_union	COL6A2	ITGA10+ITGB1	Col6a2	Itga10_Itgb1					candidate_public_only_not_graph_edge	no_component_normalized_match_in_mSCIdblit
master_LR_union	COL6A2	ITGA11	Col6a2	Itga11					candidate_public_only_not_graph_edge	no_component_normalized_match_in_mSCIdblit
master_LR_union	COL6A2	ITGA11+ITGB1	Col6a2	Itga11_Itgb1					candidate_public_only_not_graph_edge	no_component_normalized_match_in_mSCIdblit
master_LR_union	COL6A2	ITGA2	Col6a2	Itga2					candidate_public_only_not_graph_edge	no_component_normalized_match_in_mSCIdblit
master_LR_union	COL6A2	ITGA3+ITGB1	Col6a2	Itga3_Itgb1					candidate_public_only_not_graph_edge	no_component_normalized_match_in_mSCIdblit
master_LR_union	COL6A2	ITGA9+ITGB1	Col6a2	Itga9_Itgb1					candidate_public_only_not_graph_edge	no_component_normalized_match_in_mSCIdblit
master_LR_union	COL6A2	ITGAV+ITGB8	Col6a2	Itgav_Itgb8					candidate_public_only_not_graph_edge	no_component_normalized_match_in_mSCIdblit
master_LR_union	COL6A2	ITGB1	Col6a2	Itgb1					candidate_public_only_not_graph_edge	no_component_normalized_match_in_mSCIdblit
master_LR_union	COL6A2	SDC1	Col6a2	Sdc1					candidate_public_only_not_graph_edge	no_component_normalized_match_in_mSCIdblit
master_LR_union	COL6A2	SDC4	Col6a2	Sdc4					candidate_public_only_not_graph_edge	no_component_normalized_match_in_mSCIdblit
master_LR_union	COL6A3	CD44	Col6a3	Cd44					candidate_public_only_not_graph_edge	no_component_normalized_match_in_mSCIdblit
master_LR_union	COL6A3	GP6	Col6a3	Gp6					candidate_public_only_not_graph_edge	no_component_normalized_match_in_mSCIdblit
master_LR_union	COL6A3	ITGA1	Col6a3	Itga1					candidate_public_only_not_graph_edge	no_component_normalized_match_in_mSCIdblit
master_LR_union	COL6A3	ITGA10	Col6a3	Itga10					candidate_public_only_not_graph_edge	no_component_normalized_match_in_mSCIdblit
master_LR_union	COL6A3	ITGA10+ITGB1	Col6a3	Itga10_Itgb1					candidate_public_only_not_graph_edge	no_component_normalized_match_in_mSCIdblit
master_LR_union	COL6A3	ITGA11	Col6a3	Itga11					candidate_public_only_not_graph_edge	no_component_normalized_match_in_mSCIdblit
master_LR_union	COL6A3	ITGA11+ITGB1	Col6a3	Itga11_Itgb1					candidate_public_only_not_graph_edge	no_component_normalized_match_in_mSCIdblit
master_LR_union	COL6A3	ITGA2	Col6a3	Itga2					candidate_public_only_not_graph_edge	no_component_normalized_match_in_mSCIdblit
master_LR_union	COL6A3	ITGA3+ITGB1	Col6a3	Itga3_Itgb1					candidate_public_only_not_graph_edge	no_component_normalized_match_in_mSCIdblit
master_LR_union	COL6A3	ITGA9+ITGB1	Col6a3	Itga9_Itgb1					candidate_public_only_not_graph_edge	no_component_normalized_match_in_mSCIdblit
master_LR_union	COL6A3	ITGAV+ITGB8	Col6a3	Itgav_Itgb8					candidate_public_only_not_graph_edge	no_component_normalized_match_in_mSCIdblit
master_LR_union	COL6A3	ITGB1	Col6a3	Itgb1					candidate_public_only_not_graph_edge	no_component_normalized_match_in_mSCIdblit
master_LR_union	COL6A3	SDC1	Col6a3	Sdc1					candidate_public_only_not_graph_edge	no_component_normalized_match_in_mSCIdblit
master_LR_union	COL6A3	SDC4	Col6a3	Sdc4					candidate_public_only_not_graph_edge	no_component_normalized_match_in_mSCIdblit
master_LR_union	COL6A4	CD44	Col6a4	Cd44					candidate_public_only_not_graph_edge	no_component_normalized_match_in_mSCIdblit
master_LR_union	COL6A4	GP6	Col6a4	Gp6					candidate_public_only_not_graph_edge	no_component_normalized_match_in_mSCIdblit
master_LR_union	COL6A4	ITGA1+ITGB1	Col6a4	Itga1_Itgb1					candidate_public_only_not_graph_edge	no_component_normalized_match_in_mSCIdblit
master_LR_union	COL6A4	ITGA10+ITGB1	Col6a4	Itga10_Itgb1					candidate_public_only_not_graph_edge	no_component_normalized_match_in_mSCIdblit
master_LR_union	COL6A4	ITGA11+ITGB1	Col6a4	Itga11_Itgb1					candidate_public_only_not_graph_edge	no_component_normalized_match_in_mSCIdblit
master_LR_union	COL6A4	ITGA2+ITGB1	Col6a4	Itga2_Itgb1					candidate_public_only_not_graph_edge	no_component_normalized_match_in_mSCIdblit
master_LR_union	COL6A4	ITGA3+ITGB1	Col6a4	Itga3_Itgb1					candidate_public_only_not_graph_edge	no_component_normalized_match_in_mSCIdblit
master_LR_union	COL6A4	ITGA9+ITGB1	Col6a4	Itga9_Itgb1					candidate_public_only_not_graph_edge	no_component_normalized_match_in_mSCIdblit
master_LR_union	COL6A4	ITGAV+ITGB8	Col6a4	Itgav_Itgb8					candidate_public_only_not_graph_edge	no_component_normalized_match_in_mSCIdblit
master_LR_union	COL6A4	SDC1	Col6a4	Sdc1					candidate_public_only_not_graph_edge	no_component_normalized_match_in_mSCIdblit
master_LR_union	COL6A4	SDC4	Col6a4	Sdc4					candidate_public_only_not_graph_edge	no_component_normalized_match_in_mSCIdblit
master_LR_union	COL6A5	CD44	Col6a5	Cd44					candidate_public_only_not_graph_edge	no_component_normalized_match_in_mSCIdblit
master_LR_union	COL6A5	GP6	Col6a5	Gp6					candidate_public_only_not_graph_edge	no_component_normalized_match_in_mSCIdblit
master_LR_union	COL6A5	ITGA1	Col6a5	Itga1					candidate_public_only_not_graph_edge	no_component_normalized_match_in_mSCIdblit
master_LR_union	COL6A5	ITGA1+ITGB1	Col6a5	Itga1_Itgb1					candidate_public_only_not_graph_edge	no_component_normalized_match_in_mSCIdblit
master_LR_union	COL6A5	ITGA10	Col6a5	Itga10					candidate_public_only_not_graph_edge	no_component_normalized_match_in_mSCIdblit
master_LR_union	COL6A5	ITGA10+ITGB1	Col6a5	Itga10_Itgb1					candidate_public_only_not_graph_edge	no_component_normalized_match_in_mSCIdblit
master_LR_union	COL6A5	ITGA11	Col6a5	Itga11					candidate_public_only_not_graph_edge	no_component_normalized_match_in_mSCIdblit
master_LR_union	COL6A5	ITGA11+ITGB1	Col6a5	Itga11_Itgb1					candidate_public_only_not_graph_edge	no_component_normalized_match_in_mSCIdblit
master_LR_union	COL6A5	ITGA2	Col6a5	Itga2					candidate_public_only_not_graph_edge	no_component_normalized_match_in_mSCIdblit
master_LR_union	COL6A5	ITGA2+ITGB1	Col6a5	Itga2_Itgb1					candidate_public_only_not_graph_edge	no_component_normalized_match_in_mSCIdblit
master_LR_union	COL6A5	ITGA3+ITGB1	Col6a5	Itga3_Itgb1					candidate_public_only_not_graph_edge	no_component_normalized_match_in_mSCIdblit
master_LR_union	COL6A5	ITGA9+ITGB1	Col6a5	Itga9_Itgb1					candidate_public_only_not_graph_edge	no_component_normalized_match_in_mSCIdblit
master_LR_union	COL6A5	ITGAV+ITGB8	Col6a5	Itgav_Itgb8					candidate_public_only_not_graph_edge	no_component_normalized_match_in_mSCIdblit
master_LR_union	COL6A5	ITGB1	Col6a5	Itgb1					candidate_public_only_not_graph_edge	no_component_normalized_match_in_mSCIdblit
master_LR_union	COL6A5	SDC1	Col6a5	Sdc1					candidate_public_only_not_graph_edge	no_component_normalized_match_in_mSCIdblit
master_LR_union	COL6A5	SDC4	Col6a5	Sdc4					candidate_public_only_not_graph_edge	no_component_normalized_match_in_mSCIdblit
master_LR_union	COL6A6	CD44	Col6a6	Cd44					candidate_public_only_not_graph_edge	no_component_normalized_match_in_mSCIdblit
master_LR_union	COL6A6	GP6	Col6a6	Gp6					candidate_public_only_not_graph_edge	no_component_normalized_match_in_mSCIdblit
master_LR_union	COL6A6	ITGA1	Col6a6	Itga1					candidate_public_only_not_graph_edge	no_component_normalized_match_in_mSCIdblit
master_LR_union	COL6A6	ITGA1+ITGB1	Col6a6	Itga1_Itgb1					candidate_public_only_not_graph_edge	no_component_normalized_match_in_mSCIdblit
master_LR_union	COL6A6	ITGA10	Col6a6	Itga10					candidate_public_only_not_graph_edge	no_component_normalized_match_in_mSCIdblit
master_LR_union	COL6A6	ITGA10+ITGB1	Col6a6	Itga10_Itgb1					candidate_public_only_not_graph_edge	no_component_normalized_match_in_mSCIdblit
master_LR_union	COL6A6	ITGA11	Col6a6	Itga11					candidate_public_only_not_graph_edge	no_component_normalized_match_in_mSCIdblit
master_LR_union	COL6A6	ITGA11+ITGB1	Col6a6	Itga11_Itgb1					candidate_public_only_not_graph_edge	no_component_normalized_match_in_mSCIdblit
master_LR_union	COL6A6	ITGA2	Col6a6	Itga2					candidate_public_only_not_graph_edge	no_component_normalized_match_in_mSCIdblit
master_LR_union	COL6A6	ITGA2+ITGB1	Col6a6	Itga2_Itgb1					candidate_public_only_not_graph_edge	no_component_normalized_match_in_mSCIdblit
master_LR_union	COL6A6	ITGA3+ITGB1	Col6a6	Itga3_Itgb1					candidate_public_only_not_graph_edge	no_component_normalized_match_in_mSCIdblit
master_LR_union	COL6A6	ITGA9+ITGB1	Col6a6	Itga9_Itgb1					candidate_public_only_not_graph_edge	no_component_normalized_match_in_mSCIdblit
master_LR_union	COL6A6	ITGAV+ITGB8	Col6a6	Itgav_Itgb8					candidate_public_only_not_graph_edge	no_component_normalized_match_in_mSCIdblit
master_LR_union	COL6A6	ITGB1	Col6a6	Itgb1					candidate_public_only_not_graph_edge	no_component_normalized_match_in_mSCIdblit
master_LR_union	COL6A6	SDC1	Col6a6	Sdc1					candidate_public_only_not_graph_edge	no_component_normalized_match_in_mSCIdblit
master_LR_union	COL6A6	SDC4	Col6a6	Sdc4					candidate_public_only_not_graph_edge	no_component_normalized_match_in_mSCIdblit
master_LR_union	COL7A1	ITGA1	Col7a1	Itga1					candidate_public_only_not_graph_edge	no_component_normalized_match_in_mSCIdblit
master_LR_union	COL7A1	ITGA1+ITGB1	Col7a1	Itga1_Itgb1					candidate_public_only_not_graph_edge	no_component_normalized_match_in_mSCIdblit
master_LR_union	COL7A1	ITGA10	Col7a1	Itga10					candidate_public_only_not_graph_edge	no_component_normalized_match_in_mSCIdblit
master_LR_union	COL7A1	ITGA10+ITGB1	Col7a1	Itga10_Itgb1					candidate_public_only_not_graph_edge	no_component_normalized_match_in_mSCIdblit
master_LR_union	COL7A1	ITGA11	Col7a1	Itga11					candidate_public_only_not_graph_edge	no_component_normalized_match_in_mSCIdblit
master_LR_union	COL7A1	ITGA11+ITGB1	Col7a1	Itga11_Itgb1					candidate_public_only_not_graph_edge	no_component_normalized_match_in_mSCIdblit
master_LR_union	COL7A1	ITGA2	Col7a1	Itga2					candidate_public_only_not_graph_edge	no_component_normalized_match_in_mSCIdblit
master_LR_union	COL7A1	ITGA2+ITGB1	Col7a1	Itga2_Itgb1					candidate_public_only_not_graph_edge	no_component_normalized_match_in_mSCIdblit
master_LR_union	COL7A1	ITGB1	Col7a1	Itgb1					candidate_public_only_not_graph_edge	no_component_normalized_match_in_mSCIdblit
master_LR_union	COL8A1	DDR1	Col8a1	Ddr1					candidate_public_only_not_graph_edge	no_component_normalized_match_in_mSCIdblit
master_LR_union	COL8A1	ITGA1	Col8a1	Itga1					candidate_public_only_not_graph_edge	no_component_normalized_match_in_mSCIdblit
master_LR_union	COL8A1	ITGA1+ITGB1	Col8a1	Itga1_Itgb1					candidate_public_only_not_graph_edge	no_component_normalized_match_in_mSCIdblit
master_LR_union	COL8A1	ITGA10	Col8a1	Itga10					candidate_public_only_not_graph_edge	no_component_normalized_match_in_mSCIdblit
master_LR_union	COL8A1	ITGA10+ITGB1	Col8a1	Itga10_Itgb1					candidate_public_only_not_graph_edge	no_component_normalized_match_in_mSCIdblit
master_LR_union	COL8A1	ITGA11	Col8a1	Itga11					candidate_public_only_not_graph_edge	no_component_normalized_match_in_mSCIdblit
master_LR_union	COL8A1	ITGA11+ITGB1	Col8a1	Itga11_Itgb1					candidate_public_only_not_graph_edge	no_component_normalized_match_in_mSCIdblit
master_LR_union	COL8A1	ITGA2	Col8a1	Itga2					candidate_public_only_not_graph_edge	no_component_normalized_match_in_mSCIdblit
master_LR_union	COL8A1	ITGA2+ITGB1	Col8a1	Itga2_Itgb1					candidate_public_only_not_graph_edge	no_component_normalized_match_in_mSCIdblit
master_LR_union	COL8A1	ITGB1	Col8a1	Itgb1					candidate_public_only_not_graph_edge	no_component_normalized_match_in_mSCIdblit
master_LR_union	COL8A2	DDR1	Col8a2	Ddr1					candidate_public_only_not_graph_edge	no_component_normalized_match_in_mSCIdblit
master_LR_union	COL8A2	ITGA1	Col8a2	Itga1					candidate_public_only_not_graph_edge	no_component_normalized_match_in_mSCIdblit
master_LR_union	COL8A2	ITGA1+ITGB1	Col8a2	Itga1_Itgb1					candidate_public_only_not_graph_edge	no_component_normalized_match_in_mSCIdblit
master_LR_union	COL8A2	ITGA10	Col8a2	Itga10					candidate_public_only_not_graph_edge	no_component_normalized_match_in_mSCIdblit
master_LR_union	COL8A2	ITGA10+ITGB1	Col8a2	Itga10_Itgb1					candidate_public_only_not_graph_edge	no_component_normalized_match_in_mSCIdblit
master_LR_union	COL8A2	ITGA11	Col8a2	Itga11					candidate_public_only_not_graph_edge	no_component_normalized_match_in_mSCIdblit
master_LR_union	COL8A2	ITGA11+ITGB1	Col8a2	Itga11_Itgb1					candidate_public_only_not_graph_edge	no_component_normalized_match_in_mSCIdblit
master_LR_union	COL8A2	ITGA2	Col8a2	Itga2					candidate_public_only_not_graph_edge	no_component_normalized_match_in_mSCIdblit
master_LR_union	COL8A2	ITGA2+ITGB1	Col8a2	Itga2_Itgb1					candidate_public_only_not_graph_edge	no_component_normalized_match_in_mSCIdblit
master_LR_union	COL8A2	ITGB1	Col8a2	Itgb1					candidate_public_only_not_graph_edge	no_component_normalized_match_in_mSCIdblit
master_LR_union	COL9A1	CD44	Col9a1	Cd44					candidate_public_only_not_graph_edge	no_component_normalized_match_in_mSCIdblit
master_LR_union	COL9A1	GP6	Col9a1	Gp6					candidate_public_only_not_graph_edge	no_component_normalized_match_in_mSCIdblit
master_LR_union	COL9A1	ITGA1	Col9a1	Itga1					candidate_public_only_not_graph_edge	no_component_normalized_match_in_mSCIdblit
master_LR_union	COL9A1	ITGA1+ITGB1	Col9a1	Itga1_Itgb1					candidate_public_only_not_graph_edge	no_component_normalized_match_in_mSCIdblit
master_LR_union	COL9A1	ITGA10	Col9a1	Itga10					candidate_public_only_not_graph_edge	no_component_normalized_match_in_mSCIdblit
master_LR_union	COL9A1	ITGA10+ITGB1	Col9a1	Itga10_Itgb1					candidate_public_only_not_graph_edge	no_component_normalized_match_in_mSCIdblit
master_LR_union	COL9A1	ITGA11	Col9a1	Itga11					candidate_public_only_not_graph_edge	no_component_normalized_match_in_mSCIdblit
master_LR_union	COL9A1	ITGA11+ITGB1	Col9a1	Itga11_Itgb1					candidate_public_only_not_graph_edge	no_component_normalized_match_in_mSCIdblit
master_LR_union	COL9A1	ITGA2	Col9a1	Itga2					candidate_public_only_not_graph_edge	no_component_normalized_match_in_mSCIdblit
master_LR_union	COL9A1	ITGA2+ITGB1	Col9a1	Itga2_Itgb1					candidate_public_only_not_graph_edge	no_component_normalized_match_in_mSCIdblit
master_LR_union	COL9A1	ITGA3+ITGB1	Col9a1	Itga3_Itgb1					candidate_public_only_not_graph_edge	no_component_normalized_match_in_mSCIdblit
master_LR_union	COL9A1	ITGA9+ITGB1	Col9a1	Itga9_Itgb1					candidate_public_only_not_graph_edge	no_component_normalized_match_in_mSCIdblit
master_LR_union	COL9A1	ITGAV+ITGB8	Col9a1	Itgav_Itgb8					candidate_public_only_not_graph_edge	no_component_normalized_match_in_mSCIdblit
master_LR_union	COL9A1	ITGB1	Col9a1	Itgb1					candidate_public_only_not_graph_edge	no_component_normalized_match_in_mSCIdblit
master_LR_union	COL9A1	MAG	Col9a1	Mag					candidate_public_only_not_graph_edge	no_component_normalized_match_in_mSCIdblit
master_LR_union	COL9A1	SDC1	Col9a1	Sdc1					candidate_public_only_not_graph_edge	no_component_normalized_match_in_mSCIdblit
master_LR_union	COL9A2	CD44	Col9a2	Cd44					candidate_public_only_not_graph_edge	no_component_normalized_match_in_mSCIdblit
master_LR_union	COL9A2	GP6	Col9a2	Gp6					candidate_public_only_not_graph_edge	no_component_normalized_match_in_mSCIdblit
master_LR_union	COL9A2	ITGA1	Col9a2	Itga1					candidate_public_only_not_graph_edge	no_component_normalized_match_in_mSCIdblit
master_LR_union	COL9A2	ITGA1+ITGB1	Col9a2	Itga1_Itgb1					candidate_public_only_not_graph_edge	no_component_normalized_match_in_mSCIdblit
master_LR_union	COL9A2	ITGA10	Col9a2	Itga10					candidate_public_only_not_graph_edge	no_component_normalized_match_in_mSCIdblit
master_LR_union	COL9A2	ITGA10+ITGB1	Col9a2	Itga10_Itgb1					candidate_public_only_not_graph_edge	no_component_normalized_match_in_mSCIdblit
master_LR_union	COL9A2	ITGA11	Col9a2	Itga11					candidate_public_only_not_graph_edge	no_component_normalized_match_in_mSCIdblit
master_LR_union	COL9A2	ITGA11+ITGB1	Col9a2	Itga11_Itgb1					candidate_public_only_not_graph_edge	no_component_normalized_match_in_mSCIdblit
master_LR_union	COL9A2	ITGA2	Col9a2	Itga2					candidate_public_only_not_graph_edge	no_component_normalized_match_in_mSCIdblit
master_LR_union	COL9A2	ITGA2+ITGB1	Col9a2	Itga2_Itgb1					candidate_public_only_not_graph_edge	no_component_normalized_match_in_mSCIdblit
master_LR_union	COL9A2	ITGA3+ITGB1	Col9a2	Itga3_Itgb1					candidate_public_only_not_graph_edge	no_component_normalized_match_in_mSCIdblit
master_LR_union	COL9A2	ITGA9+ITGB1	Col9a2	Itga9_Itgb1					candidate_public_only_not_graph_edge	no_component_normalized_match_in_mSCIdblit
master_LR_union	COL9A2	ITGAV+ITGB8	Col9a2	Itgav_Itgb8					candidate_public_only_not_graph_edge	no_component_normalized_match_in_mSCIdblit
master_LR_union	COL9A2	ITGB1	Col9a2	Itgb1					candidate_public_only_not_graph_edge	no_component_normalized_match_in_mSCIdblit
master_LR_union	COL9A2	MAG	Col9a2	Mag					candidate_public_only_not_graph_edge	no_component_normalized_match_in_mSCIdblit
master_LR_union	COL9A2	SDC1	Col9a2	Sdc1					candidate_public_only_not_graph_edge	no_component_normalized_match_in_mSCIdblit
master_LR_union	COL9A2	SDC4	Col9a2	Sdc4					candidate_public_only_not_graph_edge	no_component_normalized_match_in_mSCIdblit
master_LR_union	COL9A3	CD44	Col9a3	Cd44					candidate_public_only_not_graph_edge	no_component_normalized_match_in_mSCIdblit
master_LR_union	COL9A3	GP6	Col9a3	Gp6					candidate_public_only_not_graph_edge	no_component_normalized_match_in_mSCIdblit
master_LR_union	COL9A3	ITGA1	Col9a3	Itga1					candidate_public_only_not_graph_edge	no_component_normalized_match_in_mSCIdblit
master_LR_union	COL9A3	ITGA1+ITGB1	Col9a3	Itga1_Itgb1					candidate_public_only_not_graph_edge	no_component_normalized_match_in_mSCIdblit
master_LR_union	COL9A3	ITGA10	Col9a3	Itga10					candidate_public_only_not_graph_edge	no_component_normalized_match_in_mSCIdblit
master_LR_union	COL9A3	ITGA10+ITGB1	Col9a3	Itga10_Itgb1					candidate_public_only_not_graph_edge	no_component_normalized_match_in_mSCIdblit
master_LR_union	COL9A3	ITGA11	Col9a3	Itga11					candidate_public_only_not_graph_edge	no_component_normalized_match_in_mSCIdblit
master_LR_union	COL9A3	ITGA11+ITGB1	Col9a3	Itga11_Itgb1					candidate_public_only_not_graph_edge	no_component_normalized_match_in_mSCIdblit
master_LR_union	COL9A3	ITGA2	Col9a3	Itga2					candidate_public_only_not_graph_edge	no_component_normalized_match_in_mSCIdblit
master_LR_union	COL9A3	ITGA2+ITGB1	Col9a3	Itga2_Itgb1					candidate_public_only_not_graph_edge	no_component_normalized_match_in_mSCIdblit
master_LR_union	COL9A3	ITGA3+ITGB1	Col9a3	Itga3_Itgb1					candidate_public_only_not_graph_edge	no_component_normalized_match_in_mSCIdblit
master_LR_union	COL9A3	ITGA9+ITGB1	Col9a3	Itga9_Itgb1					candidate_public_only_not_graph_edge	no_component_normalized_match_in_mSCIdblit
master_LR_union	COL9A3	ITGAV+ITGB8	Col9a3	Itgav_Itgb8					candidate_public_only_not_graph_edge	no_component_normalized_match_in_mSCIdblit
master_LR_union	COL9A3	ITGB1	Col9a3	Itgb1					candidate_public_only_not_graph_edge	no_component_normalized_match_in_mSCIdblit
master_LR_union	COL9A3	MAG	Col9a3	Mag					candidate_public_only_not_graph_edge	no_component_normalized_match_in_mSCIdblit
master_LR_union	COL9A3	SDC1	Col9a3	Sdc1					candidate_public_only_not_graph_edge	no_component_normalized_match_in_mSCIdblit
master_LR_union	COL9A3	SDC4	Col9a3	Sdc4					candidate_public_only_not_graph_edge	no_component_normalized_match_in_mSCIdblit
master_LR_union	COMP	ITGA2B	Comp	Itga2b					candidate_public_only_not_graph_edge	no_component_normalized_match_in_mSCIdblit
master_LR_union	COMP	ITGA3	Comp	Itga3					candidate_public_only_not_graph_edge	no_component_normalized_match_in_mSCIdblit
master_LR_union	COMP	ITGA3+ITGB1	Comp	Itga3_Itgb1					candidate_public_only_not_graph_edge	no_component_normalized_match_in_mSCIdblit
master_LR_union	COMP	ITGA5	Comp	Itga5					candidate_public_only_not_graph_edge	no_component_normalized_match_in_mSCIdblit
master_LR_union	COMP	ITGA7	Comp	Itga7					candidate_public_only_not_graph_edge	no_component_normalized_match_in_mSCIdblit
master_LR_union	COMP	ITGAV	Comp	Itgav					candidate_public_only_not_graph_edge	no_component_normalized_match_in_mSCIdblit
master_LR_union	COMP	ITGB1	Comp	Itgb1					candidate_public_only_not_graph_edge	no_component_normalized_match_in_mSCIdblit
master_LR_union	COMP	ITGB3	Comp	Itgb3					candidate_public_only_not_graph_edge	no_component_normalized_match_in_mSCIdblit
master_LR_union	COMP	SDC1	Comp	Sdc1					candidate_public_only_not_graph_edge	no_component_normalized_match_in_mSCIdblit
master_LR_union	COMP	SDC4	Comp	Sdc4					candidate_public_only_not_graph_edge	no_component_normalized_match_in_mSCIdblit
master_LR_union	COPA	CD74	Copa	Cd74					candidate_public_only_not_graph_edge	no_component_normalized_match_in_mSCIdblit
master_LR_union	COPA	MTNR1B	Copa	Mtnr1b					candidate_public_only_not_graph_edge	no_component_normalized_match_in_mSCIdblit
master_LR_union	COPA	NTRK1	Copa	Ntrk1					candidate_public_only_not_graph_edge	no_component_normalized_match_in_mSCIdblit
master_LR_union	COPA	NTSR2	Copa	Ntsr2					candidate_public_only_not_graph_edge	no_component_normalized_match_in_mSCIdblit
master_LR_union	COPA	P2RY6	Copa	P2ry6					candidate_public_only_not_graph_edge	no_component_normalized_match_in_mSCIdblit
master_LR_union	COPA	SORT1	Copa	Sort1					candidate_public_only_not_graph_edge	no_component_normalized_match_in_mSCIdblit
master_LR_union	CORIN	KIRREL	Corin	Kirrel					candidate_public_only_not_graph_edge	no_component_normalized_match_in_mSCIdblit
master_LR_union	CORIN	LRRC4C	Corin	Lrrc4c					candidate_public_only_not_graph_edge	no_component_normalized_match_in_mSCIdblit
master_LR_union	CORT	ADRA2A	Cort	Adra2a					candidate_public_only_not_graph_edge	no_component_normalized_match_in_mSCIdblit
master_LR_union	CORT	GRM7	Cort	Grm7					candidate_public_only_not_graph_edge	no_component_normalized_match_in_mSCIdblit
master_LR_union	CORT	MRGPRA1	Cort	Mrgpra1					candidate_public_only_not_graph_edge	no_component_normalized_match_in_mSCIdblit
master_LR_union	CORT	MRGPRA2A	Cort	Mrgpra2a					candidate_public_only_not_graph_edge	no_component_normalized_match_in_mSCIdblit
master_LR_union	CORT	MRGPRA2B	Cort	Mrgpra2b					candidate_public_only_not_graph_edge	no_component_normalized_match_in_mSCIdblit
master_LR_union	CORT	MRGPRA3	Cort	Mrgpra3					candidate_public_only_not_graph_edge	no_component_normalized_match_in_mSCIdblit
master_LR_union	CORT	MRGPRA4	Cort	Mrgpra4					candidate_public_only_not_graph_edge	no_component_normalized_match_in_mSCIdblit
master_LR_union	CORT	MRGPRA6	Cort	Mrgpra6					candidate_public_only_not_graph_edge	no_component_normalized_match_in_mSCIdblit
master_LR_union	CORT	MRGPRA9	Cort	Mrgpra9					candidate_public_only_not_graph_edge	no_component_normalized_match_in_mSCIdblit
master_LR_union	CORT	MRGPRB1	Cort	Mrgprb1					candidate_public_only_not_graph_edge	no_component_normalized_match_in_mSCIdblit
master_LR_union	CORT	MRGPRB2	Cort	Mrgprb2					candidate_public_only_not_graph_edge	no_component_normalized_match_in_mSCIdblit
master_LR_union	CORT	MRGPRB3	Cort	Mrgprb3					candidate_public_only_not_graph_edge	no_component_normalized_match_in_mSCIdblit
master_LR_union	CORT	MRGPRB4	Cort	Mrgprb4					candidate_public_only_not_graph_edge	no_component_normalized_match_in_mSCIdblit
master_LR_union	CORT	MRGPRB5	Cort	Mrgprb5					candidate_public_only_not_graph_edge	no_component_normalized_match_in_mSCIdblit
master_LR_union	CORT	MRGPRB8	Cort	Mrgprb8					candidate_public_only_not_graph_edge	no_component_normalized_match_in_mSCIdblit
master_LR_union	CORT	MRGPRX1	Cort	Mrgprx1					candidate_public_only_not_graph_edge	no_component_normalized_match_in_mSCIdblit
master_LR_union	CORT	MRGPRX2	Cort	Mrgprx2					candidate_public_only_not_graph_edge	no_component_normalized_match_in_mSCIdblit
master_LR_union	CORT	MTNR1A	Cort	Mtnr1a					candidate_public_only_not_graph_edge	no_component_normalized_match_in_mSCIdblit
master_LR_union	CP	SLC40A1	Cp	Slc40a1					candidate_public_only_not_graph_edge	no_component_normalized_match_in_mSCIdblit
master_LR_union	CP	SMO	Cp	Smo					candidate_public_only_not_graph_edge	no_component_normalized_match_in_mSCIdblit
master_LR_union	CRB3	LIN7C	Crb3	Lin7c					candidate_public_only_not_graph_edge	no_component_normalized_match_in_mSCIdblit
master_LR_union	CRB3	PATJ	Crb3	Patj					candidate_public_only_not_graph_edge	no_component_normalized_match_in_mSCIdblit
master_LR_union	CRH	ADCYAP1R1	Crh	Adcyap1r1					candidate_public_only_not_graph_edge	no_component_normalized_match_in_mSCIdblit
master_LR_union	CRH	ADRB2	Crh	Adrb2					candidate_public_only_not_graph_edge	no_component_normalized_match_in_mSCIdblit
master_LR_union	CRH	ADRB3	Crh	Adrb3					candidate_public_only_not_graph_edge	no_component_normalized_match_in_mSCIdblit
master_LR_union	CRH	GPR20	Crh	Gpr20					candidate_public_only_not_graph_edge	no_component_normalized_match_in_mSCIdblit
master_LR_union	CRH	GPR84	Crh	Gpr84					candidate_public_only_not_graph_edge	no_component_normalized_match_in_mSCIdblit
master_LR_union	CRH	MC2R	Crh	Mc2r					candidate_public_only_not_graph_edge	no_component_normalized_match_in_mSCIdblit
master_LR_union	CRH	PTH1R	Crh	Pth1r					candidate_public_only_not_graph_edge	no_component_normalized_match_in_mSCIdblit
master_LR_union	CRH	RAMP2	Crh	Ramp2					candidate_public_only_not_graph_edge	no_component_normalized_match_in_mSCIdblit
master_LR_union	CRH	RAMP3	Crh	Ramp3					candidate_public_only_not_graph_edge	no_component_normalized_match_in_mSCIdblit
master_LR_union	CRH	TSHR	Crh	Tshr					candidate_public_only_not_graph_edge	no_component_normalized_match_in_mSCIdblit
master_LR_union	CRH	VIPR1	Crh	Vipr1					candidate_public_only_not_graph_edge	no_component_normalized_match_in_mSCIdblit
master_LR_union	CRHR2	GNAS	Crhr2	Gnas					candidate_public_only_not_graph_edge	no_component_normalized_match_in_mSCIdblit
master_LR_union	CRISP1	A1BG	Crisp1	A1bg					candidate_public_only_not_graph_edge	no_component_normalized_match_in_mSCIdblit
master_LR_union	CRISP2	CATSPER1	Crisp2	Catsper1					candidate_public_only_not_graph_edge	no_component_normalized_match_in_mSCIdblit
master_LR_union	CRISP3	A1BG	Crisp3	A1bg					candidate_public_only_not_graph_edge	no_component_normalized_match_in_mSCIdblit
master_LR_union	CRLF1	CNTFR	Crlf1	Cntfr					candidate_public_only_not_graph_edge	no_component_normalized_match_in_mSCIdblit
master_LR_union	CRLF1	IL6ST	Crlf1	Il6st					candidate_public_only_not_graph_edge	no_component_normalized_match_in_mSCIdblit
master_LR_union	CRLF1	LIFR	Crlf1	Lifr					candidate_public_only_not_graph_edge	no_component_normalized_match_in_mSCIdblit
master_LR_union	CRLF1	SORL1	Crlf1	Sorl1					candidate_public_only_not_graph_edge	no_component_normalized_match_in_mSCIdblit
master_LR_union	CRLF2	CRLF2+IL7R+TSLP	Crlf2	Crlf2_Il7r_Tslp					candidate_public_only_not_graph_edge	no_component_normalized_match_in_mSCIdblit
master_LR_union	CRP	CR1L	Crp	Cr1l					candidate_public_only_not_graph_edge	no_component_normalized_match_in_mSCIdblit
master_LR_union	CRTAM	DSC3	Crtam	Dsc3					candidate_public_only_not_graph_edge	no_component_normalized_match_in_mSCIdblit
master_LR_union	CRTAM	ILDR2	Crtam	Ildr2					candidate_public_only_not_graph_edge	no_component_normalized_match_in_mSCIdblit
master_LR_union	CRTAM	MUC15	Crtam	Muc15					candidate_public_only_not_graph_edge	no_component_normalized_match_in_mSCIdblit
master_LR_union	CRTAM	NTRK3	Crtam	Ntrk3					candidate_public_only_not_graph_edge	no_component_normalized_match_in_mSCIdblit
master_LR_union	CSF1	CELSR3	Csf1	Celsr3					candidate_public_only_not_graph_edge	no_component_normalized_match_in_mSCIdblit
master_LR_union	CSF1	CSF1R	Csf1	Csf1r					candidate_public_only_not_graph_edge	no_component_normalized_match_in_mSCIdblit
master_LR_union	CSF1	CSF2RA	Csf1	Csf2ra					candidate_public_only_not_graph_edge	no_component_normalized_match_in_mSCIdblit
master_LR_union	CSF1	CSF3R	Csf1	Csf3r					candidate_public_only_not_graph_edge	no_component_normalized_match_in_mSCIdblit
master_LR_union	CSF1	SIRPA	Csf1	Sirpa					candidate_public_only_not_graph_edge	no_component_normalized_match_in_mSCIdblit
master_LR_union	CSF2	CSF1R	Csf2	Csf1r					candidate_public_only_not_graph_edge	no_component_normalized_match_in_mSCIdblit
master_LR_union	CSF2	CSF2RA	Csf2	Csf2ra					candidate_public_only_not_graph_edge	no_component_normalized_match_in_mSCIdblit
master_LR_union	CSF2	CSF2RB	Csf2	Csf2rb					candidate_public_only_not_graph_edge	no_component_normalized_match_in_mSCIdblit
master_LR_union	CSF2	CSF2RB2	Csf2	Csf2rb2					candidate_public_only_not_graph_edge	no_component_normalized_match_in_mSCIdblit
master_LR_union	CSF2	CSF3R	Csf2	Csf3r					candidate_public_only_not_graph_edge	no_component_normalized_match_in_mSCIdblit
master_LR_union	CSF2	IL3RA	Csf2	Il3ra					candidate_public_only_not_graph_edge	no_component_normalized_match_in_mSCIdblit
master_LR_union	CSF2	ITGA9	Csf2	Itga9					candidate_public_only_not_graph_edge	no_component_normalized_match_in_mSCIdblit
master_LR_union	CSF2	ITGB1	Csf2	Itgb1					candidate_public_only_not_graph_edge	no_component_normalized_match_in_mSCIdblit
master_LR_union	CSF2	SDC2	Csf2	Sdc2					candidate_public_only_not_graph_edge	no_component_normalized_match_in_mSCIdblit
master_LR_union	CSF3	CSF1R	Csf3	Csf1r					candidate_public_only_not_graph_edge	no_component_normalized_match_in_mSCIdblit
master_LR_union	CSF3	CSF2RA	Csf3	Csf2ra					candidate_public_only_not_graph_edge	no_component_normalized_match_in_mSCIdblit
master_LR_union	CSF3	CSF3R	Csf3	Csf3r					candidate_public_only_not_graph_edge	no_component_normalized_match_in_mSCIdblit
master_LR_union	CSPG4	ITGA3+ITGB1	Cspg4	Itga3_Itgb1					candidate_public_only_not_graph_edge	no_component_normalized_match_in_mSCIdblit
master_LR_union	CTF1	IL6ST	Ctf1	Il6st					candidate_public_only_not_graph_edge	no_component_normalized_match_in_mSCIdblit
master_LR_union	CTF1	LIFR	Ctf1	Lifr					candidate_public_only_not_graph_edge	no_component_normalized_match_in_mSCIdblit
master_LR_union	CTSD	APP	Ctsd	App					candidate_public_only_not_graph_edge	no_component_normalized_match_in_mSCIdblit
master_LR_union	CTSG	F2R	Ctsg	F2r					candidate_public_only_not_graph_edge	no_component_normalized_match_in_mSCIdblit
master_LR_union	CTSG	F2RL1	Ctsg	F2rl1					candidate_public_only_not_graph_edge	no_component_normalized_match_in_mSCIdblit
master_LR_union	CTSG	F2RL2	Ctsg	F2rl2					candidate_public_only_not_graph_edge	no_component_normalized_match_in_mSCIdblit
master_LR_union	CTSG	F2RL3	Ctsg	F2rl3					candidate_public_only_not_graph_edge	no_component_normalized_match_in_mSCIdblit
master_LR_union	CTSG	FPR1	Ctsg	Fpr1					candidate_public_only_not_graph_edge	no_component_normalized_match_in_mSCIdblit
master_LR_union	CTSG	PARD3	Ctsg	Pard3					candidate_public_only_not_graph_edge	no_component_normalized_match_in_mSCIdblit
master_LR_union	CUBN	LRP2	Cubn	Lrp2					candidate_public_only_not_graph_edge	no_component_normalized_match_in_mSCIdblit
master_LR_union	CX3CL1	ITGA4	Cx3cl1	Itga4					candidate_public_only_not_graph_edge	no_component_normalized_match_in_mSCIdblit
master_LR_union	CX3CL1	ITGAV	Cx3cl1	Itgav					candidate_public_only_not_graph_edge	no_component_normalized_match_in_mSCIdblit
master_LR_union	CX3CL1	ITGB1	Cx3cl1	Itgb1					candidate_public_only_not_graph_edge	no_component_normalized_match_in_mSCIdblit
master_LR_union	CX3CL1	ITGB3	Cx3cl1	Itgb3					candidate_public_only_not_graph_edge	no_component_normalized_match_in_mSCIdblit
master_LR_union	CXADR	JAML	Cxadr	Jaml					candidate_public_only_not_graph_edge	no_component_normalized_match_in_mSCIdblit
master_LR_union	CXCL1	ACKR1	Cxcl1	Ackr1					candidate_public_only_not_graph_edge	no_component_normalized_match_in_mSCIdblit
master_LR_union	CXCL1	ADRA2A	Cxcl1	Adra2a					candidate_public_only_not_graph_edge	no_component_normalized_match_in_mSCIdblit
master_LR_union	CXCL1	CXCR1	Cxcl1	Cxcr1					candidate_public_only_not_graph_edge	no_component_normalized_match_in_mSCIdblit
master_LR_union	CXCL1	DPP4	Cxcl1	Dpp4					candidate_public_only_not_graph_edge	no_component_normalized_match_in_mSCIdblit
master_LR_union	CXCL1	GRM7	Cxcl1	Grm7					candidate_public_only_not_graph_edge	no_component_normalized_match_in_mSCIdblit
master_LR_union	CXCL1	MTNR1A	Cxcl1	Mtnr1a					candidate_public_only_not_graph_edge	no_component_normalized_match_in_mSCIdblit
master_LR_union	CXCL1	XCR1	Cxcl1	Xcr1					candidate_public_only_not_graph_edge	no_component_normalized_match_in_mSCIdblit
master_LR_union	CXCL10	ACKR1	Cxcl10	Ackr1					candidate_public_only_not_graph_edge	no_component_normalized_match_in_mSCIdblit
master_LR_union	CXCL10	ADRA2A	Cxcl10	Adra2a					candidate_public_only_not_graph_edge	no_component_normalized_match_in_mSCIdblit
master_LR_union	CXCL10	CCR3	Cxcl10	Ccr3					candidate_public_only_not_graph_edge	no_component_normalized_match_in_mSCIdblit
master_LR_union	CXCL10	DPP4	Cxcl10	Dpp4					candidate_public_only_not_graph_edge	no_component_normalized_match_in_mSCIdblit
master_LR_union	CXCL10	GRM7	Cxcl10	Grm7					candidate_public_only_not_graph_edge	no_component_normalized_match_in_mSCIdblit
master_LR_union	CXCL10	MTNR1A	Cxcl10	Mtnr1a					candidate_public_only_not_graph_edge	no_component_normalized_match_in_mSCIdblit
master_LR_union	CXCL10	SDC4	Cxcl10	Sdc4					candidate_public_only_not_graph_edge	no_component_normalized_match_in_mSCIdblit
master_LR_union	CXCL10	TLR4	Cxcl10	Tlr4					candidate_public_only_not_graph_edge	no_component_normalized_match_in_mSCIdblit
master_LR_union	CXCL11	ACKR1	Cxcl11	Ackr1					candidate_public_only_not_graph_edge	no_component_normalized_match_in_mSCIdblit
master_LR_union	CXCL11	ACKR3	Cxcl11	Ackr3					candidate_public_only_not_graph_edge	no_component_normalized_match_in_mSCIdblit
master_LR_union	CXCL11	CCR3	Cxcl11	Ccr3					candidate_public_only_not_graph_edge	no_component_normalized_match_in_mSCIdblit
master_LR_union	CXCL11	CCR5	Cxcl11	Ccr5					candidate_public_only_not_graph_edge	no_component_normalized_match_in_mSCIdblit
master_LR_union	CXCL11	DPP4	Cxcl11	Dpp4					candidate_public_only_not_graph_edge	no_component_normalized_match_in_mSCIdblit
master_LR_union	CXCL12	ADRA2A	Cxcl12	Adra2a					candidate_public_only_not_graph_edge	no_component_normalized_match_in_mSCIdblit
master_LR_union	CXCL12	AVPR1A	Cxcl12	Avpr1a					candidate_public_only_not_graph_edge	no_component_normalized_match_in_mSCIdblit
master_LR_union	CXCL12	CCR4	Cxcl12	Ccr4					candidate_public_only_not_graph_edge	no_component_normalized_match_in_mSCIdblit
master_LR_union	CXCL12	CD4	Cxcl12	Cd4					candidate_public_only_not_graph_edge	no_component_normalized_match_in_mSCIdblit
master_LR_union	CXCL12	CXCR3	Cxcl12	Cxcr3					candidate_public_only_not_graph_edge	no_component_normalized_match_in_mSCIdblit
master_LR_union	CXCL12	DPP4	Cxcl12	Dpp4					candidate_public_only_not_graph_edge	no_component_normalized_match_in_mSCIdblit
master_LR_union	CXCL12	GRM7	Cxcl12	Grm7					candidate_public_only_not_graph_edge	no_component_normalized_match_in_mSCIdblit
master_LR_union	CXCL12	ITGA4	Cxcl12	Itga4					candidate_public_only_not_graph_edge	no_component_normalized_match_in_mSCIdblit
master_LR_union	CXCL12	ITGA5	Cxcl12	Itga5					candidate_public_only_not_graph_edge	no_component_normalized_match_in_mSCIdblit
master_LR_union	CXCL12	ITGAV	Cxcl12	Itgav					candidate_public_only_not_graph_edge	no_component_normalized_match_in_mSCIdblit
master_LR_union	CXCL12	ITGB1	Cxcl12	Itgb1					candidate_public_only_not_graph_edge	no_component_normalized_match_in_mSCIdblit
master_LR_union	CXCL12	ITGB3	Cxcl12	Itgb3					candidate_public_only_not_graph_edge	no_component_normalized_match_in_mSCIdblit
master_LR_union	CXCL12	MTNR1A	Cxcl12	Mtnr1a					candidate_public_only_not_graph_edge	no_component_normalized_match_in_mSCIdblit
master_LR_union	CXCL13	ACKR1	Cxcl13	Ackr1					candidate_public_only_not_graph_edge	no_component_normalized_match_in_mSCIdblit
master_LR_union	CXCL13	ACKR4	Cxcl13	Ackr4					candidate_public_only_not_graph_edge	no_component_normalized_match_in_mSCIdblit
master_LR_union	CXCL13	ADRA2A	Cxcl13	Adra2a					candidate_public_only_not_graph_edge	no_component_normalized_match_in_mSCIdblit
master_LR_union	CXCL13	CCR10	Cxcl13	Ccr10					candidate_public_only_not_graph_edge	no_component_normalized_match_in_mSCIdblit
master_LR_union	CXCL13	CXCR3	Cxcl13	Cxcr3					candidate_public_only_not_graph_edge	no_component_normalized_match_in_mSCIdblit
master_LR_union	CXCL13	GRM7	Cxcl13	Grm7					candidate_public_only_not_graph_edge	no_component_normalized_match_in_mSCIdblit
master_LR_union	CXCL13	MTNR1A	Cxcl13	Mtnr1a					candidate_public_only_not_graph_edge	no_component_normalized_match_in_mSCIdblit
master_LR_union	CXCL13	OPRD1	Cxcl13	Oprd1					candidate_public_only_not_graph_edge	no_component_normalized_match_in_mSCIdblit
master_LR_union	CXCL16	ADRA2A	Cxcl16	Adra2a					candidate_public_only_not_graph_edge	no_component_normalized_match_in_mSCIdblit
master_LR_union	CXCL16	GRM7	Cxcl16	Grm7					candidate_public_only_not_graph_edge	no_component_normalized_match_in_mSCIdblit
master_LR_union	CXCL16	MTNR1A	Cxcl16	Mtnr1a					candidate_public_only_not_graph_edge	no_component_normalized_match_in_mSCIdblit
master_LR_union	CXCL17	GPR35	Cxcl17	Gpr35					candidate_public_only_not_graph_edge	no_component_normalized_match_in_mSCIdblit
master_LR_union	CXCL2	ACKR1	Cxcl2	Ackr1					candidate_public_only_not_graph_edge	no_component_normalized_match_in_mSCIdblit
master_LR_union	CXCL2	ADRA2A	Cxcl2	Adra2a					candidate_public_only_not_graph_edge	no_component_normalized_match_in_mSCIdblit
master_LR_union	CXCL2	CXCR1	Cxcl2	Cxcr1					candidate_public_only_not_graph_edge	no_component_normalized_match_in_mSCIdblit
master_LR_union	CXCL2	GRM7	Cxcl2	Grm7					candidate_public_only_not_graph_edge	no_component_normalized_match_in_mSCIdblit
master_LR_union	CXCL2	MTNR1A	Cxcl2	Mtnr1a					candidate_public_only_not_graph_edge	no_component_normalized_match_in_mSCIdblit
master_LR_union	CXCL3	ACKR1	Cxcl3	Ackr1					candidate_public_only_not_graph_edge	no_component_normalized_match_in_mSCIdblit
master_LR_union	CXCL3	CXCR1	Cxcl3	Cxcr1					candidate_public_only_not_graph_edge	no_component_normalized_match_in_mSCIdblit
master_LR_union	CXCL5	ACKR1	Cxcl5	Ackr1					candidate_public_only_not_graph_edge	no_component_normalized_match_in_mSCIdblit
master_LR_union	CXCL5	ADRA2A	Cxcl5	Adra2a					candidate_public_only_not_graph_edge	no_component_normalized_match_in_mSCIdblit
master_LR_union	CXCL5	CXCR1	Cxcl5	Cxcr1					candidate_public_only_not_graph_edge	no_component_normalized_match_in_mSCIdblit
master_LR_union	CXCL5	GRM7	Cxcl5	Grm7					candidate_public_only_not_graph_edge	no_component_normalized_match_in_mSCIdblit
master_LR_union	CXCL5	MTNR1A	Cxcl5	Mtnr1a					candidate_public_only_not_graph_edge	no_component_normalized_match_in_mSCIdblit
master_LR_union	CXCL9	ACKR1	Cxcl9	Ackr1					candidate_public_only_not_graph_edge	no_component_normalized_match_in_mSCIdblit
master_LR_union	CXCL9	CCR3	Cxcl9	Ccr3					candidate_public_only_not_graph_edge	no_component_normalized_match_in_mSCIdblit
master_LR_union	CXCL9	DPP4	Cxcl9	Dpp4					candidate_public_only_not_graph_edge	no_component_normalized_match_in_mSCIdblit
master_LR_union	CYP11A1	NR1H4	Cyp11a1	Nr1h4					candidate_public_only_not_graph_edge	no_component_normalized_match_in_mSCIdblit
master_LR_union	CYP11A1+FDX1+FDX2	NR1I2	Cyp11a1_Fdx2_Fdx1	Nr1i2					candidate_public_only_not_graph_edge	no_component_normalized_match_in_mSCIdblit
master_LR_union	CYP11B1+CYP11B2	NR3C1	Cyp11b2_Cyp11b1	Nr3c1					candidate_public_only_not_graph_edge	no_component_normalized_match_in_mSCIdblit
master_LR_union	CYP11B1+CYP11B2	NR3C2	Cyp11b2_Cyp11b1	Nr3c2					candidate_public_only_not_graph_edge	no_component_normalized_match_in_mSCIdblit
master_LR_union	CYP17A1	AR	Cyp17a1	Ar					candidate_public_only_not_graph_edge	no_component_normalized_match_in_mSCIdblit
master_LR_union	CYP19A1	ESR1	Cyp19a1	Esr1					candidate_public_only_not_graph_edge	no_component_normalized_match_in_mSCIdblit
master_LR_union	CYP19A1	ESR2	Cyp19a1	Esr2					candidate_public_only_not_graph_edge	no_component_normalized_match_in_mSCIdblit
master_LR_union	CYP19A1	GPER1	Cyp19a1	Gper1					candidate_public_only_not_graph_edge	no_component_normalized_match_in_mSCIdblit
master_LR_union	CYP19A1	NR1I2	Cyp19a1	Nr1i2					candidate_public_only_not_graph_edge	no_component_normalized_match_in_mSCIdblit
master_LR_union	CYP21A1+FDXR	NR3C2	Cyp21a1_Fdxr	Nr3c2					candidate_public_only_not_graph_edge	no_component_normalized_match_in_mSCIdblit
master_LR_union	CYP27B1	VDR	Cyp27b1	Vdr					candidate_public_only_not_graph_edge	no_component_normalized_match_in_mSCIdblit
master_LR_union	CYP3A13	NR1H4	Cyp3a13	Nr1h4					candidate_public_only_not_graph_edge	no_component_normalized_match_in_mSCIdblit
master_LR_union	DAGLA	CNR1	Dagla	Cnr1					candidate_public_only_not_graph_edge	no_component_normalized_match_in_mSCIdblit
master_LR_union	DAGLA	CNR2	Dagla	Cnr2					candidate_public_only_not_graph_edge	no_component_normalized_match_in_mSCIdblit
master_LR_union	DAGLA	GPR55	Dagla	Gpr55					candidate_public_only_not_graph_edge	no_component_normalized_match_in_mSCIdblit
master_LR_union	DAGLB	CNR1	Daglb	Cnr1					candidate_public_only_not_graph_edge	no_component_normalized_match_in_mSCIdblit
master_LR_union	DAGLB	CNR2	Daglb	Cnr2					candidate_public_only_not_graph_edge	no_component_normalized_match_in_mSCIdblit
master_LR_union	DAGLB	GPR55	Daglb	Gpr55					candidate_public_only_not_graph_edge	no_component_normalized_match_in_mSCIdblit
master_LR_union	DBH	ADRA1A	Dbh	Adra1a					candidate_public_only_not_graph_edge	no_component_normalized_match_in_mSCIdblit
master_LR_union	DBH	ADRA1B	Dbh	Adra1b					candidate_public_only_not_graph_edge	no_component_normalized_match_in_mSCIdblit
master_LR_union	DBH	ADRA1D	Dbh	Adra1d					candidate_public_only_not_graph_edge	no_component_normalized_match_in_mSCIdblit
master_LR_union	DBH	ADRA2A	Dbh	Adra2a					candidate_public_only_not_graph_edge	no_component_normalized_match_in_mSCIdblit
master_LR_union	DBH	ADRA2B	Dbh	Adra2b					candidate_public_only_not_graph_edge	no_component_normalized_match_in_mSCIdblit
master_LR_union	DBH	ADRA2C	Dbh	Adra2c					candidate_public_only_not_graph_edge	no_component_normalized_match_in_mSCIdblit
master_LR_union	DBH	ADRB1	Dbh	Adrb1					candidate_public_only_not_graph_edge	no_component_normalized_match_in_mSCIdblit
master_LR_union	DBH	ADRB2	Dbh	Adrb2					candidate_public_only_not_graph_edge	no_component_normalized_match_in_mSCIdblit
master_LR_union	DBH	ADRB3	Dbh	Adrb3					candidate_public_only_not_graph_edge	no_component_normalized_match_in_mSCIdblit
master_LR_union	DBH	GPR161	Dbh	Gpr161					candidate_public_only_not_graph_edge	no_component_normalized_match_in_mSCIdblit
master_LR_union	DBH+SLC18A1	ADRA1A	Dbh_Slc18a1	Adra1a					candidate_public_only_not_graph_edge	no_component_normalized_match_in_mSCIdblit
master_LR_union	DBH+SLC18A1	ADRA1B	Dbh_Slc18a1	Adra1b					candidate_public_only_not_graph_edge	no_component_normalized_match_in_mSCIdblit
master_LR_union	DBH+SLC18A1	ADRA1D	Dbh_Slc18a1	Adra1d					candidate_public_only_not_graph_edge	no_component_normalized_match_in_mSCIdblit
master_LR_union	DBH+SLC18A1	ADRA2A	Dbh_Slc18a1	Adra2a					candidate_public_only_not_graph_edge	no_component_normalized_match_in_mSCIdblit
master_LR_union	DBH+SLC18A1	ADRA2B	Dbh_Slc18a1	Adra2b					candidate_public_only_not_graph_edge	no_component_normalized_match_in_mSCIdblit
master_LR_union	DBH+SLC18A1	ADRA2C	Dbh_Slc18a1	Adra2c					candidate_public_only_not_graph_edge	no_component_normalized_match_in_mSCIdblit
master_LR_union	DBH+SLC18A1	ADRB1	Dbh_Slc18a1	Adrb1					candidate_public_only_not_graph_edge	no_component_normalized_match_in_mSCIdblit
master_LR_union	DBH+SLC18A1	ADRB2	Dbh_Slc18a1	Adrb2					candidate_public_only_not_graph_edge	no_component_normalized_match_in_mSCIdblit
master_LR_union	DBH+SLC18A1	ADRB3	Dbh_Slc18a1	Adrb3					candidate_public_only_not_graph_edge	no_component_normalized_match_in_mSCIdblit
master_LR_union	DBH+SLC18A2	ADRA1A	Dbh_Slc18a2	Adra1a					candidate_public_only_not_graph_edge	no_component_normalized_match_in_mSCIdblit
master_LR_union	DBH+SLC18A2	ADRA1B	Dbh_Slc18a2	Adra1b					candidate_public_only_not_graph_edge	no_component_normalized_match_in_mSCIdblit
master_LR_union	DBH+SLC18A2	ADRA1D	Dbh_Slc18a2	Adra1d					candidate_public_only_not_graph_edge	no_component_normalized_match_in_mSCIdblit
master_LR_union	DBH+SLC18A2	ADRA2A	Dbh_Slc18a2	Adra2a					candidate_public_only_not_graph_edge	no_component_normalized_match_in_mSCIdblit
master_LR_union	DBH+SLC18A2	ADRA2B	Dbh_Slc18a2	Adra2b					candidate_public_only_not_graph_edge	no_component_normalized_match_in_mSCIdblit
master_LR_union	DBH+SLC18A2	ADRA2C	Dbh_Slc18a2	Adra2c					candidate_public_only_not_graph_edge	no_component_normalized_match_in_mSCIdblit
master_LR_union	DBH+SLC18A2	ADRB1	Dbh_Slc18a2	Adrb1					candidate_public_only_not_graph_edge	no_component_normalized_match_in_mSCIdblit
master_LR_union	DBH+SLC18A2	ADRB2	Dbh_Slc18a2	Adrb2					candidate_public_only_not_graph_edge	no_component_normalized_match_in_mSCIdblit
master_LR_union	DBH+SLC18A2	ADRB3	Dbh_Slc18a2	Adrb3					candidate_public_only_not_graph_edge	no_component_normalized_match_in_mSCIdblit
master_LR_union	DBH+SLC6A2	ADRA1A	Dbh_Slc6a2	Adra1a					candidate_public_only_not_graph_edge	no_component_normalized_match_in_mSCIdblit
master_LR_union	DBH+SLC6A2	ADRA1B	Dbh_Slc6a2	Adra1b					candidate_public_only_not_graph_edge	no_component_normalized_match_in_mSCIdblit
master_LR_union	DBH+SLC6A2	ADRA1D	Dbh_Slc6a2	Adra1d					candidate_public_only_not_graph_edge	no_component_normalized_match_in_mSCIdblit
master_LR_union	DBH+SLC6A2	ADRA2A	Dbh_Slc6a2	Adra2a					candidate_public_only_not_graph_edge	no_component_normalized_match_in_mSCIdblit
master_LR_union	DBH+SLC6A2	ADRA2B	Dbh_Slc6a2	Adra2b					candidate_public_only_not_graph_edge	no_component_normalized_match_in_mSCIdblit
master_LR_union	DBH+SLC6A2	ADRA2C	Dbh_Slc6a2	Adra2c					candidate_public_only_not_graph_edge	no_component_normalized_match_in_mSCIdblit
master_LR_union	DBH+SLC6A2	ADRB1	Dbh_Slc6a2	Adrb1					candidate_public_only_not_graph_edge	no_component_normalized_match_in_mSCIdblit
master_LR_union	DBH+SLC6A2	ADRB2	Dbh_Slc6a2	Adrb2					candidate_public_only_not_graph_edge	no_component_normalized_match_in_mSCIdblit
master_LR_union	DBH+SLC6A2	ADRB3	Dbh_Slc6a2	Adrb3					candidate_public_only_not_graph_edge	no_component_normalized_match_in_mSCIdblit
master_LR_union	DCHS1	FAT4	Dchs1	Fat4					candidate_public_only_not_graph_edge	no_component_normalized_match_in_mSCIdblit
master_LR_union	DCN	ERBB4	Dcn	Erbb4					candidate_public_only_not_graph_edge	no_component_normalized_match_in_mSCIdblit
master_LR_union	DCN	IGF1R	Dcn	Igf1r					candidate_public_only_not_graph_edge	no_component_normalized_match_in_mSCIdblit
master_LR_union	DCN	KDR	Dcn	Kdr					candidate_public_only_not_graph_edge	no_component_normalized_match_in_mSCIdblit
master_LR_union	DCN	LRP1	Dcn	Lrp1					candidate_public_only_not_graph_edge	no_component_normalized_match_in_mSCIdblit
master_LR_union	DCN	TLR2	Dcn	Tlr2					candidate_public_only_not_graph_edge	no_component_normalized_match_in_mSCIdblit
master_LR_union	DDC	DRD1	Ddc	Drd1					candidate_public_only_not_graph_edge	no_component_normalized_match_in_mSCIdblit
master_LR_union	DDC	DRD2	Ddc	Drd2					candidate_public_only_not_graph_edge	no_component_normalized_match_in_mSCIdblit
master_LR_union	DDC	DRD3	Ddc	Drd3					candidate_public_only_not_graph_edge	no_component_normalized_match_in_mSCIdblit
master_LR_union	DDC	DRD4	Ddc	Drd4					candidate_public_only_not_graph_edge	no_component_normalized_match_in_mSCIdblit
master_LR_union	DDC	DRD5	Ddc	Drd5					candidate_public_only_not_graph_edge	no_component_normalized_match_in_mSCIdblit
master_LR_union	DDC	HTR1A	Ddc	Htr1a					candidate_public_only_not_graph_edge	no_component_normalized_match_in_mSCIdblit
master_LR_union	DDC	HTR1B	Ddc	Htr1b					candidate_public_only_not_graph_edge	no_component_normalized_match_in_mSCIdblit
master_LR_union	DDC	HTR1D	Ddc	Htr1d					candidate_public_only_not_graph_edge	no_component_normalized_match_in_mSCIdblit
master_LR_union	DDC	HTR1F	Ddc	Htr1f					candidate_public_only_not_graph_edge	no_component_normalized_match_in_mSCIdblit
master_LR_union	DDC	HTR2A	Ddc	Htr2a					candidate_public_only_not_graph_edge	no_component_normalized_match_in_mSCIdblit
master_LR_union	DDC	HTR2B	Ddc	Htr2b					candidate_public_only_not_graph_edge	no_component_normalized_match_in_mSCIdblit
master_LR_union	DDC	HTR2C	Ddc	Htr2c					candidate_public_only_not_graph_edge	no_component_normalized_match_in_mSCIdblit
master_LR_union	DDC	HTR3A	Ddc	Htr3a					candidate_public_only_not_graph_edge	no_component_normalized_match_in_mSCIdblit
master_LR_union	DDC	HTR3B	Ddc	Htr3b					candidate_public_only_not_graph_edge	no_component_normalized_match_in_mSCIdblit
master_LR_union	DDC	HTR4	Ddc	Htr4					candidate_public_only_not_graph_edge	no_component_normalized_match_in_mSCIdblit
master_LR_union	DDC	HTR5A	Ddc	Htr5a					candidate_public_only_not_graph_edge	no_component_normalized_match_in_mSCIdblit
master_LR_union	DDC	HTR6	Ddc	Htr6					candidate_public_only_not_graph_edge	no_component_normalized_match_in_mSCIdblit
master_LR_union	DDC	HTR7	Ddc	Htr7					candidate_public_only_not_graph_edge	no_component_normalized_match_in_mSCIdblit
master_LR_union	DDC+SLC18A1	DRD1	Ddc_Slc18a1	Drd1					candidate_public_only_not_graph_edge	no_component_normalized_match_in_mSCIdblit
master_LR_union	DDC+SLC18A1	DRD2	Ddc_Slc18a1	Drd2					candidate_public_only_not_graph_edge	no_component_normalized_match_in_mSCIdblit
master_LR_union	DDC+SLC18A1	DRD3	Ddc_Slc18a1	Drd3					candidate_public_only_not_graph_edge	no_component_normalized_match_in_mSCIdblit
master_LR_union	DDC+SLC18A1	DRD4	Ddc_Slc18a1	Drd4					candidate_public_only_not_graph_edge	no_component_normalized_match_in_mSCIdblit
master_LR_union	DDC+SLC18A1	DRD5	Ddc_Slc18a1	Drd5					candidate_public_only_not_graph_edge	no_component_normalized_match_in_mSCIdblit
master_LR_union	DDC+SLC18A2	DRD1	Ddc_Slc18a2	Drd1					candidate_public_only_not_graph_edge	no_component_normalized_match_in_mSCIdblit
master_LR_union	DDC+SLC18A2	DRD2	Ddc_Slc18a2	Drd2					candidate_public_only_not_graph_edge	no_component_normalized_match_in_mSCIdblit
master_LR_union	DDC+SLC18A2	DRD3	Ddc_Slc18a2	Drd3					candidate_public_only_not_graph_edge	no_component_normalized_match_in_mSCIdblit
master_LR_union	DDC+SLC18A2	DRD4	Ddc_Slc18a2	Drd4					candidate_public_only_not_graph_edge	no_component_normalized_match_in_mSCIdblit
master_LR_union	DDC+SLC18A2	DRD5	Ddc_Slc18a2	Drd5					candidate_public_only_not_graph_edge	no_component_normalized_match_in_mSCIdblit
master_LR_union	DDC+SLC6A3	DRD1	Ddc_Slc6a3	Drd1					candidate_public_only_not_graph_edge	no_component_normalized_match_in_mSCIdblit
master_LR_union	DDC+SLC6A3	DRD2	Ddc_Slc6a3	Drd2					candidate_public_only_not_graph_edge	no_component_normalized_match_in_mSCIdblit
master_LR_union	DDC+SLC6A3	DRD3	Ddc_Slc6a3	Drd3					candidate_public_only_not_graph_edge	no_component_normalized_match_in_mSCIdblit
master_LR_union	DDC+SLC6A3	DRD4	Ddc_Slc6a3	Drd4					candidate_public_only_not_graph_edge	no_component_normalized_match_in_mSCIdblit
master_LR_union	DDC+SLC6A3	DRD5	Ddc_Slc6a3	Drd5					candidate_public_only_not_graph_edge	no_component_normalized_match_in_mSCIdblit
master_LR_union	DEFB14	CCR2	Defb14	Ccr2					candidate_public_only_not_graph_edge	no_component_normalized_match_in_mSCIdblit
master_LR_union	DEFB14	CCR6	Defb14	Ccr6					candidate_public_only_not_graph_edge	no_component_normalized_match_in_mSCIdblit
master_LR_union	DHCR24	RORA	Dhcr24	Rora					candidate_public_only_not_graph_edge	no_component_normalized_match_in_mSCIdblit
master_LR_union	DHCR24	RORC	Dhcr24	Rorc					candidate_public_only_not_graph_edge	no_component_normalized_match_in_mSCIdblit
master_LR_union	DHCR7	NR1H2	Dhcr7	Nr1h2					candidate_public_only_not_graph_edge	no_component_normalized_match_in_mSCIdblit
master_LR_union	DHCR7	NR1H3	Dhcr7	Nr1h3					candidate_public_only_not_graph_edge	no_component_normalized_match_in_mSCIdblit
master_LR_union	DHCR7	RORA	Dhcr7	Rora					candidate_public_only_not_graph_edge	no_component_normalized_match_in_mSCIdblit
master_LR_union	DHCR7	RORC	Dhcr7	Rorc					candidate_public_only_not_graph_edge	no_component_normalized_match_in_mSCIdblit
master_LR_union	DHH	PTCH1	Dhh	Ptch1					candidate_public_only_not_graph_edge	no_component_normalized_match_in_mSCIdblit
master_LR_union	DHH	PTCH1+SMO	Dhh	Ptch1_Smo					candidate_public_only_not_graph_edge	no_component_normalized_match_in_mSCIdblit
master_LR_union	DHH	PTCH2	Dhh	Ptch2					candidate_public_only_not_graph_edge	no_component_normalized_match_in_mSCIdblit
master_LR_union	DHH	PTCH2+SMO	Dhh	Ptch2_Smo					candidate_public_only_not_graph_edge	no_component_normalized_match_in_mSCIdblit
master_LR_union	DHRS9	PGR	Dhrs9	Pgr					candidate_public_only_not_graph_edge	no_component_normalized_match_in_mSCIdblit
master_LR_union	DIO3+TG	THRA	Dio3_Tg	Thra					candidate_public_only_not_graph_edge	no_component_normalized_match_in_mSCIdblit
master_LR_union	DIO3+TG	THRB	Dio3_Tg	Thrb					candidate_public_only_not_graph_edge	no_component_normalized_match_in_mSCIdblit
master_LR_union	DKK4	LRP5	Dkk4	Lrp5					candidate_public_only_not_graph_edge	no_component_normalized_match_in_mSCIdblit
master_LR_union	DLK1	ACVR2B	Dlk1	Acvr2b					candidate_public_only_not_graph_edge	no_component_normalized_match_in_mSCIdblit
master_LR_union	DLK1	ERBB4	Dlk1	Erbb4					candidate_public_only_not_graph_edge	no_component_normalized_match_in_mSCIdblit
master_LR_union	DLK1	NOTCH1	Dlk1	Notch1					candidate_public_only_not_graph_edge	no_component_normalized_match_in_mSCIdblit
master_LR_union	DLK1	NOTCH2	Dlk1	Notch2					candidate_public_only_not_graph_edge	no_component_normalized_match_in_mSCIdblit
master_LR_union	DLK1	NOTCH3	Dlk1	Notch3					candidate_public_only_not_graph_edge	no_component_normalized_match_in_mSCIdblit
master_LR_union	DLK1	NOTCH4	Dlk1	Notch4					candidate_public_only_not_graph_edge	no_component_normalized_match_in_mSCIdblit
master_LR_union	DLK2	NOTCH1	Dlk2	Notch1					candidate_public_only_not_graph_edge	no_component_normalized_match_in_mSCIdblit
master_LR_union	DLL1	MUSK	Dll1	Musk					candidate_public_only_not_graph_edge	no_component_normalized_match_in_mSCIdblit
master_LR_union	DLL1	NOTCH4	Dll1	Notch4					candidate_public_only_not_graph_edge	no_component_normalized_match_in_mSCIdblit
master_LR_union	DLL3	NOTCH3	Dll3	Notch3					candidate_public_only_not_graph_edge	no_component_normalized_match_in_mSCIdblit
master_LR_union	DLL3	NOTCH4	Dll3	Notch4					candidate_public_only_not_graph_edge	no_component_normalized_match_in_mSCIdblit
master_LR_union	DLL4	NOTCH2	Dll4	Notch2					candidate_public_only_not_graph_edge	no_component_normalized_match_in_mSCIdblit
master_LR_union	DMP1	ITGAV	Dmp1	Itgav					candidate_public_only_not_graph_edge	no_component_normalized_match_in_mSCIdblit
master_LR_union	DMP1	ITGB3	Dmp1	Itgb3					candidate_public_only_not_graph_edge	no_component_normalized_match_in_mSCIdblit
master_LR_union	DMP1	PHEX	Dmp1	Phex					candidate_public_only_not_graph_edge	no_component_normalized_match_in_mSCIdblit
master_LR_union	DNAJB11	PRTG	Dnajb11	Prtg					candidate_public_only_not_graph_edge	no_component_normalized_match_in_mSCIdblit
master_LR_union	DPEP1	CYSLTR1	Dpep1	Cysltr1					candidate_public_only_not_graph_edge	no_component_normalized_match_in_mSCIdblit
master_LR_union	DPEP1	CYSLTR2	Dpep1	Cysltr2					candidate_public_only_not_graph_edge	no_component_normalized_match_in_mSCIdblit
master_LR_union	DPEP2	CYSLTR1	Dpep2	Cysltr1					candidate_public_only_not_graph_edge	no_component_normalized_match_in_mSCIdblit
master_LR_union	DPEP2	CYSLTR2	Dpep2	Cysltr2					candidate_public_only_not_graph_edge	no_component_normalized_match_in_mSCIdblit
master_LR_union	DPEP3	CYSLTR1	Dpep3	Cysltr1					candidate_public_only_not_graph_edge	no_component_normalized_match_in_mSCIdblit
master_LR_union	DPEP3	CYSLTR2	Dpep3	Cysltr2					candidate_public_only_not_graph_edge	no_component_normalized_match_in_mSCIdblit
master_LR_union	DSC1	DSG1A	Dsc1	Dsg1a					candidate_public_only_not_graph_edge	no_component_normalized_match_in_mSCIdblit
master_LR_union	DSC1	DSG1B	Dsc1	Dsg1b					candidate_public_only_not_graph_edge	no_component_normalized_match_in_mSCIdblit
master_LR_union	DSC1	DSG1C	Dsc1	Dsg1c					candidate_public_only_not_graph_edge	no_component_normalized_match_in_mSCIdblit
master_LR_union	DSC1	DSG2	Dsc1	Dsg2					candidate_public_only_not_graph_edge	no_component_normalized_match_in_mSCIdblit
master_LR_union	DSC2	DSG1A	Dsc2	Dsg1a					candidate_public_only_not_graph_edge	no_component_normalized_match_in_mSCIdblit
master_LR_union	DSC2	DSG1B	Dsc2	Dsg1b					candidate_public_only_not_graph_edge	no_component_normalized_match_in_mSCIdblit
master_LR_union	DSC2	DSG1C	Dsc2	Dsg1c					candidate_public_only_not_graph_edge	no_component_normalized_match_in_mSCIdblit
master_LR_union	DSC2	DSG2	Dsc2	Dsg2					candidate_public_only_not_graph_edge	no_component_normalized_match_in_mSCIdblit
master_LR_union	DSC3	DSG1A	Dsc3	Dsg1a					candidate_public_only_not_graph_edge	no_component_normalized_match_in_mSCIdblit
master_LR_union	DSC3	DSG1B	Dsc3	Dsg1b					candidate_public_only_not_graph_edge	no_component_normalized_match_in_mSCIdblit
master_LR_union	DSC3	DSG1C	Dsc3	Dsg1c					candidate_public_only_not_graph_edge	no_component_normalized_match_in_mSCIdblit
master_LR_union	DSC3	DSG2	Dsc3	Dsg2					candidate_public_only_not_graph_edge	no_component_normalized_match_in_mSCIdblit
master_LR_union	DSC3	DSG3	Dsc3	Dsg3					candidate_public_only_not_graph_edge	no_component_normalized_match_in_mSCIdblit
master_LR_union	DSCAM	DCC	Dscam	Dcc					candidate_public_only_not_graph_edge	no_component_normalized_match_in_mSCIdblit
master_LR_union	DSCAM	DSCAM	Dscam	Dscam					candidate_public_only_not_graph_edge	no_component_normalized_match_in_mSCIdblit
master_LR_union	DSCAM	NOTCH3	Dscam	Notch3					candidate_public_only_not_graph_edge	no_component_normalized_match_in_mSCIdblit
master_LR_union	DSCAM	PTPRK	Dscam	Ptprk					candidate_public_only_not_graph_edge	no_component_normalized_match_in_mSCIdblit
master_LR_union	DSCAM	PTPRM	Dscam	Ptprm					candidate_public_only_not_graph_edge	no_component_normalized_match_in_mSCIdblit
master_LR_union	DSCAM	PTPRT	Dscam	Ptprt					candidate_public_only_not_graph_edge	no_component_normalized_match_in_mSCIdblit
master_LR_union	DSCAML1	AQP9	Dscaml1	Aqp9					candidate_public_only_not_graph_edge	no_component_normalized_match_in_mSCIdblit
master_LR_union	DSCAML1	PTPRK	Dscaml1	Ptprk					candidate_public_only_not_graph_edge	no_component_normalized_match_in_mSCIdblit
master_LR_union	DSCAML1	PTPRM	Dscaml1	Ptprm					candidate_public_only_not_graph_edge	no_component_normalized_match_in_mSCIdblit
master_LR_union	DSCAML1	PTPRT	Dscaml1	Ptprt					candidate_public_only_not_graph_edge	no_component_normalized_match_in_mSCIdblit
master_LR_union	DSG1A	DSC3	Dsg1a	Dsc3					candidate_public_only_not_graph_edge	no_component_normalized_match_in_mSCIdblit
master_LR_union	DSG1A	FLT4	Dsg1a	Flt4					candidate_public_only_not_graph_edge	no_component_normalized_match_in_mSCIdblit
master_LR_union	DSG1B	DSC3	Dsg1b	Dsc3					candidate_public_only_not_graph_edge	no_component_normalized_match_in_mSCIdblit
master_LR_union	DSG1B	FLT4	Dsg1b	Flt4					candidate_public_only_not_graph_edge	no_component_normalized_match_in_mSCIdblit
master_LR_union	DSG1C	DSC3	Dsg1c	Dsc3					candidate_public_only_not_graph_edge	no_component_normalized_match_in_mSCIdblit
master_LR_union	DSG1C	FLT4	Dsg1c	Flt4					candidate_public_only_not_graph_edge	no_component_normalized_match_in_mSCIdblit
master_LR_union	DSPP	ITGAV	Dspp	Itgav					candidate_public_only_not_graph_edge	no_component_normalized_match_in_mSCIdblit
master_LR_union	DSPP	ITGAV+ITGB6	Dspp	Itgav_Itgb6					candidate_public_only_not_graph_edge	no_component_normalized_match_in_mSCIdblit
master_LR_union	DSPP	ITGB1	Dspp	Itgb1					candidate_public_only_not_graph_edge	no_component_normalized_match_in_mSCIdblit
master_LR_union	DSPP	ITGB6	Dspp	Itgb6					candidate_public_only_not_graph_edge	no_component_normalized_match_in_mSCIdblit
master_LR_union	DUSP18	CD151	Dusp18	Cd151					candidate_public_only_not_graph_edge	no_component_normalized_match_in_mSCIdblit
master_LR_union	DUSP18	ITGA1	Dusp18	Itga1					candidate_public_only_not_graph_edge	no_component_normalized_match_in_mSCIdblit
master_LR_union	DUSP18	ITGA2	Dusp18	Itga2					candidate_public_only_not_graph_edge	no_component_normalized_match_in_mSCIdblit
master_LR_union	DUSP18	ITGA3	Dusp18	Itga3					candidate_public_only_not_graph_edge	no_component_normalized_match_in_mSCIdblit
master_LR_union	DUSP18	ITGA6	Dusp18	Itga6					candidate_public_only_not_graph_edge	no_component_normalized_match_in_mSCIdblit
master_LR_union	DUSP18	ITGA7	Dusp18	Itga7					candidate_public_only_not_graph_edge	no_component_normalized_match_in_mSCIdblit
master_LR_union	DUSP18	ITGB1	Dusp18	Itgb1					candidate_public_only_not_graph_edge	no_component_normalized_match_in_mSCIdblit
master_LR_union	DUSP18	ITGB4	Dusp18	Itgb4					candidate_public_only_not_graph_edge	no_component_normalized_match_in_mSCIdblit
master_LR_union	DUSP18	RPSA	Dusp18	Rpsa					candidate_public_only_not_graph_edge	no_component_normalized_match_in_mSCIdblit
master_LR_union	EAR11	TLR2	Ear11	Tlr2					candidate_public_only_not_graph_edge	no_component_normalized_match_in_mSCIdblit
master_LR_union	EAR5	TLR2	Ear5	Tlr2					candidate_public_only_not_graph_edge	no_component_normalized_match_in_mSCIdblit
master_LR_union	EBI3	IL27RA	Ebi3	Il27ra					candidate_public_only_not_graph_edge	no_component_normalized_match_in_mSCIdblit
master_LR_union	EBI3	IL6ST	Ebi3	Il6st					candidate_public_only_not_graph_edge	no_component_normalized_match_in_mSCIdblit
master_LR_union	ECM1	CACHD1	Ecm1	Cachd1					candidate_public_only_not_graph_edge	no_component_normalized_match_in_mSCIdblit
master_LR_union	ECM1	ITGB4	Ecm1	Itgb4					candidate_public_only_not_graph_edge	no_component_normalized_match_in_mSCIdblit
master_LR_union	EDA	EDA2R	Eda	Eda2r					candidate_public_only_not_graph_edge	no_component_normalized_match_in_mSCIdblit
master_LR_union	EDA	EDAR	Eda	Edar					candidate_public_only_not_graph_edge	no_component_normalized_match_in_mSCIdblit
master_LR_union	EDA	IL1RL1	Eda	Il1rl1					candidate_public_only_not_graph_edge	no_component_normalized_match_in_mSCIdblit
master_LR_union	EDIL3	ITGA5	Edil3	Itga5					candidate_public_only_not_graph_edge	no_component_normalized_match_in_mSCIdblit
master_LR_union	EDIL3	ITGAV	Edil3	Itgav					candidate_public_only_not_graph_edge	no_component_normalized_match_in_mSCIdblit
master_LR_union	EDIL3	ITGB1	Edil3	Itgb1					candidate_public_only_not_graph_edge	no_component_normalized_match_in_mSCIdblit
master_LR_union	EDIL3	ITGB3	Edil3	Itgb3					candidate_public_only_not_graph_edge	no_component_normalized_match_in_mSCIdblit
master_LR_union	EDIL3	ITGB5	Edil3	Itgb5					candidate_public_only_not_graph_edge	no_component_normalized_match_in_mSCIdblit
master_LR_union	EDN1	ADGRL4	Edn1	Adgrl4					candidate_public_only_not_graph_edge	no_component_normalized_match_in_mSCIdblit
master_LR_union	EDN1	ECE1	Edn1	Ece1					candidate_public_only_not_graph_edge	no_component_normalized_match_in_mSCIdblit
master_LR_union	EDN1	EGFR	Edn1	Egfr					candidate_public_only_not_graph_edge	no_component_normalized_match_in_mSCIdblit
master_LR_union	EDN1	KEL	Edn1	Kel					candidate_public_only_not_graph_edge	no_component_normalized_match_in_mSCIdblit
master_LR_union	EDN2	KEL	Edn2	Kel					candidate_public_only_not_graph_edge	no_component_normalized_match_in_mSCIdblit
master_LR_union	EDN3	KEL	Edn3	Kel					candidate_public_only_not_graph_edge	no_component_normalized_match_in_mSCIdblit
master_LR_union	EFEMP2	AQP1	Efemp2	Aqp1					candidate_public_only_not_graph_edge	no_component_normalized_match_in_mSCIdblit
master_LR_union	EFEMP2	CATSPER1	Efemp2	Catsper1					candidate_public_only_not_graph_edge	no_component_normalized_match_in_mSCIdblit
master_LR_union	EFEMP2	LINGO1	Efemp2	Lingo1					candidate_public_only_not_graph_edge	no_component_normalized_match_in_mSCIdblit
master_LR_union	EFEMP2	PLSCR4	Efemp2	Plscr4					candidate_public_only_not_graph_edge	no_component_normalized_match_in_mSCIdblit
master_LR_union	EFNA1	EPHA10	Efna1	Epha10					candidate_public_only_not_graph_edge	no_component_normalized_match_in_mSCIdblit
master_LR_union	EFNA1	EPHA7	Efna1	Epha7					candidate_public_only_not_graph_edge	no_component_normalized_match_in_mSCIdblit
master_LR_union	EFNA1	EPHB1	Efna1	Ephb1					candidate_public_only_not_graph_edge	no_component_normalized_match_in_mSCIdblit
master_LR_union	EFNA1	EPHB6	Efna1	Ephb6					candidate_public_only_not_graph_edge	no_component_normalized_match_in_mSCIdblit
master_LR_union	EFNA2	EPHA1	Efna2	Epha1					candidate_public_only_not_graph_edge	no_component_normalized_match_in_mSCIdblit
master_LR_union	EFNA2	EPHA10	Efna2	Epha10					candidate_public_only_not_graph_edge	no_component_normalized_match_in_mSCIdblit
master_LR_union	EFNA2	EPHA3	Efna2	Epha3					candidate_public_only_not_graph_edge	no_component_normalized_match_in_mSCIdblit
master_LR_union	EFNA2	EPHA7	Efna2	Epha7					candidate_public_only_not_graph_edge	no_component_normalized_match_in_mSCIdblit
master_LR_union	EFNA3	EPHA10	Efna3	Epha10					candidate_public_only_not_graph_edge	no_component_normalized_match_in_mSCIdblit
master_LR_union	EFNA3	EPHA2	Efna3	Epha2					candidate_public_only_not_graph_edge	no_component_normalized_match_in_mSCIdblit
master_LR_union	EFNA3	EPHA4	Efna3	Epha4					candidate_public_only_not_graph_edge	no_component_normalized_match_in_mSCIdblit
master_LR_union	EFNA3	EPHA5	Efna3	Epha5					candidate_public_only_not_graph_edge	no_component_normalized_match_in_mSCIdblit
master_LR_union	EFNA3	EPHA6	Efna3	Epha6					candidate_public_only_not_graph_edge	no_component_normalized_match_in_mSCIdblit
master_LR_union	EFNA3	EPHB1	Efna3	Ephb1					candidate_public_only_not_graph_edge	no_component_normalized_match_in_mSCIdblit
master_LR_union	EFNA3	EPHB6	Efna3	Ephb6					candidate_public_only_not_graph_edge	no_component_normalized_match_in_mSCIdblit
master_LR_union	EFNA4	EPHA1	Efna4	Epha1					candidate_public_only_not_graph_edge	no_component_normalized_match_in_mSCIdblit
master_LR_union	EFNA4	EPHA3	Efna4	Epha3					candidate_public_only_not_graph_edge	no_component_normalized_match_in_mSCIdblit
master_LR_union	EFNA4	EPHA4	Efna4	Epha4					candidate_public_only_not_graph_edge	no_component_normalized_match_in_mSCIdblit
master_LR_union	EFNA4	EPHA5	Efna4	Epha5					candidate_public_only_not_graph_edge	no_component_normalized_match_in_mSCIdblit
master_LR_union	EFNA4	EPHA6	Efna4	Epha6					candidate_public_only_not_graph_edge	no_component_normalized_match_in_mSCIdblit
master_LR_union	EFNA4	EPHA7	Efna4	Epha7					candidate_public_only_not_graph_edge	no_component_normalized_match_in_mSCIdblit
master_LR_union	EFNA4	EPHA8	Efna4	Epha8					candidate_public_only_not_graph_edge	no_component_normalized_match_in_mSCIdblit
master_LR_union	EFNA5	EPHA1	Efna5	Epha1					candidate_public_only_not_graph_edge	no_component_normalized_match_in_mSCIdblit
master_LR_union	EFNA5	EPHA10	Efna5	Epha10					candidate_public_only_not_graph_edge	no_component_normalized_match_in_mSCIdblit
master_LR_union	EFNA5	EPHA5	Efna5	Epha5					candidate_public_only_not_graph_edge	no_component_normalized_match_in_mSCIdblit
master_LR_union	EFNA5	EPHA6	Efna5	Epha6					candidate_public_only_not_graph_edge	no_component_normalized_match_in_mSCIdblit
master_LR_union	EFNA5	EPHA7	Efna5	Epha7					candidate_public_only_not_graph_edge	no_component_normalized_match_in_mSCIdblit
master_LR_union	EFNA5	EPHA8	Efna5	Epha8					candidate_public_only_not_graph_edge	no_component_normalized_match_in_mSCIdblit
master_LR_union	EFNA5	EPHB1	Efna5	Ephb1					candidate_public_only_not_graph_edge	no_component_normalized_match_in_mSCIdblit
master_LR_union	EFNA5	EPHB6	Efna5	Ephb6					candidate_public_only_not_graph_edge	no_component_normalized_match_in_mSCIdblit
master_LR_union	EFNB1	DAG1	Efnb1	Dag1					candidate_public_only_not_graph_edge	no_component_normalized_match_in_mSCIdblit
master_LR_union	EFNB1	DSG4	Efnb1	Dsg4					candidate_public_only_not_graph_edge	no_component_normalized_match_in_mSCIdblit
master_LR_union	EFNB1	EPHA3	Efnb1	Epha3					candidate_public_only_not_graph_edge	no_component_normalized_match_in_mSCIdblit
master_LR_union	EFNB1	EPHA4	Efnb1	Epha4					candidate_public_only_not_graph_edge	no_component_normalized_match_in_mSCIdblit
master_LR_union	EFNB1	EPHA6	Efnb1	Epha6					candidate_public_only_not_graph_edge	no_component_normalized_match_in_mSCIdblit
master_LR_union	EFNB1	EPHB2	Efnb1	Ephb2					candidate_public_only_not_graph_edge	no_component_normalized_match_in_mSCIdblit
master_LR_union	EFNB1	EPHB3	Efnb1	Ephb3					candidate_public_only_not_graph_edge	no_component_normalized_match_in_mSCIdblit
master_LR_union	EFNB1	EPHB4	Efnb1	Ephb4					candidate_public_only_not_graph_edge	no_component_normalized_match_in_mSCIdblit
master_LR_union	EFNB1	ERBB2	Efnb1	Erbb2					candidate_public_only_not_graph_edge	no_component_normalized_match_in_mSCIdblit
master_LR_union	EFNB1	EVC2	Efnb1	Evc2					candidate_public_only_not_graph_edge	no_component_normalized_match_in_mSCIdblit
master_LR_union	EFNB1	FAM187B	Efnb1	Fam187b					candidate_public_only_not_graph_edge	no_component_normalized_match_in_mSCIdblit
master_LR_union	EFNB1	ITLN1	Efnb1	Itln1					candidate_public_only_not_graph_edge	no_component_normalized_match_in_mSCIdblit
master_LR_union	EFNB1	LVRN	Efnb1	Lvrn					candidate_public_only_not_graph_edge	no_component_normalized_match_in_mSCIdblit
master_LR_union	EFNB1	NAALAD2	Efnb1	Naalad2					candidate_public_only_not_graph_edge	no_component_normalized_match_in_mSCIdblit
master_LR_union	EFNB1	SLAMF9	Efnb1	Slamf9					candidate_public_only_not_graph_edge	no_component_normalized_match_in_mSCIdblit
master_LR_union	EFNB1	TRHDE	Efnb1	Trhde					candidate_public_only_not_graph_edge	no_component_normalized_match_in_mSCIdblit
master_LR_union	EFNB2	AB124611	Efnb2	AB124611					candidate_public_only_not_graph_edge	no_component_normalized_match_in_mSCIdblit
master_LR_union	EFNB2	EPHA10	Efnb2	Epha10					candidate_public_only_not_graph_edge	no_component_normalized_match_in_mSCIdblit
master_LR_union	EFNB2	EPHA3	Efnb2	Epha3					candidate_public_only_not_graph_edge	no_component_normalized_match_in_mSCIdblit
master_LR_union	EFNB2	EPHA4	Efnb2	Epha4					candidate_public_only_not_graph_edge	no_component_normalized_match_in_mSCIdblit
master_LR_union	EFNB2	EPHA6	Efnb2	Epha6					candidate_public_only_not_graph_edge	no_component_normalized_match_in_mSCIdblit
master_LR_union	EFNB2	EPHA8	Efnb2	Epha8					candidate_public_only_not_graph_edge	no_component_normalized_match_in_mSCIdblit
master_LR_union	EFNB2	EPHB2	Efnb2	Ephb2					candidate_public_only_not_graph_edge	no_component_normalized_match_in_mSCIdblit
master_LR_union	EFNB2	EPHB3	Efnb2	Ephb3					candidate_public_only_not_graph_edge	no_component_normalized_match_in_mSCIdblit
master_LR_union	EFNB2	EPHB4	Efnb2	Ephb4					candidate_public_only_not_graph_edge	no_component_normalized_match_in_mSCIdblit
master_LR_union	EFNB2	EPHB6	Efnb2	Ephb6					candidate_public_only_not_graph_edge	no_component_normalized_match_in_mSCIdblit
master_LR_union	EFNB2	FCRL1	Efnb2	Fcrl1					candidate_public_only_not_graph_edge	no_component_normalized_match_in_mSCIdblit
master_LR_union	EFNB2	GRM1	Efnb2	Grm1					candidate_public_only_not_graph_edge	no_component_normalized_match_in_mSCIdblit
master_LR_union	EFNB2	GRM5	Efnb2	Grm5					candidate_public_only_not_graph_edge	no_component_normalized_match_in_mSCIdblit
master_LR_union	EFNB2	PECAM1	Efnb2	Pecam1					candidate_public_only_not_graph_edge	no_component_normalized_match_in_mSCIdblit
master_LR_union	EFNB2	RHBDL2	Efnb2	Rhbdl2					candidate_public_only_not_graph_edge	no_component_normalized_match_in_mSCIdblit
master_LR_union	EFNB2	TCTN2	Efnb2	Tctn2					candidate_public_only_not_graph_edge	no_component_normalized_match_in_mSCIdblit
master_LR_union	EFNB3	AB124611	Efnb3	AB124611					candidate_public_only_not_graph_edge	no_component_normalized_match_in_mSCIdblit
master_LR_union	EFNB3	EPHA10	Efnb3	Epha10					candidate_public_only_not_graph_edge	no_component_normalized_match_in_mSCIdblit
master_LR_union	EFNB3	EPHA3	Efnb3	Epha3					candidate_public_only_not_graph_edge	no_component_normalized_match_in_mSCIdblit
master_LR_union	EFNB3	EPHA4	Efnb3	Epha4					candidate_public_only_not_graph_edge	no_component_normalized_match_in_mSCIdblit
master_LR_union	EFNB3	EPHB1	Efnb3	Ephb1					candidate_public_only_not_graph_edge	no_component_normalized_match_in_mSCIdblit
master_LR_union	EFNB3	EPHB2	Efnb3	Ephb2					candidate_public_only_not_graph_edge	no_component_normalized_match_in_mSCIdblit
master_LR_union	EFNB3	EPHB3	Efnb3	Ephb3					candidate_public_only_not_graph_edge	no_component_normalized_match_in_mSCIdblit
master_LR_union	EFNB3	EPHB4	Efnb3	Ephb4					candidate_public_only_not_graph_edge	no_component_normalized_match_in_mSCIdblit
master_LR_union	EFNB3	RHBDL2	Efnb3	Rhbdl2					candidate_public_only_not_graph_edge	no_component_normalized_match_in_mSCIdblit
master_LR_union	EGF	ADRB2	Egf	Adrb2					candidate_public_only_not_graph_edge	no_component_normalized_match_in_mSCIdblit
master_LR_union	EGF	AXL	Egf	Axl					candidate_public_only_not_graph_edge	no_component_normalized_match_in_mSCIdblit
master_LR_union	EGF	CAV1	Egf	Cav1					candidate_public_only_not_graph_edge	no_component_normalized_match_in_mSCIdblit
master_LR_union	EGF	ERBB2	Egf	Erbb2					candidate_public_only_not_graph_edge	no_component_normalized_match_in_mSCIdblit
master_LR_union	EGF	ERBB3	Egf	Erbb3					candidate_public_only_not_graph_edge	no_component_normalized_match_in_mSCIdblit
master_LR_union	EGF	ERBB4	Egf	Erbb4					candidate_public_only_not_graph_edge	no_component_normalized_match_in_mSCIdblit
master_LR_union	EGF	FSHR	Egf	Fshr					candidate_public_only_not_graph_edge	no_component_normalized_match_in_mSCIdblit
master_LR_union	EGF	LDLR	Egf	Ldlr					candidate_public_only_not_graph_edge	no_component_normalized_match_in_mSCIdblit
master_LR_union	EGF	LRP2	Egf	Lrp2					candidate_public_only_not_graph_edge	no_component_normalized_match_in_mSCIdblit
master_LR_union	EGF	NRP1	Egf	Nrp1					candidate_public_only_not_graph_edge	no_component_normalized_match_in_mSCIdblit
master_LR_union	EGF	PLD2	Egf	Pld2					candidate_public_only_not_graph_edge	no_component_normalized_match_in_mSCIdblit
master_LR_union	EGF	RHBDL2	Egf	Rhbdl2					candidate_public_only_not_graph_edge	no_component_normalized_match_in_mSCIdblit
master_LR_union	EGF	TNFRSF11B	Egf	Tnfrsf11b					candidate_public_only_not_graph_edge	no_component_normalized_match_in_mSCIdblit
master_LR_union	ELFN1	FLT1	Elfn1	Flt1					candidate_public_only_not_graph_edge	no_component_normalized_match_in_mSCIdblit
master_LR_union	EMC1	PRLR	Emc1	Prlr					candidate_public_only_not_graph_edge	no_component_normalized_match_in_mSCIdblit
master_LR_union	ENAM	CD63	Enam	Cd63					candidate_public_only_not_graph_edge	no_component_normalized_match_in_mSCIdblit
master_LR_union	ENG	ACVR2A	Eng	Acvr2a					candidate_public_only_not_graph_edge	no_component_normalized_match_in_mSCIdblit
master_LR_union	ENG	ACVRL1	Eng	Acvrl1					candidate_public_only_not_graph_edge	no_component_normalized_match_in_mSCIdblit
master_LR_union	ENG	BMPR2	Eng	Bmpr2					candidate_public_only_not_graph_edge	no_component_normalized_match_in_mSCIdblit
master_LR_union	ENG	CDH5	Eng	Cdh5					candidate_public_only_not_graph_edge	no_component_normalized_match_in_mSCIdblit
master_LR_union	ENG	ITGAV	Eng	Itgav					candidate_public_only_not_graph_edge	no_component_normalized_match_in_mSCIdblit
master_LR_union	ENHO	GPR19	Enho	Gpr19					candidate_public_only_not_graph_edge	no_component_normalized_match_in_mSCIdblit
master_LR_union	ENPP1	INSR	Enpp1	Insr					candidate_public_only_not_graph_edge	no_component_normalized_match_in_mSCIdblit
master_LR_union	ENTPD1	ADORA1	Entpd1	Adora1					candidate_public_only_not_graph_edge	no_component_normalized_match_in_mSCIdblit
master_LR_union	ENTPD1	ADORA2A	Entpd1	Adora2a					candidate_public_only_not_graph_edge	no_component_normalized_match_in_mSCIdblit
master_LR_union	ENTPD1	ADORA2B	Entpd1	Adora2b					candidate_public_only_not_graph_edge	no_component_normalized_match_in_mSCIdblit
master_LR_union	ENTPD1	ADORA3	Entpd1	Adora3					candidate_public_only_not_graph_edge	no_component_normalized_match_in_mSCIdblit
master_LR_union	ENTPD1	TMIGD3	Entpd1	Tmigd3					candidate_public_only_not_graph_edge	no_component_normalized_match_in_mSCIdblit
master_LR_union	EPCAM	CLDN1	Epcam	Cldn1					candidate_public_only_not_graph_edge	no_component_normalized_match_in_mSCIdblit
master_LR_union	EPCAM	CLDN7	Epcam	Cldn7					candidate_public_only_not_graph_edge	no_component_normalized_match_in_mSCIdblit
master_LR_union	EPGN	ERBB4	Epgn	Erbb4					candidate_public_only_not_graph_edge	no_component_normalized_match_in_mSCIdblit
master_LR_union	EPGN	IGSF11	Epgn	Igsf11					candidate_public_only_not_graph_edge	no_component_normalized_match_in_mSCIdblit
master_LR_union	EPHA4	FGFR1	Epha4	Fgfr1					candidate_public_only_not_graph_edge	no_component_normalized_match_in_mSCIdblit
master_LR_union	EPHA4	FGFR2	Epha4	Fgfr2					candidate_public_only_not_graph_edge	no_component_normalized_match_in_mSCIdblit
master_LR_union	EPHA4	FGFR3	Epha4	Fgfr3					candidate_public_only_not_graph_edge	no_component_normalized_match_in_mSCIdblit
master_LR_union	EPHA4	FGFR4	Epha4	Fgfr4					candidate_public_only_not_graph_edge	no_component_normalized_match_in_mSCIdblit
master_LR_union	EPO	CRLF3	Epo	Crlf3					candidate_public_only_not_graph_edge	no_component_normalized_match_in_mSCIdblit
master_LR_union	EREG	ERBB2	Ereg	Erbb2					candidate_public_only_not_graph_edge	no_component_normalized_match_in_mSCIdblit
master_LR_union	EREG	ERBB3	Ereg	Erbb3					candidate_public_only_not_graph_edge	no_component_normalized_match_in_mSCIdblit
master_LR_union	EREG	ERBB4	Ereg	Erbb4					candidate_public_only_not_graph_edge	no_component_normalized_match_in_mSCIdblit
master_LR_union	ERFE	LRP1	Erfe	Lrp1					candidate_public_only_not_graph_edge	no_component_normalized_match_in_mSCIdblit
master_LR_union	ESAM	ESAM	Esam	Esam					candidate_public_only_not_graph_edge	no_component_normalized_match_in_mSCIdblit
master_LR_union	ESAM	ROBO3	Esam	Robo3					candidate_public_only_not_graph_edge	no_component_normalized_match_in_mSCIdblit
master_LR_union	ESM1	ITGAL	Esm1	Itgal					candidate_public_only_not_graph_edge	no_component_normalized_match_in_mSCIdblit
master_LR_union	ESM1	ITGB2	Esm1	Itgb2					candidate_public_only_not_graph_edge	no_component_normalized_match_in_mSCIdblit
master_LR_union	ESM1	ITGB2L	Esm1	Itgb2l					candidate_public_only_not_graph_edge	no_component_normalized_match_in_mSCIdblit
master_LR_union	ETV5	ERBB2	Etv5	Erbb2					candidate_public_only_not_graph_edge	no_component_normalized_match_in_mSCIdblit
master_LR_union	EZR	SLC9A1	Ezr	Slc9a1					candidate_public_only_not_graph_edge	no_component_normalized_match_in_mSCIdblit
master_LR_union	F10	F7	F10	F7					candidate_public_only_not_graph_edge	no_component_normalized_match_in_mSCIdblit
master_LR_union	F10	GM49368	F10	Gm49368					candidate_public_only_not_graph_edge	no_component_normalized_match_in_mSCIdblit
master_LR_union	F10	ITGAM	F10	Itgam					candidate_public_only_not_graph_edge	no_component_normalized_match_in_mSCIdblit
master_LR_union	F10	ITGB2	F10	Itgb2					candidate_public_only_not_graph_edge	no_component_normalized_match_in_mSCIdblit
master_LR_union	F10	ITGB2L	F10	Itgb2l					candidate_public_only_not_graph_edge	no_component_normalized_match_in_mSCIdblit
master_LR_union	F11	F9	F11	F9					candidate_public_only_not_graph_edge	no_component_normalized_match_in_mSCIdblit
master_LR_union	F11	GP1BA	F11	Gp1ba					candidate_public_only_not_graph_edge	no_component_normalized_match_in_mSCIdblit
master_LR_union	F11	GP1BB	F11	Gp1bb					candidate_public_only_not_graph_edge	no_component_normalized_match_in_mSCIdblit
master_LR_union	F11	GP5	F11	Gp5					candidate_public_only_not_graph_edge	no_component_normalized_match_in_mSCIdblit
master_LR_union	F11	GP9	F11	Gp9					candidate_public_only_not_graph_edge	no_component_normalized_match_in_mSCIdblit
master_LR_union	F11R	F11R	F11r	F11r					candidate_public_only_not_graph_edge	no_component_normalized_match_in_mSCIdblit
master_LR_union	F11R	ITGAL	F11r	Itgal					candidate_public_only_not_graph_edge	no_component_normalized_match_in_mSCIdblit
master_LR_union	F11R	ITGAL+ITGB2	F11r	Itgal_Itgb2					candidate_public_only_not_graph_edge	no_component_normalized_match_in_mSCIdblit
master_LR_union	F11R	ITGB2	F11r	Itgb2					candidate_public_only_not_graph_edge	no_component_normalized_match_in_mSCIdblit
master_LR_union	F11R	ITGB2L	F11r	Itgb2l					candidate_public_only_not_graph_edge	no_component_normalized_match_in_mSCIdblit
master_LR_union	F11R	JAM2	F11r	Jam2					candidate_public_only_not_graph_edge	no_component_normalized_match_in_mSCIdblit
master_LR_union	F11R	JAM3	F11r	Jam3					candidate_public_only_not_graph_edge	no_component_normalized_match_in_mSCIdblit
master_LR_union	F11R	ROBO3	F11r	Robo3					candidate_public_only_not_graph_edge	no_component_normalized_match_in_mSCIdblit
master_LR_union	F12	CD93	F12	Cd93					candidate_public_only_not_graph_edge	no_component_normalized_match_in_mSCIdblit
master_LR_union	F12	F11	F12	F11					candidate_public_only_not_graph_edge	no_component_normalized_match_in_mSCIdblit
master_LR_union	F12	GP1BA	F12	Gp1ba					candidate_public_only_not_graph_edge	no_component_normalized_match_in_mSCIdblit
master_LR_union	F12	GP1BB	F12	Gp1bb					candidate_public_only_not_graph_edge	no_component_normalized_match_in_mSCIdblit
master_LR_union	F12	GP5	F12	Gp5					candidate_public_only_not_graph_edge	no_component_normalized_match_in_mSCIdblit
master_LR_union	F12	GP9	F12	Gp9					candidate_public_only_not_graph_edge	no_component_normalized_match_in_mSCIdblit
master_LR_union	F12	KLKB1	F12	Klkb1					candidate_public_only_not_graph_edge	no_component_normalized_match_in_mSCIdblit
master_LR_union	F13A1	ITGA4	F13a1	Itga4					candidate_public_only_not_graph_edge	no_component_normalized_match_in_mSCIdblit
master_LR_union	F13A1	ITGA9	F13a1	Itga9					candidate_public_only_not_graph_edge	no_component_normalized_match_in_mSCIdblit
master_LR_union	F13A1	ITGB1	F13a1	Itgb1					candidate_public_only_not_graph_edge	no_component_normalized_match_in_mSCIdblit
master_LR_union	F2	F5	F2	F5					candidate_public_only_not_graph_edge	no_component_normalized_match_in_mSCIdblit
master_LR_union	F2	F8	F2	F8					candidate_public_only_not_graph_edge	no_component_normalized_match_in_mSCIdblit
master_LR_union	F2	GP1BA	F2	Gp1ba					candidate_public_only_not_graph_edge	no_component_normalized_match_in_mSCIdblit
master_LR_union	F2	GP1BB	F2	Gp1bb					candidate_public_only_not_graph_edge	no_component_normalized_match_in_mSCIdblit
master_LR_union	F2	GP9	F2	Gp9					candidate_public_only_not_graph_edge	no_component_normalized_match_in_mSCIdblit
master_LR_union	F2	ITGA2B	F2	Itga2b					candidate_public_only_not_graph_edge	no_component_normalized_match_in_mSCIdblit
master_LR_union	F2	PARD3	F2	Pard3					candidate_public_only_not_graph_edge	no_component_normalized_match_in_mSCIdblit
master_LR_union	F5	PROC	F5	Proc					candidate_public_only_not_graph_edge	no_component_normalized_match_in_mSCIdblit
master_LR_union	F7	F10	F7	F10					candidate_public_only_not_graph_edge	no_component_normalized_match_in_mSCIdblit
master_LR_union	F7	F9	F7	F9					candidate_public_only_not_graph_edge	no_component_normalized_match_in_mSCIdblit
master_LR_union	F8	ASGR2	F8	Asgr2					candidate_public_only_not_graph_edge	no_component_normalized_match_in_mSCIdblit
master_LR_union	F8	F10	F8	F10					candidate_public_only_not_graph_edge	no_component_normalized_match_in_mSCIdblit
master_LR_union	F8	LRP2	F8	Lrp2					candidate_public_only_not_graph_edge	no_component_normalized_match_in_mSCIdblit
master_LR_union	F8	LRP4	F8	Lrp4					candidate_public_only_not_graph_edge	no_component_normalized_match_in_mSCIdblit
master_LR_union	F9	F7	F9	F7					candidate_public_only_not_graph_edge	no_component_normalized_match_in_mSCIdblit
master_LR_union	FABP5	RXRA	Fabp5	Rxra					candidate_public_only_not_graph_edge	no_component_normalized_match_in_mSCIdblit
master_LR_union	FADD	ABCA1	Fadd	Abca1					candidate_public_only_not_graph_edge	no_component_normalized_match_in_mSCIdblit
master_LR_union	FADD	FAS	Fadd	Fas					candidate_public_only_not_graph_edge	no_component_normalized_match_in_mSCIdblit
master_LR_union	FADD	TRADD	Fadd	Tradd					candidate_public_only_not_graph_edge	no_component_normalized_match_in_mSCIdblit
master_LR_union	FADD	TRAF2	Fadd	Traf2					candidate_public_only_not_graph_edge	no_component_normalized_match_in_mSCIdblit
master_LR_union	FAM3B	LRP5	Fam3b	Lrp5					candidate_public_only_not_graph_edge	no_component_normalized_match_in_mSCIdblit
master_LR_union	FAM3C	ADGRG5	Fam3c	Adgrg5					candidate_public_only_not_graph_edge	no_component_normalized_match_in_mSCIdblit
master_LR_union	FAM3C	CLEC2D	Fam3c	Clec2d					candidate_public_only_not_graph_edge	no_component_normalized_match_in_mSCIdblit
master_LR_union	FAM3C	CLEC2E	Fam3c	Clec2e					candidate_public_only_not_graph_edge	no_component_normalized_match_in_mSCIdblit
master_LR_union	FAM3C	CLEC2G	Fam3c	Clec2g					candidate_public_only_not_graph_edge	no_component_normalized_match_in_mSCIdblit
master_LR_union	FAM3C	CLEC2H	Fam3c	Clec2h					candidate_public_only_not_graph_edge	no_component_normalized_match_in_mSCIdblit
master_LR_union	FAM3C	CLEC2I	Fam3c	Clec2i					candidate_public_only_not_graph_edge	no_component_normalized_match_in_mSCIdblit
master_LR_union	FAM3C	FFAR2	Fam3c	Ffar2					candidate_public_only_not_graph_edge	no_component_normalized_match_in_mSCIdblit
master_LR_union	FAM3C	FFAR3	Fam3c	Ffar3					candidate_public_only_not_graph_edge	no_component_normalized_match_in_mSCIdblit
master_LR_union	FAM3C	GLRA2	Fam3c	Glra2					candidate_public_only_not_graph_edge	no_component_normalized_match_in_mSCIdblit
master_LR_union	FAM3C	KIR3DL1	Fam3c	Kir3dl1					candidate_public_only_not_graph_edge	no_component_normalized_match_in_mSCIdblit
master_LR_union	FAM3C	KIR3DL2	Fam3c	Kir3dl2					candidate_public_only_not_graph_edge	no_component_normalized_match_in_mSCIdblit
master_LR_union	FAM3C	LAMP1	Fam3c	Lamp1					candidate_public_only_not_graph_edge	no_component_normalized_match_in_mSCIdblit
master_LR_union	FAM3C	PDCD1	Fam3c	Pdcd1					candidate_public_only_not_graph_edge	no_component_normalized_match_in_mSCIdblit
master_LR_union	FAM3D	FPR3	Fam3d	Fpr3					candidate_public_only_not_graph_edge	no_component_normalized_match_in_mSCIdblit
master_LR_union	FAP	DPP4	Fap	Dpp4					candidate_public_only_not_graph_edge	no_component_normalized_match_in_mSCIdblit
master_LR_union	FAP	NPR2	Fap	Npr2					candidate_public_only_not_graph_edge	no_component_normalized_match_in_mSCIdblit
master_LR_union	FARP2	PLXNA1	Farp2	Plxna1					candidate_public_only_not_graph_edge	no_component_normalized_match_in_mSCIdblit
master_LR_union	FARP2	PLXNA2	Farp2	Plxna2					candidate_public_only_not_graph_edge	no_component_normalized_match_in_mSCIdblit
master_LR_union	FARP2	PLXNA3	Farp2	Plxna3					candidate_public_only_not_graph_edge	no_component_normalized_match_in_mSCIdblit
master_LR_union	FARP2	PLXNA4	Farp2	Plxna4					candidate_public_only_not_graph_edge	no_component_normalized_match_in_mSCIdblit
master_LR_union	FASL	FAS	Fasl	Fas					candidate_public_only_not_graph_edge	no_component_normalized_match_in_mSCIdblit
master_LR_union	FASL	TNFRSF1A	Fasl	Tnfrsf1a					candidate_public_only_not_graph_edge	no_component_normalized_match_in_mSCIdblit
master_LR_union	FBLN1	ITGB1	Fbln1	Itgb1					candidate_public_only_not_graph_edge	no_component_normalized_match_in_mSCIdblit
master_LR_union	FBLN2	ITGB3	Fbln2	Itgb3					candidate_public_only_not_graph_edge	no_component_normalized_match_in_mSCIdblit
master_LR_union	FBN1	ITGA5	Fbn1	Itga5					candidate_public_only_not_graph_edge	no_component_normalized_match_in_mSCIdblit
master_LR_union	FBN1	ITGAV	Fbn1	Itgav					candidate_public_only_not_graph_edge	no_component_normalized_match_in_mSCIdblit
master_LR_union	FBN1	ITGB1	Fbn1	Itgb1					candidate_public_only_not_graph_edge	no_component_normalized_match_in_mSCIdblit
master_LR_union	FBN1	ITGB3	Fbn1	Itgb3					candidate_public_only_not_graph_edge	no_component_normalized_match_in_mSCIdblit
master_LR_union	FCER2A	GM49368	Fcer2a	Gm49368					candidate_public_only_not_graph_edge	no_component_normalized_match_in_mSCIdblit
master_LR_union	FCER2A	ITGAM	Fcer2a	Itgam					candidate_public_only_not_graph_edge	no_component_normalized_match_in_mSCIdblit
master_LR_union	FCER2A	ITGAM+ITGB2	Fcer2a	Itgam_Itgb2					candidate_public_only_not_graph_edge	no_component_normalized_match_in_mSCIdblit
master_LR_union	FCER2A	ITGAV	Fcer2a	Itgav					candidate_public_only_not_graph_edge	no_component_normalized_match_in_mSCIdblit
master_LR_union	FCER2A	ITGAV+ITGB3	Fcer2a	Itgav_Itgb3					candidate_public_only_not_graph_edge	no_component_normalized_match_in_mSCIdblit
master_LR_union	FCER2A	ITGAX	Fcer2a	Itgax					candidate_public_only_not_graph_edge	no_component_normalized_match_in_mSCIdblit
master_LR_union	FCER2A	ITGAX+ITGB2	Fcer2a	Itgax_Itgb2					candidate_public_only_not_graph_edge	no_component_normalized_match_in_mSCIdblit
master_LR_union	FCER2A	ITGB2	Fcer2a	Itgb2					candidate_public_only_not_graph_edge	no_component_normalized_match_in_mSCIdblit
master_LR_union	FCER2A	ITGB2L	Fcer2a	Itgb2l					candidate_public_only_not_graph_edge	no_component_normalized_match_in_mSCIdblit
master_LR_union	FCER2A	ITGB3	Fcer2a	Itgb3					candidate_public_only_not_graph_edge	no_component_normalized_match_in_mSCIdblit
master_LR_union	FCGR4	EDA2R	Fcgr4	Eda2r					candidate_public_only_not_graph_edge	no_component_normalized_match_in_mSCIdblit
master_LR_union	FCNB	LRP1	Fcnb	Lrp1					candidate_public_only_not_graph_edge	no_component_normalized_match_in_mSCIdblit
master_LR_union	FCRL6	NRP2	Fcrl6	Nrp2					candidate_public_only_not_graph_edge	no_component_normalized_match_in_mSCIdblit
master_LR_union	FGA	CDH5	Fga	Cdh5					candidate_public_only_not_graph_edge	no_component_normalized_match_in_mSCIdblit
master_LR_union	FGA	GM49368	Fga	Gm49368					candidate_public_only_not_graph_edge	no_component_normalized_match_in_mSCIdblit
master_LR_union	FGA	ITGA2B	Fga	Itga2b					candidate_public_only_not_graph_edge	no_component_normalized_match_in_mSCIdblit
master_LR_union	FGA	ITGA5	Fga	Itga5					candidate_public_only_not_graph_edge	no_component_normalized_match_in_mSCIdblit
master_LR_union	FGA	ITGAD	Fga	Itgad					candidate_public_only_not_graph_edge	no_component_normalized_match_in_mSCIdblit
master_LR_union	FGA	ITGAV	Fga	Itgav					candidate_public_only_not_graph_edge	no_component_normalized_match_in_mSCIdblit
master_LR_union	FGA	ITGB1	Fga	Itgb1					candidate_public_only_not_graph_edge	no_component_normalized_match_in_mSCIdblit
master_LR_union	FGA	ITGB2	Fga	Itgb2					candidate_public_only_not_graph_edge	no_component_normalized_match_in_mSCIdblit
master_LR_union	FGA	ITGB2L	Fga	Itgb2l					candidate_public_only_not_graph_edge	no_component_normalized_match_in_mSCIdblit
master_LR_union	FGA	ITGB3	Fga	Itgb3					candidate_public_only_not_graph_edge	no_component_normalized_match_in_mSCIdblit
master_LR_union	FGA	PLAT	Fga	Plat					candidate_public_only_not_graph_edge	no_component_normalized_match_in_mSCIdblit
master_LR_union	FGA	PLAUR	Fga	Plaur					candidate_public_only_not_graph_edge	no_component_normalized_match_in_mSCIdblit
master_LR_union	FGA	TLR4	Fga	Tlr4					candidate_public_only_not_graph_edge	no_component_normalized_match_in_mSCIdblit
master_LR_union	FGB	CDH5	Fgb	Cdh5					candidate_public_only_not_graph_edge	no_component_normalized_match_in_mSCIdblit
master_LR_union	FGB	GM49368	Fgb	Gm49368					candidate_public_only_not_graph_edge	no_component_normalized_match_in_mSCIdblit
master_LR_union	FGB	ITGA2B	Fgb	Itga2b					candidate_public_only_not_graph_edge	no_component_normalized_match_in_mSCIdblit
master_LR_union	FGB	ITGA5	Fgb	Itga5					candidate_public_only_not_graph_edge	no_component_normalized_match_in_mSCIdblit
master_LR_union	FGB	ITGAM	Fgb	Itgam					candidate_public_only_not_graph_edge	no_component_normalized_match_in_mSCIdblit
master_LR_union	FGB	ITGAV	Fgb	Itgav					candidate_public_only_not_graph_edge	no_component_normalized_match_in_mSCIdblit
master_LR_union	FGB	ITGB1	Fgb	Itgb1					candidate_public_only_not_graph_edge	no_component_normalized_match_in_mSCIdblit
master_LR_union	FGB	ITGB2	Fgb	Itgb2					candidate_public_only_not_graph_edge	no_component_normalized_match_in_mSCIdblit
master_LR_union	FGB	ITGB2L	Fgb	Itgb2l					candidate_public_only_not_graph_edge	no_component_normalized_match_in_mSCIdblit
master_LR_union	FGB	ITGB3	Fgb	Itgb3					candidate_public_only_not_graph_edge	no_component_normalized_match_in_mSCIdblit
master_LR_union	FGB	TLR4	Fgb	Tlr4					candidate_public_only_not_graph_edge	no_component_normalized_match_in_mSCIdblit
master_LR_union	FGF1	CSPG4	Fgf1	Cspg4					candidate_public_only_not_graph_edge	no_component_normalized_match_in_mSCIdblit
master_LR_union	FGF1	EGFR	Fgf1	Egfr					candidate_public_only_not_graph_edge	no_component_normalized_match_in_mSCIdblit
master_LR_union	FGF1	FGFRL1	Fgf1	Fgfrl1					candidate_public_only_not_graph_edge	no_component_normalized_match_in_mSCIdblit
master_LR_union	FGF1	ITGB3	Fgf1	Itgb3					candidate_public_only_not_graph_edge	no_component_normalized_match_in_mSCIdblit
master_LR_union	FGF1	NRP1	Fgf1	Nrp1					candidate_public_only_not_graph_edge	no_component_normalized_match_in_mSCIdblit
master_LR_union	FGF1	TGFBR3	Fgf1	Tgfbr3					candidate_public_only_not_graph_edge	no_component_normalized_match_in_mSCIdblit
master_LR_union	FGF10	FGFR3	Fgf10	Fgfr3					candidate_public_only_not_graph_edge	no_component_normalized_match_in_mSCIdblit
master_LR_union	FGF10	FGFR4	Fgf10	Fgfr4					candidate_public_only_not_graph_edge	no_component_normalized_match_in_mSCIdblit
master_LR_union	FGF11	FGFR2	Fgf11	Fgfr2					candidate_public_only_not_graph_edge	no_component_normalized_match_in_mSCIdblit
master_LR_union	FGF11	FGFR3	Fgf11	Fgfr3					candidate_public_only_not_graph_edge	no_component_normalized_match_in_mSCIdblit
master_LR_union	FGF11	FGFR4	Fgf11	Fgfr4					candidate_public_only_not_graph_edge	no_component_normalized_match_in_mSCIdblit
master_LR_union	FGF11	SCN10A	Fgf11	Scn10a					candidate_public_only_not_graph_edge	no_component_normalized_match_in_mSCIdblit
master_LR_union	FGF11	SCN11A	Fgf11	Scn11a					candidate_public_only_not_graph_edge	no_component_normalized_match_in_mSCIdblit
master_LR_union	FGF11	SCN1A	Fgf11	Scn1a					candidate_public_only_not_graph_edge	no_component_normalized_match_in_mSCIdblit
master_LR_union	FGF11	SCN2A	Fgf11	Scn2a					candidate_public_only_not_graph_edge	no_component_normalized_match_in_mSCIdblit
master_LR_union	FGF11	SCN3A	Fgf11	Scn3a					candidate_public_only_not_graph_edge	no_component_normalized_match_in_mSCIdblit
master_LR_union	FGF11	SCN4A	Fgf11	Scn4a					candidate_public_only_not_graph_edge	no_component_normalized_match_in_mSCIdblit
master_LR_union	FGF11	SCN5A	Fgf11	Scn5a					candidate_public_only_not_graph_edge	no_component_normalized_match_in_mSCIdblit
master_LR_union	FGF11	SCN8A	Fgf11	Scn8a					candidate_public_only_not_graph_edge	no_component_normalized_match_in_mSCIdblit
master_LR_union	FGF11	SCN9A	Fgf11	Scn9a					candidate_public_only_not_graph_edge	no_component_normalized_match_in_mSCIdblit
master_LR_union	FGF12	FGFR2	Fgf12	Fgfr2					candidate_public_only_not_graph_edge	no_component_normalized_match_in_mSCIdblit
master_LR_union	FGF12	FGFR3	Fgf12	Fgfr3					candidate_public_only_not_graph_edge	no_component_normalized_match_in_mSCIdblit
master_LR_union	FGF12	FGFR4	Fgf12	Fgfr4					candidate_public_only_not_graph_edge	no_component_normalized_match_in_mSCIdblit
master_LR_union	FGF12	SCN10A	Fgf12	Scn10a					candidate_public_only_not_graph_edge	no_component_normalized_match_in_mSCIdblit
master_LR_union	FGF12	SCN11A	Fgf12	Scn11a					candidate_public_only_not_graph_edge	no_component_normalized_match_in_mSCIdblit
master_LR_union	FGF12	SCN1A	Fgf12	Scn1a					candidate_public_only_not_graph_edge	no_component_normalized_match_in_mSCIdblit
master_LR_union	FGF12	SCN2A	Fgf12	Scn2a					candidate_public_only_not_graph_edge	no_component_normalized_match_in_mSCIdblit
master_LR_union	FGF12	SCN3A	Fgf12	Scn3a					candidate_public_only_not_graph_edge	no_component_normalized_match_in_mSCIdblit
master_LR_union	FGF12	SCN4A	Fgf12	Scn4a					candidate_public_only_not_graph_edge	no_component_normalized_match_in_mSCIdblit
master_LR_union	FGF12	SCN5A	Fgf12	Scn5a					candidate_public_only_not_graph_edge	no_component_normalized_match_in_mSCIdblit
master_LR_union	FGF12	SCN8A	Fgf12	Scn8a					candidate_public_only_not_graph_edge	no_component_normalized_match_in_mSCIdblit
master_LR_union	FGF12	SCN9A	Fgf12	Scn9a					candidate_public_only_not_graph_edge	no_component_normalized_match_in_mSCIdblit
master_LR_union	FGF13	EGFR	Fgf13	Egfr					candidate_public_only_not_graph_edge	no_component_normalized_match_in_mSCIdblit
master_LR_union	FGF13	FGFR2	Fgf13	Fgfr2					candidate_public_only_not_graph_edge	no_component_normalized_match_in_mSCIdblit
master_LR_union	FGF13	FGFR3	Fgf13	Fgfr3					candidate_public_only_not_graph_edge	no_component_normalized_match_in_mSCIdblit
master_LR_union	FGF13	FGFR4	Fgf13	Fgfr4					candidate_public_only_not_graph_edge	no_component_normalized_match_in_mSCIdblit
master_LR_union	FGF13	SCN10A	Fgf13	Scn10a					candidate_public_only_not_graph_edge	no_component_normalized_match_in_mSCIdblit
master_LR_union	FGF13	SCN11A	Fgf13	Scn11a					candidate_public_only_not_graph_edge	no_component_normalized_match_in_mSCIdblit
master_LR_union	FGF13	SCN1A	Fgf13	Scn1a					candidate_public_only_not_graph_edge	no_component_normalized_match_in_mSCIdblit
master_LR_union	FGF13	SCN2A	Fgf13	Scn2a					candidate_public_only_not_graph_edge	no_component_normalized_match_in_mSCIdblit
master_LR_union	FGF13	SCN3A	Fgf13	Scn3a					candidate_public_only_not_graph_edge	no_component_normalized_match_in_mSCIdblit
master_LR_union	FGF13	SCN4A	Fgf13	Scn4a					candidate_public_only_not_graph_edge	no_component_normalized_match_in_mSCIdblit
master_LR_union	FGF13	SCN5A	Fgf13	Scn5a					candidate_public_only_not_graph_edge	no_component_normalized_match_in_mSCIdblit
master_LR_union	FGF13	SCN8A	Fgf13	Scn8a					candidate_public_only_not_graph_edge	no_component_normalized_match_in_mSCIdblit
master_LR_union	FGF13	SCN9A	Fgf13	Scn9a					candidate_public_only_not_graph_edge	no_component_normalized_match_in_mSCIdblit
master_LR_union	FGF14	FGFR2	Fgf14	Fgfr2					candidate_public_only_not_graph_edge	no_component_normalized_match_in_mSCIdblit
master_LR_union	FGF14	FGFR3	Fgf14	Fgfr3					candidate_public_only_not_graph_edge	no_component_normalized_match_in_mSCIdblit
master_LR_union	FGF14	FGFR4	Fgf14	Fgfr4					candidate_public_only_not_graph_edge	no_component_normalized_match_in_mSCIdblit
master_LR_union	FGF14	SCN10A	Fgf14	Scn10a					candidate_public_only_not_graph_edge	no_component_normalized_match_in_mSCIdblit
master_LR_union	FGF14	SCN11A	Fgf14	Scn11a					candidate_public_only_not_graph_edge	no_component_normalized_match_in_mSCIdblit
master_LR_union	FGF14	SCN1A	Fgf14	Scn1a					candidate_public_only_not_graph_edge	no_component_normalized_match_in_mSCIdblit
master_LR_union	FGF14	SCN2A	Fgf14	Scn2a					candidate_public_only_not_graph_edge	no_component_normalized_match_in_mSCIdblit
master_LR_union	FGF14	SCN3A	Fgf14	Scn3a					candidate_public_only_not_graph_edge	no_component_normalized_match_in_mSCIdblit
master_LR_union	FGF14	SCN4A	Fgf14	Scn4a					candidate_public_only_not_graph_edge	no_component_normalized_match_in_mSCIdblit
master_LR_union	FGF14	SCN5A	Fgf14	Scn5a					candidate_public_only_not_graph_edge	no_component_normalized_match_in_mSCIdblit
master_LR_union	FGF14	SCN8A	Fgf14	Scn8a					candidate_public_only_not_graph_edge	no_component_normalized_match_in_mSCIdblit
master_LR_union	FGF14	SCN9A	Fgf14	Scn9a					candidate_public_only_not_graph_edge	no_component_normalized_match_in_mSCIdblit
master_LR_union	FGF15	KLB	Fgf15	Klb					candidate_public_only_not_graph_edge	no_component_normalized_match_in_mSCIdblit
master_LR_union	FGF17	FGFR1	Fgf17	Fgfr1					candidate_public_only_not_graph_edge	no_component_normalized_match_in_mSCIdblit
master_LR_union	FGF17	FGFR2	Fgf17	Fgfr2					candidate_public_only_not_graph_edge	no_component_normalized_match_in_mSCIdblit
master_LR_union	FGF18	FGFR3	Fgf18	Fgfr3					candidate_public_only_not_graph_edge	no_component_normalized_match_in_mSCIdblit
master_LR_union	FGF2	CD44	Fgf2	Cd44					candidate_public_only_not_graph_edge	no_component_normalized_match_in_mSCIdblit
master_LR_union	FGF2	ITGB3	Fgf2	Itgb3					candidate_public_only_not_graph_edge	no_component_normalized_match_in_mSCIdblit
master_LR_union	FGF2	SDC1	Fgf2	Sdc1					candidate_public_only_not_graph_edge	no_component_normalized_match_in_mSCIdblit
master_LR_union	FGF2	SDC2	Fgf2	Sdc2					candidate_public_only_not_graph_edge	no_component_normalized_match_in_mSCIdblit
master_LR_union	FGF2	SDC4	Fgf2	Sdc4					candidate_public_only_not_graph_edge	no_component_normalized_match_in_mSCIdblit
master_LR_union	FGF20	FGFR1	Fgf20	Fgfr1					candidate_public_only_not_graph_edge	no_component_normalized_match_in_mSCIdblit
master_LR_union	FGF20	FGFR2	Fgf20	Fgfr2					candidate_public_only_not_graph_edge	no_component_normalized_match_in_mSCIdblit
master_LR_union	FGF21	KLB	Fgf21	Klb					candidate_public_only_not_graph_edge	no_component_normalized_match_in_mSCIdblit
master_LR_union	FGF23	FGFR3	Fgf23	Fgfr3					candidate_public_only_not_graph_edge	no_component_normalized_match_in_mSCIdblit
master_LR_union	FGF23	PHEX	Fgf23	Phex					candidate_public_only_not_graph_edge	no_component_normalized_match_in_mSCIdblit
master_LR_union	FGF3	FGFR1	Fgf3	Fgfr1					candidate_public_only_not_graph_edge	no_component_normalized_match_in_mSCIdblit
master_LR_union	FGF3	FGFR2	Fgf3	Fgfr2					candidate_public_only_not_graph_edge	no_component_normalized_match_in_mSCIdblit
master_LR_union	FGF4	NRP1	Fgf4	Nrp1					candidate_public_only_not_graph_edge	no_component_normalized_match_in_mSCIdblit
master_LR_union	FGF6	SDC4	Fgf6	Sdc4					candidate_public_only_not_graph_edge	no_component_normalized_match_in_mSCIdblit
master_LR_union	FGF7	FGFR3	Fgf7	Fgfr3					candidate_public_only_not_graph_edge	no_component_normalized_match_in_mSCIdblit
master_LR_union	FGF7	FGFR4	Fgf7	Fgfr4					candidate_public_only_not_graph_edge	no_component_normalized_match_in_mSCIdblit
master_LR_union	FGF7	NRP1	Fgf7	Nrp1					candidate_public_only_not_graph_edge	no_component_normalized_match_in_mSCIdblit
master_LR_union	FGF8	FGFR1	Fgf8	Fgfr1					candidate_public_only_not_graph_edge	no_component_normalized_match_in_mSCIdblit
master_LR_union	FGFR3	EPHA4	Fgfr3	Epha4					candidate_public_only_not_graph_edge	no_component_normalized_match_in_mSCIdblit
master_LR_union	FGFR4	EPHA4	Fgfr4	Epha4					candidate_public_only_not_graph_edge	no_component_normalized_match_in_mSCIdblit
master_LR_union	FGFR4	PTPRR	Fgfr4	Ptprr					candidate_public_only_not_graph_edge	no_component_normalized_match_in_mSCIdblit
master_LR_union	FGFR4	TNFRSF10B	Fgfr4	Tnfrsf10b					candidate_public_only_not_graph_edge	no_component_normalized_match_in_mSCIdblit
master_LR_union	FGFRL1	FGFR1	Fgfrl1	Fgfr1					candidate_public_only_not_graph_edge	no_component_normalized_match_in_mSCIdblit
master_LR_union	FGFRL1	GP6	Fgfrl1	Gp6					candidate_public_only_not_graph_edge	no_component_normalized_match_in_mSCIdblit
master_LR_union	FGFRL1	GPC4	Fgfrl1	Gpc4					candidate_public_only_not_graph_edge	no_component_normalized_match_in_mSCIdblit
master_LR_union	FGFRL1	NRXN2	Fgfrl1	Nrxn2					candidate_public_only_not_graph_edge	no_component_normalized_match_in_mSCIdblit
master_LR_union	FGFRL1	NRXN3	Fgfrl1	Nrxn3					candidate_public_only_not_graph_edge	no_component_normalized_match_in_mSCIdblit
master_LR_union	FGFRL1	PLVAP	Fgfrl1	Plvap					candidate_public_only_not_graph_edge	no_component_normalized_match_in_mSCIdblit
master_LR_union	FGG	ITGA2B	Fgg	Itga2b					candidate_public_only_not_graph_edge	no_component_normalized_match_in_mSCIdblit
master_LR_union	FGG	ITGA5	Fgg	Itga5					candidate_public_only_not_graph_edge	no_component_normalized_match_in_mSCIdblit
master_LR_union	FGG	ITGAV	Fgg	Itgav					candidate_public_only_not_graph_edge	no_component_normalized_match_in_mSCIdblit
master_LR_union	FGG	ITGB1	Fgg	Itgb1					candidate_public_only_not_graph_edge	no_component_normalized_match_in_mSCIdblit
master_LR_union	FGG	ITGB2	Fgg	Itgb2					candidate_public_only_not_graph_edge	no_component_normalized_match_in_mSCIdblit
master_LR_union	FGG	ITGB2L	Fgg	Itgb2l					candidate_public_only_not_graph_edge	no_component_normalized_match_in_mSCIdblit
master_LR_union	FGG	ITGB3	Fgg	Itgb3					candidate_public_only_not_graph_edge	no_component_normalized_match_in_mSCIdblit
master_LR_union	FGG	TLR4	Fgg	Tlr4					candidate_public_only_not_graph_edge	no_component_normalized_match_in_mSCIdblit
master_LR_union	FGL1	EGFR	Fgl1	Egfr					candidate_public_only_not_graph_edge	no_component_normalized_match_in_mSCIdblit
master_LR_union	FLRT1	ADGRL1	Flrt1	Adgrl1					candidate_public_only_not_graph_edge	no_component_normalized_match_in_mSCIdblit
master_LR_union	FLRT1	ADGRL2	Flrt1	Adgrl2					candidate_public_only_not_graph_edge	no_component_normalized_match_in_mSCIdblit
master_LR_union	FLRT1	ADGRL3	Flrt1	Adgrl3					candidate_public_only_not_graph_edge	no_component_normalized_match_in_mSCIdblit
master_LR_union	FLRT1	FLRT1	Flrt1	Flrt1					candidate_public_only_not_graph_edge	no_component_normalized_match_in_mSCIdblit
master_LR_union	FLRT1	UNC5A	Flrt1	Unc5a					candidate_public_only_not_graph_edge	no_component_normalized_match_in_mSCIdblit
master_LR_union	FLRT1	UNC5B	Flrt1	Unc5b					candidate_public_only_not_graph_edge	no_component_normalized_match_in_mSCIdblit
master_LR_union	FLRT1	UNC5C	Flrt1	Unc5c					candidate_public_only_not_graph_edge	no_component_normalized_match_in_mSCIdblit
master_LR_union	FLRT1	UNC5D	Flrt1	Unc5d					candidate_public_only_not_graph_edge	no_component_normalized_match_in_mSCIdblit
master_LR_union	FLRT1+TENM2	ADGRL1	Tenm2_Flrt1	Adgrl1					candidate_public_only_not_graph_edge	no_component_normalized_match_in_mSCIdblit
master_LR_union	FLRT1+TENM3	ADGRL3	Tenm3_Flrt1	Adgrl3					candidate_public_only_not_graph_edge	no_component_normalized_match_in_mSCIdblit
master_LR_union	FLRT1+TENM4	ADGRL1	Tenm4_Flrt1	Adgrl1					candidate_public_only_not_graph_edge	no_component_normalized_match_in_mSCIdblit
master_LR_union	FLRT2	ADGRL1	Flrt2	Adgrl1					candidate_public_only_not_graph_edge	no_component_normalized_match_in_mSCIdblit
master_LR_union	FLRT2	ADGRL2	Flrt2	Adgrl2					candidate_public_only_not_graph_edge	no_component_normalized_match_in_mSCIdblit
master_LR_union	FLRT2	ADGRL3	Flrt2	Adgrl3					candidate_public_only_not_graph_edge	no_component_normalized_match_in_mSCIdblit
master_LR_union	FLRT2	FLRT2	Flrt2	Flrt2					candidate_public_only_not_graph_edge	no_component_normalized_match_in_mSCIdblit
master_LR_union	FLRT2	FLT4	Flrt2	Flt4					candidate_public_only_not_graph_edge	no_component_normalized_match_in_mSCIdblit
master_LR_union	FLRT2	UNC5A	Flrt2	Unc5a					candidate_public_only_not_graph_edge	no_component_normalized_match_in_mSCIdblit
master_LR_union	FLRT2	UNC5B	Flrt2	Unc5b					candidate_public_only_not_graph_edge	no_component_normalized_match_in_mSCIdblit
master_LR_union	FLRT3	ADGRL1	Flrt3	Adgrl1					candidate_public_only_not_graph_edge	no_component_normalized_match_in_mSCIdblit
master_LR_union	FLRT3	ADGRL2	Flrt3	Adgrl2					candidate_public_only_not_graph_edge	no_component_normalized_match_in_mSCIdblit
master_LR_union	FLRT3	FLRT3	Flrt3	Flrt3					candidate_public_only_not_graph_edge	no_component_normalized_match_in_mSCIdblit
master_LR_union	FLRT3	UNC5A	Flrt3	Unc5a					candidate_public_only_not_graph_edge	no_component_normalized_match_in_mSCIdblit
master_LR_union	FLRT3	UNC5C	Flrt3	Unc5c					candidate_public_only_not_graph_edge	no_component_normalized_match_in_mSCIdblit
master_LR_union	FLRT3	UNC5D	Flrt3	Unc5d					candidate_public_only_not_graph_edge	no_component_normalized_match_in_mSCIdblit
master_LR_union	FLRT3+TENM2	ADGRL1	Tenm2_Flrt3	Adgrl1					candidate_public_only_not_graph_edge	no_component_normalized_match_in_mSCIdblit
master_LR_union	FLRT3+TENM2	ADGRL2	Tenm2_Flrt3	Adgrl2					candidate_public_only_not_graph_edge	no_component_normalized_match_in_mSCIdblit
master_LR_union	FLRT3+TENM3	ADGRL3	Tenm3_Flrt3	Adgrl3					candidate_public_only_not_graph_edge	no_component_normalized_match_in_mSCIdblit
master_LR_union	FLRT3+TENM4	ADGRL1	Tenm4_Flrt3	Adgrl1					candidate_public_only_not_graph_edge	no_component_normalized_match_in_mSCIdblit
master_LR_union	FN1	C5AR1	Fn1	C5ar1					candidate_public_only_not_graph_edge	no_component_normalized_match_in_mSCIdblit
master_LR_union	FN1	CD79A	Fn1	Cd79a					candidate_public_only_not_graph_edge	no_component_normalized_match_in_mSCIdblit
master_LR_union	FN1	COL13A1	Fn1	Col13a1					candidate_public_only_not_graph_edge	no_component_normalized_match_in_mSCIdblit
master_LR_union	FN1	DPP4	Fn1	Dpp4					candidate_public_only_not_graph_edge	no_component_normalized_match_in_mSCIdblit
master_LR_union	FN1	FLT4	Fn1	Flt4					candidate_public_only_not_graph_edge	no_component_normalized_match_in_mSCIdblit
master_LR_union	FN1	IL17RC	Fn1	Il17rc					candidate_public_only_not_graph_edge	no_component_normalized_match_in_mSCIdblit
master_LR_union	FN1	ITGA2	Fn1	Itga2					candidate_public_only_not_graph_edge	no_component_normalized_match_in_mSCIdblit
master_LR_union	FN1	ITGA2B	Fn1	Itga2b					candidate_public_only_not_graph_edge	no_component_normalized_match_in_mSCIdblit
master_LR_union	FN1	ITGA3	Fn1	Itga3					candidate_public_only_not_graph_edge	no_component_normalized_match_in_mSCIdblit
master_LR_union	FN1	ITGA4	Fn1	Itga4					candidate_public_only_not_graph_edge	no_component_normalized_match_in_mSCIdblit
master_LR_union	FN1	ITGA5	Fn1	Itga5					candidate_public_only_not_graph_edge	no_component_normalized_match_in_mSCIdblit
master_LR_union	FN1	ITGA6	Fn1	Itga6					candidate_public_only_not_graph_edge	no_component_normalized_match_in_mSCIdblit
master_LR_union	FN1	ITGA8	Fn1	Itga8					candidate_public_only_not_graph_edge	no_component_normalized_match_in_mSCIdblit
master_LR_union	FN1	ITGAV	Fn1	Itgav					candidate_public_only_not_graph_edge	no_component_normalized_match_in_mSCIdblit
master_LR_union	FN1	ITGB1	Fn1	Itgb1					candidate_public_only_not_graph_edge	no_component_normalized_match_in_mSCIdblit
master_LR_union	FN1	ITGB3	Fn1	Itgb3					candidate_public_only_not_graph_edge	no_component_normalized_match_in_mSCIdblit
master_LR_union	FN1	ITGB6	Fn1	Itgb6					candidate_public_only_not_graph_edge	no_component_normalized_match_in_mSCIdblit
master_LR_union	FN1	ITGB7	Fn1	Itgb7					candidate_public_only_not_graph_edge	no_component_normalized_match_in_mSCIdblit
master_LR_union	FN1	ITGB8	Fn1	Itgb8					candidate_public_only_not_graph_edge	no_component_normalized_match_in_mSCIdblit
master_LR_union	FN1	MAG	Fn1	Mag					candidate_public_only_not_graph_edge	no_component_normalized_match_in_mSCIdblit
master_LR_union	FN1	NT5E	Fn1	Nt5e					candidate_public_only_not_graph_edge	no_component_normalized_match_in_mSCIdblit
master_LR_union	FN1	PLAUR	Fn1	Plaur					candidate_public_only_not_graph_edge	no_component_normalized_match_in_mSCIdblit
master_LR_union	FN1	ROBO4	Fn1	Robo4					candidate_public_only_not_graph_edge	no_component_normalized_match_in_mSCIdblit
master_LR_union	FN1	SDC2	Fn1	Sdc2					candidate_public_only_not_graph_edge	no_component_normalized_match_in_mSCIdblit
master_LR_union	FN1	TNFRSF11B	Fn1	Tnfrsf11b					candidate_public_only_not_graph_edge	no_component_normalized_match_in_mSCIdblit
master_LR_union	FN1	TSHR	Fn1	Tshr					candidate_public_only_not_graph_edge	no_component_normalized_match_in_mSCIdblit
master_LR_union	FNDC5	ITGAV	Fndc5	Itgav					candidate_public_only_not_graph_edge	no_component_normalized_match_in_mSCIdblit
master_LR_union	FNDC5	ITGB5	Fndc5	Itgb5					candidate_public_only_not_graph_edge	no_component_normalized_match_in_mSCIdblit
master_LR_union	FRAS1+FREM1+NPNT	ITGA8+ITGB1	Npnt_Fras1_Frem1	Itga8_Itgb1					candidate_public_only_not_graph_edge	no_component_normalized_match_in_mSCIdblit
master_LR_union	FRAS1+FREM2+NPNT	ITGA8+ITGB1	Npnt_Fras1_Frem2	Itga8_Itgb1					candidate_public_only_not_graph_edge	no_component_normalized_match_in_mSCIdblit
master_LR_union	FRS3	FGFR1	Frs3	Fgfr1					candidate_public_only_not_graph_edge	no_component_normalized_match_in_mSCIdblit
master_LR_union	FSHB	ADCYAP1R1	Fshb	Adcyap1r1					candidate_public_only_not_graph_edge	no_component_normalized_match_in_mSCIdblit
master_LR_union	FSHB	ADRB2	Fshb	Adrb2					candidate_public_only_not_graph_edge	no_component_normalized_match_in_mSCIdblit
master_LR_union	FSHB	ADRB3	Fshb	Adrb3					candidate_public_only_not_graph_edge	no_component_normalized_match_in_mSCIdblit
master_LR_union	FSHB	GPR20	Fshb	Gpr20					candidate_public_only_not_graph_edge	no_component_normalized_match_in_mSCIdblit
master_LR_union	FSHB	GPR84	Fshb	Gpr84					candidate_public_only_not_graph_edge	no_component_normalized_match_in_mSCIdblit
master_LR_union	FSHB	PTH1R	Fshb	Pth1r					candidate_public_only_not_graph_edge	no_component_normalized_match_in_mSCIdblit
master_LR_union	FSHB	RAMP2	Fshb	Ramp2					candidate_public_only_not_graph_edge	no_component_normalized_match_in_mSCIdblit
master_LR_union	FSHB	RAMP3	Fshb	Ramp3					candidate_public_only_not_graph_edge	no_component_normalized_match_in_mSCIdblit
master_LR_union	FSHB	TSHR	Fshb	Tshr					candidate_public_only_not_graph_edge	no_component_normalized_match_in_mSCIdblit
master_LR_union	FSHB	VIPR1	Fshb	Vipr1					candidate_public_only_not_graph_edge	no_component_normalized_match_in_mSCIdblit
master_LR_union	FST	BMPR1B	Fst	Bmpr1b					candidate_public_only_not_graph_edge	no_component_normalized_match_in_mSCIdblit
master_LR_union	FST	BMPR2	Fst	Bmpr2					candidate_public_only_not_graph_edge	no_component_normalized_match_in_mSCIdblit
master_LR_union	FST	HJV	Fst	Hjv					candidate_public_only_not_graph_edge	no_component_normalized_match_in_mSCIdblit
master_LR_union	FSTL5	CD33	Fstl5	Cd33					candidate_public_only_not_graph_edge	no_component_normalized_match_in_mSCIdblit
master_LR_union	FSTL5	CD86	Fstl5	Cd86					candidate_public_only_not_graph_edge	no_component_normalized_match_in_mSCIdblit
master_LR_union	FSTL5	CEACAM19	Fstl5	Ceacam19					candidate_public_only_not_graph_edge	no_component_normalized_match_in_mSCIdblit
master_LR_union	FSTL5	CHL1	Fstl5	Chl1					candidate_public_only_not_graph_edge	no_component_normalized_match_in_mSCIdblit
master_LR_union	FSTL5	CNTN5	Fstl5	Cntn5					candidate_public_only_not_graph_edge	no_component_normalized_match_in_mSCIdblit
master_LR_union	FSTL5	GP6	Fstl5	Gp6					candidate_public_only_not_graph_edge	no_component_normalized_match_in_mSCIdblit
master_LR_union	FSTL5	IL6RA	Fstl5	Il6ra					candidate_public_only_not_graph_edge	no_component_normalized_match_in_mSCIdblit
master_LR_union	FSTL5	SDK2	Fstl5	Sdk2					candidate_public_only_not_graph_edge	no_component_normalized_match_in_mSCIdblit
master_LR_union	FSTL5	SIGLECF	Fstl5	Siglecf					candidate_public_only_not_graph_edge	no_component_normalized_match_in_mSCIdblit
master_LR_union	FSTL5	SIGLECH	Fstl5	Siglech					candidate_public_only_not_graph_edge	no_component_normalized_match_in_mSCIdblit
master_LR_union	FURIN	ADAM19	Furin	Adam19					candidate_public_only_not_graph_edge	no_component_normalized_match_in_mSCIdblit
master_LR_union	FURIN	ADAMTS1	Furin	Adamts1					candidate_public_only_not_graph_edge	no_component_normalized_match_in_mSCIdblit
master_LR_union	FURIN	BACE1	Furin	Bace1					candidate_public_only_not_graph_edge	no_component_normalized_match_in_mSCIdblit
master_LR_union	FURIN	DSG3	Furin	Dsg3					candidate_public_only_not_graph_edge	no_component_normalized_match_in_mSCIdblit
master_LR_union	FURIN	INSR	Furin	Insr					candidate_public_only_not_graph_edge	no_component_normalized_match_in_mSCIdblit
master_LR_union	FURIN	LRP1	Furin	Lrp1					candidate_public_only_not_graph_edge	no_component_normalized_match_in_mSCIdblit
master_LR_union	FURIN	NOTCH1	Furin	Notch1					candidate_public_only_not_graph_edge	no_component_normalized_match_in_mSCIdblit
master_LR_union	FURIN	SORCS1	Furin	Sorcs1					candidate_public_only_not_graph_edge	no_component_normalized_match_in_mSCIdblit
master_LR_union	GAD1	GRM4	Gad1	Grm4					candidate_public_only_not_graph_edge	no_component_normalized_match_in_mSCIdblit
master_LR_union	GAD1+SLC32A1	GABBR1	Slc32a1_Gad1	Gabbr1					candidate_public_only_not_graph_edge	no_component_normalized_match_in_mSCIdblit
master_LR_union	GAD1+SLC32A1	GABBR2	Slc32a1_Gad1	Gabbr2					candidate_public_only_not_graph_edge	no_component_normalized_match_in_mSCIdblit
master_LR_union	GAD1+SLC32A1	GABRA1+GABRB2	Slc32a1_Gad1	Gabra1_Gabrb2					candidate_public_only_not_graph_edge	no_component_normalized_match_in_mSCIdblit
master_LR_union	GAD1+SLC32A1	GABRA1+GABRB2+GABRD	Slc32a1_Gad1	Gabra1_Gabrb2_Gabrd					candidate_public_only_not_graph_edge	no_component_normalized_match_in_mSCIdblit
master_LR_union	GAD1+SLC32A1	GABRA1+GABRB2+GABRG2	Slc32a1_Gad1	Gabra1_Gabrb2_Gabrg2					candidate_public_only_not_graph_edge	no_component_normalized_match_in_mSCIdblit
master_LR_union	GAD1+SLC32A1	GABRA1+GABRB3	Slc32a1_Gad1	Gabra1_Gabrb3					candidate_public_only_not_graph_edge	no_component_normalized_match_in_mSCIdblit
master_LR_union	GAD1+SLC32A1	GABRA1+GABRB3+GABRG2	Slc32a1_Gad1	Gabra1_Gabrb3_Gabrg2					candidate_public_only_not_graph_edge	no_component_normalized_match_in_mSCIdblit
master_LR_union	GAD1+SLC32A1	GABRA2+GABRB3+GABRG2	Slc32a1_Gad1	Gabra2_Gabrb3_Gabrg2					candidate_public_only_not_graph_edge	no_component_normalized_match_in_mSCIdblit
master_LR_union	GAD1+SLC32A1	GABRA3+GABRB3+GABRE	Slc32a1_Gad1	Gabra3_Gabrb3_Gabre					candidate_public_only_not_graph_edge	no_component_normalized_match_in_mSCIdblit
master_LR_union	GAD1+SLC32A1	GABRA3+GABRB3+GABRG2	Slc32a1_Gad1	Gabra3_Gabrb3_Gabrg2					candidate_public_only_not_graph_edge	no_component_normalized_match_in_mSCIdblit
master_LR_union	GAD1+SLC32A1	GABRA3+GABRB3+GABRQ	Slc32a1_Gad1	Gabra3_Gabrb3_Gabrq					candidate_public_only_not_graph_edge	no_component_normalized_match_in_mSCIdblit
master_LR_union	GAD1+SLC32A1	GABRA4+GABRB2+GABRD	Slc32a1_Gad1	Gabra4_Gabrb2_Gabrd					candidate_public_only_not_graph_edge	no_component_normalized_match_in_mSCIdblit
master_LR_union	GAD1+SLC32A1	GABRA4+GABRB3+GABRD	Slc32a1_Gad1	Gabra4_Gabrb3_Gabrd					candidate_public_only_not_graph_edge	no_component_normalized_match_in_mSCIdblit
master_LR_union	GAD1+SLC32A1	GABRA4+GABRB3+GABRG2	Slc32a1_Gad1	Gabra4_Gabrb3_Gabrg2					candidate_public_only_not_graph_edge	no_component_normalized_match_in_mSCIdblit
master_LR_union	GAD1+SLC32A1	GABRA5+GABRB3+GABRG2	Slc32a1_Gad1	Gabra5_Gabrb3_Gabrg2					candidate_public_only_not_graph_edge	no_component_normalized_match_in_mSCIdblit
master_LR_union	GAD1+SLC32A1	GABRA6+GABRB3+GABRD	Slc32a1_Gad1	Gabra6_Gabrb3_Gabrd					candidate_public_only_not_graph_edge	no_component_normalized_match_in_mSCIdblit
master_LR_union	GAD1+SLC32A1	GABRA6+GABRB3+GABRG2	Slc32a1_Gad1	Gabra6_Gabrb3_Gabrg2					candidate_public_only_not_graph_edge	no_component_normalized_match_in_mSCIdblit
master_LR_union	GAD1+SLC6A1	GABBR1	Slc6a1_Gad1	Gabbr1					candidate_public_only_not_graph_edge	no_component_normalized_match_in_mSCIdblit
master_LR_union	GAD1+SLC6A1	GABBR2	Slc6a1_Gad1	Gabbr2					candidate_public_only_not_graph_edge	no_component_normalized_match_in_mSCIdblit
master_LR_union	GAD1+SLC6A1	GABRA1+GABRB2	Slc6a1_Gad1	Gabra1_Gabrb2					candidate_public_only_not_graph_edge	no_component_normalized_match_in_mSCIdblit
master_LR_union	GAD1+SLC6A1	GABRA1+GABRB2+GABRD	Slc6a1_Gad1	Gabra1_Gabrb2_Gabrd					candidate_public_only_not_graph_edge	no_component_normalized_match_in_mSCIdblit
master_LR_union	GAD1+SLC6A1	GABRA1+GABRB2+GABRG2	Slc6a1_Gad1	Gabra1_Gabrb2_Gabrg2					candidate_public_only_not_graph_edge	no_component_normalized_match_in_mSCIdblit
master_LR_union	GAD1+SLC6A1	GABRA1+GABRB3	Slc6a1_Gad1	Gabra1_Gabrb3					candidate_public_only_not_graph_edge	no_component_normalized_match_in_mSCIdblit
master_LR_union	GAD1+SLC6A1	GABRA1+GABRB3+GABRG2	Slc6a1_Gad1	Gabra1_Gabrb3_Gabrg2					candidate_public_only_not_graph_edge	no_component_normalized_match_in_mSCIdblit
master_LR_union	GAD1+SLC6A1	GABRA2+GABRB3+GABRG2	Slc6a1_Gad1	Gabra2_Gabrb3_Gabrg2					candidate_public_only_not_graph_edge	no_component_normalized_match_in_mSCIdblit
master_LR_union	GAD1+SLC6A1	GABRA3+GABRB3+GABRE	Slc6a1_Gad1	Gabra3_Gabrb3_Gabre					candidate_public_only_not_graph_edge	no_component_normalized_match_in_mSCIdblit
master_LR_union	GAD1+SLC6A1	GABRA3+GABRB3+GABRG2	Slc6a1_Gad1	Gabra3_Gabrb3_Gabrg2					candidate_public_only_not_graph_edge	no_component_normalized_match_in_mSCIdblit
master_LR_union	GAD1+SLC6A1	GABRA3+GABRB3+GABRQ	Slc6a1_Gad1	Gabra3_Gabrb3_Gabrq					candidate_public_only_not_graph_edge	no_component_normalized_match_in_mSCIdblit
master_LR_union	GAD1+SLC6A1	GABRA4+GABRB2+GABRD	Slc6a1_Gad1	Gabra4_Gabrb2_Gabrd					candidate_public_only_not_graph_edge	no_component_normalized_match_in_mSCIdblit
master_LR_union	GAD1+SLC6A1	GABRA4+GABRB3+GABRD	Slc6a1_Gad1	Gabra4_Gabrb3_Gabrd					candidate_public_only_not_graph_edge	no_component_normalized_match_in_mSCIdblit
master_LR_union	GAD1+SLC6A1	GABRA4+GABRB3+GABRG2	Slc6a1_Gad1	Gabra4_Gabrb3_Gabrg2					candidate_public_only_not_graph_edge	no_component_normalized_match_in_mSCIdblit
master_LR_union	GAD1+SLC6A1	GABRA5+GABRB3+GABRG2	Slc6a1_Gad1	Gabra5_Gabrb3_Gabrg2					candidate_public_only_not_graph_edge	no_component_normalized_match_in_mSCIdblit
master_LR_union	GAD1+SLC6A1	GABRA6+GABRB3+GABRD	Slc6a1_Gad1	Gabra6_Gabrb3_Gabrd					candidate_public_only_not_graph_edge	no_component_normalized_match_in_mSCIdblit
master_LR_union	GAD1+SLC6A1	GABRA6+GABRB3+GABRG2	Slc6a1_Gad1	Gabra6_Gabrb3_Gabrg2					candidate_public_only_not_graph_edge	no_component_normalized_match_in_mSCIdblit
master_LR_union	GAD1+SLC6A11	GABBR1	Slc6a11_Gad1	Gabbr1					candidate_public_only_not_graph_edge	no_component_normalized_match_in_mSCIdblit
master_LR_union	GAD1+SLC6A11	GABBR2	Slc6a11_Gad1	Gabbr2					candidate_public_only_not_graph_edge	no_component_normalized_match_in_mSCIdblit
master_LR_union	GAD1+SLC6A11	GABRA1+GABRB2	Slc6a11_Gad1	Gabra1_Gabrb2					candidate_public_only_not_graph_edge	no_component_normalized_match_in_mSCIdblit
master_LR_union	GAD1+SLC6A11	GABRA1+GABRB2+GABRD	Slc6a11_Gad1	Gabra1_Gabrb2_Gabrd					candidate_public_only_not_graph_edge	no_component_normalized_match_in_mSCIdblit
master_LR_union	GAD1+SLC6A11	GABRA1+GABRB2+GABRG2	Slc6a11_Gad1	Gabra1_Gabrb2_Gabrg2					candidate_public_only_not_graph_edge	no_component_normalized_match_in_mSCIdblit
master_LR_union	GAD1+SLC6A11	GABRA1+GABRB3	Slc6a11_Gad1	Gabra1_Gabrb3					candidate_public_only_not_graph_edge	no_component_normalized_match_in_mSCIdblit
master_LR_union	GAD1+SLC6A11	GABRA1+GABRB3+GABRG2	Slc6a11_Gad1	Gabra1_Gabrb3_Gabrg2					candidate_public_only_not_graph_edge	no_component_normalized_match_in_mSCIdblit
master_LR_union	GAD1+SLC6A11	GABRA2+GABRB3+GABRG2	Slc6a11_Gad1	Gabra2_Gabrb3_Gabrg2					candidate_public_only_not_graph_edge	no_component_normalized_match_in_mSCIdblit
master_LR_union	GAD1+SLC6A11	GABRA3+GABRB3+GABRE	Slc6a11_Gad1	Gabra3_Gabrb3_Gabre					candidate_public_only_not_graph_edge	no_component_normalized_match_in_mSCIdblit
master_LR_union	GAD1+SLC6A11	GABRA3+GABRB3+GABRG2	Slc6a11_Gad1	Gabra3_Gabrb3_Gabrg2					candidate_public_only_not_graph_edge	no_component_normalized_match_in_mSCIdblit
master_LR_union	GAD1+SLC6A11	GABRA3+GABRB3+GABRQ	Slc6a11_Gad1	Gabra3_Gabrb3_Gabrq					candidate_public_only_not_graph_edge	no_component_normalized_match_in_mSCIdblit
master_LR_union	GAD1+SLC6A11	GABRA4+GABRB2+GABRD	Slc6a11_Gad1	Gabra4_Gabrb2_Gabrd					candidate_public_only_not_graph_edge	no_component_normalized_match_in_mSCIdblit
master_LR_union	GAD1+SLC6A11	GABRA4+GABRB3+GABRD	Slc6a11_Gad1	Gabra4_Gabrb3_Gabrd					candidate_public_only_not_graph_edge	no_component_normalized_match_in_mSCIdblit
master_LR_union	GAD1+SLC6A11	GABRA4+GABRB3+GABRG2	Slc6a11_Gad1	Gabra4_Gabrb3_Gabrg2					candidate_public_only_not_graph_edge	no_component_normalized_match_in_mSCIdblit
master_LR_union	GAD1+SLC6A11	GABRA5+GABRB3+GABRG2	Slc6a11_Gad1	Gabra5_Gabrb3_Gabrg2					candidate_public_only_not_graph_edge	no_component_normalized_match_in_mSCIdblit
master_LR_union	GAD1+SLC6A11	GABRA6+GABRB3+GABRD	Slc6a11_Gad1	Gabra6_Gabrb3_Gabrd					candidate_public_only_not_graph_edge	no_component_normalized_match_in_mSCIdblit
master_LR_union	GAD1+SLC6A11	GABRA6+GABRB3+GABRG2	Slc6a11_Gad1	Gabra6_Gabrb3_Gabrg2					candidate_public_only_not_graph_edge	no_component_normalized_match_in_mSCIdblit
master_LR_union	GAD1+SLC6A12	GABBR1	Slc6a12_Gad1	Gabbr1					candidate_public_only_not_graph_edge	no_component_normalized_match_in_mSCIdblit
master_LR_union	GAD1+SLC6A12	GABBR2	Slc6a12_Gad1	Gabbr2					candidate_public_only_not_graph_edge	no_component_normalized_match_in_mSCIdblit
master_LR_union	GAD1+SLC6A12	GABRA1+GABRB2	Slc6a12_Gad1	Gabra1_Gabrb2					candidate_public_only_not_graph_edge	no_component_normalized_match_in_mSCIdblit
master_LR_union	GAD1+SLC6A12	GABRA1+GABRB2+GABRD	Slc6a12_Gad1	Gabra1_Gabrb2_Gabrd					candidate_public_only_not_graph_edge	no_component_normalized_match_in_mSCIdblit
master_LR_union	GAD1+SLC6A12	GABRA1+GABRB2+GABRG2	Slc6a12_Gad1	Gabra1_Gabrb2_Gabrg2					candidate_public_only_not_graph_edge	no_component_normalized_match_in_mSCIdblit
master_LR_union	GAD1+SLC6A12	GABRA1+GABRB3	Slc6a12_Gad1	Gabra1_Gabrb3					candidate_public_only_not_graph_edge	no_component_normalized_match_in_mSCIdblit
master_LR_union	GAD1+SLC6A12	GABRA1+GABRB3+GABRG2	Slc6a12_Gad1	Gabra1_Gabrb3_Gabrg2					candidate_public_only_not_graph_edge	no_component_normalized_match_in_mSCIdblit
master_LR_union	GAD1+SLC6A12	GABRA2+GABRB3+GABRG2	Slc6a12_Gad1	Gabra2_Gabrb3_Gabrg2					candidate_public_only_not_graph_edge	no_component_normalized_match_in_mSCIdblit
master_LR_union	GAD1+SLC6A12	GABRA3+GABRB3+GABRE	Slc6a12_Gad1	Gabra3_Gabrb3_Gabre					candidate_public_only_not_graph_edge	no_component_normalized_match_in_mSCIdblit
master_LR_union	GAD1+SLC6A12	GABRA3+GABRB3+GABRG2	Slc6a12_Gad1	Gabra3_Gabrb3_Gabrg2					candidate_public_only_not_graph_edge	no_component_normalized_match_in_mSCIdblit
master_LR_union	GAD1+SLC6A12	GABRA3+GABRB3+GABRQ	Slc6a12_Gad1	Gabra3_Gabrb3_Gabrq					candidate_public_only_not_graph_edge	no_component_normalized_match_in_mSCIdblit
master_LR_union	GAD1+SLC6A12	GABRA4+GABRB2+GABRD	Slc6a12_Gad1	Gabra4_Gabrb2_Gabrd					candidate_public_only_not_graph_edge	no_component_normalized_match_in_mSCIdblit
master_LR_union	GAD1+SLC6A12	GABRA4+GABRB3+GABRD	Slc6a12_Gad1	Gabra4_Gabrb3_Gabrd					candidate_public_only_not_graph_edge	no_component_normalized_match_in_mSCIdblit
master_LR_union	GAD1+SLC6A12	GABRA4+GABRB3+GABRG2	Slc6a12_Gad1	Gabra4_Gabrb3_Gabrg2					candidate_public_only_not_graph_edge	no_component_normalized_match_in_mSCIdblit
master_LR_union	GAD1+SLC6A12	GABRA5+GABRB3+GABRG2	Slc6a12_Gad1	Gabra5_Gabrb3_Gabrg2					candidate_public_only_not_graph_edge	no_component_normalized_match_in_mSCIdblit
master_LR_union	GAD1+SLC6A12	GABRA6+GABRB3+GABRD	Slc6a12_Gad1	Gabra6_Gabrb3_Gabrd					candidate_public_only_not_graph_edge	no_component_normalized_match_in_mSCIdblit
master_LR_union	GAD1+SLC6A12	GABRA6+GABRB3+GABRG2	Slc6a12_Gad1	Gabra6_Gabrb3_Gabrg2					candidate_public_only_not_graph_edge	no_component_normalized_match_in_mSCIdblit
master_LR_union	GAD1+SLC6A13	GABBR1	Slc6a13_Gad1	Gabbr1					candidate_public_only_not_graph_edge	no_component_normalized_match_in_mSCIdblit
master_LR_union	GAD1+SLC6A13	GABBR2	Slc6a13_Gad1	Gabbr2					candidate_public_only_not_graph_edge	no_component_normalized_match_in_mSCIdblit
master_LR_union	GAD1+SLC6A13	GABRA1+GABRB2	Slc6a13_Gad1	Gabra1_Gabrb2					candidate_public_only_not_graph_edge	no_component_normalized_match_in_mSCIdblit
master_LR_union	GAD1+SLC6A13	GABRA1+GABRB2+GABRD	Slc6a13_Gad1	Gabra1_Gabrb2_Gabrd					candidate_public_only_not_graph_edge	no_component_normalized_match_in_mSCIdblit
master_LR_union	GAD1+SLC6A13	GABRA1+GABRB2+GABRG2	Slc6a13_Gad1	Gabra1_Gabrb2_Gabrg2					candidate_public_only_not_graph_edge	no_component_normalized_match_in_mSCIdblit
master_LR_union	GAD1+SLC6A13	GABRA1+GABRB3	Slc6a13_Gad1	Gabra1_Gabrb3					candidate_public_only_not_graph_edge	no_component_normalized_match_in_mSCIdblit
master_LR_union	GAD1+SLC6A13	GABRA1+GABRB3+GABRG2	Slc6a13_Gad1	Gabra1_Gabrb3_Gabrg2					candidate_public_only_not_graph_edge	no_component_normalized_match_in_mSCIdblit
master_LR_union	GAD1+SLC6A13	GABRA2+GABRB3+GABRG2	Slc6a13_Gad1	Gabra2_Gabrb3_Gabrg2					candidate_public_only_not_graph_edge	no_component_normalized_match_in_mSCIdblit
master_LR_union	GAD1+SLC6A13	GABRA3+GABRB3+GABRE	Slc6a13_Gad1	Gabra3_Gabrb3_Gabre					candidate_public_only_not_graph_edge	no_component_normalized_match_in_mSCIdblit
master_LR_union	GAD1+SLC6A13	GABRA3+GABRB3+GABRG2	Slc6a13_Gad1	Gabra3_Gabrb3_Gabrg2					candidate_public_only_not_graph_edge	no_component_normalized_match_in_mSCIdblit
master_LR_union	GAD1+SLC6A13	GABRA3+GABRB3+GABRQ	Slc6a13_Gad1	Gabra3_Gabrb3_Gabrq					candidate_public_only_not_graph_edge	no_component_normalized_match_in_mSCIdblit
master_LR_union	GAD1+SLC6A13	GABRA4+GABRB2+GABRD	Slc6a13_Gad1	Gabra4_Gabrb2_Gabrd					candidate_public_only_not_graph_edge	no_component_normalized_match_in_mSCIdblit
master_LR_union	GAD1+SLC6A13	GABRA4+GABRB3+GABRD	Slc6a13_Gad1	Gabra4_Gabrb3_Gabrd					candidate_public_only_not_graph_edge	no_component_normalized_match_in_mSCIdblit
master_LR_union	GAD1+SLC6A13	GABRA4+GABRB3+GABRG2	Slc6a13_Gad1	Gabra4_Gabrb3_Gabrg2					candidate_public_only_not_graph_edge	no_component_normalized_match_in_mSCIdblit
master_LR_union	GAD1+SLC6A13	GABRA5+GABRB3+GABRG2	Slc6a13_Gad1	Gabra5_Gabrb3_Gabrg2					candidate_public_only_not_graph_edge	no_component_normalized_match_in_mSCIdblit
master_LR_union	GAD1+SLC6A13	GABRA6+GABRB3+GABRD	Slc6a13_Gad1	Gabra6_Gabrb3_Gabrd					candidate_public_only_not_graph_edge	no_component_normalized_match_in_mSCIdblit
master_LR_union	GAD1+SLC6A13	GABRA6+GABRB3+GABRG2	Slc6a13_Gad1	Gabra6_Gabrb3_Gabrg2					candidate_public_only_not_graph_edge	no_component_normalized_match_in_mSCIdblit
master_LR_union	GAD1+SLC6A6	GABBR1	Slc6a6_Gad1	Gabbr1					candidate_public_only_not_graph_edge	no_component_normalized_match_in_mSCIdblit
master_LR_union	GAD1+SLC6A6	GABBR2	Slc6a6_Gad1	Gabbr2					candidate_public_only_not_graph_edge	no_component_normalized_match_in_mSCIdblit
master_LR_union	GAD1+SLC6A6	GABRA1+GABRB2	Slc6a6_Gad1	Gabra1_Gabrb2					candidate_public_only_not_graph_edge	no_component_normalized_match_in_mSCIdblit
master_LR_union	GAD1+SLC6A6	GABRA1+GABRB2+GABRD	Slc6a6_Gad1	Gabra1_Gabrb2_Gabrd					candidate_public_only_not_graph_edge	no_component_normalized_match_in_mSCIdblit
master_LR_union	GAD1+SLC6A6	GABRA1+GABRB2+GABRG2	Slc6a6_Gad1	Gabra1_Gabrb2_Gabrg2					candidate_public_only_not_graph_edge	no_component_normalized_match_in_mSCIdblit
master_LR_union	GAD1+SLC6A6	GABRA1+GABRB3	Slc6a6_Gad1	Gabra1_Gabrb3					candidate_public_only_not_graph_edge	no_component_normalized_match_in_mSCIdblit
master_LR_union	GAD1+SLC6A6	GABRA1+GABRB3+GABRG2	Slc6a6_Gad1	Gabra1_Gabrb3_Gabrg2					candidate_public_only_not_graph_edge	no_component_normalized_match_in_mSCIdblit
master_LR_union	GAD1+SLC6A6	GABRA2+GABRB3+GABRG2	Slc6a6_Gad1	Gabra2_Gabrb3_Gabrg2					candidate_public_only_not_graph_edge	no_component_normalized_match_in_mSCIdblit
master_LR_union	GAD1+SLC6A6	GABRA3+GABRB3+GABRE	Slc6a6_Gad1	Gabra3_Gabrb3_Gabre					candidate_public_only_not_graph_edge	no_component_normalized_match_in_mSCIdblit
master_LR_union	GAD1+SLC6A6	GABRA3+GABRB3+GABRG2	Slc6a6_Gad1	Gabra3_Gabrb3_Gabrg2					candidate_public_only_not_graph_edge	no_component_normalized_match_in_mSCIdblit
master_LR_union	GAD1+SLC6A6	GABRA3+GABRB3+GABRQ	Slc6a6_Gad1	Gabra3_Gabrb3_Gabrq					candidate_public_only_not_graph_edge	no_component_normalized_match_in_mSCIdblit
master_LR_union	GAD1+SLC6A6	GABRA4+GABRB2+GABRD	Slc6a6_Gad1	Gabra4_Gabrb2_Gabrd					candidate_public_only_not_graph_edge	no_component_normalized_match_in_mSCIdblit
master_LR_union	GAD1+SLC6A6	GABRA4+GABRB3+GABRD	Slc6a6_Gad1	Gabra4_Gabrb3_Gabrd					candidate_public_only_not_graph_edge	no_component_normalized_match_in_mSCIdblit
master_LR_union	GAD1+SLC6A6	GABRA4+GABRB3+GABRG2	Slc6a6_Gad1	Gabra4_Gabrb3_Gabrg2					candidate_public_only_not_graph_edge	no_component_normalized_match_in_mSCIdblit
master_LR_union	GAD1+SLC6A6	GABRA5+GABRB3+GABRG2	Slc6a6_Gad1	Gabra5_Gabrb3_Gabrg2					candidate_public_only_not_graph_edge	no_component_normalized_match_in_mSCIdblit
master_LR_union	GAD1+SLC6A6	GABRA6+GABRB3+GABRD	Slc6a6_Gad1	Gabra6_Gabrb3_Gabrd					candidate_public_only_not_graph_edge	no_component_normalized_match_in_mSCIdblit
master_LR_union	GAD1+SLC6A6	GABRA6+GABRB3+GABRG2	Slc6a6_Gad1	Gabra6_Gabrb3_Gabrg2					candidate_public_only_not_graph_edge	no_component_normalized_match_in_mSCIdblit
master_LR_union	GAD1+SLC6A8	GABBR1	Slc6a8_Gad1	Gabbr1					candidate_public_only_not_graph_edge	no_component_normalized_match_in_mSCIdblit
master_LR_union	GAD1+SLC6A8	GABBR2	Slc6a8_Gad1	Gabbr2					candidate_public_only_not_graph_edge	no_component_normalized_match_in_mSCIdblit
master_LR_union	GAD1+SLC6A8	GABRA1+GABRB2	Slc6a8_Gad1	Gabra1_Gabrb2					candidate_public_only_not_graph_edge	no_component_normalized_match_in_mSCIdblit
master_LR_union	GAD1+SLC6A8	GABRA1+GABRB2+GABRD	Slc6a8_Gad1	Gabra1_Gabrb2_Gabrd					candidate_public_only_not_graph_edge	no_component_normalized_match_in_mSCIdblit
master_LR_union	GAD1+SLC6A8	GABRA1+GABRB2+GABRG2	Slc6a8_Gad1	Gabra1_Gabrb2_Gabrg2					candidate_public_only_not_graph_edge	no_component_normalized_match_in_mSCIdblit
master_LR_union	GAD1+SLC6A8	GABRA1+GABRB3	Slc6a8_Gad1	Gabra1_Gabrb3					candidate_public_only_not_graph_edge	no_component_normalized_match_in_mSCIdblit
master_LR_union	GAD1+SLC6A8	GABRA1+GABRB3+GABRG2	Slc6a8_Gad1	Gabra1_Gabrb3_Gabrg2					candidate_public_only_not_graph_edge	no_component_normalized_match_in_mSCIdblit
master_LR_union	GAD1+SLC6A8	GABRA2+GABRB3+GABRG2	Slc6a8_Gad1	Gabra2_Gabrb3_Gabrg2					candidate_public_only_not_graph_edge	no_component_normalized_match_in_mSCIdblit
master_LR_union	GAD1+SLC6A8	GABRA3+GABRB3+GABRE	Slc6a8_Gad1	Gabra3_Gabrb3_Gabre					candidate_public_only_not_graph_edge	no_component_normalized_match_in_mSCIdblit
master_LR_union	GAD1+SLC6A8	GABRA3+GABRB3+GABRG2	Slc6a8_Gad1	Gabra3_Gabrb3_Gabrg2					candidate_public_only_not_graph_edge	no_component_normalized_match_in_mSCIdblit
master_LR_union	GAD1+SLC6A8	GABRA3+GABRB3+GABRQ	Slc6a8_Gad1	Gabra3_Gabrb3_Gabrq					candidate_public_only_not_graph_edge	no_component_normalized_match_in_mSCIdblit
master_LR_union	GAD1+SLC6A8	GABRA4+GABRB2+GABRD	Slc6a8_Gad1	Gabra4_Gabrb2_Gabrd					candidate_public_only_not_graph_edge	no_component_normalized_match_in_mSCIdblit
master_LR_union	GAD1+SLC6A8	GABRA4+GABRB3+GABRD	Slc6a8_Gad1	Gabra4_Gabrb3_Gabrd					candidate_public_only_not_graph_edge	no_component_normalized_match_in_mSCIdblit
master_LR_union	GAD1+SLC6A8	GABRA4+GABRB3+GABRG2	Slc6a8_Gad1	Gabra4_Gabrb3_Gabrg2					candidate_public_only_not_graph_edge	no_component_normalized_match_in_mSCIdblit
master_LR_union	GAD1+SLC6A8	GABRA5+GABRB3+GABRG2	Slc6a8_Gad1	Gabra5_Gabrb3_Gabrg2					candidate_public_only_not_graph_edge	no_component_normalized_match_in_mSCIdblit
master_LR_union	GAD1+SLC6A8	GABRA6+GABRB3+GABRD	Slc6a8_Gad1	Gabra6_Gabrb3_Gabrd					candidate_public_only_not_graph_edge	no_component_normalized_match_in_mSCIdblit
master_LR_union	GAD1+SLC6A8	GABRA6+GABRB3+GABRG2	Slc6a8_Gad1	Gabra6_Gabrb3_Gabrg2					candidate_public_only_not_graph_edge	no_component_normalized_match_in_mSCIdblit
master_LR_union	GAD2+SLC32A1	GABBR1	Slc32a1_Gad2	Gabbr1					candidate_public_only_not_graph_edge	no_component_normalized_match_in_mSCIdblit
master_LR_union	GAD2+SLC32A1	GABBR2	Slc32a1_Gad2	Gabbr2					candidate_public_only_not_graph_edge	no_component_normalized_match_in_mSCIdblit
master_LR_union	GAD2+SLC32A1	GABRA1+GABRB2	Slc32a1_Gad2	Gabra1_Gabrb2					candidate_public_only_not_graph_edge	no_component_normalized_match_in_mSCIdblit
master_LR_union	GAD2+SLC32A1	GABRA1+GABRB2+GABRD	Slc32a1_Gad2	Gabra1_Gabrb2_Gabrd					candidate_public_only_not_graph_edge	no_component_normalized_match_in_mSCIdblit
master_LR_union	GAD2+SLC32A1	GABRA1+GABRB2+GABRG2	Slc32a1_Gad2	Gabra1_Gabrb2_Gabrg2					candidate_public_only_not_graph_edge	no_component_normalized_match_in_mSCIdblit
master_LR_union	GAD2+SLC32A1	GABRA1+GABRB3	Slc32a1_Gad2	Gabra1_Gabrb3					candidate_public_only_not_graph_edge	no_component_normalized_match_in_mSCIdblit
master_LR_union	GAD2+SLC32A1	GABRA1+GABRB3+GABRG2	Slc32a1_Gad2	Gabra1_Gabrb3_Gabrg2					candidate_public_only_not_graph_edge	no_component_normalized_match_in_mSCIdblit
master_LR_union	GAD2+SLC32A1	GABRA2+GABRB3+GABRG2	Slc32a1_Gad2	Gabra2_Gabrb3_Gabrg2					candidate_public_only_not_graph_edge	no_component_normalized_match_in_mSCIdblit
master_LR_union	GAD2+SLC32A1	GABRA3+GABRB3+GABRE	Slc32a1_Gad2	Gabra3_Gabrb3_Gabre					candidate_public_only_not_graph_edge	no_component_normalized_match_in_mSCIdblit
master_LR_union	GAD2+SLC32A1	GABRA3+GABRB3+GABRG2	Slc32a1_Gad2	Gabra3_Gabrb3_Gabrg2					candidate_public_only_not_graph_edge	no_component_normalized_match_in_mSCIdblit
master_LR_union	GAD2+SLC32A1	GABRA3+GABRB3+GABRQ	Slc32a1_Gad2	Gabra3_Gabrb3_Gabrq					candidate_public_only_not_graph_edge	no_component_normalized_match_in_mSCIdblit
master_LR_union	GAD2+SLC32A1	GABRA4+GABRB2+GABRD	Slc32a1_Gad2	Gabra4_Gabrb2_Gabrd					candidate_public_only_not_graph_edge	no_component_normalized_match_in_mSCIdblit
master_LR_union	GAD2+SLC32A1	GABRA4+GABRB3+GABRD	Slc32a1_Gad2	Gabra4_Gabrb3_Gabrd					candidate_public_only_not_graph_edge	no_component_normalized_match_in_mSCIdblit
master_LR_union	GAD2+SLC32A1	GABRA4+GABRB3+GABRG2	Slc32a1_Gad2	Gabra4_Gabrb3_Gabrg2					candidate_public_only_not_graph_edge	no_component_normalized_match_in_mSCIdblit
master_LR_union	GAD2+SLC32A1	GABRA5+GABRB3+GABRG2	Slc32a1_Gad2	Gabra5_Gabrb3_Gabrg2					candidate_public_only_not_graph_edge	no_component_normalized_match_in_mSCIdblit
master_LR_union	GAD2+SLC32A1	GABRA6+GABRB3+GABRD	Slc32a1_Gad2	Gabra6_Gabrb3_Gabrd					candidate_public_only_not_graph_edge	no_component_normalized_match_in_mSCIdblit
master_LR_union	GAD2+SLC32A1	GABRA6+GABRB3+GABRG2	Slc32a1_Gad2	Gabra6_Gabrb3_Gabrg2					candidate_public_only_not_graph_edge	no_component_normalized_match_in_mSCIdblit
master_LR_union	GAD2+SLC6A1	GABBR1	Slc6a1_Gad2	Gabbr1					candidate_public_only_not_graph_edge	no_component_normalized_match_in_mSCIdblit
master_LR_union	GAD2+SLC6A1	GABBR2	Slc6a1_Gad2	Gabbr2					candidate_public_only_not_graph_edge	no_component_normalized_match_in_mSCIdblit
master_LR_union	GAD2+SLC6A1	GABRA1+GABRB2	Slc6a1_Gad2	Gabra1_Gabrb2					candidate_public_only_not_graph_edge	no_component_normalized_match_in_mSCIdblit
master_LR_union	GAD2+SLC6A1	GABRA1+GABRB2+GABRD	Slc6a1_Gad2	Gabra1_Gabrb2_Gabrd					candidate_public_only_not_graph_edge	no_component_normalized_match_in_mSCIdblit
master_LR_union	GAD2+SLC6A1	GABRA1+GABRB2+GABRG2	Slc6a1_Gad2	Gabra1_Gabrb2_Gabrg2					candidate_public_only_not_graph_edge	no_component_normalized_match_in_mSCIdblit
master_LR_union	GAD2+SLC6A1	GABRA1+GABRB3	Slc6a1_Gad2	Gabra1_Gabrb3					candidate_public_only_not_graph_edge	no_component_normalized_match_in_mSCIdblit
master_LR_union	GAD2+SLC6A1	GABRA1+GABRB3+GABRG2	Slc6a1_Gad2	Gabra1_Gabrb3_Gabrg2					candidate_public_only_not_graph_edge	no_component_normalized_match_in_mSCIdblit
master_LR_union	GAD2+SLC6A1	GABRA2+GABRB3+GABRG2	Slc6a1_Gad2	Gabra2_Gabrb3_Gabrg2					candidate_public_only_not_graph_edge	no_component_normalized_match_in_mSCIdblit
master_LR_union	GAD2+SLC6A1	GABRA3+GABRB3+GABRE	Slc6a1_Gad2	Gabra3_Gabrb3_Gabre					candidate_public_only_not_graph_edge	no_component_normalized_match_in_mSCIdblit
master_LR_union	GAD2+SLC6A1	GABRA3+GABRB3+GABRG2	Slc6a1_Gad2	Gabra3_Gabrb3_Gabrg2					candidate_public_only_not_graph_edge	no_component_normalized_match_in_mSCIdblit
master_LR_union	GAD2+SLC6A1	GABRA3+GABRB3+GABRQ	Slc6a1_Gad2	Gabra3_Gabrb3_Gabrq					candidate_public_only_not_graph_edge	no_component_normalized_match_in_mSCIdblit
master_LR_union	GAD2+SLC6A1	GABRA4+GABRB2+GABRD	Slc6a1_Gad2	Gabra4_Gabrb2_Gabrd					candidate_public_only_not_graph_edge	no_component_normalized_match_in_mSCIdblit
master_LR_union	GAD2+SLC6A1	GABRA4+GABRB3+GABRD	Slc6a1_Gad2	Gabra4_Gabrb3_Gabrd					candidate_public_only_not_graph_edge	no_component_normalized_match_in_mSCIdblit
master_LR_union	GAD2+SLC6A1	GABRA4+GABRB3+GABRG2	Slc6a1_Gad2	Gabra4_Gabrb3_Gabrg2					candidate_public_only_not_graph_edge	no_component_normalized_match_in_mSCIdblit
master_LR_union	GAD2+SLC6A1	GABRA5+GABRB3+GABRG2	Slc6a1_Gad2	Gabra5_Gabrb3_Gabrg2					candidate_public_only_not_graph_edge	no_component_normalized_match_in_mSCIdblit
master_LR_union	GAD2+SLC6A1	GABRA6+GABRB3+GABRD	Slc6a1_Gad2	Gabra6_Gabrb3_Gabrd					candidate_public_only_not_graph_edge	no_component_normalized_match_in_mSCIdblit
master_LR_union	GAD2+SLC6A1	GABRA6+GABRB3+GABRG2	Slc6a1_Gad2	Gabra6_Gabrb3_Gabrg2					candidate_public_only_not_graph_edge	no_component_normalized_match_in_mSCIdblit
master_LR_union	GAD2+SLC6A11	GABBR1	Slc6a11_Gad2	Gabbr1					candidate_public_only_not_graph_edge	no_component_normalized_match_in_mSCIdblit
master_LR_union	GAD2+SLC6A11	GABBR2	Slc6a11_Gad2	Gabbr2					candidate_public_only_not_graph_edge	no_component_normalized_match_in_mSCIdblit
master_LR_union	GAD2+SLC6A11	GABRA1+GABRB2	Slc6a11_Gad2	Gabra1_Gabrb2					candidate_public_only_not_graph_edge	no_component_normalized_match_in_mSCIdblit
master_LR_union	GAD2+SLC6A11	GABRA1+GABRB2+GABRD	Slc6a11_Gad2	Gabra1_Gabrb2_Gabrd					candidate_public_only_not_graph_edge	no_component_normalized_match_in_mSCIdblit
master_LR_union	GAD2+SLC6A11	GABRA1+GABRB2+GABRG2	Slc6a11_Gad2	Gabra1_Gabrb2_Gabrg2					candidate_public_only_not_graph_edge	no_component_normalized_match_in_mSCIdblit
master_LR_union	GAD2+SLC6A11	GABRA1+GABRB3	Slc6a11_Gad2	Gabra1_Gabrb3					candidate_public_only_not_graph_edge	no_component_normalized_match_in_mSCIdblit
master_LR_union	GAD2+SLC6A11	GABRA1+GABRB3+GABRG2	Slc6a11_Gad2	Gabra1_Gabrb3_Gabrg2					candidate_public_only_not_graph_edge	no_component_normalized_match_in_mSCIdblit
master_LR_union	GAD2+SLC6A11	GABRA2+GABRB3+GABRG2	Slc6a11_Gad2	Gabra2_Gabrb3_Gabrg2					candidate_public_only_not_graph_edge	no_component_normalized_match_in_mSCIdblit
master_LR_union	GAD2+SLC6A11	GABRA3+GABRB3+GABRE	Slc6a11_Gad2	Gabra3_Gabrb3_Gabre					candidate_public_only_not_graph_edge	no_component_normalized_match_in_mSCIdblit
master_LR_union	GAD2+SLC6A11	GABRA3+GABRB3+GABRG2	Slc6a11_Gad2	Gabra3_Gabrb3_Gabrg2					candidate_public_only_not_graph_edge	no_component_normalized_match_in_mSCIdblit
master_LR_union	GAD2+SLC6A11	GABRA3+GABRB3+GABRQ	Slc6a11_Gad2	Gabra3_Gabrb3_Gabrq					candidate_public_only_not_graph_edge	no_component_normalized_match_in_mSCIdblit
master_LR_union	GAD2+SLC6A11	GABRA4+GABRB2+GABRD	Slc6a11_Gad2	Gabra4_Gabrb2_Gabrd					candidate_public_only_not_graph_edge	no_component_normalized_match_in_mSCIdblit
master_LR_union	GAD2+SLC6A11	GABRA4+GABRB3+GABRD	Slc6a11_Gad2	Gabra4_Gabrb3_Gabrd					candidate_public_only_not_graph_edge	no_component_normalized_match_in_mSCIdblit
master_LR_union	GAD2+SLC6A11	GABRA4+GABRB3+GABRG2	Slc6a11_Gad2	Gabra4_Gabrb3_Gabrg2					candidate_public_only_not_graph_edge	no_component_normalized_match_in_mSCIdblit
master_LR_union	GAD2+SLC6A11	GABRA5+GABRB3+GABRG2	Slc6a11_Gad2	Gabra5_Gabrb3_Gabrg2					candidate_public_only_not_graph_edge	no_component_normalized_match_in_mSCIdblit
master_LR_union	GAD2+SLC6A11	GABRA6+GABRB3+GABRD	Slc6a11_Gad2	Gabra6_Gabrb3_Gabrd					candidate_public_only_not_graph_edge	no_component_normalized_match_in_mSCIdblit
master_LR_union	GAD2+SLC6A11	GABRA6+GABRB3+GABRG2	Slc6a11_Gad2	Gabra6_Gabrb3_Gabrg2					candidate_public_only_not_graph_edge	no_component_normalized_match_in_mSCIdblit
master_LR_union	GAD2+SLC6A12	GABBR1	Slc6a12_Gad2	Gabbr1					candidate_public_only_not_graph_edge	no_component_normalized_match_in_mSCIdblit
master_LR_union	GAD2+SLC6A12	GABBR2	Slc6a12_Gad2	Gabbr2					candidate_public_only_not_graph_edge	no_component_normalized_match_in_mSCIdblit
master_LR_union	GAD2+SLC6A12	GABRA1+GABRB2	Slc6a12_Gad2	Gabra1_Gabrb2					candidate_public_only_not_graph_edge	no_component_normalized_match_in_mSCIdblit
master_LR_union	GAD2+SLC6A12	GABRA1+GABRB2+GABRD	Slc6a12_Gad2	Gabra1_Gabrb2_Gabrd					candidate_public_only_not_graph_edge	no_component_normalized_match_in_mSCIdblit
master_LR_union	GAD2+SLC6A12	GABRA1+GABRB2+GABRG2	Slc6a12_Gad2	Gabra1_Gabrb2_Gabrg2					candidate_public_only_not_graph_edge	no_component_normalized_match_in_mSCIdblit
master_LR_union	GAD2+SLC6A12	GABRA1+GABRB3	Slc6a12_Gad2	Gabra1_Gabrb3					candidate_public_only_not_graph_edge	no_component_normalized_match_in_mSCIdblit
master_LR_union	GAD2+SLC6A12	GABRA1+GABRB3+GABRG2	Slc6a12_Gad2	Gabra1_Gabrb3_Gabrg2					candidate_public_only_not_graph_edge	no_component_normalized_match_in_mSCIdblit
master_LR_union	GAD2+SLC6A12	GABRA2+GABRB3+GABRG2	Slc6a12_Gad2	Gabra2_Gabrb3_Gabrg2					candidate_public_only_not_graph_edge	no_component_normalized_match_in_mSCIdblit
master_LR_union	GAD2+SLC6A12	GABRA3+GABRB3+GABRE	Slc6a12_Gad2	Gabra3_Gabrb3_Gabre					candidate_public_only_not_graph_edge	no_component_normalized_match_in_mSCIdblit
master_LR_union	GAD2+SLC6A12	GABRA3+GABRB3+GABRG2	Slc6a12_Gad2	Gabra3_Gabrb3_Gabrg2					candidate_public_only_not_graph_edge	no_component_normalized_match_in_mSCIdblit
master_LR_union	GAD2+SLC6A12	GABRA3+GABRB3+GABRQ	Slc6a12_Gad2	Gabra3_Gabrb3_Gabrq					candidate_public_only_not_graph_edge	no_component_normalized_match_in_mSCIdblit
master_LR_union	GAD2+SLC6A12	GABRA4+GABRB2+GABRD	Slc6a12_Gad2	Gabra4_Gabrb2_Gabrd					candidate_public_only_not_graph_edge	no_component_normalized_match_in_mSCIdblit
master_LR_union	GAD2+SLC6A12	GABRA4+GABRB3+GABRD	Slc6a12_Gad2	Gabra4_Gabrb3_Gabrd					candidate_public_only_not_graph_edge	no_component_normalized_match_in_mSCIdblit
master_LR_union	GAD2+SLC6A12	GABRA4+GABRB3+GABRG2	Slc6a12_Gad2	Gabra4_Gabrb3_Gabrg2					candidate_public_only_not_graph_edge	no_component_normalized_match_in_mSCIdblit
master_LR_union	GAD2+SLC6A12	GABRA5+GABRB3+GABRG2	Slc6a12_Gad2	Gabra5_Gabrb3_Gabrg2					candidate_public_only_not_graph_edge	no_component_normalized_match_in_mSCIdblit
master_LR_union	GAD2+SLC6A12	GABRA6+GABRB3+GABRD	Slc6a12_Gad2	Gabra6_Gabrb3_Gabrd					candidate_public_only_not_graph_edge	no_component_normalized_match_in_mSCIdblit
master_LR_union	GAD2+SLC6A12	GABRA6+GABRB3+GABRG2	Slc6a12_Gad2	Gabra6_Gabrb3_Gabrg2					candidate_public_only_not_graph_edge	no_component_normalized_match_in_mSCIdblit
master_LR_union	GAD2+SLC6A13	GABBR1	Slc6a13_Gad2	Gabbr1					candidate_public_only_not_graph_edge	no_component_normalized_match_in_mSCIdblit
master_LR_union	GAD2+SLC6A13	GABBR2	Slc6a13_Gad2	Gabbr2					candidate_public_only_not_graph_edge	no_component_normalized_match_in_mSCIdblit
master_LR_union	GAD2+SLC6A13	GABRA1+GABRB2	Slc6a13_Gad2	Gabra1_Gabrb2					candidate_public_only_not_graph_edge	no_component_normalized_match_in_mSCIdblit
master_LR_union	GAD2+SLC6A13	GABRA1+GABRB2+GABRD	Slc6a13_Gad2	Gabra1_Gabrb2_Gabrd					candidate_public_only_not_graph_edge	no_component_normalized_match_in_mSCIdblit
master_LR_union	GAD2+SLC6A13	GABRA1+GABRB2+GABRG2	Slc6a13_Gad2	Gabra1_Gabrb2_Gabrg2					candidate_public_only_not_graph_edge	no_component_normalized_match_in_mSCIdblit
master_LR_union	GAD2+SLC6A13	GABRA1+GABRB3	Slc6a13_Gad2	Gabra1_Gabrb3					candidate_public_only_not_graph_edge	no_component_normalized_match_in_mSCIdblit
master_LR_union	GAD2+SLC6A13	GABRA1+GABRB3+GABRG2	Slc6a13_Gad2	Gabra1_Gabrb3_Gabrg2					candidate_public_only_not_graph_edge	no_component_normalized_match_in_mSCIdblit
master_LR_union	GAD2+SLC6A13	GABRA2+GABRB3+GABRG2	Slc6a13_Gad2	Gabra2_Gabrb3_Gabrg2					candidate_public_only_not_graph_edge	no_component_normalized_match_in_mSCIdblit
master_LR_union	GAD2+SLC6A13	GABRA3+GABRB3+GABRE	Slc6a13_Gad2	Gabra3_Gabrb3_Gabre					candidate_public_only_not_graph_edge	no_component_normalized_match_in_mSCIdblit
master_LR_union	GAD2+SLC6A13	GABRA3+GABRB3+GABRG2	Slc6a13_Gad2	Gabra3_Gabrb3_Gabrg2					candidate_public_only_not_graph_edge	no_component_normalized_match_in_mSCIdblit
master_LR_union	GAD2+SLC6A13	GABRA3+GABRB3+GABRQ	Slc6a13_Gad2	Gabra3_Gabrb3_Gabrq					candidate_public_only_not_graph_edge	no_component_normalized_match_in_mSCIdblit
master_LR_union	GAD2+SLC6A13	GABRA4+GABRB2+GABRD	Slc6a13_Gad2	Gabra4_Gabrb2_Gabrd					candidate_public_only_not_graph_edge	no_component_normalized_match_in_mSCIdblit
master_LR_union	GAD2+SLC6A13	GABRA4+GABRB3+GABRD	Slc6a13_Gad2	Gabra4_Gabrb3_Gabrd					candidate_public_only_not_graph_edge	no_component_normalized_match_in_mSCIdblit
master_LR_union	GAD2+SLC6A13	GABRA4+GABRB3+GABRG2	Slc6a13_Gad2	Gabra4_Gabrb3_Gabrg2					candidate_public_only_not_graph_edge	no_component_normalized_match_in_mSCIdblit
master_LR_union	GAD2+SLC6A13	GABRA5+GABRB3+GABRG2	Slc6a13_Gad2	Gabra5_Gabrb3_Gabrg2					candidate_public_only_not_graph_edge	no_component_normalized_match_in_mSCIdblit
master_LR_union	GAD2+SLC6A13	GABRA6+GABRB3+GABRD	Slc6a13_Gad2	Gabra6_Gabrb3_Gabrd					candidate_public_only_not_graph_edge	no_component_normalized_match_in_mSCIdblit
master_LR_union	GAD2+SLC6A13	GABRA6+GABRB3+GABRG2	Slc6a13_Gad2	Gabra6_Gabrb3_Gabrg2					candidate_public_only_not_graph_edge	no_component_normalized_match_in_mSCIdblit
master_LR_union	GAD2+SLC6A6	GABBR1	Slc6a6_Gad2	Gabbr1					candidate_public_only_not_graph_edge	no_component_normalized_match_in_mSCIdblit
master_LR_union	GAD2+SLC6A6	GABBR2	Slc6a6_Gad2	Gabbr2					candidate_public_only_not_graph_edge	no_component_normalized_match_in_mSCIdblit
master_LR_union	GAD2+SLC6A6	GABRA1+GABRB2	Slc6a6_Gad2	Gabra1_Gabrb2					candidate_public_only_not_graph_edge	no_component_normalized_match_in_mSCIdblit
master_LR_union	GAD2+SLC6A6	GABRA1+GABRB2+GABRD	Slc6a6_Gad2	Gabra1_Gabrb2_Gabrd					candidate_public_only_not_graph_edge	no_component_normalized_match_in_mSCIdblit
master_LR_union	GAD2+SLC6A6	GABRA1+GABRB2+GABRG2	Slc6a6_Gad2	Gabra1_Gabrb2_Gabrg2					candidate_public_only_not_graph_edge	no_component_normalized_match_in_mSCIdblit
master_LR_union	GAD2+SLC6A6	GABRA1+GABRB3	Slc6a6_Gad2	Gabra1_Gabrb3					candidate_public_only_not_graph_edge	no_component_normalized_match_in_mSCIdblit
master_LR_union	GAD2+SLC6A6	GABRA1+GABRB3+GABRG2	Slc6a6_Gad2	Gabra1_Gabrb3_Gabrg2					candidate_public_only_not_graph_edge	no_component_normalized_match_in_mSCIdblit
master_LR_union	GAD2+SLC6A6	GABRA2+GABRB3+GABRG2	Slc6a6_Gad2	Gabra2_Gabrb3_Gabrg2					candidate_public_only_not_graph_edge	no_component_normalized_match_in_mSCIdblit
master_LR_union	GAD2+SLC6A6	GABRA3+GABRB3+GABRE	Slc6a6_Gad2	Gabra3_Gabrb3_Gabre					candidate_public_only_not_graph_edge	no_component_normalized_match_in_mSCIdblit
master_LR_union	GAD2+SLC6A6	GABRA3+GABRB3+GABRG2	Slc6a6_Gad2	Gabra3_Gabrb3_Gabrg2					candidate_public_only_not_graph_edge	no_component_normalized_match_in_mSCIdblit
master_LR_union	GAD2+SLC6A6	GABRA3+GABRB3+GABRQ	Slc6a6_Gad2	Gabra3_Gabrb3_Gabrq					candidate_public_only_not_graph_edge	no_component_normalized_match_in_mSCIdblit
master_LR_union	GAD2+SLC6A6	GABRA4+GABRB2+GABRD	Slc6a6_Gad2	Gabra4_Gabrb2_Gabrd					candidate_public_only_not_graph_edge	no_component_normalized_match_in_mSCIdblit
master_LR_union	GAD2+SLC6A6	GABRA4+GABRB3+GABRD	Slc6a6_Gad2	Gabra4_Gabrb3_Gabrd					candidate_public_only_not_graph_edge	no_component_normalized_match_in_mSCIdblit
master_LR_union	GAD2+SLC6A6	GABRA4+GABRB3+GABRG2	Slc6a6_Gad2	Gabra4_Gabrb3_Gabrg2					candidate_public_only_not_graph_edge	no_component_normalized_match_in_mSCIdblit
master_LR_union	GAD2+SLC6A6	GABRA5+GABRB3+GABRG2	Slc6a6_Gad2	Gabra5_Gabrb3_Gabrg2					candidate_public_only_not_graph_edge	no_component_normalized_match_in_mSCIdblit
master_LR_union	GAD2+SLC6A6	GABRA6+GABRB3+GABRD	Slc6a6_Gad2	Gabra6_Gabrb3_Gabrd					candidate_public_only_not_graph_edge	no_component_normalized_match_in_mSCIdblit
master_LR_union	GAD2+SLC6A6	GABRA6+GABRB3+GABRG2	Slc6a6_Gad2	Gabra6_Gabrb3_Gabrg2					candidate_public_only_not_graph_edge	no_component_normalized_match_in_mSCIdblit
master_LR_union	GAD2+SLC6A8	GABBR1	Slc6a8_Gad2	Gabbr1					candidate_public_only_not_graph_edge	no_component_normalized_match_in_mSCIdblit
master_LR_union	GAD2+SLC6A8	GABBR2	Slc6a8_Gad2	Gabbr2					candidate_public_only_not_graph_edge	no_component_normalized_match_in_mSCIdblit
master_LR_union	GAD2+SLC6A8	GABRA1+GABRB2	Slc6a8_Gad2	Gabra1_Gabrb2					candidate_public_only_not_graph_edge	no_component_normalized_match_in_mSCIdblit
master_LR_union	GAD2+SLC6A8	GABRA1+GABRB2+GABRD	Slc6a8_Gad2	Gabra1_Gabrb2_Gabrd					candidate_public_only_not_graph_edge	no_component_normalized_match_in_mSCIdblit
master_LR_union	GAD2+SLC6A8	GABRA1+GABRB2+GABRG2	Slc6a8_Gad2	Gabra1_Gabrb2_Gabrg2					candidate_public_only_not_graph_edge	no_component_normalized_match_in_mSCIdblit
master_LR_union	GAD2+SLC6A8	GABRA1+GABRB3	Slc6a8_Gad2	Gabra1_Gabrb3					candidate_public_only_not_graph_edge	no_component_normalized_match_in_mSCIdblit
master_LR_union	GAD2+SLC6A8	GABRA1+GABRB3+GABRG2	Slc6a8_Gad2	Gabra1_Gabrb3_Gabrg2					candidate_public_only_not_graph_edge	no_component_normalized_match_in_mSCIdblit
master_LR_union	GAD2+SLC6A8	GABRA2+GABRB3+GABRG2	Slc6a8_Gad2	Gabra2_Gabrb3_Gabrg2					candidate_public_only_not_graph_edge	no_component_normalized_match_in_mSCIdblit
master_LR_union	GAD2+SLC6A8	GABRA3+GABRB3+GABRE	Slc6a8_Gad2	Gabra3_Gabrb3_Gabre					candidate_public_only_not_graph_edge	no_component_normalized_match_in_mSCIdblit
master_LR_union	GAD2+SLC6A8	GABRA3+GABRB3+GABRG2	Slc6a8_Gad2	Gabra3_Gabrb3_Gabrg2					candidate_public_only_not_graph_edge	no_component_normalized_match_in_mSCIdblit
master_LR_union	GAD2+SLC6A8	GABRA3+GABRB3+GABRQ	Slc6a8_Gad2	Gabra3_Gabrb3_Gabrq					candidate_public_only_not_graph_edge	no_component_normalized_match_in_mSCIdblit
master_LR_union	GAD2+SLC6A8	GABRA4+GABRB2+GABRD	Slc6a8_Gad2	Gabra4_Gabrb2_Gabrd					candidate_public_only_not_graph_edge	no_component_normalized_match_in_mSCIdblit
master_LR_union	GAD2+SLC6A8	GABRA4+GABRB3+GABRD	Slc6a8_Gad2	Gabra4_Gabrb3_Gabrd					candidate_public_only_not_graph_edge	no_component_normalized_match_in_mSCIdblit
master_LR_union	GAD2+SLC6A8	GABRA4+GABRB3+GABRG2	Slc6a8_Gad2	Gabra4_Gabrb3_Gabrg2					candidate_public_only_not_graph_edge	no_component_normalized_match_in_mSCIdblit
master_LR_union	GAD2+SLC6A8	GABRA5+GABRB3+GABRG2	Slc6a8_Gad2	Gabra5_Gabrb3_Gabrg2					candidate_public_only_not_graph_edge	no_component_normalized_match_in_mSCIdblit
master_LR_union	GAD2+SLC6A8	GABRA6+GABRB3+GABRD	Slc6a8_Gad2	Gabra6_Gabrb3_Gabrd					candidate_public_only_not_graph_edge	no_component_normalized_match_in_mSCIdblit
master_LR_union	GAD2+SLC6A8	GABRA6+GABRB3+GABRG2	Slc6a8_Gad2	Gabra6_Gabrb3_Gabrg2					candidate_public_only_not_graph_edge	no_component_normalized_match_in_mSCIdblit
master_LR_union	GAL	ADRA2A	Gal	Adra2a					candidate_public_only_not_graph_edge	no_component_normalized_match_in_mSCIdblit
master_LR_union	GAL	GPR151	Gal	Gpr151					candidate_public_only_not_graph_edge	no_component_normalized_match_in_mSCIdblit
master_LR_union	GAL	GRM7	Gal	Grm7					candidate_public_only_not_graph_edge	no_component_normalized_match_in_mSCIdblit
master_LR_union	GAL	MTNR1A	Gal	Mtnr1a					candidate_public_only_not_graph_edge	no_component_normalized_match_in_mSCIdblit
master_LR_union	GAST	ADGRG1	Gast	Adgrg1					candidate_public_only_not_graph_edge	no_component_normalized_match_in_mSCIdblit
master_LR_union	GAST	CCKAR	Gast	Cckar					candidate_public_only_not_graph_edge	no_component_normalized_match_in_mSCIdblit
master_LR_union	GAST	GPR152	Gast	Gpr152					candidate_public_only_not_graph_edge	no_component_normalized_match_in_mSCIdblit
master_LR_union	GCG	DPP4	Gcg	Dpp4					candidate_public_only_not_graph_edge	no_component_normalized_match_in_mSCIdblit
master_LR_union	GCG	GCGR	Gcg	Gcgr					candidate_public_only_not_graph_edge	no_component_normalized_match_in_mSCIdblit
master_LR_union	GCG	GIPR	Gcg	Gipr					candidate_public_only_not_graph_edge	no_component_normalized_match_in_mSCIdblit
master_LR_union	GCG	GLP1R	Gcg	Glp1r					candidate_public_only_not_graph_edge	no_component_normalized_match_in_mSCIdblit
master_LR_union	GCG	GLP2R	Gcg	Glp2r					candidate_public_only_not_graph_edge	no_component_normalized_match_in_mSCIdblit
master_LR_union	GDF1	ACVR1	Gdf1	Acvr1					candidate_public_only_not_graph_edge	no_component_normalized_match_in_mSCIdblit
master_LR_union	GDF1	ACVR1B	Gdf1	Acvr1b					candidate_public_only_not_graph_edge	no_component_normalized_match_in_mSCIdblit
master_LR_union	GDF1	ACVR1B+ACVR2A+CFC1	Gdf1	Acvr1b_Acvr2a_Cfc1					candidate_public_only_not_graph_edge	no_component_normalized_match_in_mSCIdblit
master_LR_union	GDF1	ACVR1B+ACVR2B+CFC1	Gdf1	Acvr1b_Acvr2b_Cfc1					candidate_public_only_not_graph_edge	no_component_normalized_match_in_mSCIdblit
master_LR_union	GDF1	ACVR1C	Gdf1	Acvr1c					candidate_public_only_not_graph_edge	no_component_normalized_match_in_mSCIdblit
master_LR_union	GDF1	ACVR1C+ACVR2A+CFC1	Gdf1	Acvr1c_Acvr2a_Cfc1					candidate_public_only_not_graph_edge	no_component_normalized_match_in_mSCIdblit
master_LR_union	GDF1	ACVR1C+ACVR2B+CFC1	Gdf1	Acvr1c_Acvr2b_Cfc1					candidate_public_only_not_graph_edge	no_component_normalized_match_in_mSCIdblit
master_LR_union	GDF1	ACVR2A	Gdf1	Acvr2a					candidate_public_only_not_graph_edge	no_component_normalized_match_in_mSCIdblit
master_LR_union	GDF1	ACVR2B	Gdf1	Acvr2b					candidate_public_only_not_graph_edge	no_component_normalized_match_in_mSCIdblit
master_LR_union	GDF1	BMPR1A	Gdf1	Bmpr1a					candidate_public_only_not_graph_edge	no_component_normalized_match_in_mSCIdblit
master_LR_union	GDF1	BMPR2	Gdf1	Bmpr2					candidate_public_only_not_graph_edge	no_component_normalized_match_in_mSCIdblit
master_LR_union	GDF1	CFC1	Gdf1	Cfc1					candidate_public_only_not_graph_edge	no_component_normalized_match_in_mSCIdblit
master_LR_union	GDF1	HTR4	Gdf1	Htr4					candidate_public_only_not_graph_edge	no_component_normalized_match_in_mSCIdblit
master_LR_union	GDF10	ACVR1B	Gdf10	Acvr1b					candidate_public_only_not_graph_edge	no_component_normalized_match_in_mSCIdblit
master_LR_union	GDF10	ACVR1B+ACVR2A	Gdf10	Acvr1b_Acvr2a					candidate_public_only_not_graph_edge	no_component_normalized_match_in_mSCIdblit
master_LR_union	GDF10	ACVR1B+ACVR2B	Gdf10	Acvr1b_Acvr2b					candidate_public_only_not_graph_edge	no_component_normalized_match_in_mSCIdblit
master_LR_union	GDF10	ACVR2A	Gdf10	Acvr2a					candidate_public_only_not_graph_edge	no_component_normalized_match_in_mSCIdblit
master_LR_union	GDF10	ACVR2B	Gdf10	Acvr2b					candidate_public_only_not_graph_edge	no_component_normalized_match_in_mSCIdblit
master_LR_union	GDF11	ACVR1B	Gdf11	Acvr1b					candidate_public_only_not_graph_edge	no_component_normalized_match_in_mSCIdblit
master_LR_union	GDF11	ACVR1B+ACVR2B	Gdf11	Acvr1b_Acvr2b					candidate_public_only_not_graph_edge	no_component_normalized_match_in_mSCIdblit
master_LR_union	GDF11	ACVR2A	Gdf11	Acvr2a					candidate_public_only_not_graph_edge	no_component_normalized_match_in_mSCIdblit
master_LR_union	GDF11	ACVR2A+TGFBR1	Gdf11	Tgfbr1_Acvr2a					candidate_public_only_not_graph_edge	no_component_normalized_match_in_mSCIdblit
master_LR_union	GDF11	ACVR2B	Gdf11	Acvr2b					candidate_public_only_not_graph_edge	no_component_normalized_match_in_mSCIdblit
master_LR_union	GDF11	ANTXR1	Gdf11	Antxr1					candidate_public_only_not_graph_edge	no_component_normalized_match_in_mSCIdblit
master_LR_union	GDF11	BMPR1A	Gdf11	Bmpr1a					candidate_public_only_not_graph_edge	no_component_normalized_match_in_mSCIdblit
master_LR_union	GDF11	BMPR1B	Gdf11	Bmpr1b					candidate_public_only_not_graph_edge	no_component_normalized_match_in_mSCIdblit
master_LR_union	GDF11	BMPR2	Gdf11	Bmpr2					candidate_public_only_not_graph_edge	no_component_normalized_match_in_mSCIdblit
master_LR_union	GDF11	TGFBR1	Gdf11	Tgfbr1					candidate_public_only_not_graph_edge	no_component_normalized_match_in_mSCIdblit
master_LR_union	GDF15	ERBB2	Gdf15	Erbb2					candidate_public_only_not_graph_edge	no_component_normalized_match_in_mSCIdblit
master_LR_union	GDF15	RET	Gdf15	Ret					candidate_public_only_not_graph_edge	no_component_normalized_match_in_mSCIdblit
master_LR_union	GDF2	ACVR1	Gdf2	Acvr1					candidate_public_only_not_graph_edge	no_component_normalized_match_in_mSCIdblit
master_LR_union	GDF2	ACVR2A	Gdf2	Acvr2a					candidate_public_only_not_graph_edge	no_component_normalized_match_in_mSCIdblit
master_LR_union	GDF2	ACVR2B	Gdf2	Acvr2b					candidate_public_only_not_graph_edge	no_component_normalized_match_in_mSCIdblit
master_LR_union	GDF2	ACVRL1	Gdf2	Acvrl1					candidate_public_only_not_graph_edge	no_component_normalized_match_in_mSCIdblit
master_LR_union	GDF2	ACVRL1+BMPR2	Gdf2	Acvrl1_Bmpr2					candidate_public_only_not_graph_edge	no_component_normalized_match_in_mSCIdblit
master_LR_union	GDF2	BMPR2	Gdf2	Bmpr2					candidate_public_only_not_graph_edge	no_component_normalized_match_in_mSCIdblit
master_LR_union	GDF3	ACVR1B	Gdf3	Acvr1b					candidate_public_only_not_graph_edge	no_component_normalized_match_in_mSCIdblit
master_LR_union	GDF3	ACVR1B+ACVR2A+CFC1	Gdf3	Acvr1b_Acvr2a_Cfc1					candidate_public_only_not_graph_edge	no_component_normalized_match_in_mSCIdblit
master_LR_union	GDF3	ACVR1B+ACVR2B+CFC1	Gdf3	Acvr1b_Acvr2b_Cfc1					candidate_public_only_not_graph_edge	no_component_normalized_match_in_mSCIdblit
master_LR_union	GDF3	ACVR1C	Gdf3	Acvr1c					candidate_public_only_not_graph_edge	no_component_normalized_match_in_mSCIdblit
master_LR_union	GDF3	ACVR1C+ACVR2A+CFC1	Gdf3	Acvr1c_Acvr2a_Cfc1					candidate_public_only_not_graph_edge	no_component_normalized_match_in_mSCIdblit
master_LR_union	GDF3	ACVR1C+ACVR2B+CFC1	Gdf3	Acvr1c_Acvr2b_Cfc1					candidate_public_only_not_graph_edge	no_component_normalized_match_in_mSCIdblit
master_LR_union	GDF3	ACVR2A	Gdf3	Acvr2a					candidate_public_only_not_graph_edge	no_component_normalized_match_in_mSCIdblit
master_LR_union	GDF3	ACVR2B	Gdf3	Acvr2b					candidate_public_only_not_graph_edge	no_component_normalized_match_in_mSCIdblit
master_LR_union	GDF3	CFC1	Gdf3	Cfc1					candidate_public_only_not_graph_edge	no_component_normalized_match_in_mSCIdblit
master_LR_union	GDF3	TDGF1	Gdf3	Tdgf1					candidate_public_only_not_graph_edge	no_component_normalized_match_in_mSCIdblit
master_LR_union	GDF5	ACVR1	Gdf5	Acvr1					candidate_public_only_not_graph_edge	no_component_normalized_match_in_mSCIdblit
master_LR_union	GDF5	ACVR2A	Gdf5	Acvr2a					candidate_public_only_not_graph_edge	no_component_normalized_match_in_mSCIdblit
master_LR_union	GDF5	ACVR2B	Gdf5	Acvr2b					candidate_public_only_not_graph_edge	no_component_normalized_match_in_mSCIdblit
master_LR_union	GDF5	BMPR1A	Gdf5	Bmpr1a					candidate_public_only_not_graph_edge	no_component_normalized_match_in_mSCIdblit
master_LR_union	GDF5	BMPR1A+BMPR2	Gdf5	Bmpr1a_Bmpr2					candidate_public_only_not_graph_edge	no_component_normalized_match_in_mSCIdblit
master_LR_union	GDF5	BMPR2	Gdf5	Bmpr2					candidate_public_only_not_graph_edge	no_component_normalized_match_in_mSCIdblit
master_LR_union	GDF5	ROR2	Gdf5	Ror2					candidate_public_only_not_graph_edge	no_component_normalized_match_in_mSCIdblit
master_LR_union	GDF6	ACVR2A	Gdf6	Acvr2a					candidate_public_only_not_graph_edge	no_component_normalized_match_in_mSCIdblit
master_LR_union	GDF6	ACVR2B	Gdf6	Acvr2b					candidate_public_only_not_graph_edge	no_component_normalized_match_in_mSCIdblit
master_LR_union	GDF6	BMPR1A	Gdf6	Bmpr1a					candidate_public_only_not_graph_edge	no_component_normalized_match_in_mSCIdblit
master_LR_union	GDF6	BMPR1A+BMPR2	Gdf6	Bmpr1a_Bmpr2					candidate_public_only_not_graph_edge	no_component_normalized_match_in_mSCIdblit
master_LR_union	GDF6	BMPR1B	Gdf6	Bmpr1b					candidate_public_only_not_graph_edge	no_component_normalized_match_in_mSCIdblit
master_LR_union	GDF6	BMPR1B+BMPR2	Gdf6	Bmpr1b_Bmpr2					candidate_public_only_not_graph_edge	no_component_normalized_match_in_mSCIdblit
master_LR_union	GDF6	BMPR2	Gdf6	Bmpr2					candidate_public_only_not_graph_edge	no_component_normalized_match_in_mSCIdblit
master_LR_union	GDF7	ACVR2A	Gdf7	Acvr2a					candidate_public_only_not_graph_edge	no_component_normalized_match_in_mSCIdblit
master_LR_union	GDF7	ACVR2B	Gdf7	Acvr2b					candidate_public_only_not_graph_edge	no_component_normalized_match_in_mSCIdblit
master_LR_union	GDF7	BMPR1A	Gdf7	Bmpr1a					candidate_public_only_not_graph_edge	no_component_normalized_match_in_mSCIdblit
master_LR_union	GDF7	BMPR1A+BMPR2	Gdf7	Bmpr1a_Bmpr2					candidate_public_only_not_graph_edge	no_component_normalized_match_in_mSCIdblit
master_LR_union	GDF7	BMPR1B	Gdf7	Bmpr1b					candidate_public_only_not_graph_edge	no_component_normalized_match_in_mSCIdblit
master_LR_union	GDF7	BMPR1B+BMPR2	Gdf7	Bmpr1b_Bmpr2					candidate_public_only_not_graph_edge	no_component_normalized_match_in_mSCIdblit
master_LR_union	GDF7	BMPR2	Gdf7	Bmpr2					candidate_public_only_not_graph_edge	no_component_normalized_match_in_mSCIdblit
master_LR_union	GDF9	ACVR1B	Gdf9	Acvr1b					candidate_public_only_not_graph_edge	no_component_normalized_match_in_mSCIdblit
master_LR_union	GDF9	ACVR1B+BMPR2	Gdf9	Acvr1b_Bmpr2					candidate_public_only_not_graph_edge	no_component_normalized_match_in_mSCIdblit
master_LR_union	GDF9	ACVR2A	Gdf9	Acvr2a					candidate_public_only_not_graph_edge	no_component_normalized_match_in_mSCIdblit
master_LR_union	GDF9	BMPR1A	Gdf9	Bmpr1a					candidate_public_only_not_graph_edge	no_component_normalized_match_in_mSCIdblit
master_LR_union	GDF9	BMPR1B	Gdf9	Bmpr1b					candidate_public_only_not_graph_edge	no_component_normalized_match_in_mSCIdblit
master_LR_union	GDF9	BMPR2	Gdf9	Bmpr2					candidate_public_only_not_graph_edge	no_component_normalized_match_in_mSCIdblit
master_LR_union	GDF9	FXYD6	Gdf9	Fxyd6					candidate_public_only_not_graph_edge	no_component_normalized_match_in_mSCIdblit
master_LR_union	GDF9	ORAI2	Gdf9	Orai2					candidate_public_only_not_graph_edge	no_component_normalized_match_in_mSCIdblit
master_LR_union	GDF9	TGFBR1	Gdf9	Tgfbr1					candidate_public_only_not_graph_edge	no_component_normalized_match_in_mSCIdblit
master_LR_union	GDNF	EDNRB	Gdnf	Ednrb					candidate_public_only_not_graph_edge	no_component_normalized_match_in_mSCIdblit
master_LR_union	GDNF	GFRA1	Gdnf	Gfra1					candidate_public_only_not_graph_edge	no_component_normalized_match_in_mSCIdblit
master_LR_union	GDNF	GFRA2	Gdnf	Gfra2					candidate_public_only_not_graph_edge	no_component_normalized_match_in_mSCIdblit
master_LR_union	GDNF	GFRA3	Gdnf	Gfra3					candidate_public_only_not_graph_edge	no_component_normalized_match_in_mSCIdblit
master_LR_union	GDNF	NCAM1	Gdnf	Ncam1					candidate_public_only_not_graph_edge	no_component_normalized_match_in_mSCIdblit
master_LR_union	GDNF	RET	Gdnf	Ret					candidate_public_only_not_graph_edge	no_component_normalized_match_in_mSCIdblit
master_LR_union	GGT1	CD53	Ggt1	Cd53					candidate_public_only_not_graph_edge	no_component_normalized_match_in_mSCIdblit
master_LR_union	GGT1	CD81	Ggt1	Cd81					candidate_public_only_not_graph_edge	no_component_normalized_match_in_mSCIdblit
master_LR_union	GGT1	CD82	Ggt1	Cd82					candidate_public_only_not_graph_edge	no_component_normalized_match_in_mSCIdblit
master_LR_union	GGT1+GGT5	CYSLTR1	Ggt1_Ggt5	Cysltr1					candidate_public_only_not_graph_edge	no_component_normalized_match_in_mSCIdblit
master_LR_union	GGT1+GGT5	CYSLTR2	Ggt1_Ggt5	Cysltr2					candidate_public_only_not_graph_edge	no_component_normalized_match_in_mSCIdblit
master_LR_union	GHRH	ADCYAP1R1	Ghrh	Adcyap1r1					candidate_public_only_not_graph_edge	no_component_normalized_match_in_mSCIdblit
master_LR_union	GHRH	ADRB2	Ghrh	Adrb2					candidate_public_only_not_graph_edge	no_component_normalized_match_in_mSCIdblit
master_LR_union	GHRH	ADRB3	Ghrh	Adrb3					candidate_public_only_not_graph_edge	no_component_normalized_match_in_mSCIdblit
master_LR_union	GHRH	DPP4	Ghrh	Dpp4					candidate_public_only_not_graph_edge	no_component_normalized_match_in_mSCIdblit
master_LR_union	GHRH	GHSR	Ghrh	Ghsr					candidate_public_only_not_graph_edge	no_component_normalized_match_in_mSCIdblit
master_LR_union	GHRH	GPR20	Ghrh	Gpr20					candidate_public_only_not_graph_edge	no_component_normalized_match_in_mSCIdblit
master_LR_union	GHRH	GPR84	Ghrh	Gpr84					candidate_public_only_not_graph_edge	no_component_normalized_match_in_mSCIdblit
master_LR_union	GHRH	PTH1R	Ghrh	Pth1r					candidate_public_only_not_graph_edge	no_component_normalized_match_in_mSCIdblit
master_LR_union	GHRH	RAMP2	Ghrh	Ramp2					candidate_public_only_not_graph_edge	no_component_normalized_match_in_mSCIdblit
master_LR_union	GHRH	RAMP3	Ghrh	Ramp3					candidate_public_only_not_graph_edge	no_component_normalized_match_in_mSCIdblit
master_LR_union	GHRH	TSHR	Ghrh	Tshr					candidate_public_only_not_graph_edge	no_component_normalized_match_in_mSCIdblit
master_LR_union	GHRH	VIPR1	Ghrh	Vipr1					candidate_public_only_not_graph_edge	no_component_normalized_match_in_mSCIdblit
master_LR_union	GHRH	VIPR2	Ghrh	Vipr2					candidate_public_only_not_graph_edge	no_component_normalized_match_in_mSCIdblit
master_LR_union	GHRL	GHRHR	Ghrl	Ghrhr					candidate_public_only_not_graph_edge	no_component_normalized_match_in_mSCIdblit
master_LR_union	GHRL	GPR39	Ghrl	Gpr39					candidate_public_only_not_graph_edge	no_component_normalized_match_in_mSCIdblit
master_LR_union	GHRL	PTGER3	Ghrl	Ptger3					candidate_public_only_not_graph_edge	no_component_normalized_match_in_mSCIdblit
master_LR_union	GHRL	PTGIR	Ghrl	Ptgir					candidate_public_only_not_graph_edge	no_component_normalized_match_in_mSCIdblit
master_LR_union	GHRL	TBXA2R	Ghrl	Tbxa2r					candidate_public_only_not_graph_edge	no_component_normalized_match_in_mSCIdblit
master_LR_union	GIP	ADCYAP1R1	Gip	Adcyap1r1					candidate_public_only_not_graph_edge	no_component_normalized_match_in_mSCIdblit
master_LR_union	GIP	ADRB2	Gip	Adrb2					candidate_public_only_not_graph_edge	no_component_normalized_match_in_mSCIdblit
master_LR_union	GIP	ADRB3	Gip	Adrb3					candidate_public_only_not_graph_edge	no_component_normalized_match_in_mSCIdblit
master_LR_union	GIP	DPP4	Gip	Dpp4					candidate_public_only_not_graph_edge	no_component_normalized_match_in_mSCIdblit
master_LR_union	GIP	FAP	Gip	Fap					candidate_public_only_not_graph_edge	no_component_normalized_match_in_mSCIdblit
master_LR_union	GIP	GPR20	Gip	Gpr20					candidate_public_only_not_graph_edge	no_component_normalized_match_in_mSCIdblit
master_LR_union	GIP	GPR84	Gip	Gpr84					candidate_public_only_not_graph_edge	no_component_normalized_match_in_mSCIdblit
master_LR_union	GIP	INSR	Gip	Insr					candidate_public_only_not_graph_edge	no_component_normalized_match_in_mSCIdblit
master_LR_union	GIP	PTH1R	Gip	Pth1r					candidate_public_only_not_graph_edge	no_component_normalized_match_in_mSCIdblit
master_LR_union	GIP	RAMP2	Gip	Ramp2					candidate_public_only_not_graph_edge	no_component_normalized_match_in_mSCIdblit
master_LR_union	GIP	RAMP3	Gip	Ramp3					candidate_public_only_not_graph_edge	no_component_normalized_match_in_mSCIdblit
master_LR_union	GIP	TSHR	Gip	Tshr					candidate_public_only_not_graph_edge	no_component_normalized_match_in_mSCIdblit
master_LR_union	GIP	VIPR1	Gip	Vipr1					candidate_public_only_not_graph_edge	no_component_normalized_match_in_mSCIdblit
master_LR_union	GJA1	GJA1	Gja1	Gja1					candidate_public_only_not_graph_edge	no_component_normalized_match_in_mSCIdblit
master_LR_union	GJA1	GJA5	Gja1	Gja5					candidate_public_only_not_graph_edge	no_component_normalized_match_in_mSCIdblit
master_LR_union	GJA1	GJA6	Gja1	Gja6					candidate_public_only_not_graph_edge	no_component_normalized_match_in_mSCIdblit
master_LR_union	GJA3	GJA1	Gja3	Gja1					candidate_public_only_not_graph_edge	no_component_normalized_match_in_mSCIdblit
master_LR_union	GJA3	GJA3	Gja3	Gja3					candidate_public_only_not_graph_edge	no_component_normalized_match_in_mSCIdblit
master_LR_union	GJA3	GJA5	Gja3	Gja5					candidate_public_only_not_graph_edge	no_component_normalized_match_in_mSCIdblit
master_LR_union	GJA3	GJA6	Gja3	Gja6					candidate_public_only_not_graph_edge	no_component_normalized_match_in_mSCIdblit
master_LR_union	GJA3	GJC1	Gja3	Gjc1					candidate_public_only_not_graph_edge	no_component_normalized_match_in_mSCIdblit
master_LR_union	GJA5	GJA5	Gja5	Gja5					candidate_public_only_not_graph_edge	no_component_normalized_match_in_mSCIdblit
master_LR_union	GJA6	GJA5	Gja6	Gja5					candidate_public_only_not_graph_edge	no_component_normalized_match_in_mSCIdblit
master_LR_union	GJA6	GJA6	Gja6	Gja6					candidate_public_only_not_graph_edge	no_component_normalized_match_in_mSCIdblit
master_LR_union	GJB2	GJB6	Gjb2	Gjb6					candidate_public_only_not_graph_edge	no_component_normalized_match_in_mSCIdblit
master_LR_union	GJB6	GJB2	Gjb6	Gjb2					candidate_public_only_not_graph_edge	no_component_normalized_match_in_mSCIdblit
master_LR_union	GJC1	GJA1	Gjc1	Gja1					candidate_public_only_not_graph_edge	no_component_normalized_match_in_mSCIdblit
master_LR_union	GJC1	GJA5	Gjc1	Gja5					candidate_public_only_not_graph_edge	no_component_normalized_match_in_mSCIdblit
master_LR_union	GJC1	GJA6	Gjc1	Gja6					candidate_public_only_not_graph_edge	no_component_normalized_match_in_mSCIdblit
master_LR_union	GJC1	GJC1	Gjc1	Gjc1					candidate_public_only_not_graph_edge	no_component_normalized_match_in_mSCIdblit
master_LR_union	GLG1	MOG	Glg1	Mog					candidate_public_only_not_graph_edge	no_component_normalized_match_in_mSCIdblit
master_LR_union	GLG1	SELE	Glg1	Sele					candidate_public_only_not_graph_edge	no_component_normalized_match_in_mSCIdblit
master_LR_union	GLG1	UNC5B	Glg1	Unc5b					candidate_public_only_not_graph_edge	no_component_normalized_match_in_mSCIdblit
master_LR_union	GLS+SLC17A6	GRIA1	Slc17a6_Gls	Gria1					candidate_public_only_not_graph_edge	no_component_normalized_match_in_mSCIdblit
master_LR_union	GLS+SLC17A6	GRIA2	Slc17a6_Gls	Gria2					candidate_public_only_not_graph_edge	no_component_normalized_match_in_mSCIdblit
master_LR_union	GLS+SLC17A6	GRIA3	Slc17a6_Gls	Gria3					candidate_public_only_not_graph_edge	no_component_normalized_match_in_mSCIdblit
master_LR_union	GLS+SLC17A6	GRIA4	Slc17a6_Gls	Gria4					candidate_public_only_not_graph_edge	no_component_normalized_match_in_mSCIdblit
master_LR_union	GLS+SLC17A6	GRIK1	Slc17a6_Gls	Grik1					candidate_public_only_not_graph_edge	no_component_normalized_match_in_mSCIdblit
master_LR_union	GLS+SLC17A6	GRIK1+GRIK4	Slc17a6_Gls	Grik1_Grik4					candidate_public_only_not_graph_edge	no_component_normalized_match_in_mSCIdblit
master_LR_union	GLS+SLC17A6	GRIK1+GRIK5	Slc17a6_Gls	Grik1_Grik5					candidate_public_only_not_graph_edge	no_component_normalized_match_in_mSCIdblit
master_LR_union	GLS+SLC17A6	GRIK2	Slc17a6_Gls	Grik2					candidate_public_only_not_graph_edge	no_component_normalized_match_in_mSCIdblit
master_LR_union	GLS+SLC17A6	GRIK2+GRIK4	Slc17a6_Gls	Grik2_Grik4					candidate_public_only_not_graph_edge	no_component_normalized_match_in_mSCIdblit
master_LR_union	GLS+SLC17A6	GRIK2+GRIK5	Slc17a6_Gls	Grik2_Grik5					candidate_public_only_not_graph_edge	no_component_normalized_match_in_mSCIdblit
master_LR_union	GLS+SLC17A6	GRIK3	Slc17a6_Gls	Grik3					candidate_public_only_not_graph_edge	no_component_normalized_match_in_mSCIdblit
master_LR_union	GLS+SLC17A6	GRIK3+GRIK4	Slc17a6_Gls	Grik3_Grik4					candidate_public_only_not_graph_edge	no_component_normalized_match_in_mSCIdblit
master_LR_union	GLS+SLC17A6	GRIK3+GRIK5	Slc17a6_Gls	Grik3_Grik5					candidate_public_only_not_graph_edge	no_component_normalized_match_in_mSCIdblit
master_LR_union	GLS+SLC17A6	GRIN1+GRIN2A	Slc17a6_Gls	Grin1_Grin2a					candidate_public_only_not_graph_edge	no_component_normalized_match_in_mSCIdblit
master_LR_union	GLS+SLC17A6	GRIN1+GRIN2B	Slc17a6_Gls	Grin1_Grin2b					candidate_public_only_not_graph_edge	no_component_normalized_match_in_mSCIdblit
master_LR_union	GLS+SLC17A6	GRIN1+GRIN2C	Slc17a6_Gls	Grin1_Grin2c					candidate_public_only_not_graph_edge	no_component_normalized_match_in_mSCIdblit
master_LR_union	GLS+SLC17A6	GRIN1+GRIN2D	Slc17a6_Gls	Grin1_Grin2d					candidate_public_only_not_graph_edge	no_component_normalized_match_in_mSCIdblit
master_LR_union	GLS+SLC17A6	GRM1	Slc17a6_Gls	Grm1					candidate_public_only_not_graph_edge	no_component_normalized_match_in_mSCIdblit
master_LR_union	GLS+SLC17A6	GRM2	Slc17a6_Gls	Grm2					candidate_public_only_not_graph_edge	no_component_normalized_match_in_mSCIdblit
master_LR_union	GLS+SLC17A6	GRM3	Slc17a6_Gls	Grm3					candidate_public_only_not_graph_edge	no_component_normalized_match_in_mSCIdblit
master_LR_union	GLS+SLC17A6	GRM4	Slc17a6_Gls	Grm4					candidate_public_only_not_graph_edge	no_component_normalized_match_in_mSCIdblit
master_LR_union	GLS+SLC17A6	GRM5	Slc17a6_Gls	Grm5					candidate_public_only_not_graph_edge	no_component_normalized_match_in_mSCIdblit
master_LR_union	GLS+SLC17A6	GRM6	Slc17a6_Gls	Grm6					candidate_public_only_not_graph_edge	no_component_normalized_match_in_mSCIdblit
master_LR_union	GLS+SLC17A6	GRM7	Slc17a6_Gls	Grm7					candidate_public_only_not_graph_edge	no_component_normalized_match_in_mSCIdblit
master_LR_union	GLS+SLC17A6	GRM8	Slc17a6_Gls	Grm8					candidate_public_only_not_graph_edge	no_component_normalized_match_in_mSCIdblit
master_LR_union	GLS+SLC17A7	GRIA1	Slc17a7_Gls	Gria1					candidate_public_only_not_graph_edge	no_component_normalized_match_in_mSCIdblit
master_LR_union	GLS+SLC17A7	GRIA2	Slc17a7_Gls	Gria2					candidate_public_only_not_graph_edge	no_component_normalized_match_in_mSCIdblit
master_LR_union	GLS+SLC17A7	GRIA3	Slc17a7_Gls	Gria3					candidate_public_only_not_graph_edge	no_component_normalized_match_in_mSCIdblit
master_LR_union	GLS+SLC17A7	GRIA4	Slc17a7_Gls	Gria4					candidate_public_only_not_graph_edge	no_component_normalized_match_in_mSCIdblit
master_LR_union	GLS+SLC17A7	GRIK1	Slc17a7_Gls	Grik1					candidate_public_only_not_graph_edge	no_component_normalized_match_in_mSCIdblit
master_LR_union	GLS+SLC17A7	GRIK1+GRIK4	Slc17a7_Gls	Grik1_Grik4					candidate_public_only_not_graph_edge	no_component_normalized_match_in_mSCIdblit
master_LR_union	GLS+SLC17A7	GRIK1+GRIK5	Slc17a7_Gls	Grik1_Grik5					candidate_public_only_not_graph_edge	no_component_normalized_match_in_mSCIdblit
master_LR_union	GLS+SLC17A7	GRIK2	Slc17a7_Gls	Grik2					candidate_public_only_not_graph_edge	no_component_normalized_match_in_mSCIdblit
master_LR_union	GLS+SLC17A7	GRIK2+GRIK4	Slc17a7_Gls	Grik2_Grik4					candidate_public_only_not_graph_edge	no_component_normalized_match_in_mSCIdblit
master_LR_union	GLS+SLC17A7	GRIK2+GRIK5	Slc17a7_Gls	Grik2_Grik5					candidate_public_only_not_graph_edge	no_component_normalized_match_in_mSCIdblit
master_LR_union	GLS+SLC17A7	GRIK3	Slc17a7_Gls	Grik3					candidate_public_only_not_graph_edge	no_component_normalized_match_in_mSCIdblit
master_LR_union	GLS+SLC17A7	GRIK3+GRIK4	Slc17a7_Gls	Grik3_Grik4					candidate_public_only_not_graph_edge	no_component_normalized_match_in_mSCIdblit
master_LR_union	GLS+SLC17A7	GRIK3+GRIK5	Slc17a7_Gls	Grik3_Grik5					candidate_public_only_not_graph_edge	no_component_normalized_match_in_mSCIdblit
master_LR_union	GLS+SLC17A7	GRIN1+GRIN2A	Slc17a7_Gls	Grin1_Grin2a					candidate_public_only_not_graph_edge	no_component_normalized_match_in_mSCIdblit
master_LR_union	GLS+SLC17A7	GRIN1+GRIN2B	Slc17a7_Gls	Grin1_Grin2b					candidate_public_only_not_graph_edge	no_component_normalized_match_in_mSCIdblit
master_LR_union	GLS+SLC17A7	GRIN1+GRIN2C	Slc17a7_Gls	Grin1_Grin2c					candidate_public_only_not_graph_edge	no_component_normalized_match_in_mSCIdblit
master_LR_union	GLS+SLC17A7	GRIN1+GRIN2D	Slc17a7_Gls	Grin1_Grin2d					candidate_public_only_not_graph_edge	no_component_normalized_match_in_mSCIdblit
master_LR_union	GLS+SLC17A7	GRM1	Slc17a7_Gls	Grm1					candidate_public_only_not_graph_edge	no_component_normalized_match_in_mSCIdblit
master_LR_union	GLS+SLC17A7	GRM2	Slc17a7_Gls	Grm2					candidate_public_only_not_graph_edge	no_component_normalized_match_in_mSCIdblit
master_LR_union	GLS+SLC17A7	GRM3	Slc17a7_Gls	Grm3					candidate_public_only_not_graph_edge	no_component_normalized_match_in_mSCIdblit
master_LR_union	GLS+SLC17A7	GRM4	Slc17a7_Gls	Grm4					candidate_public_only_not_graph_edge	no_component_normalized_match_in_mSCIdblit
master_LR_union	GLS+SLC17A7	GRM5	Slc17a7_Gls	Grm5					candidate_public_only_not_graph_edge	no_component_normalized_match_in_mSCIdblit
master_LR_union	GLS+SLC17A7	GRM6	Slc17a7_Gls	Grm6					candidate_public_only_not_graph_edge	no_component_normalized_match_in_mSCIdblit
master_LR_union	GLS+SLC17A7	GRM7	Slc17a7_Gls	Grm7					candidate_public_only_not_graph_edge	no_component_normalized_match_in_mSCIdblit
master_LR_union	GLS+SLC17A7	GRM8	Slc17a7_Gls	Grm8					candidate_public_only_not_graph_edge	no_component_normalized_match_in_mSCIdblit
master_LR_union	GLS+SLC17A8	GRIA1	Slc17a8_Gls	Gria1					candidate_public_only_not_graph_edge	no_component_normalized_match_in_mSCIdblit
master_LR_union	GLS+SLC17A8	GRIA2	Slc17a8_Gls	Gria2					candidate_public_only_not_graph_edge	no_component_normalized_match_in_mSCIdblit
master_LR_union	GLS+SLC17A8	GRIA3	Slc17a8_Gls	Gria3					candidate_public_only_not_graph_edge	no_component_normalized_match_in_mSCIdblit
master_LR_union	GLS+SLC17A8	GRIA4	Slc17a8_Gls	Gria4					candidate_public_only_not_graph_edge	no_component_normalized_match_in_mSCIdblit
master_LR_union	GLS+SLC17A8	GRIK1	Slc17a8_Gls	Grik1					candidate_public_only_not_graph_edge	no_component_normalized_match_in_mSCIdblit
master_LR_union	GLS+SLC17A8	GRIK1+GRIK4	Slc17a8_Gls	Grik1_Grik4					candidate_public_only_not_graph_edge	no_component_normalized_match_in_mSCIdblit
master_LR_union	GLS+SLC17A8	GRIK1+GRIK5	Slc17a8_Gls	Grik1_Grik5					candidate_public_only_not_graph_edge	no_component_normalized_match_in_mSCIdblit
master_LR_union	GLS+SLC17A8	GRIK2	Slc17a8_Gls	Grik2					candidate_public_only_not_graph_edge	no_component_normalized_match_in_mSCIdblit
master_LR_union	GLS+SLC17A8	GRIK2+GRIK4	Slc17a8_Gls	Grik2_Grik4					candidate_public_only_not_graph_edge	no_component_normalized_match_in_mSCIdblit
master_LR_union	GLS+SLC17A8	GRIK2+GRIK5	Slc17a8_Gls	Grik2_Grik5					candidate_public_only_not_graph_edge	no_component_normalized_match_in_mSCIdblit
master_LR_union	GLS+SLC17A8	GRIK3	Slc17a8_Gls	Grik3					candidate_public_only_not_graph_edge	no_component_normalized_match_in_mSCIdblit
master_LR_union	GLS+SLC17A8	GRIK3+GRIK4	Slc17a8_Gls	Grik3_Grik4					candidate_public_only_not_graph_edge	no_component_normalized_match_in_mSCIdblit
master_LR_union	GLS+SLC17A8	GRIK3+GRIK5	Slc17a8_Gls	Grik3_Grik5					candidate_public_only_not_graph_edge	no_component_normalized_match_in_mSCIdblit
master_LR_union	GLS+SLC17A8	GRIN1+GRIN2A	Slc17a8_Gls	Grin1_Grin2a					candidate_public_only_not_graph_edge	no_component_normalized_match_in_mSCIdblit
master_LR_union	GLS+SLC17A8	GRIN1+GRIN2B	Slc17a8_Gls	Grin1_Grin2b					candidate_public_only_not_graph_edge	no_component_normalized_match_in_mSCIdblit
master_LR_union	GLS+SLC17A8	GRIN1+GRIN2C	Slc17a8_Gls	Grin1_Grin2c					candidate_public_only_not_graph_edge	no_component_normalized_match_in_mSCIdblit
master_LR_union	GLS+SLC17A8	GRIN1+GRIN2D	Slc17a8_Gls	Grin1_Grin2d					candidate_public_only_not_graph_edge	no_component_normalized_match_in_mSCIdblit
master_LR_union	GLS+SLC17A8	GRM1	Slc17a8_Gls	Grm1					candidate_public_only_not_graph_edge	no_component_normalized_match_in_mSCIdblit
master_LR_union	GLS+SLC17A8	GRM2	Slc17a8_Gls	Grm2					candidate_public_only_not_graph_edge	no_component_normalized_match_in_mSCIdblit
master_LR_union	GLS+SLC17A8	GRM3	Slc17a8_Gls	Grm3					candidate_public_only_not_graph_edge	no_component_normalized_match_in_mSCIdblit
master_LR_union	GLS+SLC17A8	GRM4	Slc17a8_Gls	Grm4					candidate_public_only_not_graph_edge	no_component_normalized_match_in_mSCIdblit
master_LR_union	GLS+SLC17A8	GRM5	Slc17a8_Gls	Grm5					candidate_public_only_not_graph_edge	no_component_normalized_match_in_mSCIdblit
master_LR_union	GLS+SLC17A8	GRM6	Slc17a8_Gls	Grm6					candidate_public_only_not_graph_edge	no_component_normalized_match_in_mSCIdblit
master_LR_union	GLS+SLC17A8	GRM7	Slc17a8_Gls	Grm7					candidate_public_only_not_graph_edge	no_component_normalized_match_in_mSCIdblit
master_LR_union	GLS+SLC17A8	GRM8	Slc17a8_Gls	Grm8					candidate_public_only_not_graph_edge	no_component_normalized_match_in_mSCIdblit
master_LR_union	GLS+SLC1A1	GRIA1	Slc1a1_Gls	Gria1					candidate_public_only_not_graph_edge	no_component_normalized_match_in_mSCIdblit
master_LR_union	GLS+SLC1A1	GRIA2	Slc1a1_Gls	Gria2					candidate_public_only_not_graph_edge	no_component_normalized_match_in_mSCIdblit
master_LR_union	GLS+SLC1A1	GRIA3	Slc1a1_Gls	Gria3					candidate_public_only_not_graph_edge	no_component_normalized_match_in_mSCIdblit
master_LR_union	GLS+SLC1A1	GRIA4	Slc1a1_Gls	Gria4					candidate_public_only_not_graph_edge	no_component_normalized_match_in_mSCIdblit
master_LR_union	GLS+SLC1A1	GRIK1	Slc1a1_Gls	Grik1					candidate_public_only_not_graph_edge	no_component_normalized_match_in_mSCIdblit
master_LR_union	GLS+SLC1A1	GRIK1+GRIK4	Slc1a1_Gls	Grik1_Grik4					candidate_public_only_not_graph_edge	no_component_normalized_match_in_mSCIdblit
master_LR_union	GLS+SLC1A1	GRIK1+GRIK5	Slc1a1_Gls	Grik1_Grik5					candidate_public_only_not_graph_edge	no_component_normalized_match_in_mSCIdblit
master_LR_union	GLS+SLC1A1	GRIK2	Slc1a1_Gls	Grik2					candidate_public_only_not_graph_edge	no_component_normalized_match_in_mSCIdblit
master_LR_union	GLS+SLC1A1	GRIK2+GRIK4	Slc1a1_Gls	Grik2_Grik4					candidate_public_only_not_graph_edge	no_component_normalized_match_in_mSCIdblit
master_LR_union	GLS+SLC1A1	GRIK2+GRIK5	Slc1a1_Gls	Grik2_Grik5					candidate_public_only_not_graph_edge	no_component_normalized_match_in_mSCIdblit
master_LR_union	GLS+SLC1A1	GRIK3	Slc1a1_Gls	Grik3					candidate_public_only_not_graph_edge	no_component_normalized_match_in_mSCIdblit
master_LR_union	GLS+SLC1A1	GRIK3+GRIK4	Slc1a1_Gls	Grik3_Grik4					candidate_public_only_not_graph_edge	no_component_normalized_match_in_mSCIdblit
master_LR_union	GLS+SLC1A1	GRIK3+GRIK5	Slc1a1_Gls	Grik3_Grik5					candidate_public_only_not_graph_edge	no_component_normalized_match_in_mSCIdblit
master_LR_union	GLS+SLC1A1	GRIN1+GRIN2A	Slc1a1_Gls	Grin1_Grin2a					candidate_public_only_not_graph_edge	no_component_normalized_match_in_mSCIdblit
master_LR_union	GLS+SLC1A1	GRIN1+GRIN2B	Slc1a1_Gls	Grin1_Grin2b					candidate_public_only_not_graph_edge	no_component_normalized_match_in_mSCIdblit
master_LR_union	GLS+SLC1A1	GRIN1+GRIN2C	Slc1a1_Gls	Grin1_Grin2c					candidate_public_only_not_graph_edge	no_component_normalized_match_in_mSCIdblit
master_LR_union	GLS+SLC1A1	GRIN1+GRIN2D	Slc1a1_Gls	Grin1_Grin2d					candidate_public_only_not_graph_edge	no_component_normalized_match_in_mSCIdblit
master_LR_union	GLS+SLC1A1	GRM1	Slc1a1_Gls	Grm1					candidate_public_only_not_graph_edge	no_component_normalized_match_in_mSCIdblit
master_LR_union	GLS+SLC1A1	GRM2	Slc1a1_Gls	Grm2					candidate_public_only_not_graph_edge	no_component_normalized_match_in_mSCIdblit
master_LR_union	GLS+SLC1A1	GRM3	Slc1a1_Gls	Grm3					candidate_public_only_not_graph_edge	no_component_normalized_match_in_mSCIdblit
master_LR_union	GLS+SLC1A1	GRM4	Slc1a1_Gls	Grm4					candidate_public_only_not_graph_edge	no_component_normalized_match_in_mSCIdblit
master_LR_union	GLS+SLC1A1	GRM5	Slc1a1_Gls	Grm5					candidate_public_only_not_graph_edge	no_component_normalized_match_in_mSCIdblit
master_LR_union	GLS+SLC1A1	GRM6	Slc1a1_Gls	Grm6					candidate_public_only_not_graph_edge	no_component_normalized_match_in_mSCIdblit
master_LR_union	GLS+SLC1A1	GRM7	Slc1a1_Gls	Grm7					candidate_public_only_not_graph_edge	no_component_normalized_match_in_mSCIdblit
master_LR_union	GLS+SLC1A1	GRM8	Slc1a1_Gls	Grm8					candidate_public_only_not_graph_edge	no_component_normalized_match_in_mSCIdblit
master_LR_union	GLS+SLC1A2	GRIA1	Slc1a2_Gls	Gria1					candidate_public_only_not_graph_edge	no_component_normalized_match_in_mSCIdblit
master_LR_union	GLS+SLC1A2	GRIA2	Slc1a2_Gls	Gria2					candidate_public_only_not_graph_edge	no_component_normalized_match_in_mSCIdblit
master_LR_union	GLS+SLC1A2	GRIA3	Slc1a2_Gls	Gria3					candidate_public_only_not_graph_edge	no_component_normalized_match_in_mSCIdblit
master_LR_union	GLS+SLC1A2	GRIA4	Slc1a2_Gls	Gria4					candidate_public_only_not_graph_edge	no_component_normalized_match_in_mSCIdblit
master_LR_union	GLS+SLC1A2	GRIK1	Slc1a2_Gls	Grik1					candidate_public_only_not_graph_edge	no_component_normalized_match_in_mSCIdblit
master_LR_union	GLS+SLC1A2	GRIK1+GRIK4	Slc1a2_Gls	Grik1_Grik4					candidate_public_only_not_graph_edge	no_component_normalized_match_in_mSCIdblit
master_LR_union	GLS+SLC1A2	GRIK1+GRIK5	Slc1a2_Gls	Grik1_Grik5					candidate_public_only_not_graph_edge	no_component_normalized_match_in_mSCIdblit
master_LR_union	GLS+SLC1A2	GRIK2	Slc1a2_Gls	Grik2					candidate_public_only_not_graph_edge	no_component_normalized_match_in_mSCIdblit
master_LR_union	GLS+SLC1A2	GRIK2+GRIK4	Slc1a2_Gls	Grik2_Grik4					candidate_public_only_not_graph_edge	no_component_normalized_match_in_mSCIdblit
master_LR_union	GLS+SLC1A2	GRIK2+GRIK5	Slc1a2_Gls	Grik2_Grik5					candidate_public_only_not_graph_edge	no_component_normalized_match_in_mSCIdblit
master_LR_union	GLS+SLC1A2	GRIK3	Slc1a2_Gls	Grik3					candidate_public_only_not_graph_edge	no_component_normalized_match_in_mSCIdblit
master_LR_union	GLS+SLC1A2	GRIK3+GRIK4	Slc1a2_Gls	Grik3_Grik4					candidate_public_only_not_graph_edge	no_component_normalized_match_in_mSCIdblit
master_LR_union	GLS+SLC1A2	GRIK3+GRIK5	Slc1a2_Gls	Grik3_Grik5					candidate_public_only_not_graph_edge	no_component_normalized_match_in_mSCIdblit
master_LR_union	GLS+SLC1A2	GRIN1+GRIN2A	Slc1a2_Gls	Grin1_Grin2a					candidate_public_only_not_graph_edge	no_component_normalized_match_in_mSCIdblit
master_LR_union	GLS+SLC1A2	GRIN1+GRIN2B	Slc1a2_Gls	Grin1_Grin2b					candidate_public_only_not_graph_edge	no_component_normalized_match_in_mSCIdblit
master_LR_union	GLS+SLC1A2	GRIN1+GRIN2C	Slc1a2_Gls	Grin1_Grin2c					candidate_public_only_not_graph_edge	no_component_normalized_match_in_mSCIdblit
master_LR_union	GLS+SLC1A2	GRIN1+GRIN2D	Slc1a2_Gls	Grin1_Grin2d					candidate_public_only_not_graph_edge	no_component_normalized_match_in_mSCIdblit
master_LR_union	GLS+SLC1A2	GRM1	Slc1a2_Gls	Grm1					candidate_public_only_not_graph_edge	no_component_normalized_match_in_mSCIdblit
master_LR_union	GLS+SLC1A2	GRM2	Slc1a2_Gls	Grm2					candidate_public_only_not_graph_edge	no_component_normalized_match_in_mSCIdblit
master_LR_union	GLS+SLC1A2	GRM3	Slc1a2_Gls	Grm3					candidate_public_only_not_graph_edge	no_component_normalized_match_in_mSCIdblit
master_LR_union	GLS+SLC1A2	GRM4	Slc1a2_Gls	Grm4					candidate_public_only_not_graph_edge	no_component_normalized_match_in_mSCIdblit
master_LR_union	GLS+SLC1A2	GRM5	Slc1a2_Gls	Grm5					candidate_public_only_not_graph_edge	no_component_normalized_match_in_mSCIdblit
master_LR_union	GLS+SLC1A2	GRM6	Slc1a2_Gls	Grm6					candidate_public_only_not_graph_edge	no_component_normalized_match_in_mSCIdblit
master_LR_union	GLS+SLC1A2	GRM7	Slc1a2_Gls	Grm7					candidate_public_only_not_graph_edge	no_component_normalized_match_in_mSCIdblit
master_LR_union	GLS+SLC1A2	GRM8	Slc1a2_Gls	Grm8					candidate_public_only_not_graph_edge	no_component_normalized_match_in_mSCIdblit
master_LR_union	GLS+SLC1A3	GRIA1	Slc1a3_Gls	Gria1					candidate_public_only_not_graph_edge	no_component_normalized_match_in_mSCIdblit
master_LR_union	GLS+SLC1A3	GRIA2	Slc1a3_Gls	Gria2					candidate_public_only_not_graph_edge	no_component_normalized_match_in_mSCIdblit
master_LR_union	GLS+SLC1A3	GRIA3	Slc1a3_Gls	Gria3					candidate_public_only_not_graph_edge	no_component_normalized_match_in_mSCIdblit
master_LR_union	GLS+SLC1A3	GRIA4	Slc1a3_Gls	Gria4					candidate_public_only_not_graph_edge	no_component_normalized_match_in_mSCIdblit
master_LR_union	GLS+SLC1A3	GRIK1	Slc1a3_Gls	Grik1					candidate_public_only_not_graph_edge	no_component_normalized_match_in_mSCIdblit
master_LR_union	GLS+SLC1A3	GRIK1+GRIK4	Slc1a3_Gls	Grik1_Grik4					candidate_public_only_not_graph_edge	no_component_normalized_match_in_mSCIdblit
master_LR_union	GLS+SLC1A3	GRIK1+GRIK5	Slc1a3_Gls	Grik1_Grik5					candidate_public_only_not_graph_edge	no_component_normalized_match_in_mSCIdblit
master_LR_union	GLS+SLC1A3	GRIK2	Slc1a3_Gls	Grik2					candidate_public_only_not_graph_edge	no_component_normalized_match_in_mSCIdblit
master_LR_union	GLS+SLC1A3	GRIK2+GRIK4	Slc1a3_Gls	Grik2_Grik4					candidate_public_only_not_graph_edge	no_component_normalized_match_in_mSCIdblit
master_LR_union	GLS+SLC1A3	GRIK2+GRIK5	Slc1a3_Gls	Grik2_Grik5					candidate_public_only_not_graph_edge	no_component_normalized_match_in_mSCIdblit
master_LR_union	GLS+SLC1A3	GRIK3	Slc1a3_Gls	Grik3					candidate_public_only_not_graph_edge	no_component_normalized_match_in_mSCIdblit
master_LR_union	GLS+SLC1A3	GRIK3+GRIK4	Slc1a3_Gls	Grik3_Grik4					candidate_public_only_not_graph_edge	no_component_normalized_match_in_mSCIdblit
master_LR_union	GLS+SLC1A3	GRIK3+GRIK5	Slc1a3_Gls	Grik3_Grik5					candidate_public_only_not_graph_edge	no_component_normalized_match_in_mSCIdblit
master_LR_union	GLS+SLC1A3	GRIN1+GRIN2A	Slc1a3_Gls	Grin1_Grin2a					candidate_public_only_not_graph_edge	no_component_normalized_match_in_mSCIdblit
master_LR_union	GLS+SLC1A3	GRIN1+GRIN2B	Slc1a3_Gls	Grin1_Grin2b					candidate_public_only_not_graph_edge	no_component_normalized_match_in_mSCIdblit
master_LR_union	GLS+SLC1A3	GRIN1+GRIN2C	Slc1a3_Gls	Grin1_Grin2c					candidate_public_only_not_graph_edge	no_component_normalized_match_in_mSCIdblit
master_LR_union	GLS+SLC1A3	GRIN1+GRIN2D	Slc1a3_Gls	Grin1_Grin2d					candidate_public_only_not_graph_edge	no_component_normalized_match_in_mSCIdblit
master_LR_union	GLS+SLC1A3	GRM1	Slc1a3_Gls	Grm1					candidate_public_only_not_graph_edge	no_component_normalized_match_in_mSCIdblit
master_LR_union	GLS+SLC1A3	GRM2	Slc1a3_Gls	Grm2					candidate_public_only_not_graph_edge	no_component_normalized_match_in_mSCIdblit
master_LR_union	GLS+SLC1A3	GRM3	Slc1a3_Gls	Grm3					candidate_public_only_not_graph_edge	no_component_normalized_match_in_mSCIdblit
master_LR_union	GLS+SLC1A3	GRM4	Slc1a3_Gls	Grm4					candidate_public_only_not_graph_edge	no_component_normalized_match_in_mSCIdblit
master_LR_union	GLS+SLC1A3	GRM5	Slc1a3_Gls	Grm5					candidate_public_only_not_graph_edge	no_component_normalized_match_in_mSCIdblit
master_LR_union	GLS+SLC1A3	GRM6	Slc1a3_Gls	Grm6					candidate_public_only_not_graph_edge	no_component_normalized_match_in_mSCIdblit
master_LR_union	GLS+SLC1A3	GRM7	Slc1a3_Gls	Grm7					candidate_public_only_not_graph_edge	no_component_normalized_match_in_mSCIdblit
master_LR_union	GLS+SLC1A3	GRM8	Slc1a3_Gls	Grm8					candidate_public_only_not_graph_edge	no_component_normalized_match_in_mSCIdblit
master_LR_union	GLS+SLC1A6	GRIA1	Slc1a6_Gls	Gria1					candidate_public_only_not_graph_edge	no_component_normalized_match_in_mSCIdblit
master_LR_union	GLS+SLC1A6	GRIA2	Slc1a6_Gls	Gria2					candidate_public_only_not_graph_edge	no_component_normalized_match_in_mSCIdblit
master_LR_union	GLS+SLC1A6	GRIA3	Slc1a6_Gls	Gria3					candidate_public_only_not_graph_edge	no_component_normalized_match_in_mSCIdblit
master_LR_union	GLS+SLC1A6	GRIA4	Slc1a6_Gls	Gria4					candidate_public_only_not_graph_edge	no_component_normalized_match_in_mSCIdblit
master_LR_union	GLS+SLC1A6	GRIK1	Slc1a6_Gls	Grik1					candidate_public_only_not_graph_edge	no_component_normalized_match_in_mSCIdblit
master_LR_union	GLS+SLC1A6	GRIK1+GRIK4	Slc1a6_Gls	Grik1_Grik4					candidate_public_only_not_graph_edge	no_component_normalized_match_in_mSCIdblit
master_LR_union	GLS+SLC1A6	GRIK1+GRIK5	Slc1a6_Gls	Grik1_Grik5					candidate_public_only_not_graph_edge	no_component_normalized_match_in_mSCIdblit
master_LR_union	GLS+SLC1A6	GRIK2	Slc1a6_Gls	Grik2					candidate_public_only_not_graph_edge	no_component_normalized_match_in_mSCIdblit
master_LR_union	GLS+SLC1A6	GRIK2+GRIK4	Slc1a6_Gls	Grik2_Grik4					candidate_public_only_not_graph_edge	no_component_normalized_match_in_mSCIdblit
master_LR_union	GLS+SLC1A6	GRIK2+GRIK5	Slc1a6_Gls	Grik2_Grik5					candidate_public_only_not_graph_edge	no_component_normalized_match_in_mSCIdblit
master_LR_union	GLS+SLC1A6	GRIK3	Slc1a6_Gls	Grik3					candidate_public_only_not_graph_edge	no_component_normalized_match_in_mSCIdblit
master_LR_union	GLS+SLC1A6	GRIK3+GRIK4	Slc1a6_Gls	Grik3_Grik4					candidate_public_only_not_graph_edge	no_component_normalized_match_in_mSCIdblit
master_LR_union	GLS+SLC1A6	GRIK3+GRIK5	Slc1a6_Gls	Grik3_Grik5					candidate_public_only_not_graph_edge	no_component_normalized_match_in_mSCIdblit
master_LR_union	GLS+SLC1A6	GRIN1+GRIN2A	Slc1a6_Gls	Grin1_Grin2a					candidate_public_only_not_graph_edge	no_component_normalized_match_in_mSCIdblit
master_LR_union	GLS+SLC1A6	GRIN1+GRIN2B	Slc1a6_Gls	Grin1_Grin2b					candidate_public_only_not_graph_edge	no_component_normalized_match_in_mSCIdblit
master_LR_union	GLS+SLC1A6	GRIN1+GRIN2C	Slc1a6_Gls	Grin1_Grin2c					candidate_public_only_not_graph_edge	no_component_normalized_match_in_mSCIdblit
master_LR_union	GLS+SLC1A6	GRIN1+GRIN2D	Slc1a6_Gls	Grin1_Grin2d					candidate_public_only_not_graph_edge	no_component_normalized_match_in_mSCIdblit
master_LR_union	GLS+SLC1A6	GRM1	Slc1a6_Gls	Grm1					candidate_public_only_not_graph_edge	no_component_normalized_match_in_mSCIdblit
master_LR_union	GLS+SLC1A6	GRM2	Slc1a6_Gls	Grm2					candidate_public_only_not_graph_edge	no_component_normalized_match_in_mSCIdblit
master_LR_union	GLS+SLC1A6	GRM3	Slc1a6_Gls	Grm3					candidate_public_only_not_graph_edge	no_component_normalized_match_in_mSCIdblit
master_LR_union	GLS+SLC1A6	GRM4	Slc1a6_Gls	Grm4					candidate_public_only_not_graph_edge	no_component_normalized_match_in_mSCIdblit
master_LR_union	GLS+SLC1A6	GRM5	Slc1a6_Gls	Grm5					candidate_public_only_not_graph_edge	no_component_normalized_match_in_mSCIdblit
master_LR_union	GLS+SLC1A6	GRM6	Slc1a6_Gls	Grm6					candidate_public_only_not_graph_edge	no_component_normalized_match_in_mSCIdblit
master_LR_union	GLS+SLC1A6	GRM7	Slc1a6_Gls	Grm7					candidate_public_only_not_graph_edge	no_component_normalized_match_in_mSCIdblit
master_LR_union	GLS+SLC1A6	GRM8	Slc1a6_Gls	Grm8					candidate_public_only_not_graph_edge	no_component_normalized_match_in_mSCIdblit
master_LR_union	GLS+SLC1A7	GRIA1	Slc1a7_Gls	Gria1					candidate_public_only_not_graph_edge	no_component_normalized_match_in_mSCIdblit
master_LR_union	GLS+SLC1A7	GRIA2	Slc1a7_Gls	Gria2					candidate_public_only_not_graph_edge	no_component_normalized_match_in_mSCIdblit
master_LR_union	GLS+SLC1A7	GRIA3	Slc1a7_Gls	Gria3					candidate_public_only_not_graph_edge	no_component_normalized_match_in_mSCIdblit
master_LR_union	GLS+SLC1A7	GRIA4	Slc1a7_Gls	Gria4					candidate_public_only_not_graph_edge	no_component_normalized_match_in_mSCIdblit
master_LR_union	GLS+SLC1A7	GRIK1	Slc1a7_Gls	Grik1					candidate_public_only_not_graph_edge	no_component_normalized_match_in_mSCIdblit
master_LR_union	GLS+SLC1A7	GRIK1+GRIK4	Slc1a7_Gls	Grik1_Grik4					candidate_public_only_not_graph_edge	no_component_normalized_match_in_mSCIdblit
master_LR_union	GLS+SLC1A7	GRIK1+GRIK5	Slc1a7_Gls	Grik1_Grik5					candidate_public_only_not_graph_edge	no_component_normalized_match_in_mSCIdblit
master_LR_union	GLS+SLC1A7	GRIK2	Slc1a7_Gls	Grik2					candidate_public_only_not_graph_edge	no_component_normalized_match_in_mSCIdblit
master_LR_union	GLS+SLC1A7	GRIK2+GRIK4	Slc1a7_Gls	Grik2_Grik4					candidate_public_only_not_graph_edge	no_component_normalized_match_in_mSCIdblit
master_LR_union	GLS+SLC1A7	GRIK2+GRIK5	Slc1a7_Gls	Grik2_Grik5					candidate_public_only_not_graph_edge	no_component_normalized_match_in_mSCIdblit
master_LR_union	GLS+SLC1A7	GRIK3	Slc1a7_Gls	Grik3					candidate_public_only_not_graph_edge	no_component_normalized_match_in_mSCIdblit
master_LR_union	GLS+SLC1A7	GRIK3+GRIK4	Slc1a7_Gls	Grik3_Grik4					candidate_public_only_not_graph_edge	no_component_normalized_match_in_mSCIdblit
master_LR_union	GLS+SLC1A7	GRIK3+GRIK5	Slc1a7_Gls	Grik3_Grik5					candidate_public_only_not_graph_edge	no_component_normalized_match_in_mSCIdblit
master_LR_union	GLS+SLC1A7	GRIN1+GRIN2A	Slc1a7_Gls	Grin1_Grin2a					candidate_public_only_not_graph_edge	no_component_normalized_match_in_mSCIdblit
master_LR_union	GLS+SLC1A7	GRIN1+GRIN2B	Slc1a7_Gls	Grin1_Grin2b					candidate_public_only_not_graph_edge	no_component_normalized_match_in_mSCIdblit
master_LR_union	GLS+SLC1A7	GRIN1+GRIN2C	Slc1a7_Gls	Grin1_Grin2c					candidate_public_only_not_graph_edge	no_component_normalized_match_in_mSCIdblit
master_LR_union	GLS+SLC1A7	GRIN1+GRIN2D	Slc1a7_Gls	Grin1_Grin2d					candidate_public_only_not_graph_edge	no_component_normalized_match_in_mSCIdblit
master_LR_union	GLS+SLC1A7	GRM1	Slc1a7_Gls	Grm1					candidate_public_only_not_graph_edge	no_component_normalized_match_in_mSCIdblit
master_LR_union	GLS+SLC1A7	GRM2	Slc1a7_Gls	Grm2					candidate_public_only_not_graph_edge	no_component_normalized_match_in_mSCIdblit
master_LR_union	GLS+SLC1A7	GRM3	Slc1a7_Gls	Grm3					candidate_public_only_not_graph_edge	no_component_normalized_match_in_mSCIdblit
master_LR_union	GLS+SLC1A7	GRM4	Slc1a7_Gls	Grm4					candidate_public_only_not_graph_edge	no_component_normalized_match_in_mSCIdblit
master_LR_union	GLS+SLC1A7	GRM5	Slc1a7_Gls	Grm5					candidate_public_only_not_graph_edge	no_component_normalized_match_in_mSCIdblit
master_LR_union	GLS+SLC1A7	GRM6	Slc1a7_Gls	Grm6					candidate_public_only_not_graph_edge	no_component_normalized_match_in_mSCIdblit
master_LR_union	GLS+SLC1A7	GRM7	Slc1a7_Gls	Grm7					candidate_public_only_not_graph_edge	no_component_normalized_match_in_mSCIdblit
master_LR_union	GLS+SLC1A7	GRM8	Slc1a7_Gls	Grm8					candidate_public_only_not_graph_edge	no_component_normalized_match_in_mSCIdblit
master_LR_union	GLS2+SLC17A6	GRIA1	Slc17a6_Gls2	Gria1					candidate_public_only_not_graph_edge	no_component_normalized_match_in_mSCIdblit
master_LR_union	GLS2+SLC17A6	GRIA2	Slc17a6_Gls2	Gria2					candidate_public_only_not_graph_edge	no_component_normalized_match_in_mSCIdblit
master_LR_union	GLS2+SLC17A6	GRIA3	Slc17a6_Gls2	Gria3					candidate_public_only_not_graph_edge	no_component_normalized_match_in_mSCIdblit
master_LR_union	GLS2+SLC17A6	GRIA4	Slc17a6_Gls2	Gria4					candidate_public_only_not_graph_edge	no_component_normalized_match_in_mSCIdblit
master_LR_union	GLS2+SLC17A6	GRIK1	Slc17a6_Gls2	Grik1					candidate_public_only_not_graph_edge	no_component_normalized_match_in_mSCIdblit
master_LR_union	GLS2+SLC17A6	GRIK1+GRIK4	Slc17a6_Gls2	Grik1_Grik4					candidate_public_only_not_graph_edge	no_component_normalized_match_in_mSCIdblit
master_LR_union	GLS2+SLC17A6	GRIK1+GRIK5	Slc17a6_Gls2	Grik1_Grik5					candidate_public_only_not_graph_edge	no_component_normalized_match_in_mSCIdblit
master_LR_union	GLS2+SLC17A6	GRIK2	Slc17a6_Gls2	Grik2					candidate_public_only_not_graph_edge	no_component_normalized_match_in_mSCIdblit
master_LR_union	GLS2+SLC17A6	GRIK2+GRIK4	Slc17a6_Gls2	Grik2_Grik4					candidate_public_only_not_graph_edge	no_component_normalized_match_in_mSCIdblit
master_LR_union	GLS2+SLC17A6	GRIK2+GRIK5	Slc17a6_Gls2	Grik2_Grik5					candidate_public_only_not_graph_edge	no_component_normalized_match_in_mSCIdblit
master_LR_union	GLS2+SLC17A6	GRIK3	Slc17a6_Gls2	Grik3					candidate_public_only_not_graph_edge	no_component_normalized_match_in_mSCIdblit
master_LR_union	GLS2+SLC17A6	GRIK3+GRIK4	Slc17a6_Gls2	Grik3_Grik4					candidate_public_only_not_graph_edge	no_component_normalized_match_in_mSCIdblit
master_LR_union	GLS2+SLC17A6	GRIK3+GRIK5	Slc17a6_Gls2	Grik3_Grik5					candidate_public_only_not_graph_edge	no_component_normalized_match_in_mSCIdblit
master_LR_union	GLS2+SLC17A6	GRIN1+GRIN2A	Slc17a6_Gls2	Grin1_Grin2a					candidate_public_only_not_graph_edge	no_component_normalized_match_in_mSCIdblit
master_LR_union	GLS2+SLC17A6	GRIN1+GRIN2B	Slc17a6_Gls2	Grin1_Grin2b					candidate_public_only_not_graph_edge	no_component_normalized_match_in_mSCIdblit
master_LR_union	GLS2+SLC17A6	GRIN1+GRIN2C	Slc17a6_Gls2	Grin1_Grin2c					candidate_public_only_not_graph_edge	no_component_normalized_match_in_mSCIdblit
master_LR_union	GLS2+SLC17A6	GRIN1+GRIN2D	Slc17a6_Gls2	Grin1_Grin2d					candidate_public_only_not_graph_edge	no_component_normalized_match_in_mSCIdblit
master_LR_union	GLS2+SLC17A6	GRM1	Slc17a6_Gls2	Grm1					candidate_public_only_not_graph_edge	no_component_normalized_match_in_mSCIdblit
master_LR_union	GLS2+SLC17A6	GRM2	Slc17a6_Gls2	Grm2					candidate_public_only_not_graph_edge	no_component_normalized_match_in_mSCIdblit
master_LR_union	GLS2+SLC17A6	GRM3	Slc17a6_Gls2	Grm3					candidate_public_only_not_graph_edge	no_component_normalized_match_in_mSCIdblit
master_LR_union	GLS2+SLC17A6	GRM4	Slc17a6_Gls2	Grm4					candidate_public_only_not_graph_edge	no_component_normalized_match_in_mSCIdblit
master_LR_union	GLS2+SLC17A6	GRM5	Slc17a6_Gls2	Grm5					candidate_public_only_not_graph_edge	no_component_normalized_match_in_mSCIdblit
master_LR_union	GLS2+SLC17A6	GRM6	Slc17a6_Gls2	Grm6					candidate_public_only_not_graph_edge	no_component_normalized_match_in_mSCIdblit
master_LR_union	GLS2+SLC17A6	GRM7	Slc17a6_Gls2	Grm7					candidate_public_only_not_graph_edge	no_component_normalized_match_in_mSCIdblit
master_LR_union	GLS2+SLC17A6	GRM8	Slc17a6_Gls2	Grm8					candidate_public_only_not_graph_edge	no_component_normalized_match_in_mSCIdblit
master_LR_union	GLS2+SLC17A7	GRIA1	Slc17a7_Gls2	Gria1					candidate_public_only_not_graph_edge	no_component_normalized_match_in_mSCIdblit
master_LR_union	GLS2+SLC17A7	GRIA2	Slc17a7_Gls2	Gria2					candidate_public_only_not_graph_edge	no_component_normalized_match_in_mSCIdblit
master_LR_union	GLS2+SLC17A7	GRIA3	Slc17a7_Gls2	Gria3					candidate_public_only_not_graph_edge	no_component_normalized_match_in_mSCIdblit
master_LR_union	GLS2+SLC17A7	GRIA4	Slc17a7_Gls2	Gria4					candidate_public_only_not_graph_edge	no_component_normalized_match_in_mSCIdblit
master_LR_union	GLS2+SLC17A7	GRIK1	Slc17a7_Gls2	Grik1					candidate_public_only_not_graph_edge	no_component_normalized_match_in_mSCIdblit
master_LR_union	GLS2+SLC17A7	GRIK1+GRIK4	Slc17a7_Gls2	Grik1_Grik4					candidate_public_only_not_graph_edge	no_component_normalized_match_in_mSCIdblit
master_LR_union	GLS2+SLC17A7	GRIK1+GRIK5	Slc17a7_Gls2	Grik1_Grik5					candidate_public_only_not_graph_edge	no_component_normalized_match_in_mSCIdblit
master_LR_union	GLS2+SLC17A7	GRIK2	Slc17a7_Gls2	Grik2					candidate_public_only_not_graph_edge	no_component_normalized_match_in_mSCIdblit
master_LR_union	GLS2+SLC17A7	GRIK2+GRIK4	Slc17a7_Gls2	Grik2_Grik4					candidate_public_only_not_graph_edge	no_component_normalized_match_in_mSCIdblit
master_LR_union	GLS2+SLC17A7	GRIK2+GRIK5	Slc17a7_Gls2	Grik2_Grik5					candidate_public_only_not_graph_edge	no_component_normalized_match_in_mSCIdblit
master_LR_union	GLS2+SLC17A7	GRIK3	Slc17a7_Gls2	Grik3					candidate_public_only_not_graph_edge	no_component_normalized_match_in_mSCIdblit
master_LR_union	GLS2+SLC17A7	GRIK3+GRIK4	Slc17a7_Gls2	Grik3_Grik4					candidate_public_only_not_graph_edge	no_component_normalized_match_in_mSCIdblit
master_LR_union	GLS2+SLC17A7	GRIK3+GRIK5	Slc17a7_Gls2	Grik3_Grik5					candidate_public_only_not_graph_edge	no_component_normalized_match_in_mSCIdblit
master_LR_union	GLS2+SLC17A7	GRIN1+GRIN2A	Slc17a7_Gls2	Grin1_Grin2a					candidate_public_only_not_graph_edge	no_component_normalized_match_in_mSCIdblit
master_LR_union	GLS2+SLC17A7	GRIN1+GRIN2B	Slc17a7_Gls2	Grin1_Grin2b					candidate_public_only_not_graph_edge	no_component_normalized_match_in_mSCIdblit
master_LR_union	GLS2+SLC17A7	GRIN1+GRIN2C	Slc17a7_Gls2	Grin1_Grin2c					candidate_public_only_not_graph_edge	no_component_normalized_match_in_mSCIdblit
master_LR_union	GLS2+SLC17A7	GRIN1+GRIN2D	Slc17a7_Gls2	Grin1_Grin2d					candidate_public_only_not_graph_edge	no_component_normalized_match_in_mSCIdblit
master_LR_union	GLS2+SLC17A7	GRM1	Slc17a7_Gls2	Grm1					candidate_public_only_not_graph_edge	no_component_normalized_match_in_mSCIdblit
master_LR_union	GLS2+SLC17A7	GRM2	Slc17a7_Gls2	Grm2					candidate_public_only_not_graph_edge	no_component_normalized_match_in_mSCIdblit
master_LR_union	GLS2+SLC17A7	GRM3	Slc17a7_Gls2	Grm3					candidate_public_only_not_graph_edge	no_component_normalized_match_in_mSCIdblit
master_LR_union	GLS2+SLC17A7	GRM4	Slc17a7_Gls2	Grm4					candidate_public_only_not_graph_edge	no_component_normalized_match_in_mSCIdblit
master_LR_union	GLS2+SLC17A7	GRM5	Slc17a7_Gls2	Grm5					candidate_public_only_not_graph_edge	no_component_normalized_match_in_mSCIdblit
master_LR_union	GLS2+SLC17A7	GRM6	Slc17a7_Gls2	Grm6					candidate_public_only_not_graph_edge	no_component_normalized_match_in_mSCIdblit
master_LR_union	GLS2+SLC17A7	GRM7	Slc17a7_Gls2	Grm7					candidate_public_only_not_graph_edge	no_component_normalized_match_in_mSCIdblit
master_LR_union	GLS2+SLC17A7	GRM8	Slc17a7_Gls2	Grm8					candidate_public_only_not_graph_edge	no_component_normalized_match_in_mSCIdblit
master_LR_union	GLS2+SLC17A8	GRIA1	Slc17a8_Gls2	Gria1					candidate_public_only_not_graph_edge	no_component_normalized_match_in_mSCIdblit
master_LR_union	GLS2+SLC17A8	GRIA2	Slc17a8_Gls2	Gria2					candidate_public_only_not_graph_edge	no_component_normalized_match_in_mSCIdblit
master_LR_union	GLS2+SLC17A8	GRIA3	Slc17a8_Gls2	Gria3					candidate_public_only_not_graph_edge	no_component_normalized_match_in_mSCIdblit
master_LR_union	GLS2+SLC17A8	GRIA4	Slc17a8_Gls2	Gria4					candidate_public_only_not_graph_edge	no_component_normalized_match_in_mSCIdblit
master_LR_union	GLS2+SLC17A8	GRIK1	Slc17a8_Gls2	Grik1					candidate_public_only_not_graph_edge	no_component_normalized_match_in_mSCIdblit
master_LR_union	GLS2+SLC17A8	GRIK1+GRIK4	Slc17a8_Gls2	Grik1_Grik4					candidate_public_only_not_graph_edge	no_component_normalized_match_in_mSCIdblit
master_LR_union	GLS2+SLC17A8	GRIK1+GRIK5	Slc17a8_Gls2	Grik1_Grik5					candidate_public_only_not_graph_edge	no_component_normalized_match_in_mSCIdblit
master_LR_union	GLS2+SLC17A8	GRIK2	Slc17a8_Gls2	Grik2					candidate_public_only_not_graph_edge	no_component_normalized_match_in_mSCIdblit
master_LR_union	GLS2+SLC17A8	GRIK2+GRIK4	Slc17a8_Gls2	Grik2_Grik4					candidate_public_only_not_graph_edge	no_component_normalized_match_in_mSCIdblit
master_LR_union	GLS2+SLC17A8	GRIK2+GRIK5	Slc17a8_Gls2	Grik2_Grik5					candidate_public_only_not_graph_edge	no_component_normalized_match_in_mSCIdblit
master_LR_union	GLS2+SLC17A8	GRIK3	Slc17a8_Gls2	Grik3					candidate_public_only_not_graph_edge	no_component_normalized_match_in_mSCIdblit
master_LR_union	GLS2+SLC17A8	GRIK3+GRIK4	Slc17a8_Gls2	Grik3_Grik4					candidate_public_only_not_graph_edge	no_component_normalized_match_in_mSCIdblit
master_LR_union	GLS2+SLC17A8	GRIK3+GRIK5	Slc17a8_Gls2	Grik3_Grik5					candidate_public_only_not_graph_edge	no_component_normalized_match_in_mSCIdblit
master_LR_union	GLS2+SLC17A8	GRIN1+GRIN2A	Slc17a8_Gls2	Grin1_Grin2a					candidate_public_only_not_graph_edge	no_component_normalized_match_in_mSCIdblit
master_LR_union	GLS2+SLC17A8	GRIN1+GRIN2B	Slc17a8_Gls2	Grin1_Grin2b					candidate_public_only_not_graph_edge	no_component_normalized_match_in_mSCIdblit
master_LR_union	GLS2+SLC17A8	GRIN1+GRIN2C	Slc17a8_Gls2	Grin1_Grin2c					candidate_public_only_not_graph_edge	no_component_normalized_match_in_mSCIdblit
master_LR_union	GLS2+SLC17A8	GRIN1+GRIN2D	Slc17a8_Gls2	Grin1_Grin2d					candidate_public_only_not_graph_edge	no_component_normalized_match_in_mSCIdblit
master_LR_union	GLS2+SLC17A8	GRM1	Slc17a8_Gls2	Grm1					candidate_public_only_not_graph_edge	no_component_normalized_match_in_mSCIdblit
master_LR_union	GLS2+SLC17A8	GRM2	Slc17a8_Gls2	Grm2					candidate_public_only_not_graph_edge	no_component_normalized_match_in_mSCIdblit
master_LR_union	GLS2+SLC17A8	GRM3	Slc17a8_Gls2	Grm3					candidate_public_only_not_graph_edge	no_component_normalized_match_in_mSCIdblit
master_LR_union	GLS2+SLC17A8	GRM4	Slc17a8_Gls2	Grm4					candidate_public_only_not_graph_edge	no_component_normalized_match_in_mSCIdblit
master_LR_union	GLS2+SLC17A8	GRM5	Slc17a8_Gls2	Grm5					candidate_public_only_not_graph_edge	no_component_normalized_match_in_mSCIdblit
master_LR_union	GLS2+SLC17A8	GRM6	Slc17a8_Gls2	Grm6					candidate_public_only_not_graph_edge	no_component_normalized_match_in_mSCIdblit
master_LR_union	GLS2+SLC17A8	GRM7	Slc17a8_Gls2	Grm7					candidate_public_only_not_graph_edge	no_component_normalized_match_in_mSCIdblit
master_LR_union	GLS2+SLC17A8	GRM8	Slc17a8_Gls2	Grm8					candidate_public_only_not_graph_edge	no_component_normalized_match_in_mSCIdblit
master_LR_union	GLS2+SLC1A1	GRIA1	Slc1a1_Gls2	Gria1					candidate_public_only_not_graph_edge	no_component_normalized_match_in_mSCIdblit
master_LR_union	GLS2+SLC1A1	GRIA2	Slc1a1_Gls2	Gria2					candidate_public_only_not_graph_edge	no_component_normalized_match_in_mSCIdblit
master_LR_union	GLS2+SLC1A1	GRIA3	Slc1a1_Gls2	Gria3					candidate_public_only_not_graph_edge	no_component_normalized_match_in_mSCIdblit
master_LR_union	GLS2+SLC1A1	GRIA4	Slc1a1_Gls2	Gria4					candidate_public_only_not_graph_edge	no_component_normalized_match_in_mSCIdblit
master_LR_union	GLS2+SLC1A1	GRIK1	Slc1a1_Gls2	Grik1					candidate_public_only_not_graph_edge	no_component_normalized_match_in_mSCIdblit
master_LR_union	GLS2+SLC1A1	GRIK1+GRIK4	Slc1a1_Gls2	Grik1_Grik4					candidate_public_only_not_graph_edge	no_component_normalized_match_in_mSCIdblit
master_LR_union	GLS2+SLC1A1	GRIK1+GRIK5	Slc1a1_Gls2	Grik1_Grik5					candidate_public_only_not_graph_edge	no_component_normalized_match_in_mSCIdblit
master_LR_union	GLS2+SLC1A1	GRIK2	Slc1a1_Gls2	Grik2					candidate_public_only_not_graph_edge	no_component_normalized_match_in_mSCIdblit
master_LR_union	GLS2+SLC1A1	GRIK2+GRIK4	Slc1a1_Gls2	Grik2_Grik4					candidate_public_only_not_graph_edge	no_component_normalized_match_in_mSCIdblit
master_LR_union	GLS2+SLC1A1	GRIK2+GRIK5	Slc1a1_Gls2	Grik2_Grik5					candidate_public_only_not_graph_edge	no_component_normalized_match_in_mSCIdblit
master_LR_union	GLS2+SLC1A1	GRIK3	Slc1a1_Gls2	Grik3					candidate_public_only_not_graph_edge	no_component_normalized_match_in_mSCIdblit
master_LR_union	GLS2+SLC1A1	GRIK3+GRIK4	Slc1a1_Gls2	Grik3_Grik4					candidate_public_only_not_graph_edge	no_component_normalized_match_in_mSCIdblit
master_LR_union	GLS2+SLC1A1	GRIK3+GRIK5	Slc1a1_Gls2	Grik3_Grik5					candidate_public_only_not_graph_edge	no_component_normalized_match_in_mSCIdblit
master_LR_union	GLS2+SLC1A1	GRIN1+GRIN2A	Slc1a1_Gls2	Grin1_Grin2a					candidate_public_only_not_graph_edge	no_component_normalized_match_in_mSCIdblit
master_LR_union	GLS2+SLC1A1	GRIN1+GRIN2B	Slc1a1_Gls2	Grin1_Grin2b					candidate_public_only_not_graph_edge	no_component_normalized_match_in_mSCIdblit
master_LR_union	GLS2+SLC1A1	GRIN1+GRIN2C	Slc1a1_Gls2	Grin1_Grin2c					candidate_public_only_not_graph_edge	no_component_normalized_match_in_mSCIdblit
master_LR_union	GLS2+SLC1A1	GRIN1+GRIN2D	Slc1a1_Gls2	Grin1_Grin2d					candidate_public_only_not_graph_edge	no_component_normalized_match_in_mSCIdblit
master_LR_union	GLS2+SLC1A1	GRM1	Slc1a1_Gls2	Grm1					candidate_public_only_not_graph_edge	no_component_normalized_match_in_mSCIdblit
master_LR_union	GLS2+SLC1A1	GRM2	Slc1a1_Gls2	Grm2					candidate_public_only_not_graph_edge	no_component_normalized_match_in_mSCIdblit
master_LR_union	GLS2+SLC1A1	GRM3	Slc1a1_Gls2	Grm3					candidate_public_only_not_graph_edge	no_component_normalized_match_in_mSCIdblit
master_LR_union	GLS2+SLC1A1	GRM4	Slc1a1_Gls2	Grm4					candidate_public_only_not_graph_edge	no_component_normalized_match_in_mSCIdblit
master_LR_union	GLS2+SLC1A1	GRM5	Slc1a1_Gls2	Grm5					candidate_public_only_not_graph_edge	no_component_normalized_match_in_mSCIdblit
master_LR_union	GLS2+SLC1A1	GRM6	Slc1a1_Gls2	Grm6					candidate_public_only_not_graph_edge	no_component_normalized_match_in_mSCIdblit
master_LR_union	GLS2+SLC1A1	GRM7	Slc1a1_Gls2	Grm7					candidate_public_only_not_graph_edge	no_component_normalized_match_in_mSCIdblit
master_LR_union	GLS2+SLC1A1	GRM8	Slc1a1_Gls2	Grm8					candidate_public_only_not_graph_edge	no_component_normalized_match_in_mSCIdblit
master_LR_union	GLS2+SLC1A2	GRIA1	Slc1a2_Gls2	Gria1					candidate_public_only_not_graph_edge	no_component_normalized_match_in_mSCIdblit
master_LR_union	GLS2+SLC1A2	GRIA2	Slc1a2_Gls2	Gria2					candidate_public_only_not_graph_edge	no_component_normalized_match_in_mSCIdblit
master_LR_union	GLS2+SLC1A2	GRIA3	Slc1a2_Gls2	Gria3					candidate_public_only_not_graph_edge	no_component_normalized_match_in_mSCIdblit
master_LR_union	GLS2+SLC1A2	GRIA4	Slc1a2_Gls2	Gria4					candidate_public_only_not_graph_edge	no_component_normalized_match_in_mSCIdblit
master_LR_union	GLS2+SLC1A2	GRIK1	Slc1a2_Gls2	Grik1					candidate_public_only_not_graph_edge	no_component_normalized_match_in_mSCIdblit
master_LR_union	GLS2+SLC1A2	GRIK1+GRIK4	Slc1a2_Gls2	Grik1_Grik4					candidate_public_only_not_graph_edge	no_component_normalized_match_in_mSCIdblit
master_LR_union	GLS2+SLC1A2	GRIK1+GRIK5	Slc1a2_Gls2	Grik1_Grik5					candidate_public_only_not_graph_edge	no_component_normalized_match_in_mSCIdblit
master_LR_union	GLS2+SLC1A2	GRIK2	Slc1a2_Gls2	Grik2					candidate_public_only_not_graph_edge	no_component_normalized_match_in_mSCIdblit
master_LR_union	GLS2+SLC1A2	GRIK2+GRIK4	Slc1a2_Gls2	Grik2_Grik4					candidate_public_only_not_graph_edge	no_component_normalized_match_in_mSCIdblit
master_LR_union	GLS2+SLC1A2	GRIK2+GRIK5	Slc1a2_Gls2	Grik2_Grik5					candidate_public_only_not_graph_edge	no_component_normalized_match_in_mSCIdblit
master_LR_union	GLS2+SLC1A2	GRIK3	Slc1a2_Gls2	Grik3					candidate_public_only_not_graph_edge	no_component_normalized_match_in_mSCIdblit
master_LR_union	GLS2+SLC1A2	GRIK3+GRIK4	Slc1a2_Gls2	Grik3_Grik4					candidate_public_only_not_graph_edge	no_component_normalized_match_in_mSCIdblit
master_LR_union	GLS2+SLC1A2	GRIK3+GRIK5	Slc1a2_Gls2	Grik3_Grik5					candidate_public_only_not_graph_edge	no_component_normalized_match_in_mSCIdblit
master_LR_union	GLS2+SLC1A2	GRIN1+GRIN2A	Slc1a2_Gls2	Grin1_Grin2a					candidate_public_only_not_graph_edge	no_component_normalized_match_in_mSCIdblit
master_LR_union	GLS2+SLC1A2	GRIN1+GRIN2B	Slc1a2_Gls2	Grin1_Grin2b					candidate_public_only_not_graph_edge	no_component_normalized_match_in_mSCIdblit
master_LR_union	GLS2+SLC1A2	GRIN1+GRIN2C	Slc1a2_Gls2	Grin1_Grin2c					candidate_public_only_not_graph_edge	no_component_normalized_match_in_mSCIdblit
master_LR_union	GLS2+SLC1A2	GRIN1+GRIN2D	Slc1a2_Gls2	Grin1_Grin2d					candidate_public_only_not_graph_edge	no_component_normalized_match_in_mSCIdblit
master_LR_union	GLS2+SLC1A2	GRM1	Slc1a2_Gls2	Grm1					candidate_public_only_not_graph_edge	no_component_normalized_match_in_mSCIdblit
master_LR_union	GLS2+SLC1A2	GRM2	Slc1a2_Gls2	Grm2					candidate_public_only_not_graph_edge	no_component_normalized_match_in_mSCIdblit
master_LR_union	GLS2+SLC1A2	GRM3	Slc1a2_Gls2	Grm3					candidate_public_only_not_graph_edge	no_component_normalized_match_in_mSCIdblit
master_LR_union	GLS2+SLC1A2	GRM4	Slc1a2_Gls2	Grm4					candidate_public_only_not_graph_edge	no_component_normalized_match_in_mSCIdblit
master_LR_union	GLS2+SLC1A2	GRM5	Slc1a2_Gls2	Grm5					candidate_public_only_not_graph_edge	no_component_normalized_match_in_mSCIdblit
master_LR_union	GLS2+SLC1A2	GRM6	Slc1a2_Gls2	Grm6					candidate_public_only_not_graph_edge	no_component_normalized_match_in_mSCIdblit
master_LR_union	GLS2+SLC1A2	GRM7	Slc1a2_Gls2	Grm7					candidate_public_only_not_graph_edge	no_component_normalized_match_in_mSCIdblit
master_LR_union	GLS2+SLC1A2	GRM8	Slc1a2_Gls2	Grm8					candidate_public_only_not_graph_edge	no_component_normalized_match_in_mSCIdblit
master_LR_union	GLS2+SLC1A3	GRIA1	Slc1a3_Gls2	Gria1					candidate_public_only_not_graph_edge	no_component_normalized_match_in_mSCIdblit
master_LR_union	GLS2+SLC1A3	GRIA2	Slc1a3_Gls2	Gria2					candidate_public_only_not_graph_edge	no_component_normalized_match_in_mSCIdblit
master_LR_union	GLS2+SLC1A3	GRIA3	Slc1a3_Gls2	Gria3					candidate_public_only_not_graph_edge	no_component_normalized_match_in_mSCIdblit
master_LR_union	GLS2+SLC1A3	GRIA4	Slc1a3_Gls2	Gria4					candidate_public_only_not_graph_edge	no_component_normalized_match_in_mSCIdblit
master_LR_union	GLS2+SLC1A3	GRIK1	Slc1a3_Gls2	Grik1					candidate_public_only_not_graph_edge	no_component_normalized_match_in_mSCIdblit
master_LR_union	GLS2+SLC1A3	GRIK1+GRIK4	Slc1a3_Gls2	Grik1_Grik4					candidate_public_only_not_graph_edge	no_component_normalized_match_in_mSCIdblit
master_LR_union	GLS2+SLC1A3	GRIK1+GRIK5	Slc1a3_Gls2	Grik1_Grik5					candidate_public_only_not_graph_edge	no_component_normalized_match_in_mSCIdblit
master_LR_union	GLS2+SLC1A3	GRIK2	Slc1a3_Gls2	Grik2					candidate_public_only_not_graph_edge	no_component_normalized_match_in_mSCIdblit
master_LR_union	GLS2+SLC1A3	GRIK2+GRIK4	Slc1a3_Gls2	Grik2_Grik4					candidate_public_only_not_graph_edge	no_component_normalized_match_in_mSCIdblit
master_LR_union	GLS2+SLC1A3	GRIK2+GRIK5	Slc1a3_Gls2	Grik2_Grik5					candidate_public_only_not_graph_edge	no_component_normalized_match_in_mSCIdblit
master_LR_union	GLS2+SLC1A3	GRIK3	Slc1a3_Gls2	Grik3					candidate_public_only_not_graph_edge	no_component_normalized_match_in_mSCIdblit
master_LR_union	GLS2+SLC1A3	GRIK3+GRIK4	Slc1a3_Gls2	Grik3_Grik4					candidate_public_only_not_graph_edge	no_component_normalized_match_in_mSCIdblit
master_LR_union	GLS2+SLC1A3	GRIK3+GRIK5	Slc1a3_Gls2	Grik3_Grik5					candidate_public_only_not_graph_edge	no_component_normalized_match_in_mSCIdblit
master_LR_union	GLS2+SLC1A3	GRIN1+GRIN2A	Slc1a3_Gls2	Grin1_Grin2a					candidate_public_only_not_graph_edge	no_component_normalized_match_in_mSCIdblit
master_LR_union	GLS2+SLC1A3	GRIN1+GRIN2B	Slc1a3_Gls2	Grin1_Grin2b					candidate_public_only_not_graph_edge	no_component_normalized_match_in_mSCIdblit
master_LR_union	GLS2+SLC1A3	GRIN1+GRIN2C	Slc1a3_Gls2	Grin1_Grin2c					candidate_public_only_not_graph_edge	no_component_normalized_match_in_mSCIdblit
master_LR_union	GLS2+SLC1A3	GRIN1+GRIN2D	Slc1a3_Gls2	Grin1_Grin2d					candidate_public_only_not_graph_edge	no_component_normalized_match_in_mSCIdblit
master_LR_union	GLS2+SLC1A3	GRM1	Slc1a3_Gls2	Grm1					candidate_public_only_not_graph_edge	no_component_normalized_match_in_mSCIdblit
master_LR_union	GLS2+SLC1A3	GRM2	Slc1a3_Gls2	Grm2					candidate_public_only_not_graph_edge	no_component_normalized_match_in_mSCIdblit
master_LR_union	GLS2+SLC1A3	GRM3	Slc1a3_Gls2	Grm3					candidate_public_only_not_graph_edge	no_component_normalized_match_in_mSCIdblit
master_LR_union	GLS2+SLC1A3	GRM4	Slc1a3_Gls2	Grm4					candidate_public_only_not_graph_edge	no_component_normalized_match_in_mSCIdblit
master_LR_union	GLS2+SLC1A3	GRM5	Slc1a3_Gls2	Grm5					candidate_public_only_not_graph_edge	no_component_normalized_match_in_mSCIdblit
master_LR_union	GLS2+SLC1A3	GRM6	Slc1a3_Gls2	Grm6					candidate_public_only_not_graph_edge	no_component_normalized_match_in_mSCIdblit
master_LR_union	GLS2+SLC1A3	GRM7	Slc1a3_Gls2	Grm7					candidate_public_only_not_graph_edge	no_component_normalized_match_in_mSCIdblit
master_LR_union	GLS2+SLC1A3	GRM8	Slc1a3_Gls2	Grm8					candidate_public_only_not_graph_edge	no_component_normalized_match_in_mSCIdblit
master_LR_union	GLS2+SLC1A6	GRIA1	Slc1a6_Gls2	Gria1					candidate_public_only_not_graph_edge	no_component_normalized_match_in_mSCIdblit
master_LR_union	GLS2+SLC1A6	GRIA2	Slc1a6_Gls2	Gria2					candidate_public_only_not_graph_edge	no_component_normalized_match_in_mSCIdblit
master_LR_union	GLS2+SLC1A6	GRIA3	Slc1a6_Gls2	Gria3					candidate_public_only_not_graph_edge	no_component_normalized_match_in_mSCIdblit
master_LR_union	GLS2+SLC1A6	GRIA4	Slc1a6_Gls2	Gria4					candidate_public_only_not_graph_edge	no_component_normalized_match_in_mSCIdblit
master_LR_union	GLS2+SLC1A6	GRIK1	Slc1a6_Gls2	Grik1					candidate_public_only_not_graph_edge	no_component_normalized_match_in_mSCIdblit
master_LR_union	GLS2+SLC1A6	GRIK1+GRIK4	Slc1a6_Gls2	Grik1_Grik4					candidate_public_only_not_graph_edge	no_component_normalized_match_in_mSCIdblit
master_LR_union	GLS2+SLC1A6	GRIK1+GRIK5	Slc1a6_Gls2	Grik1_Grik5					candidate_public_only_not_graph_edge	no_component_normalized_match_in_mSCIdblit
master_LR_union	GLS2+SLC1A6	GRIK2	Slc1a6_Gls2	Grik2					candidate_public_only_not_graph_edge	no_component_normalized_match_in_mSCIdblit
master_LR_union	GLS2+SLC1A6	GRIK2+GRIK4	Slc1a6_Gls2	Grik2_Grik4					candidate_public_only_not_graph_edge	no_component_normalized_match_in_mSCIdblit
master_LR_union	GLS2+SLC1A6	GRIK2+GRIK5	Slc1a6_Gls2	Grik2_Grik5					candidate_public_only_not_graph_edge	no_component_normalized_match_in_mSCIdblit
master_LR_union	GLS2+SLC1A6	GRIK3	Slc1a6_Gls2	Grik3					candidate_public_only_not_graph_edge	no_component_normalized_match_in_mSCIdblit
master_LR_union	GLS2+SLC1A6	GRIK3+GRIK4	Slc1a6_Gls2	Grik3_Grik4					candidate_public_only_not_graph_edge	no_component_normalized_match_in_mSCIdblit
master_LR_union	GLS2+SLC1A6	GRIK3+GRIK5	Slc1a6_Gls2	Grik3_Grik5					candidate_public_only_not_graph_edge	no_component_normalized_match_in_mSCIdblit
master_LR_union	GLS2+SLC1A6	GRIN1+GRIN2A	Slc1a6_Gls2	Grin1_Grin2a					candidate_public_only_not_graph_edge	no_component_normalized_match_in_mSCIdblit
master_LR_union	GLS2+SLC1A6	GRIN1+GRIN2B	Slc1a6_Gls2	Grin1_Grin2b					candidate_public_only_not_graph_edge	no_component_normalized_match_in_mSCIdblit
master_LR_union	GLS2+SLC1A6	GRIN1+GRIN2C	Slc1a6_Gls2	Grin1_Grin2c					candidate_public_only_not_graph_edge	no_component_normalized_match_in_mSCIdblit
master_LR_union	GLS2+SLC1A6	GRIN1+GRIN2D	Slc1a6_Gls2	Grin1_Grin2d					candidate_public_only_not_graph_edge	no_component_normalized_match_in_mSCIdblit
master_LR_union	GLS2+SLC1A6	GRM1	Slc1a6_Gls2	Grm1					candidate_public_only_not_graph_edge	no_component_normalized_match_in_mSCIdblit
master_LR_union	GLS2+SLC1A6	GRM2	Slc1a6_Gls2	Grm2					candidate_public_only_not_graph_edge	no_component_normalized_match_in_mSCIdblit
master_LR_union	GLS2+SLC1A6	GRM3	Slc1a6_Gls2	Grm3					candidate_public_only_not_graph_edge	no_component_normalized_match_in_mSCIdblit
master_LR_union	GLS2+SLC1A6	GRM4	Slc1a6_Gls2	Grm4					candidate_public_only_not_graph_edge	no_component_normalized_match_in_mSCIdblit
master_LR_union	GLS2+SLC1A6	GRM5	Slc1a6_Gls2	Grm5					candidate_public_only_not_graph_edge	no_component_normalized_match_in_mSCIdblit
master_LR_union	GLS2+SLC1A6	GRM6	Slc1a6_Gls2	Grm6					candidate_public_only_not_graph_edge	no_component_normalized_match_in_mSCIdblit
master_LR_union	GLS2+SLC1A6	GRM7	Slc1a6_Gls2	Grm7					candidate_public_only_not_graph_edge	no_component_normalized_match_in_mSCIdblit
master_LR_union	GLS2+SLC1A6	GRM8	Slc1a6_Gls2	Grm8					candidate_public_only_not_graph_edge	no_component_normalized_match_in_mSCIdblit
master_LR_union	GLS2+SLC1A7	GRIA1	Slc1a7_Gls2	Gria1					candidate_public_only_not_graph_edge	no_component_normalized_match_in_mSCIdblit
master_LR_union	GLS2+SLC1A7	GRIA2	Slc1a7_Gls2	Gria2					candidate_public_only_not_graph_edge	no_component_normalized_match_in_mSCIdblit
master_LR_union	GLS2+SLC1A7	GRIA3	Slc1a7_Gls2	Gria3					candidate_public_only_not_graph_edge	no_component_normalized_match_in_mSCIdblit
master_LR_union	GLS2+SLC1A7	GRIA4	Slc1a7_Gls2	Gria4					candidate_public_only_not_graph_edge	no_component_normalized_match_in_mSCIdblit
master_LR_union	GLS2+SLC1A7	GRIK1	Slc1a7_Gls2	Grik1					candidate_public_only_not_graph_edge	no_component_normalized_match_in_mSCIdblit
master_LR_union	GLS2+SLC1A7	GRIK1+GRIK4	Slc1a7_Gls2	Grik1_Grik4					candidate_public_only_not_graph_edge	no_component_normalized_match_in_mSCIdblit
master_LR_union	GLS2+SLC1A7	GRIK1+GRIK5	Slc1a7_Gls2	Grik1_Grik5					candidate_public_only_not_graph_edge	no_component_normalized_match_in_mSCIdblit
master_LR_union	GLS2+SLC1A7	GRIK2	Slc1a7_Gls2	Grik2					candidate_public_only_not_graph_edge	no_component_normalized_match_in_mSCIdblit
master_LR_union	GLS2+SLC1A7	GRIK2+GRIK4	Slc1a7_Gls2	Grik2_Grik4					candidate_public_only_not_graph_edge	no_component_normalized_match_in_mSCIdblit
master_LR_union	GLS2+SLC1A7	GRIK2+GRIK5	Slc1a7_Gls2	Grik2_Grik5					candidate_public_only_not_graph_edge	no_component_normalized_match_in_mSCIdblit
master_LR_union	GLS2+SLC1A7	GRIK3	Slc1a7_Gls2	Grik3					candidate_public_only_not_graph_edge	no_component_normalized_match_in_mSCIdblit
master_LR_union	GLS2+SLC1A7	GRIK3+GRIK4	Slc1a7_Gls2	Grik3_Grik4					candidate_public_only_not_graph_edge	no_component_normalized_match_in_mSCIdblit
master_LR_union	GLS2+SLC1A7	GRIK3+GRIK5	Slc1a7_Gls2	Grik3_Grik5					candidate_public_only_not_graph_edge	no_component_normalized_match_in_mSCIdblit
master_LR_union	GLS2+SLC1A7	GRIN1+GRIN2A	Slc1a7_Gls2	Grin1_Grin2a					candidate_public_only_not_graph_edge	no_component_normalized_match_in_mSCIdblit
master_LR_union	GLS2+SLC1A7	GRIN1+GRIN2B	Slc1a7_Gls2	Grin1_Grin2b					candidate_public_only_not_graph_edge	no_component_normalized_match_in_mSCIdblit
master_LR_union	GLS2+SLC1A7	GRIN1+GRIN2C	Slc1a7_Gls2	Grin1_Grin2c					candidate_public_only_not_graph_edge	no_component_normalized_match_in_mSCIdblit
master_LR_union	GLS2+SLC1A7	GRIN1+GRIN2D	Slc1a7_Gls2	Grin1_Grin2d					candidate_public_only_not_graph_edge	no_component_normalized_match_in_mSCIdblit
master_LR_union	GLS2+SLC1A7	GRM1	Slc1a7_Gls2	Grm1					candidate_public_only_not_graph_edge	no_component_normalized_match_in_mSCIdblit
master_LR_union	GLS2+SLC1A7	GRM2	Slc1a7_Gls2	Grm2					candidate_public_only_not_graph_edge	no_component_normalized_match_in_mSCIdblit
master_LR_union	GLS2+SLC1A7	GRM3	Slc1a7_Gls2	Grm3					candidate_public_only_not_graph_edge	no_component_normalized_match_in_mSCIdblit
master_LR_union	GLS2+SLC1A7	GRM4	Slc1a7_Gls2	Grm4					candidate_public_only_not_graph_edge	no_component_normalized_match_in_mSCIdblit
master_LR_union	GLS2+SLC1A7	GRM5	Slc1a7_Gls2	Grm5					candidate_public_only_not_graph_edge	no_component_normalized_match_in_mSCIdblit
master_LR_union	GLS2+SLC1A7	GRM6	Slc1a7_Gls2	Grm6					candidate_public_only_not_graph_edge	no_component_normalized_match_in_mSCIdblit
master_LR_union	GLS2+SLC1A7	GRM7	Slc1a7_Gls2	Grm7					candidate_public_only_not_graph_edge	no_component_normalized_match_in_mSCIdblit
master_LR_union	GLS2+SLC1A7	GRM8	Slc1a7_Gls2	Grm8					candidate_public_only_not_graph_edge	no_component_normalized_match_in_mSCIdblit
master_LR_union	GLYCAM1	SELL	Glycam1	Sell					candidate_public_only_not_graph_edge	no_component_normalized_match_in_mSCIdblit
master_LR_union	GM10334	F2R	Gm10334	F2r					candidate_public_only_not_graph_edge	no_component_normalized_match_in_mSCIdblit
master_LR_union	GM10334	F2RL1	Gm10334	F2rl1					candidate_public_only_not_graph_edge	no_component_normalized_match_in_mSCIdblit
master_LR_union	GM10334	F2RL2	Gm10334	F2rl2					candidate_public_only_not_graph_edge	no_component_normalized_match_in_mSCIdblit
master_LR_union	GM10334	F2RL3	Gm10334	F2rl3					candidate_public_only_not_graph_edge	no_component_normalized_match_in_mSCIdblit
master_LR_union	GM10499	APLP2	Gm10499	Aplp2					candidate_public_only_not_graph_edge	no_component_normalized_match_in_mSCIdblit
master_LR_union	GM10499	CD8A	Gm10499	Cd8a					candidate_public_only_not_graph_edge	no_component_normalized_match_in_mSCIdblit
master_LR_union	GM10499	CD8B1	Gm10499	Cd8b1					candidate_public_only_not_graph_edge	no_component_normalized_match_in_mSCIdblit
master_LR_union	GM10499	ERBB2	Gm10499	Erbb2					candidate_public_only_not_graph_edge	no_component_normalized_match_in_mSCIdblit
master_LR_union	GM10499	KIR3DL1	Gm10499	Kir3dl1					candidate_public_only_not_graph_edge	no_component_normalized_match_in_mSCIdblit
master_LR_union	GM10499	KIR3DL2	Gm10499	Kir3dl2					candidate_public_only_not_graph_edge	no_component_normalized_match_in_mSCIdblit
master_LR_union	GM10499	KLRD1	Gm10499	Klrd1					candidate_public_only_not_graph_edge	no_component_normalized_match_in_mSCIdblit
master_LR_union	GM10591	ACKR2	Gm10591	Ackr2					candidate_public_only_not_graph_edge	no_component_normalized_match_in_mSCIdblit
master_LR_union	GM10591	ACKR4	Gm10591	Ackr4					candidate_public_only_not_graph_edge	no_component_normalized_match_in_mSCIdblit
master_LR_union	GM10591	CCR7	Gm10591	Ccr7					candidate_public_only_not_graph_edge	no_component_normalized_match_in_mSCIdblit
master_LR_union	GM10591	CXCR3	Gm10591	Cxcr3					candidate_public_only_not_graph_edge	no_component_normalized_match_in_mSCIdblit
master_LR_union	GM11127	CD8A	Gm11127	Cd8a					candidate_public_only_not_graph_edge	no_component_normalized_match_in_mSCIdblit
master_LR_union	GM11127	CD8B1	Gm11127	Cd8b1					candidate_public_only_not_graph_edge	no_component_normalized_match_in_mSCIdblit
master_LR_union	GM11127	CLEC2M	Gm11127	Clec2m					candidate_public_only_not_graph_edge	no_component_normalized_match_in_mSCIdblit
master_LR_union	GM11127	KIR3DL1	Gm11127	Kir3dl1					candidate_public_only_not_graph_edge	no_component_normalized_match_in_mSCIdblit
master_LR_union	GM11127	KIR3DL2	Gm11127	Kir3dl2					candidate_public_only_not_graph_edge	no_component_normalized_match_in_mSCIdblit
master_LR_union	GM11127	KLRC1	Gm11127	Klrc1					candidate_public_only_not_graph_edge	no_component_normalized_match_in_mSCIdblit
master_LR_union	GM11127	KLRC2	Gm11127	Klrc2					candidate_public_only_not_graph_edge	no_component_normalized_match_in_mSCIdblit
master_LR_union	GM11127	KLRC3	Gm11127	Klrc3					candidate_public_only_not_graph_edge	no_component_normalized_match_in_mSCIdblit
master_LR_union	GM11127	KLRD1	Gm11127	Klrd1					candidate_public_only_not_graph_edge	no_component_normalized_match_in_mSCIdblit
master_LR_union	GM11127	KLRE1	Gm11127	Klre1					candidate_public_only_not_graph_edge	no_component_normalized_match_in_mSCIdblit
master_LR_union	GM11127	KLRH1	Gm11127	Klrh1					candidate_public_only_not_graph_edge	no_component_normalized_match_in_mSCIdblit
master_LR_union	GM11127	KLRI1	Gm11127	Klri1					candidate_public_only_not_graph_edge	no_component_normalized_match_in_mSCIdblit
master_LR_union	GM11127	KLRI2	Gm11127	Klri2					candidate_public_only_not_graph_edge	no_component_normalized_match_in_mSCIdblit
master_LR_union	GM11127	KLRK1	Gm11127	Klrk1					candidate_public_only_not_graph_edge	no_component_normalized_match_in_mSCIdblit
master_LR_union	GM1123	JAML	Gm1123	Jaml					candidate_public_only_not_graph_edge	no_component_normalized_match_in_mSCIdblit
master_LR_union	GM12169	CD300LB	Gm12169	Cd300lb					candidate_public_only_not_graph_edge	no_component_normalized_match_in_mSCIdblit
master_LR_union	GM12169	IGSF21	Gm12169	Igsf21					candidate_public_only_not_graph_edge	no_component_normalized_match_in_mSCIdblit
master_LR_union	GM12169	SIGLEC1	Gm12169	Siglec1					candidate_public_only_not_graph_edge	no_component_normalized_match_in_mSCIdblit
master_LR_union	GM12169	TIMD4	Gm12169	Timd4					candidate_public_only_not_graph_edge	no_component_normalized_match_in_mSCIdblit
master_LR_union	GM12407	ACKR2	Gm12407	Ackr2					candidate_public_only_not_graph_edge	no_component_normalized_match_in_mSCIdblit
master_LR_union	GM12407	ACKR4	Gm12407	Ackr4					candidate_public_only_not_graph_edge	no_component_normalized_match_in_mSCIdblit
master_LR_union	GM12407	CCR10	Gm12407	Ccr10					candidate_public_only_not_graph_edge	no_component_normalized_match_in_mSCIdblit
master_LR_union	GM12407	CCR7	Gm12407	Ccr7					candidate_public_only_not_graph_edge	no_component_normalized_match_in_mSCIdblit
master_LR_union	GM12407	CCRL2	Gm12407	Ccrl2					candidate_public_only_not_graph_edge	no_component_normalized_match_in_mSCIdblit
master_LR_union	GM12407	CXCR3	Gm12407	Cxcr3					candidate_public_only_not_graph_edge	no_component_normalized_match_in_mSCIdblit
master_LR_union	GM13304	ACKR2	Gm13304	Ackr2					candidate_public_only_not_graph_edge	no_component_normalized_match_in_mSCIdblit
master_LR_union	GM13304	ACKR4	Gm13304	Ackr4					candidate_public_only_not_graph_edge	no_component_normalized_match_in_mSCIdblit
master_LR_union	GM13304	CCR7	Gm13304	Ccr7					candidate_public_only_not_graph_edge	no_component_normalized_match_in_mSCIdblit
master_LR_union	GM13304	CXCR3	Gm13304	Cxcr3					candidate_public_only_not_graph_edge	no_component_normalized_match_in_mSCIdblit
master_LR_union	GM13305	CD40	Gm13305	Cd40					candidate_public_only_not_graph_edge	no_component_normalized_match_in_mSCIdblit
master_LR_union	GM13306	ACKR2	Gm13306	Ackr2					candidate_public_only_not_graph_edge	no_component_normalized_match_in_mSCIdblit
master_LR_union	GM13306	ADRA2A	Gm13306	Adra2a					candidate_public_only_not_graph_edge	no_component_normalized_match_in_mSCIdblit
master_LR_union	GM13306	CCR10	Gm13306	Ccr10					candidate_public_only_not_graph_edge	no_component_normalized_match_in_mSCIdblit
master_LR_union	GM13306	CCR2	Gm13306	Ccr2					candidate_public_only_not_graph_edge	no_component_normalized_match_in_mSCIdblit
master_LR_union	GM13306	CCR3	Gm13306	Ccr3					candidate_public_only_not_graph_edge	no_component_normalized_match_in_mSCIdblit
master_LR_union	GM13306	GRM7	Gm13306	Grm7					candidate_public_only_not_graph_edge	no_component_normalized_match_in_mSCIdblit
master_LR_union	GM13306	MTNR1A	Gm13306	Mtnr1a					candidate_public_only_not_graph_edge	no_component_normalized_match_in_mSCIdblit
master_LR_union	GM13309	ACKR2	Gm13309	Ackr2					candidate_public_only_not_graph_edge	no_component_normalized_match_in_mSCIdblit
master_LR_union	GM13309	ACKR4	Gm13309	Ackr4					candidate_public_only_not_graph_edge	no_component_normalized_match_in_mSCIdblit
master_LR_union	GM13309	CCR10	Gm13309	Ccr10					candidate_public_only_not_graph_edge	no_component_normalized_match_in_mSCIdblit
master_LR_union	GM13309	CCR7	Gm13309	Ccr7					candidate_public_only_not_graph_edge	no_component_normalized_match_in_mSCIdblit
master_LR_union	GM13309	CCRL2	Gm13309	Ccrl2					candidate_public_only_not_graph_edge	no_component_normalized_match_in_mSCIdblit
master_LR_union	GM13309	CXCR3	Gm13309	Cxcr3					candidate_public_only_not_graph_edge	no_component_normalized_match_in_mSCIdblit
master_LR_union	GM2002	CD40	Gm2002	Cd40					candidate_public_only_not_graph_edge	no_component_normalized_match_in_mSCIdblit
master_LR_union	GM2023	ACKR2	Gm2023	Ackr2					candidate_public_only_not_graph_edge	no_component_normalized_match_in_mSCIdblit
master_LR_union	GM2023	ACKR4	Gm2023	Ackr4					candidate_public_only_not_graph_edge	no_component_normalized_match_in_mSCIdblit
master_LR_union	GM2023	ADRA2A	Gm2023	Adra2a					candidate_public_only_not_graph_edge	no_component_normalized_match_in_mSCIdblit
master_LR_union	GM2023	CCR10	Gm2023	Ccr10					candidate_public_only_not_graph_edge	no_component_normalized_match_in_mSCIdblit
master_LR_union	GM2023	CCR7	Gm2023	Ccr7					candidate_public_only_not_graph_edge	no_component_normalized_match_in_mSCIdblit
master_LR_union	GM2023	CCRL2	Gm2023	Ccrl2					candidate_public_only_not_graph_edge	no_component_normalized_match_in_mSCIdblit
master_LR_union	GM2023	CXCR3	Gm2023	Cxcr3					candidate_public_only_not_graph_edge	no_component_normalized_match_in_mSCIdblit
master_LR_union	GM2023	GRM7	Gm2023	Grm7					candidate_public_only_not_graph_edge	no_component_normalized_match_in_mSCIdblit
master_LR_union	GM2023	MTNR1A	Gm2023	Mtnr1a					candidate_public_only_not_graph_edge	no_component_normalized_match_in_mSCIdblit
master_LR_union	GM20605	CADM3	Gm20605	Cadm3					candidate_public_only_not_graph_edge	no_component_normalized_match_in_mSCIdblit
master_LR_union	GM21104	ACKR2	Gm21104	Ackr2					candidate_public_only_not_graph_edge	no_component_normalized_match_in_mSCIdblit
master_LR_union	GM21104	ACKR4	Gm21104	Ackr4					candidate_public_only_not_graph_edge	no_component_normalized_match_in_mSCIdblit
master_LR_union	GM21104	CCR10	Gm21104	Ccr10					candidate_public_only_not_graph_edge	no_component_normalized_match_in_mSCIdblit
master_LR_union	GM21104	CCR7	Gm21104	Ccr7					candidate_public_only_not_graph_edge	no_component_normalized_match_in_mSCIdblit
master_LR_union	GM21104	CCRL2	Gm21104	Ccrl2					candidate_public_only_not_graph_edge	no_component_normalized_match_in_mSCIdblit
master_LR_union	GM21104	CXCR3	Gm21104	Cxcr3					candidate_public_only_not_graph_edge	no_component_normalized_match_in_mSCIdblit
master_LR_union	GM2457	ACKR2	Gm2457	Ackr2					candidate_public_only_not_graph_edge	no_component_normalized_match_in_mSCIdblit
master_LR_union	GM2457	ACKR4	Gm2457	Ackr4					candidate_public_only_not_graph_edge	no_component_normalized_match_in_mSCIdblit
master_LR_union	GM2457	CCR10	Gm2457	Ccr10					candidate_public_only_not_graph_edge	no_component_normalized_match_in_mSCIdblit
master_LR_union	GM2457	CCR7	Gm2457	Ccr7					candidate_public_only_not_graph_edge	no_component_normalized_match_in_mSCIdblit
master_LR_union	GM2457	CCRL2	Gm2457	Ccrl2					candidate_public_only_not_graph_edge	no_component_normalized_match_in_mSCIdblit
master_LR_union	GM2457	CXCR3	Gm2457	Cxcr3					candidate_public_only_not_graph_edge	no_component_normalized_match_in_mSCIdblit
master_LR_union	GM2506	ACKR2	Gm2506	Ackr2					candidate_public_only_not_graph_edge	no_component_normalized_match_in_mSCIdblit
master_LR_union	GM2506	ADRA2A	Gm2506	Adra2a					candidate_public_only_not_graph_edge	no_component_normalized_match_in_mSCIdblit
master_LR_union	GM2506	CCR10	Gm2506	Ccr10					candidate_public_only_not_graph_edge	no_component_normalized_match_in_mSCIdblit
master_LR_union	GM2506	CCR2	Gm2506	Ccr2					candidate_public_only_not_graph_edge	no_component_normalized_match_in_mSCIdblit
master_LR_union	GM2506	CCR3	Gm2506	Ccr3					candidate_public_only_not_graph_edge	no_component_normalized_match_in_mSCIdblit
master_LR_union	GM2506	GRM7	Gm2506	Grm7					candidate_public_only_not_graph_edge	no_component_normalized_match_in_mSCIdblit
master_LR_union	GM2506	MTNR1A	Gm2506	Mtnr1a					candidate_public_only_not_graph_edge	no_component_normalized_match_in_mSCIdblit
master_LR_union	GM2564	ACKR2	Gm2564	Ackr2					candidate_public_only_not_graph_edge	no_component_normalized_match_in_mSCIdblit
master_LR_union	GM2564	ACKR4	Gm2564	Ackr4					candidate_public_only_not_graph_edge	no_component_normalized_match_in_mSCIdblit
master_LR_union	GM2564	CCR10	Gm2564	Ccr10					candidate_public_only_not_graph_edge	no_component_normalized_match_in_mSCIdblit
master_LR_union	GM2564	CCR7	Gm2564	Ccr7					candidate_public_only_not_graph_edge	no_component_normalized_match_in_mSCIdblit
master_LR_union	GM2564	CCRL2	Gm2564	Ccrl2					candidate_public_only_not_graph_edge	no_component_normalized_match_in_mSCIdblit
master_LR_union	GM2564	CXCR3	Gm2564	Cxcr3					candidate_public_only_not_graph_edge	no_component_normalized_match_in_mSCIdblit
master_LR_union	GM37013	ITGB1	Gm37013	Itgb1					candidate_public_only_not_graph_edge	no_component_normalized_match_in_mSCIdblit
master_LR_union	GM3934	EGFR	Gm3934	Egfr					candidate_public_only_not_graph_edge	no_component_normalized_match_in_mSCIdblit
master_LR_union	GM3934	TRAF2	Gm3934	Traf2					candidate_public_only_not_graph_edge	no_component_normalized_match_in_mSCIdblit
master_LR_union	GM49368	ICAM1	Gm49368	Icam1					candidate_public_only_not_graph_edge	no_component_normalized_match_in_mSCIdblit
master_LR_union	GM5150	CD47	Gm5150	Cd47					candidate_public_only_not_graph_edge	no_component_normalized_match_in_mSCIdblit
master_LR_union	GM5150	PTPRD	Gm5150	Ptprd					candidate_public_only_not_graph_edge	no_component_normalized_match_in_mSCIdblit
master_LR_union	GM5155	LILRA6	Gm5155	Lilra6					candidate_public_only_not_graph_edge	no_component_normalized_match_in_mSCIdblit
master_LR_union	GM5771	F2R	Gm5771	F2r					candidate_public_only_not_graph_edge	no_component_normalized_match_in_mSCIdblit
master_LR_union	GM5771	F2RL1	Gm5771	F2rl1					candidate_public_only_not_graph_edge	no_component_normalized_match_in_mSCIdblit
master_LR_union	GM5771	F2RL2	Gm5771	F2rl2					candidate_public_only_not_graph_edge	no_component_normalized_match_in_mSCIdblit
master_LR_union	GM5771	F2RL3	Gm5771	F2rl3					candidate_public_only_not_graph_edge	no_component_normalized_match_in_mSCIdblit
master_LR_union	GM5849	AGER	Gm5849	Ager					candidate_public_only_not_graph_edge	no_component_normalized_match_in_mSCIdblit
master_LR_union	GM5849	ALCAM	Gm5849	Alcam					candidate_public_only_not_graph_edge	no_component_normalized_match_in_mSCIdblit
master_LR_union	GM5849	CD36	Gm5849	Cd36					candidate_public_only_not_graph_edge	no_component_normalized_match_in_mSCIdblit
master_LR_union	GM5849	CD68	Gm5849	Cd68					candidate_public_only_not_graph_edge	no_component_normalized_match_in_mSCIdblit
master_LR_union	GM5849	ITGB2	Gm5849	Itgb2					candidate_public_only_not_graph_edge	no_component_normalized_match_in_mSCIdblit
master_LR_union	GM5849	ITGB2L	Gm5849	Itgb2l					candidate_public_only_not_graph_edge	no_component_normalized_match_in_mSCIdblit
master_LR_union	GM5849	TLR4	Gm5849	Tlr4					candidate_public_only_not_graph_edge	no_component_normalized_match_in_mSCIdblit
master_LR_union	GM7030	CD8A	Gm7030	Cd8a					candidate_public_only_not_graph_edge	no_component_normalized_match_in_mSCIdblit
master_LR_union	GM7030	CD8B1	Gm7030	Cd8b1					candidate_public_only_not_graph_edge	no_component_normalized_match_in_mSCIdblit
master_LR_union	GM7030	CLEC2M	Gm7030	Clec2m					candidate_public_only_not_graph_edge	no_component_normalized_match_in_mSCIdblit
master_LR_union	GM7030	KIR3DL1	Gm7030	Kir3dl1					candidate_public_only_not_graph_edge	no_component_normalized_match_in_mSCIdblit
master_LR_union	GM7030	KIR3DL2	Gm7030	Kir3dl2					candidate_public_only_not_graph_edge	no_component_normalized_match_in_mSCIdblit
master_LR_union	GM7030	KLRC1	Gm7030	Klrc1					candidate_public_only_not_graph_edge	no_component_normalized_match_in_mSCIdblit
master_LR_union	GM7030	KLRC2	Gm7030	Klrc2					candidate_public_only_not_graph_edge	no_component_normalized_match_in_mSCIdblit
master_LR_union	GM7030	KLRC3	Gm7030	Klrc3					candidate_public_only_not_graph_edge	no_component_normalized_match_in_mSCIdblit
master_LR_union	GM7030	KLRD1	Gm7030	Klrd1					candidate_public_only_not_graph_edge	no_component_normalized_match_in_mSCIdblit
master_LR_union	GM7030	KLRE1	Gm7030	Klre1					candidate_public_only_not_graph_edge	no_component_normalized_match_in_mSCIdblit
master_LR_union	GM7030	KLRH1	Gm7030	Klrh1					candidate_public_only_not_graph_edge	no_component_normalized_match_in_mSCIdblit
master_LR_union	GM7030	KLRI1	Gm7030	Klri1					candidate_public_only_not_graph_edge	no_component_normalized_match_in_mSCIdblit
master_LR_union	GM7030	KLRI2	Gm7030	Klri2					candidate_public_only_not_graph_edge	no_component_normalized_match_in_mSCIdblit
master_LR_union	GM7030	KLRK1	Gm7030	Klrk1					candidate_public_only_not_graph_edge	no_component_normalized_match_in_mSCIdblit
master_LR_union	GM7298	MMP2	Gm7298	Mmp2					candidate_public_only_not_graph_edge	no_component_normalized_match_in_mSCIdblit
master_LR_union	GM7298	MMP9	Gm7298	Mmp9					candidate_public_only_not_graph_edge	no_component_normalized_match_in_mSCIdblit
master_LR_union	GM7298	SCTR	Gm7298	Sctr					candidate_public_only_not_graph_edge	no_component_normalized_match_in_mSCIdblit
master_LR_union	GM8909	APLP2	Gm8909	Aplp2					candidate_public_only_not_graph_edge	no_component_normalized_match_in_mSCIdblit
master_LR_union	GM8909	CD8A	Gm8909	Cd8a					candidate_public_only_not_graph_edge	no_component_normalized_match_in_mSCIdblit
master_LR_union	GM8909	CLEC2M	Gm8909	Clec2m					candidate_public_only_not_graph_edge	no_component_normalized_match_in_mSCIdblit
master_LR_union	GM8909	ERBB2	Gm8909	Erbb2					candidate_public_only_not_graph_edge	no_component_normalized_match_in_mSCIdblit
master_LR_union	GM8909	KIR3DL1	Gm8909	Kir3dl1					candidate_public_only_not_graph_edge	no_component_normalized_match_in_mSCIdblit
master_LR_union	GM8909	KIR3DL2	Gm8909	Kir3dl2					candidate_public_only_not_graph_edge	no_component_normalized_match_in_mSCIdblit
master_LR_union	GM8909	KLRC1	Gm8909	Klrc1					candidate_public_only_not_graph_edge	no_component_normalized_match_in_mSCIdblit
master_LR_union	GM8909	KLRC2	Gm8909	Klrc2					candidate_public_only_not_graph_edge	no_component_normalized_match_in_mSCIdblit
master_LR_union	GM8909	KLRC3	Gm8909	Klrc3					candidate_public_only_not_graph_edge	no_component_normalized_match_in_mSCIdblit
master_LR_union	GM8909	KLRD1	Gm8909	Klrd1					candidate_public_only_not_graph_edge	no_component_normalized_match_in_mSCIdblit
master_LR_union	GM8909	KLRE1	Gm8909	Klre1					candidate_public_only_not_graph_edge	no_component_normalized_match_in_mSCIdblit
master_LR_union	GM8909	KLRH1	Gm8909	Klrh1					candidate_public_only_not_graph_edge	no_component_normalized_match_in_mSCIdblit
master_LR_union	GM8909	KLRI1	Gm8909	Klri1					candidate_public_only_not_graph_edge	no_component_normalized_match_in_mSCIdblit
master_LR_union	GM8909	KLRI2	Gm8909	Klri2					candidate_public_only_not_graph_edge	no_component_normalized_match_in_mSCIdblit
master_LR_union	GM8909	KLRK1	Gm8909	Klrk1					candidate_public_only_not_graph_edge	no_component_normalized_match_in_mSCIdblit
master_LR_union	GM9733	CD47	Gm9733	Cd47					candidate_public_only_not_graph_edge	no_component_normalized_match_in_mSCIdblit
master_LR_union	GM9733	PTPRD	Gm9733	Ptprd					candidate_public_only_not_graph_edge	no_component_normalized_match_in_mSCIdblit
master_LR_union	GNAI2	ADCY1	Gnai2	Adcy1					candidate_public_only_not_graph_edge	no_component_normalized_match_in_mSCIdblit
master_LR_union	GNAI2	ADCY7	Gnai2	Adcy7					candidate_public_only_not_graph_edge	no_component_normalized_match_in_mSCIdblit
master_LR_union	GNAI2	ADCY8	Gnai2	Adcy8					candidate_public_only_not_graph_edge	no_component_normalized_match_in_mSCIdblit
master_LR_union	GNAI2	ADCY9	Gnai2	Adcy9					candidate_public_only_not_graph_edge	no_component_normalized_match_in_mSCIdblit
master_LR_union	GNAI2	ADORA1	Gnai2	Adora1					candidate_public_only_not_graph_edge	no_component_normalized_match_in_mSCIdblit
master_LR_union	GNAI2	ADRA2A	Gnai2	Adra2a					candidate_public_only_not_graph_edge	no_component_normalized_match_in_mSCIdblit
master_LR_union	GNAI2	ADRA2B	Gnai2	Adra2b					candidate_public_only_not_graph_edge	no_component_normalized_match_in_mSCIdblit
master_LR_union	GNAI2	AGTR2	Gnai2	Agtr2					candidate_public_only_not_graph_edge	no_component_normalized_match_in_mSCIdblit
master_LR_union	GNAI2	C5AR1	Gnai2	C5ar1					candidate_public_only_not_graph_edge	no_component_normalized_match_in_mSCIdblit
master_LR_union	GNAI2	CAV1	Gnai2	Cav1					candidate_public_only_not_graph_edge	no_component_normalized_match_in_mSCIdblit
master_LR_union	GNAI2	CCR5	Gnai2	Ccr5					candidate_public_only_not_graph_edge	no_component_normalized_match_in_mSCIdblit
master_LR_union	GNAI2	CHRM1	Gnai2	Chrm1					candidate_public_only_not_graph_edge	no_component_normalized_match_in_mSCIdblit
master_LR_union	GNAI2	CNR1	Gnai2	Cnr1					candidate_public_only_not_graph_edge	no_component_normalized_match_in_mSCIdblit
master_LR_union	GNAI2	CXCR1	Gnai2	Cxcr1					candidate_public_only_not_graph_edge	no_component_normalized_match_in_mSCIdblit
master_LR_union	GNAI2	CXCR2	Gnai2	Cxcr2					candidate_public_only_not_graph_edge	no_component_normalized_match_in_mSCIdblit
master_LR_union	GNAI2	CXCR3	Gnai2	Cxcr3					candidate_public_only_not_graph_edge	no_component_normalized_match_in_mSCIdblit
master_LR_union	GNAI2	DRD2	Gnai2	Drd2					candidate_public_only_not_graph_edge	no_component_normalized_match_in_mSCIdblit
master_LR_union	GNAI2	EDNRA	Gnai2	Ednra					candidate_public_only_not_graph_edge	no_component_normalized_match_in_mSCIdblit
master_LR_union	GNAI2	EDNRB	Gnai2	Ednrb					candidate_public_only_not_graph_edge	no_component_normalized_match_in_mSCIdblit
master_LR_union	GNAI2	EGFR	Gnai2	Egfr					candidate_public_only_not_graph_edge	no_component_normalized_match_in_mSCIdblit
master_LR_union	GNAI2	F2R	Gnai2	F2r					candidate_public_only_not_graph_edge	no_component_normalized_match_in_mSCIdblit
master_LR_union	GNAI2	FPR1	Gnai2	Fpr1					candidate_public_only_not_graph_edge	no_component_normalized_match_in_mSCIdblit
master_LR_union	GNAI2	IGF1R	Gnai2	Igf1r					candidate_public_only_not_graph_edge	no_component_normalized_match_in_mSCIdblit
master_LR_union	GNAI2	LHCGR	Gnai2	Lhcgr					candidate_public_only_not_graph_edge	no_component_normalized_match_in_mSCIdblit
master_LR_union	GNAI2	LPAR3	Gnai2	Lpar3					candidate_public_only_not_graph_edge	no_component_normalized_match_in_mSCIdblit
master_LR_union	GNAI2	MTNR1A	Gnai2	Mtnr1a					candidate_public_only_not_graph_edge	no_component_normalized_match_in_mSCIdblit
master_LR_union	GNAI2	MTNR1B	Gnai2	Mtnr1b					candidate_public_only_not_graph_edge	no_component_normalized_match_in_mSCIdblit
master_LR_union	GNAI2	OPRD1	Gnai2	Oprd1					candidate_public_only_not_graph_edge	no_component_normalized_match_in_mSCIdblit
master_LR_union	GNAI2	OPRM1	Gnai2	Oprm1					candidate_public_only_not_graph_edge	no_component_normalized_match_in_mSCIdblit
master_LR_union	GNAI2	P2RY12	Gnai2	P2ry12					candidate_public_only_not_graph_edge	no_component_normalized_match_in_mSCIdblit
master_LR_union	GNAI2	PTPRU	Gnai2	Ptpru					candidate_public_only_not_graph_edge	no_component_normalized_match_in_mSCIdblit
master_LR_union	GNAI2	S1PR1	Gnai2	S1pr1					candidate_public_only_not_graph_edge	no_component_normalized_match_in_mSCIdblit
master_LR_union	GNAI2	S1PR3	Gnai2	S1pr3					candidate_public_only_not_graph_edge	no_component_normalized_match_in_mSCIdblit
master_LR_union	GNAI2	S1PR4	Gnai2	S1pr4					candidate_public_only_not_graph_edge	no_component_normalized_match_in_mSCIdblit
master_LR_union	GNAI2	S1PR5	Gnai2	S1pr5					candidate_public_only_not_graph_edge	no_component_normalized_match_in_mSCIdblit
master_LR_union	GNAI2	TBXA2R	Gnai2	Tbxa2r					candidate_public_only_not_graph_edge	no_component_normalized_match_in_mSCIdblit
master_LR_union	GNAI2	TSHR	Gnai2	Tshr					candidate_public_only_not_graph_edge	no_component_normalized_match_in_mSCIdblit
master_LR_union	GNAI2	UNC5B	Gnai2	Unc5b					candidate_public_only_not_graph_edge	no_component_normalized_match_in_mSCIdblit
master_LR_union	GNAS	ADCY1	Gnas	Adcy1					candidate_public_only_not_graph_edge	no_component_normalized_match_in_mSCIdblit
master_LR_union	GNAS	ADCY2	Gnas	Adcy2					candidate_public_only_not_graph_edge	no_component_normalized_match_in_mSCIdblit
master_LR_union	GNAS	ADCY5	Gnas	Adcy5					candidate_public_only_not_graph_edge	no_component_normalized_match_in_mSCIdblit
master_LR_union	GNAS	ADCY6	Gnas	Adcy6					candidate_public_only_not_graph_edge	no_component_normalized_match_in_mSCIdblit
master_LR_union	GNAS	ADCY7	Gnas	Adcy7					candidate_public_only_not_graph_edge	no_component_normalized_match_in_mSCIdblit
master_LR_union	GNAS	ADCY8	Gnas	Adcy8					candidate_public_only_not_graph_edge	no_component_normalized_match_in_mSCIdblit
master_LR_union	GNAS	ADCY9	Gnas	Adcy9					candidate_public_only_not_graph_edge	no_component_normalized_match_in_mSCIdblit
master_LR_union	GNAS	ADORA1	Gnas	Adora1					candidate_public_only_not_graph_edge	no_component_normalized_match_in_mSCIdblit
master_LR_union	GNAS	ADRB2	Gnas	Adrb2					candidate_public_only_not_graph_edge	no_component_normalized_match_in_mSCIdblit
master_LR_union	GNAS	ADRB3	Gnas	Adrb3					candidate_public_only_not_graph_edge	no_component_normalized_match_in_mSCIdblit
master_LR_union	GNAS	AVPR2	Gnas	Avpr2					candidate_public_only_not_graph_edge	no_component_normalized_match_in_mSCIdblit
master_LR_union	GNAS	CRHR1	Gnas	Crhr1					candidate_public_only_not_graph_edge	no_component_normalized_match_in_mSCIdblit
master_LR_union	GNAS	GCGR	Gnas	Gcgr					candidate_public_only_not_graph_edge	no_component_normalized_match_in_mSCIdblit
master_LR_union	GNAS	GLP1R	Gnas	Glp1r					candidate_public_only_not_graph_edge	no_component_normalized_match_in_mSCIdblit
master_LR_union	GNAS	HTR6	Gnas	Htr6					candidate_public_only_not_graph_edge	no_component_normalized_match_in_mSCIdblit
master_LR_union	GNAS	LHCGR	Gnas	Lhcgr					candidate_public_only_not_graph_edge	no_component_normalized_match_in_mSCIdblit
master_LR_union	GNAS	PTGDR	Gnas	Ptgdr					candidate_public_only_not_graph_edge	no_component_normalized_match_in_mSCIdblit
master_LR_union	GNAS	PTGIR	Gnas	Ptgir					candidate_public_only_not_graph_edge	no_component_normalized_match_in_mSCIdblit
master_LR_union	GNAS	TSHR	Gnas	Tshr					candidate_public_only_not_graph_edge	no_component_normalized_match_in_mSCIdblit
master_LR_union	GNAS	VIPR1	Gnas	Vipr1					candidate_public_only_not_graph_edge	no_component_normalized_match_in_mSCIdblit
master_LR_union	GNB3	GABBR2	Gnb3	Gabbr2					candidate_public_only_not_graph_edge	no_component_normalized_match_in_mSCIdblit
master_LR_union	GNB3	TGFBR1	Gnb3	Tgfbr1					candidate_public_only_not_graph_edge	no_component_normalized_match_in_mSCIdblit
master_LR_union	GNRH1	CAMK2A	Gnrh1	Camk2a					candidate_public_only_not_graph_edge	no_component_normalized_match_in_mSCIdblit
master_LR_union	GP1BA	GM49368	Gp1ba	Gm49368					candidate_public_only_not_graph_edge	no_component_normalized_match_in_mSCIdblit
master_LR_union	GP1BA	ITGAM	Gp1ba	Itgam					candidate_public_only_not_graph_edge	no_component_normalized_match_in_mSCIdblit
master_LR_union	GP1BA	ITGAM+ITGB2	Gp1ba	Itgam_Itgb2					candidate_public_only_not_graph_edge	no_component_normalized_match_in_mSCIdblit
master_LR_union	GP1BA	ITGB2	Gp1ba	Itgb2					candidate_public_only_not_graph_edge	no_component_normalized_match_in_mSCIdblit
master_LR_union	GP1BA	ITGB2L	Gp1ba	Itgb2l					candidate_public_only_not_graph_edge	no_component_normalized_match_in_mSCIdblit
master_LR_union	GP1BA	SELP	Gp1ba	Selp					candidate_public_only_not_graph_edge	no_component_normalized_match_in_mSCIdblit
master_LR_union	GP49A	LAIR1	Gp49a	Lair1					candidate_public_only_not_graph_edge	no_component_normalized_match_in_mSCIdblit
master_LR_union	GP5	GM49368	Gp5	Gm49368					candidate_public_only_not_graph_edge	no_component_normalized_match_in_mSCIdblit
master_LR_union	GP5	ITGAM	Gp5	Itgam					candidate_public_only_not_graph_edge	no_component_normalized_match_in_mSCIdblit
master_LR_union	GP5	ITGB2	Gp5	Itgb2					candidate_public_only_not_graph_edge	no_component_normalized_match_in_mSCIdblit
master_LR_union	GP5	ITGB2L	Gp5	Itgb2l					candidate_public_only_not_graph_edge	no_component_normalized_match_in_mSCIdblit
master_LR_union	GP5	LAYN	Gp5	Layn					candidate_public_only_not_graph_edge	no_component_normalized_match_in_mSCIdblit
master_LR_union	GP5	SELP	Gp5	Selp					candidate_public_only_not_graph_edge	no_component_normalized_match_in_mSCIdblit
master_LR_union	GPC3	DPP4	Gpc3	Dpp4					candidate_public_only_not_graph_edge	no_component_normalized_match_in_mSCIdblit
master_LR_union	GPC3	FGFR4	Gpc3	Fgfr4					candidate_public_only_not_graph_edge	no_component_normalized_match_in_mSCIdblit
master_LR_union	GPC3	FLT1	Gpc3	Flt1					candidate_public_only_not_graph_edge	no_component_normalized_match_in_mSCIdblit
master_LR_union	GPC3	LRP2	Gpc3	Lrp2					candidate_public_only_not_graph_edge	no_component_normalized_match_in_mSCIdblit
master_LR_union	GPC3	TNFRSF11B	Gpc3	Tnfrsf11b					candidate_public_only_not_graph_edge	no_component_normalized_match_in_mSCIdblit
master_LR_union	GPC3	VSIG10L	Gpc3	Vsig10l					candidate_public_only_not_graph_edge	no_component_normalized_match_in_mSCIdblit
master_LR_union	GPC6	FGFR4	Gpc6	Fgfr4					candidate_public_only_not_graph_edge	no_component_normalized_match_in_mSCIdblit
master_LR_union	GPC6	FGFRL1	Gpc6	Fgfrl1					candidate_public_only_not_graph_edge	no_component_normalized_match_in_mSCIdblit
master_LR_union	GPC6	LRP1	Gpc6	Lrp1					candidate_public_only_not_graph_edge	no_component_normalized_match_in_mSCIdblit
master_LR_union	GPC6	LRP2	Gpc6	Lrp2					candidate_public_only_not_graph_edge	no_component_normalized_match_in_mSCIdblit
master_LR_union	GPC6	PTCH1	Gpc6	Ptch1					candidate_public_only_not_graph_edge	no_component_normalized_match_in_mSCIdblit
master_LR_union	GPC6	TNFRSF11B	Gpc6	Tnfrsf11b					candidate_public_only_not_graph_edge	no_component_normalized_match_in_mSCIdblit
master_LR_union	GPHA2	EPHA6	Gpha2	Epha6					candidate_public_only_not_graph_edge	no_component_normalized_match_in_mSCIdblit
master_LR_union	GPHA2+GPHB5	TSHR	Gphb5_Gpha2	Tshr					candidate_public_only_not_graph_edge	no_component_normalized_match_in_mSCIdblit
master_LR_union	GPI1	NTRK1	Gpi1	Ntrk1					candidate_public_only_not_graph_edge	no_component_normalized_match_in_mSCIdblit
master_LR_union	GRN	CD209A	Grn	Cd209a					candidate_public_only_not_graph_edge	no_component_normalized_match_in_mSCIdblit
master_LR_union	GRN	CD209F	Grn	Cd209f					candidate_public_only_not_graph_edge	no_component_normalized_match_in_mSCIdblit
master_LR_union	GRN	CD209G	Grn	Cd209g					candidate_public_only_not_graph_edge	no_component_normalized_match_in_mSCIdblit
master_LR_union	GRN	EGFR	Grn	Egfr					candidate_public_only_not_graph_edge	no_component_normalized_match_in_mSCIdblit
master_LR_union	GRN	NTRK1	Grn	Ntrk1					candidate_public_only_not_graph_edge	no_component_normalized_match_in_mSCIdblit
master_LR_union	GRN	TNFRSF1A	Grn	Tnfrsf1a					candidate_public_only_not_graph_edge	no_component_normalized_match_in_mSCIdblit
master_LR_union	GRN	TNFRSF1B	Grn	Tnfrsf1b					candidate_public_only_not_graph_edge	no_component_normalized_match_in_mSCIdblit
master_LR_union	GRP	BRS3	Grp	Brs3					candidate_public_only_not_graph_edge	no_component_normalized_match_in_mSCIdblit
master_LR_union	GRP	FAP	Grp	Fap					candidate_public_only_not_graph_edge	no_component_normalized_match_in_mSCIdblit
master_LR_union	GRP	NMBR	Grp	Nmbr					candidate_public_only_not_graph_edge	no_component_normalized_match_in_mSCIdblit
master_LR_union	GSTM7	RYR2	Gstm7	Ryr2					candidate_public_only_not_graph_edge	no_component_normalized_match_in_mSCIdblit
master_LR_union	GSTO1	RYR1	Gsto1	Ryr1					candidate_public_only_not_graph_edge	no_component_normalized_match_in_mSCIdblit
master_LR_union	GSTP1	EGFR	Gstp1	Egfr					candidate_public_only_not_graph_edge	no_component_normalized_match_in_mSCIdblit
master_LR_union	GSTP1	TRAF2	Gstp1	Traf2					candidate_public_only_not_graph_edge	no_component_normalized_match_in_mSCIdblit
master_LR_union	GSTP2	EGFR	Gstp2	Egfr					candidate_public_only_not_graph_edge	no_component_normalized_match_in_mSCIdblit
master_LR_union	GSTP2	TRAF2	Gstp2	Traf2					candidate_public_only_not_graph_edge	no_component_normalized_match_in_mSCIdblit
master_LR_union	GSTPPS	TRAF2	Gstp-ps	Traf2					candidate_public_only_not_graph_edge	no_component_normalized_match_in_mSCIdblit
master_LR_union	GUCA2B	GUCY2E	Guca2b	Gucy2e					candidate_public_only_not_graph_edge	no_component_normalized_match_in_mSCIdblit
master_LR_union	GUCY2E	NECTIN3	Gucy2e	Nectin3					candidate_public_only_not_graph_edge	no_component_normalized_match_in_mSCIdblit
master_LR_union	GUCY2E	NECTIN4	Gucy2e	Nectin4					candidate_public_only_not_graph_edge	no_component_normalized_match_in_mSCIdblit
master_LR_union	GZMA	F2RL1	Gzma	F2rl1					candidate_public_only_not_graph_edge	no_component_normalized_match_in_mSCIdblit
master_LR_union	GZMA	F2RL2	Gzma	F2rl2					candidate_public_only_not_graph_edge	no_component_normalized_match_in_mSCIdblit
master_LR_union	GZMA	F2RL3	Gzma	F2rl3					candidate_public_only_not_graph_edge	no_component_normalized_match_in_mSCIdblit
master_LR_union	GZMA	PARD3	Gzma	Pard3					candidate_public_only_not_graph_edge	no_component_normalized_match_in_mSCIdblit
master_LR_union	GZMB	CHRM3	Gzmb	Chrm3					candidate_public_only_not_graph_edge	no_component_normalized_match_in_mSCIdblit
master_LR_union	GZMB	IGF2R	Gzmb	Igf2r					candidate_public_only_not_graph_edge	no_component_normalized_match_in_mSCIdblit
master_LR_union	GZMB	MCL1	Gzmb	Mcl1					candidate_public_only_not_graph_edge	no_component_normalized_match_in_mSCIdblit
master_LR_union	GZMC	CHRM3	Gzmc	Chrm3					candidate_public_only_not_graph_edge	no_component_normalized_match_in_mSCIdblit
master_LR_union	GZMC	IGF2R	Gzmc	Igf2r					candidate_public_only_not_graph_edge	no_component_normalized_match_in_mSCIdblit
master_LR_union	GZMC	MCL1	Gzmc	Mcl1					candidate_public_only_not_graph_edge	no_component_normalized_match_in_mSCIdblit
master_LR_union	GZMN	CHRM3	Gzmn	Chrm3					candidate_public_only_not_graph_edge	no_component_normalized_match_in_mSCIdblit
master_LR_union	GZMN	IGF2R	Gzmn	Igf2r					candidate_public_only_not_graph_edge	no_component_normalized_match_in_mSCIdblit
master_LR_union	GZMN	MCL1	Gzmn	Mcl1					candidate_public_only_not_graph_edge	no_component_normalized_match_in_mSCIdblit
master_LR_union	H2AA	LAG3	H2-Aa	Lag3					candidate_public_only_not_graph_edge	no_component_normalized_match_in_mSCIdblit
master_LR_union	H2AB1	LAG3	H2-Ab1	Lag3					candidate_public_only_not_graph_edge	no_component_normalized_match_in_mSCIdblit
master_LR_union	H2BL	APLP2	H2-Bl	Aplp2					candidate_public_only_not_graph_edge	no_component_normalized_match_in_mSCIdblit
master_LR_union	H2BL	CD8A	H2-Bl	Cd8a					candidate_public_only_not_graph_edge	no_component_normalized_match_in_mSCIdblit
master_LR_union	H2BL	CD8B1	H2-Bl	Cd8b1					candidate_public_only_not_graph_edge	no_component_normalized_match_in_mSCIdblit
master_LR_union	H2BL	ERBB2	H2-Bl	Erbb2					candidate_public_only_not_graph_edge	no_component_normalized_match_in_mSCIdblit
master_LR_union	H2BL	KIR3DL1	H2-Bl	Kir3dl1					candidate_public_only_not_graph_edge	no_component_normalized_match_in_mSCIdblit
master_LR_union	H2BL	KIR3DL2	H2-Bl	Kir3dl2					candidate_public_only_not_graph_edge	no_component_normalized_match_in_mSCIdblit
master_LR_union	H2BL	KLRD1	H2-Bl	Klrd1					candidate_public_only_not_graph_edge	no_component_normalized_match_in_mSCIdblit
master_LR_union	H2D	KLRA	H2-D	Klra					candidate_public_only_not_graph_edge	no_component_normalized_match_in_mSCIdblit
master_LR_union	H2D1	APLP2	H2-D1	Aplp2					candidate_public_only_not_graph_edge	no_component_normalized_match_in_mSCIdblit
master_LR_union	H2D1	CD8A	H2-D1	Cd8a					candidate_public_only_not_graph_edge	no_component_normalized_match_in_mSCIdblit
master_LR_union	H2D1	CD8B1	H2-D1	Cd8b1					candidate_public_only_not_graph_edge	no_component_normalized_match_in_mSCIdblit
master_LR_union	H2D1	CLEC2M	H2-D1	Clec2m					candidate_public_only_not_graph_edge	no_component_normalized_match_in_mSCIdblit
master_LR_union	H2D1	ERBB2	H2-D1	Erbb2					candidate_public_only_not_graph_edge	no_component_normalized_match_in_mSCIdblit
master_LR_union	H2D1	KIR3DL1	H2-D1	Kir3dl1					candidate_public_only_not_graph_edge	no_component_normalized_match_in_mSCIdblit
master_LR_union	H2D1	KIR3DL2	H2-D1	Kir3dl2					candidate_public_only_not_graph_edge	no_component_normalized_match_in_mSCIdblit
master_LR_union	H2D1	KLRC1	H2-D1	Klrc1					candidate_public_only_not_graph_edge	no_component_normalized_match_in_mSCIdblit
master_LR_union	H2D1	KLRC2	H2-D1	Klrc2					candidate_public_only_not_graph_edge	no_component_normalized_match_in_mSCIdblit
master_LR_union	H2D1	KLRC3	H2-D1	Klrc3					candidate_public_only_not_graph_edge	no_component_normalized_match_in_mSCIdblit
master_LR_union	H2D1	KLRD1	H2-D1	Klrd1					candidate_public_only_not_graph_edge	no_component_normalized_match_in_mSCIdblit
master_LR_union	H2D1	KLRE1	H2-D1	Klre1					candidate_public_only_not_graph_edge	no_component_normalized_match_in_mSCIdblit
master_LR_union	H2D1	KLRH1	H2-D1	Klrh1					candidate_public_only_not_graph_edge	no_component_normalized_match_in_mSCIdblit
master_LR_union	H2D1	KLRI1	H2-D1	Klri1					candidate_public_only_not_graph_edge	no_component_normalized_match_in_mSCIdblit
master_LR_union	H2D1	KLRI2	H2-D1	Klri2					candidate_public_only_not_graph_edge	no_component_normalized_match_in_mSCIdblit
master_LR_union	H2D1	KLRK1	H2-D1	Klrk1					candidate_public_only_not_graph_edge	no_component_normalized_match_in_mSCIdblit
master_LR_union	H2DMA	CD4	H2-DMa	Cd4					candidate_public_only_not_graph_edge	no_component_normalized_match_in_mSCIdblit
master_LR_union	H2DMA	CD74	H2-DMa	Cd74					candidate_public_only_not_graph_edge	no_component_normalized_match_in_mSCIdblit
master_LR_union	H2DMB1	CD4	H2-DMb1	Cd4					candidate_public_only_not_graph_edge	no_component_normalized_match_in_mSCIdblit
master_LR_union	H2DMB1	CD74	H2-DMb1	Cd74					candidate_public_only_not_graph_edge	no_component_normalized_match_in_mSCIdblit
master_LR_union	H2DMB2	CD4	H2-DMb2	Cd4					candidate_public_only_not_graph_edge	no_component_normalized_match_in_mSCIdblit
master_LR_union	H2DMB2	CD74	H2-DMb2	Cd74					candidate_public_only_not_graph_edge	no_component_normalized_match_in_mSCIdblit
master_LR_union	H2EA	CD19	H2-Ea	Cd19					candidate_public_only_not_graph_edge	no_component_normalized_match_in_mSCIdblit
master_LR_union	H2EA	CD37	H2-Ea	Cd37					candidate_public_only_not_graph_edge	no_component_normalized_match_in_mSCIdblit
master_LR_union	H2EA	CD4	H2-Ea	Cd4					candidate_public_only_not_graph_edge	no_component_normalized_match_in_mSCIdblit
master_LR_union	H2EA	CD53	H2-Ea	Cd53					candidate_public_only_not_graph_edge	no_component_normalized_match_in_mSCIdblit
master_LR_union	H2EA	CD63	H2-Ea	Cd63					candidate_public_only_not_graph_edge	no_component_normalized_match_in_mSCIdblit
master_LR_union	H2EA	CD81	H2-Ea	Cd81					candidate_public_only_not_graph_edge	no_component_normalized_match_in_mSCIdblit
master_LR_union	H2EA	CD82	H2-Ea	Cd82					candidate_public_only_not_graph_edge	no_component_normalized_match_in_mSCIdblit
master_LR_union	H2EA	CD9	H2-Ea	Cd9					candidate_public_only_not_graph_edge	no_component_normalized_match_in_mSCIdblit
master_LR_union	H2EA	CR2	H2-Ea	Cr2					candidate_public_only_not_graph_edge	no_component_normalized_match_in_mSCIdblit
master_LR_union	H2EA	LAG3	H2-Ea	Lag3					candidate_public_only_not_graph_edge	no_component_normalized_match_in_mSCIdblit
master_LR_union	H2EAPS	CD4	H2-Ea-ps	Cd4					candidate_public_only_not_graph_edge	no_component_normalized_match_in_mSCIdblit
master_LR_union	H2EAPS	LAG3	H2-Ea-ps	Lag3					candidate_public_only_not_graph_edge	no_component_normalized_match_in_mSCIdblit
master_LR_union	H2EB1	LAG3	H2-Eb1	Lag3					candidate_public_only_not_graph_edge	no_component_normalized_match_in_mSCIdblit
master_LR_union	H2EB2	CD19	H2-Eb2	Cd19					candidate_public_only_not_graph_edge	no_component_normalized_match_in_mSCIdblit
master_LR_union	H2EB2	CD37	H2-Eb2	Cd37					candidate_public_only_not_graph_edge	no_component_normalized_match_in_mSCIdblit
master_LR_union	H2EB2	CD4	H2-Eb2	Cd4					candidate_public_only_not_graph_edge	no_component_normalized_match_in_mSCIdblit
master_LR_union	H2EB2	CD53	H2-Eb2	Cd53					candidate_public_only_not_graph_edge	no_component_normalized_match_in_mSCIdblit
master_LR_union	H2EB2	CD81	H2-Eb2	Cd81					candidate_public_only_not_graph_edge	no_component_normalized_match_in_mSCIdblit
master_LR_union	H2EB2	CD82	H2-Eb2	Cd82					candidate_public_only_not_graph_edge	no_component_normalized_match_in_mSCIdblit
master_LR_union	H2EB2	CR2	H2-Eb2	Cr2					candidate_public_only_not_graph_edge	no_component_normalized_match_in_mSCIdblit
master_LR_union	H2EB2	LAG3	H2-Eb2	Lag3					candidate_public_only_not_graph_edge	no_component_normalized_match_in_mSCIdblit
master_LR_union	H2K1	APLP2	H2-K1	Aplp2					candidate_public_only_not_graph_edge	no_component_normalized_match_in_mSCIdblit
master_LR_union	H2K1	CD3D	H2-K1	Cd3d					candidate_public_only_not_graph_edge	no_component_normalized_match_in_mSCIdblit
master_LR_union	H2K1	CD3G	H2-K1	Cd3g					candidate_public_only_not_graph_edge	no_component_normalized_match_in_mSCIdblit
master_LR_union	H2K1	CLEC2M	H2-K1	Clec2m					candidate_public_only_not_graph_edge	no_component_normalized_match_in_mSCIdblit
master_LR_union	H2K1	ERBB2	H2-K1	Erbb2					candidate_public_only_not_graph_edge	no_component_normalized_match_in_mSCIdblit
master_LR_union	H2K1	KIR3DL1	H2-K1	Kir3dl1					candidate_public_only_not_graph_edge	no_component_normalized_match_in_mSCIdblit
master_LR_union	H2K1	KIR3DL2	H2-K1	Kir3dl2					candidate_public_only_not_graph_edge	no_component_normalized_match_in_mSCIdblit
master_LR_union	H2K1	KLRA	H2-K1	Klra					candidate_public_only_not_graph_edge	no_component_normalized_match_in_mSCIdblit
master_LR_union	H2K1	KLRC1	H2-K1	Klrc1					candidate_public_only_not_graph_edge	no_component_normalized_match_in_mSCIdblit
master_LR_union	H2K1	KLRC2	H2-K1	Klrc2					candidate_public_only_not_graph_edge	no_component_normalized_match_in_mSCIdblit
master_LR_union	H2K1	KLRC3	H2-K1	Klrc3					candidate_public_only_not_graph_edge	no_component_normalized_match_in_mSCIdblit
master_LR_union	H2K1	KLRD1	H2-K1	Klrd1					candidate_public_only_not_graph_edge	no_component_normalized_match_in_mSCIdblit
master_LR_union	H2K1	KLRE1	H2-K1	Klre1					candidate_public_only_not_graph_edge	no_component_normalized_match_in_mSCIdblit
master_LR_union	H2K1	KLRH1	H2-K1	Klrh1					candidate_public_only_not_graph_edge	no_component_normalized_match_in_mSCIdblit
master_LR_union	H2K1	KLRI1	H2-K1	Klri1					candidate_public_only_not_graph_edge	no_component_normalized_match_in_mSCIdblit
master_LR_union	H2K1	KLRI2	H2-K1	Klri2					candidate_public_only_not_graph_edge	no_component_normalized_match_in_mSCIdblit
master_LR_union	H2K1	KLRK1	H2-K1	Klrk1					candidate_public_only_not_graph_edge	no_component_normalized_match_in_mSCIdblit
master_LR_union	H2L	CD8A	H2-L	Cd8a					candidate_public_only_not_graph_edge	no_component_normalized_match_in_mSCIdblit
master_LR_union	H2L	CD8B1	H2-L	Cd8b1					candidate_public_only_not_graph_edge	no_component_normalized_match_in_mSCIdblit
master_LR_union	H2M1	CD8A	H2-M1	Cd8a					candidate_public_only_not_graph_edge	no_component_normalized_match_in_mSCIdblit
master_LR_union	H2M1	CD8B1	H2-M1	Cd8b1					candidate_public_only_not_graph_edge	no_component_normalized_match_in_mSCIdblit
master_LR_union	H2M1	CLEC2M	H2-M1	Clec2m					candidate_public_only_not_graph_edge	no_component_normalized_match_in_mSCIdblit
master_LR_union	H2M1	KLRC1	H2-M1	Klrc1					candidate_public_only_not_graph_edge	no_component_normalized_match_in_mSCIdblit
master_LR_union	H2M1	KLRC2	H2-M1	Klrc2					candidate_public_only_not_graph_edge	no_component_normalized_match_in_mSCIdblit
master_LR_union	H2M1	KLRC3	H2-M1	Klrc3					candidate_public_only_not_graph_edge	no_component_normalized_match_in_mSCIdblit
master_LR_union	H2M1	KLRD1	H2-M1	Klrd1					candidate_public_only_not_graph_edge	no_component_normalized_match_in_mSCIdblit
master_LR_union	H2M1	KLRE1	H2-M1	Klre1					candidate_public_only_not_graph_edge	no_component_normalized_match_in_mSCIdblit
master_LR_union	H2M1	KLRH1	H2-M1	Klrh1					candidate_public_only_not_graph_edge	no_component_normalized_match_in_mSCIdblit
master_LR_union	H2M1	KLRI1	H2-M1	Klri1					candidate_public_only_not_graph_edge	no_component_normalized_match_in_mSCIdblit
master_LR_union	H2M1	KLRI2	H2-M1	Klri2					candidate_public_only_not_graph_edge	no_component_normalized_match_in_mSCIdblit
master_LR_union	H2M1	KLRK1	H2-M1	Klrk1					candidate_public_only_not_graph_edge	no_component_normalized_match_in_mSCIdblit
master_LR_union	H2M101	CD8A	H2-M10.1	Cd8a					candidate_public_only_not_graph_edge	no_component_normalized_match_in_mSCIdblit
master_LR_union	H2M101	CD8B1	H2-M10.1	Cd8b1					candidate_public_only_not_graph_edge	no_component_normalized_match_in_mSCIdblit
master_LR_union	H2M101	CLEC2M	H2-M10.1	Clec2m					candidate_public_only_not_graph_edge	no_component_normalized_match_in_mSCIdblit
master_LR_union	H2M101	KLRC1	H2-M10.1	Klrc1					candidate_public_only_not_graph_edge	no_component_normalized_match_in_mSCIdblit
master_LR_union	H2M101	KLRC2	H2-M10.1	Klrc2					candidate_public_only_not_graph_edge	no_component_normalized_match_in_mSCIdblit
master_LR_union	H2M101	KLRC3	H2-M10.1	Klrc3					candidate_public_only_not_graph_edge	no_component_normalized_match_in_mSCIdblit
master_LR_union	H2M101	KLRD1	H2-M10.1	Klrd1					candidate_public_only_not_graph_edge	no_component_normalized_match_in_mSCIdblit
master_LR_union	H2M101	KLRE1	H2-M10.1	Klre1					candidate_public_only_not_graph_edge	no_component_normalized_match_in_mSCIdblit
master_LR_union	H2M101	KLRH1	H2-M10.1	Klrh1					candidate_public_only_not_graph_edge	no_component_normalized_match_in_mSCIdblit
master_LR_union	H2M101	KLRI1	H2-M10.1	Klri1					candidate_public_only_not_graph_edge	no_component_normalized_match_in_mSCIdblit
master_LR_union	H2M101	KLRI2	H2-M10.1	Klri2					candidate_public_only_not_graph_edge	no_component_normalized_match_in_mSCIdblit
master_LR_union	H2M101	KLRK1	H2-M10.1	Klrk1					candidate_public_only_not_graph_edge	no_component_normalized_match_in_mSCIdblit
master_LR_union	H2M102	CD8A	H2-M10.2	Cd8a					candidate_public_only_not_graph_edge	no_component_normalized_match_in_mSCIdblit
master_LR_union	H2M102	CD8B1	H2-M10.2	Cd8b1					candidate_public_only_not_graph_edge	no_component_normalized_match_in_mSCIdblit
master_LR_union	H2M102	CLEC2M	H2-M10.2	Clec2m					candidate_public_only_not_graph_edge	no_component_normalized_match_in_mSCIdblit
master_LR_union	H2M102	KLRC1	H2-M10.2	Klrc1					candidate_public_only_not_graph_edge	no_component_normalized_match_in_mSCIdblit
master_LR_union	H2M102	KLRC2	H2-M10.2	Klrc2					candidate_public_only_not_graph_edge	no_component_normalized_match_in_mSCIdblit
master_LR_union	H2M102	KLRC3	H2-M10.2	Klrc3					candidate_public_only_not_graph_edge	no_component_normalized_match_in_mSCIdblit
master_LR_union	H2M102	KLRD1	H2-M10.2	Klrd1					candidate_public_only_not_graph_edge	no_component_normalized_match_in_mSCIdblit
master_LR_union	H2M102	KLRE1	H2-M10.2	Klre1					candidate_public_only_not_graph_edge	no_component_normalized_match_in_mSCIdblit
master_LR_union	H2M102	KLRH1	H2-M10.2	Klrh1					candidate_public_only_not_graph_edge	no_component_normalized_match_in_mSCIdblit
master_LR_union	H2M102	KLRI1	H2-M10.2	Klri1					candidate_public_only_not_graph_edge	no_component_normalized_match_in_mSCIdblit
master_LR_union	H2M102	KLRI2	H2-M10.2	Klri2					candidate_public_only_not_graph_edge	no_component_normalized_match_in_mSCIdblit
master_LR_union	H2M102	KLRK1	H2-M10.2	Klrk1					candidate_public_only_not_graph_edge	no_component_normalized_match_in_mSCIdblit
master_LR_union	H2M103	CD8A	H2-M10.3	Cd8a					candidate_public_only_not_graph_edge	no_component_normalized_match_in_mSCIdblit
master_LR_union	H2M103	CD8B1	H2-M10.3	Cd8b1					candidate_public_only_not_graph_edge	no_component_normalized_match_in_mSCIdblit
master_LR_union	H2M103	CLEC2M	H2-M10.3	Clec2m					candidate_public_only_not_graph_edge	no_component_normalized_match_in_mSCIdblit
master_LR_union	H2M103	KLRC1	H2-M10.3	Klrc1					candidate_public_only_not_graph_edge	no_component_normalized_match_in_mSCIdblit
master_LR_union	H2M103	KLRC2	H2-M10.3	Klrc2					candidate_public_only_not_graph_edge	no_component_normalized_match_in_mSCIdblit
master_LR_union	H2M103	KLRC3	H2-M10.3	Klrc3					candidate_public_only_not_graph_edge	no_component_normalized_match_in_mSCIdblit
master_LR_union	H2M103	KLRD1	H2-M10.3	Klrd1					candidate_public_only_not_graph_edge	no_component_normalized_match_in_mSCIdblit
master_LR_union	H2M103	KLRE1	H2-M10.3	Klre1					candidate_public_only_not_graph_edge	no_component_normalized_match_in_mSCIdblit
master_LR_union	H2M103	KLRH1	H2-M10.3	Klrh1					candidate_public_only_not_graph_edge	no_component_normalized_match_in_mSCIdblit
master_LR_union	H2M103	KLRI1	H2-M10.3	Klri1					candidate_public_only_not_graph_edge	no_component_normalized_match_in_mSCIdblit
master_LR_union	H2M103	KLRI2	H2-M10.3	Klri2					candidate_public_only_not_graph_edge	no_component_normalized_match_in_mSCIdblit
master_LR_union	H2M103	KLRK1	H2-M10.3	Klrk1					candidate_public_only_not_graph_edge	no_component_normalized_match_in_mSCIdblit
master_LR_union	H2M104	CD8A	H2-M10.4	Cd8a					candidate_public_only_not_graph_edge	no_component_normalized_match_in_mSCIdblit
master_LR_union	H2M104	CD8B1	H2-M10.4	Cd8b1					candidate_public_only_not_graph_edge	no_component_normalized_match_in_mSCIdblit
master_LR_union	H2M104	CLEC2M	H2-M10.4	Clec2m					candidate_public_only_not_graph_edge	no_component_normalized_match_in_mSCIdblit
master_LR_union	H2M104	KLRC1	H2-M10.4	Klrc1					candidate_public_only_not_graph_edge	no_component_normalized_match_in_mSCIdblit
master_LR_union	H2M104	KLRC2	H2-M10.4	Klrc2					candidate_public_only_not_graph_edge	no_component_normalized_match_in_mSCIdblit
master_LR_union	H2M104	KLRC3	H2-M10.4	Klrc3					candidate_public_only_not_graph_edge	no_component_normalized_match_in_mSCIdblit
master_LR_union	H2M104	KLRD1	H2-M10.4	Klrd1					candidate_public_only_not_graph_edge	no_component_normalized_match_in_mSCIdblit
master_LR_union	H2M104	KLRE1	H2-M10.4	Klre1					candidate_public_only_not_graph_edge	no_component_normalized_match_in_mSCIdblit
master_LR_union	H2M104	KLRH1	H2-M10.4	Klrh1					candidate_public_only_not_graph_edge	no_component_normalized_match_in_mSCIdblit
master_LR_union	H2M104	KLRI1	H2-M10.4	Klri1					candidate_public_only_not_graph_edge	no_component_normalized_match_in_mSCIdblit
master_LR_union	H2M104	KLRI2	H2-M10.4	Klri2					candidate_public_only_not_graph_edge	no_component_normalized_match_in_mSCIdblit
master_LR_union	H2M104	KLRK1	H2-M10.4	Klrk1					candidate_public_only_not_graph_edge	no_component_normalized_match_in_mSCIdblit
master_LR_union	H2M105	CD8A	H2-M10.5	Cd8a					candidate_public_only_not_graph_edge	no_component_normalized_match_in_mSCIdblit
master_LR_union	H2M105	CD8B1	H2-M10.5	Cd8b1					candidate_public_only_not_graph_edge	no_component_normalized_match_in_mSCIdblit
master_LR_union	H2M105	CLEC2M	H2-M10.5	Clec2m					candidate_public_only_not_graph_edge	no_component_normalized_match_in_mSCIdblit
master_LR_union	H2M105	KLRC1	H2-M10.5	Klrc1					candidate_public_only_not_graph_edge	no_component_normalized_match_in_mSCIdblit
master_LR_union	H2M105	KLRC2	H2-M10.5	Klrc2					candidate_public_only_not_graph_edge	no_component_normalized_match_in_mSCIdblit
master_LR_union	H2M105	KLRC3	H2-M10.5	Klrc3					candidate_public_only_not_graph_edge	no_component_normalized_match_in_mSCIdblit
master_LR_union	H2M105	KLRD1	H2-M10.5	Klrd1					candidate_public_only_not_graph_edge	no_component_normalized_match_in_mSCIdblit
master_LR_union	H2M105	KLRE1	H2-M10.5	Klre1					candidate_public_only_not_graph_edge	no_component_normalized_match_in_mSCIdblit
master_LR_union	H2M105	KLRH1	H2-M10.5	Klrh1					candidate_public_only_not_graph_edge	no_component_normalized_match_in_mSCIdblit
master_LR_union	H2M105	KLRI1	H2-M10.5	Klri1					candidate_public_only_not_graph_edge	no_component_normalized_match_in_mSCIdblit
master_LR_union	H2M105	KLRI2	H2-M10.5	Klri2					candidate_public_only_not_graph_edge	no_component_normalized_match_in_mSCIdblit
master_LR_union	H2M105	KLRK1	H2-M10.5	Klrk1					candidate_public_only_not_graph_edge	no_component_normalized_match_in_mSCIdblit
master_LR_union	H2M106	CD8A	H2-M10.6	Cd8a					candidate_public_only_not_graph_edge	no_component_normalized_match_in_mSCIdblit
master_LR_union	H2M106	CD8B1	H2-M10.6	Cd8b1					candidate_public_only_not_graph_edge	no_component_normalized_match_in_mSCIdblit
master_LR_union	H2M106	CLEC2M	H2-M10.6	Clec2m					candidate_public_only_not_graph_edge	no_component_normalized_match_in_mSCIdblit
master_LR_union	H2M106	KLRC1	H2-M10.6	Klrc1					candidate_public_only_not_graph_edge	no_component_normalized_match_in_mSCIdblit
master_LR_union	H2M106	KLRC2	H2-M10.6	Klrc2					candidate_public_only_not_graph_edge	no_component_normalized_match_in_mSCIdblit
master_LR_union	H2M106	KLRC3	H2-M10.6	Klrc3					candidate_public_only_not_graph_edge	no_component_normalized_match_in_mSCIdblit
master_LR_union	H2M106	KLRD1	H2-M10.6	Klrd1					candidate_public_only_not_graph_edge	no_component_normalized_match_in_mSCIdblit
master_LR_union	H2M106	KLRE1	H2-M10.6	Klre1					candidate_public_only_not_graph_edge	no_component_normalized_match_in_mSCIdblit
master_LR_union	H2M106	KLRH1	H2-M10.6	Klrh1					candidate_public_only_not_graph_edge	no_component_normalized_match_in_mSCIdblit
master_LR_union	H2M106	KLRI1	H2-M10.6	Klri1					candidate_public_only_not_graph_edge	no_component_normalized_match_in_mSCIdblit
master_LR_union	H2M106	KLRI2	H2-M10.6	Klri2					candidate_public_only_not_graph_edge	no_component_normalized_match_in_mSCIdblit
master_LR_union	H2M106	KLRK1	H2-M10.6	Klrk1					candidate_public_only_not_graph_edge	no_component_normalized_match_in_mSCIdblit
master_LR_union	H2M11	CD8A	H2-M11	Cd8a					candidate_public_only_not_graph_edge	no_component_normalized_match_in_mSCIdblit
master_LR_union	H2M11	CD8B1	H2-M11	Cd8b1					candidate_public_only_not_graph_edge	no_component_normalized_match_in_mSCIdblit
master_LR_union	H2M11	CLEC2M	H2-M11	Clec2m					candidate_public_only_not_graph_edge	no_component_normalized_match_in_mSCIdblit
master_LR_union	H2M11	KLRC1	H2-M11	Klrc1					candidate_public_only_not_graph_edge	no_component_normalized_match_in_mSCIdblit
master_LR_union	H2M11	KLRC2	H2-M11	Klrc2					candidate_public_only_not_graph_edge	no_component_normalized_match_in_mSCIdblit
master_LR_union	H2M11	KLRC3	H2-M11	Klrc3					candidate_public_only_not_graph_edge	no_component_normalized_match_in_mSCIdblit
master_LR_union	H2M11	KLRD1	H2-M11	Klrd1					candidate_public_only_not_graph_edge	no_component_normalized_match_in_mSCIdblit
master_LR_union	H2M11	KLRE1	H2-M11	Klre1					candidate_public_only_not_graph_edge	no_component_normalized_match_in_mSCIdblit
master_LR_union	H2M11	KLRH1	H2-M11	Klrh1					candidate_public_only_not_graph_edge	no_component_normalized_match_in_mSCIdblit
master_LR_union	H2M11	KLRI1	H2-M11	Klri1					candidate_public_only_not_graph_edge	no_component_normalized_match_in_mSCIdblit
master_LR_union	H2M11	KLRI2	H2-M11	Klri2					candidate_public_only_not_graph_edge	no_component_normalized_match_in_mSCIdblit
master_LR_union	H2M11	KLRK1	H2-M11	Klrk1					candidate_public_only_not_graph_edge	no_component_normalized_match_in_mSCIdblit
master_LR_union	H2M2	CD8A	H2-M2	Cd8a					candidate_public_only_not_graph_edge	no_component_normalized_match_in_mSCIdblit
master_LR_union	H2M2	CD8B1	H2-M2	Cd8b1					candidate_public_only_not_graph_edge	no_component_normalized_match_in_mSCIdblit
master_LR_union	H2M2	CLEC2M	H2-M2	Clec2m					candidate_public_only_not_graph_edge	no_component_normalized_match_in_mSCIdblit
master_LR_union	H2M2	KLRC1	H2-M2	Klrc1					candidate_public_only_not_graph_edge	no_component_normalized_match_in_mSCIdblit
master_LR_union	H2M2	KLRC2	H2-M2	Klrc2					candidate_public_only_not_graph_edge	no_component_normalized_match_in_mSCIdblit
master_LR_union	H2M2	KLRC3	H2-M2	Klrc3					candidate_public_only_not_graph_edge	no_component_normalized_match_in_mSCIdblit
master_LR_union	H2M2	KLRD1	H2-M2	Klrd1					candidate_public_only_not_graph_edge	no_component_normalized_match_in_mSCIdblit
master_LR_union	H2M2	KLRE1	H2-M2	Klre1					candidate_public_only_not_graph_edge	no_component_normalized_match_in_mSCIdblit
master_LR_union	H2M2	KLRH1	H2-M2	Klrh1					candidate_public_only_not_graph_edge	no_component_normalized_match_in_mSCIdblit
master_LR_union	H2M2	KLRI1	H2-M2	Klri1					candidate_public_only_not_graph_edge	no_component_normalized_match_in_mSCIdblit
master_LR_union	H2M2	KLRI2	H2-M2	Klri2					candidate_public_only_not_graph_edge	no_component_normalized_match_in_mSCIdblit
master_LR_union	H2M2	KLRK1	H2-M2	Klrk1					candidate_public_only_not_graph_edge	no_component_normalized_match_in_mSCIdblit
master_LR_union	H2M3	CD4	H2-M3	Cd4					candidate_public_only_not_graph_edge	no_component_normalized_match_in_mSCIdblit
master_LR_union	H2M3	CLEC2M	H2-M3	Clec2m					candidate_public_only_not_graph_edge	no_component_normalized_match_in_mSCIdblit
master_LR_union	H2M3	KIR3DL1	H2-M3	Kir3dl1					candidate_public_only_not_graph_edge	no_component_normalized_match_in_mSCIdblit
master_LR_union	H2M3	KIR3DL2	H2-M3	Kir3dl2					candidate_public_only_not_graph_edge	no_component_normalized_match_in_mSCIdblit
master_LR_union	H2M3	KLRC1	H2-M3	Klrc1					candidate_public_only_not_graph_edge	no_component_normalized_match_in_mSCIdblit
master_LR_union	H2M3	KLRC2	H2-M3	Klrc2					candidate_public_only_not_graph_edge	no_component_normalized_match_in_mSCIdblit
master_LR_union	H2M3	KLRC3	H2-M3	Klrc3					candidate_public_only_not_graph_edge	no_component_normalized_match_in_mSCIdblit
master_LR_union	H2M3	KLRD1	H2-M3	Klrd1					candidate_public_only_not_graph_edge	no_component_normalized_match_in_mSCIdblit
master_LR_union	H2M3	KLRE1	H2-M3	Klre1					candidate_public_only_not_graph_edge	no_component_normalized_match_in_mSCIdblit
master_LR_union	H2M3	KLRH1	H2-M3	Klrh1					candidate_public_only_not_graph_edge	no_component_normalized_match_in_mSCIdblit
master_LR_union	H2M3	KLRI1	H2-M3	Klri1					candidate_public_only_not_graph_edge	no_component_normalized_match_in_mSCIdblit
master_LR_union	H2M3	KLRI2	H2-M3	Klri2					candidate_public_only_not_graph_edge	no_component_normalized_match_in_mSCIdblit
master_LR_union	H2M3	KLRK1	H2-M3	Klrk1					candidate_public_only_not_graph_edge	no_component_normalized_match_in_mSCIdblit
master_LR_union	H2M5	CD8A	H2-M5	Cd8a					candidate_public_only_not_graph_edge	no_component_normalized_match_in_mSCIdblit
master_LR_union	H2M5	CD8B1	H2-M5	Cd8b1					candidate_public_only_not_graph_edge	no_component_normalized_match_in_mSCIdblit
master_LR_union	H2M5	CLEC2M	H2-M5	Clec2m					candidate_public_only_not_graph_edge	no_component_normalized_match_in_mSCIdblit
master_LR_union	H2M5	KLRC1	H2-M5	Klrc1					candidate_public_only_not_graph_edge	no_component_normalized_match_in_mSCIdblit
master_LR_union	H2M5	KLRC2	H2-M5	Klrc2					candidate_public_only_not_graph_edge	no_component_normalized_match_in_mSCIdblit
master_LR_union	H2M5	KLRC3	H2-M5	Klrc3					candidate_public_only_not_graph_edge	no_component_normalized_match_in_mSCIdblit
master_LR_union	H2M5	KLRD1	H2-M5	Klrd1					candidate_public_only_not_graph_edge	no_component_normalized_match_in_mSCIdblit
master_LR_union	H2M5	KLRE1	H2-M5	Klre1					candidate_public_only_not_graph_edge	no_component_normalized_match_in_mSCIdblit
master_LR_union	H2M5	KLRH1	H2-M5	Klrh1					candidate_public_only_not_graph_edge	no_component_normalized_match_in_mSCIdblit
master_LR_union	H2M5	KLRI1	H2-M5	Klri1					candidate_public_only_not_graph_edge	no_component_normalized_match_in_mSCIdblit
master_LR_union	H2M5	KLRI2	H2-M5	Klri2					candidate_public_only_not_graph_edge	no_component_normalized_match_in_mSCIdblit
master_LR_union	H2M5	KLRK1	H2-M5	Klrk1					candidate_public_only_not_graph_edge	no_component_normalized_match_in_mSCIdblit
master_LR_union	H2M9	CD8A	H2-M9	Cd8a					candidate_public_only_not_graph_edge	no_component_normalized_match_in_mSCIdblit
master_LR_union	H2M9	CD8B1	H2-M9	Cd8b1					candidate_public_only_not_graph_edge	no_component_normalized_match_in_mSCIdblit
master_LR_union	H2M9	CLEC2M	H2-M9	Clec2m					candidate_public_only_not_graph_edge	no_component_normalized_match_in_mSCIdblit
master_LR_union	H2M9	KLRC1	H2-M9	Klrc1					candidate_public_only_not_graph_edge	no_component_normalized_match_in_mSCIdblit
master_LR_union	H2M9	KLRC2	H2-M9	Klrc2					candidate_public_only_not_graph_edge	no_component_normalized_match_in_mSCIdblit
master_LR_union	H2M9	KLRC3	H2-M9	Klrc3					candidate_public_only_not_graph_edge	no_component_normalized_match_in_mSCIdblit
master_LR_union	H2M9	KLRD1	H2-M9	Klrd1					candidate_public_only_not_graph_edge	no_component_normalized_match_in_mSCIdblit
master_LR_union	H2M9	KLRE1	H2-M9	Klre1					candidate_public_only_not_graph_edge	no_component_normalized_match_in_mSCIdblit
master_LR_union	H2M9	KLRH1	H2-M9	Klrh1					candidate_public_only_not_graph_edge	no_component_normalized_match_in_mSCIdblit
master_LR_union	H2M9	KLRI1	H2-M9	Klri1					candidate_public_only_not_graph_edge	no_component_normalized_match_in_mSCIdblit
master_LR_union	H2M9	KLRI2	H2-M9	Klri2					candidate_public_only_not_graph_edge	no_component_normalized_match_in_mSCIdblit
master_LR_union	H2M9	KLRK1	H2-M9	Klrk1					candidate_public_only_not_graph_edge	no_component_normalized_match_in_mSCIdblit
master_LR_union	H2OA	CD4	H2-Oa	Cd4					candidate_public_only_not_graph_edge	no_component_normalized_match_in_mSCIdblit
master_LR_union	H2OB	CD4	H2-Ob	Cd4					candidate_public_only_not_graph_edge	no_component_normalized_match_in_mSCIdblit
master_LR_union	H2Q1	APLP2	H2-Q1	Aplp2					candidate_public_only_not_graph_edge	no_component_normalized_match_in_mSCIdblit
master_LR_union	H2Q1	CD8A	H2-Q1	Cd8a					candidate_public_only_not_graph_edge	no_component_normalized_match_in_mSCIdblit
master_LR_union	H2Q1	CD8B1	H2-Q1	Cd8b1					candidate_public_only_not_graph_edge	no_component_normalized_match_in_mSCIdblit
master_LR_union	H2Q1	CLEC2M	H2-Q1	Clec2m					candidate_public_only_not_graph_edge	no_component_normalized_match_in_mSCIdblit
master_LR_union	H2Q1	ERBB2	H2-Q1	Erbb2					candidate_public_only_not_graph_edge	no_component_normalized_match_in_mSCIdblit
master_LR_union	H2Q1	KIR3DL1	H2-Q1	Kir3dl1					candidate_public_only_not_graph_edge	no_component_normalized_match_in_mSCIdblit
master_LR_union	H2Q1	KIR3DL2	H2-Q1	Kir3dl2					candidate_public_only_not_graph_edge	no_component_normalized_match_in_mSCIdblit
master_LR_union	H2Q1	KLRC1	H2-Q1	Klrc1					candidate_public_only_not_graph_edge	no_component_normalized_match_in_mSCIdblit
master_LR_union	H2Q1	KLRC2	H2-Q1	Klrc2					candidate_public_only_not_graph_edge	no_component_normalized_match_in_mSCIdblit
master_LR_union	H2Q1	KLRC3	H2-Q1	Klrc3					candidate_public_only_not_graph_edge	no_component_normalized_match_in_mSCIdblit
master_LR_union	H2Q1	KLRD1	H2-Q1	Klrd1					candidate_public_only_not_graph_edge	no_component_normalized_match_in_mSCIdblit
master_LR_union	H2Q1	KLRE1	H2-Q1	Klre1					candidate_public_only_not_graph_edge	no_component_normalized_match_in_mSCIdblit
master_LR_union	H2Q1	KLRH1	H2-Q1	Klrh1					candidate_public_only_not_graph_edge	no_component_normalized_match_in_mSCIdblit
master_LR_union	H2Q1	KLRI1	H2-Q1	Klri1					candidate_public_only_not_graph_edge	no_component_normalized_match_in_mSCIdblit
master_LR_union	H2Q1	KLRI2	H2-Q1	Klri2					candidate_public_only_not_graph_edge	no_component_normalized_match_in_mSCIdblit
master_LR_union	H2Q1	KLRK1	H2-Q1	Klrk1					candidate_public_only_not_graph_edge	no_component_normalized_match_in_mSCIdblit
master_LR_union	H2Q10	APLP2	H2-Q10	Aplp2					candidate_public_only_not_graph_edge	no_component_normalized_match_in_mSCIdblit
master_LR_union	H2Q10	CD8A	H2-Q10	Cd8a					candidate_public_only_not_graph_edge	no_component_normalized_match_in_mSCIdblit
master_LR_union	H2Q10	CD8B1	H2-Q10	Cd8b1					candidate_public_only_not_graph_edge	no_component_normalized_match_in_mSCIdblit
master_LR_union	H2Q10	CLEC2M	H2-Q10	Clec2m					candidate_public_only_not_graph_edge	no_component_normalized_match_in_mSCIdblit
master_LR_union	H2Q10	ERBB2	H2-Q10	Erbb2					candidate_public_only_not_graph_edge	no_component_normalized_match_in_mSCIdblit
master_LR_union	H2Q10	KIR3DL1	H2-Q10	Kir3dl1					candidate_public_only_not_graph_edge	no_component_normalized_match_in_mSCIdblit
master_LR_union	H2Q10	KIR3DL2	H2-Q10	Kir3dl2					candidate_public_only_not_graph_edge	no_component_normalized_match_in_mSCIdblit
master_LR_union	H2Q10	KLRC1	H2-Q10	Klrc1					candidate_public_only_not_graph_edge	no_component_normalized_match_in_mSCIdblit
master_LR_union	H2Q10	KLRC2	H2-Q10	Klrc2					candidate_public_only_not_graph_edge	no_component_normalized_match_in_mSCIdblit
master_LR_union	H2Q10	KLRC3	H2-Q10	Klrc3					candidate_public_only_not_graph_edge	no_component_normalized_match_in_mSCIdblit
master_LR_union	H2Q10	KLRD1	H2-Q10	Klrd1					candidate_public_only_not_graph_edge	no_component_normalized_match_in_mSCIdblit
master_LR_union	H2Q10	KLRE1	H2-Q10	Klre1					candidate_public_only_not_graph_edge	no_component_normalized_match_in_mSCIdblit
master_LR_union	H2Q10	KLRH1	H2-Q10	Klrh1					candidate_public_only_not_graph_edge	no_component_normalized_match_in_mSCIdblit
master_LR_union	H2Q10	KLRI1	H2-Q10	Klri1					candidate_public_only_not_graph_edge	no_component_normalized_match_in_mSCIdblit
master_LR_union	H2Q10	KLRI2	H2-Q10	Klri2					candidate_public_only_not_graph_edge	no_component_normalized_match_in_mSCIdblit
master_LR_union	H2Q10	KLRK1	H2-Q10	Klrk1					candidate_public_only_not_graph_edge	no_component_normalized_match_in_mSCIdblit
master_LR_union	H2Q2	APLP2	H2-Q2	Aplp2					candidate_public_only_not_graph_edge	no_component_normalized_match_in_mSCIdblit
master_LR_union	H2Q2	CD8A	H2-Q2	Cd8a					candidate_public_only_not_graph_edge	no_component_normalized_match_in_mSCIdblit
master_LR_union	H2Q2	CD8B1	H2-Q2	Cd8b1					candidate_public_only_not_graph_edge	no_component_normalized_match_in_mSCIdblit
master_LR_union	H2Q2	CLEC2M	H2-Q2	Clec2m					candidate_public_only_not_graph_edge	no_component_normalized_match_in_mSCIdblit
master_LR_union	H2Q2	ERBB2	H2-Q2	Erbb2					candidate_public_only_not_graph_edge	no_component_normalized_match_in_mSCIdblit
master_LR_union	H2Q2	KIR3DL1	H2-Q2	Kir3dl1					candidate_public_only_not_graph_edge	no_component_normalized_match_in_mSCIdblit
master_LR_union	H2Q2	KIR3DL2	H2-Q2	Kir3dl2					candidate_public_only_not_graph_edge	no_component_normalized_match_in_mSCIdblit
master_LR_union	H2Q2	KLRC1	H2-Q2	Klrc1					candidate_public_only_not_graph_edge	no_component_normalized_match_in_mSCIdblit
master_LR_union	H2Q2	KLRC2	H2-Q2	Klrc2					candidate_public_only_not_graph_edge	no_component_normalized_match_in_mSCIdblit
master_LR_union	H2Q2	KLRC3	H2-Q2	Klrc3					candidate_public_only_not_graph_edge	no_component_normalized_match_in_mSCIdblit
master_LR_union	H2Q2	KLRD1	H2-Q2	Klrd1					candidate_public_only_not_graph_edge	no_component_normalized_match_in_mSCIdblit
master_LR_union	H2Q2	KLRE1	H2-Q2	Klre1					candidate_public_only_not_graph_edge	no_component_normalized_match_in_mSCIdblit
master_LR_union	H2Q2	KLRH1	H2-Q2	Klrh1					candidate_public_only_not_graph_edge	no_component_normalized_match_in_mSCIdblit
master_LR_union	H2Q2	KLRI1	H2-Q2	Klri1					candidate_public_only_not_graph_edge	no_component_normalized_match_in_mSCIdblit
master_LR_union	H2Q2	KLRI2	H2-Q2	Klri2					candidate_public_only_not_graph_edge	no_component_normalized_match_in_mSCIdblit
master_LR_union	H2Q2	KLRK1	H2-Q2	Klrk1					candidate_public_only_not_graph_edge	no_component_normalized_match_in_mSCIdblit
master_LR_union	H2Q4	APLP2	H2-Q4	Aplp2					candidate_public_only_not_graph_edge	no_component_normalized_match_in_mSCIdblit
master_LR_union	H2Q4	CD8A	H2-Q4	Cd8a					candidate_public_only_not_graph_edge	no_component_normalized_match_in_mSCIdblit
master_LR_union	H2Q4	CD8B1	H2-Q4	Cd8b1					candidate_public_only_not_graph_edge	no_component_normalized_match_in_mSCIdblit
master_LR_union	H2Q4	CLEC2M	H2-Q4	Clec2m					candidate_public_only_not_graph_edge	no_component_normalized_match_in_mSCIdblit
master_LR_union	H2Q4	ERBB2	H2-Q4	Erbb2					candidate_public_only_not_graph_edge	no_component_normalized_match_in_mSCIdblit
master_LR_union	H2Q4	KIR3DL1	H2-Q4	Kir3dl1					candidate_public_only_not_graph_edge	no_component_normalized_match_in_mSCIdblit
master_LR_union	H2Q4	KIR3DL2	H2-Q4	Kir3dl2					candidate_public_only_not_graph_edge	no_component_normalized_match_in_mSCIdblit
master_LR_union	H2Q4	KLRC1	H2-Q4	Klrc1					candidate_public_only_not_graph_edge	no_component_normalized_match_in_mSCIdblit
master_LR_union	H2Q4	KLRC2	H2-Q4	Klrc2					candidate_public_only_not_graph_edge	no_component_normalized_match_in_mSCIdblit
master_LR_union	H2Q4	KLRC3	H2-Q4	Klrc3					candidate_public_only_not_graph_edge	no_component_normalized_match_in_mSCIdblit
master_LR_union	H2Q4	KLRD1	H2-Q4	Klrd1					candidate_public_only_not_graph_edge	no_component_normalized_match_in_mSCIdblit
master_LR_union	H2Q4	KLRE1	H2-Q4	Klre1					candidate_public_only_not_graph_edge	no_component_normalized_match_in_mSCIdblit
master_LR_union	H2Q4	KLRH1	H2-Q4	Klrh1					candidate_public_only_not_graph_edge	no_component_normalized_match_in_mSCIdblit
master_LR_union	H2Q4	KLRI1	H2-Q4	Klri1					candidate_public_only_not_graph_edge	no_component_normalized_match_in_mSCIdblit
master_LR_union	H2Q4	KLRI2	H2-Q4	Klri2					candidate_public_only_not_graph_edge	no_component_normalized_match_in_mSCIdblit
master_LR_union	H2Q4	KLRK1	H2-Q4	Klrk1					candidate_public_only_not_graph_edge	no_component_normalized_match_in_mSCIdblit
master_LR_union	H2Q6	APLP2	H2-Q6	Aplp2					candidate_public_only_not_graph_edge	no_component_normalized_match_in_mSCIdblit
master_LR_union	H2Q6	CD8A	H2-Q6	Cd8a					candidate_public_only_not_graph_edge	no_component_normalized_match_in_mSCIdblit
master_LR_union	H2Q6	CD8B1	H2-Q6	Cd8b1					candidate_public_only_not_graph_edge	no_component_normalized_match_in_mSCIdblit
master_LR_union	H2Q6	CLEC2M	H2-Q6	Clec2m					candidate_public_only_not_graph_edge	no_component_normalized_match_in_mSCIdblit
master_LR_union	H2Q6	ERBB2	H2-Q6	Erbb2					candidate_public_only_not_graph_edge	no_component_normalized_match_in_mSCIdblit
master_LR_union	H2Q6	KIR3DL1	H2-Q6	Kir3dl1					candidate_public_only_not_graph_edge	no_component_normalized_match_in_mSCIdblit
master_LR_union	H2Q6	KIR3DL2	H2-Q6	Kir3dl2					candidate_public_only_not_graph_edge	no_component_normalized_match_in_mSCIdblit
master_LR_union	H2Q6	KLRC1	H2-Q6	Klrc1					candidate_public_only_not_graph_edge	no_component_normalized_match_in_mSCIdblit
master_LR_union	H2Q6	KLRC2	H2-Q6	Klrc2					candidate_public_only_not_graph_edge	no_component_normalized_match_in_mSCIdblit
master_LR_union	H2Q6	KLRC3	H2-Q6	Klrc3					candidate_public_only_not_graph_edge	no_component_normalized_match_in_mSCIdblit
master_LR_union	H2Q6	KLRD1	H2-Q6	Klrd1					candidate_public_only_not_graph_edge	no_component_normalized_match_in_mSCIdblit
master_LR_union	H2Q6	KLRE1	H2-Q6	Klre1					candidate_public_only_not_graph_edge	no_component_normalized_match_in_mSCIdblit
master_LR_union	H2Q6	KLRH1	H2-Q6	Klrh1					candidate_public_only_not_graph_edge	no_component_normalized_match_in_mSCIdblit
master_LR_union	H2Q6	KLRI1	H2-Q6	Klri1					candidate_public_only_not_graph_edge	no_component_normalized_match_in_mSCIdblit
master_LR_union	H2Q6	KLRI2	H2-Q6	Klri2					candidate_public_only_not_graph_edge	no_component_normalized_match_in_mSCIdblit
master_LR_union	H2Q6	KLRK1	H2-Q6	Klrk1					candidate_public_only_not_graph_edge	no_component_normalized_match_in_mSCIdblit
master_LR_union	H2Q7	APLP2	H2-Q7	Aplp2					candidate_public_only_not_graph_edge	no_component_normalized_match_in_mSCIdblit
master_LR_union	H2Q7	CD8A	H2-Q7	Cd8a					candidate_public_only_not_graph_edge	no_component_normalized_match_in_mSCIdblit
master_LR_union	H2Q7	CD8B1	H2-Q7	Cd8b1					candidate_public_only_not_graph_edge	no_component_normalized_match_in_mSCIdblit
master_LR_union	H2Q7	CLEC2M	H2-Q7	Clec2m					candidate_public_only_not_graph_edge	no_component_normalized_match_in_mSCIdblit
master_LR_union	H2Q7	ERBB2	H2-Q7	Erbb2					candidate_public_only_not_graph_edge	no_component_normalized_match_in_mSCIdblit
master_LR_union	H2Q7	KIR3DL1	H2-Q7	Kir3dl1					candidate_public_only_not_graph_edge	no_component_normalized_match_in_mSCIdblit
master_LR_union	H2Q7	KIR3DL2	H2-Q7	Kir3dl2					candidate_public_only_not_graph_edge	no_component_normalized_match_in_mSCIdblit
master_LR_union	H2Q7	KLRC1	H2-Q7	Klrc1					candidate_public_only_not_graph_edge	no_component_normalized_match_in_mSCIdblit
master_LR_union	H2Q7	KLRC2	H2-Q7	Klrc2					candidate_public_only_not_graph_edge	no_component_normalized_match_in_mSCIdblit
master_LR_union	H2Q7	KLRC3	H2-Q7	Klrc3					candidate_public_only_not_graph_edge	no_component_normalized_match_in_mSCIdblit
master_LR_union	H2Q7	KLRD1	H2-Q7	Klrd1					candidate_public_only_not_graph_edge	no_component_normalized_match_in_mSCIdblit
master_LR_union	H2Q7	KLRE1	H2-Q7	Klre1					candidate_public_only_not_graph_edge	no_component_normalized_match_in_mSCIdblit
master_LR_union	H2Q7	KLRH1	H2-Q7	Klrh1					candidate_public_only_not_graph_edge	no_component_normalized_match_in_mSCIdblit
master_LR_union	H2Q7	KLRI1	H2-Q7	Klri1					candidate_public_only_not_graph_edge	no_component_normalized_match_in_mSCIdblit
master_LR_union	H2Q7	KLRI2	H2-Q7	Klri2					candidate_public_only_not_graph_edge	no_component_normalized_match_in_mSCIdblit
master_LR_union	H2Q7	KLRK1	H2-Q7	Klrk1					candidate_public_only_not_graph_edge	no_component_normalized_match_in_mSCIdblit
master_LR_union	H2Q8	CD8A	H2-Q8	Cd8a					candidate_public_only_not_graph_edge	no_component_normalized_match_in_mSCIdblit
master_LR_union	H2Q8	CD8B1	H2-Q8	Cd8b1					candidate_public_only_not_graph_edge	no_component_normalized_match_in_mSCIdblit
master_LR_union	H2Q9	CD8A	H2-Q9	Cd8a					candidate_public_only_not_graph_edge	no_component_normalized_match_in_mSCIdblit
master_LR_union	H2Q9	CD8B1	H2-Q9	Cd8b1					candidate_public_only_not_graph_edge	no_component_normalized_match_in_mSCIdblit
master_LR_union	H2T10	CD8A	H2-T10	Cd8a					candidate_public_only_not_graph_edge	no_component_normalized_match_in_mSCIdblit
master_LR_union	H2T10	CD8B1	H2-T10	Cd8b1					candidate_public_only_not_graph_edge	no_component_normalized_match_in_mSCIdblit
master_LR_union	H2T10	CLEC2M	H2-T10	Clec2m					candidate_public_only_not_graph_edge	no_component_normalized_match_in_mSCIdblit
master_LR_union	H2T10	KLRC1	H2-T10	Klrc1					candidate_public_only_not_graph_edge	no_component_normalized_match_in_mSCIdblit
master_LR_union	H2T10	KLRC2	H2-T10	Klrc2					candidate_public_only_not_graph_edge	no_component_normalized_match_in_mSCIdblit
master_LR_union	H2T10	KLRC3	H2-T10	Klrc3					candidate_public_only_not_graph_edge	no_component_normalized_match_in_mSCIdblit
master_LR_union	H2T10	KLRD1	H2-T10	Klrd1					candidate_public_only_not_graph_edge	no_component_normalized_match_in_mSCIdblit
master_LR_union	H2T10	KLRE1	H2-T10	Klre1					candidate_public_only_not_graph_edge	no_component_normalized_match_in_mSCIdblit
master_LR_union	H2T10	KLRH1	H2-T10	Klrh1					candidate_public_only_not_graph_edge	no_component_normalized_match_in_mSCIdblit
master_LR_union	H2T10	KLRI1	H2-T10	Klri1					candidate_public_only_not_graph_edge	no_component_normalized_match_in_mSCIdblit
master_LR_union	H2T10	KLRI2	H2-T10	Klri2					candidate_public_only_not_graph_edge	no_component_normalized_match_in_mSCIdblit
master_LR_union	H2T10	KLRK1	H2-T10	Klrk1					candidate_public_only_not_graph_edge	no_component_normalized_match_in_mSCIdblit
master_LR_union	H2T18	CD8A	H2-T18	Cd8a					candidate_public_only_not_graph_edge	no_component_normalized_match_in_mSCIdblit
master_LR_union	H2T18	CD8B1	H2-T18	Cd8b1					candidate_public_only_not_graph_edge	no_component_normalized_match_in_mSCIdblit
master_LR_union	H2T22	CD8A	H2-T22	Cd8a					candidate_public_only_not_graph_edge	no_component_normalized_match_in_mSCIdblit
master_LR_union	H2T22	CD8B1	H2-T22	Cd8b1					candidate_public_only_not_graph_edge	no_component_normalized_match_in_mSCIdblit
master_LR_union	H2T22	CLEC2M	H2-T22	Clec2m					candidate_public_only_not_graph_edge	no_component_normalized_match_in_mSCIdblit
master_LR_union	H2T22	KLRC1	H2-T22	Klrc1					candidate_public_only_not_graph_edge	no_component_normalized_match_in_mSCIdblit
master_LR_union	H2T22	KLRC2	H2-T22	Klrc2					candidate_public_only_not_graph_edge	no_component_normalized_match_in_mSCIdblit
master_LR_union	H2T22	KLRC3	H2-T22	Klrc3					candidate_public_only_not_graph_edge	no_component_normalized_match_in_mSCIdblit
master_LR_union	H2T22	KLRD1	H2-T22	Klrd1					candidate_public_only_not_graph_edge	no_component_normalized_match_in_mSCIdblit
master_LR_union	H2T22	KLRE1	H2-T22	Klre1					candidate_public_only_not_graph_edge	no_component_normalized_match_in_mSCIdblit
master_LR_union	H2T22	KLRH1	H2-T22	Klrh1					candidate_public_only_not_graph_edge	no_component_normalized_match_in_mSCIdblit
master_LR_union	H2T22	KLRI1	H2-T22	Klri1					candidate_public_only_not_graph_edge	no_component_normalized_match_in_mSCIdblit
master_LR_union	H2T22	KLRI2	H2-T22	Klri2					candidate_public_only_not_graph_edge	no_component_normalized_match_in_mSCIdblit
master_LR_union	H2T22	KLRK1	H2-T22	Klrk1					candidate_public_only_not_graph_edge	no_component_normalized_match_in_mSCIdblit
master_LR_union	H2T23	CLEC2M	H2-T23	Clec2m					candidate_public_only_not_graph_edge	no_component_normalized_match_in_mSCIdblit
master_LR_union	H2T23	KLRC1	H2-T23	Klrc1					candidate_public_only_not_graph_edge	no_component_normalized_match_in_mSCIdblit
master_LR_union	H2T23	KLRC1+KLRD1	H2-T23	Klrd1_Klrc1					candidate_public_only_not_graph_edge	no_component_normalized_match_in_mSCIdblit
master_LR_union	H2T23	KLRC2	H2-T23	Klrc2					candidate_public_only_not_graph_edge	no_component_normalized_match_in_mSCIdblit
master_LR_union	H2T23	KLRC2+KLRD1	H2-T23	Klrd1_Klrc2					candidate_public_only_not_graph_edge	no_component_normalized_match_in_mSCIdblit
master_LR_union	H2T23	KLRC3	H2-T23	Klrc3					candidate_public_only_not_graph_edge	no_component_normalized_match_in_mSCIdblit
master_LR_union	H2T23	KLRD1	H2-T23	Klrd1					candidate_public_only_not_graph_edge	no_component_normalized_match_in_mSCIdblit
master_LR_union	H2T23	KLRE1	H2-T23	Klre1					candidate_public_only_not_graph_edge	no_component_normalized_match_in_mSCIdblit
master_LR_union	H2T23	KLRH1	H2-T23	Klrh1					candidate_public_only_not_graph_edge	no_component_normalized_match_in_mSCIdblit
master_LR_union	H2T23	KLRI1	H2-T23	Klri1					candidate_public_only_not_graph_edge	no_component_normalized_match_in_mSCIdblit
master_LR_union	H2T23	KLRI2	H2-T23	Klri2					candidate_public_only_not_graph_edge	no_component_normalized_match_in_mSCIdblit
master_LR_union	H2T23	KLRK1	H2-T23	Klrk1					candidate_public_only_not_graph_edge	no_component_normalized_match_in_mSCIdblit
master_LR_union	H2T24	CD8A	H2-T24	Cd8a					candidate_public_only_not_graph_edge	no_component_normalized_match_in_mSCIdblit
master_LR_union	H2T24	CD8B1	H2-T24	Cd8b1					candidate_public_only_not_graph_edge	no_component_normalized_match_in_mSCIdblit
master_LR_union	H2T24	CLEC2M	H2-T24	Clec2m					candidate_public_only_not_graph_edge	no_component_normalized_match_in_mSCIdblit
master_LR_union	H2T24	KLRC1	H2-T24	Klrc1					candidate_public_only_not_graph_edge	no_component_normalized_match_in_mSCIdblit
master_LR_union	H2T24	KLRC2	H2-T24	Klrc2					candidate_public_only_not_graph_edge	no_component_normalized_match_in_mSCIdblit
master_LR_union	H2T24	KLRC3	H2-T24	Klrc3					candidate_public_only_not_graph_edge	no_component_normalized_match_in_mSCIdblit
master_LR_union	H2T24	KLRD1	H2-T24	Klrd1					candidate_public_only_not_graph_edge	no_component_normalized_match_in_mSCIdblit
master_LR_union	H2T24	KLRE1	H2-T24	Klre1					candidate_public_only_not_graph_edge	no_component_normalized_match_in_mSCIdblit
master_LR_union	H2T24	KLRH1	H2-T24	Klrh1					candidate_public_only_not_graph_edge	no_component_normalized_match_in_mSCIdblit
master_LR_union	H2T24	KLRI1	H2-T24	Klri1					candidate_public_only_not_graph_edge	no_component_normalized_match_in_mSCIdblit
master_LR_union	H2T24	KLRI2	H2-T24	Klri2					candidate_public_only_not_graph_edge	no_component_normalized_match_in_mSCIdblit
master_LR_union	H2T24	KLRK1	H2-T24	Klrk1					candidate_public_only_not_graph_edge	no_component_normalized_match_in_mSCIdblit
master_LR_union	H2T25	CD8A	H2-T25	Cd8a					candidate_public_only_not_graph_edge	no_component_normalized_match_in_mSCIdblit
master_LR_union	H2T25	CD8B1	H2-T25	Cd8b1					candidate_public_only_not_graph_edge	no_component_normalized_match_in_mSCIdblit
master_LR_union	H2T26	CD8A	H2-T26	Cd8a					candidate_public_only_not_graph_edge	no_component_normalized_match_in_mSCIdblit
master_LR_union	H2T26	CD8B1	H2-T26	Cd8b1					candidate_public_only_not_graph_edge	no_component_normalized_match_in_mSCIdblit
master_LR_union	H2T27	CD8A	H2-T27	Cd8a					candidate_public_only_not_graph_edge	no_component_normalized_match_in_mSCIdblit
master_LR_union	H2T27	CD8B1	H2-T27	Cd8b1					candidate_public_only_not_graph_edge	no_component_normalized_match_in_mSCIdblit
master_LR_union	H2T3	CD8A	H2-T3	Cd8a					candidate_public_only_not_graph_edge	no_component_normalized_match_in_mSCIdblit
master_LR_union	H2T3	CD8B1	H2-T3	Cd8b1					candidate_public_only_not_graph_edge	no_component_normalized_match_in_mSCIdblit
master_LR_union	H2T3	CLEC2M	H2-T3	Clec2m					candidate_public_only_not_graph_edge	no_component_normalized_match_in_mSCIdblit
master_LR_union	H2T3	KLRC1	H2-T3	Klrc1					candidate_public_only_not_graph_edge	no_component_normalized_match_in_mSCIdblit
master_LR_union	H2T3	KLRC2	H2-T3	Klrc2					candidate_public_only_not_graph_edge	no_component_normalized_match_in_mSCIdblit
master_LR_union	H2T3	KLRC3	H2-T3	Klrc3					candidate_public_only_not_graph_edge	no_component_normalized_match_in_mSCIdblit
master_LR_union	H2T3	KLRD1	H2-T3	Klrd1					candidate_public_only_not_graph_edge	no_component_normalized_match_in_mSCIdblit
master_LR_union	H2T3	KLRE1	H2-T3	Klre1					candidate_public_only_not_graph_edge	no_component_normalized_match_in_mSCIdblit
master_LR_union	H2T3	KLRH1	H2-T3	Klrh1					candidate_public_only_not_graph_edge	no_component_normalized_match_in_mSCIdblit
master_LR_union	H2T3	KLRI1	H2-T3	Klri1					candidate_public_only_not_graph_edge	no_component_normalized_match_in_mSCIdblit
master_LR_union	H2T3	KLRI2	H2-T3	Klri2					candidate_public_only_not_graph_edge	no_component_normalized_match_in_mSCIdblit
master_LR_union	H2T3	KLRK1	H2-T3	Klrk1					candidate_public_only_not_graph_edge	no_component_normalized_match_in_mSCIdblit
master_LR_union	H2T9	CD8A	H2-T9	Cd8a					candidate_public_only_not_graph_edge	no_component_normalized_match_in_mSCIdblit
master_LR_union	H2T9	CD8B1	H2-T9	Cd8b1					candidate_public_only_not_graph_edge	no_component_normalized_match_in_mSCIdblit
master_LR_union	H2TPS	CD8A	H2-T-ps	Cd8a					candidate_public_only_not_graph_edge	no_component_normalized_match_in_mSCIdblit
master_LR_union	H2TPS	CD8B1	H2-T-ps	Cd8b1					candidate_public_only_not_graph_edge	no_component_normalized_match_in_mSCIdblit
master_LR_union	H2TPS	CLEC2M	H2-T-ps	Clec2m					candidate_public_only_not_graph_edge	no_component_normalized_match_in_mSCIdblit
master_LR_union	H2TPS	KLRC1	H2-T-ps	Klrc1					candidate_public_only_not_graph_edge	no_component_normalized_match_in_mSCIdblit
master_LR_union	H2TPS	KLRC2	H2-T-ps	Klrc2					candidate_public_only_not_graph_edge	no_component_normalized_match_in_mSCIdblit
master_LR_union	H2TPS	KLRC3	H2-T-ps	Klrc3					candidate_public_only_not_graph_edge	no_component_normalized_match_in_mSCIdblit
master_LR_union	H2TPS	KLRD1	H2-T-ps	Klrd1					candidate_public_only_not_graph_edge	no_component_normalized_match_in_mSCIdblit
master_LR_union	H2TPS	KLRE1	H2-T-ps	Klre1					candidate_public_only_not_graph_edge	no_component_normalized_match_in_mSCIdblit
master_LR_union	H2TPS	KLRH1	H2-T-ps	Klrh1					candidate_public_only_not_graph_edge	no_component_normalized_match_in_mSCIdblit
master_LR_union	H2TPS	KLRI1	H2-T-ps	Klri1					candidate_public_only_not_graph_edge	no_component_normalized_match_in_mSCIdblit
master_LR_union	H2TPS	KLRI2	H2-T-ps	Klri2					candidate_public_only_not_graph_edge	no_component_normalized_match_in_mSCIdblit
master_LR_union	H2TPS	KLRK1	H2-T-ps	Klrk1					candidate_public_only_not_graph_edge	no_component_normalized_match_in_mSCIdblit
master_LR_union	H60A	HCST+KLRK1	H60a	Klrk1_Hcst					candidate_public_only_not_graph_edge	no_component_normalized_match_in_mSCIdblit
master_LR_union	H60A	KLRK1	H60a	Klrk1					candidate_public_only_not_graph_edge	no_component_normalized_match_in_mSCIdblit
master_LR_union	H60B	HCST+KLRK1	H60b	Klrk1_Hcst					candidate_public_only_not_graph_edge	no_component_normalized_match_in_mSCIdblit
master_LR_union	H60C	HCST+KLRK1	H60c	Klrk1_Hcst					candidate_public_only_not_graph_edge	no_component_normalized_match_in_mSCIdblit
master_LR_union	HAPLN1	ADGRA2	Hapln1	Adgra2					candidate_public_only_not_graph_edge	no_component_normalized_match_in_mSCIdblit
master_LR_union	HAPLN1	AGER	Hapln1	Ager					candidate_public_only_not_graph_edge	no_component_normalized_match_in_mSCIdblit
master_LR_union	HAPLN1	IGDCC4	Hapln1	Igdcc4					candidate_public_only_not_graph_edge	no_component_normalized_match_in_mSCIdblit
master_LR_union	HAPLN1	IL1RL1	Hapln1	Il1rl1					candidate_public_only_not_graph_edge	no_component_normalized_match_in_mSCIdblit
master_LR_union	HAPLN1	MPIG6B	Hapln1	Mpig6b					candidate_public_only_not_graph_edge	no_component_normalized_match_in_mSCIdblit
master_LR_union	HAPLN1	PRTG	Hapln1	Prtg					candidate_public_only_not_graph_edge	no_component_normalized_match_in_mSCIdblit
master_LR_union	HAPLN1	TNFRSF11B	Hapln1	Tnfrsf11b					candidate_public_only_not_graph_edge	no_component_normalized_match_in_mSCIdblit
master_LR_union	HAPLN1	TREML2	Hapln1	Treml2					candidate_public_only_not_graph_edge	no_component_normalized_match_in_mSCIdblit
master_LR_union	HAS1	CD44	Has1	Cd44					candidate_public_only_not_graph_edge	no_component_normalized_match_in_mSCIdblit
master_LR_union	HAS2	CD44	Has2	Cd44					candidate_public_only_not_graph_edge	no_component_normalized_match_in_mSCIdblit
master_LR_union	HAS2	ERBB2	Has2	Erbb2					candidate_public_only_not_graph_edge	no_component_normalized_match_in_mSCIdblit
master_LR_union	HAS2	EZR	Has2	Ezr					candidate_public_only_not_graph_edge	no_component_normalized_match_in_mSCIdblit
master_LR_union	HAS2	HMMR	Has2	Hmmr					candidate_public_only_not_graph_edge	no_component_normalized_match_in_mSCIdblit
master_LR_union	HAVCR1	CD300LB	Havcr1	Cd300lb					candidate_public_only_not_graph_edge	no_component_normalized_match_in_mSCIdblit
master_LR_union	HAVCR1	IGSF21	Havcr1	Igsf21					candidate_public_only_not_graph_edge	no_component_normalized_match_in_mSCIdblit
master_LR_union	HAVCR1	SIGLEC1	Havcr1	Siglec1					candidate_public_only_not_graph_edge	no_component_normalized_match_in_mSCIdblit
master_LR_union	HAVCR1	TIMD4	Havcr1	Timd4					candidate_public_only_not_graph_edge	no_component_normalized_match_in_mSCIdblit
master_LR_union	HBEGF	CD44	Hbegf	Cd44					candidate_public_only_not_graph_edge	no_component_normalized_match_in_mSCIdblit
master_LR_union	HBEGF	CD6	Hbegf	Cd6					candidate_public_only_not_graph_edge	no_component_normalized_match_in_mSCIdblit
master_LR_union	HBEGF	CD82	Hbegf	Cd82					candidate_public_only_not_graph_edge	no_component_normalized_match_in_mSCIdblit
master_LR_union	HBEGF	CD9	Hbegf	Cd9					candidate_public_only_not_graph_edge	no_component_normalized_match_in_mSCIdblit
master_LR_union	HBEGF	EGFR+ERBB2	Hbegf	Egfr_Erbb2					candidate_public_only_not_graph_edge	no_component_normalized_match_in_mSCIdblit
master_LR_union	HBEGF	ERBB2	Hbegf	Erbb2					candidate_public_only_not_graph_edge	no_component_normalized_match_in_mSCIdblit
master_LR_union	HBEGF	ERBB2+ERBB4	Hbegf	Erbb2_Erbb4					candidate_public_only_not_graph_edge	no_component_normalized_match_in_mSCIdblit
master_LR_union	HBEGF	MOG	Hbegf	Mog					candidate_public_only_not_graph_edge	no_component_normalized_match_in_mSCIdblit
master_LR_union	HBEGF	PRLR	Hbegf	Prlr					candidate_public_only_not_graph_edge	no_component_normalized_match_in_mSCIdblit
master_LR_union	HC	ADRA2A	Hc	Adra2a					candidate_public_only_not_graph_edge	no_component_normalized_match_in_mSCIdblit
master_LR_union	HC	C5AR1	Hc	C5ar1					candidate_public_only_not_graph_edge	no_component_normalized_match_in_mSCIdblit
master_LR_union	HC	C5AR2	Hc	C5ar2					candidate_public_only_not_graph_edge	no_component_normalized_match_in_mSCIdblit
master_LR_union	HC	GRM7	Hc	Grm7					candidate_public_only_not_graph_edge	no_component_normalized_match_in_mSCIdblit
master_LR_union	HC	MTNR1A	Hc	Mtnr1a					candidate_public_only_not_graph_edge	no_component_normalized_match_in_mSCIdblit
master_LR_union	HCRT	NPFFR2	Hcrt	Npffr2					candidate_public_only_not_graph_edge	no_component_normalized_match_in_mSCIdblit
master_LR_union	HDC	HRH1	Hdc	Hrh1					candidate_public_only_not_graph_edge	no_component_normalized_match_in_mSCIdblit
master_LR_union	HDC	HRH2	Hdc	Hrh2					candidate_public_only_not_graph_edge	no_component_normalized_match_in_mSCIdblit
master_LR_union	HDC	HRH3	Hdc	Hrh3					candidate_public_only_not_graph_edge	no_component_normalized_match_in_mSCIdblit
master_LR_union	HDC	HRH4	Hdc	Hrh4					candidate_public_only_not_graph_edge	no_component_normalized_match_in_mSCIdblit
master_LR_union	HEBP1	ADRA2A	Hebp1	Adra2a					candidate_public_only_not_graph_edge	no_component_normalized_match_in_mSCIdblit
master_LR_union	HEBP1	FPR2	Hebp1	Fpr2					candidate_public_only_not_graph_edge	no_component_normalized_match_in_mSCIdblit
master_LR_union	HEBP1	FPR3	Hebp1	Fpr3					candidate_public_only_not_graph_edge	no_component_normalized_match_in_mSCIdblit
master_LR_union	HEBP1	GRM7	Hebp1	Grm7					candidate_public_only_not_graph_edge	no_component_normalized_match_in_mSCIdblit
master_LR_union	HEBP1	MTNR1A	Hebp1	Mtnr1a					candidate_public_only_not_graph_edge	no_component_normalized_match_in_mSCIdblit
master_LR_union	HGF	ITGB1	Hgf	Itgb1					candidate_public_only_not_graph_edge	no_component_normalized_match_in_mSCIdblit
master_LR_union	HGF	MET	Hgf	Met					candidate_public_only_not_graph_edge	no_component_normalized_match_in_mSCIdblit
master_LR_union	HGF	SDC1	Hgf	Sdc1					candidate_public_only_not_graph_edge	no_component_normalized_match_in_mSCIdblit
master_LR_union	HGF	SDC2	Hgf	Sdc2					candidate_public_only_not_graph_edge	no_component_normalized_match_in_mSCIdblit
master_LR_union	HGF	ST14	Hgf	St14					candidate_public_only_not_graph_edge	no_component_normalized_match_in_mSCIdblit
master_LR_union	HHIPL2	CACHD1	Hhipl2	Cachd1					candidate_public_only_not_graph_edge	no_component_normalized_match_in_mSCIdblit
master_LR_union	HJV	NEO1	Hjv	Neo1					candidate_public_only_not_graph_edge	no_component_normalized_match_in_mSCIdblit
master_LR_union	HP	APOA1	Hp	Apoa1					candidate_public_only_not_graph_edge	no_component_normalized_match_in_mSCIdblit
master_LR_union	HP	ASGR1	Hp	Asgr1					candidate_public_only_not_graph_edge	no_component_normalized_match_in_mSCIdblit
master_LR_union	HP	ASGR2	Hp	Asgr2					candidate_public_only_not_graph_edge	no_component_normalized_match_in_mSCIdblit
master_LR_union	HP	GM49368	Hp	Gm49368					candidate_public_only_not_graph_edge	no_component_normalized_match_in_mSCIdblit
master_LR_union	HP	ITGB2L	Hp	Itgb2l					candidate_public_only_not_graph_edge	no_component_normalized_match_in_mSCIdblit
master_LR_union	HP	TLR4	Hp	Tlr4					candidate_public_only_not_graph_edge	no_component_normalized_match_in_mSCIdblit
master_LR_union	HRAS	AGTR1A	Hras	Agtr1a					candidate_public_only_not_graph_edge	no_component_normalized_match_in_mSCIdblit
master_LR_union	HRAS	CAV1	Hras	Cav1					candidate_public_only_not_graph_edge	no_component_normalized_match_in_mSCIdblit
master_LR_union	HRAS	INSR	Hras	Insr					candidate_public_only_not_graph_edge	no_component_normalized_match_in_mSCIdblit
master_LR_union	HRAS	TLR9	Hras	Tlr9					candidate_public_only_not_graph_edge	no_component_normalized_match_in_mSCIdblit
master_LR_union	HRG	ERBB2	Hrg	Erbb2					candidate_public_only_not_graph_edge	no_component_normalized_match_in_mSCIdblit
master_LR_union	HRG	ERBB3	Hrg	Erbb3					candidate_public_only_not_graph_edge	no_component_normalized_match_in_mSCIdblit
master_LR_union	HRG	FCGR1	Hrg	Fcgr1					candidate_public_only_not_graph_edge	no_component_normalized_match_in_mSCIdblit
master_LR_union	HSD17B1	ESR1	Hsd17b1	Esr1					candidate_public_only_not_graph_edge	no_component_normalized_match_in_mSCIdblit
master_LR_union	HSD17B1	ESR2	Hsd17b1	Esr2					candidate_public_only_not_graph_edge	no_component_normalized_match_in_mSCIdblit
master_LR_union	HSD17B1	GPER1	Hsd17b1	Gper1					candidate_public_only_not_graph_edge	no_component_normalized_match_in_mSCIdblit
master_LR_union	HSD17B1	NR1I2	Hsd17b1	Nr1i2					candidate_public_only_not_graph_edge	no_component_normalized_match_in_mSCIdblit
master_LR_union	HSD17B12	AR	Hsd17b12	Ar					candidate_public_only_not_graph_edge	no_component_normalized_match_in_mSCIdblit
master_LR_union	HSD17B3	AR	Hsd17b3	Ar					candidate_public_only_not_graph_edge	no_component_normalized_match_in_mSCIdblit
master_LR_union	HSD17B6	NR1H4	Hsd17b6	Nr1h4					candidate_public_only_not_graph_edge	no_component_normalized_match_in_mSCIdblit
master_LR_union	HSD3B1	CATSPER1+CATSPERB	Hsd3b1	Catsper1_Catsperb					candidate_public_only_not_graph_edge	no_component_normalized_match_in_mSCIdblit
master_LR_union	HSD3B1	CATSPER1+CATSPERD	Hsd3b1	Catsper1_Catsperd					candidate_public_only_not_graph_edge	no_component_normalized_match_in_mSCIdblit
master_LR_union	HSD3B1	CATSPER2+CATSPERB	Hsd3b1	Catsper2_Catsperb					candidate_public_only_not_graph_edge	no_component_normalized_match_in_mSCIdblit
master_LR_union	HSD3B1	CATSPER2+CATSPERD	Hsd3b1	Catsper2_Catsperd					candidate_public_only_not_graph_edge	no_component_normalized_match_in_mSCIdblit
master_LR_union	HSD3B1	CATSPER3+CATSPERB	Hsd3b1	Catsper3_Catsperb					candidate_public_only_not_graph_edge	no_component_normalized_match_in_mSCIdblit
master_LR_union	HSD3B1	CATSPER3+CATSPERD	Hsd3b1	Catsper3_Catsperd					candidate_public_only_not_graph_edge	no_component_normalized_match_in_mSCIdblit
master_LR_union	HSD3B1	CATSPER4+CATSPERB	Hsd3b1	Catsper4_Catsperb					candidate_public_only_not_graph_edge	no_component_normalized_match_in_mSCIdblit
master_LR_union	HSD3B1	CATSPER4+CATSPERD+CHRNE	Hsd3b1	Catsper4_Catsperd_Chrne					candidate_public_only_not_graph_edge	no_component_normalized_match_in_mSCIdblit
master_LR_union	HSP90AA1	CFTR	Hsp90aa1	Cftr					candidate_public_only_not_graph_edge	no_component_normalized_match_in_mSCIdblit
master_LR_union	HSP90AA1	EGFR	Hsp90aa1	Egfr					candidate_public_only_not_graph_edge	no_component_normalized_match_in_mSCIdblit
master_LR_union	HSP90AA1	ERBB2	Hsp90aa1	Erbb2					candidate_public_only_not_graph_edge	no_component_normalized_match_in_mSCIdblit
master_LR_union	HSP90AA1	ITGB3	Hsp90aa1	Itgb3					candidate_public_only_not_graph_edge	no_component_normalized_match_in_mSCIdblit
master_LR_union	HSP90B1	ASGR1	Hsp90b1	Asgr1					candidate_public_only_not_graph_edge	no_component_normalized_match_in_mSCIdblit
master_LR_union	HSP90B1	ERBB2	Hsp90b1	Erbb2					candidate_public_only_not_graph_edge	no_component_normalized_match_in_mSCIdblit
master_LR_union	HSP90B1	LRP1	Hsp90b1	Lrp1					candidate_public_only_not_graph_edge	no_component_normalized_match_in_mSCIdblit
master_LR_union	HSP90B1	TLR1	Hsp90b1	Tlr1					candidate_public_only_not_graph_edge	no_component_normalized_match_in_mSCIdblit
master_LR_union	HSP90B1	TLR2	Hsp90b1	Tlr2					candidate_public_only_not_graph_edge	no_component_normalized_match_in_mSCIdblit
master_LR_union	HSP90B1	TLR4	Hsp90b1	Tlr4					candidate_public_only_not_graph_edge	no_component_normalized_match_in_mSCIdblit
master_LR_union	HSP90B1	TLR7	Hsp90b1	Tlr7					candidate_public_only_not_graph_edge	no_component_normalized_match_in_mSCIdblit
master_LR_union	HSP90B1	TLR9	Hsp90b1	Tlr9					candidate_public_only_not_graph_edge	no_component_normalized_match_in_mSCIdblit
master_LR_union	HSPA1A	GRIN2D	Hspa1a	Grin2d					candidate_public_only_not_graph_edge	no_component_normalized_match_in_mSCIdblit
master_LR_union	HSPA4	TLR4	Hspa4	Tlr4					candidate_public_only_not_graph_edge	no_component_normalized_match_in_mSCIdblit
master_LR_union	HSPA8	ADRB2	Hspa8	Adrb2					candidate_public_only_not_graph_edge	no_component_normalized_match_in_mSCIdblit
master_LR_union	HSPA8	LDLR	Hspa8	Ldlr					candidate_public_only_not_graph_edge	no_component_normalized_match_in_mSCIdblit
master_LR_union	HSPA8	LRP2	Hspa8	Lrp2					candidate_public_only_not_graph_edge	no_component_normalized_match_in_mSCIdblit
master_LR_union	HSPG2	COL13A1	Hspg2	Col13a1					candidate_public_only_not_graph_edge	no_component_normalized_match_in_mSCIdblit
master_LR_union	HSPG2	ITGA2	Hspg2	Itga2					candidate_public_only_not_graph_edge	no_component_normalized_match_in_mSCIdblit
master_LR_union	HSPG2	ITGB1	Hspg2	Itgb1					candidate_public_only_not_graph_edge	no_component_normalized_match_in_mSCIdblit
master_LR_union	HSPG2	LRP1	Hspg2	Lrp1					candidate_public_only_not_graph_edge	no_component_normalized_match_in_mSCIdblit
master_LR_union	HSPG2	LRP2	Hspg2	Lrp2					candidate_public_only_not_graph_edge	no_component_normalized_match_in_mSCIdblit
master_LR_union	HSPG2	PTPRS	Hspg2	Ptprs					candidate_public_only_not_graph_edge	no_component_normalized_match_in_mSCIdblit
master_LR_union	HSPG2	SDC1	Hspg2	Sdc1					candidate_public_only_not_graph_edge	no_component_normalized_match_in_mSCIdblit
master_LR_union	IAPP	ADCYAP1R1	Iapp	Adcyap1r1					candidate_public_only_not_graph_edge	no_component_normalized_match_in_mSCIdblit
master_LR_union	IAPP	ADRB2	Iapp	Adrb2					candidate_public_only_not_graph_edge	no_component_normalized_match_in_mSCIdblit
master_LR_union	IAPP	ADRB3	Iapp	Adrb3					candidate_public_only_not_graph_edge	no_component_normalized_match_in_mSCIdblit
master_LR_union	IAPP	CALCR+RAMP1	Iapp	Calcr_Ramp1					candidate_public_only_not_graph_edge	no_component_normalized_match_in_mSCIdblit
master_LR_union	IAPP	CALCR+RAMP2	Iapp	Calcr_Ramp2					candidate_public_only_not_graph_edge	no_component_normalized_match_in_mSCIdblit
master_LR_union	IAPP	CALCR+RAMP3	Iapp	Calcr_Ramp3					candidate_public_only_not_graph_edge	no_component_normalized_match_in_mSCIdblit
master_LR_union	IAPP	CALCRL	Iapp	Calcrl					candidate_public_only_not_graph_edge	no_component_normalized_match_in_mSCIdblit
master_LR_union	IAPP	GPR20	Iapp	Gpr20					candidate_public_only_not_graph_edge	no_component_normalized_match_in_mSCIdblit
master_LR_union	IAPP	GPR84	Iapp	Gpr84					candidate_public_only_not_graph_edge	no_component_normalized_match_in_mSCIdblit
master_LR_union	IAPP	PTH1R	Iapp	Pth1r					candidate_public_only_not_graph_edge	no_component_normalized_match_in_mSCIdblit
master_LR_union	IAPP	RAMP1	Iapp	Ramp1					candidate_public_only_not_graph_edge	no_component_normalized_match_in_mSCIdblit
master_LR_union	IAPP	RAMP2	Iapp	Ramp2					candidate_public_only_not_graph_edge	no_component_normalized_match_in_mSCIdblit
master_LR_union	IAPP	TSHR	Iapp	Tshr					candidate_public_only_not_graph_edge	no_component_normalized_match_in_mSCIdblit
master_LR_union	IAPP	VIPR1	Iapp	Vipr1					candidate_public_only_not_graph_edge	no_component_normalized_match_in_mSCIdblit
master_LR_union	IBSP	ITGAV	Ibsp	Itgav					candidate_public_only_not_graph_edge	no_component_normalized_match_in_mSCIdblit
master_LR_union	IBSP	ITGB3	Ibsp	Itgb3					candidate_public_only_not_graph_edge	no_component_normalized_match_in_mSCIdblit
master_LR_union	IBSP	ITGB5	Ibsp	Itgb5					candidate_public_only_not_graph_edge	no_component_normalized_match_in_mSCIdblit
master_LR_union	ICAM1	CAV1	Icam1	Cav1					candidate_public_only_not_graph_edge	no_component_normalized_match_in_mSCIdblit
master_LR_union	ICAM1	CDH5	Icam1	Cdh5					candidate_public_only_not_graph_edge	no_component_normalized_match_in_mSCIdblit
master_LR_union	ICAM1	EGFR	Icam1	Egfr					candidate_public_only_not_graph_edge	no_component_normalized_match_in_mSCIdblit
master_LR_union	ICAM1	EZR	Icam1	Ezr					candidate_public_only_not_graph_edge	no_component_normalized_match_in_mSCIdblit
master_LR_union	ICAM1	GM49368	Icam1	Gm49368					candidate_public_only_not_graph_edge	no_component_normalized_match_in_mSCIdblit
master_LR_union	ICAM1	IL2RA	Icam1	Il2ra					candidate_public_only_not_graph_edge	no_component_normalized_match_in_mSCIdblit
master_LR_union	ICAM1	IL2RG	Icam1	Il2rg					candidate_public_only_not_graph_edge	no_component_normalized_match_in_mSCIdblit
master_LR_union	ICAM1	ITGAL	Icam1	Itgal					candidate_public_only_not_graph_edge	no_component_normalized_match_in_mSCIdblit
master_LR_union	ICAM1	ITGAL+ITGB2L	Icam1	Itgal_Itgb2l					candidate_public_only_not_graph_edge	no_component_normalized_match_in_mSCIdblit
master_LR_union	ICAM1	ITGAM	Icam1	Itgam					candidate_public_only_not_graph_edge	no_component_normalized_match_in_mSCIdblit
master_LR_union	ICAM1	ITGAM+ITGB2L	Icam1	Itgam_Itgb2l					candidate_public_only_not_graph_edge	no_component_normalized_match_in_mSCIdblit
master_LR_union	ICAM1	ITGAX	Icam1	Itgax					candidate_public_only_not_graph_edge	no_component_normalized_match_in_mSCIdblit
master_LR_union	ICAM1	ITGAX+ITGB2	Icam1	Itgax_Itgb2					candidate_public_only_not_graph_edge	no_component_normalized_match_in_mSCIdblit
master_LR_union	ICAM1	ITGB2	Icam1	Itgb2					candidate_public_only_not_graph_edge	no_component_normalized_match_in_mSCIdblit
master_LR_union	ICAM1	ITGB2L	Icam1	Itgb2l					candidate_public_only_not_graph_edge	no_component_normalized_match_in_mSCIdblit
master_LR_union	ICAM1	MSN	Icam1	Msn					candidate_public_only_not_graph_edge	no_component_normalized_match_in_mSCIdblit
master_LR_union	ICAM1	SPN	Icam1	Spn					candidate_public_only_not_graph_edge	no_component_normalized_match_in_mSCIdblit
master_LR_union	ICAM2	GM49368	Icam2	Gm49368					candidate_public_only_not_graph_edge	no_component_normalized_match_in_mSCIdblit
master_LR_union	ICAM2	ITGAL	Icam2	Itgal					candidate_public_only_not_graph_edge	no_component_normalized_match_in_mSCIdblit
master_LR_union	ICAM2	ITGAL+ITGB2L	Icam2	Itgal_Itgb2l					candidate_public_only_not_graph_edge	no_component_normalized_match_in_mSCIdblit
master_LR_union	ICAM2	ITGAM	Icam2	Itgam					candidate_public_only_not_graph_edge	no_component_normalized_match_in_mSCIdblit
master_LR_union	ICAM2	ITGAM+ITGB2	Icam2	Itgam_Itgb2					candidate_public_only_not_graph_edge	no_component_normalized_match_in_mSCIdblit
master_LR_union	ICAM2	ITGAM+ITGB2L	Icam2	Itgam_Itgb2l					candidate_public_only_not_graph_edge	no_component_normalized_match_in_mSCIdblit
master_LR_union	ICAM2	ITGB2	Icam2	Itgb2					candidate_public_only_not_graph_edge	no_component_normalized_match_in_mSCIdblit
master_LR_union	ICAM2	ITGB2L	Icam2	Itgb2l					candidate_public_only_not_graph_edge	no_component_normalized_match_in_mSCIdblit
master_LR_union	ICAM4	GM49368	Icam4	Gm49368					candidate_public_only_not_graph_edge	no_component_normalized_match_in_mSCIdblit
master_LR_union	ICAM4	ITGB1	Icam4	Itgb1					candidate_public_only_not_graph_edge	no_component_normalized_match_in_mSCIdblit
master_LR_union	ICAM4	ITGB2	Icam4	Itgb2					candidate_public_only_not_graph_edge	no_component_normalized_match_in_mSCIdblit
master_LR_union	ICAM4	ITGB2L	Icam4	Itgb2l					candidate_public_only_not_graph_edge	no_component_normalized_match_in_mSCIdblit
master_LR_union	ICAM4	ITGB3	Icam4	Itgb3					candidate_public_only_not_graph_edge	no_component_normalized_match_in_mSCIdblit
master_LR_union	ICAM4	RHAG	Icam4	Rhag					candidate_public_only_not_graph_edge	no_component_normalized_match_in_mSCIdblit
master_LR_union	ICAM5	CD209A	Icam5	Cd209a					candidate_public_only_not_graph_edge	no_component_normalized_match_in_mSCIdblit
master_LR_union	ICAM5	CD209B	Icam5	Cd209b					candidate_public_only_not_graph_edge	no_component_normalized_match_in_mSCIdblit
master_LR_union	ICAM5	CD209C	Icam5	Cd209c					candidate_public_only_not_graph_edge	no_component_normalized_match_in_mSCIdblit
master_LR_union	ICAM5	CD209D	Icam5	Cd209d					candidate_public_only_not_graph_edge	no_component_normalized_match_in_mSCIdblit
master_LR_union	ICAM5	CD209E	Icam5	Cd209e					candidate_public_only_not_graph_edge	no_component_normalized_match_in_mSCIdblit
master_LR_union	ICAM5	CD209F	Icam5	Cd209f					candidate_public_only_not_graph_edge	no_component_normalized_match_in_mSCIdblit
master_LR_union	ICAM5	IGDCC4	Icam5	Igdcc4					candidate_public_only_not_graph_edge	no_component_normalized_match_in_mSCIdblit
master_LR_union	ICAM5	ITGB2L	Icam5	Itgb2l					candidate_public_only_not_graph_edge	no_component_normalized_match_in_mSCIdblit
master_LR_union	ICAM5	PRTG	Icam5	Prtg					candidate_public_only_not_graph_edge	no_component_normalized_match_in_mSCIdblit
master_LR_union	ICOSL	CD28	Icosl	Cd28					candidate_public_only_not_graph_edge	no_component_normalized_match_in_mSCIdblit
master_LR_union	ICOSL	CTLA4	Icosl	Ctla4					candidate_public_only_not_graph_edge	no_component_normalized_match_in_mSCIdblit
master_LR_union	ICOSL	NTM	Icosl	Ntm					candidate_public_only_not_graph_edge	no_component_normalized_match_in_mSCIdblit
master_LR_union	IFITM6	CD81	Ifitm6	Cd81					candidate_public_only_not_graph_edge	no_component_normalized_match_in_mSCIdblit
master_LR_union	IFNA1	IFNAR1	Ifna1	Ifnar1					candidate_public_only_not_graph_edge	no_component_normalized_match_in_mSCIdblit
master_LR_union	IFNA1	IFNAR1+IFNAR2	Ifna1	Ifnar1_Ifnar2					candidate_public_only_not_graph_edge	no_component_normalized_match_in_mSCIdblit
master_LR_union	IFNA1	IFNAR2	Ifna1	Ifnar2					candidate_public_only_not_graph_edge	no_component_normalized_match_in_mSCIdblit
master_LR_union	IFNA11	IFNAR1	Ifna11	Ifnar1					candidate_public_only_not_graph_edge	no_component_normalized_match_in_mSCIdblit
master_LR_union	IFNA11	IFNAR1+IFNAR2	Ifna11	Ifnar1_Ifnar2					candidate_public_only_not_graph_edge	no_component_normalized_match_in_mSCIdblit
master_LR_union	IFNA11	IFNAR2	Ifna11	Ifnar2					candidate_public_only_not_graph_edge	no_component_normalized_match_in_mSCIdblit
master_LR_union	IFNA12	IFNAR1	Ifna12	Ifnar1					candidate_public_only_not_graph_edge	no_component_normalized_match_in_mSCIdblit
master_LR_union	IFNA12	IFNAR1+IFNAR2	Ifna12	Ifnar1_Ifnar2					candidate_public_only_not_graph_edge	no_component_normalized_match_in_mSCIdblit
master_LR_union	IFNA12	IFNAR2	Ifna12	Ifnar2					candidate_public_only_not_graph_edge	no_component_normalized_match_in_mSCIdblit
master_LR_union	IFNA13	CR2	Ifna13	Cr2					candidate_public_only_not_graph_edge	no_component_normalized_match_in_mSCIdblit
master_LR_union	IFNA13	IFNAR1	Ifna13	Ifnar1					candidate_public_only_not_graph_edge	no_component_normalized_match_in_mSCIdblit
master_LR_union	IFNA13	IFNAR1+IFNAR2	Ifna13	Ifnar1_Ifnar2					candidate_public_only_not_graph_edge	no_component_normalized_match_in_mSCIdblit
master_LR_union	IFNA13	IFNAR2	Ifna13	Ifnar2					candidate_public_only_not_graph_edge	no_component_normalized_match_in_mSCIdblit
master_LR_union	IFNA14	IFNAR1	Ifna14	Ifnar1					candidate_public_only_not_graph_edge	no_component_normalized_match_in_mSCIdblit
master_LR_union	IFNA14	IFNAR1+IFNAR2	Ifna14	Ifnar1_Ifnar2					candidate_public_only_not_graph_edge	no_component_normalized_match_in_mSCIdblit
master_LR_union	IFNA14	IFNAR2	Ifna14	Ifnar2					candidate_public_only_not_graph_edge	no_component_normalized_match_in_mSCIdblit
master_LR_union	IFNA15	IFNAR1	Ifna15	Ifnar1					candidate_public_only_not_graph_edge	no_component_normalized_match_in_mSCIdblit
master_LR_union	IFNA15	IFNAR1+IFNAR2	Ifna15	Ifnar1_Ifnar2					candidate_public_only_not_graph_edge	no_component_normalized_match_in_mSCIdblit
master_LR_union	IFNA15	IFNAR2	Ifna15	Ifnar2					candidate_public_only_not_graph_edge	no_component_normalized_match_in_mSCIdblit
master_LR_union	IFNA16	IFNAR1	Ifna16	Ifnar1					candidate_public_only_not_graph_edge	no_component_normalized_match_in_mSCIdblit
master_LR_union	IFNA16	IFNAR2	Ifna16	Ifnar2					candidate_public_only_not_graph_edge	no_component_normalized_match_in_mSCIdblit
master_LR_union	IFNA2	CR2	Ifna2	Cr2					candidate_public_only_not_graph_edge	no_component_normalized_match_in_mSCIdblit
master_LR_union	IFNA2	IFNAR1	Ifna2	Ifnar1					candidate_public_only_not_graph_edge	no_component_normalized_match_in_mSCIdblit
master_LR_union	IFNA2	IFNAR1+IFNAR2	Ifna2	Ifnar1_Ifnar2					candidate_public_only_not_graph_edge	no_component_normalized_match_in_mSCIdblit
master_LR_union	IFNA2	IFNAR2	Ifna2	Ifnar2					candidate_public_only_not_graph_edge	no_component_normalized_match_in_mSCIdblit
master_LR_union	IFNA4	IFNAR1	Ifna4	Ifnar1					candidate_public_only_not_graph_edge	no_component_normalized_match_in_mSCIdblit
master_LR_union	IFNA4	IFNAR1+IFNAR2	Ifna4	Ifnar1_Ifnar2					candidate_public_only_not_graph_edge	no_component_normalized_match_in_mSCIdblit
master_LR_union	IFNA4	IFNAR2	Ifna4	Ifnar2					candidate_public_only_not_graph_edge	no_component_normalized_match_in_mSCIdblit
master_LR_union	IFNA5	IFNAR1	Ifna5	Ifnar1					candidate_public_only_not_graph_edge	no_component_normalized_match_in_mSCIdblit
master_LR_union	IFNA5	IFNAR1+IFNAR2	Ifna5	Ifnar1_Ifnar2					candidate_public_only_not_graph_edge	no_component_normalized_match_in_mSCIdblit
master_LR_union	IFNA5	IFNAR2	Ifna5	Ifnar2					candidate_public_only_not_graph_edge	no_component_normalized_match_in_mSCIdblit
master_LR_union	IFNA6	IFNAR1	Ifna6	Ifnar1					candidate_public_only_not_graph_edge	no_component_normalized_match_in_mSCIdblit
master_LR_union	IFNA6	IFNAR1+IFNAR2	Ifna6	Ifnar1_Ifnar2					candidate_public_only_not_graph_edge	no_component_normalized_match_in_mSCIdblit
master_LR_union	IFNA6	IFNAR2	Ifna6	Ifnar2					candidate_public_only_not_graph_edge	no_component_normalized_match_in_mSCIdblit
master_LR_union	IFNA7	IFNAR1	Ifna7	Ifnar1					candidate_public_only_not_graph_edge	no_component_normalized_match_in_mSCIdblit
master_LR_union	IFNA7	IFNAR1+IFNAR2	Ifna7	Ifnar1_Ifnar2					candidate_public_only_not_graph_edge	no_component_normalized_match_in_mSCIdblit
master_LR_union	IFNA7	IFNAR2	Ifna7	Ifnar2					candidate_public_only_not_graph_edge	no_component_normalized_match_in_mSCIdblit
master_LR_union	IFNA9	IFNAR1	Ifna9	Ifnar1					candidate_public_only_not_graph_edge	no_component_normalized_match_in_mSCIdblit
master_LR_union	IFNA9	IFNAR2	Ifna9	Ifnar2					candidate_public_only_not_graph_edge	no_component_normalized_match_in_mSCIdblit
master_LR_union	IFNAB	IFNAR1	Ifnab	Ifnar1					candidate_public_only_not_graph_edge	no_component_normalized_match_in_mSCIdblit
master_LR_union	IFNAB	IFNAR2	Ifnab	Ifnar2					candidate_public_only_not_graph_edge	no_component_normalized_match_in_mSCIdblit
master_LR_union	IFNB1	IFNAR1	Ifnb1	Ifnar1					candidate_public_only_not_graph_edge	no_component_normalized_match_in_mSCIdblit
master_LR_union	IFNB1	IFNAR2	Ifnb1	Ifnar2					candidate_public_only_not_graph_edge	no_component_normalized_match_in_mSCIdblit
master_LR_union	IFNE	ADGRV1	Ifne	Adgrv1					candidate_public_only_not_graph_edge	no_component_normalized_match_in_mSCIdblit
master_LR_union	IFNE	IFNAR1	Ifne	Ifnar1					candidate_public_only_not_graph_edge	no_component_normalized_match_in_mSCIdblit
master_LR_union	IFNE	IFNAR2	Ifne	Ifnar2					candidate_public_only_not_graph_edge	no_component_normalized_match_in_mSCIdblit
master_LR_union	IFNG	IFNGR1	Ifng	Ifngr1					candidate_public_only_not_graph_edge	no_component_normalized_match_in_mSCIdblit
master_LR_union	IFNG	IFNGR2	Ifng	Ifngr2					candidate_public_only_not_graph_edge	no_component_normalized_match_in_mSCIdblit
master_LR_union	IFNG	MPL	Ifng	Mpl					candidate_public_only_not_graph_edge	no_component_normalized_match_in_mSCIdblit
master_LR_union	IFNK	IFNAR1	Ifnk	Ifnar1					candidate_public_only_not_graph_edge	no_component_normalized_match_in_mSCIdblit
master_LR_union	IFNK	IFNAR2	Ifnk	Ifnar2					candidate_public_only_not_graph_edge	no_component_normalized_match_in_mSCIdblit
master_LR_union	IFNL2	IFNLR1	Ifnl2	Ifnlr1					candidate_public_only_not_graph_edge	no_component_normalized_match_in_mSCIdblit
master_LR_union	IFNL2	IL10RB	Ifnl2	Il10rb					candidate_public_only_not_graph_edge	no_component_normalized_match_in_mSCIdblit
master_LR_union	IFNL3	IFNLR1	Ifnl3	Ifnlr1					candidate_public_only_not_graph_edge	no_component_normalized_match_in_mSCIdblit
master_LR_union	IFNL3	IL10RB	Ifnl3	Il10rb					candidate_public_only_not_graph_edge	no_component_normalized_match_in_mSCIdblit
master_LR_union	IGF1	IGF2R	Igf1	Igf2r					candidate_public_only_not_graph_edge	no_component_normalized_match_in_mSCIdblit
master_LR_union	IGF1	ITGA6	Igf1	Itga6					candidate_public_only_not_graph_edge	no_component_normalized_match_in_mSCIdblit
master_LR_union	IGF1	ITGA6+ITGB4	Igf1	Itga6_Itgb4					candidate_public_only_not_graph_edge	no_component_normalized_match_in_mSCIdblit
master_LR_union	IGF1	ITGAV	Igf1	Itgav					candidate_public_only_not_graph_edge	no_component_normalized_match_in_mSCIdblit
master_LR_union	IGF1	ITGAV+ITGB3	Igf1	Itgav_Itgb3					candidate_public_only_not_graph_edge	no_component_normalized_match_in_mSCIdblit
master_LR_union	IGF1	ITGB3	Igf1	Itgb3					candidate_public_only_not_graph_edge	no_component_normalized_match_in_mSCIdblit
master_LR_union	IGF1	ITGB4	Igf1	Itgb4					candidate_public_only_not_graph_edge	no_component_normalized_match_in_mSCIdblit
master_LR_union	IGF1	TRPV2	Igf1	Trpv2					candidate_public_only_not_graph_edge	no_component_normalized_match_in_mSCIdblit
master_LR_union	IGF2	GPR152	Igf2	Gpr152					candidate_public_only_not_graph_edge	no_component_normalized_match_in_mSCIdblit
master_LR_union	IGF2	ITGA6	Igf2	Itga6					candidate_public_only_not_graph_edge	no_component_normalized_match_in_mSCIdblit
master_LR_union	IGF2	ITGA6+ITGB4	Igf2	Itga6_Itgb4					candidate_public_only_not_graph_edge	no_component_normalized_match_in_mSCIdblit
master_LR_union	IGF2	ITGAV	Igf2	Itgav					candidate_public_only_not_graph_edge	no_component_normalized_match_in_mSCIdblit
master_LR_union	IGF2	ITGAV+ITGB3	Igf2	Itgav_Itgb3					candidate_public_only_not_graph_edge	no_component_normalized_match_in_mSCIdblit
master_LR_union	IGF2	ITGB3	Igf2	Itgb3					candidate_public_only_not_graph_edge	no_component_normalized_match_in_mSCIdblit
master_LR_union	IGF2	ITGB4	Igf2	Itgb4					candidate_public_only_not_graph_edge	no_component_normalized_match_in_mSCIdblit
master_LR_union	IGFBP3	EGFR	Igfbp3	Egfr					candidate_public_only_not_graph_edge	no_component_normalized_match_in_mSCIdblit
master_LR_union	IGFBP4	FZD8	Igfbp4	Fzd8					candidate_public_only_not_graph_edge	no_component_normalized_match_in_mSCIdblit
master_LR_union	IGFBP7	MPIG6B	Igfbp7	Mpig6b					candidate_public_only_not_graph_edge	no_component_normalized_match_in_mSCIdblit
master_LR_union	IGSF1	ACVR1B	Igsf1	Acvr1b					candidate_public_only_not_graph_edge	no_component_normalized_match_in_mSCIdblit
master_LR_union	IGSF10	CD200R1	Igsf10	Cd200r1					candidate_public_only_not_graph_edge	no_component_normalized_match_in_mSCIdblit
master_LR_union	IGSF10	CD200R2	Igsf10	Cd200r2					candidate_public_only_not_graph_edge	no_component_normalized_match_in_mSCIdblit
master_LR_union	IGSF10	CD200R3	Igsf10	Cd200r3					candidate_public_only_not_graph_edge	no_component_normalized_match_in_mSCIdblit
master_LR_union	IGSF10	CD200R4	Igsf10	Cd200r4					candidate_public_only_not_graph_edge	no_component_normalized_match_in_mSCIdblit
master_LR_union	IGSF10	IGSF11	Igsf10	Igsf11					candidate_public_only_not_graph_edge	no_component_normalized_match_in_mSCIdblit
master_LR_union	IGSF10	MAG	Igsf10	Mag					candidate_public_only_not_graph_edge	no_component_normalized_match_in_mSCIdblit
master_LR_union	IGSF10	MILR1	Igsf10	Milr1					candidate_public_only_not_graph_edge	no_component_normalized_match_in_mSCIdblit
master_LR_union	IGSF10	SLAMF9	Igsf10	Slamf9					candidate_public_only_not_graph_edge	no_component_normalized_match_in_mSCIdblit
master_LR_union	IGSF11	CLEC2L	Igsf11	Clec2l					candidate_public_only_not_graph_edge	no_component_normalized_match_in_mSCIdblit
master_LR_union	IGSF11	TMEM190	Igsf11	Tmem190					candidate_public_only_not_graph_edge	no_component_normalized_match_in_mSCIdblit
master_LR_union	IGSF11	VSIR	Igsf11	Vsir					candidate_public_only_not_graph_edge	no_component_normalized_match_in_mSCIdblit
master_LR_union	IGSF21	BC053393	Igsf21	BC053393					candidate_public_only_not_graph_edge	no_component_normalized_match_in_mSCIdblit
master_LR_union	IGSF21	CD22	Igsf21	Cd22					candidate_public_only_not_graph_edge	no_component_normalized_match_in_mSCIdblit
master_LR_union	IGSF21	CD79B	Igsf21	Cd79b					candidate_public_only_not_graph_edge	no_component_normalized_match_in_mSCIdblit
master_LR_union	IGSF21	CSF3R	Igsf21	Csf3r					candidate_public_only_not_graph_edge	no_component_normalized_match_in_mSCIdblit
master_LR_union	IGSF21	GM12169	Igsf21	Gm12169					candidate_public_only_not_graph_edge	no_component_normalized_match_in_mSCIdblit
master_LR_union	IGSF21	HAVCR1	Igsf21	Havcr1					candidate_public_only_not_graph_edge	no_component_normalized_match_in_mSCIdblit
master_LR_union	IGSF21	ILDR2	Igsf21	Ildr2					candidate_public_only_not_graph_edge	no_component_normalized_match_in_mSCIdblit
master_LR_union	IGSF21	IYD	Igsf21	Iyd					candidate_public_only_not_graph_edge	no_component_normalized_match_in_mSCIdblit
master_LR_union	IGSF21	MUC15	Igsf21	Muc15					candidate_public_only_not_graph_edge	no_component_normalized_match_in_mSCIdblit
master_LR_union	IGSF21	NRXN2	Igsf21	Nrxn2					candidate_public_only_not_graph_edge	no_component_normalized_match_in_mSCIdblit
master_LR_union	IGSF21	TIMD2	Igsf21	Timd2					candidate_public_only_not_graph_edge	no_component_normalized_match_in_mSCIdblit
master_LR_union	IGSF3	PTGFRN	Igsf3	Ptgfrn					candidate_public_only_not_graph_edge	no_component_normalized_match_in_mSCIdblit
master_LR_union	IHH	PTCH1	Ihh	Ptch1					candidate_public_only_not_graph_edge	no_component_normalized_match_in_mSCIdblit
master_LR_union	IHH	PTCH2	Ihh	Ptch2					candidate_public_only_not_graph_edge	no_component_normalized_match_in_mSCIdblit
master_LR_union	IHH	PTCH2+SMO	Ihh	Ptch2_Smo					candidate_public_only_not_graph_edge	no_component_normalized_match_in_mSCIdblit
master_LR_union	IL10	CD27	Il10	Cd27					candidate_public_only_not_graph_edge	no_component_normalized_match_in_mSCIdblit
master_LR_union	IL10	CD70	Il10	Cd70					candidate_public_only_not_graph_edge	no_component_normalized_match_in_mSCIdblit
master_LR_union	IL10	IFNLR1	Il10	Ifnlr1					candidate_public_only_not_graph_edge	no_component_normalized_match_in_mSCIdblit
master_LR_union	IL10	IL10RA	Il10	Il10ra					candidate_public_only_not_graph_edge	no_component_normalized_match_in_mSCIdblit
master_LR_union	IL10	IL10RB	Il10	Il10rb					candidate_public_only_not_graph_edge	no_component_normalized_match_in_mSCIdblit
master_LR_union	IL11	GM13305	Il11	Gm13305					candidate_public_only_not_graph_edge	no_component_normalized_match_in_mSCIdblit
master_LR_union	IL11	IL11RA1	Il11	Il11ra1					candidate_public_only_not_graph_edge	no_component_normalized_match_in_mSCIdblit
master_LR_union	IL11	IL11RA2	Il11	Il11ra2					candidate_public_only_not_graph_edge	no_component_normalized_match_in_mSCIdblit
master_LR_union	IL11	IL11RA2+IL6ST	Il11	Il11ra2_Il6st					candidate_public_only_not_graph_edge	no_component_normalized_match_in_mSCIdblit
master_LR_union	IL11	IL6RA	Il11	Il6ra					candidate_public_only_not_graph_edge	no_component_normalized_match_in_mSCIdblit
master_LR_union	IL11	IL6ST	Il11	Il6st					candidate_public_only_not_graph_edge	no_component_normalized_match_in_mSCIdblit
master_LR_union	IL11RA1	CD40	Il11ra1	Cd40					candidate_public_only_not_graph_edge	no_component_normalized_match_in_mSCIdblit
master_LR_union	IL11RA2	CD40	Il11ra2	Cd40					candidate_public_only_not_graph_edge	no_component_normalized_match_in_mSCIdblit
master_LR_union	IL12A	CD28	Il12a	Cd28					candidate_public_only_not_graph_edge	no_component_normalized_match_in_mSCIdblit
master_LR_union	IL12A	IL12RB1	Il12a	Il12rb1					candidate_public_only_not_graph_edge	no_component_normalized_match_in_mSCIdblit
master_LR_union	IL12A	IL12RB2	Il12a	Il12rb2					candidate_public_only_not_graph_edge	no_component_normalized_match_in_mSCIdblit
master_LR_union	IL12A+IL27	IL12RB2+IL27RA	Il12a_Il27	Il12rb2_Il27ra					candidate_public_only_not_graph_edge	no_component_normalized_match_in_mSCIdblit
master_LR_union	IL12B	BOC	Il12b	Boc					candidate_public_only_not_graph_edge	no_component_normalized_match_in_mSCIdblit
master_LR_union	IL12B	IL12RB1	Il12b	Il12rb1					candidate_public_only_not_graph_edge	no_component_normalized_match_in_mSCIdblit
master_LR_union	IL12B	IL12RB2	Il12b	Il12rb2					candidate_public_only_not_graph_edge	no_component_normalized_match_in_mSCIdblit
master_LR_union	IL12B	IL23R	Il12b	Il23r					candidate_public_only_not_graph_edge	no_component_normalized_match_in_mSCIdblit
master_LR_union	IL13	IL13RA2+IL4RA	Il13	Il4ra_Il13ra2					candidate_public_only_not_graph_edge	no_component_normalized_match_in_mSCIdblit
master_LR_union	IL13	IL2RG	Il13	Il2rg					candidate_public_only_not_graph_edge	no_component_normalized_match_in_mSCIdblit
master_LR_union	IL13	IL4RA	Il13	Il4ra					candidate_public_only_not_graph_edge	no_component_normalized_match_in_mSCIdblit
master_LR_union	IL13	TMEM219	Il13	Tmem219					candidate_public_only_not_graph_edge	no_component_normalized_match_in_mSCIdblit
master_LR_union	IL15	IL2RA	Il15	Il2ra					candidate_public_only_not_graph_edge	no_component_normalized_match_in_mSCIdblit
master_LR_union	IL15	IL2RB	Il15	Il2rb					candidate_public_only_not_graph_edge	no_component_normalized_match_in_mSCIdblit
master_LR_union	IL15	IL2RG	Il15	Il2rg					candidate_public_only_not_graph_edge	no_component_normalized_match_in_mSCIdblit
master_LR_union	IL15RA	AXL	Il15ra	Axl					candidate_public_only_not_graph_edge	no_component_normalized_match_in_mSCIdblit
master_LR_union	IL16	CCR5	Il16	Ccr5					candidate_public_only_not_graph_edge	no_component_normalized_match_in_mSCIdblit
master_LR_union	IL16	CD9	Il16	Cd9					candidate_public_only_not_graph_edge	no_component_normalized_match_in_mSCIdblit
master_LR_union	IL16	GRIN2A	Il16	Grin2a					candidate_public_only_not_graph_edge	no_component_normalized_match_in_mSCIdblit
master_LR_union	IL16	GRIN2B	Il16	Grin2b					candidate_public_only_not_graph_edge	no_component_normalized_match_in_mSCIdblit
master_LR_union	IL16	GRIN2C	Il16	Grin2c					candidate_public_only_not_graph_edge	no_component_normalized_match_in_mSCIdblit
master_LR_union	IL16	GRIN2D	Il16	Grin2d					candidate_public_only_not_graph_edge	no_component_normalized_match_in_mSCIdblit
master_LR_union	IL16	KCNA3	Il16	Kcna3					candidate_public_only_not_graph_edge	no_component_normalized_match_in_mSCIdblit
master_LR_union	IL16	KCND1	Il16	Kcnd1					candidate_public_only_not_graph_edge	no_component_normalized_match_in_mSCIdblit
master_LR_union	IL16	KCND2	Il16	Kcnd2					candidate_public_only_not_graph_edge	no_component_normalized_match_in_mSCIdblit
master_LR_union	IL16	KCNJ10	Il16	Kcnj10					candidate_public_only_not_graph_edge	no_component_normalized_match_in_mSCIdblit
master_LR_union	IL16	KCNJ15	Il16	Kcnj15					candidate_public_only_not_graph_edge	no_component_normalized_match_in_mSCIdblit
master_LR_union	IL16	KCNJ4	Il16	Kcnj4					candidate_public_only_not_graph_edge	no_component_normalized_match_in_mSCIdblit
master_LR_union	IL17C	IL17RA	Il17c	Il17ra					candidate_public_only_not_graph_edge	no_component_normalized_match_in_mSCIdblit
master_LR_union	IL17C	IL17RE	Il17c	Il17re					candidate_public_only_not_graph_edge	no_component_normalized_match_in_mSCIdblit
master_LR_union	IL18	IL18R1	Il18	Il18r1					candidate_public_only_not_graph_edge	no_component_normalized_match_in_mSCIdblit
master_LR_union	IL18	IL18RAP	Il18	Il18rap					candidate_public_only_not_graph_edge	no_component_normalized_match_in_mSCIdblit
master_LR_union	IL18	IL1RAPL1	Il18	Il1rapl1					candidate_public_only_not_graph_edge	no_component_normalized_match_in_mSCIdblit
master_LR_union	IL18	IL1RL2	Il18	Il1rl2					candidate_public_only_not_graph_edge	no_component_normalized_match_in_mSCIdblit
master_LR_union	IL18BP	IL6RA	Il18bp	Il6ra					candidate_public_only_not_graph_edge	no_component_normalized_match_in_mSCIdblit
master_LR_union	IL18BP	KIR3DL1	Il18bp	Kir3dl1					candidate_public_only_not_graph_edge	no_component_normalized_match_in_mSCIdblit
master_LR_union	IL18BP	KIR3DL2	Il18bp	Kir3dl2					candidate_public_only_not_graph_edge	no_component_normalized_match_in_mSCIdblit
master_LR_union	IL18BP	MAG	Il18bp	Mag					candidate_public_only_not_graph_edge	no_component_normalized_match_in_mSCIdblit
master_LR_union	IL19	IL20RA	Il19	Il20ra					candidate_public_only_not_graph_edge	no_component_normalized_match_in_mSCIdblit
master_LR_union	IL19	IL20RB	Il19	Il20rb					candidate_public_only_not_graph_edge	no_component_normalized_match_in_mSCIdblit
master_LR_union	IL1A	IL1R1	Il1a	Il1r1					candidate_public_only_not_graph_edge	no_component_normalized_match_in_mSCIdblit
master_LR_union	IL1A	IL1R2	Il1a	Il1r2					candidate_public_only_not_graph_edge	no_component_normalized_match_in_mSCIdblit
master_LR_union	IL1A	IL1RAP	Il1a	Il1rap					candidate_public_only_not_graph_edge	no_component_normalized_match_in_mSCIdblit
master_LR_union	IL1B	ADRB2	Il1b	Adrb2					candidate_public_only_not_graph_edge	no_component_normalized_match_in_mSCIdblit
master_LR_union	IL1B	IL12RB2	Il1b	Il12rb2					candidate_public_only_not_graph_edge	no_component_normalized_match_in_mSCIdblit
master_LR_union	IL1B	IL1R1	Il1b	Il1r1					candidate_public_only_not_graph_edge	no_component_normalized_match_in_mSCIdblit
master_LR_union	IL1B	IL1R2	Il1b	Il1r2					candidate_public_only_not_graph_edge	no_component_normalized_match_in_mSCIdblit
master_LR_union	IL1B	IL1RAP	Il1b	Il1rap					candidate_public_only_not_graph_edge	no_component_normalized_match_in_mSCIdblit
master_LR_union	IL1B	SIGIRR	Il1b	Sigirr					candidate_public_only_not_graph_edge	no_component_normalized_match_in_mSCIdblit
master_LR_union	IL1F10	IL1R1	Il1f10	Il1r1					candidate_public_only_not_graph_edge	no_component_normalized_match_in_mSCIdblit
master_LR_union	IL1F10	IL1RAP+IL1RL2	Il1f10	Il1rl2_Il1rap					candidate_public_only_not_graph_edge	no_component_normalized_match_in_mSCIdblit
master_LR_union	IL1F10	IL1RAPL1	Il1f10	Il1rapl1					candidate_public_only_not_graph_edge	no_component_normalized_match_in_mSCIdblit
master_LR_union	IL1F10	IL1RAPL2	Il1f10	Il1rapl2					candidate_public_only_not_graph_edge	no_component_normalized_match_in_mSCIdblit
master_LR_union	IL1F10	IL1RL2	Il1f10	Il1rl2					candidate_public_only_not_graph_edge	no_component_normalized_match_in_mSCIdblit
master_LR_union	IL1F10	SIGIRR	Il1f10	Sigirr					candidate_public_only_not_graph_edge	no_component_normalized_match_in_mSCIdblit
master_LR_union	IL1F9	IFNAR1	Il1f9	Ifnar1					candidate_public_only_not_graph_edge	no_component_normalized_match_in_mSCIdblit
master_LR_union	IL1F9	IFNAR2	Il1f9	Ifnar2					candidate_public_only_not_graph_edge	no_component_normalized_match_in_mSCIdblit
master_LR_union	IL1RAPL1	PTPRF	Il1rapl1	Ptprf					candidate_public_only_not_graph_edge	no_component_normalized_match_in_mSCIdblit
master_LR_union	IL1RAPL1	PTPRS	Il1rapl1	Ptprs					candidate_public_only_not_graph_edge	no_component_normalized_match_in_mSCIdblit
master_LR_union	IL1RN	IL1R1	Il1rn	Il1r1					candidate_public_only_not_graph_edge	no_component_normalized_match_in_mSCIdblit
master_LR_union	IL1RN	IL1R2	Il1rn	Il1r2					candidate_public_only_not_graph_edge	no_component_normalized_match_in_mSCIdblit
master_LR_union	IL1RN	IL1RL2	Il1rn	Il1rl2					candidate_public_only_not_graph_edge	no_component_normalized_match_in_mSCIdblit
master_LR_union	IL2	CD53	Il2	Cd53					candidate_public_only_not_graph_edge	no_component_normalized_match_in_mSCIdblit
master_LR_union	IL2	IL20RA+IL20RB+IL2RG	Il2	Il20ra_Il20rb_Il2rg					candidate_public_only_not_graph_edge	no_component_normalized_match_in_mSCIdblit
master_LR_union	IL2	IL2RA	Il2	Il2ra					candidate_public_only_not_graph_edge	no_component_normalized_match_in_mSCIdblit
master_LR_union	IL2	IL2RB	Il2	Il2rb					candidate_public_only_not_graph_edge	no_component_normalized_match_in_mSCIdblit
master_LR_union	IL2	IL2RG	Il2	Il2rg					candidate_public_only_not_graph_edge	no_component_normalized_match_in_mSCIdblit
master_LR_union	IL2	NGFR	Il2	Ngfr					candidate_public_only_not_graph_edge	no_component_normalized_match_in_mSCIdblit
master_LR_union	IL20	IL20RA	Il20	Il20ra					candidate_public_only_not_graph_edge	no_component_normalized_match_in_mSCIdblit
master_LR_union	IL20	IL20RB	Il20	Il20rb					candidate_public_only_not_graph_edge	no_component_normalized_match_in_mSCIdblit
master_LR_union	IL20	IL22RA1	Il20	Il22ra1					candidate_public_only_not_graph_edge	no_component_normalized_match_in_mSCIdblit
master_LR_union	IL21	IL4RA	Il21	Il4ra					candidate_public_only_not_graph_edge	no_component_normalized_match_in_mSCIdblit
master_LR_union	IL22	IL10RA	Il22	Il10ra					candidate_public_only_not_graph_edge	no_component_normalized_match_in_mSCIdblit
master_LR_union	IL22	IL10RB	Il22	Il10rb					candidate_public_only_not_graph_edge	no_component_normalized_match_in_mSCIdblit
master_LR_union	IL22	IL20RA	Il22	Il20ra					candidate_public_only_not_graph_edge	no_component_normalized_match_in_mSCIdblit
master_LR_union	IL22	IL20RB	Il22	Il20rb					candidate_public_only_not_graph_edge	no_component_normalized_match_in_mSCIdblit
master_LR_union	IL22	IL21R	Il22	Il21r					candidate_public_only_not_graph_edge	no_component_normalized_match_in_mSCIdblit
master_LR_union	IL22	IL22RA2	Il22	Il22ra2					candidate_public_only_not_graph_edge	no_component_normalized_match_in_mSCIdblit
master_LR_union	IL22B	IL10RA	Il22b	Il10ra					candidate_public_only_not_graph_edge	no_component_normalized_match_in_mSCIdblit
master_LR_union	IL22B	IL10RB	Il22b	Il10rb					candidate_public_only_not_graph_edge	no_component_normalized_match_in_mSCIdblit
master_LR_union	IL22B	IL20RA	Il22b	Il20ra					candidate_public_only_not_graph_edge	no_component_normalized_match_in_mSCIdblit
master_LR_union	IL22B	IL20RB	Il22b	Il20rb					candidate_public_only_not_graph_edge	no_component_normalized_match_in_mSCIdblit
master_LR_union	IL22B	IL22RA1	Il22b	Il22ra1					candidate_public_only_not_graph_edge	no_component_normalized_match_in_mSCIdblit
master_LR_union	IL22B	IL22RA2	Il22b	Il22ra2					candidate_public_only_not_graph_edge	no_component_normalized_match_in_mSCIdblit
master_LR_union	IL23A	CD33	Il23a	Cd33					candidate_public_only_not_graph_edge	no_component_normalized_match_in_mSCIdblit
master_LR_union	IL23A	GP6	Il23a	Gp6					candidate_public_only_not_graph_edge	no_component_normalized_match_in_mSCIdblit
master_LR_union	IL23A	IL12RB1	Il23a	Il12rb1					candidate_public_only_not_graph_edge	no_component_normalized_match_in_mSCIdblit
master_LR_union	IL23A	IL12RB2	Il23a	Il12rb2					candidate_public_only_not_graph_edge	no_component_normalized_match_in_mSCIdblit
master_LR_union	IL23A	IL23R	Il23a	Il23r					candidate_public_only_not_graph_edge	no_component_normalized_match_in_mSCIdblit
master_LR_union	IL23A	SIGLECF	Il23a	Siglecf					candidate_public_only_not_graph_edge	no_component_normalized_match_in_mSCIdblit
master_LR_union	IL23A	SIGLECH	Il23a	Siglech					candidate_public_only_not_graph_edge	no_component_normalized_match_in_mSCIdblit
master_LR_union	IL24	IL10RB	Il24	Il10rb					candidate_public_only_not_graph_edge	no_component_normalized_match_in_mSCIdblit
master_LR_union	IL24	IL20RA	Il24	Il20ra					candidate_public_only_not_graph_edge	no_component_normalized_match_in_mSCIdblit
master_LR_union	IL24	IL20RB	Il24	Il20rb					candidate_public_only_not_graph_edge	no_component_normalized_match_in_mSCIdblit
master_LR_union	IL24	IL22RA1	Il24	Il22ra1					candidate_public_only_not_graph_edge	no_component_normalized_match_in_mSCIdblit
master_LR_union	IL24	NOTCH2	Il24	Notch2					candidate_public_only_not_graph_edge	no_component_normalized_match_in_mSCIdblit
master_LR_union	IL25	IL17RA	Il25	Il17ra					candidate_public_only_not_graph_edge	no_component_normalized_match_in_mSCIdblit
master_LR_union	IL25	IL17RA+IL17RB	Il25	Il17ra_Il17rb					candidate_public_only_not_graph_edge	no_component_normalized_match_in_mSCIdblit
master_LR_union	IL25	IL17RB	Il25	Il17rb					candidate_public_only_not_graph_edge	no_component_normalized_match_in_mSCIdblit
master_LR_union	IL27	IL27RA	Il27	Il27ra					candidate_public_only_not_graph_edge	no_component_normalized_match_in_mSCIdblit
master_LR_union	IL3	BCL2	Il3	Bcl2					candidate_public_only_not_graph_edge	no_component_normalized_match_in_mSCIdblit
master_LR_union	IL3	CSF2RA	Il3	Csf2ra					candidate_public_only_not_graph_edge	no_component_normalized_match_in_mSCIdblit
master_LR_union	IL3	CSF2RB	Il3	Csf2rb					candidate_public_only_not_graph_edge	no_component_normalized_match_in_mSCIdblit
master_LR_union	IL3	CSF2RB2	Il3	Csf2rb2					candidate_public_only_not_graph_edge	no_component_normalized_match_in_mSCIdblit
master_LR_union	IL3	IL3RA	Il3	Il3ra					candidate_public_only_not_graph_edge	no_component_normalized_match_in_mSCIdblit
master_LR_union	IL31	IL31RA+OSMR	Il31	Il31ra_Osmr					candidate_public_only_not_graph_edge	no_component_normalized_match_in_mSCIdblit
master_LR_union	IL31	OSMR	Il31	Osmr					candidate_public_only_not_graph_edge	no_component_normalized_match_in_mSCIdblit
master_LR_union	IL33	IL1RAP	Il33	Il1rap					candidate_public_only_not_graph_edge	no_component_normalized_match_in_mSCIdblit
master_LR_union	IL33	IL1RL1	Il33	Il1rl1					candidate_public_only_not_graph_edge	no_component_normalized_match_in_mSCIdblit
master_LR_union	IL34	CSF1R	Il34	Csf1r					candidate_public_only_not_graph_edge	no_component_normalized_match_in_mSCIdblit
master_LR_union	IL36A	IL1RAP	Il36a	Il1rap					candidate_public_only_not_graph_edge	no_component_normalized_match_in_mSCIdblit
master_LR_union	IL36A	IL1RL2	Il36a	Il1rl2					candidate_public_only_not_graph_edge	no_component_normalized_match_in_mSCIdblit
master_LR_union	IL36B	IL1RAP	Il36b	Il1rap					candidate_public_only_not_graph_edge	no_component_normalized_match_in_mSCIdblit
master_LR_union	IL36B	IL1RL2	Il36b	Il1rl2					candidate_public_only_not_graph_edge	no_component_normalized_match_in_mSCIdblit
master_LR_union	IL36G	IFNAR1	Il36g	Ifnar1					candidate_public_only_not_graph_edge	no_component_normalized_match_in_mSCIdblit
master_LR_union	IL36G	IFNAR2	Il36g	Ifnar2					candidate_public_only_not_graph_edge	no_component_normalized_match_in_mSCIdblit
master_LR_union	IL36G	IL1RAP	Il36g	Il1rap					candidate_public_only_not_graph_edge	no_component_normalized_match_in_mSCIdblit
master_LR_union	IL36G	IL1RL2	Il36g	Il1rl2					candidate_public_only_not_graph_edge	no_component_normalized_match_in_mSCIdblit
master_LR_union	IL36RN	IL1RAP	Il36rn	Il1rap					candidate_public_only_not_graph_edge	no_component_normalized_match_in_mSCIdblit
master_LR_union	IL36RN	IL1RL2	Il36rn	Il1rl2					candidate_public_only_not_graph_edge	no_component_normalized_match_in_mSCIdblit
master_LR_union	IL4	CD53	Il4	Cd53					candidate_public_only_not_graph_edge	no_component_normalized_match_in_mSCIdblit
master_LR_union	IL4	IL13+IL13RA1+IL4RA	Il4	Il13_Il13ra1_Il4ra					candidate_public_only_not_graph_edge	no_component_normalized_match_in_mSCIdblit
master_LR_union	IL4	IL13RA1	Il4	Il13ra1					candidate_public_only_not_graph_edge	no_component_normalized_match_in_mSCIdblit
master_LR_union	IL4	IL13RA2	Il4	Il13ra2					candidate_public_only_not_graph_edge	no_component_normalized_match_in_mSCIdblit
master_LR_union	IL4	IL13RA2+IL4RA	Il4	Il4ra_Il13ra2					candidate_public_only_not_graph_edge	no_component_normalized_match_in_mSCIdblit
master_LR_union	IL4	IL21R	Il4	Il21r					candidate_public_only_not_graph_edge	no_component_normalized_match_in_mSCIdblit
master_LR_union	IL4	IL2RG	Il4	Il2rg					candidate_public_only_not_graph_edge	no_component_normalized_match_in_mSCIdblit
master_LR_union	IL4	IL4RA	Il4	Il4ra					candidate_public_only_not_graph_edge	no_component_normalized_match_in_mSCIdblit
master_LR_union	IL5	CSF2RA	Il5	Csf2ra					candidate_public_only_not_graph_edge	no_component_normalized_match_in_mSCIdblit
master_LR_union	IL5	CSF2RB	Il5	Csf2rb					candidate_public_only_not_graph_edge	no_component_normalized_match_in_mSCIdblit
master_LR_union	IL5	CSF2RB2	Il5	Csf2rb2					candidate_public_only_not_graph_edge	no_component_normalized_match_in_mSCIdblit
master_LR_union	IL5	IL5RA	Il5	Il5ra					candidate_public_only_not_graph_edge	no_component_normalized_match_in_mSCIdblit
master_LR_union	IL6	F3	Il6	F3					candidate_public_only_not_graph_edge	no_component_normalized_match_in_mSCIdblit
master_LR_union	IL6	FCGR4	Il6	Fcgr4					candidate_public_only_not_graph_edge	no_component_normalized_match_in_mSCIdblit
master_LR_union	IL6	HRH1	Il6	Hrh1					candidate_public_only_not_graph_edge	no_component_normalized_match_in_mSCIdblit
master_LR_union	IL6	IL6RA	Il6	Il6ra					candidate_public_only_not_graph_edge	no_component_normalized_match_in_mSCIdblit
master_LR_union	IL6	IL6ST	Il6	Il6st					candidate_public_only_not_graph_edge	no_component_normalized_match_in_mSCIdblit
master_LR_union	IL6	MUSK	Il6	Musk					candidate_public_only_not_graph_edge	no_component_normalized_match_in_mSCIdblit
master_LR_union	IL7	IL2RG	Il7	Il2rg					candidate_public_only_not_graph_edge	no_component_normalized_match_in_mSCIdblit
master_LR_union	IL7	IL7R	Il7	Il7r					candidate_public_only_not_graph_edge	no_component_normalized_match_in_mSCIdblit
master_LR_union	IL9	IL2RG	Il9	Il2rg					candidate_public_only_not_graph_edge	no_component_normalized_match_in_mSCIdblit
master_LR_union	IL9	IL9R	Il9	Il9r					candidate_public_only_not_graph_edge	no_component_normalized_match_in_mSCIdblit
master_LR_union	ILDR2	CLEC12B	Ildr2	Clec12b					candidate_public_only_not_graph_edge	no_component_normalized_match_in_mSCIdblit
master_LR_union	ILDR2	CSF2RB	Ildr2	Csf2rb					candidate_public_only_not_graph_edge	no_component_normalized_match_in_mSCIdblit
master_LR_union	ILDR2	CSF2RB2	Ildr2	Csf2rb2					candidate_public_only_not_graph_edge	no_component_normalized_match_in_mSCIdblit
master_LR_union	ILDR2	FLT4	Ildr2	Flt4					candidate_public_only_not_graph_edge	no_component_normalized_match_in_mSCIdblit
master_LR_union	ILDR2	IGSF21	Ildr2	Igsf21					candidate_public_only_not_graph_edge	no_component_normalized_match_in_mSCIdblit
master_LR_union	ILTIFB	IL10RA	Iltifb	Il10ra					candidate_public_only_not_graph_edge	no_component_normalized_match_in_mSCIdblit
master_LR_union	ILTIFB	IL20RA	Iltifb	Il20ra					candidate_public_only_not_graph_edge	no_component_normalized_match_in_mSCIdblit
master_LR_union	ILTIFB	IL21R	Iltifb	Il21r					candidate_public_only_not_graph_edge	no_component_normalized_match_in_mSCIdblit
master_LR_union	ILTIFB	IL22RA2	Iltifb	Il22ra2					candidate_public_only_not_graph_edge	no_component_normalized_match_in_mSCIdblit
master_LR_union	IMPG2	CADM3	Impg2	Cadm3					candidate_public_only_not_graph_edge	no_component_normalized_match_in_mSCIdblit
master_LR_union	IMPG2	PRLR	Impg2	Prlr					candidate_public_only_not_graph_edge	no_component_normalized_match_in_mSCIdblit
master_LR_union	INHA	ACVR1	Inha	Acvr1					candidate_public_only_not_graph_edge	no_component_normalized_match_in_mSCIdblit
master_LR_union	INHA	ACVR1B	Inha	Acvr1b					candidate_public_only_not_graph_edge	no_component_normalized_match_in_mSCIdblit
master_LR_union	INHA	ACVR2A	Inha	Acvr2a					candidate_public_only_not_graph_edge	no_component_normalized_match_in_mSCIdblit
master_LR_union	INHA	ACVR2B	Inha	Acvr2b					candidate_public_only_not_graph_edge	no_component_normalized_match_in_mSCIdblit
master_LR_union	INHA	TGFBR3	Inha	Tgfbr3					candidate_public_only_not_graph_edge	no_component_normalized_match_in_mSCIdblit
master_LR_union	INHA+INHBA	ACVR2A	Inha_Inhba	Acvr2a					candidate_public_only_not_graph_edge	no_component_normalized_match_in_mSCIdblit
master_LR_union	INHA+INHBB	ACVR2B	Inha_Inhbb	Acvr2b					candidate_public_only_not_graph_edge	no_component_normalized_match_in_mSCIdblit
master_LR_union	INHBA	ACTR2	Inhba	Actr2					candidate_public_only_not_graph_edge	no_component_normalized_match_in_mSCIdblit
master_LR_union	INHBA	ACVR1	Inhba	Acvr1					candidate_public_only_not_graph_edge	no_component_normalized_match_in_mSCIdblit
master_LR_union	INHBA	ACVR1B	Inhba	Acvr1b					candidate_public_only_not_graph_edge	no_component_normalized_match_in_mSCIdblit
master_LR_union	INHBA	ACVR1B+ACVR2A	Inhba	Acvr1b_Acvr2a					candidate_public_only_not_graph_edge	no_component_normalized_match_in_mSCIdblit
master_LR_union	INHBA	ACVR1B+ACVR2B	Inhba	Acvr1b_Acvr2b					candidate_public_only_not_graph_edge	no_component_normalized_match_in_mSCIdblit
master_LR_union	INHBA	ACVR1C	Inhba	Acvr1c					candidate_public_only_not_graph_edge	no_component_normalized_match_in_mSCIdblit
master_LR_union	INHBA	ACVR2A	Inhba	Acvr2a					candidate_public_only_not_graph_edge	no_component_normalized_match_in_mSCIdblit
master_LR_union	INHBA	ACVR2B	Inhba	Acvr2b					candidate_public_only_not_graph_edge	no_component_normalized_match_in_mSCIdblit
master_LR_union	INHBA	BAMBI	Inhba	Bambi					candidate_public_only_not_graph_edge	no_component_normalized_match_in_mSCIdblit
master_LR_union	INHBA	TGFBR3	Inhba	Tgfbr3					candidate_public_only_not_graph_edge	no_component_normalized_match_in_mSCIdblit
master_LR_union	INHBA+INHBB	ACVR1+ACVR2A	Inhba_Inhbb	Acvr1_Acvr2a					candidate_public_only_not_graph_edge	no_component_normalized_match_in_mSCIdblit
master_LR_union	INHBA+INHBB	ACVR1+ACVR2B	Inhba_Inhbb	Acvr1_Acvr2b					candidate_public_only_not_graph_edge	no_component_normalized_match_in_mSCIdblit
master_LR_union	INHBA+INHBB	ACVR1B+ACVR2A	Inhba_Inhbb	Acvr1b_Acvr2a					candidate_public_only_not_graph_edge	no_component_normalized_match_in_mSCIdblit
master_LR_union	INHBA+INHBB	ACVR1B+ACVR2B	Inhba_Inhbb	Acvr1b_Acvr2b					candidate_public_only_not_graph_edge	no_component_normalized_match_in_mSCIdblit
master_LR_union	INHBA+INHBB	ACVR1C+ACVR2A	Inhba_Inhbb	Acvr1c_Acvr2a					candidate_public_only_not_graph_edge	no_component_normalized_match_in_mSCIdblit
master_LR_union	INHBA+INHBB	ACVR1C+ACVR2B	Inhba_Inhbb	Acvr1c_Acvr2b					candidate_public_only_not_graph_edge	no_component_normalized_match_in_mSCIdblit
master_LR_union	INHBB	ACVR1	Inhbb	Acvr1					candidate_public_only_not_graph_edge	no_component_normalized_match_in_mSCIdblit
master_LR_union	INHBB	ACVR1B	Inhbb	Acvr1b					candidate_public_only_not_graph_edge	no_component_normalized_match_in_mSCIdblit
master_LR_union	INHBB	ACVR1B+ACVR2A	Inhbb	Acvr1b_Acvr2a					candidate_public_only_not_graph_edge	no_component_normalized_match_in_mSCIdblit
master_LR_union	INHBB	ACVR1B+ACVR2B	Inhbb	Acvr1b_Acvr2b					candidate_public_only_not_graph_edge	no_component_normalized_match_in_mSCIdblit
master_LR_union	INHBB	ACVR1C	Inhbb	Acvr1c					candidate_public_only_not_graph_edge	no_component_normalized_match_in_mSCIdblit
master_LR_union	INHBB	ACVR1C+ACVR2A	Inhbb	Acvr1c_Acvr2a					candidate_public_only_not_graph_edge	no_component_normalized_match_in_mSCIdblit
master_LR_union	INHBB	ACVR1C+ACVR2B	Inhbb	Acvr1c_Acvr2b					candidate_public_only_not_graph_edge	no_component_normalized_match_in_mSCIdblit
master_LR_union	INHBB	ACVR2A	Inhbb	Acvr2a					candidate_public_only_not_graph_edge	no_component_normalized_match_in_mSCIdblit
master_LR_union	INHBB	ACVR2B	Inhbb	Acvr2b					candidate_public_only_not_graph_edge	no_component_normalized_match_in_mSCIdblit
master_LR_union	INHBB	BAMBI	Inhbb	Bambi					candidate_public_only_not_graph_edge	no_component_normalized_match_in_mSCIdblit
master_LR_union	INHBB	CFC1	Inhbb	Cfc1					candidate_public_only_not_graph_edge	no_component_normalized_match_in_mSCIdblit
master_LR_union	INHBC	ACVR1	Inhbc	Acvr1					candidate_public_only_not_graph_edge	no_component_normalized_match_in_mSCIdblit
master_LR_union	INHBC	ACVR1B	Inhbc	Acvr1b					candidate_public_only_not_graph_edge	no_component_normalized_match_in_mSCIdblit
master_LR_union	INHBC	ACVR1B+ACVR2A	Inhbc	Acvr1b_Acvr2a					candidate_public_only_not_graph_edge	no_component_normalized_match_in_mSCIdblit
master_LR_union	INHBC	ACVR1B+ACVR2B	Inhbc	Acvr1b_Acvr2b					candidate_public_only_not_graph_edge	no_component_normalized_match_in_mSCIdblit
master_LR_union	INHBC	ACVR1C+ACVR2A	Inhbc	Acvr1c_Acvr2a					candidate_public_only_not_graph_edge	no_component_normalized_match_in_mSCIdblit
master_LR_union	INHBC	ACVR1C+ACVR2B	Inhbc	Acvr1c_Acvr2b					candidate_public_only_not_graph_edge	no_component_normalized_match_in_mSCIdblit
master_LR_union	INHBC	ACVR2A	Inhbc	Acvr2a					candidate_public_only_not_graph_edge	no_component_normalized_match_in_mSCIdblit
master_LR_union	INHBC	ACVR2B	Inhbc	Acvr2b					candidate_public_only_not_graph_edge	no_component_normalized_match_in_mSCIdblit
master_LR_union	INHBE	ACVR1	Inhbe	Acvr1					candidate_public_only_not_graph_edge	no_component_normalized_match_in_mSCIdblit
master_LR_union	INHBE	ACVR1B	Inhbe	Acvr1b					candidate_public_only_not_graph_edge	no_component_normalized_match_in_mSCIdblit
master_LR_union	INHBE	ACVR1B+ACVR2A	Inhbe	Acvr1b_Acvr2a					candidate_public_only_not_graph_edge	no_component_normalized_match_in_mSCIdblit
master_LR_union	INHBE	ACVR1B+ACVR2B	Inhbe	Acvr1b_Acvr2b					candidate_public_only_not_graph_edge	no_component_normalized_match_in_mSCIdblit
master_LR_union	INHBE	ACVR1C+ACVR2A	Inhbe	Acvr1c_Acvr2a					candidate_public_only_not_graph_edge	no_component_normalized_match_in_mSCIdblit
master_LR_union	INHBE	ACVR1C+ACVR2B	Inhbe	Acvr1c_Acvr2b					candidate_public_only_not_graph_edge	no_component_normalized_match_in_mSCIdblit
master_LR_union	INHBE	ACVR2A	Inhbe	Acvr2a					candidate_public_only_not_graph_edge	no_component_normalized_match_in_mSCIdblit
master_LR_union	INHBE	ACVR2B	Inhbe	Acvr2b					candidate_public_only_not_graph_edge	no_component_normalized_match_in_mSCIdblit
master_LR_union	INS1	IGF1R	Ins1	Igf1r					candidate_public_only_not_graph_edge	no_component_normalized_match_in_mSCIdblit
master_LR_union	INS1	INSR	Ins1	Insr					candidate_public_only_not_graph_edge	no_component_normalized_match_in_mSCIdblit
master_LR_union	INS1	LRP2	Ins1	Lrp2					candidate_public_only_not_graph_edge	no_component_normalized_match_in_mSCIdblit
master_LR_union	INS2	LRP2	Ins2	Lrp2					candidate_public_only_not_graph_edge	no_component_normalized_match_in_mSCIdblit
master_LR_union	INSL3	ADCYAP1R1	Insl3	Adcyap1r1					candidate_public_only_not_graph_edge	no_component_normalized_match_in_mSCIdblit
master_LR_union	INSL3	ADRB2	Insl3	Adrb2					candidate_public_only_not_graph_edge	no_component_normalized_match_in_mSCIdblit
master_LR_union	INSL3	ADRB3	Insl3	Adrb3					candidate_public_only_not_graph_edge	no_component_normalized_match_in_mSCIdblit
master_LR_union	INSL3	GPR20	Insl3	Gpr20					candidate_public_only_not_graph_edge	no_component_normalized_match_in_mSCIdblit
master_LR_union	INSL3	GPR84	Insl3	Gpr84					candidate_public_only_not_graph_edge	no_component_normalized_match_in_mSCIdblit
master_LR_union	INSL3	PTH1R	Insl3	Pth1r					candidate_public_only_not_graph_edge	no_component_normalized_match_in_mSCIdblit
master_LR_union	INSL3	RAMP2	Insl3	Ramp2					candidate_public_only_not_graph_edge	no_component_normalized_match_in_mSCIdblit
master_LR_union	INSL3	RAMP3	Insl3	Ramp3					candidate_public_only_not_graph_edge	no_component_normalized_match_in_mSCIdblit
master_LR_union	INSL3	RXFP1	Insl3	Rxfp1					candidate_public_only_not_graph_edge	no_component_normalized_match_in_mSCIdblit
master_LR_union	INSL3	RXFP3	Insl3	Rxfp3					candidate_public_only_not_graph_edge	no_component_normalized_match_in_mSCIdblit
master_LR_union	INSL3	RXFP4	Insl3	Rxfp4					candidate_public_only_not_graph_edge	no_component_normalized_match_in_mSCIdblit
master_LR_union	INSL3	TSHR	Insl3	Tshr					candidate_public_only_not_graph_edge	no_component_normalized_match_in_mSCIdblit
master_LR_union	INSL3	VIPR1	Insl3	Vipr1					candidate_public_only_not_graph_edge	no_component_normalized_match_in_mSCIdblit
master_LR_union	INSL5	ADRA2A	Insl5	Adra2a					candidate_public_only_not_graph_edge	no_component_normalized_match_in_mSCIdblit
master_LR_union	INSL5	GRM7	Insl5	Grm7					candidate_public_only_not_graph_edge	no_component_normalized_match_in_mSCIdblit
master_LR_union	INSL5	MTNR1A	Insl5	Mtnr1a					candidate_public_only_not_graph_edge	no_component_normalized_match_in_mSCIdblit
master_LR_union	INSL5	RXFP1	Insl5	Rxfp1					candidate_public_only_not_graph_edge	no_component_normalized_match_in_mSCIdblit
master_LR_union	INSL5	RXFP2	Insl5	Rxfp2					candidate_public_only_not_graph_edge	no_component_normalized_match_in_mSCIdblit
master_LR_union	IRAK4	TLR4	Irak4	Tlr4					candidate_public_only_not_graph_edge	no_component_normalized_match_in_mSCIdblit
master_LR_union	IRAK4	TLR6	Irak4	Tlr6					candidate_public_only_not_graph_edge	no_component_normalized_match_in_mSCIdblit
master_LR_union	IRAK4	TLR7	Irak4	Tlr7					candidate_public_only_not_graph_edge	no_component_normalized_match_in_mSCIdblit
master_LR_union	ITGA4	VCAM1	Itga4	Vcam1					candidate_public_only_not_graph_edge	no_component_normalized_match_in_mSCIdblit
master_LR_union	ITGA4+ITGB1	VCAM1	Itga4_Itgb1	Vcam1					candidate_public_only_not_graph_edge	no_component_normalized_match_in_mSCIdblit
master_LR_union	ITGA4+ITGB7	VCAM1	Itga4_Itgb7	Vcam1					candidate_public_only_not_graph_edge	no_component_normalized_match_in_mSCIdblit
master_LR_union	ITGA9	VCAM1	Itga9	Vcam1					candidate_public_only_not_graph_edge	no_component_normalized_match_in_mSCIdblit
master_LR_union	ITGA9+ITGB1	VCAM1	Itga9_Itgb1	Vcam1					candidate_public_only_not_graph_edge	no_component_normalized_match_in_mSCIdblit
master_LR_union	ITGAL	CD226	Itgal	Cd226					candidate_public_only_not_graph_edge	no_component_normalized_match_in_mSCIdblit
master_LR_union	ITGAL	ICAM1	Itgal	Icam1					candidate_public_only_not_graph_edge	no_component_normalized_match_in_mSCIdblit
master_LR_union	ITGAM	ICAM1	Itgam	Icam1					candidate_public_only_not_graph_edge	no_component_normalized_match_in_mSCIdblit
master_LR_union	ITGAV	THY1	Itgav	Thy1					candidate_public_only_not_graph_edge	no_component_normalized_match_in_mSCIdblit
master_LR_union	ITGAV+ITGB1	ADGRE5	Itgav_Itgb1	Adgre5					candidate_public_only_not_graph_edge	no_component_normalized_match_in_mSCIdblit
master_LR_union	ITGAV+ITGB3	ADGRA2	Itgav_Itgb3	Adgra2					candidate_public_only_not_graph_edge	no_component_normalized_match_in_mSCIdblit
master_LR_union	ITGAV+ITGB3	ADGRE5	Itgav_Itgb3	Adgre5					candidate_public_only_not_graph_edge	no_component_normalized_match_in_mSCIdblit
master_LR_union	ITGAV+ITGB5	ADGRB1	Itgav_Itgb5	Adgrb1					candidate_public_only_not_graph_edge	no_component_normalized_match_in_mSCIdblit
master_LR_union	ITGB1	VCAM1	Itgb1	Vcam1					candidate_public_only_not_graph_edge	no_component_normalized_match_in_mSCIdblit
master_LR_union	ITGB2	CD226	Itgb2	Cd226					candidate_public_only_not_graph_edge	no_component_normalized_match_in_mSCIdblit
master_LR_union	ITGB2	CD82	Itgb2	Cd82					candidate_public_only_not_graph_edge	no_component_normalized_match_in_mSCIdblit
master_LR_union	ITGB2	ICAM1	Itgb2	Icam1					candidate_public_only_not_graph_edge	no_component_normalized_match_in_mSCIdblit
master_LR_union	ITGB2	THY1	Itgb2	Thy1					candidate_public_only_not_graph_edge	no_component_normalized_match_in_mSCIdblit
master_LR_union	ITGB2L	CD226	Itgb2l	Cd226					candidate_public_only_not_graph_edge	no_component_normalized_match_in_mSCIdblit
master_LR_union	ITGB2L	CD82	Itgb2l	Cd82					candidate_public_only_not_graph_edge	no_component_normalized_match_in_mSCIdblit
master_LR_union	ITGB2L	ICAM1	Itgb2l	Icam1					candidate_public_only_not_graph_edge	no_component_normalized_match_in_mSCIdblit
master_LR_union	ITGB2L	THY1	Itgb2l	Thy1					candidate_public_only_not_graph_edge	no_component_normalized_match_in_mSCIdblit
master_LR_union	ITGB3BP	ITGB3	Itgb3bp	Itgb3					candidate_public_only_not_graph_edge	no_component_normalized_match_in_mSCIdblit
master_LR_union	ITGB3BP	ITGB5	Itgb3bp	Itgb5					candidate_public_only_not_graph_edge	no_component_normalized_match_in_mSCIdblit
master_LR_union	ITIH2	FCER1A	Itih2	Fcer1a					candidate_public_only_not_graph_edge	no_component_normalized_match_in_mSCIdblit
master_LR_union	ITM2B	ROR2	Itm2b	Ror2					candidate_public_only_not_graph_edge	no_component_normalized_match_in_mSCIdblit
master_LR_union	IZUMO1	CD9	Izumo1	Cd9					candidate_public_only_not_graph_edge	no_component_normalized_match_in_mSCIdblit
master_LR_union	IZUMO1	IZUMO1R	Izumo1	Izumo1r					candidate_public_only_not_graph_edge	no_component_normalized_match_in_mSCIdblit
master_LR_union	IZUMO1	LILRA5	Izumo1	Lilra5					candidate_public_only_not_graph_edge	no_component_normalized_match_in_mSCIdblit
master_LR_union	JAG1	NOTCH1	Jag1	Notch1					candidate_public_only_not_graph_edge	no_component_normalized_match_in_mSCIdblit
master_LR_union	JAG1	NOTCH4	Jag1	Notch4					candidate_public_only_not_graph_edge	no_component_normalized_match_in_mSCIdblit
master_LR_union	JAG2	NOTCH4	Jag2	Notch4					candidate_public_only_not_graph_edge	no_component_normalized_match_in_mSCIdblit
master_LR_union	JAM2	F11R	Jam2	F11r					candidate_public_only_not_graph_edge	no_component_normalized_match_in_mSCIdblit
master_LR_union	JAM2	ITGA3	Jam2	Itga3					candidate_public_only_not_graph_edge	no_component_normalized_match_in_mSCIdblit
master_LR_union	JAM2	ITGA3+ITGB1	Jam2	Itga3_Itgb1					candidate_public_only_not_graph_edge	no_component_normalized_match_in_mSCIdblit
master_LR_union	JAM2	ITGA4	Jam2	Itga4					candidate_public_only_not_graph_edge	no_component_normalized_match_in_mSCIdblit
master_LR_union	JAM2	ITGA4+ITGB1	Jam2	Itga4_Itgb1					candidate_public_only_not_graph_edge	no_component_normalized_match_in_mSCIdblit
master_LR_union	JAM2	ITGAV	Jam2	Itgav					candidate_public_only_not_graph_edge	no_component_normalized_match_in_mSCIdblit
master_LR_union	JAM2	ITGAV+ITGB1	Jam2	Itgav_Itgb1					candidate_public_only_not_graph_edge	no_component_normalized_match_in_mSCIdblit
master_LR_union	JAM2	ITGB1	Jam2	Itgb1					candidate_public_only_not_graph_edge	no_component_normalized_match_in_mSCIdblit
master_LR_union	JAM2	JAM2	Jam2	Jam2					candidate_public_only_not_graph_edge	no_component_normalized_match_in_mSCIdblit
master_LR_union	JAM2	JAM3	Jam2	Jam3					candidate_public_only_not_graph_edge	no_component_normalized_match_in_mSCIdblit
master_LR_union	JAM3	F11R	Jam3	F11r					candidate_public_only_not_graph_edge	no_component_normalized_match_in_mSCIdblit
master_LR_union	JAM3	GM49368	Jam3	Gm49368					candidate_public_only_not_graph_edge	no_component_normalized_match_in_mSCIdblit
master_LR_union	JAM3	ITGAM	Jam3	Itgam					candidate_public_only_not_graph_edge	no_component_normalized_match_in_mSCIdblit
master_LR_union	JAM3	ITGAM+ITGB2	Jam3	Itgam_Itgb2					candidate_public_only_not_graph_edge	no_component_normalized_match_in_mSCIdblit
master_LR_union	JAM3	ITGAM+ITGB2L	Jam3	Itgam_Itgb2l					candidate_public_only_not_graph_edge	no_component_normalized_match_in_mSCIdblit
master_LR_union	JAM3	ITGB1	Jam3	Itgb1					candidate_public_only_not_graph_edge	no_component_normalized_match_in_mSCIdblit
master_LR_union	JAM3	ITGB2	Jam3	Itgb2					candidate_public_only_not_graph_edge	no_component_normalized_match_in_mSCIdblit
master_LR_union	JAM3	ITGB2L	Jam3	Itgb2l					candidate_public_only_not_graph_edge	no_component_normalized_match_in_mSCIdblit
master_LR_union	JAM3	JAM2	Jam3	Jam2					candidate_public_only_not_graph_edge	no_component_normalized_match_in_mSCIdblit
master_LR_union	JAM3	JAM3	Jam3	Jam3					candidate_public_only_not_graph_edge	no_component_normalized_match_in_mSCIdblit
master_LR_union	JAML	CD320	Jaml	Cd320					candidate_public_only_not_graph_edge	no_component_normalized_match_in_mSCIdblit
master_LR_union	JAML	CXADR	Jaml	Cxadr					candidate_public_only_not_graph_edge	no_component_normalized_match_in_mSCIdblit
master_LR_union	JAML	GM1123	Jaml	Gm1123					candidate_public_only_not_graph_edge	no_component_normalized_match_in_mSCIdblit
master_LR_union	KCNA1	CNTN1	Kcna1	Cntn1					candidate_public_only_not_graph_edge	no_component_normalized_match_in_mSCIdblit
master_LR_union	KCNA1	CNTNAP1	Kcna1	Cntnap1					candidate_public_only_not_graph_edge	no_component_normalized_match_in_mSCIdblit
master_LR_union	KCNA1	RTN4	Kcna1	Rtn4					candidate_public_only_not_graph_edge	no_component_normalized_match_in_mSCIdblit
master_LR_union	KIRREL	KIRREL	Kirrel	Kirrel					candidate_public_only_not_graph_edge	no_component_normalized_match_in_mSCIdblit
master_LR_union	KIRREL3	CD33	Kirrel3	Cd33					candidate_public_only_not_graph_edge	no_component_normalized_match_in_mSCIdblit
master_LR_union	KISS1	MMP24	Kiss1	Mmp24					candidate_public_only_not_graph_edge	no_component_normalized_match_in_mSCIdblit
master_LR_union	KITL	EPOR	Kitl	Epor					candidate_public_only_not_graph_edge	no_component_normalized_match_in_mSCIdblit
master_LR_union	KITL	LRRN3	Kitl	Lrrn3					candidate_public_only_not_graph_edge	no_component_normalized_match_in_mSCIdblit
master_LR_union	KL	FGFR1	Kl	Fgfr1					candidate_public_only_not_graph_edge	no_component_normalized_match_in_mSCIdblit
master_LR_union	KL	FGFR3	Kl	Fgfr3					candidate_public_only_not_graph_edge	no_component_normalized_match_in_mSCIdblit
master_LR_union	KL	FGFR4	Kl	Fgfr4					candidate_public_only_not_graph_edge	no_component_normalized_match_in_mSCIdblit
master_LR_union	KL	IGF1R	Kl	Igf1r					candidate_public_only_not_graph_edge	no_component_normalized_match_in_mSCIdblit
master_LR_union	KL	INSR	Kl	Insr					candidate_public_only_not_graph_edge	no_component_normalized_match_in_mSCIdblit
master_LR_union	KL	TRPV5	Kl	Trpv5					candidate_public_only_not_graph_edge	no_component_normalized_match_in_mSCIdblit
master_LR_union	KL	TRPV6	Kl	Trpv6					candidate_public_only_not_graph_edge	no_component_normalized_match_in_mSCIdblit
master_LR_union	KLK1	EPOR	Klk1	Epor					candidate_public_only_not_graph_edge	no_component_normalized_match_in_mSCIdblit
master_LR_union	KLK1	F2R	Klk1	F2r					candidate_public_only_not_graph_edge	no_component_normalized_match_in_mSCIdblit
master_LR_union	KLK1	NTRK1	Klk1	Ntrk1					candidate_public_only_not_graph_edge	no_component_normalized_match_in_mSCIdblit
master_LR_union	KLK14	F2R	Klk14	F2r					candidate_public_only_not_graph_edge	no_component_normalized_match_in_mSCIdblit
master_LR_union	KLK14	F2RL1	Klk14	F2rl1					candidate_public_only_not_graph_edge	no_component_normalized_match_in_mSCIdblit
master_LR_union	KLK1B1	EPOR	Klk1b1	Epor					candidate_public_only_not_graph_edge	no_component_normalized_match_in_mSCIdblit
master_LR_union	KLK1B1	NTRK1	Klk1b1	Ntrk1					candidate_public_only_not_graph_edge	no_component_normalized_match_in_mSCIdblit
master_LR_union	KLK1B11	EPOR	Klk1b11	Epor					candidate_public_only_not_graph_edge	no_component_normalized_match_in_mSCIdblit
master_LR_union	KLK1B11	NTRK1	Klk1b11	Ntrk1					candidate_public_only_not_graph_edge	no_component_normalized_match_in_mSCIdblit
master_LR_union	KLK1B16	EPOR	Klk1b16	Epor					candidate_public_only_not_graph_edge	no_component_normalized_match_in_mSCIdblit
master_LR_union	KLK1B16	NTRK1	Klk1b16	Ntrk1					candidate_public_only_not_graph_edge	no_component_normalized_match_in_mSCIdblit
master_LR_union	KLK1B21	EPOR	Klk1b21	Epor					candidate_public_only_not_graph_edge	no_component_normalized_match_in_mSCIdblit
master_LR_union	KLK1B21	NTRK1	Klk1b21	Ntrk1					candidate_public_only_not_graph_edge	no_component_normalized_match_in_mSCIdblit
master_LR_union	KLK1B22	EPOR	Klk1b22	Epor					candidate_public_only_not_graph_edge	no_component_normalized_match_in_mSCIdblit
master_LR_union	KLK1B22	NTRK1	Klk1b22	Ntrk1					candidate_public_only_not_graph_edge	no_component_normalized_match_in_mSCIdblit
master_LR_union	KLK1B24	EPOR	Klk1b24	Epor					candidate_public_only_not_graph_edge	no_component_normalized_match_in_mSCIdblit
master_LR_union	KLK1B24	NTRK1	Klk1b24	Ntrk1					candidate_public_only_not_graph_edge	no_component_normalized_match_in_mSCIdblit
master_LR_union	KLK1B26	EPOR	Klk1b26	Epor					candidate_public_only_not_graph_edge	no_component_normalized_match_in_mSCIdblit
master_LR_union	KLK1B26	NTRK1	Klk1b26	Ntrk1					candidate_public_only_not_graph_edge	no_component_normalized_match_in_mSCIdblit
master_LR_union	KLK1B27	EPOR	Klk1b27	Epor					candidate_public_only_not_graph_edge	no_component_normalized_match_in_mSCIdblit
master_LR_union	KLK1B27	NTRK1	Klk1b27	Ntrk1					candidate_public_only_not_graph_edge	no_component_normalized_match_in_mSCIdblit
master_LR_union	KLK1B3	EPOR	Klk1b3	Epor					candidate_public_only_not_graph_edge	no_component_normalized_match_in_mSCIdblit
master_LR_union	KLK1B3	NTRK1	Klk1b3	Ntrk1					candidate_public_only_not_graph_edge	no_component_normalized_match_in_mSCIdblit
master_LR_union	KLK1B4	EPOR	Klk1b4	Epor					candidate_public_only_not_graph_edge	no_component_normalized_match_in_mSCIdblit
master_LR_union	KLK1B4	NGFR	Klk1b4	Ngfr					candidate_public_only_not_graph_edge	no_component_normalized_match_in_mSCIdblit
master_LR_union	KLK1B4	NTRK1	Klk1b4	Ntrk1					candidate_public_only_not_graph_edge	no_component_normalized_match_in_mSCIdblit
master_LR_union	KLK1B5	EPOR	Klk1b5	Epor					candidate_public_only_not_graph_edge	no_component_normalized_match_in_mSCIdblit
master_LR_union	KLK1B5	NTRK1	Klk1b5	Ntrk1					candidate_public_only_not_graph_edge	no_component_normalized_match_in_mSCIdblit
master_LR_union	KLK1B8	EPOR	Klk1b8	Epor					candidate_public_only_not_graph_edge	no_component_normalized_match_in_mSCIdblit
master_LR_union	KLK1B8	NTRK1	Klk1b8	Ntrk1					candidate_public_only_not_graph_edge	no_component_normalized_match_in_mSCIdblit
master_LR_union	KLK1B9	EPOR	Klk1b9	Epor					candidate_public_only_not_graph_edge	no_component_normalized_match_in_mSCIdblit
master_LR_union	KLK1B9	NTRK1	Klk1b9	Ntrk1					candidate_public_only_not_graph_edge	no_component_normalized_match_in_mSCIdblit
master_LR_union	KLK4	F2R	Klk4	F2r					candidate_public_only_not_graph_edge	no_component_normalized_match_in_mSCIdblit
master_LR_union	KLK4	F2RL1	Klk4	F2rl1					candidate_public_only_not_graph_edge	no_component_normalized_match_in_mSCIdblit
master_LR_union	KLK5	F2RL1	Klk5	F2rl1					candidate_public_only_not_graph_edge	no_component_normalized_match_in_mSCIdblit
master_LR_union	KLK6	F2R	Klk6	F2r					candidate_public_only_not_graph_edge	no_component_normalized_match_in_mSCIdblit
master_LR_union	KLK6	F2RL1	Klk6	F2rl1					candidate_public_only_not_graph_edge	no_component_normalized_match_in_mSCIdblit
master_LR_union	KLK7	F2RL1	Klk7	F2rl1					candidate_public_only_not_graph_edge	no_component_normalized_match_in_mSCIdblit
master_LR_union	KLK8	F2R	Klk8	F2r					candidate_public_only_not_graph_edge	no_component_normalized_match_in_mSCIdblit
master_LR_union	KLKB1	F12	Klkb1	F12					candidate_public_only_not_graph_edge	no_component_normalized_match_in_mSCIdblit
master_LR_union	KNG1	ADRA2A	Kng1	Adra2a					candidate_public_only_not_graph_edge	no_component_normalized_match_in_mSCIdblit
master_LR_union	KNG1	BDKRB1	Kng1	Bdkrb1					candidate_public_only_not_graph_edge	no_component_normalized_match_in_mSCIdblit
master_LR_union	KNG1	BDKRB2	Kng1	Bdkrb2					candidate_public_only_not_graph_edge	no_component_normalized_match_in_mSCIdblit
master_LR_union	KNG1	CD93	Kng1	Cd93					candidate_public_only_not_graph_edge	no_component_normalized_match_in_mSCIdblit
master_LR_union	KNG1	GP1BA	Kng1	Gp1ba					candidate_public_only_not_graph_edge	no_component_normalized_match_in_mSCIdblit
master_LR_union	KNG1	GPR135	Kng1	Gpr135					candidate_public_only_not_graph_edge	no_component_normalized_match_in_mSCIdblit
master_LR_union	KNG1	GRM7	Kng1	Grm7					candidate_public_only_not_graph_edge	no_component_normalized_match_in_mSCIdblit
master_LR_union	KNG1	ITGB2	Kng1	Itgb2					candidate_public_only_not_graph_edge	no_component_normalized_match_in_mSCIdblit
master_LR_union	KNG1	ITGB2L	Kng1	Itgb2l					candidate_public_only_not_graph_edge	no_component_normalized_match_in_mSCIdblit
master_LR_union	KNG1	MTNR1A	Kng1	Mtnr1a					candidate_public_only_not_graph_edge	no_component_normalized_match_in_mSCIdblit
master_LR_union	KNG1	PLAUR	Kng1	Plaur					candidate_public_only_not_graph_edge	no_component_normalized_match_in_mSCIdblit
master_LR_union	KNG1	RXFP4	Kng1	Rxfp4					candidate_public_only_not_graph_edge	no_component_normalized_match_in_mSCIdblit
master_LR_union	KNG1	SDC2	Kng1	Sdc2					candidate_public_only_not_graph_edge	no_component_normalized_match_in_mSCIdblit
master_LR_union	KNG2	ADRA2A	Kng2	Adra2a					candidate_public_only_not_graph_edge	no_component_normalized_match_in_mSCIdblit
master_LR_union	KNG2	BDKRB1	Kng2	Bdkrb1					candidate_public_only_not_graph_edge	no_component_normalized_match_in_mSCIdblit
master_LR_union	KNG2	BDKRB2	Kng2	Bdkrb2					candidate_public_only_not_graph_edge	no_component_normalized_match_in_mSCIdblit
master_LR_union	KNG2	CD93	Kng2	Cd93					candidate_public_only_not_graph_edge	no_component_normalized_match_in_mSCIdblit
master_LR_union	KNG2	GP1BA	Kng2	Gp1ba					candidate_public_only_not_graph_edge	no_component_normalized_match_in_mSCIdblit
master_LR_union	KNG2	GPR135	Kng2	Gpr135					candidate_public_only_not_graph_edge	no_component_normalized_match_in_mSCIdblit
master_LR_union	KNG2	GRM7	Kng2	Grm7					candidate_public_only_not_graph_edge	no_component_normalized_match_in_mSCIdblit
master_LR_union	KNG2	ITGAM	Kng2	Itgam					candidate_public_only_not_graph_edge	no_component_normalized_match_in_mSCIdblit
master_LR_union	KNG2	ITGB2	Kng2	Itgb2					candidate_public_only_not_graph_edge	no_component_normalized_match_in_mSCIdblit
master_LR_union	KNG2	ITGB2L	Kng2	Itgb2l					candidate_public_only_not_graph_edge	no_component_normalized_match_in_mSCIdblit
master_LR_union	KNG2	MTNR1A	Kng2	Mtnr1a					candidate_public_only_not_graph_edge	no_component_normalized_match_in_mSCIdblit
master_LR_union	KNG2	PLAUR	Kng2	Plaur					candidate_public_only_not_graph_edge	no_component_normalized_match_in_mSCIdblit
master_LR_union	KNG2	RXFP4	Kng2	Rxfp4					candidate_public_only_not_graph_edge	no_component_normalized_match_in_mSCIdblit
master_LR_union	KNG2	SDC2	Kng2	Sdc2					candidate_public_only_not_graph_edge	no_component_normalized_match_in_mSCIdblit
master_LR_union	L1CAM	ALCAM	L1cam	Alcam					candidate_public_only_not_graph_edge	no_component_normalized_match_in_mSCIdblit
master_LR_union	L1CAM	CD9	L1cam	Cd9					candidate_public_only_not_graph_edge	no_component_normalized_match_in_mSCIdblit
master_LR_union	L1CAM	CHL1	L1cam	Chl1					candidate_public_only_not_graph_edge	no_component_normalized_match_in_mSCIdblit
master_LR_union	L1CAM	EPHB2	L1cam	Ephb2					candidate_public_only_not_graph_edge	no_component_normalized_match_in_mSCIdblit
master_LR_union	L1CAM	ERBB2	L1cam	Erbb2					candidate_public_only_not_graph_edge	no_component_normalized_match_in_mSCIdblit
master_LR_union	L1CAM	ERBB3	L1cam	Erbb3					candidate_public_only_not_graph_edge	no_component_normalized_match_in_mSCIdblit
master_LR_union	L1CAM	EZR	L1cam	Ezr					candidate_public_only_not_graph_edge	no_component_normalized_match_in_mSCIdblit
master_LR_union	L1CAM	FGFR1	L1cam	Fgfr1					candidate_public_only_not_graph_edge	no_component_normalized_match_in_mSCIdblit
master_LR_union	L1CAM	FGFR2	L1cam	Fgfr2					candidate_public_only_not_graph_edge	no_component_normalized_match_in_mSCIdblit
master_LR_union	L1CAM	ITGA4	L1cam	Itga4					candidate_public_only_not_graph_edge	no_component_normalized_match_in_mSCIdblit
master_LR_union	L1CAM	ITGA4+ITGB7	L1cam	Itga4_Itgb7					candidate_public_only_not_graph_edge	no_component_normalized_match_in_mSCIdblit
master_LR_union	L1CAM	ITGA5	L1cam	Itga5					candidate_public_only_not_graph_edge	no_component_normalized_match_in_mSCIdblit
master_LR_union	L1CAM	ITGAV	L1cam	Itgav					candidate_public_only_not_graph_edge	no_component_normalized_match_in_mSCIdblit
master_LR_union	L1CAM	ITGB3	L1cam	Itgb3					candidate_public_only_not_graph_edge	no_component_normalized_match_in_mSCIdblit
master_LR_union	L1CAM	ITGB7	L1cam	Itgb7					candidate_public_only_not_graph_edge	no_component_normalized_match_in_mSCIdblit
master_LR_union	L1CAM	L1CAM	L1cam	L1cam					candidate_public_only_not_graph_edge	no_component_normalized_match_in_mSCIdblit
master_LR_union	L1CAM	LVRN	L1cam	Lvrn					candidate_public_only_not_graph_edge	no_component_normalized_match_in_mSCIdblit
master_LR_union	L1CAM	NCAM1	L1cam	Ncam1					candidate_public_only_not_graph_edge	no_component_normalized_match_in_mSCIdblit
master_LR_union	L1CAM	NRP1	L1cam	Nrp1					candidate_public_only_not_graph_edge	no_component_normalized_match_in_mSCIdblit
master_LR_union	L1CAM	PLXNA1	L1cam	Plxna1					candidate_public_only_not_graph_edge	no_component_normalized_match_in_mSCIdblit
master_LR_union	L1CAM	PTPRZ1	L1cam	Ptprz1					candidate_public_only_not_graph_edge	no_component_normalized_match_in_mSCIdblit
master_LR_union	LAIR1	LILRB4A	Lair1	Lilrb4a					candidate_public_only_not_graph_edge	no_component_normalized_match_in_mSCIdblit
master_LR_union	LAIR1	PIRA2	Lair1	Pira2					candidate_public_only_not_graph_edge	no_component_normalized_match_in_mSCIdblit
master_LR_union	LAMA1	GPC1	Lama1	Gpc1					candidate_public_only_not_graph_edge	no_component_normalized_match_in_mSCIdblit
master_LR_union	LAMA1	ITGA2	Lama1	Itga2					candidate_public_only_not_graph_edge	no_component_normalized_match_in_mSCIdblit
master_LR_union	LAMA1	ITGA3	Lama1	Itga3					candidate_public_only_not_graph_edge	no_component_normalized_match_in_mSCIdblit
master_LR_union	LAMA1	ITGA3+ITGB1	Lama1	Itga3_Itgb1					candidate_public_only_not_graph_edge	no_component_normalized_match_in_mSCIdblit
master_LR_union	LAMA1	ITGA6	Lama1	Itga6					candidate_public_only_not_graph_edge	no_component_normalized_match_in_mSCIdblit
master_LR_union	LAMA1	ITGA7	Lama1	Itga7					candidate_public_only_not_graph_edge	no_component_normalized_match_in_mSCIdblit
master_LR_union	LAMA1	ITGA9	Lama1	Itga9					candidate_public_only_not_graph_edge	no_component_normalized_match_in_mSCIdblit
master_LR_union	LAMA1	ITGA9+ITGB1	Lama1	Itga9_Itgb1					candidate_public_only_not_graph_edge	no_component_normalized_match_in_mSCIdblit
master_LR_union	LAMA1	ITGAV	Lama1	Itgav					candidate_public_only_not_graph_edge	no_component_normalized_match_in_mSCIdblit
master_LR_union	LAMA1	ITGAV+ITGB8	Lama1	Itgav_Itgb8					candidate_public_only_not_graph_edge	no_component_normalized_match_in_mSCIdblit
master_LR_union	LAMA1	ITGB1	Lama1	Itgb1					candidate_public_only_not_graph_edge	no_component_normalized_match_in_mSCIdblit
master_LR_union	LAMA1	ITGB4	Lama1	Itgb4					candidate_public_only_not_graph_edge	no_component_normalized_match_in_mSCIdblit
master_LR_union	LAMA1	ITGB8	Lama1	Itgb8					candidate_public_only_not_graph_edge	no_component_normalized_match_in_mSCIdblit
master_LR_union	LAMA1	NT5E	Lama1	Nt5e					candidate_public_only_not_graph_edge	no_component_normalized_match_in_mSCIdblit
master_LR_union	LAMA1	RPSA	Lama1	Rpsa					candidate_public_only_not_graph_edge	no_component_normalized_match_in_mSCIdblit
master_LR_union	LAMA1	SDC2	Lama1	Sdc2					candidate_public_only_not_graph_edge	no_component_normalized_match_in_mSCIdblit
master_LR_union	LAMA1	SDC4	Lama1	Sdc4					candidate_public_only_not_graph_edge	no_component_normalized_match_in_mSCIdblit
master_LR_union	LAMA1	SV2A	Lama1	Sv2a					candidate_public_only_not_graph_edge	no_component_normalized_match_in_mSCIdblit
master_LR_union	LAMA1	SV2B	Lama1	Sv2b					candidate_public_only_not_graph_edge	no_component_normalized_match_in_mSCIdblit
master_LR_union	LAMA1	SV2C	Lama1	Sv2c					candidate_public_only_not_graph_edge	no_component_normalized_match_in_mSCIdblit
master_LR_union	LAMA1	TMPRSS6	Lama1	Tmprss6					candidate_public_only_not_graph_edge	no_component_normalized_match_in_mSCIdblit
master_LR_union	LAMA2	ADGRG6	Lama2	Adgrg6					candidate_public_only_not_graph_edge	no_component_normalized_match_in_mSCIdblit
master_LR_union	LAMA2	CD44	Lama2	Cd44					candidate_public_only_not_graph_edge	no_component_normalized_match_in_mSCIdblit
master_LR_union	LAMA2	ITGA2	Lama2	Itga2					candidate_public_only_not_graph_edge	no_component_normalized_match_in_mSCIdblit
master_LR_union	LAMA2	ITGA3	Lama2	Itga3					candidate_public_only_not_graph_edge	no_component_normalized_match_in_mSCIdblit
master_LR_union	LAMA2	ITGA3+ITGB1	Lama2	Itga3_Itgb1					candidate_public_only_not_graph_edge	no_component_normalized_match_in_mSCIdblit
master_LR_union	LAMA2	ITGA6	Lama2	Itga6					candidate_public_only_not_graph_edge	no_component_normalized_match_in_mSCIdblit
master_LR_union	LAMA2	ITGA7	Lama2	Itga7					candidate_public_only_not_graph_edge	no_component_normalized_match_in_mSCIdblit
master_LR_union	LAMA2	ITGA9	Lama2	Itga9					candidate_public_only_not_graph_edge	no_component_normalized_match_in_mSCIdblit
master_LR_union	LAMA2	ITGA9+ITGB1	Lama2	Itga9_Itgb1					candidate_public_only_not_graph_edge	no_component_normalized_match_in_mSCIdblit
master_LR_union	LAMA2	ITGAV+ITGB8	Lama2	Itgav_Itgb8					candidate_public_only_not_graph_edge	no_component_normalized_match_in_mSCIdblit
master_LR_union	LAMA2	ITGB1	Lama2	Itgb1					candidate_public_only_not_graph_edge	no_component_normalized_match_in_mSCIdblit
master_LR_union	LAMA2	ITGB4	Lama2	Itgb4					candidate_public_only_not_graph_edge	no_component_normalized_match_in_mSCIdblit
master_LR_union	LAMA2	RPSA	Lama2	Rpsa					candidate_public_only_not_graph_edge	no_component_normalized_match_in_mSCIdblit
master_LR_union	LAMA2	SV2A	Lama2	Sv2a					candidate_public_only_not_graph_edge	no_component_normalized_match_in_mSCIdblit
master_LR_union	LAMA2	SV2B	Lama2	Sv2b					candidate_public_only_not_graph_edge	no_component_normalized_match_in_mSCIdblit
master_LR_union	LAMA2	SV2C	Lama2	Sv2c					candidate_public_only_not_graph_edge	no_component_normalized_match_in_mSCIdblit
master_LR_union	LAMA3	CD44	Lama3	Cd44					candidate_public_only_not_graph_edge	no_component_normalized_match_in_mSCIdblit
master_LR_union	LAMA3	DAG1	Lama3	Dag1					candidate_public_only_not_graph_edge	no_component_normalized_match_in_mSCIdblit
master_LR_union	LAMA3	ITGA1+ITGB1	Lama3	Itga1_Itgb1					candidate_public_only_not_graph_edge	no_component_normalized_match_in_mSCIdblit
master_LR_union	LAMA3	ITGA3	Lama3	Itga3					candidate_public_only_not_graph_edge	no_component_normalized_match_in_mSCIdblit
master_LR_union	LAMA3	ITGA6	Lama3	Itga6					candidate_public_only_not_graph_edge	no_component_normalized_match_in_mSCIdblit
master_LR_union	LAMA3	ITGA7+ITGB1	Lama3	Itga7_Itgb1					candidate_public_only_not_graph_edge	no_component_normalized_match_in_mSCIdblit
master_LR_union	LAMA3	ITGA9+ITGB1	Lama3	Itga9_Itgb1					candidate_public_only_not_graph_edge	no_component_normalized_match_in_mSCIdblit
master_LR_union	LAMA3	ITGAV+ITGB8	Lama3	Itgav_Itgb8					candidate_public_only_not_graph_edge	no_component_normalized_match_in_mSCIdblit
master_LR_union	LAMA3	ITGB1	Lama3	Itgb1					candidate_public_only_not_graph_edge	no_component_normalized_match_in_mSCIdblit
master_LR_union	LAMA3	ITGB4	Lama3	Itgb4					candidate_public_only_not_graph_edge	no_component_normalized_match_in_mSCIdblit
master_LR_union	LAMA3	SDC2	Lama3	Sdc2					candidate_public_only_not_graph_edge	no_component_normalized_match_in_mSCIdblit
master_LR_union	LAMA3	SV2A	Lama3	Sv2a					candidate_public_only_not_graph_edge	no_component_normalized_match_in_mSCIdblit
master_LR_union	LAMA3	SV2B	Lama3	Sv2b					candidate_public_only_not_graph_edge	no_component_normalized_match_in_mSCIdblit
master_LR_union	LAMA3	SV2C	Lama3	Sv2c					candidate_public_only_not_graph_edge	no_component_normalized_match_in_mSCIdblit
master_LR_union	LAMA4	CD44	Lama4	Cd44					candidate_public_only_not_graph_edge	no_component_normalized_match_in_mSCIdblit
master_LR_union	LAMA4	DAG1	Lama4	Dag1					candidate_public_only_not_graph_edge	no_component_normalized_match_in_mSCIdblit
master_LR_union	LAMA4	ITGA1+ITGB1	Lama4	Itga1_Itgb1					candidate_public_only_not_graph_edge	no_component_normalized_match_in_mSCIdblit
master_LR_union	LAMA4	ITGA2+ITGB1	Lama4	Itga2_Itgb1					candidate_public_only_not_graph_edge	no_component_normalized_match_in_mSCIdblit
master_LR_union	LAMA4	ITGA3	Lama4	Itga3					candidate_public_only_not_graph_edge	no_component_normalized_match_in_mSCIdblit
master_LR_union	LAMA4	ITGA6	Lama4	Itga6					candidate_public_only_not_graph_edge	no_component_normalized_match_in_mSCIdblit
master_LR_union	LAMA4	ITGA6+ITGB4	Lama4	Itga6_Itgb4					candidate_public_only_not_graph_edge	no_component_normalized_match_in_mSCIdblit
master_LR_union	LAMA4	ITGA9	Lama4	Itga9					candidate_public_only_not_graph_edge	no_component_normalized_match_in_mSCIdblit
master_LR_union	LAMA4	ITGA9+ITGB1	Lama4	Itga9_Itgb1					candidate_public_only_not_graph_edge	no_component_normalized_match_in_mSCIdblit
master_LR_union	LAMA4	ITGAV	Lama4	Itgav					candidate_public_only_not_graph_edge	no_component_normalized_match_in_mSCIdblit
master_LR_union	LAMA4	ITGAV+ITGB8	Lama4	Itgav_Itgb8					candidate_public_only_not_graph_edge	no_component_normalized_match_in_mSCIdblit
master_LR_union	LAMA4	ITGB1	Lama4	Itgb1					candidate_public_only_not_graph_edge	no_component_normalized_match_in_mSCIdblit
master_LR_union	LAMA4	SV2A	Lama4	Sv2a					candidate_public_only_not_graph_edge	no_component_normalized_match_in_mSCIdblit
master_LR_union	LAMA4	SV2B	Lama4	Sv2b					candidate_public_only_not_graph_edge	no_component_normalized_match_in_mSCIdblit
master_LR_union	LAMA4	SV2C	Lama4	Sv2c					candidate_public_only_not_graph_edge	no_component_normalized_match_in_mSCIdblit
master_LR_union	LAMA5	CD151	Lama5	Cd151					candidate_public_only_not_graph_edge	no_component_normalized_match_in_mSCIdblit
master_LR_union	LAMA5	ITGA2	Lama5	Itga2					candidate_public_only_not_graph_edge	no_component_normalized_match_in_mSCIdblit
master_LR_union	LAMA5	ITGA3	Lama5	Itga3					candidate_public_only_not_graph_edge	no_component_normalized_match_in_mSCIdblit
master_LR_union	LAMA5	ITGA6	Lama5	Itga6					candidate_public_only_not_graph_edge	no_component_normalized_match_in_mSCIdblit
master_LR_union	LAMA5	ITGA9+ITGB1	Lama5	Itga9_Itgb1					candidate_public_only_not_graph_edge	no_component_normalized_match_in_mSCIdblit
master_LR_union	LAMA5	ITGAV+ITGB8	Lama5	Itgav_Itgb8					candidate_public_only_not_graph_edge	no_component_normalized_match_in_mSCIdblit
master_LR_union	LAMA5	ITGB1	Lama5	Itgb1					candidate_public_only_not_graph_edge	no_component_normalized_match_in_mSCIdblit
master_LR_union	LAMA5	ITGB4	Lama5	Itgb4					candidate_public_only_not_graph_edge	no_component_normalized_match_in_mSCIdblit
master_LR_union	LAMA5	SDC1	Lama5	Sdc1					candidate_public_only_not_graph_edge	no_component_normalized_match_in_mSCIdblit
master_LR_union	LAMA5	SV2B	Lama5	Sv2b					candidate_public_only_not_graph_edge	no_component_normalized_match_in_mSCIdblit
master_LR_union	LAMA5	SV2C	Lama5	Sv2c					candidate_public_only_not_graph_edge	no_component_normalized_match_in_mSCIdblit
master_LR_union	LAMB1	CD151	Lamb1	Cd151					candidate_public_only_not_graph_edge	no_component_normalized_match_in_mSCIdblit
master_LR_union	LAMB1	CD44	Lamb1	Cd44					candidate_public_only_not_graph_edge	no_component_normalized_match_in_mSCIdblit
master_LR_union	LAMB1	ITGA1	Lamb1	Itga1					candidate_public_only_not_graph_edge	no_component_normalized_match_in_mSCIdblit
master_LR_union	LAMB1	ITGA1+ITGB1	Lamb1	Itga1_Itgb1					candidate_public_only_not_graph_edge	no_component_normalized_match_in_mSCIdblit
master_LR_union	LAMB1	ITGA2	Lamb1	Itga2					candidate_public_only_not_graph_edge	no_component_normalized_match_in_mSCIdblit
master_LR_union	LAMB1	ITGA3	Lamb1	Itga3					candidate_public_only_not_graph_edge	no_component_normalized_match_in_mSCIdblit
master_LR_union	LAMB1	ITGA6	Lamb1	Itga6					candidate_public_only_not_graph_edge	no_component_normalized_match_in_mSCIdblit
master_LR_union	LAMB1	ITGA7	Lamb1	Itga7					candidate_public_only_not_graph_edge	no_component_normalized_match_in_mSCIdblit
master_LR_union	LAMB1	ITGA9	Lamb1	Itga9					candidate_public_only_not_graph_edge	no_component_normalized_match_in_mSCIdblit
master_LR_union	LAMB1	ITGA9+ITGB1	Lamb1	Itga9_Itgb1					candidate_public_only_not_graph_edge	no_component_normalized_match_in_mSCIdblit
master_LR_union	LAMB1	ITGAV	Lamb1	Itgav					candidate_public_only_not_graph_edge	no_component_normalized_match_in_mSCIdblit
master_LR_union	LAMB1	ITGAV+ITGB8	Lamb1	Itgav_Itgb8					candidate_public_only_not_graph_edge	no_component_normalized_match_in_mSCIdblit
master_LR_union	LAMB1	ITGB1	Lamb1	Itgb1					candidate_public_only_not_graph_edge	no_component_normalized_match_in_mSCIdblit
master_LR_union	LAMB1	ITGB4	Lamb1	Itgb4					candidate_public_only_not_graph_edge	no_component_normalized_match_in_mSCIdblit
master_LR_union	LAMB1	ITGB8	Lamb1	Itgb8					candidate_public_only_not_graph_edge	no_component_normalized_match_in_mSCIdblit
master_LR_union	LAMB1	SV2A	Lamb1	Sv2a					candidate_public_only_not_graph_edge	no_component_normalized_match_in_mSCIdblit
master_LR_union	LAMB1	SV2B	Lamb1	Sv2b					candidate_public_only_not_graph_edge	no_component_normalized_match_in_mSCIdblit
master_LR_union	LAMB1	SV2C	Lamb1	Sv2c					candidate_public_only_not_graph_edge	no_component_normalized_match_in_mSCIdblit
master_LR_union	LAMB2	CD44	Lamb2	Cd44					candidate_public_only_not_graph_edge	no_component_normalized_match_in_mSCIdblit
master_LR_union	LAMB2	ITGA1+ITGB1	Lamb2	Itga1_Itgb1					candidate_public_only_not_graph_edge	no_component_normalized_match_in_mSCIdblit
master_LR_union	LAMB2	ITGA2+ITGB1	Lamb2	Itga2_Itgb1					candidate_public_only_not_graph_edge	no_component_normalized_match_in_mSCIdblit
master_LR_union	LAMB2	ITGA3	Lamb2	Itga3					candidate_public_only_not_graph_edge	no_component_normalized_match_in_mSCIdblit
master_LR_union	LAMB2	ITGA6	Lamb2	Itga6					candidate_public_only_not_graph_edge	no_component_normalized_match_in_mSCIdblit
master_LR_union	LAMB2	ITGA9+ITGB1	Lamb2	Itga9_Itgb1					candidate_public_only_not_graph_edge	no_component_normalized_match_in_mSCIdblit
master_LR_union	LAMB2	ITGAV+ITGB8	Lamb2	Itgav_Itgb8					candidate_public_only_not_graph_edge	no_component_normalized_match_in_mSCIdblit
master_LR_union	LAMB2	ITGB1	Lamb2	Itgb1					candidate_public_only_not_graph_edge	no_component_normalized_match_in_mSCIdblit
master_LR_union	LAMB2	ITGB4	Lamb2	Itgb4					candidate_public_only_not_graph_edge	no_component_normalized_match_in_mSCIdblit
master_LR_union	LAMB2	RPSA	Lamb2	Rpsa					candidate_public_only_not_graph_edge	no_component_normalized_match_in_mSCIdblit
master_LR_union	LAMB2	SV2A	Lamb2	Sv2a					candidate_public_only_not_graph_edge	no_component_normalized_match_in_mSCIdblit
master_LR_union	LAMB2	SV2B	Lamb2	Sv2b					candidate_public_only_not_graph_edge	no_component_normalized_match_in_mSCIdblit
master_LR_union	LAMB2	SV2C	Lamb2	Sv2c					candidate_public_only_not_graph_edge	no_component_normalized_match_in_mSCIdblit
master_LR_union	LAMB3	CD151	Lamb3	Cd151					candidate_public_only_not_graph_edge	no_component_normalized_match_in_mSCIdblit
master_LR_union	LAMB3	CD44	Lamb3	Cd44					candidate_public_only_not_graph_edge	no_component_normalized_match_in_mSCIdblit
master_LR_union	LAMB3	DAG1	Lamb3	Dag1					candidate_public_only_not_graph_edge	no_component_normalized_match_in_mSCIdblit
master_LR_union	LAMB3	ITGA1+ITGB1	Lamb3	Itga1_Itgb1					candidate_public_only_not_graph_edge	no_component_normalized_match_in_mSCIdblit
master_LR_union	LAMB3	ITGA2	Lamb3	Itga2					candidate_public_only_not_graph_edge	no_component_normalized_match_in_mSCIdblit
master_LR_union	LAMB3	ITGA3	Lamb3	Itga3					candidate_public_only_not_graph_edge	no_component_normalized_match_in_mSCIdblit
master_LR_union	LAMB3	ITGA6	Lamb3	Itga6					candidate_public_only_not_graph_edge	no_component_normalized_match_in_mSCIdblit
master_LR_union	LAMB3	ITGA7+ITGB1	Lamb3	Itga7_Itgb1					candidate_public_only_not_graph_edge	no_component_normalized_match_in_mSCIdblit
master_LR_union	LAMB3	ITGA9+ITGB1	Lamb3	Itga9_Itgb1					candidate_public_only_not_graph_edge	no_component_normalized_match_in_mSCIdblit
master_LR_union	LAMB3	ITGAV+ITGB8	Lamb3	Itgav_Itgb8					candidate_public_only_not_graph_edge	no_component_normalized_match_in_mSCIdblit
master_LR_union	LAMB3	ITGB1	Lamb3	Itgb1					candidate_public_only_not_graph_edge	no_component_normalized_match_in_mSCIdblit
master_LR_union	LAMB3	ITGB4	Lamb3	Itgb4					candidate_public_only_not_graph_edge	no_component_normalized_match_in_mSCIdblit
master_LR_union	LAMB3	SV2A	Lamb3	Sv2a					candidate_public_only_not_graph_edge	no_component_normalized_match_in_mSCIdblit
master_LR_union	LAMB3	SV2B	Lamb3	Sv2b					candidate_public_only_not_graph_edge	no_component_normalized_match_in_mSCIdblit
master_LR_union	LAMB3	SV2C	Lamb3	Sv2c					candidate_public_only_not_graph_edge	no_component_normalized_match_in_mSCIdblit
master_LR_union	LAMC1	CD44	Lamc1	Cd44					candidate_public_only_not_graph_edge	no_component_normalized_match_in_mSCIdblit
master_LR_union	LAMC1	ITGA1	Lamc1	Itga1					candidate_public_only_not_graph_edge	no_component_normalized_match_in_mSCIdblit
master_LR_union	LAMC1	ITGA1+ITGB1	Lamc1	Itga1_Itgb1					candidate_public_only_not_graph_edge	no_component_normalized_match_in_mSCIdblit
master_LR_union	LAMC1	ITGA2	Lamc1	Itga2					candidate_public_only_not_graph_edge	no_component_normalized_match_in_mSCIdblit
master_LR_union	LAMC1	ITGA3	Lamc1	Itga3					candidate_public_only_not_graph_edge	no_component_normalized_match_in_mSCIdblit
master_LR_union	LAMC1	ITGA6	Lamc1	Itga6					candidate_public_only_not_graph_edge	no_component_normalized_match_in_mSCIdblit
master_LR_union	LAMC1	ITGA7	Lamc1	Itga7					candidate_public_only_not_graph_edge	no_component_normalized_match_in_mSCIdblit
master_LR_union	LAMC1	ITGA9+ITGB1	Lamc1	Itga9_Itgb1					candidate_public_only_not_graph_edge	no_component_normalized_match_in_mSCIdblit
master_LR_union	LAMC1	ITGAV	Lamc1	Itgav					candidate_public_only_not_graph_edge	no_component_normalized_match_in_mSCIdblit
master_LR_union	LAMC1	ITGAV+ITGB8	Lamc1	Itgav_Itgb8					candidate_public_only_not_graph_edge	no_component_normalized_match_in_mSCIdblit
master_LR_union	LAMC1	ITGB1	Lamc1	Itgb1					candidate_public_only_not_graph_edge	no_component_normalized_match_in_mSCIdblit
master_LR_union	LAMC1	ITGB4	Lamc1	Itgb4					candidate_public_only_not_graph_edge	no_component_normalized_match_in_mSCIdblit
master_LR_union	LAMC1	SV2A	Lamc1	Sv2a					candidate_public_only_not_graph_edge	no_component_normalized_match_in_mSCIdblit
master_LR_union	LAMC1	SV2B	Lamc1	Sv2b					candidate_public_only_not_graph_edge	no_component_normalized_match_in_mSCIdblit
master_LR_union	LAMC1	SV2C	Lamc1	Sv2c					candidate_public_only_not_graph_edge	no_component_normalized_match_in_mSCIdblit
master_LR_union	LAMC2	CD151	Lamc2	Cd151					candidate_public_only_not_graph_edge	no_component_normalized_match_in_mSCIdblit
master_LR_union	LAMC2	CD44	Lamc2	Cd44					candidate_public_only_not_graph_edge	no_component_normalized_match_in_mSCIdblit
master_LR_union	LAMC2	DAG1	Lamc2	Dag1					candidate_public_only_not_graph_edge	no_component_normalized_match_in_mSCIdblit
master_LR_union	LAMC2	ITGA1+ITGB1	Lamc2	Itga1_Itgb1					candidate_public_only_not_graph_edge	no_component_normalized_match_in_mSCIdblit
master_LR_union	LAMC2	ITGA2	Lamc2	Itga2					candidate_public_only_not_graph_edge	no_component_normalized_match_in_mSCIdblit
master_LR_union	LAMC2	ITGA3	Lamc2	Itga3					candidate_public_only_not_graph_edge	no_component_normalized_match_in_mSCIdblit
master_LR_union	LAMC2	ITGA6	Lamc2	Itga6					candidate_public_only_not_graph_edge	no_component_normalized_match_in_mSCIdblit
master_LR_union	LAMC2	ITGA7+ITGB1	Lamc2	Itga7_Itgb1					candidate_public_only_not_graph_edge	no_component_normalized_match_in_mSCIdblit
master_LR_union	LAMC2	ITGA9	Lamc2	Itga9					candidate_public_only_not_graph_edge	no_component_normalized_match_in_mSCIdblit
master_LR_union	LAMC2	ITGA9+ITGB1	Lamc2	Itga9_Itgb1					candidate_public_only_not_graph_edge	no_component_normalized_match_in_mSCIdblit
master_LR_union	LAMC2	ITGAV+ITGB8	Lamc2	Itgav_Itgb8					candidate_public_only_not_graph_edge	no_component_normalized_match_in_mSCIdblit
master_LR_union	LAMC2	ITGB1	Lamc2	Itgb1					candidate_public_only_not_graph_edge	no_component_normalized_match_in_mSCIdblit
master_LR_union	LAMC2	ITGB4	Lamc2	Itgb4					candidate_public_only_not_graph_edge	no_component_normalized_match_in_mSCIdblit
master_LR_union	LAMC2	SV2A	Lamc2	Sv2a					candidate_public_only_not_graph_edge	no_component_normalized_match_in_mSCIdblit
master_LR_union	LAMC2	SV2B	Lamc2	Sv2b					candidate_public_only_not_graph_edge	no_component_normalized_match_in_mSCIdblit
master_LR_union	LAMC2	SV2C	Lamc2	Sv2c					candidate_public_only_not_graph_edge	no_component_normalized_match_in_mSCIdblit
master_LR_union	LAMC3	CD44	Lamc3	Cd44					candidate_public_only_not_graph_edge	no_component_normalized_match_in_mSCIdblit
master_LR_union	LAMC3	DAG1	Lamc3	Dag1					candidate_public_only_not_graph_edge	no_component_normalized_match_in_mSCIdblit
master_LR_union	LAMC3	ITGA1	Lamc3	Itga1					candidate_public_only_not_graph_edge	no_component_normalized_match_in_mSCIdblit
master_LR_union	LAMC3	ITGA1+ITGB1	Lamc3	Itga1_Itgb1					candidate_public_only_not_graph_edge	no_component_normalized_match_in_mSCIdblit
master_LR_union	LAMC3	ITGA2	Lamc3	Itga2					candidate_public_only_not_graph_edge	no_component_normalized_match_in_mSCIdblit
master_LR_union	LAMC3	ITGA2+ITGB1	Lamc3	Itga2_Itgb1					candidate_public_only_not_graph_edge	no_component_normalized_match_in_mSCIdblit
master_LR_union	LAMC3	ITGA3	Lamc3	Itga3					candidate_public_only_not_graph_edge	no_component_normalized_match_in_mSCIdblit
master_LR_union	LAMC3	ITGA3+ITGB1	Lamc3	Itga3_Itgb1					candidate_public_only_not_graph_edge	no_component_normalized_match_in_mSCIdblit
master_LR_union	LAMC3	ITGA6	Lamc3	Itga6					candidate_public_only_not_graph_edge	no_component_normalized_match_in_mSCIdblit
master_LR_union	LAMC3	ITGA6+ITGB1	Lamc3	Itga6_Itgb1					candidate_public_only_not_graph_edge	no_component_normalized_match_in_mSCIdblit
master_LR_union	LAMC3	ITGA6+ITGB4	Lamc3	Itga6_Itgb4					candidate_public_only_not_graph_edge	no_component_normalized_match_in_mSCIdblit
master_LR_union	LAMC3	ITGA7	Lamc3	Itga7					candidate_public_only_not_graph_edge	no_component_normalized_match_in_mSCIdblit
master_LR_union	LAMC3	ITGA7+ITGB1	Lamc3	Itga7_Itgb1					candidate_public_only_not_graph_edge	no_component_normalized_match_in_mSCIdblit
master_LR_union	LAMC3	ITGA9	Lamc3	Itga9					candidate_public_only_not_graph_edge	no_component_normalized_match_in_mSCIdblit
master_LR_union	LAMC3	ITGA9+ITGB1	Lamc3	Itga9_Itgb1					candidate_public_only_not_graph_edge	no_component_normalized_match_in_mSCIdblit
master_LR_union	LAMC3	ITGAV	Lamc3	Itgav					candidate_public_only_not_graph_edge	no_component_normalized_match_in_mSCIdblit
master_LR_union	LAMC3	ITGAV+ITGB8	Lamc3	Itgav_Itgb8					candidate_public_only_not_graph_edge	no_component_normalized_match_in_mSCIdblit
master_LR_union	LAMC3	ITGB1	Lamc3	Itgb1					candidate_public_only_not_graph_edge	no_component_normalized_match_in_mSCIdblit
master_LR_union	LAMC3	ITGB4	Lamc3	Itgb4					candidate_public_only_not_graph_edge	no_component_normalized_match_in_mSCIdblit
master_LR_union	LAMC3	ITGB8	Lamc3	Itgb8					candidate_public_only_not_graph_edge	no_component_normalized_match_in_mSCIdblit
master_LR_union	LAMC3	SV2A	Lamc3	Sv2a					candidate_public_only_not_graph_edge	no_component_normalized_match_in_mSCIdblit
master_LR_union	LAMC3	SV2B	Lamc3	Sv2b					candidate_public_only_not_graph_edge	no_component_normalized_match_in_mSCIdblit
master_LR_union	LAMC3	SV2C	Lamc3	Sv2c					candidate_public_only_not_graph_edge	no_component_normalized_match_in_mSCIdblit
master_LR_union	LAYN	GP5	Layn	Gp5					candidate_public_only_not_graph_edge	no_component_normalized_match_in_mSCIdblit
master_LR_union	LAYN	LY6G6F	Layn	Ly6g6f					candidate_public_only_not_graph_edge	no_component_normalized_match_in_mSCIdblit
master_LR_union	LCK	CD8A+CD8B1	Lck	Cd8a_Cd8b1					candidate_public_only_not_graph_edge	no_component_normalized_match_in_mSCIdblit
master_LR_union	LCN11	PTPRC	Lcn11	Ptprc					candidate_public_only_not_graph_edge	no_component_normalized_match_in_mSCIdblit
master_LR_union	LCN2	FCGR2B	Lcn2	Fcgr2b					candidate_public_only_not_graph_edge	no_component_normalized_match_in_mSCIdblit
master_LR_union	LCN2	FCGR3	Lcn2	Fcgr3					candidate_public_only_not_graph_edge	no_component_normalized_match_in_mSCIdblit
master_LR_union	LCN2	LRP2	Lcn2	Lrp2					candidate_public_only_not_graph_edge	no_component_normalized_match_in_mSCIdblit
master_LR_union	LEFTY1	ACVR1B	Lefty1	Acvr1b					candidate_public_only_not_graph_edge	no_component_normalized_match_in_mSCIdblit
master_LR_union	LEFTY1	ACVR2A	Lefty1	Acvr2a					candidate_public_only_not_graph_edge	no_component_normalized_match_in_mSCIdblit
master_LR_union	LEFTY1	ACVR2B	Lefty1	Acvr2b					candidate_public_only_not_graph_edge	no_component_normalized_match_in_mSCIdblit
master_LR_union	LEFTY2	ACVR1B	Lefty2	Acvr1b					candidate_public_only_not_graph_edge	no_component_normalized_match_in_mSCIdblit
master_LR_union	LEFTY2	ACVR2A	Lefty2	Acvr2a					candidate_public_only_not_graph_edge	no_component_normalized_match_in_mSCIdblit
master_LR_union	LEFTY2	ACVR2B	Lefty2	Acvr2b					candidate_public_only_not_graph_edge	no_component_normalized_match_in_mSCIdblit
master_LR_union	LEP	ISLR2	Lep	Islr2					candidate_public_only_not_graph_edge	no_component_normalized_match_in_mSCIdblit
master_LR_union	LEP	LRP2	Lep	Lrp2					candidate_public_only_not_graph_edge	no_component_normalized_match_in_mSCIdblit
master_LR_union	LFNG	NOTCH1	Lfng	Notch1					candidate_public_only_not_graph_edge	no_component_normalized_match_in_mSCIdblit
master_LR_union	LFNG	NOTCH2	Lfng	Notch2					candidate_public_only_not_graph_edge	no_component_normalized_match_in_mSCIdblit
master_LR_union	LGALS1	PTPRC	Lgals1	Ptprc					candidate_public_only_not_graph_edge	no_component_normalized_match_in_mSCIdblit
master_LR_union	LGALS3	ANXA2	Lgals3	Anxa2					candidate_public_only_not_graph_edge	no_component_normalized_match_in_mSCIdblit
master_LR_union	LGALS3	LAG3	Lgals3	Lag3					candidate_public_only_not_graph_edge	no_component_normalized_match_in_mSCIdblit
master_LR_union	LGALS3	PTPRK	Lgals3	Ptprk					candidate_public_only_not_graph_edge	no_component_normalized_match_in_mSCIdblit
master_LR_union	LGALS3BP	CD33	Lgals3bp	Cd33					candidate_public_only_not_graph_edge	no_component_normalized_match_in_mSCIdblit
master_LR_union	LGALS8	ITGA3	Lgals8	Itga3					candidate_public_only_not_graph_edge	no_component_normalized_match_in_mSCIdblit
master_LR_union	LGALS9	BCR+CD22+PTPRC	Lgals9	Bcr_Ptprc_Cd22					candidate_public_only_not_graph_edge	no_component_normalized_match_in_mSCIdblit
master_LR_union	LGALS9	CD44	Lgals9	Cd44					candidate_public_only_not_graph_edge	no_component_normalized_match_in_mSCIdblit
master_LR_union	LGALS9	HAVCR2	Lgals9	Havcr2					candidate_public_only_not_graph_edge	no_component_normalized_match_in_mSCIdblit
master_LR_union	LGALS9	IGHM	Lgals9	Ighm					candidate_public_only_not_graph_edge	no_component_normalized_match_in_mSCIdblit
master_LR_union	LGALS9	P4HB	Lgals9	P4hb					candidate_public_only_not_graph_edge	no_component_normalized_match_in_mSCIdblit
master_LR_union	LGALS9	PTPRC	Lgals9	Ptprc					candidate_public_only_not_graph_edge	no_component_normalized_match_in_mSCIdblit
master_LR_union	LGI2	ADAM22	Lgi2	Adam22					candidate_public_only_not_graph_edge	no_component_normalized_match_in_mSCIdblit
master_LR_union	LGI3	FLOT1	Lgi3	Flot1					candidate_public_only_not_graph_edge	no_component_normalized_match_in_mSCIdblit
master_LR_union	LGI3	STX1A	Lgi3	Stx1a					candidate_public_only_not_graph_edge	no_component_normalized_match_in_mSCIdblit
master_LR_union	LHB	ADCYAP1R1	Lhb	Adcyap1r1					candidate_public_only_not_graph_edge	no_component_normalized_match_in_mSCIdblit
master_LR_union	LHB	ADRB2	Lhb	Adrb2					candidate_public_only_not_graph_edge	no_component_normalized_match_in_mSCIdblit
master_LR_union	LHB	ADRB3	Lhb	Adrb3					candidate_public_only_not_graph_edge	no_component_normalized_match_in_mSCIdblit
master_LR_union	LHB	GPR20	Lhb	Gpr20					candidate_public_only_not_graph_edge	no_component_normalized_match_in_mSCIdblit
master_LR_union	LHB	GPR84	Lhb	Gpr84					candidate_public_only_not_graph_edge	no_component_normalized_match_in_mSCIdblit
master_LR_union	LHB	PTH1R	Lhb	Pth1r					candidate_public_only_not_graph_edge	no_component_normalized_match_in_mSCIdblit
master_LR_union	LHB	RAMP2	Lhb	Ramp2					candidate_public_only_not_graph_edge	no_component_normalized_match_in_mSCIdblit
master_LR_union	LHB	RAMP3	Lhb	Ramp3					candidate_public_only_not_graph_edge	no_component_normalized_match_in_mSCIdblit
master_LR_union	LHB	TSHR	Lhb	Tshr					candidate_public_only_not_graph_edge	no_component_normalized_match_in_mSCIdblit
master_LR_union	LHB	VIPR1	Lhb	Vipr1					candidate_public_only_not_graph_edge	no_component_normalized_match_in_mSCIdblit
master_LR_union	LIF	IL6ST	Lif	Il6st					candidate_public_only_not_graph_edge	no_component_normalized_match_in_mSCIdblit
master_LR_union	LILR4B	CNTFR	Lilr4b	Cntfr					candidate_public_only_not_graph_edge	no_component_normalized_match_in_mSCIdblit
master_LR_union	LILR4B	FGFR4	Lilr4b	Fgfr4					candidate_public_only_not_graph_edge	no_component_normalized_match_in_mSCIdblit
master_LR_union	LILR4B	LAIR1	Lilr4b	Lair1					candidate_public_only_not_graph_edge	no_component_normalized_match_in_mSCIdblit
master_LR_union	LILRA5	CNTFR	Lilra5	Cntfr					candidate_public_only_not_graph_edge	no_component_normalized_match_in_mSCIdblit
master_LR_union	LILRA5	LAIR1	Lilra5	Lair1					candidate_public_only_not_graph_edge	no_component_normalized_match_in_mSCIdblit
master_LR_union	LILRA6	CD300E	Lilra6	Cd300e					candidate_public_only_not_graph_edge	no_component_normalized_match_in_mSCIdblit
master_LR_union	LILRA6	CNTFR	Lilra6	Cntfr					candidate_public_only_not_graph_edge	no_component_normalized_match_in_mSCIdblit
master_LR_union	LILRA6	LAIR1	Lilra6	Lair1					candidate_public_only_not_graph_edge	no_component_normalized_match_in_mSCIdblit
master_LR_union	LILRA6	LCTL	Lilra6	Lctl					candidate_public_only_not_graph_edge	no_component_normalized_match_in_mSCIdblit
master_LR_union	LILRA6	LY6G6F	Lilra6	Ly6g6f					candidate_public_only_not_graph_edge	no_component_normalized_match_in_mSCIdblit
master_LR_union	LILRB4	LAIR1	Lilrb4	Lair1					candidate_public_only_not_graph_edge	no_component_normalized_match_in_mSCIdblit
master_LR_union	LILRB4A	CNTFR	Lilrb4a	Cntfr					candidate_public_only_not_graph_edge	no_component_normalized_match_in_mSCIdblit
master_LR_union	LILRB4A	FGFR4	Lilrb4a	Fgfr4					candidate_public_only_not_graph_edge	no_component_normalized_match_in_mSCIdblit
master_LR_union	LILRB4A	LAIR1	Lilrb4a	Lair1					candidate_public_only_not_graph_edge	no_component_normalized_match_in_mSCIdblit
master_LR_union	LIN7A	SLC6A12	Lin7a	Slc6a12					candidate_public_only_not_graph_edge	no_component_normalized_match_in_mSCIdblit
master_LR_union	LIN7B	AQP1	Lin7b	Aqp1					candidate_public_only_not_graph_edge	no_component_normalized_match_in_mSCIdblit
master_LR_union	LIN7B	KCNJ4	Lin7b	Kcnj4					candidate_public_only_not_graph_edge	no_component_normalized_match_in_mSCIdblit
master_LR_union	LIN7C	ABCA1	Lin7c	Abca1					candidate_public_only_not_graph_edge	no_component_normalized_match_in_mSCIdblit
master_LR_union	LIN7C	HTR2C	Lin7c	Htr2c					candidate_public_only_not_graph_edge	no_component_normalized_match_in_mSCIdblit
master_LR_union	LIN7C	KCNJ4	Lin7c	Kcnj4					candidate_public_only_not_graph_edge	no_component_normalized_match_in_mSCIdblit
master_LR_union	LINGO4	NFASC	Lingo4	Nfasc					candidate_public_only_not_graph_edge	no_component_normalized_match_in_mSCIdblit
master_LR_union	LIPA	RORA	Lipa	Rora					candidate_public_only_not_graph_edge	no_component_normalized_match_in_mSCIdblit
master_LR_union	LIPA	RORC	Lipa	Rorc					candidate_public_only_not_graph_edge	no_component_normalized_match_in_mSCIdblit
master_LR_union	LIPC	LRP1	Lipc	Lrp1					candidate_public_only_not_graph_edge	no_component_normalized_match_in_mSCIdblit
master_LR_union	LIPH	LPAR1	Liph	Lpar1					candidate_public_only_not_graph_edge	no_component_normalized_match_in_mSCIdblit
master_LR_union	LIPH	LPAR2	Liph	Lpar2					candidate_public_only_not_graph_edge	no_component_normalized_match_in_mSCIdblit
master_LR_union	LIPH	LPAR4	Liph	Lpar4					candidate_public_only_not_graph_edge	no_component_normalized_match_in_mSCIdblit
master_LR_union	LMAN1	MCFD2	Lman1	Mcfd2					candidate_public_only_not_graph_edge	no_component_normalized_match_in_mSCIdblit
master_LR_union	LOC100861969	CD40	LOC100861969	Cd40					candidate_public_only_not_graph_edge	no_component_normalized_match_in_mSCIdblit
master_LR_union	LOC100861978	ACKR2	LOC100861978	Ackr2					candidate_public_only_not_graph_edge	no_component_normalized_match_in_mSCIdblit
master_LR_union	LOC100861978	ADRA2A	LOC100861978	Adra2a					candidate_public_only_not_graph_edge	no_component_normalized_match_in_mSCIdblit
master_LR_union	LOC100861978	CCR10	LOC100861978	Ccr10					candidate_public_only_not_graph_edge	no_component_normalized_match_in_mSCIdblit
master_LR_union	LOC100861978	CCR2	LOC100861978	Ccr2					candidate_public_only_not_graph_edge	no_component_normalized_match_in_mSCIdblit
master_LR_union	LOC100861978	CCR3	LOC100861978	Ccr3					candidate_public_only_not_graph_edge	no_component_normalized_match_in_mSCIdblit
master_LR_union	LOC100861978	GRM7	LOC100861978	Grm7					candidate_public_only_not_graph_edge	no_component_normalized_match_in_mSCIdblit
master_LR_union	LOC100861978	MTNR1A	LOC100861978	Mtnr1a					candidate_public_only_not_graph_edge	no_component_normalized_match_in_mSCIdblit
master_LR_union	LPAR1	ADGRE5	Lpar1	Adgre5					candidate_public_only_not_graph_edge	no_component_normalized_match_in_mSCIdblit
master_LR_union	LPAR2	ADGRE5	Lpar2	Adgre5					candidate_public_only_not_graph_edge	no_component_normalized_match_in_mSCIdblit
master_LR_union	LPAR3	ADGRE5	Lpar3	Adgre5					candidate_public_only_not_graph_edge	no_component_normalized_match_in_mSCIdblit
master_LR_union	LPL	CD44	Lpl	Cd44					candidate_public_only_not_graph_edge	no_component_normalized_match_in_mSCIdblit
master_LR_union	LPL	GPIHBP1	Lpl	Gpihbp1					candidate_public_only_not_graph_edge	no_component_normalized_match_in_mSCIdblit
master_LR_union	LPL	LRP1	Lpl	Lrp1					candidate_public_only_not_graph_edge	no_component_normalized_match_in_mSCIdblit
master_LR_union	LPL	LRP2	Lpl	Lrp2					candidate_public_only_not_graph_edge	no_component_normalized_match_in_mSCIdblit
master_LR_union	LPL	SDC1	Lpl	Sdc1					candidate_public_only_not_graph_edge	no_component_normalized_match_in_mSCIdblit
master_LR_union	LPL	VLDLR	Lpl	Vldlr					candidate_public_only_not_graph_edge	no_component_normalized_match_in_mSCIdblit
master_LR_union	LRCH4	CADM3	Lrch4	Cadm3					candidate_public_only_not_graph_edge	no_component_normalized_match_in_mSCIdblit
master_LR_union	LRFN1	PTPRS	Lrfn1	Ptprs					candidate_public_only_not_graph_edge	no_component_normalized_match_in_mSCIdblit
master_LR_union	LRFN3	FCRL1	Lrfn3	Fcrl1					candidate_public_only_not_graph_edge	no_component_normalized_match_in_mSCIdblit
master_LR_union	LRFN4	PTPRD	Lrfn4	Ptprd					candidate_public_only_not_graph_edge	no_component_normalized_match_in_mSCIdblit
master_LR_union	LRFN4	PTPRF	Lrfn4	Ptprf					candidate_public_only_not_graph_edge	no_component_normalized_match_in_mSCIdblit
master_LR_union	LRFN4	PTPRS	Lrfn4	Ptprs					candidate_public_only_not_graph_edge	no_component_normalized_match_in_mSCIdblit
master_LR_union	LRFN5	PTPRD	Lrfn5	Ptprd					candidate_public_only_not_graph_edge	no_component_normalized_match_in_mSCIdblit
master_LR_union	LRFN5	PTPRF	Lrfn5	Ptprf					candidate_public_only_not_graph_edge	no_component_normalized_match_in_mSCIdblit
master_LR_union	LRFN5	PTPRS	Lrfn5	Ptprs					candidate_public_only_not_graph_edge	no_component_normalized_match_in_mSCIdblit
master_LR_union	LRFN5	TIE1	Lrfn5	Tie1					candidate_public_only_not_graph_edge	no_component_normalized_match_in_mSCIdblit
master_LR_union	LRFN5	TNFRSF14	Lrfn5	Tnfrsf14					candidate_public_only_not_graph_edge	no_component_normalized_match_in_mSCIdblit
master_LR_union	LRIG1	EGFR	Lrig1	Egfr					candidate_public_only_not_graph_edge	no_component_normalized_match_in_mSCIdblit
master_LR_union	LRIG1	ERBB2	Lrig1	Erbb2					candidate_public_only_not_graph_edge	no_component_normalized_match_in_mSCIdblit
master_LR_union	LRIG1	ERBB3	Lrig1	Erbb3					candidate_public_only_not_graph_edge	no_component_normalized_match_in_mSCIdblit
master_LR_union	LRIG1	ERBB4	Lrig1	Erbb4					candidate_public_only_not_graph_edge	no_component_normalized_match_in_mSCIdblit
master_LR_union	LRIG1	MET	Lrig1	Met					candidate_public_only_not_graph_edge	no_component_normalized_match_in_mSCIdblit
master_LR_union	LRIG1	MOG	Lrig1	Mog					candidate_public_only_not_graph_edge	no_component_normalized_match_in_mSCIdblit
master_LR_union	LRIG2	EGFR	Lrig2	Egfr					candidate_public_only_not_graph_edge	no_component_normalized_match_in_mSCIdblit
master_LR_union	LRIT1	CD33	Lrit1	Cd33					candidate_public_only_not_graph_edge	no_component_normalized_match_in_mSCIdblit
master_LR_union	LRIT1	FCRL1	Lrit1	Fcrl1					candidate_public_only_not_graph_edge	no_component_normalized_match_in_mSCIdblit
master_LR_union	LRIT1	SIGLECF	Lrit1	Siglecf					candidate_public_only_not_graph_edge	no_component_normalized_match_in_mSCIdblit
master_LR_union	LRIT1	SIGLECH	Lrit1	Siglech					candidate_public_only_not_graph_edge	no_component_normalized_match_in_mSCIdblit
master_LR_union	LRIT2	PTPRD	Lrit2	Ptprd					candidate_public_only_not_graph_edge	no_component_normalized_match_in_mSCIdblit
master_LR_union	LRIT2	SIGLECG	Lrit2	Siglecg					candidate_public_only_not_graph_edge	no_component_normalized_match_in_mSCIdblit
master_LR_union	LRP1B	PLAUR	Lrp1b	Plaur					candidate_public_only_not_graph_edge	no_component_normalized_match_in_mSCIdblit
master_LR_union	LRPAP1	CD320	Lrpap1	Cd320					candidate_public_only_not_graph_edge	no_component_normalized_match_in_mSCIdblit
master_LR_union	LRPAP1	LDLR	Lrpap1	Ldlr					candidate_public_only_not_graph_edge	no_component_normalized_match_in_mSCIdblit
master_LR_union	LRPAP1	LRP1	Lrpap1	Lrp1					candidate_public_only_not_graph_edge	no_component_normalized_match_in_mSCIdblit
master_LR_union	LRPAP1	LRP8	Lrpap1	Lrp8					candidate_public_only_not_graph_edge	no_component_normalized_match_in_mSCIdblit
master_LR_union	LRPAP1	SIRPA	Lrpap1	Sirpa					candidate_public_only_not_graph_edge	no_component_normalized_match_in_mSCIdblit
master_LR_union	LRPAP1	SORL1	Lrpap1	Sorl1					candidate_public_only_not_graph_edge	no_component_normalized_match_in_mSCIdblit
master_LR_union	LRPAP1	SORT1	Lrpap1	Sort1					candidate_public_only_not_graph_edge	no_component_normalized_match_in_mSCIdblit
master_LR_union	LRPAP1	VLDLR	Lrpap1	Vldlr					candidate_public_only_not_graph_edge	no_component_normalized_match_in_mSCIdblit
master_LR_union	LRRC4	NETO2	Lrrc4	Neto2					candidate_public_only_not_graph_edge	no_component_normalized_match_in_mSCIdblit
master_LR_union	LRRC4	NTNG2	Lrrc4	Ntng2					candidate_public_only_not_graph_edge	no_component_normalized_match_in_mSCIdblit
master_LR_union	LRRC4	PRSS55	Lrrc4	Prss55					candidate_public_only_not_graph_edge	no_component_normalized_match_in_mSCIdblit
master_LR_union	LRRC4B	GM36028	Lrrc4b	Gm36028					candidate_public_only_not_graph_edge	no_component_normalized_match_in_mSCIdblit
master_LR_union	LRRC4B	PTPRD	Lrrc4b	Ptprd					candidate_public_only_not_graph_edge	no_component_normalized_match_in_mSCIdblit
master_LR_union	LRRC4B	PTPRS	Lrrc4b	Ptprs					candidate_public_only_not_graph_edge	no_component_normalized_match_in_mSCIdblit
master_LR_union	LRRC4B	UNC5D	Lrrc4b	Unc5d					candidate_public_only_not_graph_edge	no_component_normalized_match_in_mSCIdblit
master_LR_union	LRRC4C	GM36028	Lrrc4c	Gm36028					candidate_public_only_not_graph_edge	no_component_normalized_match_in_mSCIdblit
master_LR_union	LRRC4C	LDLR	Lrrc4c	Ldlr					candidate_public_only_not_graph_edge	no_component_normalized_match_in_mSCIdblit
master_LR_union	LRRC4C	LRRTM4	Lrrc4c	Lrrtm4					candidate_public_only_not_graph_edge	no_component_normalized_match_in_mSCIdblit
master_LR_union	LRRC4C	NTM	Lrrc4c	Ntm					candidate_public_only_not_graph_edge	no_component_normalized_match_in_mSCIdblit
master_LR_union	LRRC4C	NTNG1	Lrrc4c	Ntng1					candidate_public_only_not_graph_edge	no_component_normalized_match_in_mSCIdblit
master_LR_union	LRRC4C	PTPRF	Lrrc4c	Ptprf					candidate_public_only_not_graph_edge	no_component_normalized_match_in_mSCIdblit
master_LR_union	LRRC4C	SIGLEC15	Lrrc4c	Siglec15					candidate_public_only_not_graph_edge	no_component_normalized_match_in_mSCIdblit
master_LR_union	LRRC4C	SIGLECE	Lrrc4c	Siglece					candidate_public_only_not_graph_edge	no_component_normalized_match_in_mSCIdblit
master_LR_union	LRRC4C	SIGLECF	Lrrc4c	Siglecf					candidate_public_only_not_graph_edge	no_component_normalized_match_in_mSCIdblit
master_LR_union	LRRC4C	TMEM53	Lrrc4c	Tmem53					candidate_public_only_not_graph_edge	no_component_normalized_match_in_mSCIdblit
master_LR_union	LRRC4C	UNC5A	Lrrc4c	Unc5a					candidate_public_only_not_graph_edge	no_component_normalized_match_in_mSCIdblit
master_LR_union	LRRC52	CD300LB	Lrrc52	Cd300lb					candidate_public_only_not_graph_edge	no_component_normalized_match_in_mSCIdblit
master_LR_union	LRRC52	TREM2	Lrrc52	Trem2					candidate_public_only_not_graph_edge	no_component_normalized_match_in_mSCIdblit
master_LR_union	LRRN1	LRRC4	Lrrn1	Lrrc4					candidate_public_only_not_graph_edge	no_component_normalized_match_in_mSCIdblit
master_LR_union	LRRN1	LRRC4C	Lrrn1	Lrrc4c					candidate_public_only_not_graph_edge	no_component_normalized_match_in_mSCIdblit
master_LR_union	LRRN1	UNC5A	Lrrn1	Unc5a					candidate_public_only_not_graph_edge	no_component_normalized_match_in_mSCIdblit
master_LR_union	LRRN2	TMEM123	Lrrn2	Tmem123					candidate_public_only_not_graph_edge	no_component_normalized_match_in_mSCIdblit
master_LR_union	LRRTM2	FGFR3	Lrrtm2	Fgfr3					candidate_public_only_not_graph_edge	no_component_normalized_match_in_mSCIdblit
master_LR_union	LRRTM2	FGFR4	Lrrtm2	Fgfr4					candidate_public_only_not_graph_edge	no_component_normalized_match_in_mSCIdblit
master_LR_union	LRRTM2	IGDCC4	Lrrtm2	Igdcc4					candidate_public_only_not_graph_edge	no_component_normalized_match_in_mSCIdblit
master_LR_union	LRRTM2	MOG	Lrrtm2	Mog					candidate_public_only_not_graph_edge	no_component_normalized_match_in_mSCIdblit
master_LR_union	LRRTM2	OSCAR	Lrrtm2	Oscar					candidate_public_only_not_graph_edge	no_component_normalized_match_in_mSCIdblit
master_LR_union	LRRTM2	PRTG	Lrrtm2	Prtg					candidate_public_only_not_graph_edge	no_component_normalized_match_in_mSCIdblit
master_LR_union	LRRTM2	TREML2	Lrrtm2	Treml2					candidate_public_only_not_graph_edge	no_component_normalized_match_in_mSCIdblit
master_LR_union	LRRTM2	UNC5A	Lrrtm2	Unc5a					candidate_public_only_not_graph_edge	no_component_normalized_match_in_mSCIdblit
master_LR_union	LRRTM3	MOG	Lrrtm3	Mog					candidate_public_only_not_graph_edge	no_component_normalized_match_in_mSCIdblit
master_LR_union	LRRTM3	NGFR	Lrrtm3	Ngfr					candidate_public_only_not_graph_edge	no_component_normalized_match_in_mSCIdblit
master_LR_union	LRRTM4	PTPRS	Lrrtm4	Ptprs					candidate_public_only_not_graph_edge	no_component_normalized_match_in_mSCIdblit
master_LR_union	LRTM2	IL6RA	Lrtm2	Il6ra					candidate_public_only_not_graph_edge	no_component_normalized_match_in_mSCIdblit
master_LR_union	LSAMP	NEGR1	Lsamp	Negr1					candidate_public_only_not_graph_edge	no_component_normalized_match_in_mSCIdblit
master_LR_union	LSAMP	OPCML	Lsamp	Opcml					candidate_public_only_not_graph_edge	no_component_normalized_match_in_mSCIdblit
master_LR_union	LTA	LTBR	Lta	Ltbr					candidate_public_only_not_graph_edge	no_component_normalized_match_in_mSCIdblit
master_LR_union	LTA	RIPK1	Lta	Ripk1					candidate_public_only_not_graph_edge	no_component_normalized_match_in_mSCIdblit
master_LR_union	LTA	TNFRSF14	Lta	Tnfrsf14					candidate_public_only_not_graph_edge	no_component_normalized_match_in_mSCIdblit
master_LR_union	LTA	TNFRSF1A	Lta	Tnfrsf1a					candidate_public_only_not_graph_edge	no_component_normalized_match_in_mSCIdblit
master_LR_union	LTA	TNFRSF1B	Lta	Tnfrsf1b					candidate_public_only_not_graph_edge	no_component_normalized_match_in_mSCIdblit
master_LR_union	LTA4H	LTB4R1	Lta4h	Ltb4r1					candidate_public_only_not_graph_edge	no_component_normalized_match_in_mSCIdblit
master_LR_union	LTA4H	LTB4R2	Lta4h	Ltb4r2					candidate_public_only_not_graph_edge	no_component_normalized_match_in_mSCIdblit
master_LR_union	LTB	CD40	Ltb	Cd40					candidate_public_only_not_graph_edge	no_component_normalized_match_in_mSCIdblit
master_LR_union	LTB	LTBR	Ltb	Ltbr					candidate_public_only_not_graph_edge	no_component_normalized_match_in_mSCIdblit
master_LR_union	LTB	TNFRSF1A	Ltb	Tnfrsf1a					candidate_public_only_not_graph_edge	no_component_normalized_match_in_mSCIdblit
master_LR_union	LTBP1	ITGB5	Ltbp1	Itgb5					candidate_public_only_not_graph_edge	no_component_normalized_match_in_mSCIdblit
master_LR_union	LTBP3	ITGB5	Ltbp3	Itgb5					candidate_public_only_not_graph_edge	no_component_normalized_match_in_mSCIdblit
master_LR_union	LTF	AGER	Ltf	Ager					candidate_public_only_not_graph_edge	no_component_normalized_match_in_mSCIdblit
master_LR_union	LTF	BOC	Ltf	Boc					candidate_public_only_not_graph_edge	no_component_normalized_match_in_mSCIdblit
master_LR_union	LTF	IGDCC4	Ltf	Igdcc4					candidate_public_only_not_graph_edge	no_component_normalized_match_in_mSCIdblit
master_LR_union	LTF	IL1RL1	Ltf	Il1rl1					candidate_public_only_not_graph_edge	no_component_normalized_match_in_mSCIdblit
master_LR_union	LTF	LRP11	Ltf	Lrp11					candidate_public_only_not_graph_edge	no_component_normalized_match_in_mSCIdblit
master_LR_union	LTF	TFRC	Ltf	Tfrc					candidate_public_only_not_graph_edge	no_component_normalized_match_in_mSCIdblit
master_LR_union	LTF	TNFRSF11B	Ltf	Tnfrsf11b					candidate_public_only_not_graph_edge	no_component_normalized_match_in_mSCIdblit
master_LR_union	LTF	TREML2	Ltf	Treml2					candidate_public_only_not_graph_edge	no_component_normalized_match_in_mSCIdblit
master_LR_union	LUM	ITGB1	Lum	Itgb1					candidate_public_only_not_graph_edge	no_component_normalized_match_in_mSCIdblit
master_LR_union	LVRN	VSIG8	Lvrn	Vsig8					candidate_public_only_not_graph_edge	no_component_normalized_match_in_mSCIdblit
master_LR_union	LY6G5C	PGAP6	Ly6g5c	Pgap6					candidate_public_only_not_graph_edge	no_component_normalized_match_in_mSCIdblit
master_LR_union	LY6G6F	CSF1R	Ly6g6f	Csf1r					candidate_public_only_not_graph_edge	no_component_normalized_match_in_mSCIdblit
master_LR_union	LY6G6F	DDR1	Ly6g6f	Ddr1					candidate_public_only_not_graph_edge	no_component_normalized_match_in_mSCIdblit
master_LR_union	LY6G6F	GM14548	Ly6g6f	Gm14548					candidate_public_only_not_graph_edge	no_component_normalized_match_in_mSCIdblit
master_LR_union	LY6G6F	GM15448	Ly6g6f	Gm15448					candidate_public_only_not_graph_edge	no_component_normalized_match_in_mSCIdblit
master_LR_union	LY6G6F	LAYN	Ly6g6f	Layn					candidate_public_only_not_graph_edge	no_component_normalized_match_in_mSCIdblit
master_LR_union	LY6G6F	LILRA5	Ly6g6f	Lilra5					candidate_public_only_not_graph_edge	no_component_normalized_match_in_mSCIdblit
master_LR_union	LY6G6F	LILRA6	Ly6g6f	Lilra6					candidate_public_only_not_graph_edge	no_component_normalized_match_in_mSCIdblit
master_LR_union	LY6G6F	PIRA1	Ly6g6f	Pira1					candidate_public_only_not_graph_edge	no_component_normalized_match_in_mSCIdblit
master_LR_union	LY6G6F	PIRA12	Ly6g6f	Pira12					candidate_public_only_not_graph_edge	no_component_normalized_match_in_mSCIdblit
master_LR_union	LY6G6F	PIRA13	Ly6g6f	Pira13					candidate_public_only_not_graph_edge	no_component_normalized_match_in_mSCIdblit
master_LR_union	LY6G6F	PIRA2	Ly6g6f	Pira2					candidate_public_only_not_graph_edge	no_component_normalized_match_in_mSCIdblit
master_LR_union	LY6G6F	PIRA6	Ly6g6f	Pira6					candidate_public_only_not_graph_edge	no_component_normalized_match_in_mSCIdblit
master_LR_union	LY6G6F	PIRB	Ly6g6f	Pirb					candidate_public_only_not_graph_edge	no_component_normalized_match_in_mSCIdblit
master_LR_union	LY6G6F	ROBO3	Ly6g6f	Robo3					candidate_public_only_not_graph_edge	no_component_normalized_match_in_mSCIdblit
master_LR_union	LY86	CD180	Ly86	Cd180					candidate_public_only_not_graph_edge	no_component_normalized_match_in_mSCIdblit
master_LR_union	LY9	TNFRSF17	Ly9	Tnfrsf17					candidate_public_only_not_graph_edge	no_component_normalized_match_in_mSCIdblit
master_LR_union	LYPD3	AGR2	Lypd3	Agr2					candidate_public_only_not_graph_edge	no_component_normalized_match_in_mSCIdblit
master_LR_union	LYPD6	IL20RA	Lypd6	Il20ra					candidate_public_only_not_graph_edge	no_component_normalized_match_in_mSCIdblit
master_LR_union	LYZ1	ITGAL	Lyz1	Itgal					candidate_public_only_not_graph_edge	no_component_normalized_match_in_mSCIdblit
master_LR_union	LYZ2	ITGAL	Lyz2	Itgal					candidate_public_only_not_graph_edge	no_component_normalized_match_in_mSCIdblit
master_LR_union	MADCAM1	CD44	Madcam1	Cd44					candidate_public_only_not_graph_edge	no_component_normalized_match_in_mSCIdblit
master_LR_union	MADCAM1	ITGA4	Madcam1	Itga4					candidate_public_only_not_graph_edge	no_component_normalized_match_in_mSCIdblit
master_LR_union	MADCAM1	ITGB7	Madcam1	Itgb7					candidate_public_only_not_graph_edge	no_component_normalized_match_in_mSCIdblit
master_LR_union	MADCAM1	SIGLECE	Madcam1	Siglece					candidate_public_only_not_graph_edge	no_component_normalized_match_in_mSCIdblit
master_LR_union	MAG	MAG	Mag	Mag					candidate_public_only_not_graph_edge	no_component_normalized_match_in_mSCIdblit
master_LR_union	MANSC1	GPR55	Mansc1	Gpr55					candidate_public_only_not_graph_edge	no_component_normalized_match_in_mSCIdblit
master_LR_union	MBL2	C1QB	Mbl2	C1qb					candidate_public_only_not_graph_edge	no_component_normalized_match_in_mSCIdblit
master_LR_union	MBL2	CALCR	Mbl2	Calcr					candidate_public_only_not_graph_edge	no_component_normalized_match_in_mSCIdblit
master_LR_union	MBL2	CD93	Mbl2	Cd93					candidate_public_only_not_graph_edge	no_component_normalized_match_in_mSCIdblit
master_LR_union	MBL2	LRP1	Mbl2	Lrp1					candidate_public_only_not_graph_edge	no_component_normalized_match_in_mSCIdblit
master_LR_union	MCAM	CD226	Mcam	Cd226					candidate_public_only_not_graph_edge	no_component_normalized_match_in_mSCIdblit
master_LR_union	MCAM	CNTN1	Mcam	Cntn1					candidate_public_only_not_graph_edge	no_component_normalized_match_in_mSCIdblit
master_LR_union	MCAM	FGFR4	Mcam	Fgfr4					candidate_public_only_not_graph_edge	no_component_normalized_match_in_mSCIdblit
master_LR_union	MCAM	TMEM132A	Mcam	Tmem132a					candidate_public_only_not_graph_edge	no_component_normalized_match_in_mSCIdblit
master_LR_union	MDK	ITGA4	Mdk	Itga4					candidate_public_only_not_graph_edge	no_component_normalized_match_in_mSCIdblit
master_LR_union	MDK	ITGA4+ITGB1	Mdk	Itga4_Itgb1					candidate_public_only_not_graph_edge	no_component_normalized_match_in_mSCIdblit
master_LR_union	MDK	ITGA6	Mdk	Itga6					candidate_public_only_not_graph_edge	no_component_normalized_match_in_mSCIdblit
master_LR_union	MDK	ITGA6+ITGB1	Mdk	Itga6_Itgb1					candidate_public_only_not_graph_edge	no_component_normalized_match_in_mSCIdblit
master_LR_union	MDK	ITGB1	Mdk	Itgb1					candidate_public_only_not_graph_edge	no_component_normalized_match_in_mSCIdblit
master_LR_union	MDK	LRP2	Mdk	Lrp2					candidate_public_only_not_graph_edge	no_component_normalized_match_in_mSCIdblit
master_LR_union	MDK	PTPRB	Mdk	Ptprb					candidate_public_only_not_graph_edge	no_component_normalized_match_in_mSCIdblit
master_LR_union	MDK	SDC2	Mdk	Sdc2					candidate_public_only_not_graph_edge	no_component_normalized_match_in_mSCIdblit
master_LR_union	MDK	SDC3	Mdk	Sdc3					candidate_public_only_not_graph_edge	no_component_normalized_match_in_mSCIdblit
master_LR_union	MDK	SORL1	Mdk	Sorl1					candidate_public_only_not_graph_edge	no_component_normalized_match_in_mSCIdblit
master_LR_union	MDK	TSPAN1	Mdk	Tspan1					candidate_public_only_not_graph_edge	no_component_normalized_match_in_mSCIdblit
master_LR_union	MEGF10	ABCA1	Megf10	Abca1					candidate_public_only_not_graph_edge	no_component_normalized_match_in_mSCIdblit
master_LR_union	MELTF	TFRC	Meltf	Tfrc					candidate_public_only_not_graph_edge	no_component_normalized_match_in_mSCIdblit
master_LR_union	MFAP2	NOTCH1	Mfap2	Notch1					candidate_public_only_not_graph_edge	no_component_normalized_match_in_mSCIdblit
master_LR_union	MFAP3L	CEACAM1	Mfap3l	Ceacam1					candidate_public_only_not_graph_edge	no_component_normalized_match_in_mSCIdblit
master_LR_union	MFAP3L	CEACAM2	Mfap3l	Ceacam2					candidate_public_only_not_graph_edge	no_component_normalized_match_in_mSCIdblit
master_LR_union	MFAP3L	MPZL2	Mfap3l	Mpzl2					candidate_public_only_not_graph_edge	no_component_normalized_match_in_mSCIdblit
master_LR_union	MFGE8	ITGAV	Mfge8	Itgav					candidate_public_only_not_graph_edge	no_component_normalized_match_in_mSCIdblit
master_LR_union	MFNG	NOTCH1	Mfng	Notch1					candidate_public_only_not_graph_edge	no_component_normalized_match_in_mSCIdblit
master_LR_union	MFNG	NOTCH2	Mfng	Notch2					candidate_public_only_not_graph_edge	no_component_normalized_match_in_mSCIdblit
master_LR_union	MIA	CDH7	Mia	Cdh7					candidate_public_only_not_graph_edge	no_component_normalized_match_in_mSCIdblit
master_LR_union	MIA	ITGA4	Mia	Itga4					candidate_public_only_not_graph_edge	no_component_normalized_match_in_mSCIdblit
master_LR_union	MIA	ITGA5	Mia	Itga5					candidate_public_only_not_graph_edge	no_component_normalized_match_in_mSCIdblit
master_LR_union	MIA	ITGB1	Mia	Itgb1					candidate_public_only_not_graph_edge	no_component_normalized_match_in_mSCIdblit
master_LR_union	MIF	ACKR3	Mif	Ackr3					candidate_public_only_not_graph_edge	no_component_normalized_match_in_mSCIdblit
master_LR_union	MIF	CD44	Mif	Cd44					candidate_public_only_not_graph_edge	no_component_normalized_match_in_mSCIdblit
master_LR_union	MIF	CD74	Mif	Cd74					candidate_public_only_not_graph_edge	no_component_normalized_match_in_mSCIdblit
master_LR_union	MIF	CXCR2	Mif	Cxcr2					candidate_public_only_not_graph_edge	no_component_normalized_match_in_mSCIdblit
master_LR_union	MIF	CXCR4	Mif	Cxcr4					candidate_public_only_not_graph_edge	no_component_normalized_match_in_mSCIdblit
master_LR_union	MIF	TNFRSF14	Mif	Tnfrsf14					candidate_public_only_not_graph_edge	no_component_normalized_match_in_mSCIdblit
master_LR_union	MILL1	HCST	Mill1	Hcst					candidate_public_only_not_graph_edge	no_component_normalized_match_in_mSCIdblit
master_LR_union	MILL1	KLRK1	Mill1	Klrk1					candidate_public_only_not_graph_edge	no_component_normalized_match_in_mSCIdblit
master_LR_union	MILL1	PCDHAC1	Mill1	Pcdhac1					candidate_public_only_not_graph_edge	no_component_normalized_match_in_mSCIdblit
master_LR_union	MILL2	HCST	Mill2	Hcst					candidate_public_only_not_graph_edge	no_component_normalized_match_in_mSCIdblit
master_LR_union	MILL2	KLRK1	Mill2	Klrk1					candidate_public_only_not_graph_edge	no_component_normalized_match_in_mSCIdblit
master_LR_union	MILL2	PCDHAC1	Mill2	Pcdhac1					candidate_public_only_not_graph_edge	no_component_normalized_match_in_mSCIdblit
master_LR_union	MMP12	F12	Mmp12	F12					candidate_public_only_not_graph_edge	no_component_normalized_match_in_mSCIdblit
master_LR_union	MMP12	PLAUR	Mmp12	Plaur					candidate_public_only_not_graph_edge	no_component_normalized_match_in_mSCIdblit
master_LR_union	MMP13	F12	Mmp13	F12					candidate_public_only_not_graph_edge	no_component_normalized_match_in_mSCIdblit
master_LR_union	MMP13	LRP1	Mmp13	Lrp1					candidate_public_only_not_graph_edge	no_component_normalized_match_in_mSCIdblit
master_LR_union	MMP14	ADAM9	Mmp14	Adam9					candidate_public_only_not_graph_edge	no_component_normalized_match_in_mSCIdblit
master_LR_union	MMP14	CD44	Mmp14	Cd44					candidate_public_only_not_graph_edge	no_component_normalized_match_in_mSCIdblit
master_LR_union	MMP14	DDR1	Mmp14	Ddr1					candidate_public_only_not_graph_edge	no_component_normalized_match_in_mSCIdblit
master_LR_union	MMP14	F12	Mmp14	F12					candidate_public_only_not_graph_edge	no_component_normalized_match_in_mSCIdblit
master_LR_union	MMP14	MMP13	Mmp14	Mmp13					candidate_public_only_not_graph_edge	no_component_normalized_match_in_mSCIdblit
master_LR_union	MMP14	MMP2	Mmp14	Mmp2					candidate_public_only_not_graph_edge	no_component_normalized_match_in_mSCIdblit
master_LR_union	MMP14	SDC1	Mmp14	Sdc1					candidate_public_only_not_graph_edge	no_component_normalized_match_in_mSCIdblit
master_LR_union	MMP15	DDR1	Mmp15	Ddr1					candidate_public_only_not_graph_edge	no_component_normalized_match_in_mSCIdblit
master_LR_union	MMP16	DDR1	Mmp16	Ddr1					candidate_public_only_not_graph_edge	no_component_normalized_match_in_mSCIdblit
master_LR_union	MMP16	MMP2	Mmp16	Mmp2					candidate_public_only_not_graph_edge	no_component_normalized_match_in_mSCIdblit
master_LR_union	MMP1A	CD44	Mmp1a	Cd44					candidate_public_only_not_graph_edge	no_component_normalized_match_in_mSCIdblit
master_LR_union	MMP1A	F2R	Mmp1a	F2r					candidate_public_only_not_graph_edge	no_component_normalized_match_in_mSCIdblit
master_LR_union	MMP1A	ITGA2	Mmp1a	Itga2					candidate_public_only_not_graph_edge	no_component_normalized_match_in_mSCIdblit
master_LR_union	MMP1B	CD44	Mmp1b	Cd44					candidate_public_only_not_graph_edge	no_component_normalized_match_in_mSCIdblit
master_LR_union	MMP1B	F2R	Mmp1b	F2r					candidate_public_only_not_graph_edge	no_component_normalized_match_in_mSCIdblit
master_LR_union	MMP1B	ITGA2	Mmp1b	Itga2					candidate_public_only_not_graph_edge	no_component_normalized_match_in_mSCIdblit
master_LR_union	MMP2	CCR2	Mmp2	Ccr2					candidate_public_only_not_graph_edge	no_component_normalized_match_in_mSCIdblit
master_LR_union	MMP2	DDR1	Mmp2	Ddr1					candidate_public_only_not_graph_edge	no_component_normalized_match_in_mSCIdblit
master_LR_union	MMP2	EGFR	Mmp2	Egfr					candidate_public_only_not_graph_edge	no_component_normalized_match_in_mSCIdblit
master_LR_union	MMP2	F2R	Mmp2	F2r					candidate_public_only_not_graph_edge	no_component_normalized_match_in_mSCIdblit
master_LR_union	MMP2	FGFR1	Mmp2	Fgfr1					candidate_public_only_not_graph_edge	no_component_normalized_match_in_mSCIdblit
master_LR_union	MMP2	ITGAV	Mmp2	Itgav					candidate_public_only_not_graph_edge	no_component_normalized_match_in_mSCIdblit
master_LR_union	MMP2	ITGB3	Mmp2	Itgb3					candidate_public_only_not_graph_edge	no_component_normalized_match_in_mSCIdblit
master_LR_union	MMP2	LRP2	Mmp2	Lrp2					candidate_public_only_not_graph_edge	no_component_normalized_match_in_mSCIdblit
master_LR_union	MMP2	PECAM1	Mmp2	Pecam1					candidate_public_only_not_graph_edge	no_component_normalized_match_in_mSCIdblit
master_LR_union	MMP2	SDC2	Mmp2	Sdc2					candidate_public_only_not_graph_edge	no_component_normalized_match_in_mSCIdblit
master_LR_union	MMP25	MMP2	Mmp25	Mmp2					candidate_public_only_not_graph_edge	no_component_normalized_match_in_mSCIdblit
master_LR_union	MMP7	CD151	Mmp7	Cd151					candidate_public_only_not_graph_edge	no_component_normalized_match_in_mSCIdblit
master_LR_union	MMP7	CD44	Mmp7	Cd44					candidate_public_only_not_graph_edge	no_component_normalized_match_in_mSCIdblit
master_LR_union	MMP7	ERBB4	Mmp7	Erbb4					candidate_public_only_not_graph_edge	no_component_normalized_match_in_mSCIdblit
master_LR_union	MMP7	ITGB4	Mmp7	Itgb4					candidate_public_only_not_graph_edge	no_component_normalized_match_in_mSCIdblit
master_LR_union	MMP7	MMP1A	Mmp7	Mmp1a					candidate_public_only_not_graph_edge	no_component_normalized_match_in_mSCIdblit
master_LR_union	MMP7	MMP1B	Mmp7	Mmp1b					candidate_public_only_not_graph_edge	no_component_normalized_match_in_mSCIdblit
master_LR_union	MMP7	SDC1	Mmp7	Sdc1					candidate_public_only_not_graph_edge	no_component_normalized_match_in_mSCIdblit
master_LR_union	MMP9	CD44	Mmp9	Cd44					candidate_public_only_not_graph_edge	no_component_normalized_match_in_mSCIdblit
master_LR_union	MMP9	DDR1	Mmp9	Ddr1					candidate_public_only_not_graph_edge	no_component_normalized_match_in_mSCIdblit
master_LR_union	MMP9	EPHB2	Mmp9	Ephb2					candidate_public_only_not_graph_edge	no_component_normalized_match_in_mSCIdblit
master_LR_union	MMP9	GM49368	Mmp9	Gm49368					candidate_public_only_not_graph_edge	no_component_normalized_match_in_mSCIdblit
master_LR_union	MMP9	IFNAR1	Mmp9	Ifnar1					candidate_public_only_not_graph_edge	no_component_normalized_match_in_mSCIdblit
master_LR_union	MMP9	ITGAM	Mmp9	Itgam					candidate_public_only_not_graph_edge	no_component_normalized_match_in_mSCIdblit
master_LR_union	MMP9	ITGB2	Mmp9	Itgb2					candidate_public_only_not_graph_edge	no_component_normalized_match_in_mSCIdblit
master_LR_union	MMP9	ITGB2L	Mmp9	Itgb2l					candidate_public_only_not_graph_edge	no_component_normalized_match_in_mSCIdblit
master_LR_union	MMP9	LRP1	Mmp9	Lrp1					candidate_public_only_not_graph_edge	no_component_normalized_match_in_mSCIdblit
master_LR_union	MMP9	RECK	Mmp9	Reck					candidate_public_only_not_graph_edge	no_component_normalized_match_in_mSCIdblit
master_LR_union	MMP9	TLR9	Mmp9	Tlr9					candidate_public_only_not_graph_edge	no_component_normalized_match_in_mSCIdblit
master_LR_union	MPDZ	CLDN1	Mpdz	Cldn1					candidate_public_only_not_graph_edge	no_component_normalized_match_in_mSCIdblit
master_LR_union	MPDZ	CLDN13	Mpdz	Cldn13					candidate_public_only_not_graph_edge	no_component_normalized_match_in_mSCIdblit
master_LR_union	MPDZ	CLDN4	Mpdz	Cldn4					candidate_public_only_not_graph_edge	no_component_normalized_match_in_mSCIdblit
master_LR_union	MPDZ	CLDN5	Mpdz	Cldn5					candidate_public_only_not_graph_edge	no_component_normalized_match_in_mSCIdblit
master_LR_union	MPDZ	CLDN8	Mpdz	Cldn8					candidate_public_only_not_graph_edge	no_component_normalized_match_in_mSCIdblit
master_LR_union	MPDZ	F11R	Mpdz	F11r					candidate_public_only_not_graph_edge	no_component_normalized_match_in_mSCIdblit
master_LR_union	MPIG6B	AGER	Mpig6b	Ager					candidate_public_only_not_graph_edge	no_component_normalized_match_in_mSCIdblit
master_LR_union	MPIG6B	BOC	Mpig6b	Boc					candidate_public_only_not_graph_edge	no_component_normalized_match_in_mSCIdblit
master_LR_union	MPIG6B	IL1RL1	Mpig6b	Il1rl1					candidate_public_only_not_graph_edge	no_component_normalized_match_in_mSCIdblit
master_LR_union	MPIG6B	OSCAR	Mpig6b	Oscar					candidate_public_only_not_graph_edge	no_component_normalized_match_in_mSCIdblit
master_LR_union	MPIG6B	ROBO1	Mpig6b	Robo1					candidate_public_only_not_graph_edge	no_component_normalized_match_in_mSCIdblit
master_LR_union	MPIG6B	TNFRSF21	Mpig6b	Tnfrsf21					candidate_public_only_not_graph_edge	no_component_normalized_match_in_mSCIdblit
master_LR_union	MPIG6B	UNC5A	Mpig6b	Unc5a					candidate_public_only_not_graph_edge	no_component_normalized_match_in_mSCIdblit
master_LR_union	MPIG6B	UNC5D	Mpig6b	Unc5d					candidate_public_only_not_graph_edge	no_component_normalized_match_in_mSCIdblit
master_LR_union	MPZ	CD33	Mpz	Cd33					candidate_public_only_not_graph_edge	no_component_normalized_match_in_mSCIdblit
master_LR_union	MPZ	GM14548	Mpz	Gm14548					candidate_public_only_not_graph_edge	no_component_normalized_match_in_mSCIdblit
master_LR_union	MPZ	GM15448	Mpz	Gm15448					candidate_public_only_not_graph_edge	no_component_normalized_match_in_mSCIdblit
master_LR_union	MPZ	IL6RA	Mpz	Il6ra					candidate_public_only_not_graph_edge	no_component_normalized_match_in_mSCIdblit
master_LR_union	MPZ	ISLR2	Mpz	Islr2					candidate_public_only_not_graph_edge	no_component_normalized_match_in_mSCIdblit
master_LR_union	MPZ	LILRA5	Mpz	Lilra5					candidate_public_only_not_graph_edge	no_component_normalized_match_in_mSCIdblit
master_LR_union	MPZ	LILRA6	Mpz	Lilra6					candidate_public_only_not_graph_edge	no_component_normalized_match_in_mSCIdblit
master_LR_union	MPZ	MPZ	Mpz	Mpz					candidate_public_only_not_graph_edge	no_component_normalized_match_in_mSCIdblit
master_LR_union	MPZ	MPZL1	Mpz	Mpzl1					candidate_public_only_not_graph_edge	no_component_normalized_match_in_mSCIdblit
master_LR_union	MPZ	PIRA1	Mpz	Pira1					candidate_public_only_not_graph_edge	no_component_normalized_match_in_mSCIdblit
master_LR_union	MPZ	PIRA12	Mpz	Pira12					candidate_public_only_not_graph_edge	no_component_normalized_match_in_mSCIdblit
master_LR_union	MPZ	PIRA13	Mpz	Pira13					candidate_public_only_not_graph_edge	no_component_normalized_match_in_mSCIdblit
master_LR_union	MPZ	PIRA2	Mpz	Pira2					candidate_public_only_not_graph_edge	no_component_normalized_match_in_mSCIdblit
master_LR_union	MPZ	PIRA6	Mpz	Pira6					candidate_public_only_not_graph_edge	no_component_normalized_match_in_mSCIdblit
master_LR_union	MPZ	PIRB	Mpz	Pirb					candidate_public_only_not_graph_edge	no_component_normalized_match_in_mSCIdblit
master_LR_union	MPZ	SIGLECF	Mpz	Siglecf					candidate_public_only_not_graph_edge	no_component_normalized_match_in_mSCIdblit
master_LR_union	MPZ	SIGLECH	Mpz	Siglech					candidate_public_only_not_graph_edge	no_component_normalized_match_in_mSCIdblit
master_LR_union	MPZL1	MPZL1	Mpzl1	Mpzl1					candidate_public_only_not_graph_edge	no_component_normalized_match_in_mSCIdblit
master_LR_union	MPZL3	AU040320	Mpzl3	AU040320					candidate_public_only_not_graph_edge	no_component_normalized_match_in_mSCIdblit
master_LR_union	MPZL3	MPZL2	Mpzl3	Mpzl2					candidate_public_only_not_graph_edge	no_component_normalized_match_in_mSCIdblit
master_LR_union	MRC1	PTPRC	Mrc1	Ptprc					candidate_public_only_not_graph_edge	no_component_normalized_match_in_mSCIdblit
master_LR_union	MSMB	GPR55	Msmb	Gpr55					candidate_public_only_not_graph_edge	no_component_normalized_match_in_mSCIdblit
master_LR_union	MSMP	CCR2	Msmp	Ccr2					candidate_public_only_not_graph_edge	no_component_normalized_match_in_mSCIdblit
master_LR_union	MSN	SLC9A1	Msn	Slc9a1					candidate_public_only_not_graph_edge	no_component_normalized_match_in_mSCIdblit
master_LR_union	MSTN	ACVR1B	Mstn	Acvr1b					candidate_public_only_not_graph_edge	no_component_normalized_match_in_mSCIdblit
master_LR_union	MSTN	ACVR1B+ACVR2A	Mstn	Acvr1b_Acvr2a					candidate_public_only_not_graph_edge	no_component_normalized_match_in_mSCIdblit
master_LR_union	MSTN	ACVR1B+ACVR2B	Mstn	Acvr1b_Acvr2b					candidate_public_only_not_graph_edge	no_component_normalized_match_in_mSCIdblit
master_LR_union	MSTN	ACVR2A	Mstn	Acvr2a					candidate_public_only_not_graph_edge	no_component_normalized_match_in_mSCIdblit
master_LR_union	MSTN	ACVR2A+TGFBR1	Mstn	Tgfbr1_Acvr2a					candidate_public_only_not_graph_edge	no_component_normalized_match_in_mSCIdblit
master_LR_union	MSTN	ACVR2B	Mstn	Acvr2b					candidate_public_only_not_graph_edge	no_component_normalized_match_in_mSCIdblit
master_LR_union	MSTN	ACVR2B+TGFBR1	Mstn	Tgfbr1_Acvr2b					candidate_public_only_not_graph_edge	no_component_normalized_match_in_mSCIdblit
master_LR_union	MSTN	TGFBR1	Mstn	Tgfbr1					candidate_public_only_not_graph_edge	no_component_normalized_match_in_mSCIdblit
master_LR_union	MUC1	SIGLECE	Muc1	Siglece					candidate_public_only_not_graph_edge	no_component_normalized_match_in_mSCIdblit
master_LR_union	MUC2	AGR2	Muc2	Agr2					candidate_public_only_not_graph_edge	no_component_normalized_match_in_mSCIdblit
master_LR_union	MUC4	ERBB2	Muc4	Erbb2					candidate_public_only_not_graph_edge	no_component_normalized_match_in_mSCIdblit
master_LR_union	MUG1	MMP2	Mug1	Mmp2					candidate_public_only_not_graph_edge	no_component_normalized_match_in_mSCIdblit
master_LR_union	MUG1	MMP9	Mug1	Mmp9					candidate_public_only_not_graph_edge	no_component_normalized_match_in_mSCIdblit
master_LR_union	MUG1	SCTR	Mug1	Sctr					candidate_public_only_not_graph_edge	no_component_normalized_match_in_mSCIdblit
master_LR_union	MUG2	MMP2	Mug2	Mmp2					candidate_public_only_not_graph_edge	no_component_normalized_match_in_mSCIdblit
master_LR_union	MUG2	MMP9	Mug2	Mmp9					candidate_public_only_not_graph_edge	no_component_normalized_match_in_mSCIdblit
master_LR_union	MUG2	SCTR	Mug2	Sctr					candidate_public_only_not_graph_edge	no_component_normalized_match_in_mSCIdblit
master_LR_union	MXRA8	JAM3	Mxra8	Jam3					candidate_public_only_not_graph_edge	no_component_normalized_match_in_mSCIdblit
master_LR_union	MYOC	FZD1	Myoc	Fzd1					candidate_public_only_not_graph_edge	no_component_normalized_match_in_mSCIdblit
master_LR_union	MYOC	FZD10	Myoc	Fzd10					candidate_public_only_not_graph_edge	no_component_normalized_match_in_mSCIdblit
master_LR_union	MYOC	FZD3	Myoc	Fzd3					candidate_public_only_not_graph_edge	no_component_normalized_match_in_mSCIdblit
master_LR_union	MYOC	FZD4	Myoc	Fzd4					candidate_public_only_not_graph_edge	no_component_normalized_match_in_mSCIdblit
master_LR_union	MYOC	FZD7	Myoc	Fzd7					candidate_public_only_not_graph_edge	no_component_normalized_match_in_mSCIdblit
master_LR_union	NAALADL1	CD96	Naaladl1	Cd96					candidate_public_only_not_graph_edge	no_component_normalized_match_in_mSCIdblit
master_LR_union	NAMPT	ADORA2A	Nampt	Adora2a					candidate_public_only_not_graph_edge	no_component_normalized_match_in_mSCIdblit
master_LR_union	NAMPT	INSR	Nampt	Insr					candidate_public_only_not_graph_edge	no_component_normalized_match_in_mSCIdblit
master_LR_union	NAMPT	ITGA5	Nampt	Itga5					candidate_public_only_not_graph_edge	no_component_normalized_match_in_mSCIdblit
master_LR_union	NAMPT	ITGA5+ITGB1	Nampt	Itga5_Itgb1					candidate_public_only_not_graph_edge	no_component_normalized_match_in_mSCIdblit
master_LR_union	NAMPT	ITGB1	Nampt	Itgb1					candidate_public_only_not_graph_edge	no_component_normalized_match_in_mSCIdblit
master_LR_union	NCAM1	CACNA1C	Ncam1	Cacna1c					candidate_public_only_not_graph_edge	no_component_normalized_match_in_mSCIdblit
master_LR_union	NCAM1	CLEC14A	Ncam1	Clec14a					candidate_public_only_not_graph_edge	no_component_normalized_match_in_mSCIdblit
master_LR_union	NCAM1	CLEC2L	Ncam1	Clec2l					candidate_public_only_not_graph_edge	no_component_normalized_match_in_mSCIdblit
master_LR_union	NCAM1	CNTN1	Ncam1	Cntn1					candidate_public_only_not_graph_edge	no_component_normalized_match_in_mSCIdblit
master_LR_union	NCAM1	ISLR2	Ncam1	Islr2					candidate_public_only_not_graph_edge	no_component_normalized_match_in_mSCIdblit
master_LR_union	NCAM1	NCAM1	Ncam1	Ncam1					candidate_public_only_not_graph_edge	no_component_normalized_match_in_mSCIdblit
master_LR_union	NCAM1	NCAM2	Ncam1	Ncam2					candidate_public_only_not_graph_edge	no_component_normalized_match_in_mSCIdblit
master_LR_union	NCAM1	NPTN	Ncam1	Nptn					candidate_public_only_not_graph_edge	no_component_normalized_match_in_mSCIdblit
master_LR_union	NCAM1	PTPRA	Ncam1	Ptpra					candidate_public_only_not_graph_edge	no_component_normalized_match_in_mSCIdblit
master_LR_union	NCAM1	PTPRS	Ncam1	Ptprs					candidate_public_only_not_graph_edge	no_component_normalized_match_in_mSCIdblit
master_LR_union	NCAM1	PTPRZ1	Ncam1	Ptprz1					candidate_public_only_not_graph_edge	no_component_normalized_match_in_mSCIdblit
master_LR_union	NCAM1	ROBO1	Ncam1	Robo1					candidate_public_only_not_graph_edge	no_component_normalized_match_in_mSCIdblit
master_LR_union	NCAM2	L1CAM	Ncam2	L1cam					candidate_public_only_not_graph_edge	no_component_normalized_match_in_mSCIdblit
master_LR_union	NCAN	CDH2	Ncan	Cdh2					candidate_public_only_not_graph_edge	no_component_normalized_match_in_mSCIdblit
master_LR_union	NDP	FZD4	Ndp	Fzd4					candidate_public_only_not_graph_edge	no_component_normalized_match_in_mSCIdblit
master_LR_union	NDP	LRP5	Ndp	Lrp5					candidate_public_only_not_graph_edge	no_component_normalized_match_in_mSCIdblit
master_LR_union	NECTIN1	CADM3	Nectin1	Cadm3					candidate_public_only_not_graph_edge	no_component_normalized_match_in_mSCIdblit
master_LR_union	NECTIN1	CD96	Nectin1	Cd96					candidate_public_only_not_graph_edge	no_component_normalized_match_in_mSCIdblit
master_LR_union	NECTIN1	FGFR1	Nectin1	Fgfr1					candidate_public_only_not_graph_edge	no_component_normalized_match_in_mSCIdblit
master_LR_union	NECTIN1	NECTIN1	Nectin1	Nectin1					candidate_public_only_not_graph_edge	no_component_normalized_match_in_mSCIdblit
master_LR_union	NECTIN1	NECTIN3	Nectin1	Nectin3					candidate_public_only_not_graph_edge	no_component_normalized_match_in_mSCIdblit
master_LR_union	NECTIN1	NECTIN4	Nectin1	Nectin4					candidate_public_only_not_graph_edge	no_component_normalized_match_in_mSCIdblit
master_LR_union	NECTIN2	CD226	Nectin2	Cd226					candidate_public_only_not_graph_edge	no_component_normalized_match_in_mSCIdblit
master_LR_union	NECTIN2	CD96	Nectin2	Cd96					candidate_public_only_not_graph_edge	no_component_normalized_match_in_mSCIdblit
master_LR_union	NECTIN2	NECTIN2	Nectin2	Nectin2					candidate_public_only_not_graph_edge	no_component_normalized_match_in_mSCIdblit
master_LR_union	NECTIN2	NECTIN3	Nectin2	Nectin3					candidate_public_only_not_graph_edge	no_component_normalized_match_in_mSCIdblit
master_LR_union	NECTIN2	NECTIN4	Nectin2	Nectin4					candidate_public_only_not_graph_edge	no_component_normalized_match_in_mSCIdblit
master_LR_union	NECTIN2	PVR	Nectin2	Pvr					candidate_public_only_not_graph_edge	no_component_normalized_match_in_mSCIdblit
master_LR_union	NECTIN2	PVRIG	Nectin2	Pvrig					candidate_public_only_not_graph_edge	no_component_normalized_match_in_mSCIdblit
master_LR_union	NECTIN2	TIGIT	Nectin2	Tigit					candidate_public_only_not_graph_edge	no_component_normalized_match_in_mSCIdblit
master_LR_union	NECTIN3	CADM1	Nectin3	Cadm1					candidate_public_only_not_graph_edge	no_component_normalized_match_in_mSCIdblit
master_LR_union	NECTIN3	CADM3	Nectin3	Cadm3					candidate_public_only_not_graph_edge	no_component_normalized_match_in_mSCIdblit
master_LR_union	NECTIN3	GUCY2E	Nectin3	Gucy2e					candidate_public_only_not_graph_edge	no_component_normalized_match_in_mSCIdblit
master_LR_union	NECTIN3	NECTIN1	Nectin3	Nectin1					candidate_public_only_not_graph_edge	no_component_normalized_match_in_mSCIdblit
master_LR_union	NECTIN3	NECTIN2	Nectin3	Nectin2					candidate_public_only_not_graph_edge	no_component_normalized_match_in_mSCIdblit
master_LR_union	NECTIN3	PVR	Nectin3	Pvr					candidate_public_only_not_graph_edge	no_component_normalized_match_in_mSCIdblit
master_LR_union	NECTIN3	TIGIT	Nectin3	Tigit					candidate_public_only_not_graph_edge	no_component_normalized_match_in_mSCIdblit
master_LR_union	NECTIN4	GUCY2E	Nectin4	Gucy2e					candidate_public_only_not_graph_edge	no_component_normalized_match_in_mSCIdblit
master_LR_union	NECTIN4	NECTIN1	Nectin4	Nectin1					candidate_public_only_not_graph_edge	no_component_normalized_match_in_mSCIdblit
master_LR_union	NECTIN4	NECTIN2	Nectin4	Nectin2					candidate_public_only_not_graph_edge	no_component_normalized_match_in_mSCIdblit
master_LR_union	NECTIN4	PVR	Nectin4	Pvr					candidate_public_only_not_graph_edge	no_component_normalized_match_in_mSCIdblit
master_LR_union	NEGR1	IGSF9B	Negr1	Igsf9b					candidate_public_only_not_graph_edge	no_component_normalized_match_in_mSCIdblit
master_LR_union	NEGR1	NEGR1	Negr1	Negr1					candidate_public_only_not_graph_edge	no_component_normalized_match_in_mSCIdblit
master_LR_union	NEGR1	NTM	Negr1	Ntm					candidate_public_only_not_graph_edge	no_component_normalized_match_in_mSCIdblit
master_LR_union	NEGR1	OPCML	Negr1	Opcml					candidate_public_only_not_graph_edge	no_component_normalized_match_in_mSCIdblit
master_LR_union	NEGR1	TNFRSF17	Negr1	Tnfrsf17					candidate_public_only_not_graph_edge	no_component_normalized_match_in_mSCIdblit
master_LR_union	NEO1	HJV	Neo1	Hjv					candidate_public_only_not_graph_edge	no_component_normalized_match_in_mSCIdblit
master_LR_union	NEO1	RGMB	Neo1	Rgmb					candidate_public_only_not_graph_edge	no_component_normalized_match_in_mSCIdblit
master_LR_union	NETO2	FCRL1	Neto2	Fcrl1					candidate_public_only_not_graph_edge	no_component_normalized_match_in_mSCIdblit
master_LR_union	NETO2	IL18R1	Neto2	Il18r1					candidate_public_only_not_graph_edge	no_component_normalized_match_in_mSCIdblit
master_LR_union	NETO2	LRRC4	Neto2	Lrrc4					candidate_public_only_not_graph_edge	no_component_normalized_match_in_mSCIdblit
master_LR_union	NFASC	CNTN1	Nfasc	Cntn1					candidate_public_only_not_graph_edge	no_component_normalized_match_in_mSCIdblit
master_LR_union	NFASC	CNTN1+CNTNAP1	Nfasc	Cntn1_Cntnap1					candidate_public_only_not_graph_edge	no_component_normalized_match_in_mSCIdblit
master_LR_union	NFASC	CNTNAP1	Nfasc	Cntnap1					candidate_public_only_not_graph_edge	no_component_normalized_match_in_mSCIdblit
master_LR_union	NFASC	NRCAM	Nfasc	Nrcam					candidate_public_only_not_graph_edge	no_component_normalized_match_in_mSCIdblit
master_LR_union	NFASC	NRP2	Nfasc	Nrp2					candidate_public_only_not_graph_edge	no_component_normalized_match_in_mSCIdblit
master_LR_union	NGF	ERBB2	Ngf	Erbb2					candidate_public_only_not_graph_edge	no_component_normalized_match_in_mSCIdblit
master_LR_union	NGF	KIDINS220	Ngf	Kidins220					candidate_public_only_not_graph_edge	no_component_normalized_match_in_mSCIdblit
master_LR_union	NGF	MAGED1	Ngf	Maged1					candidate_public_only_not_graph_edge	no_component_normalized_match_in_mSCIdblit
master_LR_union	NGF	NGFR	Ngf	Ngfr					candidate_public_only_not_graph_edge	no_component_normalized_match_in_mSCIdblit
master_LR_union	NGF	NTRK1	Ngf	Ntrk1					candidate_public_only_not_graph_edge	no_component_normalized_match_in_mSCIdblit
master_LR_union	NGF	SORT1	Ngf	Sort1					candidate_public_only_not_graph_edge	no_component_normalized_match_in_mSCIdblit
master_LR_union	NGF	TRPV1	Ngf	Trpv1					candidate_public_only_not_graph_edge	no_component_normalized_match_in_mSCIdblit
master_LR_union	NID1	COL13A1	Nid1	Col13a1					candidate_public_only_not_graph_edge	no_component_normalized_match_in_mSCIdblit
master_LR_union	NID1	ITGA3	Nid1	Itga3					candidate_public_only_not_graph_edge	no_component_normalized_match_in_mSCIdblit
master_LR_union	NID1	ITGAV	Nid1	Itgav					candidate_public_only_not_graph_edge	no_component_normalized_match_in_mSCIdblit
master_LR_union	NID1	ITGB1	Nid1	Itgb1					candidate_public_only_not_graph_edge	no_component_normalized_match_in_mSCIdblit
master_LR_union	NID1	ITGB3	Nid1	Itgb3					candidate_public_only_not_graph_edge	no_component_normalized_match_in_mSCIdblit
master_LR_union	NID2	COL13A1	Nid2	Col13a1					candidate_public_only_not_graph_edge	no_component_normalized_match_in_mSCIdblit
master_LR_union	NLGN1	NRXN3	Nlgn1	Nrxn3					candidate_public_only_not_graph_edge	no_component_normalized_match_in_mSCIdblit
master_LR_union	NLGN2	MDGA1	Nlgn2	Mdga1					candidate_public_only_not_graph_edge	no_component_normalized_match_in_mSCIdblit
master_LR_union	NLGN2	NRXN2	Nlgn2	Nrxn2					candidate_public_only_not_graph_edge	no_component_normalized_match_in_mSCIdblit
master_LR_union	NLGN2	NRXN3	Nlgn2	Nrxn3					candidate_public_only_not_graph_edge	no_component_normalized_match_in_mSCIdblit
master_LR_union	NLGN3	CD2	Nlgn3	Cd2					candidate_public_only_not_graph_edge	no_component_normalized_match_in_mSCIdblit
master_LR_union	NLGN3	MDGA1	Nlgn3	Mdga1					candidate_public_only_not_graph_edge	no_component_normalized_match_in_mSCIdblit
master_LR_union	NLGN3	NRXN2	Nlgn3	Nrxn2					candidate_public_only_not_graph_edge	no_component_normalized_match_in_mSCIdblit
master_LR_union	NLGN3	NRXN3	Nlgn3	Nrxn3					candidate_public_only_not_graph_edge	no_component_normalized_match_in_mSCIdblit
master_LR_union	NMB	BRS3	Nmb	Brs3					candidate_public_only_not_graph_edge	no_component_normalized_match_in_mSCIdblit
master_LR_union	NMB	GRPR	Nmb	Grpr					candidate_public_only_not_graph_edge	no_component_normalized_match_in_mSCIdblit
master_LR_union	NMS	ADRA2A	Nms	Adra2a					candidate_public_only_not_graph_edge	no_component_normalized_match_in_mSCIdblit
master_LR_union	NMS	GRM7	Nms	Grm7					candidate_public_only_not_graph_edge	no_component_normalized_match_in_mSCIdblit
master_LR_union	NMS	MTNR1A	Nms	Mtnr1a					candidate_public_only_not_graph_edge	no_component_normalized_match_in_mSCIdblit
master_LR_union	NMU	ADRA2A	Nmu	Adra2a					candidate_public_only_not_graph_edge	no_component_normalized_match_in_mSCIdblit
master_LR_union	NMU	GRM7	Nmu	Grm7					candidate_public_only_not_graph_edge	no_component_normalized_match_in_mSCIdblit
master_LR_union	NMU	MTNR1A	Nmu	Mtnr1a					candidate_public_only_not_graph_edge	no_component_normalized_match_in_mSCIdblit
master_LR_union	NODAL	ACVR1B	Nodal	Acvr1b					candidate_public_only_not_graph_edge	no_component_normalized_match_in_mSCIdblit
master_LR_union	NODAL	ACVR1B+ACVR2A+CFC1	Nodal	Acvr1b_Acvr2a_Cfc1					candidate_public_only_not_graph_edge	no_component_normalized_match_in_mSCIdblit
master_LR_union	NODAL	ACVR1B+ACVR2B+CFC1	Nodal	Acvr1b_Acvr2b_Cfc1					candidate_public_only_not_graph_edge	no_component_normalized_match_in_mSCIdblit
master_LR_union	NODAL	ACVR1C	Nodal	Acvr1c					candidate_public_only_not_graph_edge	no_component_normalized_match_in_mSCIdblit
master_LR_union	NODAL	ACVR1C+ACVR2A	Nodal	Acvr1c_Acvr2a					candidate_public_only_not_graph_edge	no_component_normalized_match_in_mSCIdblit
master_LR_union	NODAL	ACVR1C+ACVR2A+CFC1	Nodal	Acvr1c_Acvr2a_Cfc1					candidate_public_only_not_graph_edge	no_component_normalized_match_in_mSCIdblit
master_LR_union	NODAL	ACVR1C+ACVR2B	Nodal	Acvr1c_Acvr2b					candidate_public_only_not_graph_edge	no_component_normalized_match_in_mSCIdblit
master_LR_union	NODAL	ACVR1C+ACVR2B+CFC1	Nodal	Acvr1c_Acvr2b_Cfc1					candidate_public_only_not_graph_edge	no_component_normalized_match_in_mSCIdblit
master_LR_union	NODAL	ACVR2A	Nodal	Acvr2a					candidate_public_only_not_graph_edge	no_component_normalized_match_in_mSCIdblit
master_LR_union	NODAL	ACVR2B	Nodal	Acvr2b					candidate_public_only_not_graph_edge	no_component_normalized_match_in_mSCIdblit
master_LR_union	NODAL	CFC1	Nodal	Cfc1					candidate_public_only_not_graph_edge	no_component_normalized_match_in_mSCIdblit
master_LR_union	NODAL	TDGF1	Nodal	Tdgf1					candidate_public_only_not_graph_edge	no_component_normalized_match_in_mSCIdblit
master_LR_union	NOG	BMPR1A	Nog	Bmpr1a					candidate_public_only_not_graph_edge	no_component_normalized_match_in_mSCIdblit
master_LR_union	NOG	BMPR1B	Nog	Bmpr1b					candidate_public_only_not_graph_edge	no_component_normalized_match_in_mSCIdblit
master_LR_union	NOG	BMPR2	Nog	Bmpr2					candidate_public_only_not_graph_edge	no_component_normalized_match_in_mSCIdblit
master_LR_union	NPB	ADRA2A	Npb	Adra2a					candidate_public_only_not_graph_edge	no_component_normalized_match_in_mSCIdblit
master_LR_union	NPB	GRM7	Npb	Grm7					candidate_public_only_not_graph_edge	no_component_normalized_match_in_mSCIdblit
master_LR_union	NPB	MTNR1A	Npb	Mtnr1a					candidate_public_only_not_graph_edge	no_component_normalized_match_in_mSCIdblit
master_LR_union	NPFF	MAS1	Npff	Mas1					candidate_public_only_not_graph_edge	no_component_normalized_match_in_mSCIdblit
master_LR_union	NPHS1	TRPC6	Nphs1	Trpc6					candidate_public_only_not_graph_edge	no_component_normalized_match_in_mSCIdblit
master_LR_union	NPNT	ITGA8	Npnt	Itga8					candidate_public_only_not_graph_edge	no_component_normalized_match_in_mSCIdblit
master_LR_union	NPNT	ITGB1	Npnt	Itgb1					candidate_public_only_not_graph_edge	no_component_normalized_match_in_mSCIdblit
master_LR_union	NPPA	NPR2	Nppa	Npr2					candidate_public_only_not_graph_edge	no_component_normalized_match_in_mSCIdblit
master_LR_union	NPPA	NPR3	Nppa	Npr3					candidate_public_only_not_graph_edge	no_component_normalized_match_in_mSCIdblit
master_LR_union	NPPB	DPP4	Nppb	Dpp4					candidate_public_only_not_graph_edge	no_component_normalized_match_in_mSCIdblit
master_LR_union	NPPB	FAP	Nppb	Fap					candidate_public_only_not_graph_edge	no_component_normalized_match_in_mSCIdblit
master_LR_union	NPPB	NPR1	Nppb	Npr1					candidate_public_only_not_graph_edge	no_component_normalized_match_in_mSCIdblit
master_LR_union	NPPB	NPR2	Nppb	Npr2					candidate_public_only_not_graph_edge	no_component_normalized_match_in_mSCIdblit
master_LR_union	NPPB	NPR3	Nppb	Npr3					candidate_public_only_not_graph_edge	no_component_normalized_match_in_mSCIdblit
master_LR_union	NPPC	NPR1	Nppc	Npr1					candidate_public_only_not_graph_edge	no_component_normalized_match_in_mSCIdblit
master_LR_union	NPPC	NPR3	Nppc	Npr3					candidate_public_only_not_graph_edge	no_component_normalized_match_in_mSCIdblit
master_LR_union	NPS	ADCYAP1R1	Nps	Adcyap1r1					candidate_public_only_not_graph_edge	no_component_normalized_match_in_mSCIdblit
master_LR_union	NPS	ADRB2	Nps	Adrb2					candidate_public_only_not_graph_edge	no_component_normalized_match_in_mSCIdblit
master_LR_union	NPS	ADRB3	Nps	Adrb3					candidate_public_only_not_graph_edge	no_component_normalized_match_in_mSCIdblit
master_LR_union	NPS	GPR20	Nps	Gpr20					candidate_public_only_not_graph_edge	no_component_normalized_match_in_mSCIdblit
master_LR_union	NPS	GPR84	Nps	Gpr84					candidate_public_only_not_graph_edge	no_component_normalized_match_in_mSCIdblit
master_LR_union	NPS	PTH1R	Nps	Pth1r					candidate_public_only_not_graph_edge	no_component_normalized_match_in_mSCIdblit
master_LR_union	NPS	RAMP2	Nps	Ramp2					candidate_public_only_not_graph_edge	no_component_normalized_match_in_mSCIdblit
master_LR_union	NPS	RAMP3	Nps	Ramp3					candidate_public_only_not_graph_edge	no_component_normalized_match_in_mSCIdblit
master_LR_union	NPS	TSHR	Nps	Tshr					candidate_public_only_not_graph_edge	no_component_normalized_match_in_mSCIdblit
master_LR_union	NPS	VIPR1	Nps	Vipr1					candidate_public_only_not_graph_edge	no_component_normalized_match_in_mSCIdblit
master_LR_union	NPW	ADRA2A	Npw	Adra2a					candidate_public_only_not_graph_edge	no_component_normalized_match_in_mSCIdblit
master_LR_union	NPW	GRM7	Npw	Grm7					candidate_public_only_not_graph_edge	no_component_normalized_match_in_mSCIdblit
master_LR_union	NPW	MTNR1A	Npw	Mtnr1a					candidate_public_only_not_graph_edge	no_component_normalized_match_in_mSCIdblit
master_LR_union	NPY	ADRA2A	Npy	Adra2a					candidate_public_only_not_graph_edge	no_component_normalized_match_in_mSCIdblit
master_LR_union	NPY	ADRB1	Npy	Adrb1					candidate_public_only_not_graph_edge	no_component_normalized_match_in_mSCIdblit
master_LR_union	NPY	ADRB2	Npy	Adrb2					candidate_public_only_not_graph_edge	no_component_normalized_match_in_mSCIdblit
master_LR_union	NPY	DPP4	Npy	Dpp4					candidate_public_only_not_graph_edge	no_component_normalized_match_in_mSCIdblit
master_LR_union	NPY	FAP	Npy	Fap					candidate_public_only_not_graph_edge	no_component_normalized_match_in_mSCIdblit
master_LR_union	NPY	GPR83	Npy	Gpr83					candidate_public_only_not_graph_edge	no_component_normalized_match_in_mSCIdblit
master_LR_union	NPY	GRM7	Npy	Grm7					candidate_public_only_not_graph_edge	no_component_normalized_match_in_mSCIdblit
master_LR_union	NPY	MC4R	Npy	Mc4r					candidate_public_only_not_graph_edge	no_component_normalized_match_in_mSCIdblit
master_LR_union	NPY	MTNR1A	Npy	Mtnr1a					candidate_public_only_not_graph_edge	no_component_normalized_match_in_mSCIdblit
master_LR_union	NPY	NPFFR2	Npy	Npffr2					candidate_public_only_not_graph_edge	no_component_normalized_match_in_mSCIdblit
master_LR_union	NPY	NPY4R	Npy	Npy4r					candidate_public_only_not_graph_edge	no_component_normalized_match_in_mSCIdblit
master_LR_union	NPY	NPY6R	Npy	Npy6r					candidate_public_only_not_graph_edge	no_component_normalized_match_in_mSCIdblit
master_LR_union	NPY	PGR15L	Npy	Pgr15l					candidate_public_only_not_graph_edge	no_component_normalized_match_in_mSCIdblit
master_LR_union	NPY	PRLHR	Npy	Prlhr					candidate_public_only_not_graph_edge	no_component_normalized_match_in_mSCIdblit
master_LR_union	NR0B2	FGFRL1	Nr0b2	Fgfrl1					candidate_public_only_not_graph_edge	no_component_normalized_match_in_mSCIdblit
master_LR_union	NRG1	EGFR	Nrg1	Egfr					candidate_public_only_not_graph_edge	no_component_normalized_match_in_mSCIdblit
master_LR_union	NRG1	ERBB2	Nrg1	Erbb2					candidate_public_only_not_graph_edge	no_component_normalized_match_in_mSCIdblit
master_LR_union	NRG1	ERBB2+ERBB3	Nrg1	Erbb2_Erbb3					candidate_public_only_not_graph_edge	no_component_normalized_match_in_mSCIdblit
master_LR_union	NRG1	ERBB2+ERBB4	Nrg1	Erbb2_Erbb4					candidate_public_only_not_graph_edge	no_component_normalized_match_in_mSCIdblit
master_LR_union	NRG1	ERBB3	Nrg1	Erbb3					candidate_public_only_not_graph_edge	no_component_normalized_match_in_mSCIdblit
master_LR_union	NRG1	ERBB4	Nrg1	Erbb4					candidate_public_only_not_graph_edge	no_component_normalized_match_in_mSCIdblit
master_LR_union	NRG1	ITGA6+ITGB4	Nrg1	Itga6_Itgb4					candidate_public_only_not_graph_edge	no_component_normalized_match_in_mSCIdblit
master_LR_union	NRG1	ITGAV	Nrg1	Itgav					candidate_public_only_not_graph_edge	no_component_normalized_match_in_mSCIdblit
master_LR_union	NRG1	ITGAV+ITGB3	Nrg1	Itgav_Itgb3					candidate_public_only_not_graph_edge	no_component_normalized_match_in_mSCIdblit
master_LR_union	NRG1	ITGB3	Nrg1	Itgb3					candidate_public_only_not_graph_edge	no_component_normalized_match_in_mSCIdblit
master_LR_union	NRG2	ERBB2	Nrg2	Erbb2					candidate_public_only_not_graph_edge	no_component_normalized_match_in_mSCIdblit
master_LR_union	NRG2	ERBB3	Nrg2	Erbb3					candidate_public_only_not_graph_edge	no_component_normalized_match_in_mSCIdblit
master_LR_union	NRG2	ERBB4	Nrg2	Erbb4					candidate_public_only_not_graph_edge	no_component_normalized_match_in_mSCIdblit
master_LR_union	NRG2	LRRTM2	Nrg2	Lrrtm2					candidate_public_only_not_graph_edge	no_component_normalized_match_in_mSCIdblit
master_LR_union	NRG2	MOG	Nrg2	Mog					candidate_public_only_not_graph_edge	no_component_normalized_match_in_mSCIdblit
master_LR_union	NRG2	MPIG6B	Nrg2	Mpig6b					candidate_public_only_not_graph_edge	no_component_normalized_match_in_mSCIdblit
master_LR_union	NRG2	NRP2	Nrg2	Nrp2					candidate_public_only_not_graph_edge	no_component_normalized_match_in_mSCIdblit
master_LR_union	NRG3	EGFR	Nrg3	Egfr					candidate_public_only_not_graph_edge	no_component_normalized_match_in_mSCIdblit
master_LR_union	NRG3	ERBB2	Nrg3	Erbb2					candidate_public_only_not_graph_edge	no_component_normalized_match_in_mSCIdblit
master_LR_union	NRG3	ERBB2+ERBB4	Nrg3	Erbb2_Erbb4					candidate_public_only_not_graph_edge	no_component_normalized_match_in_mSCIdblit
master_LR_union	NRG3	ERBB3	Nrg3	Erbb3					candidate_public_only_not_graph_edge	no_component_normalized_match_in_mSCIdblit
master_LR_union	NRG3	ERBB4	Nrg3	Erbb4					candidate_public_only_not_graph_edge	no_component_normalized_match_in_mSCIdblit
master_LR_union	NRG4	EGFR	Nrg4	Egfr					candidate_public_only_not_graph_edge	no_component_normalized_match_in_mSCIdblit
master_LR_union	NRG4	ERBB2	Nrg4	Erbb2					candidate_public_only_not_graph_edge	no_component_normalized_match_in_mSCIdblit
master_LR_union	NRG4	ERBB2+ERBB4	Nrg4	Erbb2_Erbb4					candidate_public_only_not_graph_edge	no_component_normalized_match_in_mSCIdblit
master_LR_union	NRG4	ERBB4	Nrg4	Erbb4					candidate_public_only_not_graph_edge	no_component_normalized_match_in_mSCIdblit
master_LR_union	NRP1	FLT1	Nrp1	Flt1					candidate_public_only_not_graph_edge	no_component_normalized_match_in_mSCIdblit
master_LR_union	NRP1	KDR	Nrp1	Kdr					candidate_public_only_not_graph_edge	no_component_normalized_match_in_mSCIdblit
master_LR_union	NRP1	PDGFRA	Nrp1	Pdgfra					candidate_public_only_not_graph_edge	no_component_normalized_match_in_mSCIdblit
master_LR_union	NRP1	PDGFRB	Nrp1	Pdgfrb					candidate_public_only_not_graph_edge	no_component_normalized_match_in_mSCIdblit
master_LR_union	NRP1	PLXNA1	Nrp1	Plxna1					candidate_public_only_not_graph_edge	no_component_normalized_match_in_mSCIdblit
master_LR_union	NRP1	TNFRSF11B	Nrp1	Tnfrsf11b					candidate_public_only_not_graph_edge	no_component_normalized_match_in_mSCIdblit
master_LR_union	NRTN	GFRA1	Nrtn	Gfra1					candidate_public_only_not_graph_edge	no_component_normalized_match_in_mSCIdblit
master_LR_union	NRTN	GFRA1+RET	Nrtn	Gfra1_Ret					candidate_public_only_not_graph_edge	no_component_normalized_match_in_mSCIdblit
master_LR_union	NRTN	GFRA2	Nrtn	Gfra2					candidate_public_only_not_graph_edge	no_component_normalized_match_in_mSCIdblit
master_LR_union	NRTN	GFRA3	Nrtn	Gfra3					candidate_public_only_not_graph_edge	no_component_normalized_match_in_mSCIdblit
master_LR_union	NRTN	RET	Nrtn	Ret					candidate_public_only_not_graph_edge	no_component_normalized_match_in_mSCIdblit
master_LR_union	NRXN1	CLSTN1	Nrxn1	Clstn1					candidate_public_only_not_graph_edge	no_component_normalized_match_in_mSCIdblit
master_LR_union	NRXN1	CLSTN2	Nrxn1	Clstn2					candidate_public_only_not_graph_edge	no_component_normalized_match_in_mSCIdblit
master_LR_union	NRXN1	CLSTN3	Nrxn1	Clstn3					candidate_public_only_not_graph_edge	no_component_normalized_match_in_mSCIdblit
master_LR_union	NRXN1	DAG1	Nrxn1	Dag1					candidate_public_only_not_graph_edge	no_component_normalized_match_in_mSCIdblit
master_LR_union	NRXN1	LRRTM1	Nrxn1	Lrrtm1					candidate_public_only_not_graph_edge	no_component_normalized_match_in_mSCIdblit
master_LR_union	NRXN1	LRRTM2	Nrxn1	Lrrtm2					candidate_public_only_not_graph_edge	no_component_normalized_match_in_mSCIdblit
master_LR_union	NRXN1	LRRTM3	Nrxn1	Lrrtm3					candidate_public_only_not_graph_edge	no_component_normalized_match_in_mSCIdblit
master_LR_union	NRXN1	LRRTM4	Nrxn1	Lrrtm4					candidate_public_only_not_graph_edge	no_component_normalized_match_in_mSCIdblit
master_LR_union	NRXN1	VSTM2B	Nrxn1	Vstm2b					candidate_public_only_not_graph_edge	no_component_normalized_match_in_mSCIdblit
master_LR_union	NRXN2	CLSTN1	Nrxn2	Clstn1					candidate_public_only_not_graph_edge	no_component_normalized_match_in_mSCIdblit
master_LR_union	NRXN2	CLSTN2	Nrxn2	Clstn2					candidate_public_only_not_graph_edge	no_component_normalized_match_in_mSCIdblit
master_LR_union	NRXN2	CLSTN3	Nrxn2	Clstn3					candidate_public_only_not_graph_edge	no_component_normalized_match_in_mSCIdblit
master_LR_union	NRXN2	DAG1	Nrxn2	Dag1					candidate_public_only_not_graph_edge	no_component_normalized_match_in_mSCIdblit
master_LR_union	NRXN2	FGFR4	Nrxn2	Fgfr4					candidate_public_only_not_graph_edge	no_component_normalized_match_in_mSCIdblit
master_LR_union	NRXN2	FGFRL1	Nrxn2	Fgfrl1					candidate_public_only_not_graph_edge	no_component_normalized_match_in_mSCIdblit
master_LR_union	NRXN2	IGSF21	Nrxn2	Igsf21					candidate_public_only_not_graph_edge	no_component_normalized_match_in_mSCIdblit
master_LR_union	NRXN2	LRRTM1	Nrxn2	Lrrtm1					candidate_public_only_not_graph_edge	no_component_normalized_match_in_mSCIdblit
master_LR_union	NRXN2	LRRTM2	Nrxn2	Lrrtm2					candidate_public_only_not_graph_edge	no_component_normalized_match_in_mSCIdblit
master_LR_union	NRXN2	LRRTM3	Nrxn2	Lrrtm3					candidate_public_only_not_graph_edge	no_component_normalized_match_in_mSCIdblit
master_LR_union	NRXN2	LRRTM4	Nrxn2	Lrrtm4					candidate_public_only_not_graph_edge	no_component_normalized_match_in_mSCIdblit
master_LR_union	NRXN2	SIGLECE	Nrxn2	Siglece					candidate_public_only_not_graph_edge	no_component_normalized_match_in_mSCIdblit
master_LR_union	NRXN2	SIGLECF	Nrxn2	Siglecf					candidate_public_only_not_graph_edge	no_component_normalized_match_in_mSCIdblit
master_LR_union	NRXN2	TNFRSF11B	Nrxn2	Tnfrsf11b					candidate_public_only_not_graph_edge	no_component_normalized_match_in_mSCIdblit
master_LR_union	NRXN2	VSTM2B	Nrxn2	Vstm2b					candidate_public_only_not_graph_edge	no_component_normalized_match_in_mSCIdblit
master_LR_union	NRXN3	DAG1	Nrxn3	Dag1					candidate_public_only_not_graph_edge	no_component_normalized_match_in_mSCIdblit
master_LR_union	NRXN3	FGFR4	Nrxn3	Fgfr4					candidate_public_only_not_graph_edge	no_component_normalized_match_in_mSCIdblit
master_LR_union	NRXN3	FGFRL1	Nrxn3	Fgfrl1					candidate_public_only_not_graph_edge	no_component_normalized_match_in_mSCIdblit
master_LR_union	NRXN3	LRRTM1	Nrxn3	Lrrtm1					candidate_public_only_not_graph_edge	no_component_normalized_match_in_mSCIdblit
master_LR_union	NRXN3	LRRTM2	Nrxn3	Lrrtm2					candidate_public_only_not_graph_edge	no_component_normalized_match_in_mSCIdblit
master_LR_union	NRXN3	LRRTM3	Nrxn3	Lrrtm3					candidate_public_only_not_graph_edge	no_component_normalized_match_in_mSCIdblit
master_LR_union	NRXN3	LRRTM4	Nrxn3	Lrrtm4					candidate_public_only_not_graph_edge	no_component_normalized_match_in_mSCIdblit
master_LR_union	NRXN3	NLGN1	Nrxn3	Nlgn1					candidate_public_only_not_graph_edge	no_component_normalized_match_in_mSCIdblit
master_LR_union	NRXN3	NLGN2	Nrxn3	Nlgn2					candidate_public_only_not_graph_edge	no_component_normalized_match_in_mSCIdblit
master_LR_union	NRXN3	NLGN3	Nrxn3	Nlgn3					candidate_public_only_not_graph_edge	no_component_normalized_match_in_mSCIdblit
master_LR_union	NRXN3	TNFRSF11B	Nrxn3	Tnfrsf11b					candidate_public_only_not_graph_edge	no_component_normalized_match_in_mSCIdblit
master_LR_union	NT5E	FCRL1	Nt5e	Fcrl1					candidate_public_only_not_graph_edge	no_component_normalized_match_in_mSCIdblit
master_LR_union	NT5E+SLC29A1	ADORA1	Slc29a1_Nt5e	Adora1					candidate_public_only_not_graph_edge	no_component_normalized_match_in_mSCIdblit
master_LR_union	NT5E+SLC29A1	ADORA2A	Slc29a1_Nt5e	Adora2a					candidate_public_only_not_graph_edge	no_component_normalized_match_in_mSCIdblit
master_LR_union	NT5E+SLC29A1	ADORA2B	Slc29a1_Nt5e	Adora2b					candidate_public_only_not_graph_edge	no_component_normalized_match_in_mSCIdblit
master_LR_union	NT5E+SLC29A1	ADORA3	Slc29a1_Nt5e	Adora3					candidate_public_only_not_graph_edge	no_component_normalized_match_in_mSCIdblit
master_LR_union	NT5E+SLC29A2	ADORA1	Slc29a2_Nt5e	Adora1					candidate_public_only_not_graph_edge	no_component_normalized_match_in_mSCIdblit
master_LR_union	NT5E+SLC29A2	ADORA2A	Slc29a2_Nt5e	Adora2a					candidate_public_only_not_graph_edge	no_component_normalized_match_in_mSCIdblit
master_LR_union	NT5E+SLC29A2	ADORA2B	Slc29a2_Nt5e	Adora2b					candidate_public_only_not_graph_edge	no_component_normalized_match_in_mSCIdblit
master_LR_union	NT5E+SLC29A2	ADORA3	Slc29a2_Nt5e	Adora3					candidate_public_only_not_graph_edge	no_component_normalized_match_in_mSCIdblit
master_LR_union	NT5E+SLC29A3	ADORA1	Slc29a3_Nt5e	Adora1					candidate_public_only_not_graph_edge	no_component_normalized_match_in_mSCIdblit
master_LR_union	NT5E+SLC29A3	ADORA2A	Slc29a3_Nt5e	Adora2a					candidate_public_only_not_graph_edge	no_component_normalized_match_in_mSCIdblit
master_LR_union	NT5E+SLC29A3	ADORA2B	Slc29a3_Nt5e	Adora2b					candidate_public_only_not_graph_edge	no_component_normalized_match_in_mSCIdblit
master_LR_union	NT5E+SLC29A3	ADORA3	Slc29a3_Nt5e	Adora3					candidate_public_only_not_graph_edge	no_component_normalized_match_in_mSCIdblit
master_LR_union	NT5E+SLC29A4	ADORA1	Slc29a4_Nt5e	Adora1					candidate_public_only_not_graph_edge	no_component_normalized_match_in_mSCIdblit
master_LR_union	NT5E+SLC29A4	ADORA2A	Slc29a4_Nt5e	Adora2a					candidate_public_only_not_graph_edge	no_component_normalized_match_in_mSCIdblit
master_LR_union	NT5E+SLC29A4	ADORA2B	Slc29a4_Nt5e	Adora2b					candidate_public_only_not_graph_edge	no_component_normalized_match_in_mSCIdblit
master_LR_union	NT5E+SLC29A4	ADORA3	Slc29a4_Nt5e	Adora3					candidate_public_only_not_graph_edge	no_component_normalized_match_in_mSCIdblit
master_LR_union	NTF3	NGFR	Ntf3	Ngfr					candidate_public_only_not_graph_edge	no_component_normalized_match_in_mSCIdblit
master_LR_union	NTF3	NTRK1	Ntf3	Ntrk1					candidate_public_only_not_graph_edge	no_component_normalized_match_in_mSCIdblit
master_LR_union	NTF5	NGFR	Ntf5	Ngfr					candidate_public_only_not_graph_edge	no_component_normalized_match_in_mSCIdblit
master_LR_union	NTF5	NTRK1	Ntf5	Ntrk1					candidate_public_only_not_graph_edge	no_component_normalized_match_in_mSCIdblit
master_LR_union	NTF5	NTRK3	Ntf5	Ntrk3					candidate_public_only_not_graph_edge	no_component_normalized_match_in_mSCIdblit
master_LR_union	NTM	AMIGO2	Ntm	Amigo2					candidate_public_only_not_graph_edge	no_component_normalized_match_in_mSCIdblit
master_LR_union	NTM	CD79B	Ntm	Cd79b					candidate_public_only_not_graph_edge	no_component_normalized_match_in_mSCIdblit
master_LR_union	NTM	LRRC4C	Ntm	Lrrc4c					candidate_public_only_not_graph_edge	no_component_normalized_match_in_mSCIdblit
master_LR_union	NTM	LRRN3	Ntm	Lrrn3					candidate_public_only_not_graph_edge	no_component_normalized_match_in_mSCIdblit
master_LR_union	NTM	NEGR1	Ntm	Negr1					candidate_public_only_not_graph_edge	no_component_normalized_match_in_mSCIdblit
master_LR_union	NTM	OPCML	Ntm	Opcml					candidate_public_only_not_graph_edge	no_component_normalized_match_in_mSCIdblit
master_LR_union	NTM	STAB1	Ntm	Stab1					candidate_public_only_not_graph_edge	no_component_normalized_match_in_mSCIdblit
master_LR_union	NTM	THSD7A	Ntm	Thsd7a					candidate_public_only_not_graph_edge	no_component_normalized_match_in_mSCIdblit
master_LR_union	NTM	TNFRSF17	Ntm	Tnfrsf17					candidate_public_only_not_graph_edge	no_component_normalized_match_in_mSCIdblit
master_LR_union	NTM	VSIG8	Ntm	Vsig8					candidate_public_only_not_graph_edge	no_component_normalized_match_in_mSCIdblit
master_LR_union	NTN1	ADORA2B	Ntn1	Adora2b					candidate_public_only_not_graph_edge	no_component_normalized_match_in_mSCIdblit
master_LR_union	NTN3	CDON	Ntn3	Cdon					candidate_public_only_not_graph_edge	no_component_normalized_match_in_mSCIdblit
master_LR_union	NTN4	NTRK2	Ntn4	Ntrk2					candidate_public_only_not_graph_edge	no_component_normalized_match_in_mSCIdblit
master_LR_union	NTN4	UNC5A	Ntn4	Unc5a					candidate_public_only_not_graph_edge	no_component_normalized_match_in_mSCIdblit
master_LR_union	NTNG1	CD300C	Ntng1	Cd300c					candidate_public_only_not_graph_edge	no_component_normalized_match_in_mSCIdblit
master_LR_union	NTNG1	CD300C2	Ntng1	Cd300c2					candidate_public_only_not_graph_edge	no_component_normalized_match_in_mSCIdblit
master_LR_union	NTNG1	SIGLECE	Ntng1	Siglece					candidate_public_only_not_graph_edge	no_component_normalized_match_in_mSCIdblit
master_LR_union	NTNG1	SIGLECF	Ntng1	Siglecf					candidate_public_only_not_graph_edge	no_component_normalized_match_in_mSCIdblit
master_LR_union	NTNG2	LRRC4C	Ntng2	Lrrc4c					candidate_public_only_not_graph_edge	no_component_normalized_match_in_mSCIdblit
master_LR_union	NTRK3	PTPRF	Ntrk3	Ptprf					candidate_public_only_not_graph_edge	no_component_normalized_match_in_mSCIdblit
master_LR_union	NTRK3	PTPRS	Ntrk3	Ptprs					candidate_public_only_not_graph_edge	no_component_normalized_match_in_mSCIdblit
master_LR_union	NTS	NGFR	Nts	Ngfr					candidate_public_only_not_graph_edge	no_component_normalized_match_in_mSCIdblit
master_LR_union	NUCB2	ERAP1	Nucb2	Erap1					candidate_public_only_not_graph_edge	no_component_normalized_match_in_mSCIdblit
master_LR_union	NXPH1	NRXN3	Nxph1	Nrxn3					candidate_public_only_not_graph_edge	no_component_normalized_match_in_mSCIdblit
master_LR_union	NXPH2	NRXN1	Nxph2	Nrxn1					candidate_public_only_not_graph_edge	no_component_normalized_match_in_mSCIdblit
master_LR_union	NXPH3	NRXN3	Nxph3	Nrxn3					candidate_public_only_not_graph_edge	no_component_normalized_match_in_mSCIdblit
master_LR_union	NYX	TRPM1	Nyx	Trpm1					candidate_public_only_not_graph_edge	no_component_normalized_match_in_mSCIdblit
master_LR_union	OCLN	CLDN2	Ocln	Cldn2					candidate_public_only_not_graph_edge	no_component_normalized_match_in_mSCIdblit
master_LR_union	OCLN	OCLN	Ocln	Ocln					candidate_public_only_not_graph_edge	no_component_normalized_match_in_mSCIdblit
master_LR_union	OCLN	TGFBR1	Ocln	Tgfbr1					candidate_public_only_not_graph_edge	no_component_normalized_match_in_mSCIdblit
master_LR_union	OCLN	TGFBR2	Ocln	Tgfbr2					candidate_public_only_not_graph_edge	no_component_normalized_match_in_mSCIdblit
master_LR_union	OGN	H2EB2	Ogn	H2-Eb2					candidate_public_only_not_graph_edge	no_component_normalized_match_in_mSCIdblit
master_LR_union	OIT1	FPR1	Oit1	Fpr1					candidate_public_only_not_graph_edge	no_component_normalized_match_in_mSCIdblit
master_LR_union	OIT1	FPR2	Oit1	Fpr2					candidate_public_only_not_graph_edge	no_component_normalized_match_in_mSCIdblit
master_LR_union	OLFM2	ROBO2	Olfm2	Robo2					candidate_public_only_not_graph_edge	no_component_normalized_match_in_mSCIdblit
master_LR_union	OMG	LINGO1	Omg	Lingo1					candidate_public_only_not_graph_edge	no_component_normalized_match_in_mSCIdblit
master_LR_union	OMG	NGFR	Omg	Ngfr					candidate_public_only_not_graph_edge	no_component_normalized_match_in_mSCIdblit
master_LR_union	OMG	RTN4R	Omg	Rtn4r					candidate_public_only_not_graph_edge	no_component_normalized_match_in_mSCIdblit
master_LR_union	OMG	RTN4RL1	Omg	Rtn4rl1					candidate_public_only_not_graph_edge	no_component_normalized_match_in_mSCIdblit
master_LR_union	OMG	TNFRSF1B	Omg	Tnfrsf1b					candidate_public_only_not_graph_edge	no_component_normalized_match_in_mSCIdblit
master_LR_union	OPCML	NEGR1	Opcml	Negr1					candidate_public_only_not_graph_edge	no_component_normalized_match_in_mSCIdblit
master_LR_union	OPCML	NTM	Opcml	Ntm					candidate_public_only_not_graph_edge	no_component_normalized_match_in_mSCIdblit
master_LR_union	OPCML	OPCML	Opcml	Opcml					candidate_public_only_not_graph_edge	no_component_normalized_match_in_mSCIdblit
master_LR_union	ORM1	CCR5	Orm1	Ccr5					candidate_public_only_not_graph_edge	no_component_normalized_match_in_mSCIdblit
master_LR_union	ORM3	CCR5	Orm3	Ccr5					candidate_public_only_not_graph_edge	no_component_normalized_match_in_mSCIdblit
master_LR_union	OSM	IL6ST	Osm	Il6st					candidate_public_only_not_graph_edge	no_component_normalized_match_in_mSCIdblit
master_LR_union	P4HB	MTTP	P4hb	Mttp					candidate_public_only_not_graph_edge	no_component_normalized_match_in_mSCIdblit
master_LR_union	PAM	DPP4	Pam	Dpp4					candidate_public_only_not_graph_edge	no_component_normalized_match_in_mSCIdblit
master_LR_union	PAM	FAP	Pam	Fap					candidate_public_only_not_graph_edge	no_component_normalized_match_in_mSCIdblit
master_LR_union	PAM	FXYD1	Pam	Fxyd1					candidate_public_only_not_graph_edge	no_component_normalized_match_in_mSCIdblit
master_LR_union	PAPLN	CD200	Papln	Cd200					candidate_public_only_not_graph_edge	no_component_normalized_match_in_mSCIdblit
master_LR_union	PAPLN	NECTIN4	Papln	Nectin4					candidate_public_only_not_graph_edge	no_component_normalized_match_in_mSCIdblit
master_LR_union	PAPLN	SIRPA	Papln	Sirpa					candidate_public_only_not_graph_edge	no_component_normalized_match_in_mSCIdblit
master_LR_union	PATJ	CLDN1	Patj	Cldn1					candidate_public_only_not_graph_edge	no_component_normalized_match_in_mSCIdblit
master_LR_union	PCDH15	TMC1	Pcdh15	Tmc1					candidate_public_only_not_graph_edge	no_component_normalized_match_in_mSCIdblit
master_LR_union	PCDH15	TMC2	Pcdh15	Tmc2					candidate_public_only_not_graph_edge	no_component_normalized_match_in_mSCIdblit
master_LR_union	PCDHA1	ITGB1	Pcdha1	Itgb1					candidate_public_only_not_graph_edge	no_component_normalized_match_in_mSCIdblit
master_LR_union	PCDHA1	PCDHA1	Pcdha1	Pcdha1					candidate_public_only_not_graph_edge	no_component_normalized_match_in_mSCIdblit
master_LR_union	PCDHA10	ITGB1	Pcdha10	Itgb1					candidate_public_only_not_graph_edge	no_component_normalized_match_in_mSCIdblit
master_LR_union	PCDHA10	PCDHA10	Pcdha10	Pcdha10					candidate_public_only_not_graph_edge	no_component_normalized_match_in_mSCIdblit
master_LR_union	PCDHA11	ITGB1	Pcdha11	Itgb1					candidate_public_only_not_graph_edge	no_component_normalized_match_in_mSCIdblit
master_LR_union	PCDHA11	PCDHA11	Pcdha11	Pcdha11					candidate_public_only_not_graph_edge	no_component_normalized_match_in_mSCIdblit
master_LR_union	PCDHA12	ITGB1	Pcdha12	Itgb1					candidate_public_only_not_graph_edge	no_component_normalized_match_in_mSCIdblit
master_LR_union	PCDHA12	PCDHA12	Pcdha12	Pcdha12					candidate_public_only_not_graph_edge	no_component_normalized_match_in_mSCIdblit
master_LR_union	PCDHA2	ITGB1	Pcdha2	Itgb1					candidate_public_only_not_graph_edge	no_component_normalized_match_in_mSCIdblit
master_LR_union	PCDHA2	PCDHA2	Pcdha2	Pcdha2					candidate_public_only_not_graph_edge	no_component_normalized_match_in_mSCIdblit
master_LR_union	PCDHA2	PCDHGA1	Pcdha2	Pcdhga1					candidate_public_only_not_graph_edge	no_component_normalized_match_in_mSCIdblit
master_LR_union	PCDHA2	PCDHGA10	Pcdha2	Pcdhga10					candidate_public_only_not_graph_edge	no_component_normalized_match_in_mSCIdblit
master_LR_union	PCDHA2	PCDHGA11	Pcdha2	Pcdhga11					candidate_public_only_not_graph_edge	no_component_normalized_match_in_mSCIdblit
master_LR_union	PCDHA2	PCDHGA12	Pcdha2	Pcdhga12					candidate_public_only_not_graph_edge	no_component_normalized_match_in_mSCIdblit
master_LR_union	PCDHA2	PCDHGA2	Pcdha2	Pcdhga2					candidate_public_only_not_graph_edge	no_component_normalized_match_in_mSCIdblit
master_LR_union	PCDHA2	PCDHGA3	Pcdha2	Pcdhga3					candidate_public_only_not_graph_edge	no_component_normalized_match_in_mSCIdblit
master_LR_union	PCDHA2	PCDHGA4	Pcdha2	Pcdhga4					candidate_public_only_not_graph_edge	no_component_normalized_match_in_mSCIdblit
master_LR_union	PCDHA2	PCDHGA5	Pcdha2	Pcdhga5					candidate_public_only_not_graph_edge	no_component_normalized_match_in_mSCIdblit
master_LR_union	PCDHA2	PCDHGA6	Pcdha2	Pcdhga6					candidate_public_only_not_graph_edge	no_component_normalized_match_in_mSCIdblit
master_LR_union	PCDHA2	PCDHGA7	Pcdha2	Pcdhga7					candidate_public_only_not_graph_edge	no_component_normalized_match_in_mSCIdblit
master_LR_union	PCDHA2	PCDHGA8	Pcdha2	Pcdhga8					candidate_public_only_not_graph_edge	no_component_normalized_match_in_mSCIdblit
master_LR_union	PCDHA2	PCDHGA9	Pcdha2	Pcdhga9					candidate_public_only_not_graph_edge	no_component_normalized_match_in_mSCIdblit
master_LR_union	PCDHA2	PCDHGB1	Pcdha2	Pcdhgb1					candidate_public_only_not_graph_edge	no_component_normalized_match_in_mSCIdblit
master_LR_union	PCDHA2	PCDHGB2	Pcdha2	Pcdhgb2					candidate_public_only_not_graph_edge	no_component_normalized_match_in_mSCIdblit
master_LR_union	PCDHA2	PCDHGB4	Pcdha2	Pcdhgb4					candidate_public_only_not_graph_edge	no_component_normalized_match_in_mSCIdblit
master_LR_union	PCDHA2	PCDHGB5	Pcdha2	Pcdhgb5					candidate_public_only_not_graph_edge	no_component_normalized_match_in_mSCIdblit
master_LR_union	PCDHA2	PCDHGB6	Pcdha2	Pcdhgb6					candidate_public_only_not_graph_edge	no_component_normalized_match_in_mSCIdblit
master_LR_union	PCDHA2	PCDHGB7	Pcdha2	Pcdhgb7					candidate_public_only_not_graph_edge	no_component_normalized_match_in_mSCIdblit
master_LR_union	PCDHA2	PCDHGB8	Pcdha2	Pcdhgb8					candidate_public_only_not_graph_edge	no_component_normalized_match_in_mSCIdblit
master_LR_union	PCDHA2	PCDHGC3	Pcdha2	Pcdhgc3					candidate_public_only_not_graph_edge	no_component_normalized_match_in_mSCIdblit
master_LR_union	PCDHA2	PCDHGC4	Pcdha2	Pcdhgc4					candidate_public_only_not_graph_edge	no_component_normalized_match_in_mSCIdblit
master_LR_union	PCDHA2	PCDHGC5	Pcdha2	Pcdhgc5					candidate_public_only_not_graph_edge	no_component_normalized_match_in_mSCIdblit
master_LR_union	PCDHA3	ITGB1	Pcdha3	Itgb1					candidate_public_only_not_graph_edge	no_component_normalized_match_in_mSCIdblit
master_LR_union	PCDHA3	PCDHA3	Pcdha3	Pcdha3					candidate_public_only_not_graph_edge	no_component_normalized_match_in_mSCIdblit
master_LR_union	PCDHA4	ITGB1	Pcdha4	Itgb1					candidate_public_only_not_graph_edge	no_component_normalized_match_in_mSCIdblit
master_LR_union	PCDHA4	PCDHA4	Pcdha4	Pcdha4					candidate_public_only_not_graph_edge	no_component_normalized_match_in_mSCIdblit
master_LR_union	PCDHA4B	PCDHA4	Pcdha4b	Pcdha4					candidate_public_only_not_graph_edge	no_component_normalized_match_in_mSCIdblit
master_LR_union	PCDHA4B	PCDHA4B	Pcdha4b	Pcdha4b					candidate_public_only_not_graph_edge	no_component_normalized_match_in_mSCIdblit
master_LR_union	PCDHA5	ITGB1	Pcdha5	Itgb1					candidate_public_only_not_graph_edge	no_component_normalized_match_in_mSCIdblit
master_LR_union	PCDHA5	PCDHA5	Pcdha5	Pcdha5					candidate_public_only_not_graph_edge	no_component_normalized_match_in_mSCIdblit
master_LR_union	PCDHA6	ITGB1	Pcdha6	Itgb1					candidate_public_only_not_graph_edge	no_component_normalized_match_in_mSCIdblit
master_LR_union	PCDHA6	PCDHA6	Pcdha6	Pcdha6					candidate_public_only_not_graph_edge	no_component_normalized_match_in_mSCIdblit
master_LR_union	PCDHA7	ITGB1	Pcdha7	Itgb1					candidate_public_only_not_graph_edge	no_component_normalized_match_in_mSCIdblit
master_LR_union	PCDHA7	PCDHA7	Pcdha7	Pcdha7					candidate_public_only_not_graph_edge	no_component_normalized_match_in_mSCIdblit
master_LR_union	PCDHA8	ITGB1	Pcdha8	Itgb1					candidate_public_only_not_graph_edge	no_component_normalized_match_in_mSCIdblit
master_LR_union	PCDHA8	PCDHA8	Pcdha8	Pcdha8					candidate_public_only_not_graph_edge	no_component_normalized_match_in_mSCIdblit
master_LR_union	PCDHA9	ITGB1	Pcdha9	Itgb1					candidate_public_only_not_graph_edge	no_component_normalized_match_in_mSCIdblit
master_LR_union	PCDHA9	PCDHA9	Pcdha9	Pcdha9					candidate_public_only_not_graph_edge	no_component_normalized_match_in_mSCIdblit
master_LR_union	PCDHA9	PCDHGA1	Pcdha9	Pcdhga1					candidate_public_only_not_graph_edge	no_component_normalized_match_in_mSCIdblit
master_LR_union	PCDHA9	PCDHGA10	Pcdha9	Pcdhga10					candidate_public_only_not_graph_edge	no_component_normalized_match_in_mSCIdblit
master_LR_union	PCDHA9	PCDHGA11	Pcdha9	Pcdhga11					candidate_public_only_not_graph_edge	no_component_normalized_match_in_mSCIdblit
master_LR_union	PCDHA9	PCDHGA12	Pcdha9	Pcdhga12					candidate_public_only_not_graph_edge	no_component_normalized_match_in_mSCIdblit
master_LR_union	PCDHA9	PCDHGA2	Pcdha9	Pcdhga2					candidate_public_only_not_graph_edge	no_component_normalized_match_in_mSCIdblit
master_LR_union	PCDHA9	PCDHGA3	Pcdha9	Pcdhga3					candidate_public_only_not_graph_edge	no_component_normalized_match_in_mSCIdblit
master_LR_union	PCDHA9	PCDHGA4	Pcdha9	Pcdhga4					candidate_public_only_not_graph_edge	no_component_normalized_match_in_mSCIdblit
master_LR_union	PCDHA9	PCDHGA5	Pcdha9	Pcdhga5					candidate_public_only_not_graph_edge	no_component_normalized_match_in_mSCIdblit
master_LR_union	PCDHA9	PCDHGA6	Pcdha9	Pcdhga6					candidate_public_only_not_graph_edge	no_component_normalized_match_in_mSCIdblit
master_LR_union	PCDHA9	PCDHGA7	Pcdha9	Pcdhga7					candidate_public_only_not_graph_edge	no_component_normalized_match_in_mSCIdblit
master_LR_union	PCDHA9	PCDHGA8	Pcdha9	Pcdhga8					candidate_public_only_not_graph_edge	no_component_normalized_match_in_mSCIdblit
master_LR_union	PCDHA9	PCDHGA9	Pcdha9	Pcdhga9					candidate_public_only_not_graph_edge	no_component_normalized_match_in_mSCIdblit
master_LR_union	PCDHA9	PCDHGB1	Pcdha9	Pcdhgb1					candidate_public_only_not_graph_edge	no_component_normalized_match_in_mSCIdblit
master_LR_union	PCDHA9	PCDHGB2	Pcdha9	Pcdhgb2					candidate_public_only_not_graph_edge	no_component_normalized_match_in_mSCIdblit
master_LR_union	PCDHA9	PCDHGB4	Pcdha9	Pcdhgb4					candidate_public_only_not_graph_edge	no_component_normalized_match_in_mSCIdblit
master_LR_union	PCDHA9	PCDHGB5	Pcdha9	Pcdhgb5					candidate_public_only_not_graph_edge	no_component_normalized_match_in_mSCIdblit
master_LR_union	PCDHA9	PCDHGB6	Pcdha9	Pcdhgb6					candidate_public_only_not_graph_edge	no_component_normalized_match_in_mSCIdblit
master_LR_union	PCDHA9	PCDHGB7	Pcdha9	Pcdhgb7					candidate_public_only_not_graph_edge	no_component_normalized_match_in_mSCIdblit
master_LR_union	PCDHA9	PCDHGB8	Pcdha9	Pcdhgb8					candidate_public_only_not_graph_edge	no_component_normalized_match_in_mSCIdblit
master_LR_union	PCDHA9	PCDHGC3	Pcdha9	Pcdhgc3					candidate_public_only_not_graph_edge	no_component_normalized_match_in_mSCIdblit
master_LR_union	PCDHA9	PCDHGC4	Pcdha9	Pcdhgc4					candidate_public_only_not_graph_edge	no_component_normalized_match_in_mSCIdblit
master_LR_union	PCDHA9	PCDHGC5	Pcdha9	Pcdhgc5					candidate_public_only_not_graph_edge	no_component_normalized_match_in_mSCIdblit
master_LR_union	PCDHAC1	PCDHAC1	Pcdhac1	Pcdhac1					candidate_public_only_not_graph_edge	no_component_normalized_match_in_mSCIdblit
master_LR_union	PCDHAC2	PCDHAC2	Pcdhac2	Pcdhac2					candidate_public_only_not_graph_edge	no_component_normalized_match_in_mSCIdblit
master_LR_union	PCDHB1	PCDHB1	Pcdhb1	Pcdhb1					candidate_public_only_not_graph_edge	no_component_normalized_match_in_mSCIdblit
master_LR_union	PCDHB10	PCDHB10	Pcdhb10	Pcdhb10					candidate_public_only_not_graph_edge	no_component_normalized_match_in_mSCIdblit
master_LR_union	PCDHB10	PCDHB11	Pcdhb10	Pcdhb11					candidate_public_only_not_graph_edge	no_component_normalized_match_in_mSCIdblit
master_LR_union	PCDHB10	PCDHB6	Pcdhb10	Pcdhb6					candidate_public_only_not_graph_edge	no_component_normalized_match_in_mSCIdblit
master_LR_union	PCDHB10	PCDHB8	Pcdhb10	Pcdhb8					candidate_public_only_not_graph_edge	no_component_normalized_match_in_mSCIdblit
master_LR_union	PCDHB11	PCDHB11	Pcdhb11	Pcdhb11					candidate_public_only_not_graph_edge	no_component_normalized_match_in_mSCIdblit
master_LR_union	PCDHB11	PCDHB6	Pcdhb11	Pcdhb6					candidate_public_only_not_graph_edge	no_component_normalized_match_in_mSCIdblit
master_LR_union	PCDHB11	PCDHB8	Pcdhb11	Pcdhb8					candidate_public_only_not_graph_edge	no_component_normalized_match_in_mSCIdblit
master_LR_union	PCDHB12	PCDHB10	Pcdhb12	Pcdhb10					candidate_public_only_not_graph_edge	no_component_normalized_match_in_mSCIdblit
master_LR_union	PCDHB12	PCDHB11	Pcdhb12	Pcdhb11					candidate_public_only_not_graph_edge	no_component_normalized_match_in_mSCIdblit
master_LR_union	PCDHB12	PCDHB12	Pcdhb12	Pcdhb12					candidate_public_only_not_graph_edge	no_component_normalized_match_in_mSCIdblit
master_LR_union	PCDHB12	PCDHB6	Pcdhb12	Pcdhb6					candidate_public_only_not_graph_edge	no_component_normalized_match_in_mSCIdblit
master_LR_union	PCDHB12	PCDHB8	Pcdhb12	Pcdhb8					candidate_public_only_not_graph_edge	no_component_normalized_match_in_mSCIdblit
master_LR_union	PCDHB13	PCDHB13	Pcdhb13	Pcdhb13					candidate_public_only_not_graph_edge	no_component_normalized_match_in_mSCIdblit
master_LR_union	PCDHB15	PCDHB15	Pcdhb15	Pcdhb15					candidate_public_only_not_graph_edge	no_component_normalized_match_in_mSCIdblit
master_LR_union	PCDHB16	PCDHB16	Pcdhb16	Pcdhb16					candidate_public_only_not_graph_edge	no_component_normalized_match_in_mSCIdblit
master_LR_union	PCDHB17	PCDHB17	Pcdhb17	Pcdhb17					candidate_public_only_not_graph_edge	no_component_normalized_match_in_mSCIdblit
master_LR_union	PCDHB18	PCDHB18	Pcdhb18	Pcdhb18					candidate_public_only_not_graph_edge	no_component_normalized_match_in_mSCIdblit
master_LR_union	PCDHB19	PCDHB19	Pcdhb19	Pcdhb19					candidate_public_only_not_graph_edge	no_component_normalized_match_in_mSCIdblit
master_LR_union	PCDHB19	PCDHB21	Pcdhb19	Pcdhb21					candidate_public_only_not_graph_edge	no_component_normalized_match_in_mSCIdblit
master_LR_union	PCDHB2	PCDHB2	Pcdhb2	Pcdhb2					candidate_public_only_not_graph_edge	no_component_normalized_match_in_mSCIdblit
master_LR_union	PCDHB20	PCDHB20	Pcdhb20	Pcdhb20					candidate_public_only_not_graph_edge	no_component_normalized_match_in_mSCIdblit
master_LR_union	PCDHB21	PCDHB21	Pcdhb21	Pcdhb21					candidate_public_only_not_graph_edge	no_component_normalized_match_in_mSCIdblit
master_LR_union	PCDHB22	PCDHB22	Pcdhb22	Pcdhb22					candidate_public_only_not_graph_edge	no_component_normalized_match_in_mSCIdblit
master_LR_union	PCDHB3	IGSF11	Pcdhb3	Igsf11					candidate_public_only_not_graph_edge	no_component_normalized_match_in_mSCIdblit
master_LR_union	PCDHB3	PCDHB3	Pcdhb3	Pcdhb3					candidate_public_only_not_graph_edge	no_component_normalized_match_in_mSCIdblit
master_LR_union	PCDHB4	PCDHB10	Pcdhb4	Pcdhb10					candidate_public_only_not_graph_edge	no_component_normalized_match_in_mSCIdblit
master_LR_union	PCDHB4	PCDHB11	Pcdhb4	Pcdhb11					candidate_public_only_not_graph_edge	no_component_normalized_match_in_mSCIdblit
master_LR_union	PCDHB4	PCDHB12	Pcdhb4	Pcdhb12					candidate_public_only_not_graph_edge	no_component_normalized_match_in_mSCIdblit
master_LR_union	PCDHB4	PCDHB4	Pcdhb4	Pcdhb4					candidate_public_only_not_graph_edge	no_component_normalized_match_in_mSCIdblit
master_LR_union	PCDHB4	PCDHB6	Pcdhb4	Pcdhb6					candidate_public_only_not_graph_edge	no_component_normalized_match_in_mSCIdblit
master_LR_union	PCDHB4	PCDHB8	Pcdhb4	Pcdhb8					candidate_public_only_not_graph_edge	no_component_normalized_match_in_mSCIdblit
master_LR_union	PCDHB5	PCDHB5	Pcdhb5	Pcdhb5					candidate_public_only_not_graph_edge	no_component_normalized_match_in_mSCIdblit
master_LR_union	PCDHB5	PCDHB9	Pcdhb5	Pcdhb9					candidate_public_only_not_graph_edge	no_component_normalized_match_in_mSCIdblit
master_LR_union	PCDHB6	PCDHB6	Pcdhb6	Pcdhb6					candidate_public_only_not_graph_edge	no_component_normalized_match_in_mSCIdblit
master_LR_union	PCDHB7	PCDHB5	Pcdhb7	Pcdhb5					candidate_public_only_not_graph_edge	no_component_normalized_match_in_mSCIdblit
master_LR_union	PCDHB7	PCDHB7	Pcdhb7	Pcdhb7					candidate_public_only_not_graph_edge	no_component_normalized_match_in_mSCIdblit
master_LR_union	PCDHB7	PCDHB9	Pcdhb7	Pcdhb9					candidate_public_only_not_graph_edge	no_component_normalized_match_in_mSCIdblit
master_LR_union	PCDHB8	PCDHB6	Pcdhb8	Pcdhb6					candidate_public_only_not_graph_edge	no_component_normalized_match_in_mSCIdblit
master_LR_union	PCDHB8	PCDHB8	Pcdhb8	Pcdhb8					candidate_public_only_not_graph_edge	no_component_normalized_match_in_mSCIdblit
master_LR_union	PCDHB9	PCDHB9	Pcdhb9	Pcdhb9					candidate_public_only_not_graph_edge	no_component_normalized_match_in_mSCIdblit
master_LR_union	PCDHGA1	PCDHGA1	Pcdhga1	Pcdhga1					candidate_public_only_not_graph_edge	no_component_normalized_match_in_mSCIdblit
master_LR_union	PCDHGA10	PCDHGA10	Pcdhga10	Pcdhga10					candidate_public_only_not_graph_edge	no_component_normalized_match_in_mSCIdblit
master_LR_union	PCDHGA11	PCDHGA11	Pcdhga11	Pcdhga11					candidate_public_only_not_graph_edge	no_component_normalized_match_in_mSCIdblit
master_LR_union	PCDHGA12	PCDHGA12	Pcdhga12	Pcdhga12					candidate_public_only_not_graph_edge	no_component_normalized_match_in_mSCIdblit
master_LR_union	PCDHGA2	PCDHGA2	Pcdhga2	Pcdhga2					candidate_public_only_not_graph_edge	no_component_normalized_match_in_mSCIdblit
master_LR_union	PCDHGA3	PCDHGA3	Pcdhga3	Pcdhga3					candidate_public_only_not_graph_edge	no_component_normalized_match_in_mSCIdblit
master_LR_union	PCDHGA4	PCDHGA4	Pcdhga4	Pcdhga4					candidate_public_only_not_graph_edge	no_component_normalized_match_in_mSCIdblit
master_LR_union	PCDHGA5	PCDHGA5	Pcdhga5	Pcdhga5					candidate_public_only_not_graph_edge	no_component_normalized_match_in_mSCIdblit
master_LR_union	PCDHGA6	PCDHGA6	Pcdhga6	Pcdhga6					candidate_public_only_not_graph_edge	no_component_normalized_match_in_mSCIdblit
master_LR_union	PCDHGA7	PCDHGA7	Pcdhga7	Pcdhga7					candidate_public_only_not_graph_edge	no_component_normalized_match_in_mSCIdblit
master_LR_union	PCDHGA8	PCDHGA8	Pcdhga8	Pcdhga8					candidate_public_only_not_graph_edge	no_component_normalized_match_in_mSCIdblit
master_LR_union	PCDHGA9	PCDHGA9	Pcdhga9	Pcdhga9					candidate_public_only_not_graph_edge	no_component_normalized_match_in_mSCIdblit
master_LR_union	PCDHGB1	PCDHGB1	Pcdhgb1	Pcdhgb1					candidate_public_only_not_graph_edge	no_component_normalized_match_in_mSCIdblit
master_LR_union	PCDHGB2	PCDHGB2	Pcdhgb2	Pcdhgb2					candidate_public_only_not_graph_edge	no_component_normalized_match_in_mSCIdblit
master_LR_union	PCDHGB4	PCDHGB4	Pcdhgb4	Pcdhgb4					candidate_public_only_not_graph_edge	no_component_normalized_match_in_mSCIdblit
master_LR_union	PCDHGB5	PCDHGB5	Pcdhgb5	Pcdhgb5					candidate_public_only_not_graph_edge	no_component_normalized_match_in_mSCIdblit
master_LR_union	PCDHGB6	IL4RA	Pcdhgb6	Il4ra					candidate_public_only_not_graph_edge	no_component_normalized_match_in_mSCIdblit
master_LR_union	PCDHGB6	PCDHGB6	Pcdhgb6	Pcdhgb6					candidate_public_only_not_graph_edge	no_component_normalized_match_in_mSCIdblit
master_LR_union	PCDHGB6	PLXDC1	Pcdhgb6	Plxdc1					candidate_public_only_not_graph_edge	no_component_normalized_match_in_mSCIdblit
master_LR_union	PCDHGB7	PCDHGB7	Pcdhgb7	Pcdhgb7					candidate_public_only_not_graph_edge	no_component_normalized_match_in_mSCIdblit
master_LR_union	PCDHGB8	PCDHGB8	Pcdhgb8	Pcdhgb8					candidate_public_only_not_graph_edge	no_component_normalized_match_in_mSCIdblit
master_LR_union	PCDHGC3	PCDHGC3	Pcdhgc3	Pcdhgc3					candidate_public_only_not_graph_edge	no_component_normalized_match_in_mSCIdblit
master_LR_union	PCDHGC4	PCDHGC4	Pcdhgc4	Pcdhgc4					candidate_public_only_not_graph_edge	no_component_normalized_match_in_mSCIdblit
master_LR_union	PCDHGC5	PCDHGC5	Pcdhgc5	Pcdhgc5					candidate_public_only_not_graph_edge	no_component_normalized_match_in_mSCIdblit
master_LR_union	PCSK1N	GPR171	Pcsk1n	Gpr171					candidate_public_only_not_graph_edge	no_component_normalized_match_in_mSCIdblit
master_LR_union	PCSK9	LRP1	Pcsk9	Lrp1					candidate_public_only_not_graph_edge	no_component_normalized_match_in_mSCIdblit
master_LR_union	PCSK9	SORT1	Pcsk9	Sort1					candidate_public_only_not_graph_edge	no_component_normalized_match_in_mSCIdblit
master_LR_union	PCSK9	VLDLR	Pcsk9	Vldlr					candidate_public_only_not_graph_edge	no_component_normalized_match_in_mSCIdblit
master_LR_union	PDAP1	PDGFRB	Pdap1	Pdgfrb					candidate_public_only_not_graph_edge	no_component_normalized_match_in_mSCIdblit
master_LR_union	PDCD1LG2	PDCD2	Pdcd1lg2	Pdcd2					candidate_public_only_not_graph_edge	no_component_normalized_match_in_mSCIdblit
master_LR_union	PDCD1LG2	RGMB	Pdcd1lg2	Rgmb					candidate_public_only_not_graph_edge	no_component_normalized_match_in_mSCIdblit
master_LR_union	PDCD1LG2	TNFRSF11A	Pdcd1lg2	Tnfrsf11a					candidate_public_only_not_graph_edge	no_component_normalized_match_in_mSCIdblit
master_LR_union	PDGFA	FURIN	Pdgfa	Furin					candidate_public_only_not_graph_edge	no_component_normalized_match_in_mSCIdblit
master_LR_union	PDGFA	PDGFRA	Pdgfa	Pdgfra					candidate_public_only_not_graph_edge	no_component_normalized_match_in_mSCIdblit
master_LR_union	PDGFA	PDGFRB	Pdgfa	Pdgfrb					candidate_public_only_not_graph_edge	no_component_normalized_match_in_mSCIdblit
master_LR_union	PDGFB	ART1	Pdgfb	Art1					candidate_public_only_not_graph_edge	no_component_normalized_match_in_mSCIdblit
master_LR_union	PDGFB	ITGAV	Pdgfb	Itgav					candidate_public_only_not_graph_edge	no_component_normalized_match_in_mSCIdblit
master_LR_union	PDGFB	LRP1	Pdgfb	Lrp1					candidate_public_only_not_graph_edge	no_component_normalized_match_in_mSCIdblit
master_LR_union	PDGFB	PDGFRA	Pdgfb	Pdgfra					candidate_public_only_not_graph_edge	no_component_normalized_match_in_mSCIdblit
master_LR_union	PDGFB	PDGFRA+PDGFRB	Pdgfb	Pdgfra_Pdgfrb					candidate_public_only_not_graph_edge	no_component_normalized_match_in_mSCIdblit
master_LR_union	PDGFB	PDGFRB	Pdgfb	Pdgfrb					candidate_public_only_not_graph_edge	no_component_normalized_match_in_mSCIdblit
master_LR_union	PDGFB	S1PR1	Pdgfb	S1pr1					candidate_public_only_not_graph_edge	no_component_normalized_match_in_mSCIdblit
master_LR_union	PDGFC	FLT1	Pdgfc	Flt1					candidate_public_only_not_graph_edge	no_component_normalized_match_in_mSCIdblit
master_LR_union	PDGFC	FLT4	Pdgfc	Flt4					candidate_public_only_not_graph_edge	no_component_normalized_match_in_mSCIdblit
master_LR_union	PDGFC	KDR	Pdgfc	Kdr					candidate_public_only_not_graph_edge	no_component_normalized_match_in_mSCIdblit
master_LR_union	PDGFC	PDGFRA	Pdgfc	Pdgfra					candidate_public_only_not_graph_edge	no_component_normalized_match_in_mSCIdblit
master_LR_union	PDGFC	PDGFRB	Pdgfc	Pdgfrb					candidate_public_only_not_graph_edge	no_component_normalized_match_in_mSCIdblit
master_LR_union	PDGFD	PDGFRA	Pdgfd	Pdgfra					candidate_public_only_not_graph_edge	no_component_normalized_match_in_mSCIdblit
master_LR_union	PDGFD	PDGFRA+PDGFRB	Pdgfd	Pdgfra_Pdgfrb					candidate_public_only_not_graph_edge	no_component_normalized_match_in_mSCIdblit
master_LR_union	PDGFD	PDGFRB	Pdgfd	Pdgfrb					candidate_public_only_not_graph_edge	no_component_normalized_match_in_mSCIdblit
master_LR_union	PDX1	SLC2A2	Pdx1	Slc2a2					candidate_public_only_not_graph_edge	no_component_normalized_match_in_mSCIdblit
master_LR_union	PDYN	ADRA2A	Pdyn	Adra2a					candidate_public_only_not_graph_edge	no_component_normalized_match_in_mSCIdblit
master_LR_union	PDYN	GRM7	Pdyn	Grm7					candidate_public_only_not_graph_edge	no_component_normalized_match_in_mSCIdblit
master_LR_union	PDYN	MTNR1A	Pdyn	Mtnr1a					candidate_public_only_not_graph_edge	no_component_normalized_match_in_mSCIdblit
master_LR_union	PDYN	OPRD1	Pdyn	Oprd1					candidate_public_only_not_graph_edge	no_component_normalized_match_in_mSCIdblit
master_LR_union	PDYN	OPRK1	Pdyn	Oprk1					candidate_public_only_not_graph_edge	no_component_normalized_match_in_mSCIdblit
master_LR_union	PDYN	OPRL1	Pdyn	Oprl1					candidate_public_only_not_graph_edge	no_component_normalized_match_in_mSCIdblit
master_LR_union	PDYN	OPRM1	Pdyn	Oprm1					candidate_public_only_not_graph_edge	no_component_normalized_match_in_mSCIdblit
master_LR_union	PECAM1	CD177	Pecam1	Cd177					candidate_public_only_not_graph_edge	no_component_normalized_match_in_mSCIdblit
master_LR_union	PECAM1	CD38	Pecam1	Cd38					candidate_public_only_not_graph_edge	no_component_normalized_match_in_mSCIdblit
master_LR_union	PECAM1	ITGAV	Pecam1	Itgav					candidate_public_only_not_graph_edge	no_component_normalized_match_in_mSCIdblit
master_LR_union	PECAM1	ITGB3	Pecam1	Itgb3					candidate_public_only_not_graph_edge	no_component_normalized_match_in_mSCIdblit
master_LR_union	PECAM1	PECAM1	Pecam1	Pecam1					candidate_public_only_not_graph_edge	no_component_normalized_match_in_mSCIdblit
master_LR_union	PENK	ADRA2A	Penk	Adra2a					candidate_public_only_not_graph_edge	no_component_normalized_match_in_mSCIdblit
master_LR_union	PENK	GRM7	Penk	Grm7					candidate_public_only_not_graph_edge	no_component_normalized_match_in_mSCIdblit
master_LR_union	PENK	MRGPRA1	Penk	Mrgpra1					candidate_public_only_not_graph_edge	no_component_normalized_match_in_mSCIdblit
master_LR_union	PENK	MRGPRA2A	Penk	Mrgpra2a					candidate_public_only_not_graph_edge	no_component_normalized_match_in_mSCIdblit
master_LR_union	PENK	MRGPRA2B	Penk	Mrgpra2b					candidate_public_only_not_graph_edge	no_component_normalized_match_in_mSCIdblit
master_LR_union	PENK	MRGPRA3	Penk	Mrgpra3					candidate_public_only_not_graph_edge	no_component_normalized_match_in_mSCIdblit
master_LR_union	PENK	MRGPRA4	Penk	Mrgpra4					candidate_public_only_not_graph_edge	no_component_normalized_match_in_mSCIdblit
master_LR_union	PENK	MRGPRA6	Penk	Mrgpra6					candidate_public_only_not_graph_edge	no_component_normalized_match_in_mSCIdblit
master_LR_union	PENK	MRGPRA9	Penk	Mrgpra9					candidate_public_only_not_graph_edge	no_component_normalized_match_in_mSCIdblit
master_LR_union	PENK	MRGPRB1	Penk	Mrgprb1					candidate_public_only_not_graph_edge	no_component_normalized_match_in_mSCIdblit
master_LR_union	PENK	MRGPRB2	Penk	Mrgprb2					candidate_public_only_not_graph_edge	no_component_normalized_match_in_mSCIdblit
master_LR_union	PENK	MRGPRB3	Penk	Mrgprb3					candidate_public_only_not_graph_edge	no_component_normalized_match_in_mSCIdblit
master_LR_union	PENK	MRGPRB4	Penk	Mrgprb4					candidate_public_only_not_graph_edge	no_component_normalized_match_in_mSCIdblit
master_LR_union	PENK	MRGPRB5	Penk	Mrgprb5					candidate_public_only_not_graph_edge	no_component_normalized_match_in_mSCIdblit
master_LR_union	PENK	MRGPRB8	Penk	Mrgprb8					candidate_public_only_not_graph_edge	no_component_normalized_match_in_mSCIdblit
master_LR_union	PENK	MRGPRX1	Penk	Mrgprx1					candidate_public_only_not_graph_edge	no_component_normalized_match_in_mSCIdblit
master_LR_union	PENK	MRGPRX2	Penk	Mrgprx2					candidate_public_only_not_graph_edge	no_component_normalized_match_in_mSCIdblit
master_LR_union	PENK	MTNR1A	Penk	Mtnr1a					candidate_public_only_not_graph_edge	no_component_normalized_match_in_mSCIdblit
master_LR_union	PENK	OGFR	Penk	Ogfr					candidate_public_only_not_graph_edge	no_component_normalized_match_in_mSCIdblit
master_LR_union	PENK	OPRD1	Penk	Oprd1					candidate_public_only_not_graph_edge	no_component_normalized_match_in_mSCIdblit
master_LR_union	PENK	OPRK1	Penk	Oprk1					candidate_public_only_not_graph_edge	no_component_normalized_match_in_mSCIdblit
master_LR_union	PENK	OPRL1	Penk	Oprl1					candidate_public_only_not_graph_edge	no_component_normalized_match_in_mSCIdblit
master_LR_union	PENK	OPRM1	Penk	Oprm1					candidate_public_only_not_graph_edge	no_component_normalized_match_in_mSCIdblit
master_LR_union	PF4	ACKR1	Pf4	Ackr1					candidate_public_only_not_graph_edge	no_component_normalized_match_in_mSCIdblit
master_LR_union	PF4	ADRA2A	Pf4	Adra2a					candidate_public_only_not_graph_edge	no_component_normalized_match_in_mSCIdblit
master_LR_union	PF4	CXCR3	Pf4	Cxcr3					candidate_public_only_not_graph_edge	no_component_normalized_match_in_mSCIdblit
master_LR_union	PF4	FGFR2	Pf4	Fgfr2					candidate_public_only_not_graph_edge	no_component_normalized_match_in_mSCIdblit
master_LR_union	PF4	GRM7	Pf4	Grm7					candidate_public_only_not_graph_edge	no_component_normalized_match_in_mSCIdblit
master_LR_union	PF4	LDLR	Pf4	Ldlr					candidate_public_only_not_graph_edge	no_component_normalized_match_in_mSCIdblit
master_LR_union	PF4	LRP1	Pf4	Lrp1					candidate_public_only_not_graph_edge	no_component_normalized_match_in_mSCIdblit
master_LR_union	PF4	MTNR1A	Pf4	Mtnr1a					candidate_public_only_not_graph_edge	no_component_normalized_match_in_mSCIdblit
master_LR_union	PF4	PROCR	Pf4	Procr					candidate_public_only_not_graph_edge	no_component_normalized_match_in_mSCIdblit
master_LR_union	PF4	SDC2	Pf4	Sdc2					candidate_public_only_not_graph_edge	no_component_normalized_match_in_mSCIdblit
master_LR_union	PF4	THBD	Pf4	Thbd					candidate_public_only_not_graph_edge	no_component_normalized_match_in_mSCIdblit
master_LR_union	PGF	FLT1	Pgf	Flt1					candidate_public_only_not_graph_edge	no_component_normalized_match_in_mSCIdblit
master_LR_union	PGF	FLT1+KDR	Pgf	Flt1_Kdr					candidate_public_only_not_graph_edge	no_component_normalized_match_in_mSCIdblit
master_LR_union	PGF	KDR	Pgf	Kdr					candidate_public_only_not_graph_edge	no_component_normalized_match_in_mSCIdblit
master_LR_union	PGF	NRP1	Pgf	Nrp1					candidate_public_only_not_graph_edge	no_component_normalized_match_in_mSCIdblit
master_LR_union	PGF	NRP2	Pgf	Nrp2					candidate_public_only_not_graph_edge	no_component_normalized_match_in_mSCIdblit
master_LR_union	PI16	MFAP3L	Pi16	Mfap3l					candidate_public_only_not_graph_edge	no_component_normalized_match_in_mSCIdblit
master_LR_union	PI16	TNFRSF21	Pi16	Tnfrsf21					candidate_public_only_not_graph_edge	no_component_normalized_match_in_mSCIdblit
master_LR_union	PIGA	PIGR	Piga	Pigr					candidate_public_only_not_graph_edge	no_component_normalized_match_in_mSCIdblit
master_LR_union	PIP	AQP5	Pip	Aqp5					candidate_public_only_not_graph_edge	no_component_normalized_match_in_mSCIdblit
master_LR_union	PIP	CD4	Pip	Cd4					candidate_public_only_not_graph_edge	no_component_normalized_match_in_mSCIdblit
master_LR_union	PIP	NPTN	Pip	Nptn					candidate_public_only_not_graph_edge	no_component_normalized_match_in_mSCIdblit
master_LR_union	PIRA1	CNTFR	Pira1	Cntfr					candidate_public_only_not_graph_edge	no_component_normalized_match_in_mSCIdblit
master_LR_union	PIRA1	LAIR1	Pira1	Lair1					candidate_public_only_not_graph_edge	no_component_normalized_match_in_mSCIdblit
master_LR_union	PIRA12	CNTFR	Pira12	Cntfr					candidate_public_only_not_graph_edge	no_component_normalized_match_in_mSCIdblit
master_LR_union	PIRA12	LAIR1	Pira12	Lair1					candidate_public_only_not_graph_edge	no_component_normalized_match_in_mSCIdblit
master_LR_union	PIRA13	CNTFR	Pira13	Cntfr					candidate_public_only_not_graph_edge	no_component_normalized_match_in_mSCIdblit
master_LR_union	PIRA13	LAIR1	Pira13	Lair1					candidate_public_only_not_graph_edge	no_component_normalized_match_in_mSCIdblit
master_LR_union	PIRA2	CNTFR	Pira2	Cntfr					candidate_public_only_not_graph_edge	no_component_normalized_match_in_mSCIdblit
master_LR_union	PIRA2	LAIR1	Pira2	Lair1					candidate_public_only_not_graph_edge	no_component_normalized_match_in_mSCIdblit
master_LR_union	PIRB	CNTFR	Pirb	Cntfr					candidate_public_only_not_graph_edge	no_component_normalized_match_in_mSCIdblit
master_LR_union	PIRB	LAIR1	Pirb	Lair1					candidate_public_only_not_graph_edge	no_component_normalized_match_in_mSCIdblit
master_LR_union	PKM	CD44	Pkm	Cd44					candidate_public_only_not_graph_edge	no_component_normalized_match_in_mSCIdblit
master_LR_union	PLA2G2A	EGFR	Pla2g2a	Egfr					candidate_public_only_not_graph_edge	no_component_normalized_match_in_mSCIdblit
master_LR_union	PLA2G2A	ERBB3	Pla2g2a	Erbb3					candidate_public_only_not_graph_edge	no_component_normalized_match_in_mSCIdblit
master_LR_union	PLA2G2A	ITGA4	Pla2g2a	Itga4					candidate_public_only_not_graph_edge	no_component_normalized_match_in_mSCIdblit
master_LR_union	PLA2G2A	ITGA5	Pla2g2a	Itga5					candidate_public_only_not_graph_edge	no_component_normalized_match_in_mSCIdblit
master_LR_union	PLA2G2A	ITGAV	Pla2g2a	Itgav					candidate_public_only_not_graph_edge	no_component_normalized_match_in_mSCIdblit
master_LR_union	PLA2G2A	ITGB1	Pla2g2a	Itgb1					candidate_public_only_not_graph_edge	no_component_normalized_match_in_mSCIdblit
master_LR_union	PLA2G2A	ITGB3	Pla2g2a	Itgb3					candidate_public_only_not_graph_edge	no_component_normalized_match_in_mSCIdblit
master_LR_union	PLAT	GM49368	Plat	Gm49368					candidate_public_only_not_graph_edge	no_component_normalized_match_in_mSCIdblit
master_LR_union	PLAT	ITGAM	Plat	Itgam					candidate_public_only_not_graph_edge	no_component_normalized_match_in_mSCIdblit
master_LR_union	PLAT	ITGB2	Plat	Itgb2					candidate_public_only_not_graph_edge	no_component_normalized_match_in_mSCIdblit
master_LR_union	PLAT	ITGB2L	Plat	Itgb2l					candidate_public_only_not_graph_edge	no_component_normalized_match_in_mSCIdblit
master_LR_union	PLAT	LRP1	Plat	Lrp1					candidate_public_only_not_graph_edge	no_component_normalized_match_in_mSCIdblit
master_LR_union	PLAU	IGF2R	Plau	Igf2r					candidate_public_only_not_graph_edge	no_component_normalized_match_in_mSCIdblit
master_LR_union	PLAU	ITGA3	Plau	Itga3					candidate_public_only_not_graph_edge	no_component_normalized_match_in_mSCIdblit
master_LR_union	PLAU	ITGA5	Plau	Itga5					candidate_public_only_not_graph_edge	no_component_normalized_match_in_mSCIdblit
master_LR_union	PLAU	ITGAM	Plau	Itgam					candidate_public_only_not_graph_edge	no_component_normalized_match_in_mSCIdblit
master_LR_union	PLAU	ITGB1	Plau	Itgb1					candidate_public_only_not_graph_edge	no_component_normalized_match_in_mSCIdblit
master_LR_union	PLAU	ITGB5	Plau	Itgb5					candidate_public_only_not_graph_edge	no_component_normalized_match_in_mSCIdblit
master_LR_union	PLAU	LRP1	Plau	Lrp1					candidate_public_only_not_graph_edge	no_component_normalized_match_in_mSCIdblit
master_LR_union	PLAU	LRP2	Plau	Lrp2					candidate_public_only_not_graph_edge	no_component_normalized_match_in_mSCIdblit
master_LR_union	PLAU	ST14	Plau	St14					candidate_public_only_not_graph_edge	no_component_normalized_match_in_mSCIdblit
master_LR_union	PLAU	VLDLR	Plau	Vldlr					candidate_public_only_not_graph_edge	no_component_normalized_match_in_mSCIdblit
master_LR_union	PLB1	IGDCC4	Plb1	Igdcc4					candidate_public_only_not_graph_edge	no_component_normalized_match_in_mSCIdblit
master_LR_union	PLEKHO2	PDGFRB	Plekho2	Pdgfrb					candidate_public_only_not_graph_edge	no_component_normalized_match_in_mSCIdblit
master_LR_union	PLG	F2R	Plg	F2r					candidate_public_only_not_graph_edge	no_component_normalized_match_in_mSCIdblit
master_LR_union	PLG	F2RL1	Plg	F2rl1					candidate_public_only_not_graph_edge	no_component_normalized_match_in_mSCIdblit
master_LR_union	PLG	F2RL2	Plg	F2rl2					candidate_public_only_not_graph_edge	no_component_normalized_match_in_mSCIdblit
master_LR_union	PLG	F2RL3	Plg	F2rl3					candidate_public_only_not_graph_edge	no_component_normalized_match_in_mSCIdblit
master_LR_union	PLG	F3	Plg	F3					candidate_public_only_not_graph_edge	no_component_normalized_match_in_mSCIdblit
master_LR_union	PLG	FLT1	Plg	Flt1					candidate_public_only_not_graph_edge	no_component_normalized_match_in_mSCIdblit
master_LR_union	PLG	ITGA9	Plg	Itga9					candidate_public_only_not_graph_edge	no_component_normalized_match_in_mSCIdblit
master_LR_union	PLG	ITGAM	Plg	Itgam					candidate_public_only_not_graph_edge	no_component_normalized_match_in_mSCIdblit
master_LR_union	PLG	ITGB1	Plg	Itgb1					candidate_public_only_not_graph_edge	no_component_normalized_match_in_mSCIdblit
master_LR_union	PLG	ITGB2	Plg	Itgb2					candidate_public_only_not_graph_edge	no_component_normalized_match_in_mSCIdblit
master_LR_union	PLG	PARD3	Plg	Pard3					candidate_public_only_not_graph_edge	no_component_normalized_match_in_mSCIdblit
master_LR_union	PLG	PLAT	Plg	Plat					candidate_public_only_not_graph_edge	no_component_normalized_match_in_mSCIdblit
master_LR_union	PLG	PLAU	Plg	Plau					candidate_public_only_not_graph_edge	no_component_normalized_match_in_mSCIdblit
master_LR_union	PLG	PLAUR	Plg	Plaur					candidate_public_only_not_graph_edge	no_component_normalized_match_in_mSCIdblit
master_LR_union	PLTP	APOA1	Pltp	Apoa1					candidate_public_only_not_graph_edge	no_component_normalized_match_in_mSCIdblit
master_LR_union	PLXNA1	NOTCH1	Plxna1	Notch1					candidate_public_only_not_graph_edge	no_component_normalized_match_in_mSCIdblit
master_LR_union	PLXNA1	TREM2	Plxna1	Trem2					candidate_public_only_not_graph_edge	no_component_normalized_match_in_mSCIdblit
master_LR_union	PLXNA1	TYROBP	Plxna1	Tyrobp					candidate_public_only_not_graph_edge	no_component_normalized_match_in_mSCIdblit
master_LR_union	PLXNA2	SEMA6A	Plxna2	Sema6a					candidate_public_only_not_graph_edge	no_component_normalized_match_in_mSCIdblit
master_LR_union	PMCH	ADRA2A	Pmch	Adra2a					candidate_public_only_not_graph_edge	no_component_normalized_match_in_mSCIdblit
master_LR_union	PMCH	GRM7	Pmch	Grm7					candidate_public_only_not_graph_edge	no_component_normalized_match_in_mSCIdblit
master_LR_union	PMCH	MCHR1	Pmch	Mchr1					candidate_public_only_not_graph_edge	no_component_normalized_match_in_mSCIdblit
master_LR_union	PMCH	MERTK	Pmch	Mertk					candidate_public_only_not_graph_edge	no_component_normalized_match_in_mSCIdblit
master_LR_union	PMCH	MTNR1A	Pmch	Mtnr1a					candidate_public_only_not_graph_edge	no_component_normalized_match_in_mSCIdblit
master_LR_union	PNMT+SLC18A1	ADRA1A	Pnmt_Slc18a1	Adra1a					candidate_public_only_not_graph_edge	no_component_normalized_match_in_mSCIdblit
master_LR_union	PNMT+SLC18A1	ADRA1B	Pnmt_Slc18a1	Adra1b					candidate_public_only_not_graph_edge	no_component_normalized_match_in_mSCIdblit
master_LR_union	PNMT+SLC18A1	ADRA1D	Pnmt_Slc18a1	Adra1d					candidate_public_only_not_graph_edge	no_component_normalized_match_in_mSCIdblit
master_LR_union	PNMT+SLC18A1	ADRA2A	Pnmt_Slc18a1	Adra2a					candidate_public_only_not_graph_edge	no_component_normalized_match_in_mSCIdblit
master_LR_union	PNMT+SLC18A1	ADRA2B	Pnmt_Slc18a1	Adra2b					candidate_public_only_not_graph_edge	no_component_normalized_match_in_mSCIdblit
master_LR_union	PNMT+SLC18A1	ADRA2C	Pnmt_Slc18a1	Adra2c					candidate_public_only_not_graph_edge	no_component_normalized_match_in_mSCIdblit
master_LR_union	PNMT+SLC18A1	ADRB1	Pnmt_Slc18a1	Adrb1					candidate_public_only_not_graph_edge	no_component_normalized_match_in_mSCIdblit
master_LR_union	PNMT+SLC18A1	ADRB2	Pnmt_Slc18a1	Adrb2					candidate_public_only_not_graph_edge	no_component_normalized_match_in_mSCIdblit
master_LR_union	PNMT+SLC18A1	ADRB3	Pnmt_Slc18a1	Adrb3					candidate_public_only_not_graph_edge	no_component_normalized_match_in_mSCIdblit
master_LR_union	PNMT+SLC18A2	ADRA1A	Pnmt_Slc18a2	Adra1a					candidate_public_only_not_graph_edge	no_component_normalized_match_in_mSCIdblit
master_LR_union	PNMT+SLC18A2	ADRA1B	Pnmt_Slc18a2	Adra1b					candidate_public_only_not_graph_edge	no_component_normalized_match_in_mSCIdblit
master_LR_union	PNMT+SLC18A2	ADRA1D	Pnmt_Slc18a2	Adra1d					candidate_public_only_not_graph_edge	no_component_normalized_match_in_mSCIdblit
master_LR_union	PNMT+SLC18A2	ADRA2A	Pnmt_Slc18a2	Adra2a					candidate_public_only_not_graph_edge	no_component_normalized_match_in_mSCIdblit
master_LR_union	PNMT+SLC18A2	ADRA2B	Pnmt_Slc18a2	Adra2b					candidate_public_only_not_graph_edge	no_component_normalized_match_in_mSCIdblit
master_LR_union	PNMT+SLC18A2	ADRA2C	Pnmt_Slc18a2	Adra2c					candidate_public_only_not_graph_edge	no_component_normalized_match_in_mSCIdblit
master_LR_union	PNMT+SLC18A2	ADRB1	Pnmt_Slc18a2	Adrb1					candidate_public_only_not_graph_edge	no_component_normalized_match_in_mSCIdblit
master_LR_union	PNMT+SLC18A2	ADRB2	Pnmt_Slc18a2	Adrb2					candidate_public_only_not_graph_edge	no_component_normalized_match_in_mSCIdblit
master_LR_union	PNMT+SLC18A2	ADRB3	Pnmt_Slc18a2	Adrb3					candidate_public_only_not_graph_edge	no_component_normalized_match_in_mSCIdblit
master_LR_union	PNOC	ADRA2A	Pnoc	Adra2a					candidate_public_only_not_graph_edge	no_component_normalized_match_in_mSCIdblit
master_LR_union	PNOC	GRM7	Pnoc	Grm7					candidate_public_only_not_graph_edge	no_component_normalized_match_in_mSCIdblit
master_LR_union	PNOC	MTNR1A	Pnoc	Mtnr1a					candidate_public_only_not_graph_edge	no_component_normalized_match_in_mSCIdblit
master_LR_union	PODXL	SELL	Podxl	Sell					candidate_public_only_not_graph_edge	no_component_normalized_match_in_mSCIdblit
master_LR_union	PODXL2	SELL	Podxl2	Sell					candidate_public_only_not_graph_edge	no_component_normalized_match_in_mSCIdblit
master_LR_union	POMC	ADCYAP1R1	Pomc	Adcyap1r1					candidate_public_only_not_graph_edge	no_component_normalized_match_in_mSCIdblit
master_LR_union	POMC	ADRA2A	Pomc	Adra2a					candidate_public_only_not_graph_edge	no_component_normalized_match_in_mSCIdblit
master_LR_union	POMC	ADRB2	Pomc	Adrb2					candidate_public_only_not_graph_edge	no_component_normalized_match_in_mSCIdblit
master_LR_union	POMC	ADRB3	Pomc	Adrb3					candidate_public_only_not_graph_edge	no_component_normalized_match_in_mSCIdblit
master_LR_union	POMC	GPR20	Pomc	Gpr20					candidate_public_only_not_graph_edge	no_component_normalized_match_in_mSCIdblit
master_LR_union	POMC	GPR84	Pomc	Gpr84					candidate_public_only_not_graph_edge	no_component_normalized_match_in_mSCIdblit
master_LR_union	POMC	GRM7	Pomc	Grm7					candidate_public_only_not_graph_edge	no_component_normalized_match_in_mSCIdblit
master_LR_union	POMC	MC1R	Pomc	Mc1r					candidate_public_only_not_graph_edge	no_component_normalized_match_in_mSCIdblit
master_LR_union	POMC	MC2R	Pomc	Mc2r					candidate_public_only_not_graph_edge	no_component_normalized_match_in_mSCIdblit
master_LR_union	POMC	MC3R	Pomc	Mc3r					candidate_public_only_not_graph_edge	no_component_normalized_match_in_mSCIdblit
master_LR_union	POMC	MC4R	Pomc	Mc4r					candidate_public_only_not_graph_edge	no_component_normalized_match_in_mSCIdblit
master_LR_union	POMC	MC5R	Pomc	Mc5r					candidate_public_only_not_graph_edge	no_component_normalized_match_in_mSCIdblit
master_LR_union	POMC	MRAP	Pomc	Mrap					candidate_public_only_not_graph_edge	no_component_normalized_match_in_mSCIdblit
master_LR_union	POMC	MTNR1A	Pomc	Mtnr1a					candidate_public_only_not_graph_edge	no_component_normalized_match_in_mSCIdblit
master_LR_union	POMC	OPRD1	Pomc	Oprd1					candidate_public_only_not_graph_edge	no_component_normalized_match_in_mSCIdblit
master_LR_union	POMC	OPRK1	Pomc	Oprk1					candidate_public_only_not_graph_edge	no_component_normalized_match_in_mSCIdblit
master_LR_union	POMC	OPRL1	Pomc	Oprl1					candidate_public_only_not_graph_edge	no_component_normalized_match_in_mSCIdblit
master_LR_union	POMC	OPRM1	Pomc	Oprm1					candidate_public_only_not_graph_edge	no_component_normalized_match_in_mSCIdblit
master_LR_union	POMC	PTH1R	Pomc	Pth1r					candidate_public_only_not_graph_edge	no_component_normalized_match_in_mSCIdblit
master_LR_union	POMC	RAMP2	Pomc	Ramp2					candidate_public_only_not_graph_edge	no_component_normalized_match_in_mSCIdblit
master_LR_union	POMC	RAMP3	Pomc	Ramp3					candidate_public_only_not_graph_edge	no_component_normalized_match_in_mSCIdblit
master_LR_union	POMC	TSHR	Pomc	Tshr					candidate_public_only_not_graph_edge	no_component_normalized_match_in_mSCIdblit
master_LR_union	POMC	VIPR1	Pomc	Vipr1					candidate_public_only_not_graph_edge	no_component_normalized_match_in_mSCIdblit
master_LR_union	POSTN	ITGAV	Postn	Itgav					candidate_public_only_not_graph_edge	no_component_normalized_match_in_mSCIdblit
master_LR_union	POSTN	ITGAV+ITGB3	Postn	Itgav_Itgb3					candidate_public_only_not_graph_edge	no_component_normalized_match_in_mSCIdblit
master_LR_union	POSTN	ITGAV+ITGB5	Postn	Itgav_Itgb5					candidate_public_only_not_graph_edge	no_component_normalized_match_in_mSCIdblit
master_LR_union	POSTN	ITGB3	Postn	Itgb3					candidate_public_only_not_graph_edge	no_component_normalized_match_in_mSCIdblit
master_LR_union	POSTN	ITGB5	Postn	Itgb5					candidate_public_only_not_graph_edge	no_component_normalized_match_in_mSCIdblit
master_LR_union	POSTN	PTK7	Postn	Ptk7					candidate_public_only_not_graph_edge	no_component_normalized_match_in_mSCIdblit
master_LR_union	PPBP	ACKR1	Ppbp	Ackr1					candidate_public_only_not_graph_edge	no_component_normalized_match_in_mSCIdblit
master_LR_union	PPBP	ADRA2A	Ppbp	Adra2a					candidate_public_only_not_graph_edge	no_component_normalized_match_in_mSCIdblit
master_LR_union	PPBP	CXCR1	Ppbp	Cxcr1					candidate_public_only_not_graph_edge	no_component_normalized_match_in_mSCIdblit
master_LR_union	PPBP	CXCR2	Ppbp	Cxcr2					candidate_public_only_not_graph_edge	no_component_normalized_match_in_mSCIdblit
master_LR_union	PPBP	GRM7	Ppbp	Grm7					candidate_public_only_not_graph_edge	no_component_normalized_match_in_mSCIdblit
master_LR_union	PPBP	MTNR1A	Ppbp	Mtnr1a					candidate_public_only_not_graph_edge	no_component_normalized_match_in_mSCIdblit
master_LR_union	PPBP	OPRD1	Ppbp	Oprd1					candidate_public_only_not_graph_edge	no_component_normalized_match_in_mSCIdblit
master_LR_union	PPBP	OPRM1	Ppbp	Oprm1					candidate_public_only_not_graph_edge	no_component_normalized_match_in_mSCIdblit
master_LR_union	PPIA	BSG	Ppia	Bsg					candidate_public_only_not_graph_edge	no_component_normalized_match_in_mSCIdblit
master_LR_union	PPY	ADRA2A	Ppy	Adra2a					candidate_public_only_not_graph_edge	no_component_normalized_match_in_mSCIdblit
master_LR_union	PPY	GPR83	Ppy	Gpr83					candidate_public_only_not_graph_edge	no_component_normalized_match_in_mSCIdblit
master_LR_union	PPY	GRM7	Ppy	Grm7					candidate_public_only_not_graph_edge	no_component_normalized_match_in_mSCIdblit
master_LR_union	PPY	MTNR1A	Ppy	Mtnr1a					candidate_public_only_not_graph_edge	no_component_normalized_match_in_mSCIdblit
master_LR_union	PPY	NPFFR1	Ppy	Npffr1					candidate_public_only_not_graph_edge	no_component_normalized_match_in_mSCIdblit
master_LR_union	PPY	NPFFR2	Ppy	Npffr2					candidate_public_only_not_graph_edge	no_component_normalized_match_in_mSCIdblit
master_LR_union	PPY	NPY1R	Ppy	Npy1r					candidate_public_only_not_graph_edge	no_component_normalized_match_in_mSCIdblit
master_LR_union	PPY	NPY2R	Ppy	Npy2r					candidate_public_only_not_graph_edge	no_component_normalized_match_in_mSCIdblit
master_LR_union	PPY	NPY4R	Ppy	Npy4r					candidate_public_only_not_graph_edge	no_component_normalized_match_in_mSCIdblit
master_LR_union	PPY	NPY5R	Ppy	Npy5r					candidate_public_only_not_graph_edge	no_component_normalized_match_in_mSCIdblit
master_LR_union	PPY	NPY6R	Ppy	Npy6r					candidate_public_only_not_graph_edge	no_component_normalized_match_in_mSCIdblit
master_LR_union	PPY	PGR15L	Ppy	Pgr15l					candidate_public_only_not_graph_edge	no_component_normalized_match_in_mSCIdblit
master_LR_union	PRG4	CD44	Prg4	Cd44					candidate_public_only_not_graph_edge	no_component_normalized_match_in_mSCIdblit
master_LR_union	PRG4	TLR2	Prg4	Tlr2					candidate_public_only_not_graph_edge	no_component_normalized_match_in_mSCIdblit
master_LR_union	PRG4	TLR4	Prg4	Tlr4					candidate_public_only_not_graph_edge	no_component_normalized_match_in_mSCIdblit
master_LR_union	PRL	ERBB2	Prl	Erbb2					candidate_public_only_not_graph_edge	no_component_normalized_match_in_mSCIdblit
master_LR_union	PRL2A1	ERBB2	Prl2a1	Erbb2					candidate_public_only_not_graph_edge	no_component_normalized_match_in_mSCIdblit
master_LR_union	PRL2A1	PRLR	Prl2a1	Prlr					candidate_public_only_not_graph_edge	no_component_normalized_match_in_mSCIdblit
master_LR_union	PRL2B1	ERBB2	Prl2b1	Erbb2					candidate_public_only_not_graph_edge	no_component_normalized_match_in_mSCIdblit
master_LR_union	PRL2B1	PRLR	Prl2b1	Prlr					candidate_public_only_not_graph_edge	no_component_normalized_match_in_mSCIdblit
master_LR_union	PRL2C1	ERBB2	Prl2c1	Erbb2					candidate_public_only_not_graph_edge	no_component_normalized_match_in_mSCIdblit
master_LR_union	PRL2C1	PRLR	Prl2c1	Prlr					candidate_public_only_not_graph_edge	no_component_normalized_match_in_mSCIdblit
master_LR_union	PRL2C2	ERBB2	Prl2c2	Erbb2					candidate_public_only_not_graph_edge	no_component_normalized_match_in_mSCIdblit
master_LR_union	PRL2C2	PRLR	Prl2c2	Prlr					candidate_public_only_not_graph_edge	no_component_normalized_match_in_mSCIdblit
master_LR_union	PRL2C3	ERBB2	Prl2c3	Erbb2					candidate_public_only_not_graph_edge	no_component_normalized_match_in_mSCIdblit
master_LR_union	PRL2C3	PRLR	Prl2c3	Prlr					candidate_public_only_not_graph_edge	no_component_normalized_match_in_mSCIdblit
master_LR_union	PRL2C5	ERBB2	Prl2c5	Erbb2					candidate_public_only_not_graph_edge	no_component_normalized_match_in_mSCIdblit
master_LR_union	PRL2C5	PRLR	Prl2c5	Prlr					candidate_public_only_not_graph_edge	no_component_normalized_match_in_mSCIdblit
master_LR_union	PRL3A1	ERBB2	Prl3a1	Erbb2					candidate_public_only_not_graph_edge	no_component_normalized_match_in_mSCIdblit
master_LR_union	PRL3A1	PRLR	Prl3a1	Prlr					candidate_public_only_not_graph_edge	no_component_normalized_match_in_mSCIdblit
master_LR_union	PRL3B1	ERBB2	Prl3b1	Erbb2					candidate_public_only_not_graph_edge	no_component_normalized_match_in_mSCIdblit
master_LR_union	PRL3B1	PRLR	Prl3b1	Prlr					candidate_public_only_not_graph_edge	no_component_normalized_match_in_mSCIdblit
master_LR_union	PRL3C1	ERBB2	Prl3c1	Erbb2					candidate_public_only_not_graph_edge	no_component_normalized_match_in_mSCIdblit
master_LR_union	PRL3C1	PRLR	Prl3c1	Prlr					candidate_public_only_not_graph_edge	no_component_normalized_match_in_mSCIdblit
master_LR_union	PRL3D1	ERBB2	Prl3d1	Erbb2					candidate_public_only_not_graph_edge	no_component_normalized_match_in_mSCIdblit
master_LR_union	PRL3D1	PRLR	Prl3d1	Prlr					candidate_public_only_not_graph_edge	no_component_normalized_match_in_mSCIdblit
master_LR_union	PRL3D2	ERBB2	Prl3d2	Erbb2					candidate_public_only_not_graph_edge	no_component_normalized_match_in_mSCIdblit
master_LR_union	PRL3D2	PRLR	Prl3d2	Prlr					candidate_public_only_not_graph_edge	no_component_normalized_match_in_mSCIdblit
master_LR_union	PRL3D3	ERBB2	Prl3d3	Erbb2					candidate_public_only_not_graph_edge	no_component_normalized_match_in_mSCIdblit
master_LR_union	PRL3D3	PRLR	Prl3d3	Prlr					candidate_public_only_not_graph_edge	no_component_normalized_match_in_mSCIdblit
master_LR_union	PRL4A1	ERBB2	Prl4a1	Erbb2					candidate_public_only_not_graph_edge	no_component_normalized_match_in_mSCIdblit
master_LR_union	PRL4A1	PRLR	Prl4a1	Prlr					candidate_public_only_not_graph_edge	no_component_normalized_match_in_mSCIdblit
master_LR_union	PRL5A1	ERBB2	Prl5a1	Erbb2					candidate_public_only_not_graph_edge	no_component_normalized_match_in_mSCIdblit
master_LR_union	PRL5A1	PRLR	Prl5a1	Prlr					candidate_public_only_not_graph_edge	no_component_normalized_match_in_mSCIdblit
master_LR_union	PRL6A1	ERBB2	Prl6a1	Erbb2					candidate_public_only_not_graph_edge	no_component_normalized_match_in_mSCIdblit
master_LR_union	PRL6A1	PRLR	Prl6a1	Prlr					candidate_public_only_not_graph_edge	no_component_normalized_match_in_mSCIdblit
master_LR_union	PRL7A1	ERBB2	Prl7a1	Erbb2					candidate_public_only_not_graph_edge	no_component_normalized_match_in_mSCIdblit
master_LR_union	PRL7A1	PRLR	Prl7a1	Prlr					candidate_public_only_not_graph_edge	no_component_normalized_match_in_mSCIdblit
master_LR_union	PRL7A2	ERBB2	Prl7a2	Erbb2					candidate_public_only_not_graph_edge	no_component_normalized_match_in_mSCIdblit
master_LR_union	PRL7A2	PRLR	Prl7a2	Prlr					candidate_public_only_not_graph_edge	no_component_normalized_match_in_mSCIdblit
master_LR_union	PRL7B1	ERBB2	Prl7b1	Erbb2					candidate_public_only_not_graph_edge	no_component_normalized_match_in_mSCIdblit
master_LR_union	PRL7B1	PRLR	Prl7b1	Prlr					candidate_public_only_not_graph_edge	no_component_normalized_match_in_mSCIdblit
master_LR_union	PRL7C1	ERBB2	Prl7c1	Erbb2					candidate_public_only_not_graph_edge	no_component_normalized_match_in_mSCIdblit
master_LR_union	PRL7C1	PRLR	Prl7c1	Prlr					candidate_public_only_not_graph_edge	no_component_normalized_match_in_mSCIdblit
master_LR_union	PRL7D1	ERBB2	Prl7d1	Erbb2					candidate_public_only_not_graph_edge	no_component_normalized_match_in_mSCIdblit
master_LR_union	PRL7D1	PRLR	Prl7d1	Prlr					candidate_public_only_not_graph_edge	no_component_normalized_match_in_mSCIdblit
master_LR_union	PRL8A1	ERBB2	Prl8a1	Erbb2					candidate_public_only_not_graph_edge	no_component_normalized_match_in_mSCIdblit
master_LR_union	PRL8A1	PRLR	Prl8a1	Prlr					candidate_public_only_not_graph_edge	no_component_normalized_match_in_mSCIdblit
master_LR_union	PRL8A2	ERBB2	Prl8a2	Erbb2					candidate_public_only_not_graph_edge	no_component_normalized_match_in_mSCIdblit
master_LR_union	PRL8A2	PRLR	Prl8a2	Prlr					candidate_public_only_not_graph_edge	no_component_normalized_match_in_mSCIdblit
master_LR_union	PRL8A6	ERBB2	Prl8a6	Erbb2					candidate_public_only_not_graph_edge	no_component_normalized_match_in_mSCIdblit
master_LR_union	PRL8A6	PRLR	Prl8a6	Prlr					candidate_public_only_not_graph_edge	no_component_normalized_match_in_mSCIdblit
master_LR_union	PRL8A8	ERBB2	Prl8a8	Erbb2					candidate_public_only_not_graph_edge	no_component_normalized_match_in_mSCIdblit
master_LR_union	PRL8A8	PRLR	Prl8a8	Prlr					candidate_public_only_not_graph_edge	no_component_normalized_match_in_mSCIdblit
master_LR_union	PRL8A9	ERBB2	Prl8a9	Erbb2					candidate_public_only_not_graph_edge	no_component_normalized_match_in_mSCIdblit
master_LR_union	PRL8A9	PRLR	Prl8a9	Prlr					candidate_public_only_not_graph_edge	no_component_normalized_match_in_mSCIdblit
master_LR_union	PRN	RPSA	Prn	Rpsa					candidate_public_only_not_graph_edge	no_component_normalized_match_in_mSCIdblit
master_LR_union	PRND	RPSA	Prnd	Rpsa					candidate_public_only_not_graph_edge	no_component_normalized_match_in_mSCIdblit
master_LR_union	PRNP	ADGRG6	Prnp	Adgrg6					candidate_public_only_not_graph_edge	no_component_normalized_match_in_mSCIdblit
master_LR_union	PRNP	NCAM1	Prnp	Ncam1					candidate_public_only_not_graph_edge	no_component_normalized_match_in_mSCIdblit
master_LR_union	PRNP	TNFRSF25	Prnp	Tnfrsf25					candidate_public_only_not_graph_edge	no_component_normalized_match_in_mSCIdblit
master_LR_union	PROC	F2R+PROCR	Proc	Procr_F2r					candidate_public_only_not_graph_edge	no_component_normalized_match_in_mSCIdblit
master_LR_union	PROC	F5	Proc	F5					candidate_public_only_not_graph_edge	no_component_normalized_match_in_mSCIdblit
master_LR_union	PROC	F7	Proc	F7					candidate_public_only_not_graph_edge	no_component_normalized_match_in_mSCIdblit
master_LR_union	PROC	F8	Proc	F8					candidate_public_only_not_graph_edge	no_component_normalized_match_in_mSCIdblit
master_LR_union	PROC	GM49368	Proc	Gm49368					candidate_public_only_not_graph_edge	no_component_normalized_match_in_mSCIdblit
master_LR_union	PROC	HSP90AA1+PROCR	Proc	Procr_Hsp90aa1					candidate_public_only_not_graph_edge	no_component_normalized_match_in_mSCIdblit
master_LR_union	PROC	ITGAM	Proc	Itgam					candidate_public_only_not_graph_edge	no_component_normalized_match_in_mSCIdblit
master_LR_union	PROC	ITGB2	Proc	Itgb2					candidate_public_only_not_graph_edge	no_component_normalized_match_in_mSCIdblit
master_LR_union	PROC	ITGB2L	Proc	Itgb2l					candidate_public_only_not_graph_edge	no_component_normalized_match_in_mSCIdblit
master_LR_union	PROC	TEK	Proc	Tek					candidate_public_only_not_graph_edge	no_component_normalized_match_in_mSCIdblit
master_LR_union	PROC	THBD	Proc	Thbd					candidate_public_only_not_graph_edge	no_component_normalized_match_in_mSCIdblit
master_LR_union	PROS1	F5	Pros1	F5					candidate_public_only_not_graph_edge	no_component_normalized_match_in_mSCIdblit
master_LR_union	PROS1	F8	Pros1	F8					candidate_public_only_not_graph_edge	no_component_normalized_match_in_mSCIdblit
master_LR_union	PROS1	PROC	Pros1	Proc					candidate_public_only_not_graph_edge	no_component_normalized_match_in_mSCIdblit
master_LR_union	PRRG4	CADM4	Prrg4	Cadm4					candidate_public_only_not_graph_edge	no_component_normalized_match_in_mSCIdblit
master_LR_union	PRSS1	F2R	Prss1	F2r					candidate_public_only_not_graph_edge	no_component_normalized_match_in_mSCIdblit
master_LR_union	PRSS1	F2RL1	Prss1	F2rl1					candidate_public_only_not_graph_edge	no_component_normalized_match_in_mSCIdblit
master_LR_union	PRSS1	F2RL2	Prss1	F2rl2					candidate_public_only_not_graph_edge	no_component_normalized_match_in_mSCIdblit
master_LR_union	PRSS1	F2RL3	Prss1	F2rl3					candidate_public_only_not_graph_edge	no_component_normalized_match_in_mSCIdblit
master_LR_union	PRSS2	F2R	Prss2	F2r					candidate_public_only_not_graph_edge	no_component_normalized_match_in_mSCIdblit
master_LR_union	PRSS2	F2RL1	Prss2	F2rl1					candidate_public_only_not_graph_edge	no_component_normalized_match_in_mSCIdblit
master_LR_union	PRSS2	F2RL2	Prss2	F2rl2					candidate_public_only_not_graph_edge	no_component_normalized_match_in_mSCIdblit
master_LR_union	PRSS2	F2RL3	Prss2	F2rl3					candidate_public_only_not_graph_edge	no_component_normalized_match_in_mSCIdblit
master_LR_union	PRSS2	PARD3	Prss2	Pard3					candidate_public_only_not_graph_edge	no_component_normalized_match_in_mSCIdblit
master_LR_union	PRSS3	F2R	Prss3	F2r					candidate_public_only_not_graph_edge	no_component_normalized_match_in_mSCIdblit
master_LR_union	PRSS3	F2RL1	Prss3	F2rl1					candidate_public_only_not_graph_edge	no_component_normalized_match_in_mSCIdblit
master_LR_union	PRSS3	F2RL2	Prss3	F2rl2					candidate_public_only_not_graph_edge	no_component_normalized_match_in_mSCIdblit
master_LR_union	PRSS3	F2RL3	Prss3	F2rl3					candidate_public_only_not_graph_edge	no_component_normalized_match_in_mSCIdblit
master_LR_union	PRSS3L	F2R	Prss3l	F2r					candidate_public_only_not_graph_edge	no_component_normalized_match_in_mSCIdblit
master_LR_union	PRSS3L	F2RL1	Prss3l	F2rl1					candidate_public_only_not_graph_edge	no_component_normalized_match_in_mSCIdblit
master_LR_union	PRSS3L	F2RL2	Prss3l	F2rl2					candidate_public_only_not_graph_edge	no_component_normalized_match_in_mSCIdblit
master_LR_union	PRSS3L	F2RL3	Prss3l	F2rl3					candidate_public_only_not_graph_edge	no_component_normalized_match_in_mSCIdblit
master_LR_union	PRSS3L	PARD3	Prss3l	Pard3					candidate_public_only_not_graph_edge	no_component_normalized_match_in_mSCIdblit
master_LR_union	PRSS55	LRRC4	Prss55	Lrrc4					candidate_public_only_not_graph_edge	no_component_normalized_match_in_mSCIdblit
master_LR_union	PRXL2B	PTGFR	Prxl2b	Ptgfr					candidate_public_only_not_graph_edge	no_component_normalized_match_in_mSCIdblit
master_LR_union	PSAP	AR	Psap	Ar					candidate_public_only_not_graph_edge	no_component_normalized_match_in_mSCIdblit
master_LR_union	PSAP	CELSR1	Psap	Celsr1					candidate_public_only_not_graph_edge	no_component_normalized_match_in_mSCIdblit
master_LR_union	PSAP	LRP1	Psap	Lrp1					candidate_public_only_not_graph_edge	no_component_normalized_match_in_mSCIdblit
master_LR_union	PSEN1	CD44	Psen1	Cd44					candidate_public_only_not_graph_edge	no_component_normalized_match_in_mSCIdblit
master_LR_union	PSEN1	CDH1	Psen1	Cdh1					candidate_public_only_not_graph_edge	no_component_normalized_match_in_mSCIdblit
master_LR_union	PSEN1	NCSTN	Psen1	Ncstn					candidate_public_only_not_graph_edge	no_component_normalized_match_in_mSCIdblit
master_LR_union	PSEN1	NOTCH1	Psen1	Notch1					candidate_public_only_not_graph_edge	no_component_normalized_match_in_mSCIdblit
master_LR_union	PSEN1	NOTCH2	Psen1	Notch2					candidate_public_only_not_graph_edge	no_component_normalized_match_in_mSCIdblit
master_LR_union	PSEN1	NOTCH3	Psen1	Notch3					candidate_public_only_not_graph_edge	no_component_normalized_match_in_mSCIdblit
master_LR_union	PSEN1	NOTCH4	Psen1	Notch4					candidate_public_only_not_graph_edge	no_component_normalized_match_in_mSCIdblit
master_LR_union	PSEN1	PSEN1	Psen1	Psen1					candidate_public_only_not_graph_edge	no_component_normalized_match_in_mSCIdblit
master_LR_union	PSG16	LILRA6	Psg16	Lilra6					candidate_public_only_not_graph_edge	no_component_normalized_match_in_mSCIdblit
master_LR_union	PSG17	LILRA6	Psg17	Lilra6					candidate_public_only_not_graph_edge	no_component_normalized_match_in_mSCIdblit
master_LR_union	PSG18	LILRA6	Psg18	Lilra6					candidate_public_only_not_graph_edge	no_component_normalized_match_in_mSCIdblit
master_LR_union	PSG19	LILRA6	Psg19	Lilra6					candidate_public_only_not_graph_edge	no_component_normalized_match_in_mSCIdblit
master_LR_union	PSG20	LILRA6	Psg20	Lilra6					candidate_public_only_not_graph_edge	no_component_normalized_match_in_mSCIdblit
master_LR_union	PSG21	LILRA6	Psg21	Lilra6					candidate_public_only_not_graph_edge	no_component_normalized_match_in_mSCIdblit
master_LR_union	PSG22	LILRA6	Psg22	Lilra6					candidate_public_only_not_graph_edge	no_component_normalized_match_in_mSCIdblit
master_LR_union	PSG23	LILRA6	Psg23	Lilra6					candidate_public_only_not_graph_edge	no_component_normalized_match_in_mSCIdblit
master_LR_union	PSG25	LILRA6	Psg25	Lilra6					candidate_public_only_not_graph_edge	no_component_normalized_match_in_mSCIdblit
master_LR_union	PSG26	LILRA6	Psg26	Lilra6					candidate_public_only_not_graph_edge	no_component_normalized_match_in_mSCIdblit
master_LR_union	PSG27	LILRA6	Psg27	Lilra6					candidate_public_only_not_graph_edge	no_component_normalized_match_in_mSCIdblit
master_LR_union	PSG28	LILRA6	Psg28	Lilra6					candidate_public_only_not_graph_edge	no_component_normalized_match_in_mSCIdblit
master_LR_union	PSG29	LILRA6	Psg29	Lilra6					candidate_public_only_not_graph_edge	no_component_normalized_match_in_mSCIdblit
master_LR_union	PSPN	GFRA1	Pspn	Gfra1					candidate_public_only_not_graph_edge	no_component_normalized_match_in_mSCIdblit
master_LR_union	PSPN	GFRA2	Pspn	Gfra2					candidate_public_only_not_graph_edge	no_component_normalized_match_in_mSCIdblit
master_LR_union	PSPN	GFRA3	Pspn	Gfra3					candidate_public_only_not_graph_edge	no_component_normalized_match_in_mSCIdblit
master_LR_union	PSPN	GFRA4	Pspn	Gfra4					candidate_public_only_not_graph_edge	no_component_normalized_match_in_mSCIdblit
master_LR_union	PSPN	GFRA4+RET	Pspn	Gfra4_Ret					candidate_public_only_not_graph_edge	no_component_normalized_match_in_mSCIdblit
master_LR_union	PSPN	RET	Pspn	Ret					candidate_public_only_not_graph_edge	no_component_normalized_match_in_mSCIdblit
master_LR_union	PSPN	SDC3	Pspn	Sdc3					candidate_public_only_not_graph_edge	no_component_normalized_match_in_mSCIdblit
master_LR_union	PTDSS1	JMJD6	Ptdss1	Jmjd6					candidate_public_only_not_graph_edge	no_component_normalized_match_in_mSCIdblit
master_LR_union	PTDSS1	SCARB1	Ptdss1	Scarb1					candidate_public_only_not_graph_edge	no_component_normalized_match_in_mSCIdblit
master_LR_union	PTGDS	PTGDR	Ptgds	Ptgdr					candidate_public_only_not_graph_edge	no_component_normalized_match_in_mSCIdblit
master_LR_union	PTGDS	PTGDR2	Ptgds	Ptgdr2					candidate_public_only_not_graph_edge	no_component_normalized_match_in_mSCIdblit
master_LR_union	PTGES	PTGER1	Ptges	Ptger1					candidate_public_only_not_graph_edge	no_component_normalized_match_in_mSCIdblit
master_LR_union	PTGES	PTGER2	Ptges	Ptger2					candidate_public_only_not_graph_edge	no_component_normalized_match_in_mSCIdblit
master_LR_union	PTGES	PTGER3	Ptges	Ptger3					candidate_public_only_not_graph_edge	no_component_normalized_match_in_mSCIdblit
master_LR_union	PTGES	PTGER4	Ptges	Ptger4					candidate_public_only_not_graph_edge	no_component_normalized_match_in_mSCIdblit
master_LR_union	PTGES2	PTGER1	Ptges2	Ptger1					candidate_public_only_not_graph_edge	no_component_normalized_match_in_mSCIdblit
master_LR_union	PTGES2	PTGER2	Ptges2	Ptger2					candidate_public_only_not_graph_edge	no_component_normalized_match_in_mSCIdblit
master_LR_union	PTGES2	PTGER3	Ptges2	Ptger3					candidate_public_only_not_graph_edge	no_component_normalized_match_in_mSCIdblit
master_LR_union	PTGES2	PTGER4	Ptges2	Ptger4					candidate_public_only_not_graph_edge	no_component_normalized_match_in_mSCIdblit
master_LR_union	PTGES3	PTGER1	Ptges3	Ptger1					candidate_public_only_not_graph_edge	no_component_normalized_match_in_mSCIdblit
master_LR_union	PTGES3	PTGER2	Ptges3	Ptger2					candidate_public_only_not_graph_edge	no_component_normalized_match_in_mSCIdblit
master_LR_union	PTGES3	PTGER3	Ptges3	Ptger3					candidate_public_only_not_graph_edge	no_component_normalized_match_in_mSCIdblit
master_LR_union	PTGES3	PTGER4	Ptges3	Ptger4					candidate_public_only_not_graph_edge	no_component_normalized_match_in_mSCIdblit
master_LR_union	PTGFRN	SGCG	Ptgfrn	Sgcg					candidate_public_only_not_graph_edge	no_component_normalized_match_in_mSCIdblit
master_LR_union	PTGFRN	TMEM59L	Ptgfrn	Tmem59l					candidate_public_only_not_graph_edge	no_component_normalized_match_in_mSCIdblit
master_LR_union	PTGIS	PTGIR	Ptgis	Ptgir					candidate_public_only_not_graph_edge	no_component_normalized_match_in_mSCIdblit
master_LR_union	PTGR1	LTB4R1	Ptgr1	Ltb4r1					candidate_public_only_not_graph_edge	no_component_normalized_match_in_mSCIdblit
master_LR_union	PTGR1	LTB4R2	Ptgr1	Ltb4r2					candidate_public_only_not_graph_edge	no_component_normalized_match_in_mSCIdblit
master_LR_union	PTGS2	ALOX5	Ptgs2	Alox5					candidate_public_only_not_graph_edge	no_component_normalized_match_in_mSCIdblit
master_LR_union	PTGS2	CAV1	Ptgs2	Cav1					candidate_public_only_not_graph_edge	no_component_normalized_match_in_mSCIdblit
master_LR_union	PTGS2	GPR44	Ptgs2	Gpr44					candidate_public_only_not_graph_edge	no_component_normalized_match_in_mSCIdblit
master_LR_union	PTGS2	PTGDR2	Ptgs2	Ptgdr2					candidate_public_only_not_graph_edge	no_component_normalized_match_in_mSCIdblit
master_LR_union	PTH	ADCYAP1R1	Pth	Adcyap1r1					candidate_public_only_not_graph_edge	no_component_normalized_match_in_mSCIdblit
master_LR_union	PTH	ADRB2	Pth	Adrb2					candidate_public_only_not_graph_edge	no_component_normalized_match_in_mSCIdblit
master_LR_union	PTH	ADRB3	Pth	Adrb3					candidate_public_only_not_graph_edge	no_component_normalized_match_in_mSCIdblit
master_LR_union	PTH	GPR20	Pth	Gpr20					candidate_public_only_not_graph_edge	no_component_normalized_match_in_mSCIdblit
master_LR_union	PTH	GPR84	Pth	Gpr84					candidate_public_only_not_graph_edge	no_component_normalized_match_in_mSCIdblit
master_LR_union	PTH	RAMP2	Pth	Ramp2					candidate_public_only_not_graph_edge	no_component_normalized_match_in_mSCIdblit
master_LR_union	PTH	RAMP3	Pth	Ramp3					candidate_public_only_not_graph_edge	no_component_normalized_match_in_mSCIdblit
master_LR_union	PTH	TSHR	Pth	Tshr					candidate_public_only_not_graph_edge	no_component_normalized_match_in_mSCIdblit
master_LR_union	PTH	VIPR1	Pth	Vipr1					candidate_public_only_not_graph_edge	no_component_normalized_match_in_mSCIdblit
master_LR_union	PTH2	ADCYAP1R1	Pth2	Adcyap1r1					candidate_public_only_not_graph_edge	no_component_normalized_match_in_mSCIdblit
master_LR_union	PTH2	ADRB2	Pth2	Adrb2					candidate_public_only_not_graph_edge	no_component_normalized_match_in_mSCIdblit
master_LR_union	PTH2	ADRB3	Pth2	Adrb3					candidate_public_only_not_graph_edge	no_component_normalized_match_in_mSCIdblit
master_LR_union	PTH2	GPR20	Pth2	Gpr20					candidate_public_only_not_graph_edge	no_component_normalized_match_in_mSCIdblit
master_LR_union	PTH2	GPR84	Pth2	Gpr84					candidate_public_only_not_graph_edge	no_component_normalized_match_in_mSCIdblit
master_LR_union	PTH2	RAMP2	Pth2	Ramp2					candidate_public_only_not_graph_edge	no_component_normalized_match_in_mSCIdblit
master_LR_union	PTH2	RAMP3	Pth2	Ramp3					candidate_public_only_not_graph_edge	no_component_normalized_match_in_mSCIdblit
master_LR_union	PTH2	TSHR	Pth2	Tshr					candidate_public_only_not_graph_edge	no_component_normalized_match_in_mSCIdblit
master_LR_union	PTH2	VIPR1	Pth2	Vipr1					candidate_public_only_not_graph_edge	no_component_normalized_match_in_mSCIdblit
master_LR_union	PTHLH	ADCYAP1R1	Pthlh	Adcyap1r1					candidate_public_only_not_graph_edge	no_component_normalized_match_in_mSCIdblit
master_LR_union	PTHLH	ADRB2	Pthlh	Adrb2					candidate_public_only_not_graph_edge	no_component_normalized_match_in_mSCIdblit
master_LR_union	PTHLH	ADRB3	Pthlh	Adrb3					candidate_public_only_not_graph_edge	no_component_normalized_match_in_mSCIdblit
master_LR_union	PTHLH	GPR20	Pthlh	Gpr20					candidate_public_only_not_graph_edge	no_component_normalized_match_in_mSCIdblit
master_LR_union	PTHLH	GPR84	Pthlh	Gpr84					candidate_public_only_not_graph_edge	no_component_normalized_match_in_mSCIdblit
master_LR_union	PTHLH	PRLHR	Pthlh	Prlhr					candidate_public_only_not_graph_edge	no_component_normalized_match_in_mSCIdblit
master_LR_union	PTHLH	RAMP2	Pthlh	Ramp2					candidate_public_only_not_graph_edge	no_component_normalized_match_in_mSCIdblit
master_LR_union	PTHLH	RAMP3	Pthlh	Ramp3					candidate_public_only_not_graph_edge	no_component_normalized_match_in_mSCIdblit
master_LR_union	PTHLH	TSHR	Pthlh	Tshr					candidate_public_only_not_graph_edge	no_component_normalized_match_in_mSCIdblit
master_LR_union	PTHLH	VIPR1	Pthlh	Vipr1					candidate_public_only_not_graph_edge	no_component_normalized_match_in_mSCIdblit
master_LR_union	PTN	CDH10	Ptn	Cdh10					candidate_public_only_not_graph_edge	no_component_normalized_match_in_mSCIdblit
master_LR_union	PTN	ITGAV	Ptn	Itgav					candidate_public_only_not_graph_edge	no_component_normalized_match_in_mSCIdblit
master_LR_union	PTN	ITGB3	Ptn	Itgb3					candidate_public_only_not_graph_edge	no_component_normalized_match_in_mSCIdblit
master_LR_union	PTN	NCL	Ptn	Ncl					candidate_public_only_not_graph_edge	no_component_normalized_match_in_mSCIdblit
master_LR_union	PTN	PLXNB2	Ptn	Plxnb2					candidate_public_only_not_graph_edge	no_component_normalized_match_in_mSCIdblit
master_LR_union	PTN	PTPRB	Ptn	Ptprb					candidate_public_only_not_graph_edge	no_component_normalized_match_in_mSCIdblit
master_LR_union	PTN	PTPRS	Ptn	Ptprs					candidate_public_only_not_graph_edge	no_component_normalized_match_in_mSCIdblit
master_LR_union	PTN	SDC1	Ptn	Sdc1					candidate_public_only_not_graph_edge	no_component_normalized_match_in_mSCIdblit
master_LR_union	PTN	SDC2	Ptn	Sdc2					candidate_public_only_not_graph_edge	no_component_normalized_match_in_mSCIdblit
master_LR_union	PTN	SDC3	Ptn	Sdc3					candidate_public_only_not_graph_edge	no_component_normalized_match_in_mSCIdblit
master_LR_union	PTN	SDC4	Ptn	Sdc4					candidate_public_only_not_graph_edge	no_component_normalized_match_in_mSCIdblit
master_LR_union	PTPN6	CD300LF	Ptpn6	Cd300lf					candidate_public_only_not_graph_edge	no_component_normalized_match_in_mSCIdblit
master_LR_union	PTPN6	CLEC12A	Ptpn6	Clec12a					candidate_public_only_not_graph_edge	no_component_normalized_match_in_mSCIdblit
master_LR_union	PTPN6	EGFR	Ptpn6	Egfr					candidate_public_only_not_graph_edge	no_component_normalized_match_in_mSCIdblit
master_LR_union	PTPRC	CD22	Ptprc	Cd22					candidate_public_only_not_graph_edge	no_component_normalized_match_in_mSCIdblit
master_LR_union	PTPRC	CD247	Ptprc	Cd247					candidate_public_only_not_graph_edge	no_component_normalized_match_in_mSCIdblit
master_LR_union	PTPRC	CD4	Ptprc	Cd4					candidate_public_only_not_graph_edge	no_component_normalized_match_in_mSCIdblit
master_LR_union	PTPRC	DPP4	Ptprc	Dpp4					candidate_public_only_not_graph_edge	no_component_normalized_match_in_mSCIdblit
master_LR_union	PTPRC	MRC1	Ptprc	Mrc1					candidate_public_only_not_graph_edge	no_component_normalized_match_in_mSCIdblit
master_LR_union	PTPRK	EGFR	Ptprk	Egfr					candidate_public_only_not_graph_edge	no_component_normalized_match_in_mSCIdblit
master_LR_union	PTPRM	CDH1	Ptprm	Cdh1					candidate_public_only_not_graph_edge	no_component_normalized_match_in_mSCIdblit
master_LR_union	PTPRM	PTPRM	Ptprm	Ptprm					candidate_public_only_not_graph_edge	no_component_normalized_match_in_mSCIdblit
master_LR_union	PTPRM	SIGLECG	Ptprm	Siglecg					candidate_public_only_not_graph_edge	no_component_normalized_match_in_mSCIdblit
master_LR_union	PTPRZ1	ALK	Ptprz1	Alk					candidate_public_only_not_graph_edge	no_component_normalized_match_in_mSCIdblit
master_LR_union	PTPRZ1	CNTN1	Ptprz1	Cntn1					candidate_public_only_not_graph_edge	no_component_normalized_match_in_mSCIdblit
master_LR_union	PTPRZ1	NCAM1	Ptprz1	Ncam1					candidate_public_only_not_graph_edge	no_component_normalized_match_in_mSCIdblit
master_LR_union	PTPRZ1	NTRK1	Ptprz1	Ntrk1					candidate_public_only_not_graph_edge	no_component_normalized_match_in_mSCIdblit
master_LR_union	PVR	CD226	Pvr	Cd226					candidate_public_only_not_graph_edge	no_component_normalized_match_in_mSCIdblit
master_LR_union	PVR	CD96	Pvr	Cd96					candidate_public_only_not_graph_edge	no_component_normalized_match_in_mSCIdblit
master_LR_union	PVR	NECTIN3	Pvr	Nectin3					candidate_public_only_not_graph_edge	no_component_normalized_match_in_mSCIdblit
master_LR_union	PVR	NECTIN4	Pvr	Nectin4					candidate_public_only_not_graph_edge	no_component_normalized_match_in_mSCIdblit
master_LR_union	PVR	PVRIG	Pvr	Pvrig					candidate_public_only_not_graph_edge	no_component_normalized_match_in_mSCIdblit
master_LR_union	PVR	TIGIT	Pvr	Tigit					candidate_public_only_not_graph_edge	no_component_normalized_match_in_mSCIdblit
master_LR_union	PYY	ADRA2A	Pyy	Adra2a					candidate_public_only_not_graph_edge	no_component_normalized_match_in_mSCIdblit
master_LR_union	PYY	DPP4	Pyy	Dpp4					candidate_public_only_not_graph_edge	no_component_normalized_match_in_mSCIdblit
master_LR_union	PYY	FAP	Pyy	Fap					candidate_public_only_not_graph_edge	no_component_normalized_match_in_mSCIdblit
master_LR_union	PYY	GPR83	Pyy	Gpr83					candidate_public_only_not_graph_edge	no_component_normalized_match_in_mSCIdblit
master_LR_union	PYY	GRM7	Pyy	Grm7					candidate_public_only_not_graph_edge	no_component_normalized_match_in_mSCIdblit
master_LR_union	PYY	MTNR1A	Pyy	Mtnr1a					candidate_public_only_not_graph_edge	no_component_normalized_match_in_mSCIdblit
master_LR_union	PYY	NPY4R	Pyy	Npy4r					candidate_public_only_not_graph_edge	no_component_normalized_match_in_mSCIdblit
master_LR_union	PYY	NPY6R	Pyy	Npy6r					candidate_public_only_not_graph_edge	no_component_normalized_match_in_mSCIdblit
master_LR_union	PYY	PGR15L	Pyy	Pgr15l					candidate_public_only_not_graph_edge	no_component_normalized_match_in_mSCIdblit
master_LR_union	QDPR	DYSF	Qdpr	Dysf					candidate_public_only_not_graph_edge	no_component_normalized_match_in_mSCIdblit
master_LR_union	QRFP	P2RY14	Qrfp	P2ry14					candidate_public_only_not_graph_edge	no_component_normalized_match_in_mSCIdblit
master_LR_union	QRFP	QRFPRL	Qrfp	Qrfprl					candidate_public_only_not_graph_edge	no_component_normalized_match_in_mSCIdblit
master_LR_union	RAET1A	HCST+KLRK1	Raet1a	Klrk1_Hcst					candidate_public_only_not_graph_edge	no_component_normalized_match_in_mSCIdblit
master_LR_union	RAET1A	KLRK1	Raet1a	Klrk1					candidate_public_only_not_graph_edge	no_component_normalized_match_in_mSCIdblit
master_LR_union	RAET1B	HCST+KLRK1	Raet1b	Klrk1_Hcst					candidate_public_only_not_graph_edge	no_component_normalized_match_in_mSCIdblit
master_LR_union	RAET1C	HCST+KLRK1	Raet1c	Klrk1_Hcst					candidate_public_only_not_graph_edge	no_component_normalized_match_in_mSCIdblit
master_LR_union	RAET1D	HCST	Raet1d	Hcst					candidate_public_only_not_graph_edge	no_component_normalized_match_in_mSCIdblit
master_LR_union	RAET1D	HCST+KLRK1	Raet1d	Klrk1_Hcst					candidate_public_only_not_graph_edge	no_component_normalized_match_in_mSCIdblit
master_LR_union	RAET1D	KLRK1	Raet1d	Klrk1					candidate_public_only_not_graph_edge	no_component_normalized_match_in_mSCIdblit
master_LR_union	RAET1E	HCST	Raet1e	Hcst					candidate_public_only_not_graph_edge	no_component_normalized_match_in_mSCIdblit
master_LR_union	RAET1E	HCST+KLRK1	Raet1e	Klrk1_Hcst					candidate_public_only_not_graph_edge	no_component_normalized_match_in_mSCIdblit
master_LR_union	RAET1E	KLRK1	Raet1e	Klrk1					candidate_public_only_not_graph_edge	no_component_normalized_match_in_mSCIdblit
master_LR_union	RARRES1	NRP2	Rarres1	Nrp2					candidate_public_only_not_graph_edge	no_component_normalized_match_in_mSCIdblit
master_LR_union	RARRES2	CCRL2	Rarres2	Ccrl2					candidate_public_only_not_graph_edge	no_component_normalized_match_in_mSCIdblit
master_LR_union	RARRES2	CMKLR2	Rarres2	Cmklr2					candidate_public_only_not_graph_edge	no_component_normalized_match_in_mSCIdblit
master_LR_union	RARRES2	GPR1	Rarres2	Gpr1					candidate_public_only_not_graph_edge	no_component_normalized_match_in_mSCIdblit
master_LR_union	RBP3	NOTCH1	Rbp3	Notch1					candidate_public_only_not_graph_edge	no_component_normalized_match_in_mSCIdblit
master_LR_union	RECK	MMP9	Reck	Mmp9					candidate_public_only_not_graph_edge	no_component_normalized_match_in_mSCIdblit
master_LR_union	RECK	TIGIT	Reck	Tigit					candidate_public_only_not_graph_edge	no_component_normalized_match_in_mSCIdblit
master_LR_union	RELN	ITGA3	Reln	Itga3					candidate_public_only_not_graph_edge	no_component_normalized_match_in_mSCIdblit
master_LR_union	RELN	ITGB1	Reln	Itgb1					candidate_public_only_not_graph_edge	no_component_normalized_match_in_mSCIdblit
master_LR_union	RELN	LRP8	Reln	Lrp8					candidate_public_only_not_graph_edge	no_component_normalized_match_in_mSCIdblit
master_LR_union	RELN	VLDLR	Reln	Vldlr					candidate_public_only_not_graph_edge	no_component_normalized_match_in_mSCIdblit
master_LR_union	RET	GFRA1	Ret	Gfra1					candidate_public_only_not_graph_edge	no_component_normalized_match_in_mSCIdblit
master_LR_union	RET	GFRA2	Ret	Gfra2					candidate_public_only_not_graph_edge	no_component_normalized_match_in_mSCIdblit
master_LR_union	RET	GFRA3	Ret	Gfra3					candidate_public_only_not_graph_edge	no_component_normalized_match_in_mSCIdblit
master_LR_union	RET	GFRA4	Ret	Gfra4					candidate_public_only_not_graph_edge	no_component_normalized_match_in_mSCIdblit
master_LR_union	RETN	GPR25	Retn	Gpr25					candidate_public_only_not_graph_edge	no_component_normalized_match_in_mSCIdblit
master_LR_union	RETN	TLR4	Retn	Tlr4					candidate_public_only_not_graph_edge	no_component_normalized_match_in_mSCIdblit
master_LR_union	RGMA	BMPR1B	Rgma	Bmpr1b					candidate_public_only_not_graph_edge	no_component_normalized_match_in_mSCIdblit
master_LR_union	RGMA	BMPR2	Rgma	Bmpr2					candidate_public_only_not_graph_edge	no_component_normalized_match_in_mSCIdblit
master_LR_union	RGMA	HFE	Rgma	Hfe					candidate_public_only_not_graph_edge	no_component_normalized_match_in_mSCIdblit
master_LR_union	RGMA	HJV	Rgma	Hjv					candidate_public_only_not_graph_edge	no_component_normalized_match_in_mSCIdblit
master_LR_union	RGMA	TFR2	Rgma	Tfr2					candidate_public_only_not_graph_edge	no_component_normalized_match_in_mSCIdblit
master_LR_union	RGMB	BMPR1B	Rgmb	Bmpr1b					candidate_public_only_not_graph_edge	no_component_normalized_match_in_mSCIdblit
master_LR_union	RGMB	BMPR2	Rgmb	Bmpr2					candidate_public_only_not_graph_edge	no_component_normalized_match_in_mSCIdblit
master_LR_union	RIMS1	CACNA1C	Rims1	Cacna1c					candidate_public_only_not_graph_edge	no_component_normalized_match_in_mSCIdblit
master_LR_union	RIMS1	SLC17A7	Rims1	Slc17a7					candidate_public_only_not_graph_edge	no_component_normalized_match_in_mSCIdblit
master_LR_union	RIMS1	SLC18A2	Rims1	Slc18a2					candidate_public_only_not_graph_edge	no_component_normalized_match_in_mSCIdblit
master_LR_union	RIMS1	SLC18A3	Rims1	Slc18a3					candidate_public_only_not_graph_edge	no_component_normalized_match_in_mSCIdblit
master_LR_union	RIMS2	ABCA1	Rims2	Abca1					candidate_public_only_not_graph_edge	no_component_normalized_match_in_mSCIdblit
master_LR_union	RLN1	RXFP2	Rln1	Rxfp2					candidate_public_only_not_graph_edge	no_component_normalized_match_in_mSCIdblit
master_LR_union	RLN1	RXFP3	Rln1	Rxfp3					candidate_public_only_not_graph_edge	no_component_normalized_match_in_mSCIdblit
master_LR_union	RLN1	RXFP4	Rln1	Rxfp4					candidate_public_only_not_graph_edge	no_component_normalized_match_in_mSCIdblit
master_LR_union	RLN3	ADCYAP1R1	Rln3	Adcyap1r1					candidate_public_only_not_graph_edge	no_component_normalized_match_in_mSCIdblit
master_LR_union	RLN3	ADRA2A	Rln3	Adra2a					candidate_public_only_not_graph_edge	no_component_normalized_match_in_mSCIdblit
master_LR_union	RLN3	ADRB2	Rln3	Adrb2					candidate_public_only_not_graph_edge	no_component_normalized_match_in_mSCIdblit
master_LR_union	RLN3	ADRB3	Rln3	Adrb3					candidate_public_only_not_graph_edge	no_component_normalized_match_in_mSCIdblit
master_LR_union	RLN3	GPR20	Rln3	Gpr20					candidate_public_only_not_graph_edge	no_component_normalized_match_in_mSCIdblit
master_LR_union	RLN3	GPR84	Rln3	Gpr84					candidate_public_only_not_graph_edge	no_component_normalized_match_in_mSCIdblit
master_LR_union	RLN3	GRM7	Rln3	Grm7					candidate_public_only_not_graph_edge	no_component_normalized_match_in_mSCIdblit
master_LR_union	RLN3	MTNR1A	Rln3	Mtnr1a					candidate_public_only_not_graph_edge	no_component_normalized_match_in_mSCIdblit
master_LR_union	RLN3	PTH1R	Rln3	Pth1r					candidate_public_only_not_graph_edge	no_component_normalized_match_in_mSCIdblit
master_LR_union	RLN3	RAMP2	Rln3	Ramp2					candidate_public_only_not_graph_edge	no_component_normalized_match_in_mSCIdblit
master_LR_union	RLN3	RAMP3	Rln3	Ramp3					candidate_public_only_not_graph_edge	no_component_normalized_match_in_mSCIdblit
master_LR_union	RLN3	RXFP2	Rln3	Rxfp2					candidate_public_only_not_graph_edge	no_component_normalized_match_in_mSCIdblit
master_LR_union	RLN3	TSHR	Rln3	Tshr					candidate_public_only_not_graph_edge	no_component_normalized_match_in_mSCIdblit
master_LR_union	RLN3	VIPR1	Rln3	Vipr1					candidate_public_only_not_graph_edge	no_component_normalized_match_in_mSCIdblit
master_LR_union	ROBO1	NCAM1	Robo1	Ncam1					candidate_public_only_not_graph_edge	no_component_normalized_match_in_mSCIdblit
master_LR_union	RSPO1	FZD8	Rspo1	Fzd8					candidate_public_only_not_graph_edge	no_component_normalized_match_in_mSCIdblit
master_LR_union	RSPO2	FZD4	Rspo2	Fzd4					candidate_public_only_not_graph_edge	no_component_normalized_match_in_mSCIdblit
master_LR_union	RSPO2	SDC4	Rspo2	Sdc4					candidate_public_only_not_graph_edge	no_component_normalized_match_in_mSCIdblit
master_LR_union	RSPO3	FZD8	Rspo3	Fzd8					candidate_public_only_not_graph_edge	no_component_normalized_match_in_mSCIdblit
master_LR_union	RSPO3	LRP6	Rspo3	Lrp6					candidate_public_only_not_graph_edge	no_component_normalized_match_in_mSCIdblit
master_LR_union	RSPO4	LGR4	Rspo4	Lgr4					candidate_public_only_not_graph_edge	no_component_normalized_match_in_mSCIdblit
master_LR_union	RSPO4	LGR4+LRP5	Rspo4	Lgr4_Lrp5					candidate_public_only_not_graph_edge	no_component_normalized_match_in_mSCIdblit
master_LR_union	RSPO4	LGR4+LRP6	Rspo4	Lgr4_Lrp6					candidate_public_only_not_graph_edge	no_component_normalized_match_in_mSCIdblit
master_LR_union	RSPO4	LGR5	Rspo4	Lgr5					candidate_public_only_not_graph_edge	no_component_normalized_match_in_mSCIdblit
master_LR_union	RSPO4	LGR5+LRP5	Rspo4	Lgr5_Lrp5					candidate_public_only_not_graph_edge	no_component_normalized_match_in_mSCIdblit
master_LR_union	RSPO4	LGR5+LRP6	Rspo4	Lgr5_Lrp6					candidate_public_only_not_graph_edge	no_component_normalized_match_in_mSCIdblit
master_LR_union	RSPO4	LRP5	Rspo4	Lrp5					candidate_public_only_not_graph_edge	no_component_normalized_match_in_mSCIdblit
master_LR_union	RSPO4	LRP6	Rspo4	Lrp6					candidate_public_only_not_graph_edge	no_component_normalized_match_in_mSCIdblit
master_LR_union	RTN4	CNTN1	Rtn4	Cntn1					candidate_public_only_not_graph_edge	no_component_normalized_match_in_mSCIdblit
master_LR_union	RTN4	CNTNAP1	Rtn4	Cntnap1					candidate_public_only_not_graph_edge	no_component_normalized_match_in_mSCIdblit
master_LR_union	RTN4	GJB2	Rtn4	Gjb2					candidate_public_only_not_graph_edge	no_component_normalized_match_in_mSCIdblit
master_LR_union	RTN4	LINGO1	Rtn4	Lingo1					candidate_public_only_not_graph_edge	no_component_normalized_match_in_mSCIdblit
master_LR_union	RTN4	RTN4RL1	Rtn4	Rtn4rl1					candidate_public_only_not_graph_edge	no_component_normalized_match_in_mSCIdblit
master_LR_union	RTN4	TNFRSF19	Rtn4	Tnfrsf19					candidate_public_only_not_graph_edge	no_component_normalized_match_in_mSCIdblit
master_LR_union	RTN4R	ADGRB1	Rtn4r	Adgrb1					candidate_public_only_not_graph_edge	no_component_normalized_match_in_mSCIdblit
master_LR_union	S100A1	AGER	S100a1	Ager					candidate_public_only_not_graph_edge	no_component_normalized_match_in_mSCIdblit
master_LR_union	S100A1	RYR1	S100a1	Ryr1					candidate_public_only_not_graph_edge	no_component_normalized_match_in_mSCIdblit
master_LR_union	S100A1	RYR2	S100a1	Ryr2					candidate_public_only_not_graph_edge	no_component_normalized_match_in_mSCIdblit
master_LR_union	S100A1	TRPM3	S100a1	Trpm3					candidate_public_only_not_graph_edge	no_component_normalized_match_in_mSCIdblit
master_LR_union	S100A10	CFTR	S100a10	Cftr					candidate_public_only_not_graph_edge	no_component_normalized_match_in_mSCIdblit
master_LR_union	S100A10	HTR1B	S100a10	Htr1b					candidate_public_only_not_graph_edge	no_component_normalized_match_in_mSCIdblit
master_LR_union	S100A10	TRPV5	S100a10	Trpv5					candidate_public_only_not_graph_edge	no_component_normalized_match_in_mSCIdblit
master_LR_union	S100A10	TRPV6	S100a10	Trpv6					candidate_public_only_not_graph_edge	no_component_normalized_match_in_mSCIdblit
master_LR_union	S100A4	CCR5	S100a4	Ccr5					candidate_public_only_not_graph_edge	no_component_normalized_match_in_mSCIdblit
master_LR_union	S100A4	EGFR	S100a4	Egfr					candidate_public_only_not_graph_edge	no_component_normalized_match_in_mSCIdblit
master_LR_union	S100A4	ERBB2	S100a4	Erbb2					candidate_public_only_not_graph_edge	no_component_normalized_match_in_mSCIdblit
master_LR_union	S100A8	AGER	S100a8	Ager					candidate_public_only_not_graph_edge	no_component_normalized_match_in_mSCIdblit
master_LR_union	S100A8	CD36	S100a8	Cd36					candidate_public_only_not_graph_edge	no_component_normalized_match_in_mSCIdblit
master_LR_union	S100A8	CD68	S100a8	Cd68					candidate_public_only_not_graph_edge	no_component_normalized_match_in_mSCIdblit
master_LR_union	S100A8	CD69	S100a8	Cd69					candidate_public_only_not_graph_edge	no_component_normalized_match_in_mSCIdblit
master_LR_union	S100A8	ITGB2	S100a8	Itgb2					candidate_public_only_not_graph_edge	no_component_normalized_match_in_mSCIdblit
master_LR_union	S100A8	ITGB2L	S100a8	Itgb2l					candidate_public_only_not_graph_edge	no_component_normalized_match_in_mSCIdblit
master_LR_union	S100A8	TLR4	S100a8	Tlr4					candidate_public_only_not_graph_edge	no_component_normalized_match_in_mSCIdblit
master_LR_union	S100A9	AGER	S100a9	Ager					candidate_public_only_not_graph_edge	no_component_normalized_match_in_mSCIdblit
master_LR_union	S100A9	ALCAM	S100a9	Alcam					candidate_public_only_not_graph_edge	no_component_normalized_match_in_mSCIdblit
master_LR_union	S100A9	CD36	S100a9	Cd36					candidate_public_only_not_graph_edge	no_component_normalized_match_in_mSCIdblit
master_LR_union	S100A9	CD68	S100a9	Cd68					candidate_public_only_not_graph_edge	no_component_normalized_match_in_mSCIdblit
master_LR_union	S100A9	ITGB2	S100a9	Itgb2					candidate_public_only_not_graph_edge	no_component_normalized_match_in_mSCIdblit
master_LR_union	S100A9	ITGB2L	S100a9	Itgb2l					candidate_public_only_not_graph_edge	no_component_normalized_match_in_mSCIdblit
master_LR_union	S100A9	TLR4	S100a9	Tlr4					candidate_public_only_not_graph_edge	no_component_normalized_match_in_mSCIdblit
master_LR_union	S100B	AGER	S100b	Ager					candidate_public_only_not_graph_edge	no_component_normalized_match_in_mSCIdblit
master_LR_union	S100B	ALCAM	S100b	Alcam					candidate_public_only_not_graph_edge	no_component_normalized_match_in_mSCIdblit
master_LR_union	SAA1	ADRA2A	Saa1	Adra2a					candidate_public_only_not_graph_edge	no_component_normalized_match_in_mSCIdblit
master_LR_union	SAA1	FPR1	Saa1	Fpr1					candidate_public_only_not_graph_edge	no_component_normalized_match_in_mSCIdblit
master_LR_union	SAA1	FPR3	Saa1	Fpr3					candidate_public_only_not_graph_edge	no_component_normalized_match_in_mSCIdblit
master_LR_union	SAA1	GRM7	Saa1	Grm7					candidate_public_only_not_graph_edge	no_component_normalized_match_in_mSCIdblit
master_LR_union	SAA1	MTNR1A	Saa1	Mtnr1a					candidate_public_only_not_graph_edge	no_component_normalized_match_in_mSCIdblit
master_LR_union	SAA1	SCARB1	Saa1	Scarb1					candidate_public_only_not_graph_edge	no_component_normalized_match_in_mSCIdblit
master_LR_union	SAA1	TLR2	Saa1	Tlr2					candidate_public_only_not_graph_edge	no_component_normalized_match_in_mSCIdblit
master_LR_union	SAA2	ADRA2A	Saa2	Adra2a					candidate_public_only_not_graph_edge	no_component_normalized_match_in_mSCIdblit
master_LR_union	SAA2	CD36	Saa2	Cd36					candidate_public_only_not_graph_edge	no_component_normalized_match_in_mSCIdblit
master_LR_union	SAA2	FPR1	Saa2	Fpr1					candidate_public_only_not_graph_edge	no_component_normalized_match_in_mSCIdblit
master_LR_union	SAA2	FPR3	Saa2	Fpr3					candidate_public_only_not_graph_edge	no_component_normalized_match_in_mSCIdblit
master_LR_union	SAA2	GRM7	Saa2	Grm7					candidate_public_only_not_graph_edge	no_component_normalized_match_in_mSCIdblit
master_LR_union	SAA2	MTNR1A	Saa2	Mtnr1a					candidate_public_only_not_graph_edge	no_component_normalized_match_in_mSCIdblit
master_LR_union	SAA2	SCARB1	Saa2	Scarb1					candidate_public_only_not_graph_edge	no_component_normalized_match_in_mSCIdblit
master_LR_union	SARAF	DAG1	Saraf	Dag1					candidate_public_only_not_graph_edge	no_component_normalized_match_in_mSCIdblit
master_LR_union	SBPL	CXCR4	Sbpl	Cxcr4					candidate_public_only_not_graph_edge	no_component_normalized_match_in_mSCIdblit
master_LR_union	SBPL	TLR2	Sbpl	Tlr2					candidate_public_only_not_graph_edge	no_component_normalized_match_in_mSCIdblit
master_LR_union	SBPL	TLR4	Sbpl	Tlr4					candidate_public_only_not_graph_edge	no_component_normalized_match_in_mSCIdblit
master_LR_union	SBPL	TLR5	Sbpl	Tlr5					candidate_public_only_not_graph_edge	no_component_normalized_match_in_mSCIdblit
master_LR_union	SBPL	TLR6	Sbpl	Tlr6					candidate_public_only_not_graph_edge	no_component_normalized_match_in_mSCIdblit
master_LR_union	SCEL	ENG	Scel	Eng					candidate_public_only_not_graph_edge	no_component_normalized_match_in_mSCIdblit
master_LR_union	SCGB1A1	LMBR1L	Scgb1a1	Lmbr1l					candidate_public_only_not_graph_edge	no_component_normalized_match_in_mSCIdblit
master_LR_union	SCGB1A1	LRP2	Scgb1a1	Lrp2					candidate_public_only_not_graph_edge	no_component_normalized_match_in_mSCIdblit
master_LR_union	SCGB3A1	MARCO	Scgb3a1	Marco					candidate_public_only_not_graph_edge	no_component_normalized_match_in_mSCIdblit
master_LR_union	SCGB3A1	NOTCH3	Scgb3a1	Notch3					candidate_public_only_not_graph_edge	no_component_normalized_match_in_mSCIdblit
master_LR_union	SCGB3A2	MARCO	Scgb3a2	Marco					candidate_public_only_not_graph_edge	no_component_normalized_match_in_mSCIdblit
master_LR_union	SCT	ADCYAP1R1	Sct	Adcyap1r1					candidate_public_only_not_graph_edge	no_component_normalized_match_in_mSCIdblit
master_LR_union	SCT	ADRB2	Sct	Adrb2					candidate_public_only_not_graph_edge	no_component_normalized_match_in_mSCIdblit
master_LR_union	SCT	ADRB3	Sct	Adrb3					candidate_public_only_not_graph_edge	no_component_normalized_match_in_mSCIdblit
master_LR_union	SCT	GPR20	Sct	Gpr20					candidate_public_only_not_graph_edge	no_component_normalized_match_in_mSCIdblit
master_LR_union	SCT	GPR84	Sct	Gpr84					candidate_public_only_not_graph_edge	no_component_normalized_match_in_mSCIdblit
master_LR_union	SCT	PTH1R	Sct	Pth1r					candidate_public_only_not_graph_edge	no_component_normalized_match_in_mSCIdblit
master_LR_union	SCT	RAMP2	Sct	Ramp2					candidate_public_only_not_graph_edge	no_component_normalized_match_in_mSCIdblit
master_LR_union	SCT	RAMP3	Sct	Ramp3					candidate_public_only_not_graph_edge	no_component_normalized_match_in_mSCIdblit
master_LR_union	SCT	SCTR	Sct	Sctr					candidate_public_only_not_graph_edge	no_component_normalized_match_in_mSCIdblit
master_LR_union	SCT	TSHR	Sct	Tshr					candidate_public_only_not_graph_edge	no_component_normalized_match_in_mSCIdblit
master_LR_union	SCT	VIPR1	Sct	Vipr1					candidate_public_only_not_graph_edge	no_component_normalized_match_in_mSCIdblit
master_LR_union	SCT	VIPR2	Sct	Vipr2					candidate_public_only_not_graph_edge	no_component_normalized_match_in_mSCIdblit
master_LR_union	SDC1	ADGRA2	Sdc1	Adgra2					candidate_public_only_not_graph_edge	no_component_normalized_match_in_mSCIdblit
master_LR_union	SDC2	ADGRA2	Sdc2	Adgra2					candidate_public_only_not_graph_edge	no_component_normalized_match_in_mSCIdblit
master_LR_union	SDC2	EZR	Sdc2	Ezr					candidate_public_only_not_graph_edge	no_component_normalized_match_in_mSCIdblit
master_LR_union	SDC2	PTPRJ	Sdc2	Ptprj					candidate_public_only_not_graph_edge	no_component_normalized_match_in_mSCIdblit
master_LR_union	SDC4	ADAM12	Sdc4	Adam12					candidate_public_only_not_graph_edge	no_component_normalized_match_in_mSCIdblit
master_LR_union	SDK2	CADM4	Sdk2	Cadm4					candidate_public_only_not_graph_edge	no_component_normalized_match_in_mSCIdblit
master_LR_union	SDK2	CLEC4A1	Sdk2	Clec4a1					candidate_public_only_not_graph_edge	no_component_normalized_match_in_mSCIdblit
master_LR_union	SDK2	CLEC4A2	Sdk2	Clec4a2					candidate_public_only_not_graph_edge	no_component_normalized_match_in_mSCIdblit
master_LR_union	SECTM1B	CD7	Sectm1b	Cd7					candidate_public_only_not_graph_edge	no_component_normalized_match_in_mSCIdblit
master_LR_union	SELE	CD44	Sele	Cd44					candidate_public_only_not_graph_edge	no_component_normalized_match_in_mSCIdblit
master_LR_union	SELE	CEACAM1	Sele	Ceacam1					candidate_public_only_not_graph_edge	no_component_normalized_match_in_mSCIdblit
master_LR_union	SELE	CEACAM2	Sele	Ceacam2					candidate_public_only_not_graph_edge	no_component_normalized_match_in_mSCIdblit
master_LR_union	SELE	GLG1	Sele	Glg1					candidate_public_only_not_graph_edge	no_component_normalized_match_in_mSCIdblit
master_LR_union	SELE	SELPLG	Sele	Selplg					candidate_public_only_not_graph_edge	no_component_normalized_match_in_mSCIdblit
master_LR_union	SELL	CD34	Sell	Cd34					candidate_public_only_not_graph_edge	no_component_normalized_match_in_mSCIdblit
master_LR_union	SELL	GLYCAM1	Sell	Glycam1					candidate_public_only_not_graph_edge	no_component_normalized_match_in_mSCIdblit
master_LR_union	SELL	MADCAM1	Sell	Madcam1					candidate_public_only_not_graph_edge	no_component_normalized_match_in_mSCIdblit
master_LR_union	SELL	PODXL	Sell	Podxl					candidate_public_only_not_graph_edge	no_component_normalized_match_in_mSCIdblit
master_LR_union	SELL	SELPLG	Sell	Selplg					candidate_public_only_not_graph_edge	no_component_normalized_match_in_mSCIdblit
master_LR_union	SELL	UNC5D	Sell	Unc5d					candidate_public_only_not_graph_edge	no_component_normalized_match_in_mSCIdblit
master_LR_union	SELP	SELPLG	Selp	Selplg					candidate_public_only_not_graph_edge	no_component_normalized_match_in_mSCIdblit
master_LR_union	SELPLG	ESAM	Selplg	Esam					candidate_public_only_not_graph_edge	no_component_normalized_match_in_mSCIdblit
master_LR_union	SELPLG	ITGAM	Selplg	Itgam					candidate_public_only_not_graph_edge	no_component_normalized_match_in_mSCIdblit
master_LR_union	SELPLG	ITGB2	Selplg	Itgb2					candidate_public_only_not_graph_edge	no_component_normalized_match_in_mSCIdblit
master_LR_union	SEMA3A	NRP2	Sema3a	Nrp2					candidate_public_only_not_graph_edge	no_component_normalized_match_in_mSCIdblit
master_LR_union	SEMA3A	PLXNA1	Sema3a	Plxna1					candidate_public_only_not_graph_edge	no_component_normalized_match_in_mSCIdblit
master_LR_union	SEMA3A	PLXNA2	Sema3a	Plxna2					candidate_public_only_not_graph_edge	no_component_normalized_match_in_mSCIdblit
master_LR_union	SEMA3A	PLXNA3	Sema3a	Plxna3					candidate_public_only_not_graph_edge	no_component_normalized_match_in_mSCIdblit
master_LR_union	SEMA3A	PLXNA4	Sema3a	Plxna4					candidate_public_only_not_graph_edge	no_component_normalized_match_in_mSCIdblit
master_LR_union	SEMA3B	NRP1	Sema3b	Nrp1					candidate_public_only_not_graph_edge	no_component_normalized_match_in_mSCIdblit
master_LR_union	SEMA3B	NRP1+PLXNA1	Sema3b	Nrp1_Plxna1					candidate_public_only_not_graph_edge	no_component_normalized_match_in_mSCIdblit
master_LR_union	SEMA3B	NRP1+PLXNA2	Sema3b	Nrp1_Plxna2					candidate_public_only_not_graph_edge	no_component_normalized_match_in_mSCIdblit
master_LR_union	SEMA3B	NRP1+PLXNA3	Sema3b	Nrp1_Plxna3					candidate_public_only_not_graph_edge	no_component_normalized_match_in_mSCIdblit
master_LR_union	SEMA3B	NRP1+PLXNA4	Sema3b	Nrp1_Plxna4					candidate_public_only_not_graph_edge	no_component_normalized_match_in_mSCIdblit
master_LR_union	SEMA3B	NRP2	Sema3b	Nrp2					candidate_public_only_not_graph_edge	no_component_normalized_match_in_mSCIdblit
master_LR_union	SEMA3B	NRP2+PLXNA1	Sema3b	Nrp2_Plxna1					candidate_public_only_not_graph_edge	no_component_normalized_match_in_mSCIdblit
master_LR_union	SEMA3B	NRP2+PLXNA2	Sema3b	Nrp2_Plxna2					candidate_public_only_not_graph_edge	no_component_normalized_match_in_mSCIdblit
master_LR_union	SEMA3B	NRP2+PLXNA3	Sema3b	Nrp2_Plxna3					candidate_public_only_not_graph_edge	no_component_normalized_match_in_mSCIdblit
master_LR_union	SEMA3B	NRP2+PLXNA4	Sema3b	Nrp2_Plxna4					candidate_public_only_not_graph_edge	no_component_normalized_match_in_mSCIdblit
master_LR_union	SEMA3B	PLXNA1	Sema3b	Plxna1					candidate_public_only_not_graph_edge	no_component_normalized_match_in_mSCIdblit
master_LR_union	SEMA3B	PLXNA2	Sema3b	Plxna2					candidate_public_only_not_graph_edge	no_component_normalized_match_in_mSCIdblit
master_LR_union	SEMA3B	PLXNA3	Sema3b	Plxna3					candidate_public_only_not_graph_edge	no_component_normalized_match_in_mSCIdblit
master_LR_union	SEMA3B	PLXNA4	Sema3b	Plxna4					candidate_public_only_not_graph_edge	no_component_normalized_match_in_mSCIdblit
master_LR_union	SEMA3C	NRP1+NRP2+PLXND1	Sema3c	Nrp1_Nrp2_Plxnd1					candidate_public_only_not_graph_edge	no_component_normalized_match_in_mSCIdblit
master_LR_union	SEMA3C	NRP1+PLXNA1	Sema3c	Nrp1_Plxna1					candidate_public_only_not_graph_edge	no_component_normalized_match_in_mSCIdblit
master_LR_union	SEMA3C	NRP1+PLXNA2	Sema3c	Nrp1_Plxna2					candidate_public_only_not_graph_edge	no_component_normalized_match_in_mSCIdblit
master_LR_union	SEMA3C	NRP1+PLXNA3	Sema3c	Nrp1_Plxna3					candidate_public_only_not_graph_edge	no_component_normalized_match_in_mSCIdblit
master_LR_union	SEMA3C	NRP1+PLXNA4	Sema3c	Nrp1_Plxna4					candidate_public_only_not_graph_edge	no_component_normalized_match_in_mSCIdblit
master_LR_union	SEMA3C	NRP2+PLXNA1	Sema3c	Nrp2_Plxna1					candidate_public_only_not_graph_edge	no_component_normalized_match_in_mSCIdblit
master_LR_union	SEMA3C	NRP2+PLXNA2	Sema3c	Nrp2_Plxna2					candidate_public_only_not_graph_edge	no_component_normalized_match_in_mSCIdblit
master_LR_union	SEMA3C	NRP2+PLXNA3	Sema3c	Nrp2_Plxna3					candidate_public_only_not_graph_edge	no_component_normalized_match_in_mSCIdblit
master_LR_union	SEMA3C	NRP2+PLXNA4	Sema3c	Nrp2_Plxna4					candidate_public_only_not_graph_edge	no_component_normalized_match_in_mSCIdblit
master_LR_union	SEMA3C	PLXNA1	Sema3c	Plxna1					candidate_public_only_not_graph_edge	no_component_normalized_match_in_mSCIdblit
master_LR_union	SEMA3C	PLXNA2	Sema3c	Plxna2					candidate_public_only_not_graph_edge	no_component_normalized_match_in_mSCIdblit
master_LR_union	SEMA3C	PLXNA3	Sema3c	Plxna3					candidate_public_only_not_graph_edge	no_component_normalized_match_in_mSCIdblit
master_LR_union	SEMA3C	PLXNA4	Sema3c	Plxna4					candidate_public_only_not_graph_edge	no_component_normalized_match_in_mSCIdblit
master_LR_union	SEMA3C	PLXND1	Sema3c	Plxnd1					candidate_public_only_not_graph_edge	no_component_normalized_match_in_mSCIdblit
master_LR_union	SEMA3D	NRP1	Sema3d	Nrp1					candidate_public_only_not_graph_edge	no_component_normalized_match_in_mSCIdblit
master_LR_union	SEMA3D	NRP1+PLXNA1	Sema3d	Nrp1_Plxna1					candidate_public_only_not_graph_edge	no_component_normalized_match_in_mSCIdblit
master_LR_union	SEMA3D	NRP1+PLXNA2	Sema3d	Nrp1_Plxna2					candidate_public_only_not_graph_edge	no_component_normalized_match_in_mSCIdblit
master_LR_union	SEMA3D	NRP1+PLXNA3	Sema3d	Nrp1_Plxna3					candidate_public_only_not_graph_edge	no_component_normalized_match_in_mSCIdblit
master_LR_union	SEMA3D	NRP1+PLXNA4	Sema3d	Nrp1_Plxna4					candidate_public_only_not_graph_edge	no_component_normalized_match_in_mSCIdblit
master_LR_union	SEMA3D	NRP2	Sema3d	Nrp2					candidate_public_only_not_graph_edge	no_component_normalized_match_in_mSCIdblit
master_LR_union	SEMA3D	NRP2+PLXNA1	Sema3d	Nrp2_Plxna1					candidate_public_only_not_graph_edge	no_component_normalized_match_in_mSCIdblit
master_LR_union	SEMA3D	NRP2+PLXNA2	Sema3d	Nrp2_Plxna2					candidate_public_only_not_graph_edge	no_component_normalized_match_in_mSCIdblit
master_LR_union	SEMA3D	NRP2+PLXNA3	Sema3d	Nrp2_Plxna3					candidate_public_only_not_graph_edge	no_component_normalized_match_in_mSCIdblit
master_LR_union	SEMA3D	NRP2+PLXNA4	Sema3d	Nrp2_Plxna4					candidate_public_only_not_graph_edge	no_component_normalized_match_in_mSCIdblit
master_LR_union	SEMA3D	PLXNA1	Sema3d	Plxna1					candidate_public_only_not_graph_edge	no_component_normalized_match_in_mSCIdblit
master_LR_union	SEMA3D	PLXNA2	Sema3d	Plxna2					candidate_public_only_not_graph_edge	no_component_normalized_match_in_mSCIdblit
master_LR_union	SEMA3D	PLXNA3	Sema3d	Plxna3					candidate_public_only_not_graph_edge	no_component_normalized_match_in_mSCIdblit
master_LR_union	SEMA3D	PLXNA4	Sema3d	Plxna4					candidate_public_only_not_graph_edge	no_component_normalized_match_in_mSCIdblit
master_LR_union	SEMA3E	NRP1	Sema3e	Nrp1					candidate_public_only_not_graph_edge	no_component_normalized_match_in_mSCIdblit
master_LR_union	SEMA3E	NRP2	Sema3e	Nrp2					candidate_public_only_not_graph_edge	no_component_normalized_match_in_mSCIdblit
master_LR_union	SEMA3F	NRP2+PLXNA4	Sema3f	Nrp2_Plxna4					candidate_public_only_not_graph_edge	no_component_normalized_match_in_mSCIdblit
master_LR_union	SEMA3F	PLXNA1	Sema3f	Plxna1					candidate_public_only_not_graph_edge	no_component_normalized_match_in_mSCIdblit
master_LR_union	SEMA3F	PLXNA2	Sema3f	Plxna2					candidate_public_only_not_graph_edge	no_component_normalized_match_in_mSCIdblit
master_LR_union	SEMA3F	PLXNA3	Sema3f	Plxna3					candidate_public_only_not_graph_edge	no_component_normalized_match_in_mSCIdblit
master_LR_union	SEMA3F	PLXNA4	Sema3f	Plxna4					candidate_public_only_not_graph_edge	no_component_normalized_match_in_mSCIdblit
master_LR_union	SEMA3G	FCGR2B	Sema3g	Fcgr2b					candidate_public_only_not_graph_edge	no_component_normalized_match_in_mSCIdblit
master_LR_union	SEMA3G	FCGR3	Sema3g	Fcgr3					candidate_public_only_not_graph_edge	no_component_normalized_match_in_mSCIdblit
master_LR_union	SEMA3G	GP6	Sema3g	Gp6					candidate_public_only_not_graph_edge	no_component_normalized_match_in_mSCIdblit
master_LR_union	SEMA3G	NRP2	Sema3g	Nrp2					candidate_public_only_not_graph_edge	no_component_normalized_match_in_mSCIdblit
master_LR_union	SEMA3G	NRP2+PLXNA3	Sema3g	Nrp2_Plxna3					candidate_public_only_not_graph_edge	no_component_normalized_match_in_mSCIdblit
master_LR_union	SEMA3G	NRP2+PLXNA4	Sema3g	Nrp2_Plxna4					candidate_public_only_not_graph_edge	no_component_normalized_match_in_mSCIdblit
master_LR_union	SEMA3G	PLXNA1	Sema3g	Plxna1					candidate_public_only_not_graph_edge	no_component_normalized_match_in_mSCIdblit
master_LR_union	SEMA3G	PLXNA2	Sema3g	Plxna2					candidate_public_only_not_graph_edge	no_component_normalized_match_in_mSCIdblit
master_LR_union	SEMA3G	PLXNA3	Sema3g	Plxna3					candidate_public_only_not_graph_edge	no_component_normalized_match_in_mSCIdblit
master_LR_union	SEMA3G	PLXNA4	Sema3g	Plxna4					candidate_public_only_not_graph_edge	no_component_normalized_match_in_mSCIdblit
master_LR_union	SEMA4A	NRP1+PLXNA1	Sema4a	Nrp1_Plxna1					candidate_public_only_not_graph_edge	no_component_normalized_match_in_mSCIdblit
master_LR_union	SEMA4A	NRP1+PLXNA2	Sema4a	Nrp1_Plxna2					candidate_public_only_not_graph_edge	no_component_normalized_match_in_mSCIdblit
master_LR_union	SEMA4A	NRP1+PLXNA3	Sema4a	Nrp1_Plxna3					candidate_public_only_not_graph_edge	no_component_normalized_match_in_mSCIdblit
master_LR_union	SEMA4A	NRP1+PLXNA4	Sema4a	Nrp1_Plxna4					candidate_public_only_not_graph_edge	no_component_normalized_match_in_mSCIdblit
master_LR_union	SEMA4A	PLXNA1	Sema4a	Plxna1					candidate_public_only_not_graph_edge	no_component_normalized_match_in_mSCIdblit
master_LR_union	SEMA4A	PLXNA2	Sema4a	Plxna2					candidate_public_only_not_graph_edge	no_component_normalized_match_in_mSCIdblit
master_LR_union	SEMA4A	PLXNA3	Sema4a	Plxna3					candidate_public_only_not_graph_edge	no_component_normalized_match_in_mSCIdblit
master_LR_union	SEMA4A	PLXNA4	Sema4a	Plxna4					candidate_public_only_not_graph_edge	no_component_normalized_match_in_mSCIdblit
master_LR_union	SEMA4A	PLXNB2	Sema4a	Plxnb2					candidate_public_only_not_graph_edge	no_component_normalized_match_in_mSCIdblit
master_LR_union	SEMA4A	PLXNB3	Sema4a	Plxnb3					candidate_public_only_not_graph_edge	no_component_normalized_match_in_mSCIdblit
master_LR_union	SEMA4A	TIMD2	Sema4a	Timd2					candidate_public_only_not_graph_edge	no_component_normalized_match_in_mSCIdblit
master_LR_union	SEMA4B	DCBLD2	Sema4b	Dcbld2					candidate_public_only_not_graph_edge	no_component_normalized_match_in_mSCIdblit
master_LR_union	SEMA4B	PLXNB1	Sema4b	Plxnb1					candidate_public_only_not_graph_edge	no_component_normalized_match_in_mSCIdblit
master_LR_union	SEMA4B	PLXNB2	Sema4b	Plxnb2					candidate_public_only_not_graph_edge	no_component_normalized_match_in_mSCIdblit
master_LR_union	SEMA4C	PLXNB1	Sema4c	Plxnb1					candidate_public_only_not_graph_edge	no_component_normalized_match_in_mSCIdblit
master_LR_union	SEMA4F	NRP2	Sema4f	Nrp2					candidate_public_only_not_graph_edge	no_component_normalized_match_in_mSCIdblit
master_LR_union	SEMA4F	VSIR	Sema4f	Vsir					candidate_public_only_not_graph_edge	no_component_normalized_match_in_mSCIdblit
master_LR_union	SEMA4G	PLXNB1	Sema4g	Plxnb1					candidate_public_only_not_graph_edge	no_component_normalized_match_in_mSCIdblit
master_LR_union	SEMA4G	PLXNB3	Sema4g	Plxnb3					candidate_public_only_not_graph_edge	no_component_normalized_match_in_mSCIdblit
master_LR_union	SEMA5A	PLXNA3	Sema5a	Plxna3					candidate_public_only_not_graph_edge	no_component_normalized_match_in_mSCIdblit
master_LR_union	SEMA5B	PLXNA3	Sema5b	Plxna3					candidate_public_only_not_graph_edge	no_component_normalized_match_in_mSCIdblit
master_LR_union	SEMA6A	PLXNA4	Sema6a	Plxna4					candidate_public_only_not_graph_edge	no_component_normalized_match_in_mSCIdblit
master_LR_union	SEMA6B	PLXNA4	Sema6b	Plxna4					candidate_public_only_not_graph_edge	no_component_normalized_match_in_mSCIdblit
master_LR_union	SEMA6C	PLXNA1	Sema6c	Plxna1					candidate_public_only_not_graph_edge	no_component_normalized_match_in_mSCIdblit
master_LR_union	SEMA6D	KDR	Sema6d	Kdr					candidate_public_only_not_graph_edge	no_component_normalized_match_in_mSCIdblit
master_LR_union	SEMA6D	KDR+PLXNA1	Sema6d	Plxna1_Kdr					candidate_public_only_not_graph_edge	no_component_normalized_match_in_mSCIdblit
master_LR_union	SEMA6D	PLXNA1+TREM2+TYROBP	Sema6d	Plxna1_Trem2_Tyrobp					candidate_public_only_not_graph_edge	no_component_normalized_match_in_mSCIdblit
master_LR_union	SEMA6D	PLXNA4	Sema6d	Plxna4					candidate_public_only_not_graph_edge	no_component_normalized_match_in_mSCIdblit
master_LR_union	SEMA6D	PLXNC1	Sema6d	Plxnc1					candidate_public_only_not_graph_edge	no_component_normalized_match_in_mSCIdblit
master_LR_union	SEMA6D	TREM2	Sema6d	Trem2					candidate_public_only_not_graph_edge	no_component_normalized_match_in_mSCIdblit
master_LR_union	SEMA6D	TYROBP	Sema6d	Tyrobp					candidate_public_only_not_graph_edge	no_component_normalized_match_in_mSCIdblit
master_LR_union	SEMA7A	ITGA1	Sema7a	Itga1					candidate_public_only_not_graph_edge	no_component_normalized_match_in_mSCIdblit
master_LR_union	SEMA7A	UNC5D	Sema7a	Unc5d					candidate_public_only_not_graph_edge	no_component_normalized_match_in_mSCIdblit
master_LR_union	SERPINA1A	F12	Serpina1a	F12					candidate_public_only_not_graph_edge	no_component_normalized_match_in_mSCIdblit
master_LR_union	SERPINA1A	LRP1	Serpina1a	Lrp1					candidate_public_only_not_graph_edge	no_component_normalized_match_in_mSCIdblit
master_LR_union	SERPINA1B	F12	Serpina1b	F12					candidate_public_only_not_graph_edge	no_component_normalized_match_in_mSCIdblit
master_LR_union	SERPINA1B	LRP1	Serpina1b	Lrp1					candidate_public_only_not_graph_edge	no_component_normalized_match_in_mSCIdblit
master_LR_union	SERPINA1C	F12	Serpina1c	F12					candidate_public_only_not_graph_edge	no_component_normalized_match_in_mSCIdblit
master_LR_union	SERPINA1C	LRP1	Serpina1c	Lrp1					candidate_public_only_not_graph_edge	no_component_normalized_match_in_mSCIdblit
master_LR_union	SERPINA1D	F12	Serpina1d	F12					candidate_public_only_not_graph_edge	no_component_normalized_match_in_mSCIdblit
master_LR_union	SERPINA1D	LRP1	Serpina1d	Lrp1					candidate_public_only_not_graph_edge	no_component_normalized_match_in_mSCIdblit
master_LR_union	SERPINA1E	F12	Serpina1e	F12					candidate_public_only_not_graph_edge	no_component_normalized_match_in_mSCIdblit
master_LR_union	SERPINA1E	LRP1	Serpina1e	Lrp1					candidate_public_only_not_graph_edge	no_component_normalized_match_in_mSCIdblit
master_LR_union	SERPINA5	KLK1	Serpina5	Klk1					candidate_public_only_not_graph_edge	no_component_normalized_match_in_mSCIdblit
master_LR_union	SERPINA5	KLK1B1	Serpina5	Klk1b1					candidate_public_only_not_graph_edge	no_component_normalized_match_in_mSCIdblit
master_LR_union	SERPINA5	KLK1B11	Serpina5	Klk1b11					candidate_public_only_not_graph_edge	no_component_normalized_match_in_mSCIdblit
master_LR_union	SERPINA5	KLK1B16	Serpina5	Klk1b16					candidate_public_only_not_graph_edge	no_component_normalized_match_in_mSCIdblit
master_LR_union	SERPINA5	KLK1B21	Serpina5	Klk1b21					candidate_public_only_not_graph_edge	no_component_normalized_match_in_mSCIdblit
master_LR_union	SERPINA5	KLK1B22	Serpina5	Klk1b22					candidate_public_only_not_graph_edge	no_component_normalized_match_in_mSCIdblit
master_LR_union	SERPINA5	KLK1B24	Serpina5	Klk1b24					candidate_public_only_not_graph_edge	no_component_normalized_match_in_mSCIdblit
master_LR_union	SERPINA5	KLK1B26	Serpina5	Klk1b26					candidate_public_only_not_graph_edge	no_component_normalized_match_in_mSCIdblit
master_LR_union	SERPINA5	KLK1B27	Serpina5	Klk1b27					candidate_public_only_not_graph_edge	no_component_normalized_match_in_mSCIdblit
master_LR_union	SERPINA5	KLK1B3	Serpina5	Klk1b3					candidate_public_only_not_graph_edge	no_component_normalized_match_in_mSCIdblit
master_LR_union	SERPINA5	KLK1B4	Serpina5	Klk1b4					candidate_public_only_not_graph_edge	no_component_normalized_match_in_mSCIdblit
master_LR_union	SERPINA5	KLK1B5	Serpina5	Klk1b5					candidate_public_only_not_graph_edge	no_component_normalized_match_in_mSCIdblit
master_LR_union	SERPINA5	KLK1B8	Serpina5	Klk1b8					candidate_public_only_not_graph_edge	no_component_normalized_match_in_mSCIdblit
master_LR_union	SERPINA5	KLK1B9	Serpina5	Klk1b9					candidate_public_only_not_graph_edge	no_component_normalized_match_in_mSCIdblit
master_LR_union	SERPINA5	PROC	Serpina5	Proc					candidate_public_only_not_graph_edge	no_component_normalized_match_in_mSCIdblit
master_LR_union	SERPINA5	THBD	Serpina5	Thbd					candidate_public_only_not_graph_edge	no_component_normalized_match_in_mSCIdblit
master_LR_union	SERPINA7	SLC16A2	Serpina7	Slc16a2					candidate_public_only_not_graph_edge	no_component_normalized_match_in_mSCIdblit
master_LR_union	SERPINC1	F10	Serpinc1	F10					candidate_public_only_not_graph_edge	no_component_normalized_match_in_mSCIdblit
master_LR_union	SERPINC1	F11	Serpinc1	F11					candidate_public_only_not_graph_edge	no_component_normalized_match_in_mSCIdblit
master_LR_union	SERPINC1	F12	Serpinc1	F12					candidate_public_only_not_graph_edge	no_component_normalized_match_in_mSCIdblit
master_LR_union	SERPINC1	F9	Serpinc1	F9					candidate_public_only_not_graph_edge	no_component_normalized_match_in_mSCIdblit
master_LR_union	SERPINC1	GPC1	Serpinc1	Gpc1					candidate_public_only_not_graph_edge	no_component_normalized_match_in_mSCIdblit
master_LR_union	SERPINC1	LRP1	Serpinc1	Lrp1					candidate_public_only_not_graph_edge	no_component_normalized_match_in_mSCIdblit
master_LR_union	SERPINC1	SDC2	Serpinc1	Sdc2					candidate_public_only_not_graph_edge	no_component_normalized_match_in_mSCIdblit
master_LR_union	SERPINE1	F12	Serpine1	F12					candidate_public_only_not_graph_edge	no_component_normalized_match_in_mSCIdblit
master_LR_union	SERPINE1	ITGAV	Serpine1	Itgav					candidate_public_only_not_graph_edge	no_component_normalized_match_in_mSCIdblit
master_LR_union	SERPINE1	ITGB5	Serpine1	Itgb5					candidate_public_only_not_graph_edge	no_component_normalized_match_in_mSCIdblit
master_LR_union	SERPINE1	LRP2	Serpine1	Lrp2					candidate_public_only_not_graph_edge	no_component_normalized_match_in_mSCIdblit
master_LR_union	SERPINE1	PLAT	Serpine1	Plat					candidate_public_only_not_graph_edge	no_component_normalized_match_in_mSCIdblit
master_LR_union	SERPINE1	PLAU	Serpine1	Plau					candidate_public_only_not_graph_edge	no_component_normalized_match_in_mSCIdblit
master_LR_union	SERPINE1	PLAUR	Serpine1	Plaur					candidate_public_only_not_graph_edge	no_component_normalized_match_in_mSCIdblit
master_LR_union	SERPINE2	LRP1	Serpine2	Lrp1					candidate_public_only_not_graph_edge	no_component_normalized_match_in_mSCIdblit
master_LR_union	SERPINF1	LRP6	Serpinf1	Lrp6					candidate_public_only_not_graph_edge	no_component_normalized_match_in_mSCIdblit
master_LR_union	SERPING1	C1RA	Serping1	C1ra					candidate_public_only_not_graph_edge	no_component_normalized_match_in_mSCIdblit
master_LR_union	SERPING1	C1RB	Serping1	C1rb					candidate_public_only_not_graph_edge	no_component_normalized_match_in_mSCIdblit
master_LR_union	SERPING1	F12	Serping1	F12					candidate_public_only_not_graph_edge	no_component_normalized_match_in_mSCIdblit
master_LR_union	SERPING1	LRP1	Serping1	Lrp1					candidate_public_only_not_graph_edge	no_component_normalized_match_in_mSCIdblit
master_LR_union	SERPING1	SELE	Serping1	Sele					candidate_public_only_not_graph_edge	no_component_normalized_match_in_mSCIdblit
master_LR_union	SERPING1	SELP	Serping1	Selp					candidate_public_only_not_graph_edge	no_component_normalized_match_in_mSCIdblit
master_LR_union	SERTAD1	AR	Sertad1	Ar					candidate_public_only_not_graph_edge	no_component_normalized_match_in_mSCIdblit
master_LR_union	SFRP1	FZD6	Sfrp1	Fzd6					candidate_public_only_not_graph_edge	no_component_normalized_match_in_mSCIdblit
master_LR_union	SFTPA1	CD93	Sftpa1	Cd93					candidate_public_only_not_graph_edge	no_component_normalized_match_in_mSCIdblit
master_LR_union	SFTPD	ADGRE5	Sftpd	Adgre5					candidate_public_only_not_graph_edge	no_component_normalized_match_in_mSCIdblit
master_LR_union	SFTPD	LAIR1	Sftpd	Lair1					candidate_public_only_not_graph_edge	no_component_normalized_match_in_mSCIdblit
master_LR_union	SFTPD	LY96	Sftpd	Ly96					candidate_public_only_not_graph_edge	no_component_normalized_match_in_mSCIdblit
master_LR_union	SHANK1	SSTR2	Shank1	Sstr2					candidate_public_only_not_graph_edge	no_component_normalized_match_in_mSCIdblit
master_LR_union	SHANK2	CFTR	Shank2	Cftr					candidate_public_only_not_graph_edge	no_component_normalized_match_in_mSCIdblit
master_LR_union	SHBG	CLDN13	Shbg	Cldn13					candidate_public_only_not_graph_edge	no_component_normalized_match_in_mSCIdblit
master_LR_union	SHBG	CLDN4	Shbg	Cldn4					candidate_public_only_not_graph_edge	no_component_normalized_match_in_mSCIdblit
master_LR_union	SHBG	GPRC6A	Shbg	Gprc6a					candidate_public_only_not_graph_edge	no_component_normalized_match_in_mSCIdblit
master_LR_union	SHBG	SLC37A1	Shbg	Slc37a1					candidate_public_only_not_graph_edge	no_component_normalized_match_in_mSCIdblit
master_LR_union	SHH	GPC5	Shh	Gpc5					candidate_public_only_not_graph_edge	no_component_normalized_match_in_mSCIdblit
master_LR_union	SHH	LRP2	Shh	Lrp2					candidate_public_only_not_graph_edge	no_component_normalized_match_in_mSCIdblit
master_LR_union	SHH	PTCH1	Shh	Ptch1					candidate_public_only_not_graph_edge	no_component_normalized_match_in_mSCIdblit
master_LR_union	SHH	PTCH1+SMO	Shh	Ptch1_Smo					candidate_public_only_not_graph_edge	no_component_normalized_match_in_mSCIdblit
master_LR_union	SHH	PTCH2	Shh	Ptch2					candidate_public_only_not_graph_edge	no_component_normalized_match_in_mSCIdblit
master_LR_union	SHH	PTCH2+SMO	Shh	Ptch2_Smo					candidate_public_only_not_graph_edge	no_component_normalized_match_in_mSCIdblit
master_LR_union	SHH	SMO	Shh	Smo					candidate_public_only_not_graph_edge	no_component_normalized_match_in_mSCIdblit
master_LR_union	SHISA4	FCGRT	Shisa4	Fcgrt					candidate_public_only_not_graph_edge	no_component_normalized_match_in_mSCIdblit
master_LR_union	SHMT1+SLC6A5	GLRA1+GLRB	Slc6a5_Shmt1	Glra1_Glrb					candidate_public_only_not_graph_edge	no_component_normalized_match_in_mSCIdblit
master_LR_union	SHMT1+SLC6A5	GLRA2	Slc6a5_Shmt1	Glra2					candidate_public_only_not_graph_edge	no_component_normalized_match_in_mSCIdblit
master_LR_union	SHMT1+SLC6A9	GLRA1+GLRB	Slc6a9_Shmt1	Glra1_Glrb					candidate_public_only_not_graph_edge	no_component_normalized_match_in_mSCIdblit
master_LR_union	SHMT1+SLC6A9	GLRA2	Slc6a9_Shmt1	Glra2					candidate_public_only_not_graph_edge	no_component_normalized_match_in_mSCIdblit
master_LR_union	SHMT2+SLC6A5	GLRA1+GLRB	Slc6a5_Shmt2	Glra1_Glrb					candidate_public_only_not_graph_edge	no_component_normalized_match_in_mSCIdblit
master_LR_union	SHMT2+SLC6A5	GLRA2	Slc6a5_Shmt2	Glra2					candidate_public_only_not_graph_edge	no_component_normalized_match_in_mSCIdblit
master_LR_union	SHMT2+SLC6A9	GLRA1+GLRB	Slc6a9_Shmt2	Glra1_Glrb					candidate_public_only_not_graph_edge	no_component_normalized_match_in_mSCIdblit
master_LR_union	SHMT2+SLC6A9	GLRA2	Slc6a9_Shmt2	Glra2					candidate_public_only_not_graph_edge	no_component_normalized_match_in_mSCIdblit
master_LR_union	SIGLEC1	CD47	Siglec1	Cd47					candidate_public_only_not_graph_edge	no_component_normalized_match_in_mSCIdblit
master_LR_union	SIGLEC1	PTPRC	Siglec1	Ptprc					candidate_public_only_not_graph_edge	no_component_normalized_match_in_mSCIdblit
master_LR_union	SIGLEC1	SPN	Siglec1	Spn					candidate_public_only_not_graph_edge	no_component_normalized_match_in_mSCIdblit
master_LR_union	SIGLEC15	CD33	Siglec15	Cd33					candidate_public_only_not_graph_edge	no_component_normalized_match_in_mSCIdblit
master_LR_union	SIGLEC15	FGFR4	Siglec15	Fgfr4					candidate_public_only_not_graph_edge	no_component_normalized_match_in_mSCIdblit
master_LR_union	SIGLEC15	LRRC4C	Siglec15	Lrrc4c					candidate_public_only_not_graph_edge	no_component_normalized_match_in_mSCIdblit
master_LR_union	SIGLEC15	MAG	Siglec15	Mag					candidate_public_only_not_graph_edge	no_component_normalized_match_in_mSCIdblit
master_LR_union	SIGLEC15	SIGLECG	Siglec15	Siglecg					candidate_public_only_not_graph_edge	no_component_normalized_match_in_mSCIdblit
master_LR_union	SIGLEC15	UNC5D	Siglec15	Unc5d					candidate_public_only_not_graph_edge	no_component_normalized_match_in_mSCIdblit
master_LR_union	SIGLECE	ADGRA2	Siglece	Adgra2					candidate_public_only_not_graph_edge	no_component_normalized_match_in_mSCIdblit
master_LR_union	SIGLECE	AU040320	Siglece	AU040320					candidate_public_only_not_graph_edge	no_component_normalized_match_in_mSCIdblit
master_LR_union	SIGLECE	BOC	Siglece	Boc					candidate_public_only_not_graph_edge	no_component_normalized_match_in_mSCIdblit
master_LR_union	SIGLECE	CD320	Siglece	Cd320					candidate_public_only_not_graph_edge	no_component_normalized_match_in_mSCIdblit
master_LR_union	SIGLECE	CD33	Siglece	Cd33					candidate_public_only_not_graph_edge	no_component_normalized_match_in_mSCIdblit
master_LR_union	SIGLECE	CD4	Siglece	Cd4					candidate_public_only_not_graph_edge	no_component_normalized_match_in_mSCIdblit
master_LR_union	SIGLECE	CD6	Siglece	Cd6					candidate_public_only_not_graph_edge	no_component_normalized_match_in_mSCIdblit
master_LR_union	SIGLECE	IFNGR1	Siglece	Ifngr1					candidate_public_only_not_graph_edge	no_component_normalized_match_in_mSCIdblit
master_LR_union	SIGLECE	IL1RAPL1	Siglece	Il1rapl1					candidate_public_only_not_graph_edge	no_component_normalized_match_in_mSCIdblit
master_LR_union	SIGLECE	IL1RL1	Siglece	Il1rl1					candidate_public_only_not_graph_edge	no_component_normalized_match_in_mSCIdblit
master_LR_union	SIGLECE	IL4RA	Siglece	Il4ra					candidate_public_only_not_graph_edge	no_component_normalized_match_in_mSCIdblit
master_LR_union	SIGLECE	LRFN2	Siglece	Lrfn2					candidate_public_only_not_graph_edge	no_component_normalized_match_in_mSCIdblit
master_LR_union	SIGLECE	LRP12	Siglece	Lrp12					candidate_public_only_not_graph_edge	no_component_normalized_match_in_mSCIdblit
master_LR_union	SIGLECE	LRRC4C	Siglece	Lrrc4c					candidate_public_only_not_graph_edge	no_component_normalized_match_in_mSCIdblit
master_LR_union	SIGLECE	MAG	Siglece	Mag					candidate_public_only_not_graph_edge	no_component_normalized_match_in_mSCIdblit
master_LR_union	SIGLECE	MUC1	Siglece	Muc1					candidate_public_only_not_graph_edge	no_component_normalized_match_in_mSCIdblit
master_LR_union	SIGLECE	NCR1	Siglece	Ncr1					candidate_public_only_not_graph_edge	no_component_normalized_match_in_mSCIdblit
master_LR_union	SIGLECE	NRP2	Siglece	Nrp2					candidate_public_only_not_graph_edge	no_component_normalized_match_in_mSCIdblit
master_LR_union	SIGLECE	NRXN2	Siglece	Nrxn2					candidate_public_only_not_graph_edge	no_component_normalized_match_in_mSCIdblit
master_LR_union	SIGLECE	NTNG1	Siglece	Ntng1					candidate_public_only_not_graph_edge	no_component_normalized_match_in_mSCIdblit
master_LR_union	SIGLECE	NTRK3	Siglece	Ntrk3					candidate_public_only_not_graph_edge	no_component_normalized_match_in_mSCIdblit
master_LR_union	SIGLECE	PCDHAC1	Siglece	Pcdhac1					candidate_public_only_not_graph_edge	no_component_normalized_match_in_mSCIdblit
master_LR_union	SIGLECE	PCDHGA7	Siglece	Pcdhga7					candidate_public_only_not_graph_edge	no_component_normalized_match_in_mSCIdblit
master_LR_union	SIGLECE	PTPRO	Siglece	Ptpro					candidate_public_only_not_graph_edge	no_component_normalized_match_in_mSCIdblit
master_LR_union	SIGLECE	SIGLEC15	Siglece	Siglec15					candidate_public_only_not_graph_edge	no_component_normalized_match_in_mSCIdblit
master_LR_union	SIGLECE	SIGLECE	Siglece	Siglece					candidate_public_only_not_graph_edge	no_component_normalized_match_in_mSCIdblit
master_LR_union	SIGLECE	SIGLECF	Siglece	Siglecf					candidate_public_only_not_graph_edge	no_component_normalized_match_in_mSCIdblit
master_LR_union	SIGLECE	SIGLECG	Siglece	Siglecg					candidate_public_only_not_graph_edge	no_component_normalized_match_in_mSCIdblit
master_LR_union	SIGLECE	TEX101	Siglece	Tex101					candidate_public_only_not_graph_edge	no_component_normalized_match_in_mSCIdblit
master_LR_union	SIGLECE	TIMD4	Siglece	Timd4					candidate_public_only_not_graph_edge	no_component_normalized_match_in_mSCIdblit
master_LR_union	SIGLECE	TNFRSF11B	Siglece	Tnfrsf11b					candidate_public_only_not_graph_edge	no_component_normalized_match_in_mSCIdblit
master_LR_union	SIGLECF	AU040320	Siglecf	AU040320					candidate_public_only_not_graph_edge	no_component_normalized_match_in_mSCIdblit
master_LR_union	SIGLECF	CD33	Siglecf	Cd33					candidate_public_only_not_graph_edge	no_component_normalized_match_in_mSCIdblit
master_LR_union	SIGLECF	CD4	Siglecf	Cd4					candidate_public_only_not_graph_edge	no_component_normalized_match_in_mSCIdblit
master_LR_union	SIGLECF	CD6	Siglecf	Cd6					candidate_public_only_not_graph_edge	no_component_normalized_match_in_mSCIdblit
master_LR_union	SIGLECF	IL4RA	Siglecf	Il4ra					candidate_public_only_not_graph_edge	no_component_normalized_match_in_mSCIdblit
master_LR_union	SIGLECF	KIR3DL1	Siglecf	Kir3dl1					candidate_public_only_not_graph_edge	no_component_normalized_match_in_mSCIdblit
master_LR_union	SIGLECF	KIR3DL2	Siglecf	Kir3dl2					candidate_public_only_not_graph_edge	no_component_normalized_match_in_mSCIdblit
master_LR_union	SIGLECF	LRFN2	Siglecf	Lrfn2					candidate_public_only_not_graph_edge	no_component_normalized_match_in_mSCIdblit
master_LR_union	SIGLECF	LRRC4C	Siglecf	Lrrc4c					candidate_public_only_not_graph_edge	no_component_normalized_match_in_mSCIdblit
master_LR_union	SIGLECF	MAG	Siglecf	Mag					candidate_public_only_not_graph_edge	no_component_normalized_match_in_mSCIdblit
master_LR_union	SIGLECF	NCR1	Siglecf	Ncr1					candidate_public_only_not_graph_edge	no_component_normalized_match_in_mSCIdblit
master_LR_union	SIGLECF	NRXN2	Siglecf	Nrxn2					candidate_public_only_not_graph_edge	no_component_normalized_match_in_mSCIdblit
master_LR_union	SIGLECF	NTNG1	Siglecf	Ntng1					candidate_public_only_not_graph_edge	no_component_normalized_match_in_mSCIdblit
master_LR_union	SIGLECF	NTRK3	Siglecf	Ntrk3					candidate_public_only_not_graph_edge	no_component_normalized_match_in_mSCIdblit
master_LR_union	SIGLECF	PCDHGA7	Siglecf	Pcdhga7					candidate_public_only_not_graph_edge	no_component_normalized_match_in_mSCIdblit
master_LR_union	SIGLECF	PTPRO	Siglecf	Ptpro					candidate_public_only_not_graph_edge	no_component_normalized_match_in_mSCIdblit
master_LR_union	SIGLECF	SIGLECE	Siglecf	Siglece					candidate_public_only_not_graph_edge	no_component_normalized_match_in_mSCIdblit
master_LR_union	SIGLECF	SIGLECF	Siglecf	Siglecf					candidate_public_only_not_graph_edge	no_component_normalized_match_in_mSCIdblit
master_LR_union	SIGLECF	SIGLECG	Siglecf	Siglecg					candidate_public_only_not_graph_edge	no_component_normalized_match_in_mSCIdblit
master_LR_union	SIGLECF	TEX101	Siglecf	Tex101					candidate_public_only_not_graph_edge	no_component_normalized_match_in_mSCIdblit
master_LR_union	SIGLECH	CD4	Siglech	Cd4					candidate_public_only_not_graph_edge	no_component_normalized_match_in_mSCIdblit
master_LR_union	SIGLECH	KIR3DL1	Siglech	Kir3dl1					candidate_public_only_not_graph_edge	no_component_normalized_match_in_mSCIdblit
master_LR_union	SIGLECH	KIR3DL2	Siglech	Kir3dl2					candidate_public_only_not_graph_edge	no_component_normalized_match_in_mSCIdblit
master_LR_union	SIGLECH	NCR1	Siglech	Ncr1					candidate_public_only_not_graph_edge	no_component_normalized_match_in_mSCIdblit
master_LR_union	SIRPA	CD47	Sirpa	Cd47					candidate_public_only_not_graph_edge	no_component_normalized_match_in_mSCIdblit
master_LR_union	SIRPA	CD69	Sirpa	Cd69					candidate_public_only_not_graph_edge	no_component_normalized_match_in_mSCIdblit
master_LR_union	SIRPA	CHL1	Sirpa	Chl1					candidate_public_only_not_graph_edge	no_component_normalized_match_in_mSCIdblit
master_LR_union	SIRPA	LRPAP1	Sirpa	Lrpap1					candidate_public_only_not_graph_edge	no_component_normalized_match_in_mSCIdblit
master_LR_union	SIRPA	PTPRD	Sirpa	Ptprd					candidate_public_only_not_graph_edge	no_component_normalized_match_in_mSCIdblit
master_LR_union	SIRPA	TIGIT	Sirpa	Tigit					candidate_public_only_not_graph_edge	no_component_normalized_match_in_mSCIdblit
master_LR_union	SIRPB1A	CD47	Sirpb1a	Cd47					candidate_public_only_not_graph_edge	no_component_normalized_match_in_mSCIdblit
master_LR_union	SIRPB1A	PTPRD	Sirpb1a	Ptprd					candidate_public_only_not_graph_edge	no_component_normalized_match_in_mSCIdblit
master_LR_union	SIRPB1B	CD47	Sirpb1b	Cd47					candidate_public_only_not_graph_edge	no_component_normalized_match_in_mSCIdblit
master_LR_union	SIRPB1B	PTPRD	Sirpb1b	Ptprd					candidate_public_only_not_graph_edge	no_component_normalized_match_in_mSCIdblit
master_LR_union	SIRPB1C	CD47	Sirpb1c	Cd47					candidate_public_only_not_graph_edge	no_component_normalized_match_in_mSCIdblit
master_LR_union	SIRPB1C	PTPRD	Sirpb1c	Ptprd					candidate_public_only_not_graph_edge	no_component_normalized_match_in_mSCIdblit
master_LR_union	SIS	ITGAV	Sis	Itgav					candidate_public_only_not_graph_edge	no_component_normalized_match_in_mSCIdblit
master_LR_union	SIS	LRP1	Sis	Lrp1					candidate_public_only_not_graph_edge	no_component_normalized_match_in_mSCIdblit
master_LR_union	SIS	PDGFRA	Sis	Pdgfra					candidate_public_only_not_graph_edge	no_component_normalized_match_in_mSCIdblit
master_LR_union	SIS	PDGFRB	Sis	Pdgfrb					candidate_public_only_not_graph_edge	no_component_normalized_match_in_mSCIdblit
master_LR_union	SIS	S1PR1	Sis	S1pr1					candidate_public_only_not_graph_edge	no_component_normalized_match_in_mSCIdblit
master_LR_union	SLAMF6	BC053393	Slamf6	BC053393					candidate_public_only_not_graph_edge	no_component_normalized_match_in_mSCIdblit
master_LR_union	SLAMF6	GM12169	Slamf6	Gm12169					candidate_public_only_not_graph_edge	no_component_normalized_match_in_mSCIdblit
master_LR_union	SLAMF6	HAVCR1	Slamf6	Havcr1					candidate_public_only_not_graph_edge	no_component_normalized_match_in_mSCIdblit
master_LR_union	SLAMF6	TIMD2	Slamf6	Timd2					candidate_public_only_not_graph_edge	no_component_normalized_match_in_mSCIdblit
master_LR_union	SLAMF7	SLAMF7	Slamf7	Slamf7					candidate_public_only_not_graph_edge	no_component_normalized_match_in_mSCIdblit
master_LR_union	SLC18A1+TPH1	HTR1A	Tph1_Slc18a1	Htr1a					candidate_public_only_not_graph_edge	no_component_normalized_match_in_mSCIdblit
master_LR_union	SLC18A1+TPH1	HTR1B	Tph1_Slc18a1	Htr1b					candidate_public_only_not_graph_edge	no_component_normalized_match_in_mSCIdblit
master_LR_union	SLC18A1+TPH1	HTR1D	Tph1_Slc18a1	Htr1d					candidate_public_only_not_graph_edge	no_component_normalized_match_in_mSCIdblit
master_LR_union	SLC18A1+TPH1	HTR1E	Tph1_Slc18a1	Htr1e					candidate_public_only_not_graph_edge	no_component_normalized_match_in_mSCIdblit
master_LR_union	SLC18A1+TPH1	HTR1F	Tph1_Slc18a1	Htr1f					candidate_public_only_not_graph_edge	no_component_normalized_match_in_mSCIdblit
master_LR_union	SLC18A1+TPH1	HTR2A	Tph1_Slc18a1	Htr2a					candidate_public_only_not_graph_edge	no_component_normalized_match_in_mSCIdblit
master_LR_union	SLC18A1+TPH1	HTR2B	Tph1_Slc18a1	Htr2b					candidate_public_only_not_graph_edge	no_component_normalized_match_in_mSCIdblit
master_LR_union	SLC18A1+TPH1	HTR2C	Tph1_Slc18a1	Htr2c					candidate_public_only_not_graph_edge	no_component_normalized_match_in_mSCIdblit
master_LR_union	SLC18A1+TPH1	HTR3A+HTR3B	Tph1_Slc18a1	Htr3a_Htr3b					candidate_public_only_not_graph_edge	no_component_normalized_match_in_mSCIdblit
master_LR_union	SLC18A1+TPH1	HTR4	Tph1_Slc18a1	Htr4					candidate_public_only_not_graph_edge	no_component_normalized_match_in_mSCIdblit
master_LR_union	SLC18A1+TPH1	HTR5A	Tph1_Slc18a1	Htr5a					candidate_public_only_not_graph_edge	no_component_normalized_match_in_mSCIdblit
master_LR_union	SLC18A1+TPH1	HTR6	Tph1_Slc18a1	Htr6					candidate_public_only_not_graph_edge	no_component_normalized_match_in_mSCIdblit
master_LR_union	SLC18A1+TPH1	HTR7	Tph1_Slc18a1	Htr7					candidate_public_only_not_graph_edge	no_component_normalized_match_in_mSCIdblit
master_LR_union	SLC18A1+TPH2	HTR1A	Tph2_Slc18a1	Htr1a					candidate_public_only_not_graph_edge	no_component_normalized_match_in_mSCIdblit
master_LR_union	SLC18A1+TPH2	HTR1B	Tph2_Slc18a1	Htr1b					candidate_public_only_not_graph_edge	no_component_normalized_match_in_mSCIdblit
master_LR_union	SLC18A1+TPH2	HTR1D	Tph2_Slc18a1	Htr1d					candidate_public_only_not_graph_edge	no_component_normalized_match_in_mSCIdblit
master_LR_union	SLC18A1+TPH2	HTR1E	Tph2_Slc18a1	Htr1e					candidate_public_only_not_graph_edge	no_component_normalized_match_in_mSCIdblit
master_LR_union	SLC18A1+TPH2	HTR1F	Tph2_Slc18a1	Htr1f					candidate_public_only_not_graph_edge	no_component_normalized_match_in_mSCIdblit
master_LR_union	SLC18A1+TPH2	HTR2A	Tph2_Slc18a1	Htr2a					candidate_public_only_not_graph_edge	no_component_normalized_match_in_mSCIdblit
master_LR_union	SLC18A1+TPH2	HTR2B	Tph2_Slc18a1	Htr2b					candidate_public_only_not_graph_edge	no_component_normalized_match_in_mSCIdblit
master_LR_union	SLC18A1+TPH2	HTR2C	Tph2_Slc18a1	Htr2c					candidate_public_only_not_graph_edge	no_component_normalized_match_in_mSCIdblit
master_LR_union	SLC18A1+TPH2	HTR3A+HTR3B	Tph2_Slc18a1	Htr3a_Htr3b					candidate_public_only_not_graph_edge	no_component_normalized_match_in_mSCIdblit
master_LR_union	SLC18A1+TPH2	HTR4	Tph2_Slc18a1	Htr4					candidate_public_only_not_graph_edge	no_component_normalized_match_in_mSCIdblit
master_LR_union	SLC18A1+TPH2	HTR5A	Tph2_Slc18a1	Htr5a					candidate_public_only_not_graph_edge	no_component_normalized_match_in_mSCIdblit
master_LR_union	SLC18A1+TPH2	HTR6	Tph2_Slc18a1	Htr6					candidate_public_only_not_graph_edge	no_component_normalized_match_in_mSCIdblit
master_LR_union	SLC18A1+TPH2	HTR7	Tph2_Slc18a1	Htr7					candidate_public_only_not_graph_edge	no_component_normalized_match_in_mSCIdblit
master_LR_union	SLC18A2+TPH1	HTR1A	Tph1_Slc18a2	Htr1a					candidate_public_only_not_graph_edge	no_component_normalized_match_in_mSCIdblit
master_LR_union	SLC18A2+TPH1	HTR1B	Tph1_Slc18a2	Htr1b					candidate_public_only_not_graph_edge	no_component_normalized_match_in_mSCIdblit
master_LR_union	SLC18A2+TPH1	HTR1D	Tph1_Slc18a2	Htr1d					candidate_public_only_not_graph_edge	no_component_normalized_match_in_mSCIdblit
master_LR_union	SLC18A2+TPH1	HTR1E	Tph1_Slc18a2	Htr1e					candidate_public_only_not_graph_edge	no_component_normalized_match_in_mSCIdblit
master_LR_union	SLC18A2+TPH1	HTR1F	Tph1_Slc18a2	Htr1f					candidate_public_only_not_graph_edge	no_component_normalized_match_in_mSCIdblit
master_LR_union	SLC18A2+TPH1	HTR2A	Tph1_Slc18a2	Htr2a					candidate_public_only_not_graph_edge	no_component_normalized_match_in_mSCIdblit
master_LR_union	SLC18A2+TPH1	HTR2B	Tph1_Slc18a2	Htr2b					candidate_public_only_not_graph_edge	no_component_normalized_match_in_mSCIdblit
master_LR_union	SLC18A2+TPH1	HTR2C	Tph1_Slc18a2	Htr2c					candidate_public_only_not_graph_edge	no_component_normalized_match_in_mSCIdblit
master_LR_union	SLC18A2+TPH1	HTR3A+HTR3B	Tph1_Slc18a2	Htr3a_Htr3b					candidate_public_only_not_graph_edge	no_component_normalized_match_in_mSCIdblit
master_LR_union	SLC18A2+TPH1	HTR4	Tph1_Slc18a2	Htr4					candidate_public_only_not_graph_edge	no_component_normalized_match_in_mSCIdblit
master_LR_union	SLC18A2+TPH1	HTR5A	Tph1_Slc18a2	Htr5a					candidate_public_only_not_graph_edge	no_component_normalized_match_in_mSCIdblit
master_LR_union	SLC18A2+TPH1	HTR6	Tph1_Slc18a2	Htr6					candidate_public_only_not_graph_edge	no_component_normalized_match_in_mSCIdblit
master_LR_union	SLC18A2+TPH1	HTR7	Tph1_Slc18a2	Htr7					candidate_public_only_not_graph_edge	no_component_normalized_match_in_mSCIdblit
master_LR_union	SLC18A2+TPH2	HTR1A	Tph2_Slc18a2	Htr1a					candidate_public_only_not_graph_edge	no_component_normalized_match_in_mSCIdblit
master_LR_union	SLC18A2+TPH2	HTR1B	Tph2_Slc18a2	Htr1b					candidate_public_only_not_graph_edge	no_component_normalized_match_in_mSCIdblit
master_LR_union	SLC18A2+TPH2	HTR1D	Tph2_Slc18a2	Htr1d					candidate_public_only_not_graph_edge	no_component_normalized_match_in_mSCIdblit
master_LR_union	SLC18A2+TPH2	HTR1E	Tph2_Slc18a2	Htr1e					candidate_public_only_not_graph_edge	no_component_normalized_match_in_mSCIdblit
master_LR_union	SLC18A2+TPH2	HTR1F	Tph2_Slc18a2	Htr1f					candidate_public_only_not_graph_edge	no_component_normalized_match_in_mSCIdblit
master_LR_union	SLC18A2+TPH2	HTR2A	Tph2_Slc18a2	Htr2a					candidate_public_only_not_graph_edge	no_component_normalized_match_in_mSCIdblit
master_LR_union	SLC18A2+TPH2	HTR2B	Tph2_Slc18a2	Htr2b					candidate_public_only_not_graph_edge	no_component_normalized_match_in_mSCIdblit
master_LR_union	SLC18A2+TPH2	HTR2C	Tph2_Slc18a2	Htr2c					candidate_public_only_not_graph_edge	no_component_normalized_match_in_mSCIdblit
master_LR_union	SLC18A2+TPH2	HTR3A+HTR3B	Tph2_Slc18a2	Htr3a_Htr3b					candidate_public_only_not_graph_edge	no_component_normalized_match_in_mSCIdblit
master_LR_union	SLC18A2+TPH2	HTR4	Tph2_Slc18a2	Htr4					candidate_public_only_not_graph_edge	no_component_normalized_match_in_mSCIdblit
master_LR_union	SLC18A2+TPH2	HTR5A	Tph2_Slc18a2	Htr5a					candidate_public_only_not_graph_edge	no_component_normalized_match_in_mSCIdblit
master_LR_union	SLC18A2+TPH2	HTR6	Tph2_Slc18a2	Htr6					candidate_public_only_not_graph_edge	no_component_normalized_match_in_mSCIdblit
master_LR_union	SLC18A2+TPH2	HTR7	Tph2_Slc18a2	Htr7					candidate_public_only_not_graph_edge	no_component_normalized_match_in_mSCIdblit
master_LR_union	SLC6A4+TPH1	HTR1A	Tph1_Slc6a4	Htr1a					candidate_public_only_not_graph_edge	no_component_normalized_match_in_mSCIdblit
master_LR_union	SLC6A4+TPH1	HTR1B	Tph1_Slc6a4	Htr1b					candidate_public_only_not_graph_edge	no_component_normalized_match_in_mSCIdblit
master_LR_union	SLC6A4+TPH1	HTR1D	Tph1_Slc6a4	Htr1d					candidate_public_only_not_graph_edge	no_component_normalized_match_in_mSCIdblit
master_LR_union	SLC6A4+TPH1	HTR1E	Tph1_Slc6a4	Htr1e					candidate_public_only_not_graph_edge	no_component_normalized_match_in_mSCIdblit
master_LR_union	SLC6A4+TPH1	HTR1F	Tph1_Slc6a4	Htr1f					candidate_public_only_not_graph_edge	no_component_normalized_match_in_mSCIdblit
master_LR_union	SLC6A4+TPH1	HTR2A	Tph1_Slc6a4	Htr2a					candidate_public_only_not_graph_edge	no_component_normalized_match_in_mSCIdblit
master_LR_union	SLC6A4+TPH1	HTR2B	Tph1_Slc6a4	Htr2b					candidate_public_only_not_graph_edge	no_component_normalized_match_in_mSCIdblit
master_LR_union	SLC6A4+TPH1	HTR2C	Tph1_Slc6a4	Htr2c					candidate_public_only_not_graph_edge	no_component_normalized_match_in_mSCIdblit
master_LR_union	SLC6A4+TPH1	HTR3A+HTR3B	Tph1_Slc6a4	Htr3a_Htr3b					candidate_public_only_not_graph_edge	no_component_normalized_match_in_mSCIdblit
master_LR_union	SLC6A4+TPH1	HTR4	Tph1_Slc6a4	Htr4					candidate_public_only_not_graph_edge	no_component_normalized_match_in_mSCIdblit
master_LR_union	SLC6A4+TPH1	HTR5A	Tph1_Slc6a4	Htr5a					candidate_public_only_not_graph_edge	no_component_normalized_match_in_mSCIdblit
master_LR_union	SLC6A4+TPH1	HTR6	Tph1_Slc6a4	Htr6					candidate_public_only_not_graph_edge	no_component_normalized_match_in_mSCIdblit
master_LR_union	SLC6A4+TPH1	HTR7	Tph1_Slc6a4	Htr7					candidate_public_only_not_graph_edge	no_component_normalized_match_in_mSCIdblit
master_LR_union	SLC6A4+TPH2	HTR1A	Tph2_Slc6a4	Htr1a					candidate_public_only_not_graph_edge	no_component_normalized_match_in_mSCIdblit
master_LR_union	SLC6A4+TPH2	HTR1B	Tph2_Slc6a4	Htr1b					candidate_public_only_not_graph_edge	no_component_normalized_match_in_mSCIdblit
master_LR_union	SLC6A4+TPH2	HTR1D	Tph2_Slc6a4	Htr1d					candidate_public_only_not_graph_edge	no_component_normalized_match_in_mSCIdblit
master_LR_union	SLC6A4+TPH2	HTR1E	Tph2_Slc6a4	Htr1e					candidate_public_only_not_graph_edge	no_component_normalized_match_in_mSCIdblit
master_LR_union	SLC6A4+TPH2	HTR1F	Tph2_Slc6a4	Htr1f					candidate_public_only_not_graph_edge	no_component_normalized_match_in_mSCIdblit
master_LR_union	SLC6A4+TPH2	HTR2A	Tph2_Slc6a4	Htr2a					candidate_public_only_not_graph_edge	no_component_normalized_match_in_mSCIdblit
master_LR_union	SLC6A4+TPH2	HTR2B	Tph2_Slc6a4	Htr2b					candidate_public_only_not_graph_edge	no_component_normalized_match_in_mSCIdblit
master_LR_union	SLC6A4+TPH2	HTR2C	Tph2_Slc6a4	Htr2c					candidate_public_only_not_graph_edge	no_component_normalized_match_in_mSCIdblit
master_LR_union	SLC6A4+TPH2	HTR3A+HTR3B	Tph2_Slc6a4	Htr3a_Htr3b					candidate_public_only_not_graph_edge	no_component_normalized_match_in_mSCIdblit
master_LR_union	SLC6A4+TPH2	HTR4	Tph2_Slc6a4	Htr4					candidate_public_only_not_graph_edge	no_component_normalized_match_in_mSCIdblit
master_LR_union	SLC6A4+TPH2	HTR5A	Tph2_Slc6a4	Htr5a					candidate_public_only_not_graph_edge	no_component_normalized_match_in_mSCIdblit
master_LR_union	SLC6A4+TPH2	HTR6	Tph2_Slc6a4	Htr6					candidate_public_only_not_graph_edge	no_component_normalized_match_in_mSCIdblit
master_LR_union	SLC6A4+TPH2	HTR7	Tph2_Slc6a4	Htr7					candidate_public_only_not_graph_edge	no_component_normalized_match_in_mSCIdblit
master_LR_union	SLC6A8	LIFR	Slc6a8	Lifr					candidate_public_only_not_graph_edge	no_component_normalized_match_in_mSCIdblit
master_LR_union	SLIT1	FLRT3	Slit1	Flrt3					candidate_public_only_not_graph_edge	no_component_normalized_match_in_mSCIdblit
master_LR_union	SLIT1	GPC1	Slit1	Gpc1					candidate_public_only_not_graph_edge	no_component_normalized_match_in_mSCIdblit
master_LR_union	SLIT1	SDC1	Slit1	Sdc1					candidate_public_only_not_graph_edge	no_component_normalized_match_in_mSCIdblit
master_LR_union	SLIT2	APP	Slit2	App					candidate_public_only_not_graph_edge	no_component_normalized_match_in_mSCIdblit
master_LR_union	SLIT2	DCC	Slit2	Dcc					candidate_public_only_not_graph_edge	no_component_normalized_match_in_mSCIdblit
master_LR_union	SLIT2	GPC1	Slit2	Gpc1					candidate_public_only_not_graph_edge	no_component_normalized_match_in_mSCIdblit
master_LR_union	SLIT2	PLXNA1	Slit2	Plxna1					candidate_public_only_not_graph_edge	no_component_normalized_match_in_mSCIdblit
master_LR_union	SLIT2	ROBO4	Slit2	Robo4					candidate_public_only_not_graph_edge	no_component_normalized_match_in_mSCIdblit
master_LR_union	SLIT2	SDC1	Slit2	Sdc1					candidate_public_only_not_graph_edge	no_component_normalized_match_in_mSCIdblit
master_LR_union	SLITRK1	ENPEP	Slitrk1	Enpep					candidate_public_only_not_graph_edge	no_component_normalized_match_in_mSCIdblit
master_LR_union	SLITRK1	TNFRSF11B	Slitrk1	Tnfrsf11b					candidate_public_only_not_graph_edge	no_component_normalized_match_in_mSCIdblit
master_LR_union	SLITRK3	PTPRS	Slitrk3	Ptprs					candidate_public_only_not_graph_edge	no_component_normalized_match_in_mSCIdblit
master_LR_union	SLITRK4	PTPRD	Slitrk4	Ptprd					candidate_public_only_not_graph_edge	no_component_normalized_match_in_mSCIdblit
master_LR_union	SLITRK5	PTPRD	Slitrk5	Ptprd					candidate_public_only_not_graph_edge	no_component_normalized_match_in_mSCIdblit
master_LR_union	SLITRK6	PTPRD	Slitrk6	Ptprd					candidate_public_only_not_graph_edge	no_component_normalized_match_in_mSCIdblit
master_LR_union	SLPI	CD4	Slpi	Cd4					candidate_public_only_not_graph_edge	no_component_normalized_match_in_mSCIdblit
master_LR_union	SLURP1	CHRNA1	Slurp1	Chrna1					candidate_public_only_not_graph_edge	no_component_normalized_match_in_mSCIdblit
master_LR_union	SLURP1	CHRNA10	Slurp1	Chrna10					candidate_public_only_not_graph_edge	no_component_normalized_match_in_mSCIdblit
master_LR_union	SLURP1	CHRNA2	Slurp1	Chrna2					candidate_public_only_not_graph_edge	no_component_normalized_match_in_mSCIdblit
master_LR_union	SLURP1	CHRNA3	Slurp1	Chrna3					candidate_public_only_not_graph_edge	no_component_normalized_match_in_mSCIdblit
master_LR_union	SLURP1	CHRNA4	Slurp1	Chrna4					candidate_public_only_not_graph_edge	no_component_normalized_match_in_mSCIdblit
master_LR_union	SLURP1	CHRNA5	Slurp1	Chrna5					candidate_public_only_not_graph_edge	no_component_normalized_match_in_mSCIdblit
master_LR_union	SLURP1	CHRNA6	Slurp1	Chrna6					candidate_public_only_not_graph_edge	no_component_normalized_match_in_mSCIdblit
master_LR_union	SLURP1	CHRNA9	Slurp1	Chrna9					candidate_public_only_not_graph_edge	no_component_normalized_match_in_mSCIdblit
master_LR_union	SLURP1	CHRNB1	Slurp1	Chrnb1					candidate_public_only_not_graph_edge	no_component_normalized_match_in_mSCIdblit
master_LR_union	SLURP1	CHRNB2	Slurp1	Chrnb2					candidate_public_only_not_graph_edge	no_component_normalized_match_in_mSCIdblit
master_LR_union	SLURP1	CHRNB3	Slurp1	Chrnb3					candidate_public_only_not_graph_edge	no_component_normalized_match_in_mSCIdblit
master_LR_union	SLURP1	CHRNB4	Slurp1	Chrnb4					candidate_public_only_not_graph_edge	no_component_normalized_match_in_mSCIdblit
master_LR_union	SLURP1	CHRND	Slurp1	Chrnd					candidate_public_only_not_graph_edge	no_component_normalized_match_in_mSCIdblit
master_LR_union	SLURP1	CHRNE	Slurp1	Chrne					candidate_public_only_not_graph_edge	no_component_normalized_match_in_mSCIdblit
master_LR_union	SLURP1	CHRNG	Slurp1	Chrng					candidate_public_only_not_graph_edge	no_component_normalized_match_in_mSCIdblit
master_LR_union	SLURP2	CHRNA1	Slurp2	Chrna1					candidate_public_only_not_graph_edge	no_component_normalized_match_in_mSCIdblit
master_LR_union	SLURP2	CHRNA10	Slurp2	Chrna10					candidate_public_only_not_graph_edge	no_component_normalized_match_in_mSCIdblit
master_LR_union	SLURP2	CHRNA2	Slurp2	Chrna2					candidate_public_only_not_graph_edge	no_component_normalized_match_in_mSCIdblit
master_LR_union	SLURP2	CHRNA3	Slurp2	Chrna3					candidate_public_only_not_graph_edge	no_component_normalized_match_in_mSCIdblit
master_LR_union	SLURP2	CHRNA4	Slurp2	Chrna4					candidate_public_only_not_graph_edge	no_component_normalized_match_in_mSCIdblit
master_LR_union	SLURP2	CHRNA5	Slurp2	Chrna5					candidate_public_only_not_graph_edge	no_component_normalized_match_in_mSCIdblit
master_LR_union	SLURP2	CHRNA6	Slurp2	Chrna6					candidate_public_only_not_graph_edge	no_component_normalized_match_in_mSCIdblit
master_LR_union	SLURP2	CHRNA7	Slurp2	Chrna7					candidate_public_only_not_graph_edge	no_component_normalized_match_in_mSCIdblit
master_LR_union	SLURP2	CHRNA9	Slurp2	Chrna9					candidate_public_only_not_graph_edge	no_component_normalized_match_in_mSCIdblit
master_LR_union	SLURP2	CHRNB1	Slurp2	Chrnb1					candidate_public_only_not_graph_edge	no_component_normalized_match_in_mSCIdblit
master_LR_union	SLURP2	CHRNB2	Slurp2	Chrnb2					candidate_public_only_not_graph_edge	no_component_normalized_match_in_mSCIdblit
master_LR_union	SLURP2	CHRNB3	Slurp2	Chrnb3					candidate_public_only_not_graph_edge	no_component_normalized_match_in_mSCIdblit
master_LR_union	SLURP2	CHRNB4	Slurp2	Chrnb4					candidate_public_only_not_graph_edge	no_component_normalized_match_in_mSCIdblit
master_LR_union	SLURP2	CHRND	Slurp2	Chrnd					candidate_public_only_not_graph_edge	no_component_normalized_match_in_mSCIdblit
master_LR_union	SLURP2	CHRNE	Slurp2	Chrne					candidate_public_only_not_graph_edge	no_component_normalized_match_in_mSCIdblit
master_LR_union	SLURP2	CHRNG	Slurp2	Chrng					candidate_public_only_not_graph_edge	no_component_normalized_match_in_mSCIdblit
master_LR_union	SNX14	HTR6	Snx14	Htr6					candidate_public_only_not_graph_edge	no_component_normalized_match_in_mSCIdblit
master_LR_union	SOCS2	EPOR	Socs2	Epor					candidate_public_only_not_graph_edge	no_component_normalized_match_in_mSCIdblit
master_LR_union	SORBS1	ITGA1	Sorbs1	Itga1					candidate_public_only_not_graph_edge	no_component_normalized_match_in_mSCIdblit
master_LR_union	SORBS1	ITGB5	Sorbs1	Itgb5					candidate_public_only_not_graph_edge	no_component_normalized_match_in_mSCIdblit
master_LR_union	SORL1	CNTFR	Sorl1	Cntfr					candidate_public_only_not_graph_edge	no_component_normalized_match_in_mSCIdblit
master_LR_union	SOSTDC1	LRP5	Sostdc1	Lrp5					candidate_public_only_not_graph_edge	no_component_normalized_match_in_mSCIdblit
master_LR_union	SPAG11B	GPR55	Spag11b	Gpr55					candidate_public_only_not_graph_edge	no_component_normalized_match_in_mSCIdblit
master_LR_union	SPARC	ENG	Sparc	Eng					candidate_public_only_not_graph_edge	no_component_normalized_match_in_mSCIdblit
master_LR_union	SPARC	FGFR1	Sparc	Fgfr1					candidate_public_only_not_graph_edge	no_component_normalized_match_in_mSCIdblit
master_LR_union	SPINK1	EGFR	Spink1	Egfr					candidate_public_only_not_graph_edge	no_component_normalized_match_in_mSCIdblit
master_LR_union	SPINK1	NRSN1	Spink1	Nrsn1					candidate_public_only_not_graph_edge	no_component_normalized_match_in_mSCIdblit
master_LR_union	SPINK3	EGFR	Spink3	Egfr					candidate_public_only_not_graph_edge	no_component_normalized_match_in_mSCIdblit
master_LR_union	SPINK3	NRSN1	Spink3	Nrsn1					candidate_public_only_not_graph_edge	no_component_normalized_match_in_mSCIdblit
master_LR_union	SPN	SIGLEC1	Spn	Siglec1					candidate_public_only_not_graph_edge	no_component_normalized_match_in_mSCIdblit
master_LR_union	SPON2	GM49368	Spon2	Gm49368					candidate_public_only_not_graph_edge	no_component_normalized_match_in_mSCIdblit
master_LR_union	SPON2	ITGA4	Spon2	Itga4					candidate_public_only_not_graph_edge	no_component_normalized_match_in_mSCIdblit
master_LR_union	SPON2	ITGA5	Spon2	Itga5					candidate_public_only_not_graph_edge	no_component_normalized_match_in_mSCIdblit
master_LR_union	SPON2	ITGB1	Spon2	Itgb1					candidate_public_only_not_graph_edge	no_component_normalized_match_in_mSCIdblit
master_LR_union	SPON2	ITGB2L	Spon2	Itgb2l					candidate_public_only_not_graph_edge	no_component_normalized_match_in_mSCIdblit
master_LR_union	SPP1	CCR8	Spp1	Ccr8					candidate_public_only_not_graph_edge	no_component_normalized_match_in_mSCIdblit
master_LR_union	SPP1	ITGA4	Spp1	Itga4					candidate_public_only_not_graph_edge	no_component_normalized_match_in_mSCIdblit
master_LR_union	SPP1	ITGA5	Spp1	Itga5					candidate_public_only_not_graph_edge	no_component_normalized_match_in_mSCIdblit
master_LR_union	SPP1	ITGA8	Spp1	Itga8					candidate_public_only_not_graph_edge	no_component_normalized_match_in_mSCIdblit
master_LR_union	SPP1	ITGA9	Spp1	Itga9					candidate_public_only_not_graph_edge	no_component_normalized_match_in_mSCIdblit
master_LR_union	SPP1	ITGAV	Spp1	Itgav					candidate_public_only_not_graph_edge	no_component_normalized_match_in_mSCIdblit
master_LR_union	SPP1	ITGB1	Spp1	Itgb1					candidate_public_only_not_graph_edge	no_component_normalized_match_in_mSCIdblit
master_LR_union	SPP1	ITGB3	Spp1	Itgb3					candidate_public_only_not_graph_edge	no_component_normalized_match_in_mSCIdblit
master_LR_union	SPP1	ITGB5	Spp1	Itgb5					candidate_public_only_not_graph_edge	no_component_normalized_match_in_mSCIdblit
master_LR_union	SPP1	ITGB6	Spp1	Itgb6					candidate_public_only_not_graph_edge	no_component_normalized_match_in_mSCIdblit
master_LR_union	SPP1	PTGER4	Spp1	Ptger4					candidate_public_only_not_graph_edge	no_component_normalized_match_in_mSCIdblit
master_LR_union	SPP1	S1PR1	Spp1	S1pr1					candidate_public_only_not_graph_edge	no_component_normalized_match_in_mSCIdblit
master_LR_union	SPTAN1	PTPRA	Sptan1	Ptpra					candidate_public_only_not_graph_edge	no_component_normalized_match_in_mSCIdblit
master_LR_union	SPTBN2	PTPRA	Sptbn2	Ptpra					candidate_public_only_not_graph_edge	no_component_normalized_match_in_mSCIdblit
master_LR_union	SPX	GALR2	Spx	Galr2					candidate_public_only_not_graph_edge	no_component_normalized_match_in_mSCIdblit
master_LR_union	SPX	GALR3	Spx	Galr3					candidate_public_only_not_graph_edge	no_component_normalized_match_in_mSCIdblit
master_LR_union	SRD5A1	AR	Srd5a1	Ar					candidate_public_only_not_graph_edge	no_component_normalized_match_in_mSCIdblit
master_LR_union	SRD5A2	AR	Srd5a2	Ar					candidate_public_only_not_graph_edge	no_component_normalized_match_in_mSCIdblit
master_LR_union	SRD5A3	AR	Srd5a3	Ar					candidate_public_only_not_graph_edge	no_component_normalized_match_in_mSCIdblit
master_LR_union	SST	ADRA2A	Sst	Adra2a					candidate_public_only_not_graph_edge	no_component_normalized_match_in_mSCIdblit
master_LR_union	SST	GRM7	Sst	Grm7					candidate_public_only_not_graph_edge	no_component_normalized_match_in_mSCIdblit
master_LR_union	SST	MTNR1A	Sst	Mtnr1a					candidate_public_only_not_graph_edge	no_component_normalized_match_in_mSCIdblit
master_LR_union	ST14	GM36028	St14	Gm36028					candidate_public_only_not_graph_edge	no_component_normalized_match_in_mSCIdblit
master_LR_union	ST14	PLAU	St14	Plau					candidate_public_only_not_graph_edge	no_component_normalized_match_in_mSCIdblit
master_LR_union	ST6GAL1	CD22	St6gal1	Cd22					candidate_public_only_not_graph_edge	no_component_normalized_match_in_mSCIdblit
master_LR_union	ST6GAL1	EGFR	St6gal1	Egfr					candidate_public_only_not_graph_edge	no_component_normalized_match_in_mSCIdblit
master_LR_union	STX1A	CACNA1B	Stx1a	Cacna1b					candidate_public_only_not_graph_edge	no_component_normalized_match_in_mSCIdblit
master_LR_union	STX1A	CACNA1D	Stx1a	Cacna1d					candidate_public_only_not_graph_edge	no_component_normalized_match_in_mSCIdblit
master_LR_union	SULT1A1	PPARA	Sult1a1	Ppara					candidate_public_only_not_graph_edge	no_component_normalized_match_in_mSCIdblit
master_LR_union	SULT1A1	PPARD	Sult1a1	Ppard					candidate_public_only_not_graph_edge	no_component_normalized_match_in_mSCIdblit
master_LR_union	SULT1A1	PPARG	Sult1a1	Pparg					candidate_public_only_not_graph_edge	no_component_normalized_match_in_mSCIdblit
master_LR_union	SULT1E1	PPARA	Sult1e1	Ppara					candidate_public_only_not_graph_edge	no_component_normalized_match_in_mSCIdblit
master_LR_union	SULT1E1	PPARD	Sult1e1	Ppard					candidate_public_only_not_graph_edge	no_component_normalized_match_in_mSCIdblit
master_LR_union	SULT1E1	PPARG	Sult1e1	Pparg					candidate_public_only_not_graph_edge	no_component_normalized_match_in_mSCIdblit
master_LR_union	SULT2A1	PPARA	Sult2a1	Ppara					candidate_public_only_not_graph_edge	no_component_normalized_match_in_mSCIdblit
master_LR_union	SULT2A1	PPARD	Sult2a1	Ppard					candidate_public_only_not_graph_edge	no_component_normalized_match_in_mSCIdblit
master_LR_union	SULT2A1	PPARG	Sult2a1	Pparg					candidate_public_only_not_graph_edge	no_component_normalized_match_in_mSCIdblit
master_LR_union	SYT1	CACNA1C	Syt1	Cacna1c					candidate_public_only_not_graph_edge	no_component_normalized_match_in_mSCIdblit
master_LR_union	SYT1	CACNA1E	Syt1	Cacna1e					candidate_public_only_not_graph_edge	no_component_normalized_match_in_mSCIdblit
master_LR_union	SYT1	STX1A	Syt1	Stx1a					candidate_public_only_not_graph_edge	no_component_normalized_match_in_mSCIdblit
master_LR_union	SYT1	STX3	Syt1	Stx3					candidate_public_only_not_graph_edge	no_component_normalized_match_in_mSCIdblit
master_LR_union	SYT1	SV2B	Syt1	Sv2b					candidate_public_only_not_graph_edge	no_component_normalized_match_in_mSCIdblit
master_LR_union	TAC1	DPP4	Tac1	Dpp4					candidate_public_only_not_graph_edge	no_component_normalized_match_in_mSCIdblit
master_LR_union	TAC1	FAP	Tac1	Fap					candidate_public_only_not_graph_edge	no_component_normalized_match_in_mSCIdblit
master_LR_union	TAC1	TACR1	Tac1	Tacr1					candidate_public_only_not_graph_edge	no_component_normalized_match_in_mSCIdblit
master_LR_union	TAC1	TACR2	Tac1	Tacr2					candidate_public_only_not_graph_edge	no_component_normalized_match_in_mSCIdblit
master_LR_union	TAC1	TACR3	Tac1	Tacr3					candidate_public_only_not_graph_edge	no_component_normalized_match_in_mSCIdblit
master_LR_union	TAC2	TACR1	Tac2	Tacr1					candidate_public_only_not_graph_edge	no_component_normalized_match_in_mSCIdblit
master_LR_union	TAC2	TACR2	Tac2	Tacr2					candidate_public_only_not_graph_edge	no_component_normalized_match_in_mSCIdblit
master_LR_union	TAC4	TACR1	Tac4	Tacr1					candidate_public_only_not_graph_edge	no_component_normalized_match_in_mSCIdblit
master_LR_union	TAC4	TACR2	Tac4	Tacr2					candidate_public_only_not_graph_edge	no_component_normalized_match_in_mSCIdblit
master_LR_union	TAC4	TACR3	Tac4	Tacr3					candidate_public_only_not_graph_edge	no_component_normalized_match_in_mSCIdblit
master_LR_union	TAFA4	FPR1	Tafa4	Fpr1					candidate_public_only_not_graph_edge	no_component_normalized_match_in_mSCIdblit
master_LR_union	TARM1	OSCAR	Tarm1	Oscar					candidate_public_only_not_graph_edge	no_component_normalized_match_in_mSCIdblit
master_LR_union	TARM1	ROBO4	Tarm1	Robo4					candidate_public_only_not_graph_edge	no_component_normalized_match_in_mSCIdblit
master_LR_union	TAX1BP3	ADGRB1	Tax1bp3	Adgrb1					candidate_public_only_not_graph_edge	no_component_normalized_match_in_mSCIdblit
master_LR_union	TAX1BP3	ADGRB2	Tax1bp3	Adgrb2					candidate_public_only_not_graph_edge	no_component_normalized_match_in_mSCIdblit
master_LR_union	TBXAS1	TBXA2R	Tbxas1	Tbxa2r					candidate_public_only_not_graph_edge	no_component_normalized_match_in_mSCIdblit
master_LR_union	TCN2	CNR1	Tcn2	Cnr1					candidate_public_only_not_graph_edge	no_component_normalized_match_in_mSCIdblit
master_LR_union	TCTN1	TCTN2	Tctn1	Tctn2					candidate_public_only_not_graph_edge	no_component_normalized_match_in_mSCIdblit
master_LR_union	TCTN1	TCTN3	Tctn1	Tctn3					candidate_public_only_not_graph_edge	no_component_normalized_match_in_mSCIdblit
master_LR_union	TCTN1	TMEM216	Tctn1	Tmem216					candidate_public_only_not_graph_edge	no_component_normalized_match_in_mSCIdblit
master_LR_union	TCTN1	TMEM67	Tctn1	Tmem67					candidate_public_only_not_graph_edge	no_component_normalized_match_in_mSCIdblit
master_LR_union	TCTN3	FCRL1	Tctn3	Fcrl1					candidate_public_only_not_graph_edge	no_component_normalized_match_in_mSCIdblit
master_LR_union	TDGF1	ACVR1B	Tdgf1	Acvr1b					candidate_public_only_not_graph_edge	no_component_normalized_match_in_mSCIdblit
master_LR_union	TDGF1	ACVR1C	Tdgf1	Acvr1c					candidate_public_only_not_graph_edge	no_component_normalized_match_in_mSCIdblit
master_LR_union	TDGF1	ACVR2A	Tdgf1	Acvr2a					candidate_public_only_not_graph_edge	no_component_normalized_match_in_mSCIdblit
master_LR_union	TDGF1	ACVR2B	Tdgf1	Acvr2b					candidate_public_only_not_graph_edge	no_component_normalized_match_in_mSCIdblit
master_LR_union	TDGF1	GPC1	Tdgf1	Gpc1					candidate_public_only_not_graph_edge	no_component_normalized_match_in_mSCIdblit
master_LR_union	TDGF1	LRP5	Tdgf1	Lrp5					candidate_public_only_not_graph_edge	no_component_normalized_match_in_mSCIdblit
master_LR_union	TDGF1	LRP6	Tdgf1	Lrp6					candidate_public_only_not_graph_edge	no_component_normalized_match_in_mSCIdblit
master_LR_union	TENM1	ADGRL1	Tenm1	Adgrl1					candidate_public_only_not_graph_edge	no_component_normalized_match_in_mSCIdblit
master_LR_union	TENM1	ADGRL2	Tenm1	Adgrl2					candidate_public_only_not_graph_edge	no_component_normalized_match_in_mSCIdblit
master_LR_union	TENM1	ADGRL3	Tenm1	Adgrl3					candidate_public_only_not_graph_edge	no_component_normalized_match_in_mSCIdblit
master_LR_union	TENM3	ADGRL1	Tenm3	Adgrl1					candidate_public_only_not_graph_edge	no_component_normalized_match_in_mSCIdblit
master_LR_union	TENM3	ADGRL3	Tenm3	Adgrl3					candidate_public_only_not_graph_edge	no_component_normalized_match_in_mSCIdblit
master_LR_union	TENM4	ADGRL1	Tenm4	Adgrl1					candidate_public_only_not_graph_edge	no_component_normalized_match_in_mSCIdblit
master_LR_union	TENM4	ADGRL2	Tenm4	Adgrl2					candidate_public_only_not_graph_edge	no_component_normalized_match_in_mSCIdblit
master_LR_union	TENM4	ADGRL3	Tenm4	Adgrl3					candidate_public_only_not_graph_edge	no_component_normalized_match_in_mSCIdblit
master_LR_union	TEX101	SIGLECE	Tex101	Siglece					candidate_public_only_not_graph_edge	no_component_normalized_match_in_mSCIdblit
master_LR_union	TEX101	SIGLECF	Tex101	Siglecf					candidate_public_only_not_graph_edge	no_component_normalized_match_in_mSCIdblit
master_LR_union	TFF1	MUC5AC	Tff1	Muc5ac					candidate_public_only_not_graph_edge	no_component_normalized_match_in_mSCIdblit
master_LR_union	TFF2	CXCR4	Tff2	Cxcr4					candidate_public_only_not_graph_edge	no_component_normalized_match_in_mSCIdblit
master_LR_union	TFF2	MUC6	Tff2	Muc6					candidate_public_only_not_graph_edge	no_component_normalized_match_in_mSCIdblit
master_LR_union	TFF3	ACKR3	Tff3	Ackr3					candidate_public_only_not_graph_edge	no_component_normalized_match_in_mSCIdblit
master_LR_union	TFF3	CXCR4	Tff3	Cxcr4					candidate_public_only_not_graph_edge	no_component_normalized_match_in_mSCIdblit
master_LR_union	TFPI	F10	Tfpi	F10					candidate_public_only_not_graph_edge	no_component_normalized_match_in_mSCIdblit
master_LR_union	TFPI	F3	Tfpi	F3					candidate_public_only_not_graph_edge	no_component_normalized_match_in_mSCIdblit
master_LR_union	TFPI	SDC4	Tfpi	Sdc4					candidate_public_only_not_graph_edge	no_component_normalized_match_in_mSCIdblit
master_LR_union	TFPI	VLDLR	Tfpi	Vldlr					candidate_public_only_not_graph_edge	no_component_normalized_match_in_mSCIdblit
master_LR_union	TG	ASGR1	Tg	Asgr1					candidate_public_only_not_graph_edge	no_component_normalized_match_in_mSCIdblit
master_LR_union	TG	TPO	Tg	Tpo					candidate_public_only_not_graph_edge	no_component_normalized_match_in_mSCIdblit
master_LR_union	TGFA	ADAM17	Tgfa	Adam17					candidate_public_only_not_graph_edge	no_component_normalized_match_in_mSCIdblit
master_LR_union	TGFA	EGFR	Tgfa	Egfr					candidate_public_only_not_graph_edge	no_component_normalized_match_in_mSCIdblit
master_LR_union	TGFA	EGFR+ERBB2	Tgfa	Egfr_Erbb2					candidate_public_only_not_graph_edge	no_component_normalized_match_in_mSCIdblit
master_LR_union	TGFA	ERBB2	Tgfa	Erbb2					candidate_public_only_not_graph_edge	no_component_normalized_match_in_mSCIdblit
master_LR_union	TGFA	ERBB3	Tgfa	Erbb3					candidate_public_only_not_graph_edge	no_component_normalized_match_in_mSCIdblit
master_LR_union	TGFA	ERBB4	Tgfa	Erbb4					candidate_public_only_not_graph_edge	no_component_normalized_match_in_mSCIdblit
master_LR_union	TGFA	PTPRD	Tgfa	Ptprd					candidate_public_only_not_graph_edge	no_component_normalized_match_in_mSCIdblit
master_LR_union	TGFB1	ACVR1+TGFBR1+TGFBR2	Tgfb1	Acvr1_Tgfbr1_Tgfbr2					candidate_public_only_not_graph_edge	no_component_normalized_match_in_mSCIdblit
master_LR_union	TGFB1	ACVR1+TGFBR2	Tgfb1	Acvr1_Tgfbr2					candidate_public_only_not_graph_edge	no_component_normalized_match_in_mSCIdblit
master_LR_union	TGFB1	ACVR1B+TGFBR2	Tgfb1	Acvr1b_Tgfbr2					candidate_public_only_not_graph_edge	no_component_normalized_match_in_mSCIdblit
master_LR_union	TGFB1	ACVR1C+TGFBR2	Tgfb1	Acvr1c_Tgfbr2					candidate_public_only_not_graph_edge	no_component_normalized_match_in_mSCIdblit
master_LR_union	TGFB1	ACVRL1	Tgfb1	Acvrl1					candidate_public_only_not_graph_edge	no_component_normalized_match_in_mSCIdblit
master_LR_union	TGFB1	APP	Tgfb1	App					candidate_public_only_not_graph_edge	no_component_normalized_match_in_mSCIdblit
master_LR_union	TGFB1	CAV1	Tgfb1	Cav1					candidate_public_only_not_graph_edge	no_component_normalized_match_in_mSCIdblit
master_LR_union	TGFB1	CXCR4	Tgfb1	Cxcr4					candidate_public_only_not_graph_edge	no_component_normalized_match_in_mSCIdblit
master_LR_union	TGFB1	ITGAV	Tgfb1	Itgav					candidate_public_only_not_graph_edge	no_component_normalized_match_in_mSCIdblit
master_LR_union	TGFB1	ITGB6	Tgfb1	Itgb6					candidate_public_only_not_graph_edge	no_component_normalized_match_in_mSCIdblit
master_LR_union	TGFB1	LPP	Tgfb1	Lpp					candidate_public_only_not_graph_edge	no_component_normalized_match_in_mSCIdblit
master_LR_union	TGFB1	PDGFRA	Tgfb1	Pdgfra					candidate_public_only_not_graph_edge	no_component_normalized_match_in_mSCIdblit
master_LR_union	TGFB1	TGFBR1	Tgfb1	Tgfbr1					candidate_public_only_not_graph_edge	no_component_normalized_match_in_mSCIdblit
master_LR_union	TGFB2	ACVR1	Tgfb2	Acvr1					candidate_public_only_not_graph_edge	no_component_normalized_match_in_mSCIdblit
master_LR_union	TGFB2	ACVR1+TGFBR1+TGFBR2	Tgfb2	Acvr1_Tgfbr1_Tgfbr2					candidate_public_only_not_graph_edge	no_component_normalized_match_in_mSCIdblit
master_LR_union	TGFB2	ACVR1+TGFBR2	Tgfb2	Acvr1_Tgfbr2					candidate_public_only_not_graph_edge	no_component_normalized_match_in_mSCIdblit
master_LR_union	TGFB2	ACVR1B	Tgfb2	Acvr1b					candidate_public_only_not_graph_edge	no_component_normalized_match_in_mSCIdblit
master_LR_union	TGFB2	ACVR1B+TGFBR2	Tgfb2	Acvr1b_Tgfbr2					candidate_public_only_not_graph_edge	no_component_normalized_match_in_mSCIdblit
master_LR_union	TGFB2	ACVR1C	Tgfb2	Acvr1c					candidate_public_only_not_graph_edge	no_component_normalized_match_in_mSCIdblit
master_LR_union	TGFB2	ACVR1C+TGFBR2	Tgfb2	Acvr1c_Tgfbr2					candidate_public_only_not_graph_edge	no_component_normalized_match_in_mSCIdblit
master_LR_union	TGFB2	ENG	Tgfb2	Eng					candidate_public_only_not_graph_edge	no_component_normalized_match_in_mSCIdblit
master_LR_union	TGFB2	TGFBR1	Tgfb2	Tgfbr1					candidate_public_only_not_graph_edge	no_component_normalized_match_in_mSCIdblit
master_LR_union	TGFB3	ACVR1+TGFBR2	Tgfb3	Acvr1_Tgfbr2					candidate_public_only_not_graph_edge	no_component_normalized_match_in_mSCIdblit
master_LR_union	TGFB3	ACVR1B+TGFBR2	Tgfb3	Acvr1b_Tgfbr2					candidate_public_only_not_graph_edge	no_component_normalized_match_in_mSCIdblit
master_LR_union	TGFB3	ACVR1C	Tgfb3	Acvr1c					candidate_public_only_not_graph_edge	no_component_normalized_match_in_mSCIdblit
master_LR_union	TGFB3	ACVR1C+TGFBR2	Tgfb3	Acvr1c_Tgfbr2					candidate_public_only_not_graph_edge	no_component_normalized_match_in_mSCIdblit
master_LR_union	TGFB3	ITGB1	Tgfb3	Itgb1					candidate_public_only_not_graph_edge	no_component_normalized_match_in_mSCIdblit
master_LR_union	TGFB3	ITGB3	Tgfb3	Itgb3					candidate_public_only_not_graph_edge	no_component_normalized_match_in_mSCIdblit
master_LR_union	TGFB3	ITGB5	Tgfb3	Itgb5					candidate_public_only_not_graph_edge	no_component_normalized_match_in_mSCIdblit
master_LR_union	TGFB3	TGFBR1	Tgfb3	Tgfbr1					candidate_public_only_not_graph_edge	no_component_normalized_match_in_mSCIdblit
master_LR_union	TGFBI	ITGA1	Tgfbi	Itga1					candidate_public_only_not_graph_edge	no_component_normalized_match_in_mSCIdblit
master_LR_union	TGFBI	ITGA3	Tgfbi	Itga3					candidate_public_only_not_graph_edge	no_component_normalized_match_in_mSCIdblit
master_LR_union	TGFBI	ITGA4	Tgfbi	Itga4					candidate_public_only_not_graph_edge	no_component_normalized_match_in_mSCIdblit
master_LR_union	TGFBI	ITGA5	Tgfbi	Itga5					candidate_public_only_not_graph_edge	no_component_normalized_match_in_mSCIdblit
master_LR_union	TGFBI	ITGA6	Tgfbi	Itga6					candidate_public_only_not_graph_edge	no_component_normalized_match_in_mSCIdblit
master_LR_union	TGFBI	ITGA7	Tgfbi	Itga7					candidate_public_only_not_graph_edge	no_component_normalized_match_in_mSCIdblit
master_LR_union	TGFBI	ITGAV	Tgfbi	Itgav					candidate_public_only_not_graph_edge	no_component_normalized_match_in_mSCIdblit
master_LR_union	TGFBI	ITGB1	Tgfbi	Itgb1					candidate_public_only_not_graph_edge	no_component_normalized_match_in_mSCIdblit
master_LR_union	TGFBI	ITGB3	Tgfbi	Itgb3					candidate_public_only_not_graph_edge	no_component_normalized_match_in_mSCIdblit
master_LR_union	TGFBI	ITGB4	Tgfbi	Itgb4					candidate_public_only_not_graph_edge	no_component_normalized_match_in_mSCIdblit
master_LR_union	TGFBI	ITGB5	Tgfbi	Itgb5					candidate_public_only_not_graph_edge	no_component_normalized_match_in_mSCIdblit
master_LR_union	TGM2	ADGRG1	Tgm2	Adgrg1					candidate_public_only_not_graph_edge	no_component_normalized_match_in_mSCIdblit
master_LR_union	TGM2	ITGB3	Tgm2	Itgb3					candidate_public_only_not_graph_edge	no_component_normalized_match_in_mSCIdblit
master_LR_union	TGM2	TBXA2R	Tgm2	Tbxa2r					candidate_public_only_not_graph_edge	no_component_normalized_match_in_mSCIdblit
master_LR_union	TGM2	TRPV5	Tgm2	Trpv5					candidate_public_only_not_graph_edge	no_component_normalized_match_in_mSCIdblit
master_LR_union	TGOLN1	GM36028	Tgoln1	Gm36028					candidate_public_only_not_graph_edge	no_component_normalized_match_in_mSCIdblit
master_LR_union	TGS1	RXRA	Tgs1	Rxra					candidate_public_only_not_graph_edge	no_component_normalized_match_in_mSCIdblit
master_LR_union	THBS1	ITGA2B	Thbs1	Itga2b					candidate_public_only_not_graph_edge	no_component_normalized_match_in_mSCIdblit
master_LR_union	THBS1	ITGA3	Thbs1	Itga3					candidate_public_only_not_graph_edge	no_component_normalized_match_in_mSCIdblit
master_LR_union	THBS1	ITGB1	Thbs1	Itgb1					candidate_public_only_not_graph_edge	no_component_normalized_match_in_mSCIdblit
master_LR_union	THBS1	ITGB3	Thbs1	Itgb3					candidate_public_only_not_graph_edge	no_component_normalized_match_in_mSCIdblit
master_LR_union	THBS1	LRP5	Thbs1	Lrp5					candidate_public_only_not_graph_edge	no_component_normalized_match_in_mSCIdblit
master_LR_union	THBS1	SCARB1	Thbs1	Scarb1					candidate_public_only_not_graph_edge	no_component_normalized_match_in_mSCIdblit
master_LR_union	THBS1	TNFRSF11B	Thbs1	Tnfrsf11b					candidate_public_only_not_graph_edge	no_component_normalized_match_in_mSCIdblit
master_LR_union	THBS2	ITGA3	Thbs2	Itga3					candidate_public_only_not_graph_edge	no_component_normalized_match_in_mSCIdblit
master_LR_union	THBS2	ITGA3+ITGB1	Thbs2	Itga3_Itgb1					candidate_public_only_not_graph_edge	no_component_normalized_match_in_mSCIdblit
master_LR_union	THBS2	ITGA4	Thbs2	Itga4					candidate_public_only_not_graph_edge	no_component_normalized_match_in_mSCIdblit
master_LR_union	THBS2	ITGB1	Thbs2	Itgb1					candidate_public_only_not_graph_edge	no_component_normalized_match_in_mSCIdblit
master_LR_union	THBS2	ITGB3	Thbs2	Itgb3					candidate_public_only_not_graph_edge	no_component_normalized_match_in_mSCIdblit
master_LR_union	THBS2	LRP2	Thbs2	Lrp2					candidate_public_only_not_graph_edge	no_component_normalized_match_in_mSCIdblit
master_LR_union	THBS2	LRP4	Thbs2	Lrp4					candidate_public_only_not_graph_edge	no_component_normalized_match_in_mSCIdblit
master_LR_union	THBS2	NOTCH4	Thbs2	Notch4					candidate_public_only_not_graph_edge	no_component_normalized_match_in_mSCIdblit
master_LR_union	THBS2	SDC1	Thbs2	Sdc1					candidate_public_only_not_graph_edge	no_component_normalized_match_in_mSCIdblit
master_LR_union	THBS3	CD36	Thbs3	Cd36					candidate_public_only_not_graph_edge	no_component_normalized_match_in_mSCIdblit
master_LR_union	THBS3	CD47	Thbs3	Cd47					candidate_public_only_not_graph_edge	no_component_normalized_match_in_mSCIdblit
master_LR_union	THBS3	ITGA3+ITGB1	Thbs3	Itga3_Itgb1					candidate_public_only_not_graph_edge	no_component_normalized_match_in_mSCIdblit
master_LR_union	THBS3	ITGAV+ITGB3	Thbs3	Itgav_Itgb3					candidate_public_only_not_graph_edge	no_component_normalized_match_in_mSCIdblit
master_LR_union	THBS3	SDC1	Thbs3	Sdc1					candidate_public_only_not_graph_edge	no_component_normalized_match_in_mSCIdblit
master_LR_union	THBS3	SDC4	Thbs3	Sdc4					candidate_public_only_not_graph_edge	no_component_normalized_match_in_mSCIdblit
master_LR_union	THBS4	CD36	Thbs4	Cd36					candidate_public_only_not_graph_edge	no_component_normalized_match_in_mSCIdblit
master_LR_union	THBS4	ITGA3	Thbs4	Itga3					candidate_public_only_not_graph_edge	no_component_normalized_match_in_mSCIdblit
master_LR_union	THBS4	ITGA3+ITGB1	Thbs4	Itga3_Itgb1					candidate_public_only_not_graph_edge	no_component_normalized_match_in_mSCIdblit
master_LR_union	THBS4	ITGAV	Thbs4	Itgav					candidate_public_only_not_graph_edge	no_component_normalized_match_in_mSCIdblit
master_LR_union	THBS4	ITGB1	Thbs4	Itgb1					candidate_public_only_not_graph_edge	no_component_normalized_match_in_mSCIdblit
master_LR_union	THBS4	ITGB3	Thbs4	Itgb3					candidate_public_only_not_graph_edge	no_component_normalized_match_in_mSCIdblit
master_LR_union	THBS4	SDC1	Thbs4	Sdc1					candidate_public_only_not_graph_edge	no_component_normalized_match_in_mSCIdblit
master_LR_union	THBS4	SDC4	Thbs4	Sdc4					candidate_public_only_not_graph_edge	no_component_normalized_match_in_mSCIdblit
master_LR_union	THY1	CNTN1	Thy1	Cntn1					candidate_public_only_not_graph_edge	no_component_normalized_match_in_mSCIdblit
master_LR_union	THY1	GM49368	Thy1	Gm49368					candidate_public_only_not_graph_edge	no_component_normalized_match_in_mSCIdblit
master_LR_union	THY1	ITGAM	Thy1	Itgam					candidate_public_only_not_graph_edge	no_component_normalized_match_in_mSCIdblit
master_LR_union	THY1	ITGAV	Thy1	Itgav					candidate_public_only_not_graph_edge	no_component_normalized_match_in_mSCIdblit
master_LR_union	THY1	ITGAX	Thy1	Itgax					candidate_public_only_not_graph_edge	no_component_normalized_match_in_mSCIdblit
master_LR_union	THY1	ITGB2	Thy1	Itgb2					candidate_public_only_not_graph_edge	no_component_normalized_match_in_mSCIdblit
master_LR_union	THY1	ITGB2L	Thy1	Itgb2l					candidate_public_only_not_graph_edge	no_component_normalized_match_in_mSCIdblit
master_LR_union	THY1	ITGB3	Thy1	Itgb3					candidate_public_only_not_graph_edge	no_component_normalized_match_in_mSCIdblit
master_LR_union	TIGIT	NECTIN2	Tigit	Nectin2					candidate_public_only_not_graph_edge	no_component_normalized_match_in_mSCIdblit
master_LR_union	TIGIT	NECTIN3	Tigit	Nectin3					candidate_public_only_not_graph_edge	no_component_normalized_match_in_mSCIdblit
master_LR_union	TIGIT	NECTIN4	Tigit	Nectin4					candidate_public_only_not_graph_edge	no_component_normalized_match_in_mSCIdblit
master_LR_union	TIGIT	PVR	Tigit	Pvr					candidate_public_only_not_graph_edge	no_component_normalized_match_in_mSCIdblit
master_LR_union	TIGIT	RECK	Tigit	Reck					candidate_public_only_not_graph_edge	no_component_normalized_match_in_mSCIdblit
master_LR_union	TIGIT	SIRPA	Tigit	Sirpa					candidate_public_only_not_graph_edge	no_component_normalized_match_in_mSCIdblit
master_LR_union	TIMD2	CD300LB	Timd2	Cd300lb					candidate_public_only_not_graph_edge	no_component_normalized_match_in_mSCIdblit
master_LR_union	TIMD2	IGSF21	Timd2	Igsf21					candidate_public_only_not_graph_edge	no_component_normalized_match_in_mSCIdblit
master_LR_union	TIMD2	SIGLEC1	Timd2	Siglec1					candidate_public_only_not_graph_edge	no_component_normalized_match_in_mSCIdblit
master_LR_union	TIMD2	TIMD4	Timd2	Timd4					candidate_public_only_not_graph_edge	no_component_normalized_match_in_mSCIdblit
master_LR_union	TIMD4	BC053393	Timd4	BC053393					candidate_public_only_not_graph_edge	no_component_normalized_match_in_mSCIdblit
master_LR_union	TIMD4	GM12169	Timd4	Gm12169					candidate_public_only_not_graph_edge	no_component_normalized_match_in_mSCIdblit
master_LR_union	TIMD4	HAVCR1	Timd4	Havcr1					candidate_public_only_not_graph_edge	no_component_normalized_match_in_mSCIdblit
master_LR_union	TIMD4	SIGLECE	Timd4	Siglece					candidate_public_only_not_graph_edge	no_component_normalized_match_in_mSCIdblit
master_LR_union	TIMD4	TIMD2	Timd4	Timd2					candidate_public_only_not_graph_edge	no_component_normalized_match_in_mSCIdblit
master_LR_union	TIMP1	FGFR2	Timp1	Fgfr2					candidate_public_only_not_graph_edge	no_component_normalized_match_in_mSCIdblit
master_LR_union	TIMP1	MMP1A	Timp1	Mmp1a					candidate_public_only_not_graph_edge	no_component_normalized_match_in_mSCIdblit
master_LR_union	TIMP1	MMP1B	Timp1	Mmp1b					candidate_public_only_not_graph_edge	no_component_normalized_match_in_mSCIdblit
master_LR_union	TIMP1	MMP2	Timp1	Mmp2					candidate_public_only_not_graph_edge	no_component_normalized_match_in_mSCIdblit
master_LR_union	TIMP1	MMP9	Timp1	Mmp9					candidate_public_only_not_graph_edge	no_component_normalized_match_in_mSCIdblit
master_LR_union	TIMP2	CD44	Timp2	Cd44					candidate_public_only_not_graph_edge	no_component_normalized_match_in_mSCIdblit
master_LR_union	TIMP2	LRP2	Timp2	Lrp2					candidate_public_only_not_graph_edge	no_component_normalized_match_in_mSCIdblit
master_LR_union	TIMP2	MMP2	Timp2	Mmp2					candidate_public_only_not_graph_edge	no_component_normalized_match_in_mSCIdblit
master_LR_union	TIMP3	ADAM17	Timp3	Adam17					candidate_public_only_not_graph_edge	no_component_normalized_match_in_mSCIdblit
master_LR_union	TIMP3	ADAMTS4	Timp3	Adamts4					candidate_public_only_not_graph_edge	no_component_normalized_match_in_mSCIdblit
master_LR_union	TIMP3	CD44	Timp3	Cd44					candidate_public_only_not_graph_edge	no_component_normalized_match_in_mSCIdblit
master_LR_union	TIMP3	DDR1	Timp3	Ddr1					candidate_public_only_not_graph_edge	no_component_normalized_match_in_mSCIdblit
master_LR_union	TIMP3	MET	Timp3	Met					candidate_public_only_not_graph_edge	no_component_normalized_match_in_mSCIdblit
master_LR_union	TIMP3	MMP14	Timp3	Mmp14					candidate_public_only_not_graph_edge	no_component_normalized_match_in_mSCIdblit
master_LR_union	TIMP3	MMP2	Timp3	Mmp2					candidate_public_only_not_graph_edge	no_component_normalized_match_in_mSCIdblit
master_LR_union	TIMP3	MMP9	Timp3	Mmp9					candidate_public_only_not_graph_edge	no_component_normalized_match_in_mSCIdblit
master_LR_union	TLN1	ITGB3	Tln1	Itgb3					candidate_public_only_not_graph_edge	no_component_normalized_match_in_mSCIdblit
master_LR_union	TLN1	ITGB5	Tln1	Itgb5					candidate_public_only_not_graph_edge	no_component_normalized_match_in_mSCIdblit
master_LR_union	TMEM190	IGSF11	Tmem190	Igsf11					candidate_public_only_not_graph_edge	no_component_normalized_match_in_mSCIdblit
master_LR_union	TMPRSS6	HJV	Tmprss6	Hjv					candidate_public_only_not_graph_edge	no_component_normalized_match_in_mSCIdblit
master_LR_union	TNC	ITGA2	Tnc	Itga2					candidate_public_only_not_graph_edge	no_component_normalized_match_in_mSCIdblit
master_LR_union	TNC	ITGA2B+ITGB3	Tnc	Itga2b_Itgb3					candidate_public_only_not_graph_edge	no_component_normalized_match_in_mSCIdblit
master_LR_union	TNC	ITGA5	Tnc	Itga5					candidate_public_only_not_graph_edge	no_component_normalized_match_in_mSCIdblit
master_LR_union	TNC	ITGA8	Tnc	Itga8					candidate_public_only_not_graph_edge	no_component_normalized_match_in_mSCIdblit
master_LR_union	TNC	ITGA9	Tnc	Itga9					candidate_public_only_not_graph_edge	no_component_normalized_match_in_mSCIdblit
master_LR_union	TNC	ITGAV	Tnc	Itgav					candidate_public_only_not_graph_edge	no_component_normalized_match_in_mSCIdblit
master_LR_union	TNC	ITGB1	Tnc	Itgb1					candidate_public_only_not_graph_edge	no_component_normalized_match_in_mSCIdblit
master_LR_union	TNC	ITGB3	Tnc	Itgb3					candidate_public_only_not_graph_edge	no_component_normalized_match_in_mSCIdblit
master_LR_union	TNC	ITGB6	Tnc	Itgb6					candidate_public_only_not_graph_edge	no_component_normalized_match_in_mSCIdblit
master_LR_union	TNC	PTPRB	Tnc	Ptprb					candidate_public_only_not_graph_edge	no_component_normalized_match_in_mSCIdblit
master_LR_union	TNC	SDC1	Tnc	Sdc1					candidate_public_only_not_graph_edge	no_component_normalized_match_in_mSCIdblit
master_LR_union	TNF	CELSR2	Tnf	Celsr2					candidate_public_only_not_graph_edge	no_component_normalized_match_in_mSCIdblit
master_LR_union	TNF	FAS	Tnf	Fas					candidate_public_only_not_graph_edge	no_component_normalized_match_in_mSCIdblit
master_LR_union	TNF	FFAR2	Tnf	Ffar2					candidate_public_only_not_graph_edge	no_component_normalized_match_in_mSCIdblit
master_LR_union	TNF	FLT4	Tnf	Flt4					candidate_public_only_not_graph_edge	no_component_normalized_match_in_mSCIdblit
master_LR_union	TNF	ICOS	Tnf	Icos					candidate_public_only_not_graph_edge	no_component_normalized_match_in_mSCIdblit
master_LR_union	TNF	LTBR	Tnf	Ltbr					candidate_public_only_not_graph_edge	no_component_normalized_match_in_mSCIdblit
master_LR_union	TNF	NOTCH1	Tnf	Notch1					candidate_public_only_not_graph_edge	no_component_normalized_match_in_mSCIdblit
master_LR_union	TNF	PTPRS	Tnf	Ptprs					candidate_public_only_not_graph_edge	no_component_normalized_match_in_mSCIdblit
master_LR_union	TNF	SEMA4C	Tnf	Sema4c					candidate_public_only_not_graph_edge	no_component_normalized_match_in_mSCIdblit
master_LR_union	TNF	TNFRSF1A	Tnf	Tnfrsf1a					candidate_public_only_not_graph_edge	no_component_normalized_match_in_mSCIdblit
master_LR_union	TNF	TNFRSF1B	Tnf	Tnfrsf1b					candidate_public_only_not_graph_edge	no_component_normalized_match_in_mSCIdblit
master_LR_union	TNF	TNFRSF21	Tnf	Tnfrsf21					candidate_public_only_not_graph_edge	no_component_normalized_match_in_mSCIdblit
master_LR_union	TNF	TRADD	Tnf	Tradd					candidate_public_only_not_graph_edge	no_component_normalized_match_in_mSCIdblit
master_LR_union	TNF	TRAF2	Tnf	Traf2					candidate_public_only_not_graph_edge	no_component_normalized_match_in_mSCIdblit
master_LR_union	TNF	TRPM2	Tnf	Trpm2					candidate_public_only_not_graph_edge	no_component_normalized_match_in_mSCIdblit
master_LR_union	TNFRSF14	BTLA	Tnfrsf14	Btla					candidate_public_only_not_graph_edge	no_component_normalized_match_in_mSCIdblit
master_LR_union	TNFRSF14	CD160	Tnfrsf14	Cd160					candidate_public_only_not_graph_edge	no_component_normalized_match_in_mSCIdblit
master_LR_union	TNFRSF14	LRFN5	Tnfrsf14	Lrfn5					candidate_public_only_not_graph_edge	no_component_normalized_match_in_mSCIdblit
master_LR_union	TNFRSF14	TRAF2	Tnfrsf14	Traf2					candidate_public_only_not_graph_edge	no_component_normalized_match_in_mSCIdblit
master_LR_union	TNFSF10	CCR6	Tnfsf10	Ccr6					candidate_public_only_not_graph_edge	no_component_normalized_match_in_mSCIdblit
master_LR_union	TNFSF10	RIPK1	Tnfsf10	Ripk1					candidate_public_only_not_graph_edge	no_component_normalized_match_in_mSCIdblit
master_LR_union	TNFSF10	TNFRSF10B	Tnfsf10	Tnfrsf10b					candidate_public_only_not_graph_edge	no_component_normalized_match_in_mSCIdblit
master_LR_union	TNFSF10	TNFRSF22	Tnfsf10	Tnfrsf22					candidate_public_only_not_graph_edge	no_component_normalized_match_in_mSCIdblit
master_LR_union	TNFSF10	TNFRSF23	Tnfsf10	Tnfrsf23					candidate_public_only_not_graph_edge	no_component_normalized_match_in_mSCIdblit
master_LR_union	TNFSF10	TNFRSF26	Tnfsf10	Tnfrsf26					candidate_public_only_not_graph_edge	no_component_normalized_match_in_mSCIdblit
master_LR_union	TNFSF11	LGR4	Tnfsf11	Lgr4					candidate_public_only_not_graph_edge	no_component_normalized_match_in_mSCIdblit
master_LR_union	TNFSF11	TNFRSF11A	Tnfsf11	Tnfrsf11a					candidate_public_only_not_graph_edge	no_component_normalized_match_in_mSCIdblit
master_LR_union	TNFSF11	TNFRSF11B	Tnfsf11	Tnfrsf11b					candidate_public_only_not_graph_edge	no_component_normalized_match_in_mSCIdblit
master_LR_union	TNFSF12	CD163	Tnfsf12	Cd163					candidate_public_only_not_graph_edge	no_component_normalized_match_in_mSCIdblit
master_LR_union	TNFSF12	TNFRSF12A	Tnfsf12	Tnfrsf12a					candidate_public_only_not_graph_edge	no_component_normalized_match_in_mSCIdblit
master_LR_union	TNFSF12	TNFRSF25	Tnfsf12	Tnfrsf25					candidate_public_only_not_graph_edge	no_component_normalized_match_in_mSCIdblit
master_LR_union	TNFSF12	TNFRSF8	Tnfsf12	Tnfrsf8					candidate_public_only_not_graph_edge	no_component_normalized_match_in_mSCIdblit
master_LR_union	TNFSF13	SDC2	Tnfsf13	Sdc2					candidate_public_only_not_graph_edge	no_component_normalized_match_in_mSCIdblit
master_LR_union	TNFSF13	TNFRSF11B	Tnfsf13	Tnfrsf11b					candidate_public_only_not_graph_edge	no_component_normalized_match_in_mSCIdblit
master_LR_union	TNFSF13	TNFRSF13B	Tnfsf13	Tnfrsf13b					candidate_public_only_not_graph_edge	no_component_normalized_match_in_mSCIdblit
master_LR_union	TNFSF13	TNFRSF14	Tnfsf13	Tnfrsf14					candidate_public_only_not_graph_edge	no_component_normalized_match_in_mSCIdblit
master_LR_union	TNFSF13	TNFRSF17	Tnfsf13	Tnfrsf17					candidate_public_only_not_graph_edge	no_component_normalized_match_in_mSCIdblit
master_LR_union	TNFSF13	TNFRSF1A	Tnfsf13	Tnfrsf1a					candidate_public_only_not_graph_edge	no_component_normalized_match_in_mSCIdblit
master_LR_union	TNFSF13B	CD40	Tnfsf13b	Cd40					candidate_public_only_not_graph_edge	no_component_normalized_match_in_mSCIdblit
master_LR_union	TNFSF13B	TFRC	Tnfsf13b	Tfrc					candidate_public_only_not_graph_edge	no_component_normalized_match_in_mSCIdblit
master_LR_union	TNFSF13B	TNFRSF13B	Tnfsf13b	Tnfrsf13b					candidate_public_only_not_graph_edge	no_component_normalized_match_in_mSCIdblit
master_LR_union	TNFSF13B	TNFRSF13C	Tnfsf13b	Tnfrsf13c					candidate_public_only_not_graph_edge	no_component_normalized_match_in_mSCIdblit
master_LR_union	TNFSF13B	TNFRSF17	Tnfsf13b	Tnfrsf17					candidate_public_only_not_graph_edge	no_component_normalized_match_in_mSCIdblit
master_LR_union	TNFSF14	LTBR	Tnfsf14	Ltbr					candidate_public_only_not_graph_edge	no_component_normalized_match_in_mSCIdblit
master_LR_union	TNFSF14	TNFRSF14	Tnfsf14	Tnfrsf14					candidate_public_only_not_graph_edge	no_component_normalized_match_in_mSCIdblit
master_LR_union	TNFSF15	TNFRSF25	Tnfsf15	Tnfrsf25					candidate_public_only_not_graph_edge	no_component_normalized_match_in_mSCIdblit
master_LR_union	TNFSF18	TNFRSF18	Tnfsf18	Tnfrsf18					candidate_public_only_not_graph_edge	no_component_normalized_match_in_mSCIdblit
master_LR_union	TNFSF4	TNFRSF4	Tnfsf4	Tnfrsf4					candidate_public_only_not_graph_edge	no_component_normalized_match_in_mSCIdblit
master_LR_union	TNFSF4	TRAF2	Tnfsf4	Traf2					candidate_public_only_not_graph_edge	no_component_normalized_match_in_mSCIdblit
master_LR_union	TNFSF8	TNFRSF8	Tnfsf8	Tnfrsf8					candidate_public_only_not_graph_edge	no_component_normalized_match_in_mSCIdblit
master_LR_union	TNFSF9	FCRL1	Tnfsf9	Fcrl1					candidate_public_only_not_graph_edge	no_component_normalized_match_in_mSCIdblit
master_LR_union	TNFSF9	PVR	Tnfsf9	Pvr					candidate_public_only_not_graph_edge	no_component_normalized_match_in_mSCIdblit
master_LR_union	TNFSF9	TNFRSF9	Tnfsf9	Tnfrsf9					candidate_public_only_not_graph_edge	no_component_normalized_match_in_mSCIdblit
master_LR_union	TNFSF9	TRAF2	Tnfsf9	Traf2					candidate_public_only_not_graph_edge	no_component_normalized_match_in_mSCIdblit
master_LR_union	TNN	ITGA2B	Tnn	Itga2b					candidate_public_only_not_graph_edge	no_component_normalized_match_in_mSCIdblit
master_LR_union	TNN	ITGA2B+ITGB3	Tnn	Itga2b_Itgb3					candidate_public_only_not_graph_edge	no_component_normalized_match_in_mSCIdblit
master_LR_union	TNN	ITGA8	Tnn	Itga8					candidate_public_only_not_graph_edge	no_component_normalized_match_in_mSCIdblit
master_LR_union	TNN	ITGA9	Tnn	Itga9					candidate_public_only_not_graph_edge	no_component_normalized_match_in_mSCIdblit
master_LR_union	TNN	ITGA9+ITGB1	Tnn	Itga9_Itgb1					candidate_public_only_not_graph_edge	no_component_normalized_match_in_mSCIdblit
master_LR_union	TNN	ITGAV	Tnn	Itgav					candidate_public_only_not_graph_edge	no_component_normalized_match_in_mSCIdblit
master_LR_union	TNN	ITGAV+ITGB3	Tnn	Itgav_Itgb3					candidate_public_only_not_graph_edge	no_component_normalized_match_in_mSCIdblit
master_LR_union	TNN	ITGAV+ITGB6	Tnn	Itgav_Itgb6					candidate_public_only_not_graph_edge	no_component_normalized_match_in_mSCIdblit
master_LR_union	TNN	ITGB1	Tnn	Itgb1					candidate_public_only_not_graph_edge	no_component_normalized_match_in_mSCIdblit
master_LR_union	TNN	ITGB3	Tnn	Itgb3					candidate_public_only_not_graph_edge	no_component_normalized_match_in_mSCIdblit
master_LR_union	TNN	ITGB6	Tnn	Itgb6					candidate_public_only_not_graph_edge	no_component_normalized_match_in_mSCIdblit
master_LR_union	TNN	SDC1	Tnn	Sdc1					candidate_public_only_not_graph_edge	no_component_normalized_match_in_mSCIdblit
master_LR_union	TNN	SDC4	Tnn	Sdc4					candidate_public_only_not_graph_edge	no_component_normalized_match_in_mSCIdblit
master_LR_union	TNR	ITGA2B	Tnr	Itga2b					candidate_public_only_not_graph_edge	no_component_normalized_match_in_mSCIdblit
master_LR_union	TNR	ITGA2B+ITGB3	Tnr	Itga2b_Itgb3					candidate_public_only_not_graph_edge	no_component_normalized_match_in_mSCIdblit
master_LR_union	TNR	ITGA8	Tnr	Itga8					candidate_public_only_not_graph_edge	no_component_normalized_match_in_mSCIdblit
master_LR_union	TNR	ITGA8+ITGB1	Tnr	Itga8_Itgb1					candidate_public_only_not_graph_edge	no_component_normalized_match_in_mSCIdblit
master_LR_union	TNR	ITGA9	Tnr	Itga9					candidate_public_only_not_graph_edge	no_component_normalized_match_in_mSCIdblit
master_LR_union	TNR	ITGA9+ITGB1	Tnr	Itga9_Itgb1					candidate_public_only_not_graph_edge	no_component_normalized_match_in_mSCIdblit
master_LR_union	TNR	ITGAV	Tnr	Itgav					candidate_public_only_not_graph_edge	no_component_normalized_match_in_mSCIdblit
master_LR_union	TNR	ITGAV+ITGB3	Tnr	Itgav_Itgb3					candidate_public_only_not_graph_edge	no_component_normalized_match_in_mSCIdblit
master_LR_union	TNR	ITGAV+ITGB6	Tnr	Itgav_Itgb6					candidate_public_only_not_graph_edge	no_component_normalized_match_in_mSCIdblit
master_LR_union	TNR	ITGB1	Tnr	Itgb1					candidate_public_only_not_graph_edge	no_component_normalized_match_in_mSCIdblit
master_LR_union	TNR	ITGB3	Tnr	Itgb3					candidate_public_only_not_graph_edge	no_component_normalized_match_in_mSCIdblit
master_LR_union	TNR	ITGB6	Tnr	Itgb6					candidate_public_only_not_graph_edge	no_component_normalized_match_in_mSCIdblit
master_LR_union	TNR	SDC1	Tnr	Sdc1					candidate_public_only_not_graph_edge	no_component_normalized_match_in_mSCIdblit
master_LR_union	TNR	SDC4	Tnr	Sdc4					candidate_public_only_not_graph_edge	no_component_normalized_match_in_mSCIdblit
master_LR_union	TNXB	ITGA2B	Tnxb	Itga2b					candidate_public_only_not_graph_edge	no_component_normalized_match_in_mSCIdblit
master_LR_union	TNXB	ITGA2B+ITGB3	Tnxb	Itga2b_Itgb3					candidate_public_only_not_graph_edge	no_component_normalized_match_in_mSCIdblit
master_LR_union	TNXB	ITGA8	Tnxb	Itga8					candidate_public_only_not_graph_edge	no_component_normalized_match_in_mSCIdblit
master_LR_union	TNXB	ITGA8+ITGB1	Tnxb	Itga8_Itgb1					candidate_public_only_not_graph_edge	no_component_normalized_match_in_mSCIdblit
master_LR_union	TNXB	ITGA9	Tnxb	Itga9					candidate_public_only_not_graph_edge	no_component_normalized_match_in_mSCIdblit
master_LR_union	TNXB	ITGA9+ITGB1	Tnxb	Itga9_Itgb1					candidate_public_only_not_graph_edge	no_component_normalized_match_in_mSCIdblit
master_LR_union	TNXB	ITGAV	Tnxb	Itgav					candidate_public_only_not_graph_edge	no_component_normalized_match_in_mSCIdblit
master_LR_union	TNXB	ITGAV+ITGB6	Tnxb	Itgav_Itgb6					candidate_public_only_not_graph_edge	no_component_normalized_match_in_mSCIdblit
master_LR_union	TNXB	ITGB1	Tnxb	Itgb1					candidate_public_only_not_graph_edge	no_component_normalized_match_in_mSCIdblit
master_LR_union	TNXB	ITGB3	Tnxb	Itgb3					candidate_public_only_not_graph_edge	no_component_normalized_match_in_mSCIdblit
master_LR_union	TNXB	ITGB6	Tnxb	Itgb6					candidate_public_only_not_graph_edge	no_component_normalized_match_in_mSCIdblit
master_LR_union	TNXB	SDC1	Tnxb	Sdc1					candidate_public_only_not_graph_edge	no_component_normalized_match_in_mSCIdblit
master_LR_union	TNXB	SDC4	Tnxb	Sdc4					candidate_public_only_not_graph_edge	no_component_normalized_match_in_mSCIdblit
master_LR_union	TPH1	HTR1A	Tph1	Htr1a					candidate_public_only_not_graph_edge	no_component_normalized_match_in_mSCIdblit
master_LR_union	TPH1	HTR1B	Tph1	Htr1b					candidate_public_only_not_graph_edge	no_component_normalized_match_in_mSCIdblit
master_LR_union	TPH1	HTR1D	Tph1	Htr1d					candidate_public_only_not_graph_edge	no_component_normalized_match_in_mSCIdblit
master_LR_union	TPH1	HTR1F	Tph1	Htr1f					candidate_public_only_not_graph_edge	no_component_normalized_match_in_mSCIdblit
master_LR_union	TPH1	HTR2A	Tph1	Htr2a					candidate_public_only_not_graph_edge	no_component_normalized_match_in_mSCIdblit
master_LR_union	TPH1	HTR2B	Tph1	Htr2b					candidate_public_only_not_graph_edge	no_component_normalized_match_in_mSCIdblit
master_LR_union	TPH1	HTR2C	Tph1	Htr2c					candidate_public_only_not_graph_edge	no_component_normalized_match_in_mSCIdblit
master_LR_union	TPH1	HTR4	Tph1	Htr4					candidate_public_only_not_graph_edge	no_component_normalized_match_in_mSCIdblit
master_LR_union	TPH1	HTR5A	Tph1	Htr5a					candidate_public_only_not_graph_edge	no_component_normalized_match_in_mSCIdblit
master_LR_union	TPH1	HTR6	Tph1	Htr6					candidate_public_only_not_graph_edge	no_component_normalized_match_in_mSCIdblit
master_LR_union	TPH1	HTR7	Tph1	Htr7					candidate_public_only_not_graph_edge	no_component_normalized_match_in_mSCIdblit
master_LR_union	TPSAB1	F2RL1	Tpsab1	F2rl1					candidate_public_only_not_graph_edge	no_component_normalized_match_in_mSCIdblit
master_LR_union	TPSB2	F2RL1	Tpsb2	F2rl1					candidate_public_only_not_graph_edge	no_component_normalized_match_in_mSCIdblit
master_LR_union	TPSG1	SIRPA	Tpsg1	Sirpa					candidate_public_only_not_graph_edge	no_component_normalized_match_in_mSCIdblit
master_LR_union	TRAF2	MAP4K2	Traf2	Map4k2					candidate_public_only_not_graph_edge	no_component_normalized_match_in_mSCIdblit
master_LR_union	TRAF2	TNFRSF1B	Traf2	Tnfrsf1b					candidate_public_only_not_graph_edge	no_component_normalized_match_in_mSCIdblit
master_LR_union	TREML1	KIR3DL1	Treml1	Kir3dl1					candidate_public_only_not_graph_edge	no_component_normalized_match_in_mSCIdblit
master_LR_union	TREML4	SIGLECE	Treml4	Siglece					candidate_public_only_not_graph_edge	no_component_normalized_match_in_mSCIdblit
master_LR_union	TREML4	SIGLECF	Treml4	Siglecf					candidate_public_only_not_graph_edge	no_component_normalized_match_in_mSCIdblit
master_LR_union	TRF	ADRB2	Trf	Adrb2					candidate_public_only_not_graph_edge	no_component_normalized_match_in_mSCIdblit
master_LR_union	TRF	HFE	Trf	Hfe					candidate_public_only_not_graph_edge	no_component_normalized_match_in_mSCIdblit
master_LR_union	TRF	LDLR	Trf	Ldlr					candidate_public_only_not_graph_edge	no_component_normalized_match_in_mSCIdblit
master_LR_union	TRF	LRP2	Trf	Lrp2					candidate_public_only_not_graph_edge	no_component_normalized_match_in_mSCIdblit
master_LR_union	TRH	TRHR2	Trh	Trhr2					candidate_public_only_not_graph_edge	no_component_normalized_match_in_mSCIdblit
master_LR_union	TRY10	F2R	Try10	F2r					candidate_public_only_not_graph_edge	no_component_normalized_match_in_mSCIdblit
master_LR_union	TRY10	F2RL1	Try10	F2rl1					candidate_public_only_not_graph_edge	no_component_normalized_match_in_mSCIdblit
master_LR_union	TRY10	F2RL2	Try10	F2rl2					candidate_public_only_not_graph_edge	no_component_normalized_match_in_mSCIdblit
master_LR_union	TRY10	F2RL3	Try10	F2rl3					candidate_public_only_not_graph_edge	no_component_normalized_match_in_mSCIdblit
master_LR_union	TRY10	PARD3	Try10	Pard3					candidate_public_only_not_graph_edge	no_component_normalized_match_in_mSCIdblit
master_LR_union	TRY4	F2R	Try4	F2r					candidate_public_only_not_graph_edge	no_component_normalized_match_in_mSCIdblit
master_LR_union	TRY4	F2RL1	Try4	F2rl1					candidate_public_only_not_graph_edge	no_component_normalized_match_in_mSCIdblit
master_LR_union	TRY4	F2RL2	Try4	F2rl2					candidate_public_only_not_graph_edge	no_component_normalized_match_in_mSCIdblit
master_LR_union	TRY4	F2RL3	Try4	F2rl3					candidate_public_only_not_graph_edge	no_component_normalized_match_in_mSCIdblit
master_LR_union	TRY4	PARD3	Try4	Pard3					candidate_public_only_not_graph_edge	no_component_normalized_match_in_mSCIdblit
master_LR_union	TRY5	F2R	Try5	F2r					candidate_public_only_not_graph_edge	no_component_normalized_match_in_mSCIdblit
master_LR_union	TRY5	F2RL1	Try5	F2rl1					candidate_public_only_not_graph_edge	no_component_normalized_match_in_mSCIdblit
master_LR_union	TRY5	F2RL2	Try5	F2rl2					candidate_public_only_not_graph_edge	no_component_normalized_match_in_mSCIdblit
master_LR_union	TRY5	F2RL3	Try5	F2rl3					candidate_public_only_not_graph_edge	no_component_normalized_match_in_mSCIdblit
master_LR_union	TRY5	PARD3	Try5	Pard3					candidate_public_only_not_graph_edge	no_component_normalized_match_in_mSCIdblit
master_LR_union	TSHB	ADCYAP1R1	Tshb	Adcyap1r1					candidate_public_only_not_graph_edge	no_component_normalized_match_in_mSCIdblit
master_LR_union	TSHB	ADRB2	Tshb	Adrb2					candidate_public_only_not_graph_edge	no_component_normalized_match_in_mSCIdblit
master_LR_union	TSHB	ADRB3	Tshb	Adrb3					candidate_public_only_not_graph_edge	no_component_normalized_match_in_mSCIdblit
master_LR_union	TSHB	GPR20	Tshb	Gpr20					candidate_public_only_not_graph_edge	no_component_normalized_match_in_mSCIdblit
master_LR_union	TSHB	GPR84	Tshb	Gpr84					candidate_public_only_not_graph_edge	no_component_normalized_match_in_mSCIdblit
master_LR_union	TSHB	PTH1R	Tshb	Pth1r					candidate_public_only_not_graph_edge	no_component_normalized_match_in_mSCIdblit
master_LR_union	TSHB	RAMP2	Tshb	Ramp2					candidate_public_only_not_graph_edge	no_component_normalized_match_in_mSCIdblit
master_LR_union	TSHB	RAMP3	Tshb	Ramp3					candidate_public_only_not_graph_edge	no_component_normalized_match_in_mSCIdblit
master_LR_union	TSHB	TSHR	Tshb	Tshr					candidate_public_only_not_graph_edge	no_component_normalized_match_in_mSCIdblit
master_LR_union	TSHB	VIPR1	Tshb	Vipr1					candidate_public_only_not_graph_edge	no_component_normalized_match_in_mSCIdblit
master_LR_union	TSLP	CRLF2	Tslp	Crlf2					candidate_public_only_not_graph_edge	no_component_normalized_match_in_mSCIdblit
master_LR_union	TSLP	CRLF2+IL7R+TSLP	Tslp	Crlf2_Il7r_Tslp					candidate_public_only_not_graph_edge	no_component_normalized_match_in_mSCIdblit
master_LR_union	TSLP	IL7R	Tslp	Il7r					candidate_public_only_not_graph_edge	no_component_normalized_match_in_mSCIdblit
master_LR_union	TSPAN3	ADAM10	Tspan3	Adam10					candidate_public_only_not_graph_edge	no_component_normalized_match_in_mSCIdblit
master_LR_union	TSPAN3	CLDN11	Tspan3	Cldn11					candidate_public_only_not_graph_edge	no_component_normalized_match_in_mSCIdblit
master_LR_union	TSPAN33	ADAM10	Tspan33	Adam10					candidate_public_only_not_graph_edge	no_component_normalized_match_in_mSCIdblit
master_LR_union	TSPAN33	CLDN11	Tspan33	Cldn11					candidate_public_only_not_graph_edge	no_component_normalized_match_in_mSCIdblit
master_LR_union	TSPAN5	TSPAN13	Tspan5	Tspan13					candidate_public_only_not_graph_edge	no_component_normalized_match_in_mSCIdblit
master_LR_union	TTR	APOA1	Ttr	Apoa1					candidate_public_only_not_graph_edge	no_component_normalized_match_in_mSCIdblit
master_LR_union	TTR	NGFR	Ttr	Ngfr					candidate_public_only_not_graph_edge	no_component_normalized_match_in_mSCIdblit
master_LR_union	TUB	MERTK	Tub	Mertk					candidate_public_only_not_graph_edge	no_component_normalized_match_in_mSCIdblit
master_LR_union	TULP1	AXL	Tulp1	Axl					candidate_public_only_not_graph_edge	no_component_normalized_match_in_mSCIdblit
master_LR_union	TULP1	MERTK	Tulp1	Mertk					candidate_public_only_not_graph_edge	no_component_normalized_match_in_mSCIdblit
master_LR_union	TULP1	TYRO3	Tulp1	Tyro3					candidate_public_only_not_graph_edge	no_component_normalized_match_in_mSCIdblit
master_LR_union	TULP2	TYRO3	Tulp2	Tyro3					candidate_public_only_not_graph_edge	no_component_normalized_match_in_mSCIdblit
master_LR_union	TXLNA	STX1A	Txlna	Stx1a					candidate_public_only_not_graph_edge	no_component_normalized_match_in_mSCIdblit
master_LR_union	TXLNA	STX3	Txlna	Stx3					candidate_public_only_not_graph_edge	no_component_normalized_match_in_mSCIdblit
master_LR_union	TXLNA	STX4A	Txlna	Stx4a					candidate_public_only_not_graph_edge	no_component_normalized_match_in_mSCIdblit
master_LR_union	TYROBP	KLRD1	Tyrobp	Klrd1					candidate_public_only_not_graph_edge	no_component_normalized_match_in_mSCIdblit
master_LR_union	TYROBP	TREM1	Tyrobp	Trem1					candidate_public_only_not_graph_edge	no_component_normalized_match_in_mSCIdblit
master_LR_union	UBASH3B	ESR1	Ubash3b	Esr1					candidate_public_only_not_graph_edge	no_component_normalized_match_in_mSCIdblit
master_LR_union	UBASH3B	NR1I2	Ubash3b	Nr1i2					candidate_public_only_not_graph_edge	no_component_normalized_match_in_mSCIdblit
master_LR_union	UBASH3B	PPARA	Ubash3b	Ppara					candidate_public_only_not_graph_edge	no_component_normalized_match_in_mSCIdblit
master_LR_union	UCN2	CRHR1	Ucn2	Crhr1					candidate_public_only_not_graph_edge	no_component_normalized_match_in_mSCIdblit
master_LR_union	UCN2	IL10RB	Ucn2	Il10rb					candidate_public_only_not_graph_edge	no_component_normalized_match_in_mSCIdblit
master_LR_union	UCN3	CRHR1	Ucn3	Crhr1					candidate_public_only_not_graph_edge	no_component_normalized_match_in_mSCIdblit
master_LR_union	UCN3	IL10RB	Ucn3	Il10rb					candidate_public_only_not_graph_edge	no_component_normalized_match_in_mSCIdblit
master_LR_union	ULBP1	HCST+KLRK1	Ulbp1	Klrk1_Hcst					candidate_public_only_not_graph_edge	no_component_normalized_match_in_mSCIdblit
master_LR_union	ULBP1	KLRK1	Ulbp1	Klrk1					candidate_public_only_not_graph_edge	no_component_normalized_match_in_mSCIdblit
master_LR_union	UNC5A	ADGRL3	Unc5a	Adgrl3					candidate_public_only_not_graph_edge	no_component_normalized_match_in_mSCIdblit
master_LR_union	VASP	CXCR2	Vasp	Cxcr2					candidate_public_only_not_graph_edge	no_component_normalized_match_in_mSCIdblit
master_LR_union	VCAM1	EZR	Vcam1	Ezr					candidate_public_only_not_graph_edge	no_component_normalized_match_in_mSCIdblit
master_LR_union	VCAM1	ITGA4	Vcam1	Itga4					candidate_public_only_not_graph_edge	no_component_normalized_match_in_mSCIdblit
master_LR_union	VCAM1	ITGA9	Vcam1	Itga9					candidate_public_only_not_graph_edge	no_component_normalized_match_in_mSCIdblit
master_LR_union	VCAM1	ITGAD	Vcam1	Itgad					candidate_public_only_not_graph_edge	no_component_normalized_match_in_mSCIdblit
master_LR_union	VCAM1	ITGB1	Vcam1	Itgb1					candidate_public_only_not_graph_edge	no_component_normalized_match_in_mSCIdblit
master_LR_union	VCAM1	ITGB2	Vcam1	Itgb2					candidate_public_only_not_graph_edge	no_component_normalized_match_in_mSCIdblit
master_LR_union	VCAM1	ITGB2L	Vcam1	Itgb2l					candidate_public_only_not_graph_edge	no_component_normalized_match_in_mSCIdblit
master_LR_union	VCAM1	ITGB7	Vcam1	Itgb7					candidate_public_only_not_graph_edge	no_component_normalized_match_in_mSCIdblit
master_LR_union	VCAM1	MSN	Vcam1	Msn					candidate_public_only_not_graph_edge	no_component_normalized_match_in_mSCIdblit
master_LR_union	VCAN	EGFR	Vcan	Egfr					candidate_public_only_not_graph_edge	no_component_normalized_match_in_mSCIdblit
master_LR_union	VCAN	ITGA4	Vcan	Itga4					candidate_public_only_not_graph_edge	no_component_normalized_match_in_mSCIdblit
master_LR_union	VCAN	ITGB1	Vcan	Itgb1					candidate_public_only_not_graph_edge	no_component_normalized_match_in_mSCIdblit
master_LR_union	VCAN	SELP	Vcan	Selp					candidate_public_only_not_graph_edge	no_component_normalized_match_in_mSCIdblit
master_LR_union	VCAN	SELPLG	Vcan	Selplg					candidate_public_only_not_graph_edge	no_component_normalized_match_in_mSCIdblit
master_LR_union	VCAN	TLR1	Vcan	Tlr1					candidate_public_only_not_graph_edge	no_component_normalized_match_in_mSCIdblit
master_LR_union	VCL	ALK	Vcl	Alk					candidate_public_only_not_graph_edge	no_component_normalized_match_in_mSCIdblit
master_LR_union	VCL	ITGB5	Vcl	Itgb5					candidate_public_only_not_graph_edge	no_component_normalized_match_in_mSCIdblit
master_LR_union	VEGFA	EGFR	Vegfa	Egfr					candidate_public_only_not_graph_edge	no_component_normalized_match_in_mSCIdblit
master_LR_union	VEGFA	EPHB2	Vegfa	Ephb2					candidate_public_only_not_graph_edge	no_component_normalized_match_in_mSCIdblit
master_LR_union	VEGFA	FLT1	Vegfa	Flt1					candidate_public_only_not_graph_edge	no_component_normalized_match_in_mSCIdblit
master_LR_union	VEGFA	FLT1+KDR	Vegfa	Flt1_Kdr					candidate_public_only_not_graph_edge	no_component_normalized_match_in_mSCIdblit
master_LR_union	VEGFA	GRIN2B	Vegfa	Grin2b					candidate_public_only_not_graph_edge	no_component_normalized_match_in_mSCIdblit
master_LR_union	VEGFA	ITGA9	Vegfa	Itga9					candidate_public_only_not_graph_edge	no_component_normalized_match_in_mSCIdblit
master_LR_union	VEGFA	ITGAV	Vegfa	Itgav					candidate_public_only_not_graph_edge	no_component_normalized_match_in_mSCIdblit
master_LR_union	VEGFA	ITGB1	Vegfa	Itgb1					candidate_public_only_not_graph_edge	no_component_normalized_match_in_mSCIdblit
master_LR_union	VEGFA	ITGB3	Vegfa	Itgb3					candidate_public_only_not_graph_edge	no_component_normalized_match_in_mSCIdblit
master_LR_union	VEGFA	KDR	Vegfa	Kdr					candidate_public_only_not_graph_edge	no_component_normalized_match_in_mSCIdblit
master_LR_union	VEGFA	NRP1	Vegfa	Nrp1					candidate_public_only_not_graph_edge	no_component_normalized_match_in_mSCIdblit
master_LR_union	VEGFA	RET	Vegfa	Ret					candidate_public_only_not_graph_edge	no_component_normalized_match_in_mSCIdblit
master_LR_union	VEGFA	SIRPA	Vegfa	Sirpa					candidate_public_only_not_graph_edge	no_component_normalized_match_in_mSCIdblit
master_LR_union	VEGFA	TYRO3	Vegfa	Tyro3					candidate_public_only_not_graph_edge	no_component_normalized_match_in_mSCIdblit
master_LR_union	VEGFB	ADRB2	Vegfb	Adrb2					candidate_public_only_not_graph_edge	no_component_normalized_match_in_mSCIdblit
master_LR_union	VEGFB	FLT1	Vegfb	Flt1					candidate_public_only_not_graph_edge	no_component_normalized_match_in_mSCIdblit
master_LR_union	VEGFB	FLT1+KDR	Vegfb	Flt1_Kdr					candidate_public_only_not_graph_edge	no_component_normalized_match_in_mSCIdblit
master_LR_union	VEGFB	KDR	Vegfb	Kdr					candidate_public_only_not_graph_edge	no_component_normalized_match_in_mSCIdblit
master_LR_union	VEGFB	RET	Vegfb	Ret					candidate_public_only_not_graph_edge	no_component_normalized_match_in_mSCIdblit
master_LR_union	VEGFC	CCBE1	Vegfc	Ccbe1					candidate_public_only_not_graph_edge	no_component_normalized_match_in_mSCIdblit
master_LR_union	VEGFC	FLT1	Vegfc	Flt1					candidate_public_only_not_graph_edge	no_component_normalized_match_in_mSCIdblit
master_LR_union	VEGFC	FLT4	Vegfc	Flt4					candidate_public_only_not_graph_edge	no_component_normalized_match_in_mSCIdblit
master_LR_union	VEGFC	FLT4+KDR	Vegfc	Flt4_Kdr					candidate_public_only_not_graph_edge	no_component_normalized_match_in_mSCIdblit
master_LR_union	VEGFC	ITGA9	Vegfc	Itga9					candidate_public_only_not_graph_edge	no_component_normalized_match_in_mSCIdblit
master_LR_union	VEGFC	ITGB1	Vegfc	Itgb1					candidate_public_only_not_graph_edge	no_component_normalized_match_in_mSCIdblit
master_LR_union	VEGFC	KDR	Vegfc	Kdr					candidate_public_only_not_graph_edge	no_component_normalized_match_in_mSCIdblit
master_LR_union	VEGFC	LYVE1	Vegfc	Lyve1					candidate_public_only_not_graph_edge	no_component_normalized_match_in_mSCIdblit
master_LR_union	VEGFC	VIPR2	Vegfc	Vipr2					candidate_public_only_not_graph_edge	no_component_normalized_match_in_mSCIdblit
master_LR_union	VEGFD	FLT1	Vegfd	Flt1					candidate_public_only_not_graph_edge	no_component_normalized_match_in_mSCIdblit
master_LR_union	VEGFD	FLT4	Vegfd	Flt4					candidate_public_only_not_graph_edge	no_component_normalized_match_in_mSCIdblit
master_LR_union	VEGFD	FLT4+KDR	Vegfd	Flt4_Kdr					candidate_public_only_not_graph_edge	no_component_normalized_match_in_mSCIdblit
master_LR_union	VEGFD	ITGA1	Vegfd	Itga1					candidate_public_only_not_graph_edge	no_component_normalized_match_in_mSCIdblit
master_LR_union	VEGFD	ITGA2	Vegfd	Itga2					candidate_public_only_not_graph_edge	no_component_normalized_match_in_mSCIdblit
master_LR_union	VEGFD	ITGA4	Vegfd	Itga4					candidate_public_only_not_graph_edge	no_component_normalized_match_in_mSCIdblit
master_LR_union	VEGFD	ITGA5	Vegfd	Itga5					candidate_public_only_not_graph_edge	no_component_normalized_match_in_mSCIdblit
master_LR_union	VEGFD	ITGA9	Vegfd	Itga9					candidate_public_only_not_graph_edge	no_component_normalized_match_in_mSCIdblit
master_LR_union	VEGFD	ITGB1	Vegfd	Itgb1					candidate_public_only_not_graph_edge	no_component_normalized_match_in_mSCIdblit
master_LR_union	VEGFD	KDR	Vegfd	Kdr					candidate_public_only_not_graph_edge	no_component_normalized_match_in_mSCIdblit
master_LR_union	VEGFD	NRP2	Vegfd	Nrp2					candidate_public_only_not_graph_edge	no_component_normalized_match_in_mSCIdblit
master_LR_union	VGF	NTRK1	Vgf	Ntrk1					candidate_public_only_not_graph_edge	no_component_normalized_match_in_mSCIdblit
master_LR_union	VIP	ADRB1	Vip	Adrb1					candidate_public_only_not_graph_edge	no_component_normalized_match_in_mSCIdblit
master_LR_union	VIP	ADRB2	Vip	Adrb2					candidate_public_only_not_graph_edge	no_component_normalized_match_in_mSCIdblit
master_LR_union	VIP	ADRB3	Vip	Adrb3					candidate_public_only_not_graph_edge	no_component_normalized_match_in_mSCIdblit
master_LR_union	VIP	AVPR1A	Vip	Avpr1a					candidate_public_only_not_graph_edge	no_component_normalized_match_in_mSCIdblit
master_LR_union	VIP	DPP4	Vip	Dpp4					candidate_public_only_not_graph_edge	no_component_normalized_match_in_mSCIdblit
master_LR_union	VIP	GPR20	Vip	Gpr20					candidate_public_only_not_graph_edge	no_component_normalized_match_in_mSCIdblit
master_LR_union	VIP	GPR84	Vip	Gpr84					candidate_public_only_not_graph_edge	no_component_normalized_match_in_mSCIdblit
master_LR_union	VIP	NPR3	Vip	Npr3					candidate_public_only_not_graph_edge	no_component_normalized_match_in_mSCIdblit
master_LR_union	VIP	PTH1R	Vip	Pth1r					candidate_public_only_not_graph_edge	no_component_normalized_match_in_mSCIdblit
master_LR_union	VIP	RAMP1	Vip	Ramp1					candidate_public_only_not_graph_edge	no_component_normalized_match_in_mSCIdblit
master_LR_union	VIP	RAMP2	Vip	Ramp2					candidate_public_only_not_graph_edge	no_component_normalized_match_in_mSCIdblit
master_LR_union	VIP	RAMP3	Vip	Ramp3					candidate_public_only_not_graph_edge	no_component_normalized_match_in_mSCIdblit
master_LR_union	VIP	SCTR	Vip	Sctr					candidate_public_only_not_graph_edge	no_component_normalized_match_in_mSCIdblit
master_LR_union	VIP	TSHR	Vip	Tshr					candidate_public_only_not_graph_edge	no_component_normalized_match_in_mSCIdblit
master_LR_union	VSIG10	IL6ST	Vsig10	Il6st					candidate_public_only_not_graph_edge	no_component_normalized_match_in_mSCIdblit
master_LR_union	VSIR	IGSF11	Vsir	Igsf11					candidate_public_only_not_graph_edge	no_component_normalized_match_in_mSCIdblit
master_LR_union	VSIR	VSIG8	Vsir	Vsig8					candidate_public_only_not_graph_edge	no_component_normalized_match_in_mSCIdblit
master_LR_union	VSTM4	MOG	Vstm4	Mog					candidate_public_only_not_graph_edge	no_component_normalized_match_in_mSCIdblit
master_LR_union	VTCN1	BTLA	Vtcn1	Btla					candidate_public_only_not_graph_edge	no_component_normalized_match_in_mSCIdblit
master_LR_union	VTN	CD47	Vtn	Cd47					candidate_public_only_not_graph_edge	no_component_normalized_match_in_mSCIdblit
master_LR_union	VTN	ITGA2B	Vtn	Itga2b					candidate_public_only_not_graph_edge	no_component_normalized_match_in_mSCIdblit
master_LR_union	VTN	ITGA3	Vtn	Itga3					candidate_public_only_not_graph_edge	no_component_normalized_match_in_mSCIdblit
master_LR_union	VTN	ITGA5	Vtn	Itga5					candidate_public_only_not_graph_edge	no_component_normalized_match_in_mSCIdblit
master_LR_union	VTN	ITGA8	Vtn	Itga8					candidate_public_only_not_graph_edge	no_component_normalized_match_in_mSCIdblit
master_LR_union	VTN	ITGAV	Vtn	Itgav					candidate_public_only_not_graph_edge	no_component_normalized_match_in_mSCIdblit
master_LR_union	VTN	ITGB1	Vtn	Itgb1					candidate_public_only_not_graph_edge	no_component_normalized_match_in_mSCIdblit
master_LR_union	VTN	ITGB3	Vtn	Itgb3					candidate_public_only_not_graph_edge	no_component_normalized_match_in_mSCIdblit
master_LR_union	VTN	ITGB5	Vtn	Itgb5					candidate_public_only_not_graph_edge	no_component_normalized_match_in_mSCIdblit
master_LR_union	VTN	ITGB6	Vtn	Itgb6					candidate_public_only_not_graph_edge	no_component_normalized_match_in_mSCIdblit
master_LR_union	VTN	ITGB8	Vtn	Itgb8					candidate_public_only_not_graph_edge	no_component_normalized_match_in_mSCIdblit
master_LR_union	VTN	PVR	Vtn	Pvr					candidate_public_only_not_graph_edge	no_component_normalized_match_in_mSCIdblit
master_LR_union	VTN	TNFRSF11B	Vtn	Tnfrsf11b					candidate_public_only_not_graph_edge	no_component_normalized_match_in_mSCIdblit
master_LR_union	VWF	ADAMTS13	Vwf	Adamts13					candidate_public_only_not_graph_edge	no_component_normalized_match_in_mSCIdblit
master_LR_union	VWF	F8	Vwf	F8					candidate_public_only_not_graph_edge	no_component_normalized_match_in_mSCIdblit
master_LR_union	VWF	GP1BA	Vwf	Gp1ba					candidate_public_only_not_graph_edge	no_component_normalized_match_in_mSCIdblit
master_LR_union	VWF	GP1BA+GP1BB+GP5+GP9	Vwf	Gp1ba_Gp1bb_Gp5_Gp9					candidate_public_only_not_graph_edge	no_component_normalized_match_in_mSCIdblit
master_LR_union	VWF	GP1BB	Vwf	Gp1bb					candidate_public_only_not_graph_edge	no_component_normalized_match_in_mSCIdblit
master_LR_union	VWF	GP5	Vwf	Gp5					candidate_public_only_not_graph_edge	no_component_normalized_match_in_mSCIdblit
master_LR_union	VWF	GP9	Vwf	Gp9					candidate_public_only_not_graph_edge	no_component_normalized_match_in_mSCIdblit
master_LR_union	VWF	ITGA2B	Vwf	Itga2b					candidate_public_only_not_graph_edge	no_component_normalized_match_in_mSCIdblit
master_LR_union	VWF	ITGA4	Vwf	Itga4					candidate_public_only_not_graph_edge	no_component_normalized_match_in_mSCIdblit
master_LR_union	VWF	ITGA9	Vwf	Itga9					candidate_public_only_not_graph_edge	no_component_normalized_match_in_mSCIdblit
master_LR_union	VWF	ITGAV	Vwf	Itgav					candidate_public_only_not_graph_edge	no_component_normalized_match_in_mSCIdblit
master_LR_union	VWF	ITGB1	Vwf	Itgb1					candidate_public_only_not_graph_edge	no_component_normalized_match_in_mSCIdblit
master_LR_union	VWF	ITGB3	Vwf	Itgb3					candidate_public_only_not_graph_edge	no_component_normalized_match_in_mSCIdblit
master_LR_union	VWF	SIRPA	Vwf	Sirpa					candidate_public_only_not_graph_edge	no_component_normalized_match_in_mSCIdblit
master_LR_union	VWF	TNFRSF11B	Vwf	Tnfrsf11b					candidate_public_only_not_graph_edge	no_component_normalized_match_in_mSCIdblit
master_LR_union	WBP1	CTLA4	Wbp1	Ctla4					candidate_public_only_not_graph_edge	no_component_normalized_match_in_mSCIdblit
master_LR_union	WFIKKN2	IGDCC3	Wfikkn2	Igdcc3					candidate_public_only_not_graph_edge	no_component_normalized_match_in_mSCIdblit
master_LR_union	WFIKKN2	IGDCC4	Wfikkn2	Igdcc4					candidate_public_only_not_graph_edge	no_component_normalized_match_in_mSCIdblit
master_LR_union	WFIKKN2	PRTG	Wfikkn2	Prtg					candidate_public_only_not_graph_edge	no_component_normalized_match_in_mSCIdblit
master_LR_union	WIF1	RYK	Wif1	Ryk					candidate_public_only_not_graph_edge	no_component_normalized_match_in_mSCIdblit
master_LR_union	WNT1	CD36	Wnt1	Cd36					candidate_public_only_not_graph_edge	no_component_normalized_match_in_mSCIdblit
master_LR_union	WNT1	FZD1	Wnt1	Fzd1					candidate_public_only_not_graph_edge	no_component_normalized_match_in_mSCIdblit
master_LR_union	WNT1	FZD1+LRP5	Wnt1	Fzd1_Lrp5					candidate_public_only_not_graph_edge	no_component_normalized_match_in_mSCIdblit
master_LR_union	WNT1	FZD1+LRP6	Wnt1	Fzd1_Lrp6					candidate_public_only_not_graph_edge	no_component_normalized_match_in_mSCIdblit
master_LR_union	WNT1	FZD10+LRP5	Wnt1	Fzd10_Lrp5					candidate_public_only_not_graph_edge	no_component_normalized_match_in_mSCIdblit
master_LR_union	WNT1	FZD10+LRP6	Wnt1	Fzd10_Lrp6					candidate_public_only_not_graph_edge	no_component_normalized_match_in_mSCIdblit
master_LR_union	WNT1	FZD2+LRP5	Wnt1	Fzd2_Lrp5					candidate_public_only_not_graph_edge	no_component_normalized_match_in_mSCIdblit
master_LR_union	WNT1	FZD2+LRP6	Wnt1	Fzd2_Lrp6					candidate_public_only_not_graph_edge	no_component_normalized_match_in_mSCIdblit
master_LR_union	WNT1	FZD3	Wnt1	Fzd3					candidate_public_only_not_graph_edge	no_component_normalized_match_in_mSCIdblit
master_LR_union	WNT1	FZD3+LRP5	Wnt1	Fzd3_Lrp5					candidate_public_only_not_graph_edge	no_component_normalized_match_in_mSCIdblit
master_LR_union	WNT1	FZD3+LRP6	Wnt1	Fzd3_Lrp6					candidate_public_only_not_graph_edge	no_component_normalized_match_in_mSCIdblit
master_LR_union	WNT1	FZD4+LRP5	Wnt1	Fzd4_Lrp5					candidate_public_only_not_graph_edge	no_component_normalized_match_in_mSCIdblit
master_LR_union	WNT1	FZD4+LRP6	Wnt1	Fzd4_Lrp6					candidate_public_only_not_graph_edge	no_component_normalized_match_in_mSCIdblit
master_LR_union	WNT1	FZD5+LRP5	Wnt1	Fzd5_Lrp5					candidate_public_only_not_graph_edge	no_component_normalized_match_in_mSCIdblit
master_LR_union	WNT1	FZD5+LRP6	Wnt1	Fzd5_Lrp6					candidate_public_only_not_graph_edge	no_component_normalized_match_in_mSCIdblit
master_LR_union	WNT1	FZD6+LRP5	Wnt1	Fzd6_Lrp5					candidate_public_only_not_graph_edge	no_component_normalized_match_in_mSCIdblit
master_LR_union	WNT1	FZD6+LRP6	Wnt1	Fzd6_Lrp6					candidate_public_only_not_graph_edge	no_component_normalized_match_in_mSCIdblit
master_LR_union	WNT1	FZD7+LRP5	Wnt1	Fzd7_Lrp5					candidate_public_only_not_graph_edge	no_component_normalized_match_in_mSCIdblit
master_LR_union	WNT1	FZD7+LRP6	Wnt1	Fzd7_Lrp6					candidate_public_only_not_graph_edge	no_component_normalized_match_in_mSCIdblit
master_LR_union	WNT1	FZD8	Wnt1	Fzd8					candidate_public_only_not_graph_edge	no_component_normalized_match_in_mSCIdblit
master_LR_union	WNT1	FZD8+LRP5	Wnt1	Fzd8_Lrp5					candidate_public_only_not_graph_edge	no_component_normalized_match_in_mSCIdblit
master_LR_union	WNT1	FZD8+LRP6	Wnt1	Fzd8_Lrp6					candidate_public_only_not_graph_edge	no_component_normalized_match_in_mSCIdblit
master_LR_union	WNT1	FZD9	Wnt1	Fzd9					candidate_public_only_not_graph_edge	no_component_normalized_match_in_mSCIdblit
master_LR_union	WNT1	FZD9+LRP5	Wnt1	Fzd9_Lrp5					candidate_public_only_not_graph_edge	no_component_normalized_match_in_mSCIdblit
master_LR_union	WNT1	FZD9+LRP6	Wnt1	Fzd9_Lrp6					candidate_public_only_not_graph_edge	no_component_normalized_match_in_mSCIdblit
master_LR_union	WNT1	LRP5	Wnt1	Lrp5					candidate_public_only_not_graph_edge	no_component_normalized_match_in_mSCIdblit
master_LR_union	WNT1	LRP6	Wnt1	Lrp6					candidate_public_only_not_graph_edge	no_component_normalized_match_in_mSCIdblit
master_LR_union	WNT1	RYK	Wnt1	Ryk					candidate_public_only_not_graph_edge	no_component_normalized_match_in_mSCIdblit
master_LR_union	WNT10A	FZD1	Wnt10a	Fzd1					candidate_public_only_not_graph_edge	no_component_normalized_match_in_mSCIdblit
master_LR_union	WNT10A	FZD1+LRP5	Wnt10a	Fzd1_Lrp5					candidate_public_only_not_graph_edge	no_component_normalized_match_in_mSCIdblit
master_LR_union	WNT10A	FZD1+LRP6	Wnt10a	Fzd1_Lrp6					candidate_public_only_not_graph_edge	no_component_normalized_match_in_mSCIdblit
master_LR_union	WNT10A	FZD10	Wnt10a	Fzd10					candidate_public_only_not_graph_edge	no_component_normalized_match_in_mSCIdblit
master_LR_union	WNT10A	FZD10+LRP5	Wnt10a	Fzd10_Lrp5					candidate_public_only_not_graph_edge	no_component_normalized_match_in_mSCIdblit
master_LR_union	WNT10A	FZD10+LRP6	Wnt10a	Fzd10_Lrp6					candidate_public_only_not_graph_edge	no_component_normalized_match_in_mSCIdblit
master_LR_union	WNT10A	FZD2	Wnt10a	Fzd2					candidate_public_only_not_graph_edge	no_component_normalized_match_in_mSCIdblit
master_LR_union	WNT10A	FZD2+LRP5	Wnt10a	Fzd2_Lrp5					candidate_public_only_not_graph_edge	no_component_normalized_match_in_mSCIdblit
master_LR_union	WNT10A	FZD2+LRP6	Wnt10a	Fzd2_Lrp6					candidate_public_only_not_graph_edge	no_component_normalized_match_in_mSCIdblit
master_LR_union	WNT10A	FZD3	Wnt10a	Fzd3					candidate_public_only_not_graph_edge	no_component_normalized_match_in_mSCIdblit
master_LR_union	WNT10A	FZD3+LRP5	Wnt10a	Fzd3_Lrp5					candidate_public_only_not_graph_edge	no_component_normalized_match_in_mSCIdblit
master_LR_union	WNT10A	FZD3+LRP6	Wnt10a	Fzd3_Lrp6					candidate_public_only_not_graph_edge	no_component_normalized_match_in_mSCIdblit
master_LR_union	WNT10A	FZD4	Wnt10a	Fzd4					candidate_public_only_not_graph_edge	no_component_normalized_match_in_mSCIdblit
master_LR_union	WNT10A	FZD4+LRP5	Wnt10a	Fzd4_Lrp5					candidate_public_only_not_graph_edge	no_component_normalized_match_in_mSCIdblit
master_LR_union	WNT10A	FZD4+LRP6	Wnt10a	Fzd4_Lrp6					candidate_public_only_not_graph_edge	no_component_normalized_match_in_mSCIdblit
master_LR_union	WNT10A	FZD5	Wnt10a	Fzd5					candidate_public_only_not_graph_edge	no_component_normalized_match_in_mSCIdblit
master_LR_union	WNT10A	FZD5+LRP5	Wnt10a	Fzd5_Lrp5					candidate_public_only_not_graph_edge	no_component_normalized_match_in_mSCIdblit
master_LR_union	WNT10A	FZD5+LRP6	Wnt10a	Fzd5_Lrp6					candidate_public_only_not_graph_edge	no_component_normalized_match_in_mSCIdblit
master_LR_union	WNT10A	FZD6	Wnt10a	Fzd6					candidate_public_only_not_graph_edge	no_component_normalized_match_in_mSCIdblit
master_LR_union	WNT10A	FZD6+LRP5	Wnt10a	Fzd6_Lrp5					candidate_public_only_not_graph_edge	no_component_normalized_match_in_mSCIdblit
master_LR_union	WNT10A	FZD6+LRP6	Wnt10a	Fzd6_Lrp6					candidate_public_only_not_graph_edge	no_component_normalized_match_in_mSCIdblit
master_LR_union	WNT10A	FZD7	Wnt10a	Fzd7					candidate_public_only_not_graph_edge	no_component_normalized_match_in_mSCIdblit
master_LR_union	WNT10A	FZD7+LRP5	Wnt10a	Fzd7_Lrp5					candidate_public_only_not_graph_edge	no_component_normalized_match_in_mSCIdblit
master_LR_union	WNT10A	FZD7+LRP6	Wnt10a	Fzd7_Lrp6					candidate_public_only_not_graph_edge	no_component_normalized_match_in_mSCIdblit
master_LR_union	WNT10A	FZD8	Wnt10a	Fzd8					candidate_public_only_not_graph_edge	no_component_normalized_match_in_mSCIdblit
master_LR_union	WNT10A	FZD8+LRP5	Wnt10a	Fzd8_Lrp5					candidate_public_only_not_graph_edge	no_component_normalized_match_in_mSCIdblit
master_LR_union	WNT10A	FZD8+LRP6	Wnt10a	Fzd8_Lrp6					candidate_public_only_not_graph_edge	no_component_normalized_match_in_mSCIdblit
master_LR_union	WNT10A	FZD9	Wnt10a	Fzd9					candidate_public_only_not_graph_edge	no_component_normalized_match_in_mSCIdblit
master_LR_union	WNT10A	FZD9+LRP5	Wnt10a	Fzd9_Lrp5					candidate_public_only_not_graph_edge	no_component_normalized_match_in_mSCIdblit
master_LR_union	WNT10A	FZD9+LRP6	Wnt10a	Fzd9_Lrp6					candidate_public_only_not_graph_edge	no_component_normalized_match_in_mSCIdblit
master_LR_union	WNT10A	LRP5	Wnt10a	Lrp5					candidate_public_only_not_graph_edge	no_component_normalized_match_in_mSCIdblit
master_LR_union	WNT10A	LRP6	Wnt10a	Lrp6					candidate_public_only_not_graph_edge	no_component_normalized_match_in_mSCIdblit
master_LR_union	WNT10B	FZD1	Wnt10b	Fzd1					candidate_public_only_not_graph_edge	no_component_normalized_match_in_mSCIdblit
master_LR_union	WNT10B	FZD1+LRP5	Wnt10b	Fzd1_Lrp5					candidate_public_only_not_graph_edge	no_component_normalized_match_in_mSCIdblit
master_LR_union	WNT10B	FZD1+LRP6	Wnt10b	Fzd1_Lrp6					candidate_public_only_not_graph_edge	no_component_normalized_match_in_mSCIdblit
master_LR_union	WNT10B	FZD10	Wnt10b	Fzd10					candidate_public_only_not_graph_edge	no_component_normalized_match_in_mSCIdblit
master_LR_union	WNT10B	FZD10+LRP5	Wnt10b	Fzd10_Lrp5					candidate_public_only_not_graph_edge	no_component_normalized_match_in_mSCIdblit
master_LR_union	WNT10B	FZD10+LRP6	Wnt10b	Fzd10_Lrp6					candidate_public_only_not_graph_edge	no_component_normalized_match_in_mSCIdblit
master_LR_union	WNT10B	FZD2	Wnt10b	Fzd2					candidate_public_only_not_graph_edge	no_component_normalized_match_in_mSCIdblit
master_LR_union	WNT10B	FZD2+LRP5	Wnt10b	Fzd2_Lrp5					candidate_public_only_not_graph_edge	no_component_normalized_match_in_mSCIdblit
master_LR_union	WNT10B	FZD2+LRP6	Wnt10b	Fzd2_Lrp6					candidate_public_only_not_graph_edge	no_component_normalized_match_in_mSCIdblit
master_LR_union	WNT10B	FZD3	Wnt10b	Fzd3					candidate_public_only_not_graph_edge	no_component_normalized_match_in_mSCIdblit
master_LR_union	WNT10B	FZD3+LRP5	Wnt10b	Fzd3_Lrp5					candidate_public_only_not_graph_edge	no_component_normalized_match_in_mSCIdblit
master_LR_union	WNT10B	FZD3+LRP6	Wnt10b	Fzd3_Lrp6					candidate_public_only_not_graph_edge	no_component_normalized_match_in_mSCIdblit
master_LR_union	WNT10B	FZD4	Wnt10b	Fzd4					candidate_public_only_not_graph_edge	no_component_normalized_match_in_mSCIdblit
master_LR_union	WNT10B	FZD4+LRP5	Wnt10b	Fzd4_Lrp5					candidate_public_only_not_graph_edge	no_component_normalized_match_in_mSCIdblit
master_LR_union	WNT10B	FZD4+LRP6	Wnt10b	Fzd4_Lrp6					candidate_public_only_not_graph_edge	no_component_normalized_match_in_mSCIdblit
master_LR_union	WNT10B	FZD5	Wnt10b	Fzd5					candidate_public_only_not_graph_edge	no_component_normalized_match_in_mSCIdblit
master_LR_union	WNT10B	FZD5+LRP5	Wnt10b	Fzd5_Lrp5					candidate_public_only_not_graph_edge	no_component_normalized_match_in_mSCIdblit
master_LR_union	WNT10B	FZD5+LRP6	Wnt10b	Fzd5_Lrp6					candidate_public_only_not_graph_edge	no_component_normalized_match_in_mSCIdblit
master_LR_union	WNT10B	FZD6+LRP5	Wnt10b	Fzd6_Lrp5					candidate_public_only_not_graph_edge	no_component_normalized_match_in_mSCIdblit
master_LR_union	WNT10B	FZD6+LRP6	Wnt10b	Fzd6_Lrp6					candidate_public_only_not_graph_edge	no_component_normalized_match_in_mSCIdblit
master_LR_union	WNT10B	FZD7	Wnt10b	Fzd7					candidate_public_only_not_graph_edge	no_component_normalized_match_in_mSCIdblit
master_LR_union	WNT10B	FZD7+LRP5	Wnt10b	Fzd7_Lrp5					candidate_public_only_not_graph_edge	no_component_normalized_match_in_mSCIdblit
master_LR_union	WNT10B	FZD7+LRP6	Wnt10b	Fzd7_Lrp6					candidate_public_only_not_graph_edge	no_component_normalized_match_in_mSCIdblit
master_LR_union	WNT10B	FZD8	Wnt10b	Fzd8					candidate_public_only_not_graph_edge	no_component_normalized_match_in_mSCIdblit
master_LR_union	WNT10B	FZD8+LRP5	Wnt10b	Fzd8_Lrp5					candidate_public_only_not_graph_edge	no_component_normalized_match_in_mSCIdblit
master_LR_union	WNT10B	FZD8+LRP6	Wnt10b	Fzd8_Lrp6					candidate_public_only_not_graph_edge	no_component_normalized_match_in_mSCIdblit
master_LR_union	WNT10B	FZD9	Wnt10b	Fzd9					candidate_public_only_not_graph_edge	no_component_normalized_match_in_mSCIdblit
master_LR_union	WNT10B	FZD9+LRP5	Wnt10b	Fzd9_Lrp5					candidate_public_only_not_graph_edge	no_component_normalized_match_in_mSCIdblit
master_LR_union	WNT10B	FZD9+LRP6	Wnt10b	Fzd9_Lrp6					candidate_public_only_not_graph_edge	no_component_normalized_match_in_mSCIdblit
master_LR_union	WNT10B	LRP5	Wnt10b	Lrp5					candidate_public_only_not_graph_edge	no_component_normalized_match_in_mSCIdblit
master_LR_union	WNT10B	LRP6	Wnt10b	Lrp6					candidate_public_only_not_graph_edge	no_component_normalized_match_in_mSCIdblit
master_LR_union	WNT11	FZD1	Wnt11	Fzd1					candidate_public_only_not_graph_edge	no_component_normalized_match_in_mSCIdblit
master_LR_union	WNT11	FZD10	Wnt11	Fzd10					candidate_public_only_not_graph_edge	no_component_normalized_match_in_mSCIdblit
master_LR_union	WNT11	FZD2	Wnt11	Fzd2					candidate_public_only_not_graph_edge	no_component_normalized_match_in_mSCIdblit
master_LR_union	WNT11	FZD3	Wnt11	Fzd3					candidate_public_only_not_graph_edge	no_component_normalized_match_in_mSCIdblit
master_LR_union	WNT11	FZD4	Wnt11	Fzd4					candidate_public_only_not_graph_edge	no_component_normalized_match_in_mSCIdblit
master_LR_union	WNT11	FZD5	Wnt11	Fzd5					candidate_public_only_not_graph_edge	no_component_normalized_match_in_mSCIdblit
master_LR_union	WNT11	FZD6	Wnt11	Fzd6					candidate_public_only_not_graph_edge	no_component_normalized_match_in_mSCIdblit
master_LR_union	WNT11	FZD9	Wnt11	Fzd9					candidate_public_only_not_graph_edge	no_component_normalized_match_in_mSCIdblit
master_LR_union	WNT11	KLRG2	Wnt11	Klrg2					candidate_public_only_not_graph_edge	no_component_normalized_match_in_mSCIdblit
master_LR_union	WNT11	LRP6	Wnt11	Lrp6					candidate_public_only_not_graph_edge	no_component_normalized_match_in_mSCIdblit
master_LR_union	WNT16	FZD1	Wnt16	Fzd1					candidate_public_only_not_graph_edge	no_component_normalized_match_in_mSCIdblit
master_LR_union	WNT16	FZD1+LRP5	Wnt16	Fzd1_Lrp5					candidate_public_only_not_graph_edge	no_component_normalized_match_in_mSCIdblit
master_LR_union	WNT16	FZD1+LRP6	Wnt16	Fzd1_Lrp6					candidate_public_only_not_graph_edge	no_component_normalized_match_in_mSCIdblit
master_LR_union	WNT16	FZD10	Wnt16	Fzd10					candidate_public_only_not_graph_edge	no_component_normalized_match_in_mSCIdblit
master_LR_union	WNT16	FZD10+LRP5	Wnt16	Fzd10_Lrp5					candidate_public_only_not_graph_edge	no_component_normalized_match_in_mSCIdblit
master_LR_union	WNT16	FZD10+LRP6	Wnt16	Fzd10_Lrp6					candidate_public_only_not_graph_edge	no_component_normalized_match_in_mSCIdblit
master_LR_union	WNT16	FZD2	Wnt16	Fzd2					candidate_public_only_not_graph_edge	no_component_normalized_match_in_mSCIdblit
master_LR_union	WNT16	FZD2+LRP5	Wnt16	Fzd2_Lrp5					candidate_public_only_not_graph_edge	no_component_normalized_match_in_mSCIdblit
master_LR_union	WNT16	FZD2+LRP6	Wnt16	Fzd2_Lrp6					candidate_public_only_not_graph_edge	no_component_normalized_match_in_mSCIdblit
master_LR_union	WNT16	FZD3	Wnt16	Fzd3					candidate_public_only_not_graph_edge	no_component_normalized_match_in_mSCIdblit
master_LR_union	WNT16	FZD3+LRP5	Wnt16	Fzd3_Lrp5					candidate_public_only_not_graph_edge	no_component_normalized_match_in_mSCIdblit
master_LR_union	WNT16	FZD3+LRP6	Wnt16	Fzd3_Lrp6					candidate_public_only_not_graph_edge	no_component_normalized_match_in_mSCIdblit
master_LR_union	WNT16	FZD4	Wnt16	Fzd4					candidate_public_only_not_graph_edge	no_component_normalized_match_in_mSCIdblit
master_LR_union	WNT16	FZD4+LRP5	Wnt16	Fzd4_Lrp5					candidate_public_only_not_graph_edge	no_component_normalized_match_in_mSCIdblit
master_LR_union	WNT16	FZD4+LRP6	Wnt16	Fzd4_Lrp6					candidate_public_only_not_graph_edge	no_component_normalized_match_in_mSCIdblit
master_LR_union	WNT16	FZD5	Wnt16	Fzd5					candidate_public_only_not_graph_edge	no_component_normalized_match_in_mSCIdblit
master_LR_union	WNT16	FZD5+LRP5	Wnt16	Fzd5_Lrp5					candidate_public_only_not_graph_edge	no_component_normalized_match_in_mSCIdblit
master_LR_union	WNT16	FZD5+LRP6	Wnt16	Fzd5_Lrp6					candidate_public_only_not_graph_edge	no_component_normalized_match_in_mSCIdblit
master_LR_union	WNT16	FZD6	Wnt16	Fzd6					candidate_public_only_not_graph_edge	no_component_normalized_match_in_mSCIdblit
master_LR_union	WNT16	FZD6+LRP5	Wnt16	Fzd6_Lrp5					candidate_public_only_not_graph_edge	no_component_normalized_match_in_mSCIdblit
master_LR_union	WNT16	FZD6+LRP6	Wnt16	Fzd6_Lrp6					candidate_public_only_not_graph_edge	no_component_normalized_match_in_mSCIdblit
master_LR_union	WNT16	FZD7	Wnt16	Fzd7					candidate_public_only_not_graph_edge	no_component_normalized_match_in_mSCIdblit
master_LR_union	WNT16	FZD7+LRP5	Wnt16	Fzd7_Lrp5					candidate_public_only_not_graph_edge	no_component_normalized_match_in_mSCIdblit
master_LR_union	WNT16	FZD7+LRP6	Wnt16	Fzd7_Lrp6					candidate_public_only_not_graph_edge	no_component_normalized_match_in_mSCIdblit
master_LR_union	WNT16	FZD8	Wnt16	Fzd8					candidate_public_only_not_graph_edge	no_component_normalized_match_in_mSCIdblit
master_LR_union	WNT16	FZD8+LRP5	Wnt16	Fzd8_Lrp5					candidate_public_only_not_graph_edge	no_component_normalized_match_in_mSCIdblit
master_LR_union	WNT16	FZD8+LRP6	Wnt16	Fzd8_Lrp6					candidate_public_only_not_graph_edge	no_component_normalized_match_in_mSCIdblit
master_LR_union	WNT16	FZD9	Wnt16	Fzd9					candidate_public_only_not_graph_edge	no_component_normalized_match_in_mSCIdblit
master_LR_union	WNT16	FZD9+LRP5	Wnt16	Fzd9_Lrp5					candidate_public_only_not_graph_edge	no_component_normalized_match_in_mSCIdblit
master_LR_union	WNT16	FZD9+LRP6	Wnt16	Fzd9_Lrp6					candidate_public_only_not_graph_edge	no_component_normalized_match_in_mSCIdblit
master_LR_union	WNT16	LRP5	Wnt16	Lrp5					candidate_public_only_not_graph_edge	no_component_normalized_match_in_mSCIdblit
master_LR_union	WNT16	LRP6	Wnt16	Lrp6					candidate_public_only_not_graph_edge	no_component_normalized_match_in_mSCIdblit
master_LR_union	WNT2	FZD1	Wnt2	Fzd1					candidate_public_only_not_graph_edge	no_component_normalized_match_in_mSCIdblit
master_LR_union	WNT2	FZD1+LRP5	Wnt2	Fzd1_Lrp5					candidate_public_only_not_graph_edge	no_component_normalized_match_in_mSCIdblit
master_LR_union	WNT2	FZD1+LRP6	Wnt2	Fzd1_Lrp6					candidate_public_only_not_graph_edge	no_component_normalized_match_in_mSCIdblit
master_LR_union	WNT2	FZD10+LRP5	Wnt2	Fzd10_Lrp5					candidate_public_only_not_graph_edge	no_component_normalized_match_in_mSCIdblit
master_LR_union	WNT2	FZD10+LRP6	Wnt2	Fzd10_Lrp6					candidate_public_only_not_graph_edge	no_component_normalized_match_in_mSCIdblit
master_LR_union	WNT2	FZD2	Wnt2	Fzd2					candidate_public_only_not_graph_edge	no_component_normalized_match_in_mSCIdblit
master_LR_union	WNT2	FZD2+LRP5	Wnt2	Fzd2_Lrp5					candidate_public_only_not_graph_edge	no_component_normalized_match_in_mSCIdblit
master_LR_union	WNT2	FZD2+LRP6	Wnt2	Fzd2_Lrp6					candidate_public_only_not_graph_edge	no_component_normalized_match_in_mSCIdblit
master_LR_union	WNT2	FZD3	Wnt2	Fzd3					candidate_public_only_not_graph_edge	no_component_normalized_match_in_mSCIdblit
master_LR_union	WNT2	FZD3+LRP5	Wnt2	Fzd3_Lrp5					candidate_public_only_not_graph_edge	no_component_normalized_match_in_mSCIdblit
master_LR_union	WNT2	FZD3+LRP6	Wnt2	Fzd3_Lrp6					candidate_public_only_not_graph_edge	no_component_normalized_match_in_mSCIdblit
master_LR_union	WNT2	FZD4	Wnt2	Fzd4					candidate_public_only_not_graph_edge	no_component_normalized_match_in_mSCIdblit
master_LR_union	WNT2	FZD4+LRP5	Wnt2	Fzd4_Lrp5					candidate_public_only_not_graph_edge	no_component_normalized_match_in_mSCIdblit
master_LR_union	WNT2	FZD4+LRP6	Wnt2	Fzd4_Lrp6					candidate_public_only_not_graph_edge	no_component_normalized_match_in_mSCIdblit
master_LR_union	WNT2	FZD5	Wnt2	Fzd5					candidate_public_only_not_graph_edge	no_component_normalized_match_in_mSCIdblit
master_LR_union	WNT2	FZD5+LRP5	Wnt2	Fzd5_Lrp5					candidate_public_only_not_graph_edge	no_component_normalized_match_in_mSCIdblit
master_LR_union	WNT2	FZD5+LRP6	Wnt2	Fzd5_Lrp6					candidate_public_only_not_graph_edge	no_component_normalized_match_in_mSCIdblit
master_LR_union	WNT2	FZD6+LRP5	Wnt2	Fzd6_Lrp5					candidate_public_only_not_graph_edge	no_component_normalized_match_in_mSCIdblit
master_LR_union	WNT2	FZD6+LRP6	Wnt2	Fzd6_Lrp6					candidate_public_only_not_graph_edge	no_component_normalized_match_in_mSCIdblit
master_LR_union	WNT2	FZD7	Wnt2	Fzd7					candidate_public_only_not_graph_edge	no_component_normalized_match_in_mSCIdblit
master_LR_union	WNT2	FZD7+LRP5	Wnt2	Fzd7_Lrp5					candidate_public_only_not_graph_edge	no_component_normalized_match_in_mSCIdblit
master_LR_union	WNT2	FZD7+LRP6	Wnt2	Fzd7_Lrp6					candidate_public_only_not_graph_edge	no_component_normalized_match_in_mSCIdblit
master_LR_union	WNT2	FZD8	Wnt2	Fzd8					candidate_public_only_not_graph_edge	no_component_normalized_match_in_mSCIdblit
master_LR_union	WNT2	FZD8+LRP5	Wnt2	Fzd8_Lrp5					candidate_public_only_not_graph_edge	no_component_normalized_match_in_mSCIdblit
master_LR_union	WNT2	FZD8+LRP6	Wnt2	Fzd8_Lrp6					candidate_public_only_not_graph_edge	no_component_normalized_match_in_mSCIdblit
master_LR_union	WNT2	FZD9	Wnt2	Fzd9					candidate_public_only_not_graph_edge	no_component_normalized_match_in_mSCIdblit
master_LR_union	WNT2	FZD9+LRP5	Wnt2	Fzd9_Lrp5					candidate_public_only_not_graph_edge	no_component_normalized_match_in_mSCIdblit
master_LR_union	WNT2	FZD9+LRP6	Wnt2	Fzd9_Lrp6					candidate_public_only_not_graph_edge	no_component_normalized_match_in_mSCIdblit
master_LR_union	WNT2	LRP5	Wnt2	Lrp5					candidate_public_only_not_graph_edge	no_component_normalized_match_in_mSCIdblit
master_LR_union	WNT2	LRP6	Wnt2	Lrp6					candidate_public_only_not_graph_edge	no_component_normalized_match_in_mSCIdblit
master_LR_union	WNT2B	FZD1	Wnt2b	Fzd1					candidate_public_only_not_graph_edge	no_component_normalized_match_in_mSCIdblit
master_LR_union	WNT2B	FZD1+LRP5	Wnt2b	Fzd1_Lrp5					candidate_public_only_not_graph_edge	no_component_normalized_match_in_mSCIdblit
master_LR_union	WNT2B	FZD1+LRP6	Wnt2b	Fzd1_Lrp6					candidate_public_only_not_graph_edge	no_component_normalized_match_in_mSCIdblit
master_LR_union	WNT2B	FZD10	Wnt2b	Fzd10					candidate_public_only_not_graph_edge	no_component_normalized_match_in_mSCIdblit
master_LR_union	WNT2B	FZD10+LRP5	Wnt2b	Fzd10_Lrp5					candidate_public_only_not_graph_edge	no_component_normalized_match_in_mSCIdblit
master_LR_union	WNT2B	FZD10+LRP6	Wnt2b	Fzd10_Lrp6					candidate_public_only_not_graph_edge	no_component_normalized_match_in_mSCIdblit
master_LR_union	WNT2B	FZD2	Wnt2b	Fzd2					candidate_public_only_not_graph_edge	no_component_normalized_match_in_mSCIdblit
master_LR_union	WNT2B	FZD2+LRP5	Wnt2b	Fzd2_Lrp5					candidate_public_only_not_graph_edge	no_component_normalized_match_in_mSCIdblit
master_LR_union	WNT2B	FZD2+LRP6	Wnt2b	Fzd2_Lrp6					candidate_public_only_not_graph_edge	no_component_normalized_match_in_mSCIdblit
master_LR_union	WNT2B	FZD3	Wnt2b	Fzd3					candidate_public_only_not_graph_edge	no_component_normalized_match_in_mSCIdblit
master_LR_union	WNT2B	FZD3+LRP5	Wnt2b	Fzd3_Lrp5					candidate_public_only_not_graph_edge	no_component_normalized_match_in_mSCIdblit
master_LR_union	WNT2B	FZD3+LRP6	Wnt2b	Fzd3_Lrp6					candidate_public_only_not_graph_edge	no_component_normalized_match_in_mSCIdblit
master_LR_union	WNT2B	FZD4	Wnt2b	Fzd4					candidate_public_only_not_graph_edge	no_component_normalized_match_in_mSCIdblit
master_LR_union	WNT2B	FZD4+LRP5	Wnt2b	Fzd4_Lrp5					candidate_public_only_not_graph_edge	no_component_normalized_match_in_mSCIdblit
master_LR_union	WNT2B	FZD4+LRP6	Wnt2b	Fzd4_Lrp6					candidate_public_only_not_graph_edge	no_component_normalized_match_in_mSCIdblit
master_LR_union	WNT2B	FZD5	Wnt2b	Fzd5					candidate_public_only_not_graph_edge	no_component_normalized_match_in_mSCIdblit
master_LR_union	WNT2B	FZD5+LRP5	Wnt2b	Fzd5_Lrp5					candidate_public_only_not_graph_edge	no_component_normalized_match_in_mSCIdblit
master_LR_union	WNT2B	FZD5+LRP6	Wnt2b	Fzd5_Lrp6					candidate_public_only_not_graph_edge	no_component_normalized_match_in_mSCIdblit
master_LR_union	WNT2B	FZD6	Wnt2b	Fzd6					candidate_public_only_not_graph_edge	no_component_normalized_match_in_mSCIdblit
master_LR_union	WNT2B	FZD6+LRP5	Wnt2b	Fzd6_Lrp5					candidate_public_only_not_graph_edge	no_component_normalized_match_in_mSCIdblit
master_LR_union	WNT2B	FZD6+LRP6	Wnt2b	Fzd6_Lrp6					candidate_public_only_not_graph_edge	no_component_normalized_match_in_mSCIdblit
master_LR_union	WNT2B	FZD7	Wnt2b	Fzd7					candidate_public_only_not_graph_edge	no_component_normalized_match_in_mSCIdblit
master_LR_union	WNT2B	FZD7+LRP5	Wnt2b	Fzd7_Lrp5					candidate_public_only_not_graph_edge	no_component_normalized_match_in_mSCIdblit
master_LR_union	WNT2B	FZD7+LRP6	Wnt2b	Fzd7_Lrp6					candidate_public_only_not_graph_edge	no_component_normalized_match_in_mSCIdblit
master_LR_union	WNT2B	FZD8	Wnt2b	Fzd8					candidate_public_only_not_graph_edge	no_component_normalized_match_in_mSCIdblit
master_LR_union	WNT2B	FZD8+LRP5	Wnt2b	Fzd8_Lrp5					candidate_public_only_not_graph_edge	no_component_normalized_match_in_mSCIdblit
master_LR_union	WNT2B	FZD8+LRP6	Wnt2b	Fzd8_Lrp6					candidate_public_only_not_graph_edge	no_component_normalized_match_in_mSCIdblit
master_LR_union	WNT2B	FZD9	Wnt2b	Fzd9					candidate_public_only_not_graph_edge	no_component_normalized_match_in_mSCIdblit
master_LR_union	WNT2B	FZD9+LRP5	Wnt2b	Fzd9_Lrp5					candidate_public_only_not_graph_edge	no_component_normalized_match_in_mSCIdblit
master_LR_union	WNT2B	FZD9+LRP6	Wnt2b	Fzd9_Lrp6					candidate_public_only_not_graph_edge	no_component_normalized_match_in_mSCIdblit
master_LR_union	WNT2B	LRP5	Wnt2b	Lrp5					candidate_public_only_not_graph_edge	no_component_normalized_match_in_mSCIdblit
master_LR_union	WNT2B	LRP6	Wnt2b	Lrp6					candidate_public_only_not_graph_edge	no_component_normalized_match_in_mSCIdblit
master_LR_union	WNT3	FZD1	Wnt3	Fzd1					candidate_public_only_not_graph_edge	no_component_normalized_match_in_mSCIdblit
master_LR_union	WNT3	FZD1+LRP5	Wnt3	Fzd1_Lrp5					candidate_public_only_not_graph_edge	no_component_normalized_match_in_mSCIdblit
master_LR_union	WNT3	FZD1+LRP6	Wnt3	Fzd1_Lrp6					candidate_public_only_not_graph_edge	no_component_normalized_match_in_mSCIdblit
master_LR_union	WNT3	FZD10+LRP5	Wnt3	Fzd10_Lrp5					candidate_public_only_not_graph_edge	no_component_normalized_match_in_mSCIdblit
master_LR_union	WNT3	FZD10+LRP6	Wnt3	Fzd10_Lrp6					candidate_public_only_not_graph_edge	no_component_normalized_match_in_mSCIdblit
master_LR_union	WNT3	FZD2+LRP5	Wnt3	Fzd2_Lrp5					candidate_public_only_not_graph_edge	no_component_normalized_match_in_mSCIdblit
master_LR_union	WNT3	FZD2+LRP6	Wnt3	Fzd2_Lrp6					candidate_public_only_not_graph_edge	no_component_normalized_match_in_mSCIdblit
master_LR_union	WNT3	FZD3+LRP5	Wnt3	Fzd3_Lrp5					candidate_public_only_not_graph_edge	no_component_normalized_match_in_mSCIdblit
master_LR_union	WNT3	FZD3+LRP6	Wnt3	Fzd3_Lrp6					candidate_public_only_not_graph_edge	no_component_normalized_match_in_mSCIdblit
master_LR_union	WNT3	FZD4+LRP5	Wnt3	Fzd4_Lrp5					candidate_public_only_not_graph_edge	no_component_normalized_match_in_mSCIdblit
master_LR_union	WNT3	FZD4+LRP6	Wnt3	Fzd4_Lrp6					candidate_public_only_not_graph_edge	no_component_normalized_match_in_mSCIdblit
master_LR_union	WNT3	FZD5+LRP5	Wnt3	Fzd5_Lrp5					candidate_public_only_not_graph_edge	no_component_normalized_match_in_mSCIdblit
master_LR_union	WNT3	FZD5+LRP6	Wnt3	Fzd5_Lrp6					candidate_public_only_not_graph_edge	no_component_normalized_match_in_mSCIdblit
master_LR_union	WNT3	FZD6+LRP5	Wnt3	Fzd6_Lrp5					candidate_public_only_not_graph_edge	no_component_normalized_match_in_mSCIdblit
master_LR_union	WNT3	FZD6+LRP6	Wnt3	Fzd6_Lrp6					candidate_public_only_not_graph_edge	no_component_normalized_match_in_mSCIdblit
master_LR_union	WNT3	FZD7	Wnt3	Fzd7					candidate_public_only_not_graph_edge	no_component_normalized_match_in_mSCIdblit
master_LR_union	WNT3	FZD7+LRP5	Wnt3	Fzd7_Lrp5					candidate_public_only_not_graph_edge	no_component_normalized_match_in_mSCIdblit
master_LR_union	WNT3	FZD7+LRP6	Wnt3	Fzd7_Lrp6					candidate_public_only_not_graph_edge	no_component_normalized_match_in_mSCIdblit
master_LR_union	WNT3	FZD8	Wnt3	Fzd8					candidate_public_only_not_graph_edge	no_component_normalized_match_in_mSCIdblit
master_LR_union	WNT3	FZD8+LRP5	Wnt3	Fzd8_Lrp5					candidate_public_only_not_graph_edge	no_component_normalized_match_in_mSCIdblit
master_LR_union	WNT3	FZD8+LRP6	Wnt3	Fzd8_Lrp6					candidate_public_only_not_graph_edge	no_component_normalized_match_in_mSCIdblit
master_LR_union	WNT3	FZD9+LRP5	Wnt3	Fzd9_Lrp5					candidate_public_only_not_graph_edge	no_component_normalized_match_in_mSCIdblit
master_LR_union	WNT3	FZD9+LRP6	Wnt3	Fzd9_Lrp6					candidate_public_only_not_graph_edge	no_component_normalized_match_in_mSCIdblit
master_LR_union	WNT3	LRP6	Wnt3	Lrp6					candidate_public_only_not_graph_edge	no_component_normalized_match_in_mSCIdblit
master_LR_union	WNT3A	APCDD1	Wnt3a	Apcdd1					candidate_public_only_not_graph_edge	no_component_normalized_match_in_mSCIdblit
master_LR_union	WNT3A	ATP6AP2	Wnt3a	Atp6ap2					candidate_public_only_not_graph_edge	no_component_normalized_match_in_mSCIdblit
master_LR_union	WNT3A	FZD1	Wnt3a	Fzd1					candidate_public_only_not_graph_edge	no_component_normalized_match_in_mSCIdblit
master_LR_union	WNT3A	FZD1+LRP5	Wnt3a	Fzd1_Lrp5					candidate_public_only_not_graph_edge	no_component_normalized_match_in_mSCIdblit
master_LR_union	WNT3A	FZD1+LRP6	Wnt3a	Fzd1_Lrp6					candidate_public_only_not_graph_edge	no_component_normalized_match_in_mSCIdblit
master_LR_union	WNT3A	FZD10+LRP5	Wnt3a	Fzd10_Lrp5					candidate_public_only_not_graph_edge	no_component_normalized_match_in_mSCIdblit
master_LR_union	WNT3A	FZD10+LRP6	Wnt3a	Fzd10_Lrp6					candidate_public_only_not_graph_edge	no_component_normalized_match_in_mSCIdblit
master_LR_union	WNT3A	FZD2+LRP5	Wnt3a	Fzd2_Lrp5					candidate_public_only_not_graph_edge	no_component_normalized_match_in_mSCIdblit
master_LR_union	WNT3A	FZD2+LRP6	Wnt3a	Fzd2_Lrp6					candidate_public_only_not_graph_edge	no_component_normalized_match_in_mSCIdblit
master_LR_union	WNT3A	FZD3+LRP5	Wnt3a	Fzd3_Lrp5					candidate_public_only_not_graph_edge	no_component_normalized_match_in_mSCIdblit
master_LR_union	WNT3A	FZD3+LRP6	Wnt3a	Fzd3_Lrp6					candidate_public_only_not_graph_edge	no_component_normalized_match_in_mSCIdblit
master_LR_union	WNT3A	FZD4+LRP5	Wnt3a	Fzd4_Lrp5					candidate_public_only_not_graph_edge	no_component_normalized_match_in_mSCIdblit
master_LR_union	WNT3A	FZD4+LRP6	Wnt3a	Fzd4_Lrp6					candidate_public_only_not_graph_edge	no_component_normalized_match_in_mSCIdblit
master_LR_union	WNT3A	FZD5+LRP5	Wnt3a	Fzd5_Lrp5					candidate_public_only_not_graph_edge	no_component_normalized_match_in_mSCIdblit
master_LR_union	WNT3A	FZD5+LRP6	Wnt3a	Fzd5_Lrp6					candidate_public_only_not_graph_edge	no_component_normalized_match_in_mSCIdblit
master_LR_union	WNT3A	FZD6	Wnt3a	Fzd6					candidate_public_only_not_graph_edge	no_component_normalized_match_in_mSCIdblit
master_LR_union	WNT3A	FZD6+LRP5	Wnt3a	Fzd6_Lrp5					candidate_public_only_not_graph_edge	no_component_normalized_match_in_mSCIdblit
master_LR_union	WNT3A	FZD6+LRP6	Wnt3a	Fzd6_Lrp6					candidate_public_only_not_graph_edge	no_component_normalized_match_in_mSCIdblit
master_LR_union	WNT3A	FZD7+LRP5	Wnt3a	Fzd7_Lrp5					candidate_public_only_not_graph_edge	no_component_normalized_match_in_mSCIdblit
master_LR_union	WNT3A	FZD7+LRP6	Wnt3a	Fzd7_Lrp6					candidate_public_only_not_graph_edge	no_component_normalized_match_in_mSCIdblit
master_LR_union	WNT3A	FZD8	Wnt3a	Fzd8					candidate_public_only_not_graph_edge	no_component_normalized_match_in_mSCIdblit
master_LR_union	WNT3A	FZD8+LRP5	Wnt3a	Fzd8_Lrp5					candidate_public_only_not_graph_edge	no_component_normalized_match_in_mSCIdblit
master_LR_union	WNT3A	FZD9+LRP5	Wnt3a	Fzd9_Lrp5					candidate_public_only_not_graph_edge	no_component_normalized_match_in_mSCIdblit
master_LR_union	WNT3A	FZD9+LRP6	Wnt3a	Fzd9_Lrp6					candidate_public_only_not_graph_edge	no_component_normalized_match_in_mSCIdblit
master_LR_union	WNT3A	LGR5	Wnt3a	Lgr5					candidate_public_only_not_graph_edge	no_component_normalized_match_in_mSCIdblit
master_LR_union	WNT3A	LRP1	Wnt3a	Lrp1					candidate_public_only_not_graph_edge	no_component_normalized_match_in_mSCIdblit
master_LR_union	WNT3A	LRP5	Wnt3a	Lrp5					candidate_public_only_not_graph_edge	no_component_normalized_match_in_mSCIdblit
master_LR_union	WNT3A	LRP6	Wnt3a	Lrp6					candidate_public_only_not_graph_edge	no_component_normalized_match_in_mSCIdblit
master_LR_union	WNT3A	ROR1	Wnt3a	Ror1					candidate_public_only_not_graph_edge	no_component_normalized_match_in_mSCIdblit
master_LR_union	WNT3A	RYK	Wnt3a	Ryk					candidate_public_only_not_graph_edge	no_component_normalized_match_in_mSCIdblit
master_LR_union	WNT4	FZD1	Wnt4	Fzd1					candidate_public_only_not_graph_edge	no_component_normalized_match_in_mSCIdblit
master_LR_union	WNT4	FZD1+LRP5	Wnt4	Fzd1_Lrp5					candidate_public_only_not_graph_edge	no_component_normalized_match_in_mSCIdblit
master_LR_union	WNT4	FZD1+LRP6	Wnt4	Fzd1_Lrp6					candidate_public_only_not_graph_edge	no_component_normalized_match_in_mSCIdblit
master_LR_union	WNT4	FZD10	Wnt4	Fzd10					candidate_public_only_not_graph_edge	no_component_normalized_match_in_mSCIdblit
master_LR_union	WNT4	FZD10+LRP5	Wnt4	Fzd10_Lrp5					candidate_public_only_not_graph_edge	no_component_normalized_match_in_mSCIdblit
master_LR_union	WNT4	FZD10+LRP6	Wnt4	Fzd10_Lrp6					candidate_public_only_not_graph_edge	no_component_normalized_match_in_mSCIdblit
master_LR_union	WNT4	FZD2	Wnt4	Fzd2					candidate_public_only_not_graph_edge	no_component_normalized_match_in_mSCIdblit
master_LR_union	WNT4	FZD2+LRP5	Wnt4	Fzd2_Lrp5					candidate_public_only_not_graph_edge	no_component_normalized_match_in_mSCIdblit
master_LR_union	WNT4	FZD2+LRP6	Wnt4	Fzd2_Lrp6					candidate_public_only_not_graph_edge	no_component_normalized_match_in_mSCIdblit
master_LR_union	WNT4	FZD3	Wnt4	Fzd3					candidate_public_only_not_graph_edge	no_component_normalized_match_in_mSCIdblit
master_LR_union	WNT4	FZD3+LRP5	Wnt4	Fzd3_Lrp5					candidate_public_only_not_graph_edge	no_component_normalized_match_in_mSCIdblit
master_LR_union	WNT4	FZD3+LRP6	Wnt4	Fzd3_Lrp6					candidate_public_only_not_graph_edge	no_component_normalized_match_in_mSCIdblit
master_LR_union	WNT4	FZD4	Wnt4	Fzd4					candidate_public_only_not_graph_edge	no_component_normalized_match_in_mSCIdblit
master_LR_union	WNT4	FZD4+LRP5	Wnt4	Fzd4_Lrp5					candidate_public_only_not_graph_edge	no_component_normalized_match_in_mSCIdblit
master_LR_union	WNT4	FZD4+LRP6	Wnt4	Fzd4_Lrp6					candidate_public_only_not_graph_edge	no_component_normalized_match_in_mSCIdblit
master_LR_union	WNT4	FZD5	Wnt4	Fzd5					candidate_public_only_not_graph_edge	no_component_normalized_match_in_mSCIdblit
master_LR_union	WNT4	FZD5+LRP5	Wnt4	Fzd5_Lrp5					candidate_public_only_not_graph_edge	no_component_normalized_match_in_mSCIdblit
master_LR_union	WNT4	FZD5+LRP6	Wnt4	Fzd5_Lrp6					candidate_public_only_not_graph_edge	no_component_normalized_match_in_mSCIdblit
master_LR_union	WNT4	FZD6	Wnt4	Fzd6					candidate_public_only_not_graph_edge	no_component_normalized_match_in_mSCIdblit
master_LR_union	WNT4	FZD6+LRP5	Wnt4	Fzd6_Lrp5					candidate_public_only_not_graph_edge	no_component_normalized_match_in_mSCIdblit
master_LR_union	WNT4	FZD6+LRP6	Wnt4	Fzd6_Lrp6					candidate_public_only_not_graph_edge	no_component_normalized_match_in_mSCIdblit
master_LR_union	WNT4	FZD7	Wnt4	Fzd7					candidate_public_only_not_graph_edge	no_component_normalized_match_in_mSCIdblit
master_LR_union	WNT4	FZD7+LRP5	Wnt4	Fzd7_Lrp5					candidate_public_only_not_graph_edge	no_component_normalized_match_in_mSCIdblit
master_LR_union	WNT4	FZD7+LRP6	Wnt4	Fzd7_Lrp6					candidate_public_only_not_graph_edge	no_component_normalized_match_in_mSCIdblit
master_LR_union	WNT4	FZD8	Wnt4	Fzd8					candidate_public_only_not_graph_edge	no_component_normalized_match_in_mSCIdblit
master_LR_union	WNT4	FZD8+LRP5	Wnt4	Fzd8_Lrp5					candidate_public_only_not_graph_edge	no_component_normalized_match_in_mSCIdblit
master_LR_union	WNT4	FZD8+LRP6	Wnt4	Fzd8_Lrp6					candidate_public_only_not_graph_edge	no_component_normalized_match_in_mSCIdblit
master_LR_union	WNT4	FZD9	Wnt4	Fzd9					candidate_public_only_not_graph_edge	no_component_normalized_match_in_mSCIdblit
master_LR_union	WNT4	FZD9+LRP5	Wnt4	Fzd9_Lrp5					candidate_public_only_not_graph_edge	no_component_normalized_match_in_mSCIdblit
master_LR_union	WNT4	FZD9+LRP6	Wnt4	Fzd9_Lrp6					candidate_public_only_not_graph_edge	no_component_normalized_match_in_mSCIdblit
master_LR_union	WNT4	LRP5	Wnt4	Lrp5					candidate_public_only_not_graph_edge	no_component_normalized_match_in_mSCIdblit
master_LR_union	WNT4	LRP6	Wnt4	Lrp6					candidate_public_only_not_graph_edge	no_component_normalized_match_in_mSCIdblit
master_LR_union	WNT4	NOTCH1	Wnt4	Notch1					candidate_public_only_not_graph_edge	no_component_normalized_match_in_mSCIdblit
master_LR_union	WNT4	SMO	Wnt4	Smo					candidate_public_only_not_graph_edge	no_component_normalized_match_in_mSCIdblit
master_LR_union	WNT5A	ADRB2	Wnt5a	Adrb2					candidate_public_only_not_graph_edge	no_component_normalized_match_in_mSCIdblit
master_LR_union	WNT5A	ANTXR1	Wnt5a	Antxr1					candidate_public_only_not_graph_edge	no_component_normalized_match_in_mSCIdblit
master_LR_union	WNT5A	EPHA7	Wnt5a	Epha7					candidate_public_only_not_graph_edge	no_component_normalized_match_in_mSCIdblit
master_LR_union	WNT5A	FZD1	Wnt5a	Fzd1					candidate_public_only_not_graph_edge	no_component_normalized_match_in_mSCIdblit
master_LR_union	WNT5A	FZD8	Wnt5a	Fzd8					candidate_public_only_not_graph_edge	no_component_normalized_match_in_mSCIdblit
master_LR_union	WNT5A	FZD9	Wnt5a	Fzd9					candidate_public_only_not_graph_edge	no_component_normalized_match_in_mSCIdblit
master_LR_union	WNT5A	LDLR	Wnt5a	Ldlr					candidate_public_only_not_graph_edge	no_component_normalized_match_in_mSCIdblit
master_LR_union	WNT5A	LRP2	Wnt5a	Lrp2					candidate_public_only_not_graph_edge	no_component_normalized_match_in_mSCIdblit
master_LR_union	WNT5A	LRP5	Wnt5a	Lrp5					candidate_public_only_not_graph_edge	no_component_normalized_match_in_mSCIdblit
master_LR_union	WNT5A	PTPRK	Wnt5a	Ptprk					candidate_public_only_not_graph_edge	no_component_normalized_match_in_mSCIdblit
master_LR_union	WNT5A	VANGL2	Wnt5a	Vangl2					candidate_public_only_not_graph_edge	no_component_normalized_match_in_mSCIdblit
master_LR_union	WNT5B	FZD1	Wnt5b	Fzd1					candidate_public_only_not_graph_edge	no_component_normalized_match_in_mSCIdblit
master_LR_union	WNT5B	FZD1+LRP5	Wnt5b	Fzd1_Lrp5					candidate_public_only_not_graph_edge	no_component_normalized_match_in_mSCIdblit
master_LR_union	WNT5B	FZD10	Wnt5b	Fzd10					candidate_public_only_not_graph_edge	no_component_normalized_match_in_mSCIdblit
master_LR_union	WNT5B	FZD10+LRP5	Wnt5b	Fzd10_Lrp5					candidate_public_only_not_graph_edge	no_component_normalized_match_in_mSCIdblit
master_LR_union	WNT5B	FZD10+LRP6	Wnt5b	Fzd10_Lrp6					candidate_public_only_not_graph_edge	no_component_normalized_match_in_mSCIdblit
master_LR_union	WNT5B	FZD2	Wnt5b	Fzd2					candidate_public_only_not_graph_edge	no_component_normalized_match_in_mSCIdblit
master_LR_union	WNT5B	FZD2+LRP5	Wnt5b	Fzd2_Lrp5					candidate_public_only_not_graph_edge	no_component_normalized_match_in_mSCIdblit
master_LR_union	WNT5B	FZD2+LRP6	Wnt5b	Fzd2_Lrp6					candidate_public_only_not_graph_edge	no_component_normalized_match_in_mSCIdblit
master_LR_union	WNT5B	FZD3	Wnt5b	Fzd3					candidate_public_only_not_graph_edge	no_component_normalized_match_in_mSCIdblit
master_LR_union	WNT5B	FZD3+LRP5	Wnt5b	Fzd3_Lrp5					candidate_public_only_not_graph_edge	no_component_normalized_match_in_mSCIdblit
master_LR_union	WNT5B	FZD3+LRP6	Wnt5b	Fzd3_Lrp6					candidate_public_only_not_graph_edge	no_component_normalized_match_in_mSCIdblit
master_LR_union	WNT5B	FZD4	Wnt5b	Fzd4					candidate_public_only_not_graph_edge	no_component_normalized_match_in_mSCIdblit
master_LR_union	WNT5B	FZD5	Wnt5b	Fzd5					candidate_public_only_not_graph_edge	no_component_normalized_match_in_mSCIdblit
master_LR_union	WNT5B	FZD5+LRP5	Wnt5b	Fzd5_Lrp5					candidate_public_only_not_graph_edge	no_component_normalized_match_in_mSCIdblit
master_LR_union	WNT5B	FZD5+LRP6	Wnt5b	Fzd5_Lrp6					candidate_public_only_not_graph_edge	no_component_normalized_match_in_mSCIdblit
master_LR_union	WNT5B	FZD6	Wnt5b	Fzd6					candidate_public_only_not_graph_edge	no_component_normalized_match_in_mSCIdblit
master_LR_union	WNT5B	FZD6+LRP5	Wnt5b	Fzd6_Lrp5					candidate_public_only_not_graph_edge	no_component_normalized_match_in_mSCIdblit
master_LR_union	WNT5B	FZD6+LRP6	Wnt5b	Fzd6_Lrp6					candidate_public_only_not_graph_edge	no_component_normalized_match_in_mSCIdblit
master_LR_union	WNT5B	FZD7	Wnt5b	Fzd7					candidate_public_only_not_graph_edge	no_component_normalized_match_in_mSCIdblit
master_LR_union	WNT5B	FZD7+LRP5	Wnt5b	Fzd7_Lrp5					candidate_public_only_not_graph_edge	no_component_normalized_match_in_mSCIdblit
master_LR_union	WNT5B	FZD7+LRP6	Wnt5b	Fzd7_Lrp6					candidate_public_only_not_graph_edge	no_component_normalized_match_in_mSCIdblit
master_LR_union	WNT5B	FZD8	Wnt5b	Fzd8					candidate_public_only_not_graph_edge	no_component_normalized_match_in_mSCIdblit
master_LR_union	WNT5B	FZD8+LRP5	Wnt5b	Fzd8_Lrp5					candidate_public_only_not_graph_edge	no_component_normalized_match_in_mSCIdblit
master_LR_union	WNT5B	FZD8+LRP6	Wnt5b	Fzd8_Lrp6					candidate_public_only_not_graph_edge	no_component_normalized_match_in_mSCIdblit
master_LR_union	WNT5B	FZD9	Wnt5b	Fzd9					candidate_public_only_not_graph_edge	no_component_normalized_match_in_mSCIdblit
master_LR_union	WNT5B	FZD9+LRP5	Wnt5b	Fzd9_Lrp5					candidate_public_only_not_graph_edge	no_component_normalized_match_in_mSCIdblit
master_LR_union	WNT5B	FZD9+LRP6	Wnt5b	Fzd9_Lrp6					candidate_public_only_not_graph_edge	no_component_normalized_match_in_mSCIdblit
master_LR_union	WNT5B	KLRG2	Wnt5b	Klrg2					candidate_public_only_not_graph_edge	no_component_normalized_match_in_mSCIdblit
master_LR_union	WNT5B	LRP5	Wnt5b	Lrp5					candidate_public_only_not_graph_edge	no_component_normalized_match_in_mSCIdblit
master_LR_union	WNT5B	LRP6	Wnt5b	Lrp6					candidate_public_only_not_graph_edge	no_component_normalized_match_in_mSCIdblit
master_LR_union	WNT6	FZD1	Wnt6	Fzd1					candidate_public_only_not_graph_edge	no_component_normalized_match_in_mSCIdblit
master_LR_union	WNT6	FZD1+LRP5	Wnt6	Fzd1_Lrp5					candidate_public_only_not_graph_edge	no_component_normalized_match_in_mSCIdblit
master_LR_union	WNT6	FZD1+LRP6	Wnt6	Fzd1_Lrp6					candidate_public_only_not_graph_edge	no_component_normalized_match_in_mSCIdblit
master_LR_union	WNT6	FZD10	Wnt6	Fzd10					candidate_public_only_not_graph_edge	no_component_normalized_match_in_mSCIdblit
master_LR_union	WNT6	FZD10+LRP5	Wnt6	Fzd10_Lrp5					candidate_public_only_not_graph_edge	no_component_normalized_match_in_mSCIdblit
master_LR_union	WNT6	FZD10+LRP6	Wnt6	Fzd10_Lrp6					candidate_public_only_not_graph_edge	no_component_normalized_match_in_mSCIdblit
master_LR_union	WNT6	FZD2	Wnt6	Fzd2					candidate_public_only_not_graph_edge	no_component_normalized_match_in_mSCIdblit
master_LR_union	WNT6	FZD2+LRP5	Wnt6	Fzd2_Lrp5					candidate_public_only_not_graph_edge	no_component_normalized_match_in_mSCIdblit
master_LR_union	WNT6	FZD2+LRP6	Wnt6	Fzd2_Lrp6					candidate_public_only_not_graph_edge	no_component_normalized_match_in_mSCIdblit
master_LR_union	WNT6	FZD3	Wnt6	Fzd3					candidate_public_only_not_graph_edge	no_component_normalized_match_in_mSCIdblit
master_LR_union	WNT6	FZD3+LRP5	Wnt6	Fzd3_Lrp5					candidate_public_only_not_graph_edge	no_component_normalized_match_in_mSCIdblit
master_LR_union	WNT6	FZD3+LRP6	Wnt6	Fzd3_Lrp6					candidate_public_only_not_graph_edge	no_component_normalized_match_in_mSCIdblit
master_LR_union	WNT6	FZD4	Wnt6	Fzd4					candidate_public_only_not_graph_edge	no_component_normalized_match_in_mSCIdblit
master_LR_union	WNT6	FZD4+LRP5	Wnt6	Fzd4_Lrp5					candidate_public_only_not_graph_edge	no_component_normalized_match_in_mSCIdblit
master_LR_union	WNT6	FZD4+LRP6	Wnt6	Fzd4_Lrp6					candidate_public_only_not_graph_edge	no_component_normalized_match_in_mSCIdblit
master_LR_union	WNT6	FZD5	Wnt6	Fzd5					candidate_public_only_not_graph_edge	no_component_normalized_match_in_mSCIdblit
master_LR_union	WNT6	FZD5+LRP5	Wnt6	Fzd5_Lrp5					candidate_public_only_not_graph_edge	no_component_normalized_match_in_mSCIdblit
master_LR_union	WNT6	FZD5+LRP6	Wnt6	Fzd5_Lrp6					candidate_public_only_not_graph_edge	no_component_normalized_match_in_mSCIdblit
master_LR_union	WNT6	FZD6	Wnt6	Fzd6					candidate_public_only_not_graph_edge	no_component_normalized_match_in_mSCIdblit
master_LR_union	WNT6	FZD6+LRP5	Wnt6	Fzd6_Lrp5					candidate_public_only_not_graph_edge	no_component_normalized_match_in_mSCIdblit
master_LR_union	WNT6	FZD6+LRP6	Wnt6	Fzd6_Lrp6					candidate_public_only_not_graph_edge	no_component_normalized_match_in_mSCIdblit
master_LR_union	WNT6	FZD7	Wnt6	Fzd7					candidate_public_only_not_graph_edge	no_component_normalized_match_in_mSCIdblit
master_LR_union	WNT6	FZD7+LRP5	Wnt6	Fzd7_Lrp5					candidate_public_only_not_graph_edge	no_component_normalized_match_in_mSCIdblit
master_LR_union	WNT6	FZD7+LRP6	Wnt6	Fzd7_Lrp6					candidate_public_only_not_graph_edge	no_component_normalized_match_in_mSCIdblit
master_LR_union	WNT6	FZD8	Wnt6	Fzd8					candidate_public_only_not_graph_edge	no_component_normalized_match_in_mSCIdblit
master_LR_union	WNT6	FZD8+LRP5	Wnt6	Fzd8_Lrp5					candidate_public_only_not_graph_edge	no_component_normalized_match_in_mSCIdblit
master_LR_union	WNT6	FZD8+LRP6	Wnt6	Fzd8_Lrp6					candidate_public_only_not_graph_edge	no_component_normalized_match_in_mSCIdblit
master_LR_union	WNT6	FZD9	Wnt6	Fzd9					candidate_public_only_not_graph_edge	no_component_normalized_match_in_mSCIdblit
master_LR_union	WNT6	FZD9+LRP5	Wnt6	Fzd9_Lrp5					candidate_public_only_not_graph_edge	no_component_normalized_match_in_mSCIdblit
master_LR_union	WNT6	FZD9+LRP6	Wnt6	Fzd9_Lrp6					candidate_public_only_not_graph_edge	no_component_normalized_match_in_mSCIdblit
master_LR_union	WNT6	LRP5	Wnt6	Lrp5					candidate_public_only_not_graph_edge	no_component_normalized_match_in_mSCIdblit
master_LR_union	WNT6	LRP6	Wnt6	Lrp6					candidate_public_only_not_graph_edge	no_component_normalized_match_in_mSCIdblit
master_LR_union	WNT7A	FZD1+LRP5	Wnt7a	Fzd1_Lrp5					candidate_public_only_not_graph_edge	no_component_normalized_match_in_mSCIdblit
master_LR_union	WNT7A	FZD1+LRP6	Wnt7a	Fzd1_Lrp6					candidate_public_only_not_graph_edge	no_component_normalized_match_in_mSCIdblit
master_LR_union	WNT7A	FZD10+LRP5	Wnt7a	Fzd10_Lrp5					candidate_public_only_not_graph_edge	no_component_normalized_match_in_mSCIdblit
master_LR_union	WNT7A	FZD10+LRP6	Wnt7a	Fzd10_Lrp6					candidate_public_only_not_graph_edge	no_component_normalized_match_in_mSCIdblit
master_LR_union	WNT7A	FZD2+LRP5	Wnt7a	Fzd2_Lrp5					candidate_public_only_not_graph_edge	no_component_normalized_match_in_mSCIdblit
master_LR_union	WNT7A	FZD2+LRP6	Wnt7a	Fzd2_Lrp6					candidate_public_only_not_graph_edge	no_component_normalized_match_in_mSCIdblit
master_LR_union	WNT7A	FZD3+LRP5	Wnt7a	Fzd3_Lrp5					candidate_public_only_not_graph_edge	no_component_normalized_match_in_mSCIdblit
master_LR_union	WNT7A	FZD3+LRP6	Wnt7a	Fzd3_Lrp6					candidate_public_only_not_graph_edge	no_component_normalized_match_in_mSCIdblit
master_LR_union	WNT7A	FZD4+LRP5	Wnt7a	Fzd4_Lrp5					candidate_public_only_not_graph_edge	no_component_normalized_match_in_mSCIdblit
master_LR_union	WNT7A	FZD4+LRP6	Wnt7a	Fzd4_Lrp6					candidate_public_only_not_graph_edge	no_component_normalized_match_in_mSCIdblit
master_LR_union	WNT7A	FZD5	Wnt7a	Fzd5					candidate_public_only_not_graph_edge	no_component_normalized_match_in_mSCIdblit
master_LR_union	WNT7A	FZD5+LRP5	Wnt7a	Fzd5_Lrp5					candidate_public_only_not_graph_edge	no_component_normalized_match_in_mSCIdblit
master_LR_union	WNT7A	FZD5+LRP6	Wnt7a	Fzd5_Lrp6					candidate_public_only_not_graph_edge	no_component_normalized_match_in_mSCIdblit
master_LR_union	WNT7A	FZD6+LRP5	Wnt7a	Fzd6_Lrp5					candidate_public_only_not_graph_edge	no_component_normalized_match_in_mSCIdblit
master_LR_union	WNT7A	FZD6+LRP6	Wnt7a	Fzd6_Lrp6					candidate_public_only_not_graph_edge	no_component_normalized_match_in_mSCIdblit
master_LR_union	WNT7A	FZD7	Wnt7a	Fzd7					candidate_public_only_not_graph_edge	no_component_normalized_match_in_mSCIdblit
master_LR_union	WNT7A	FZD7+LRP5	Wnt7a	Fzd7_Lrp5					candidate_public_only_not_graph_edge	no_component_normalized_match_in_mSCIdblit
master_LR_union	WNT7A	FZD7+LRP6	Wnt7a	Fzd7_Lrp6					candidate_public_only_not_graph_edge	no_component_normalized_match_in_mSCIdblit
master_LR_union	WNT7A	FZD8+LRP5	Wnt7a	Fzd8_Lrp5					candidate_public_only_not_graph_edge	no_component_normalized_match_in_mSCIdblit
master_LR_union	WNT7A	FZD8+LRP6	Wnt7a	Fzd8_Lrp6					candidate_public_only_not_graph_edge	no_component_normalized_match_in_mSCIdblit
master_LR_union	WNT7A	FZD9	Wnt7a	Fzd9					candidate_public_only_not_graph_edge	no_component_normalized_match_in_mSCIdblit
master_LR_union	WNT7A	FZD9+LRP5	Wnt7a	Fzd9_Lrp5					candidate_public_only_not_graph_edge	no_component_normalized_match_in_mSCIdblit
master_LR_union	WNT7A	FZD9+LRP6	Wnt7a	Fzd9_Lrp6					candidate_public_only_not_graph_edge	no_component_normalized_match_in_mSCIdblit
master_LR_union	WNT7A	LDLR	Wnt7a	Ldlr					candidate_public_only_not_graph_edge	no_component_normalized_match_in_mSCIdblit
master_LR_union	WNT7A	LRP6	Wnt7a	Lrp6					candidate_public_only_not_graph_edge	no_component_normalized_match_in_mSCIdblit
master_LR_union	WNT7B	ADGRA2	Wnt7b	Adgra2					candidate_public_only_not_graph_edge	no_component_normalized_match_in_mSCIdblit
master_LR_union	WNT7B	FZD1	Wnt7b	Fzd1					candidate_public_only_not_graph_edge	no_component_normalized_match_in_mSCIdblit
master_LR_union	WNT7B	FZD1+LRP5	Wnt7b	Fzd1_Lrp5					candidate_public_only_not_graph_edge	no_component_normalized_match_in_mSCIdblit
master_LR_union	WNT7B	FZD1+LRP6	Wnt7b	Fzd1_Lrp6					candidate_public_only_not_graph_edge	no_component_normalized_match_in_mSCIdblit
master_LR_union	WNT7B	FZD10	Wnt7b	Fzd10					candidate_public_only_not_graph_edge	no_component_normalized_match_in_mSCIdblit
master_LR_union	WNT7B	FZD10+LRP5	Wnt7b	Fzd10_Lrp5					candidate_public_only_not_graph_edge	no_component_normalized_match_in_mSCIdblit
master_LR_union	WNT7B	FZD10+LRP6	Wnt7b	Fzd10_Lrp6					candidate_public_only_not_graph_edge	no_component_normalized_match_in_mSCIdblit
master_LR_union	WNT7B	FZD2	Wnt7b	Fzd2					candidate_public_only_not_graph_edge	no_component_normalized_match_in_mSCIdblit
master_LR_union	WNT7B	FZD2+LRP5	Wnt7b	Fzd2_Lrp5					candidate_public_only_not_graph_edge	no_component_normalized_match_in_mSCIdblit
master_LR_union	WNT7B	FZD2+LRP6	Wnt7b	Fzd2_Lrp6					candidate_public_only_not_graph_edge	no_component_normalized_match_in_mSCIdblit
master_LR_union	WNT7B	FZD3	Wnt7b	Fzd3					candidate_public_only_not_graph_edge	no_component_normalized_match_in_mSCIdblit
master_LR_union	WNT7B	FZD3+LRP5	Wnt7b	Fzd3_Lrp5					candidate_public_only_not_graph_edge	no_component_normalized_match_in_mSCIdblit
master_LR_union	WNT7B	FZD3+LRP6	Wnt7b	Fzd3_Lrp6					candidate_public_only_not_graph_edge	no_component_normalized_match_in_mSCIdblit
master_LR_union	WNT7B	FZD4	Wnt7b	Fzd4					candidate_public_only_not_graph_edge	no_component_normalized_match_in_mSCIdblit
master_LR_union	WNT7B	FZD4+LRP5	Wnt7b	Fzd4_Lrp5					candidate_public_only_not_graph_edge	no_component_normalized_match_in_mSCIdblit
master_LR_union	WNT7B	FZD4+LRP6	Wnt7b	Fzd4_Lrp6					candidate_public_only_not_graph_edge	no_component_normalized_match_in_mSCIdblit
master_LR_union	WNT7B	FZD5	Wnt7b	Fzd5					candidate_public_only_not_graph_edge	no_component_normalized_match_in_mSCIdblit
master_LR_union	WNT7B	FZD5+LRP5	Wnt7b	Fzd5_Lrp5					candidate_public_only_not_graph_edge	no_component_normalized_match_in_mSCIdblit
master_LR_union	WNT7B	FZD5+LRP6	Wnt7b	Fzd5_Lrp6					candidate_public_only_not_graph_edge	no_component_normalized_match_in_mSCIdblit
master_LR_union	WNT7B	FZD6	Wnt7b	Fzd6					candidate_public_only_not_graph_edge	no_component_normalized_match_in_mSCIdblit
master_LR_union	WNT7B	FZD6+LRP5	Wnt7b	Fzd6_Lrp5					candidate_public_only_not_graph_edge	no_component_normalized_match_in_mSCIdblit
master_LR_union	WNT7B	FZD6+LRP6	Wnt7b	Fzd6_Lrp6					candidate_public_only_not_graph_edge	no_component_normalized_match_in_mSCIdblit
master_LR_union	WNT7B	FZD7	Wnt7b	Fzd7					candidate_public_only_not_graph_edge	no_component_normalized_match_in_mSCIdblit
master_LR_union	WNT7B	FZD7+LRP5	Wnt7b	Fzd7_Lrp5					candidate_public_only_not_graph_edge	no_component_normalized_match_in_mSCIdblit
master_LR_union	WNT7B	FZD7+LRP6	Wnt7b	Fzd7_Lrp6					candidate_public_only_not_graph_edge	no_component_normalized_match_in_mSCIdblit
master_LR_union	WNT7B	FZD8	Wnt7b	Fzd8					candidate_public_only_not_graph_edge	no_component_normalized_match_in_mSCIdblit
master_LR_union	WNT7B	FZD8+LRP5	Wnt7b	Fzd8_Lrp5					candidate_public_only_not_graph_edge	no_component_normalized_match_in_mSCIdblit
master_LR_union	WNT7B	FZD8+LRP6	Wnt7b	Fzd8_Lrp6					candidate_public_only_not_graph_edge	no_component_normalized_match_in_mSCIdblit
master_LR_union	WNT7B	FZD9	Wnt7b	Fzd9					candidate_public_only_not_graph_edge	no_component_normalized_match_in_mSCIdblit
master_LR_union	WNT7B	FZD9+LRP5	Wnt7b	Fzd9_Lrp5					candidate_public_only_not_graph_edge	no_component_normalized_match_in_mSCIdblit
master_LR_union	WNT7B	FZD9+LRP6	Wnt7b	Fzd9_Lrp6					candidate_public_only_not_graph_edge	no_component_normalized_match_in_mSCIdblit
master_LR_union	WNT7B	LRP5	Wnt7b	Lrp5					candidate_public_only_not_graph_edge	no_component_normalized_match_in_mSCIdblit
master_LR_union	WNT7B	LRP6	Wnt7b	Lrp6					candidate_public_only_not_graph_edge	no_component_normalized_match_in_mSCIdblit
master_LR_union	WNT7B	TMED5	Wnt7b	Tmed5					candidate_public_only_not_graph_edge	no_component_normalized_match_in_mSCIdblit
master_LR_union	WNT8A	FZD1	Wnt8a	Fzd1					candidate_public_only_not_graph_edge	no_component_normalized_match_in_mSCIdblit
master_LR_union	WNT8A	FZD1+LRP5	Wnt8a	Fzd1_Lrp5					candidate_public_only_not_graph_edge	no_component_normalized_match_in_mSCIdblit
master_LR_union	WNT8A	FZD1+LRP6	Wnt8a	Fzd1_Lrp6					candidate_public_only_not_graph_edge	no_component_normalized_match_in_mSCIdblit
master_LR_union	WNT8A	FZD10	Wnt8a	Fzd10					candidate_public_only_not_graph_edge	no_component_normalized_match_in_mSCIdblit
master_LR_union	WNT8A	FZD10+LRP5	Wnt8a	Fzd10_Lrp5					candidate_public_only_not_graph_edge	no_component_normalized_match_in_mSCIdblit
master_LR_union	WNT8A	FZD10+LRP6	Wnt8a	Fzd10_Lrp6					candidate_public_only_not_graph_edge	no_component_normalized_match_in_mSCIdblit
master_LR_union	WNT8A	FZD2	Wnt8a	Fzd2					candidate_public_only_not_graph_edge	no_component_normalized_match_in_mSCIdblit
master_LR_union	WNT8A	FZD2+LRP5	Wnt8a	Fzd2_Lrp5					candidate_public_only_not_graph_edge	no_component_normalized_match_in_mSCIdblit
master_LR_union	WNT8A	FZD2+LRP6	Wnt8a	Fzd2_Lrp6					candidate_public_only_not_graph_edge	no_component_normalized_match_in_mSCIdblit
master_LR_union	WNT8A	FZD3	Wnt8a	Fzd3					candidate_public_only_not_graph_edge	no_component_normalized_match_in_mSCIdblit
master_LR_union	WNT8A	FZD3+LRP5	Wnt8a	Fzd3_Lrp5					candidate_public_only_not_graph_edge	no_component_normalized_match_in_mSCIdblit
master_LR_union	WNT8A	FZD3+LRP6	Wnt8a	Fzd3_Lrp6					candidate_public_only_not_graph_edge	no_component_normalized_match_in_mSCIdblit
master_LR_union	WNT8A	FZD4	Wnt8a	Fzd4					candidate_public_only_not_graph_edge	no_component_normalized_match_in_mSCIdblit
master_LR_union	WNT8A	FZD4+LRP5	Wnt8a	Fzd4_Lrp5					candidate_public_only_not_graph_edge	no_component_normalized_match_in_mSCIdblit
master_LR_union	WNT8A	FZD4+LRP6	Wnt8a	Fzd4_Lrp6					candidate_public_only_not_graph_edge	no_component_normalized_match_in_mSCIdblit
master_LR_union	WNT8A	FZD5	Wnt8a	Fzd5					candidate_public_only_not_graph_edge	no_component_normalized_match_in_mSCIdblit
master_LR_union	WNT8A	FZD5+LRP5	Wnt8a	Fzd5_Lrp5					candidate_public_only_not_graph_edge	no_component_normalized_match_in_mSCIdblit
master_LR_union	WNT8A	FZD5+LRP6	Wnt8a	Fzd5_Lrp6					candidate_public_only_not_graph_edge	no_component_normalized_match_in_mSCIdblit
master_LR_union	WNT8A	FZD6	Wnt8a	Fzd6					candidate_public_only_not_graph_edge	no_component_normalized_match_in_mSCIdblit
master_LR_union	WNT8A	FZD6+LRP5	Wnt8a	Fzd6_Lrp5					candidate_public_only_not_graph_edge	no_component_normalized_match_in_mSCIdblit
master_LR_union	WNT8A	FZD6+LRP6	Wnt8a	Fzd6_Lrp6					candidate_public_only_not_graph_edge	no_component_normalized_match_in_mSCIdblit
master_LR_union	WNT8A	FZD7	Wnt8a	Fzd7					candidate_public_only_not_graph_edge	no_component_normalized_match_in_mSCIdblit
master_LR_union	WNT8A	FZD7+LRP5	Wnt8a	Fzd7_Lrp5					candidate_public_only_not_graph_edge	no_component_normalized_match_in_mSCIdblit
master_LR_union	WNT8A	FZD7+LRP6	Wnt8a	Fzd7_Lrp6					candidate_public_only_not_graph_edge	no_component_normalized_match_in_mSCIdblit
master_LR_union	WNT8A	FZD8	Wnt8a	Fzd8					candidate_public_only_not_graph_edge	no_component_normalized_match_in_mSCIdblit
master_LR_union	WNT8A	FZD8+LRP5	Wnt8a	Fzd8_Lrp5					candidate_public_only_not_graph_edge	no_component_normalized_match_in_mSCIdblit
master_LR_union	WNT8A	FZD8+LRP6	Wnt8a	Fzd8_Lrp6					candidate_public_only_not_graph_edge	no_component_normalized_match_in_mSCIdblit
master_LR_union	WNT8A	FZD9	Wnt8a	Fzd9					candidate_public_only_not_graph_edge	no_component_normalized_match_in_mSCIdblit
master_LR_union	WNT8A	FZD9+LRP5	Wnt8a	Fzd9_Lrp5					candidate_public_only_not_graph_edge	no_component_normalized_match_in_mSCIdblit
master_LR_union	WNT8A	FZD9+LRP6	Wnt8a	Fzd9_Lrp6					candidate_public_only_not_graph_edge	no_component_normalized_match_in_mSCIdblit
master_LR_union	WNT8A	LRP5	Wnt8a	Lrp5					candidate_public_only_not_graph_edge	no_component_normalized_match_in_mSCIdblit
master_LR_union	WNT8A	LRP6	Wnt8a	Lrp6					candidate_public_only_not_graph_edge	no_component_normalized_match_in_mSCIdblit
master_LR_union	WNT8B	FZD1	Wnt8b	Fzd1					candidate_public_only_not_graph_edge	no_component_normalized_match_in_mSCIdblit
master_LR_union	WNT8B	FZD1+LRP5	Wnt8b	Fzd1_Lrp5					candidate_public_only_not_graph_edge	no_component_normalized_match_in_mSCIdblit
master_LR_union	WNT8B	FZD1+LRP6	Wnt8b	Fzd1_Lrp6					candidate_public_only_not_graph_edge	no_component_normalized_match_in_mSCIdblit
master_LR_union	WNT8B	FZD10	Wnt8b	Fzd10					candidate_public_only_not_graph_edge	no_component_normalized_match_in_mSCIdblit
master_LR_union	WNT8B	FZD10+LRP5	Wnt8b	Fzd10_Lrp5					candidate_public_only_not_graph_edge	no_component_normalized_match_in_mSCIdblit
master_LR_union	WNT8B	FZD10+LRP6	Wnt8b	Fzd10_Lrp6					candidate_public_only_not_graph_edge	no_component_normalized_match_in_mSCIdblit
master_LR_union	WNT8B	FZD2	Wnt8b	Fzd2					candidate_public_only_not_graph_edge	no_component_normalized_match_in_mSCIdblit
master_LR_union	WNT8B	FZD2+LRP5	Wnt8b	Fzd2_Lrp5					candidate_public_only_not_graph_edge	no_component_normalized_match_in_mSCIdblit
master_LR_union	WNT8B	FZD2+LRP6	Wnt8b	Fzd2_Lrp6					candidate_public_only_not_graph_edge	no_component_normalized_match_in_mSCIdblit
master_LR_union	WNT8B	FZD3	Wnt8b	Fzd3					candidate_public_only_not_graph_edge	no_component_normalized_match_in_mSCIdblit
master_LR_union	WNT8B	FZD3+LRP5	Wnt8b	Fzd3_Lrp5					candidate_public_only_not_graph_edge	no_component_normalized_match_in_mSCIdblit
master_LR_union	WNT8B	FZD3+LRP6	Wnt8b	Fzd3_Lrp6					candidate_public_only_not_graph_edge	no_component_normalized_match_in_mSCIdblit
master_LR_union	WNT8B	FZD4	Wnt8b	Fzd4					candidate_public_only_not_graph_edge	no_component_normalized_match_in_mSCIdblit
master_LR_union	WNT8B	FZD4+LRP5	Wnt8b	Fzd4_Lrp5					candidate_public_only_not_graph_edge	no_component_normalized_match_in_mSCIdblit
master_LR_union	WNT8B	FZD4+LRP6	Wnt8b	Fzd4_Lrp6					candidate_public_only_not_graph_edge	no_component_normalized_match_in_mSCIdblit
master_LR_union	WNT8B	FZD5	Wnt8b	Fzd5					candidate_public_only_not_graph_edge	no_component_normalized_match_in_mSCIdblit
master_LR_union	WNT8B	FZD5+LRP5	Wnt8b	Fzd5_Lrp5					candidate_public_only_not_graph_edge	no_component_normalized_match_in_mSCIdblit
master_LR_union	WNT8B	FZD5+LRP6	Wnt8b	Fzd5_Lrp6					candidate_public_only_not_graph_edge	no_component_normalized_match_in_mSCIdblit
master_LR_union	WNT8B	FZD6	Wnt8b	Fzd6					candidate_public_only_not_graph_edge	no_component_normalized_match_in_mSCIdblit
master_LR_union	WNT8B	FZD6+LRP5	Wnt8b	Fzd6_Lrp5					candidate_public_only_not_graph_edge	no_component_normalized_match_in_mSCIdblit
master_LR_union	WNT8B	FZD6+LRP6	Wnt8b	Fzd6_Lrp6					candidate_public_only_not_graph_edge	no_component_normalized_match_in_mSCIdblit
master_LR_union	WNT8B	FZD7	Wnt8b	Fzd7					candidate_public_only_not_graph_edge	no_component_normalized_match_in_mSCIdblit
master_LR_union	WNT8B	FZD7+LRP5	Wnt8b	Fzd7_Lrp5					candidate_public_only_not_graph_edge	no_component_normalized_match_in_mSCIdblit
master_LR_union	WNT8B	FZD7+LRP6	Wnt8b	Fzd7_Lrp6					candidate_public_only_not_graph_edge	no_component_normalized_match_in_mSCIdblit
master_LR_union	WNT8B	FZD8	Wnt8b	Fzd8					candidate_public_only_not_graph_edge	no_component_normalized_match_in_mSCIdblit
master_LR_union	WNT8B	FZD8+LRP5	Wnt8b	Fzd8_Lrp5					candidate_public_only_not_graph_edge	no_component_normalized_match_in_mSCIdblit
master_LR_union	WNT8B	FZD8+LRP6	Wnt8b	Fzd8_Lrp6					candidate_public_only_not_graph_edge	no_component_normalized_match_in_mSCIdblit
master_LR_union	WNT8B	FZD9	Wnt8b	Fzd9					candidate_public_only_not_graph_edge	no_component_normalized_match_in_mSCIdblit
master_LR_union	WNT8B	FZD9+LRP5	Wnt8b	Fzd9_Lrp5					candidate_public_only_not_graph_edge	no_component_normalized_match_in_mSCIdblit
master_LR_union	WNT8B	FZD9+LRP6	Wnt8b	Fzd9_Lrp6					candidate_public_only_not_graph_edge	no_component_normalized_match_in_mSCIdblit
master_LR_union	WNT8B	LRP5	Wnt8b	Lrp5					candidate_public_only_not_graph_edge	no_component_normalized_match_in_mSCIdblit
master_LR_union	WNT8B	LRP6	Wnt8b	Lrp6					candidate_public_only_not_graph_edge	no_component_normalized_match_in_mSCIdblit
master_LR_union	WNT9A	CHRNA1	Wnt9a	Chrna1					candidate_public_only_not_graph_edge	no_component_normalized_match_in_mSCIdblit
master_LR_union	WNT9A	FZD1	Wnt9a	Fzd1					candidate_public_only_not_graph_edge	no_component_normalized_match_in_mSCIdblit
master_LR_union	WNT9A	FZD1+LRP5	Wnt9a	Fzd1_Lrp5					candidate_public_only_not_graph_edge	no_component_normalized_match_in_mSCIdblit
master_LR_union	WNT9A	FZD1+LRP6	Wnt9a	Fzd1_Lrp6					candidate_public_only_not_graph_edge	no_component_normalized_match_in_mSCIdblit
master_LR_union	WNT9A	FZD10	Wnt9a	Fzd10					candidate_public_only_not_graph_edge	no_component_normalized_match_in_mSCIdblit
master_LR_union	WNT9A	FZD10+LRP5	Wnt9a	Fzd10_Lrp5					candidate_public_only_not_graph_edge	no_component_normalized_match_in_mSCIdblit
master_LR_union	WNT9A	FZD10+LRP6	Wnt9a	Fzd10_Lrp6					candidate_public_only_not_graph_edge	no_component_normalized_match_in_mSCIdblit
master_LR_union	WNT9A	FZD2	Wnt9a	Fzd2					candidate_public_only_not_graph_edge	no_component_normalized_match_in_mSCIdblit
master_LR_union	WNT9A	FZD2+LRP5	Wnt9a	Fzd2_Lrp5					candidate_public_only_not_graph_edge	no_component_normalized_match_in_mSCIdblit
master_LR_union	WNT9A	FZD2+LRP6	Wnt9a	Fzd2_Lrp6					candidate_public_only_not_graph_edge	no_component_normalized_match_in_mSCIdblit
master_LR_union	WNT9A	FZD3	Wnt9a	Fzd3					candidate_public_only_not_graph_edge	no_component_normalized_match_in_mSCIdblit
master_LR_union	WNT9A	FZD3+LRP5	Wnt9a	Fzd3_Lrp5					candidate_public_only_not_graph_edge	no_component_normalized_match_in_mSCIdblit
master_LR_union	WNT9A	FZD3+LRP6	Wnt9a	Fzd3_Lrp6					candidate_public_only_not_graph_edge	no_component_normalized_match_in_mSCIdblit
master_LR_union	WNT9A	FZD4	Wnt9a	Fzd4					candidate_public_only_not_graph_edge	no_component_normalized_match_in_mSCIdblit
master_LR_union	WNT9A	FZD4+LRP5	Wnt9a	Fzd4_Lrp5					candidate_public_only_not_graph_edge	no_component_normalized_match_in_mSCIdblit
master_LR_union	WNT9A	FZD4+LRP6	Wnt9a	Fzd4_Lrp6					candidate_public_only_not_graph_edge	no_component_normalized_match_in_mSCIdblit
master_LR_union	WNT9A	FZD5	Wnt9a	Fzd5					candidate_public_only_not_graph_edge	no_component_normalized_match_in_mSCIdblit
master_LR_union	WNT9A	FZD5+LRP5	Wnt9a	Fzd5_Lrp5					candidate_public_only_not_graph_edge	no_component_normalized_match_in_mSCIdblit
master_LR_union	WNT9A	FZD5+LRP6	Wnt9a	Fzd5_Lrp6					candidate_public_only_not_graph_edge	no_component_normalized_match_in_mSCIdblit
master_LR_union	WNT9A	FZD6	Wnt9a	Fzd6					candidate_public_only_not_graph_edge	no_component_normalized_match_in_mSCIdblit
master_LR_union	WNT9A	FZD6+LRP5	Wnt9a	Fzd6_Lrp5					candidate_public_only_not_graph_edge	no_component_normalized_match_in_mSCIdblit
master_LR_union	WNT9A	FZD6+LRP6	Wnt9a	Fzd6_Lrp6					candidate_public_only_not_graph_edge	no_component_normalized_match_in_mSCIdblit
master_LR_union	WNT9A	FZD7	Wnt9a	Fzd7					candidate_public_only_not_graph_edge	no_component_normalized_match_in_mSCIdblit
master_LR_union	WNT9A	FZD7+LRP5	Wnt9a	Fzd7_Lrp5					candidate_public_only_not_graph_edge	no_component_normalized_match_in_mSCIdblit
master_LR_union	WNT9A	FZD7+LRP6	Wnt9a	Fzd7_Lrp6					candidate_public_only_not_graph_edge	no_component_normalized_match_in_mSCIdblit
master_LR_union	WNT9A	FZD8	Wnt9a	Fzd8					candidate_public_only_not_graph_edge	no_component_normalized_match_in_mSCIdblit
master_LR_union	WNT9A	FZD8+LRP5	Wnt9a	Fzd8_Lrp5					candidate_public_only_not_graph_edge	no_component_normalized_match_in_mSCIdblit
master_LR_union	WNT9A	FZD8+LRP6	Wnt9a	Fzd8_Lrp6					candidate_public_only_not_graph_edge	no_component_normalized_match_in_mSCIdblit
master_LR_union	WNT9A	FZD9	Wnt9a	Fzd9					candidate_public_only_not_graph_edge	no_component_normalized_match_in_mSCIdblit
master_LR_union	WNT9A	FZD9+LRP5	Wnt9a	Fzd9_Lrp5					candidate_public_only_not_graph_edge	no_component_normalized_match_in_mSCIdblit
master_LR_union	WNT9A	FZD9+LRP6	Wnt9a	Fzd9_Lrp6					candidate_public_only_not_graph_edge	no_component_normalized_match_in_mSCIdblit
master_LR_union	WNT9A	LRP5	Wnt9a	Lrp5					candidate_public_only_not_graph_edge	no_component_normalized_match_in_mSCIdblit
master_LR_union	WNT9A	LRP6	Wnt9a	Lrp6					candidate_public_only_not_graph_edge	no_component_normalized_match_in_mSCIdblit
master_LR_union	WNT9B	CHRNA1	Wnt9b	Chrna1					candidate_public_only_not_graph_edge	no_component_normalized_match_in_mSCIdblit
master_LR_union	WNT9B	FZD1	Wnt9b	Fzd1					candidate_public_only_not_graph_edge	no_component_normalized_match_in_mSCIdblit
master_LR_union	WNT9B	FZD1+LRP5	Wnt9b	Fzd1_Lrp5					candidate_public_only_not_graph_edge	no_component_normalized_match_in_mSCIdblit
master_LR_union	WNT9B	FZD1+LRP6	Wnt9b	Fzd1_Lrp6					candidate_public_only_not_graph_edge	no_component_normalized_match_in_mSCIdblit
master_LR_union	WNT9B	FZD10	Wnt9b	Fzd10					candidate_public_only_not_graph_edge	no_component_normalized_match_in_mSCIdblit
master_LR_union	WNT9B	FZD10+LRP5	Wnt9b	Fzd10_Lrp5					candidate_public_only_not_graph_edge	no_component_normalized_match_in_mSCIdblit
master_LR_union	WNT9B	FZD10+LRP6	Wnt9b	Fzd10_Lrp6					candidate_public_only_not_graph_edge	no_component_normalized_match_in_mSCIdblit
master_LR_union	WNT9B	FZD2	Wnt9b	Fzd2					candidate_public_only_not_graph_edge	no_component_normalized_match_in_mSCIdblit
master_LR_union	WNT9B	FZD2+LRP5	Wnt9b	Fzd2_Lrp5					candidate_public_only_not_graph_edge	no_component_normalized_match_in_mSCIdblit
master_LR_union	WNT9B	FZD2+LRP6	Wnt9b	Fzd2_Lrp6					candidate_public_only_not_graph_edge	no_component_normalized_match_in_mSCIdblit
master_LR_union	WNT9B	FZD3	Wnt9b	Fzd3					candidate_public_only_not_graph_edge	no_component_normalized_match_in_mSCIdblit
master_LR_union	WNT9B	FZD3+LRP5	Wnt9b	Fzd3_Lrp5					candidate_public_only_not_graph_edge	no_component_normalized_match_in_mSCIdblit
master_LR_union	WNT9B	FZD3+LRP6	Wnt9b	Fzd3_Lrp6					candidate_public_only_not_graph_edge	no_component_normalized_match_in_mSCIdblit
master_LR_union	WNT9B	FZD4	Wnt9b	Fzd4					candidate_public_only_not_graph_edge	no_component_normalized_match_in_mSCIdblit
master_LR_union	WNT9B	FZD4+LRP5	Wnt9b	Fzd4_Lrp5					candidate_public_only_not_graph_edge	no_component_normalized_match_in_mSCIdblit
master_LR_union	WNT9B	FZD4+LRP6	Wnt9b	Fzd4_Lrp6					candidate_public_only_not_graph_edge	no_component_normalized_match_in_mSCIdblit
master_LR_union	WNT9B	FZD5	Wnt9b	Fzd5					candidate_public_only_not_graph_edge	no_component_normalized_match_in_mSCIdblit
master_LR_union	WNT9B	FZD5+LRP5	Wnt9b	Fzd5_Lrp5					candidate_public_only_not_graph_edge	no_component_normalized_match_in_mSCIdblit
master_LR_union	WNT9B	FZD5+LRP6	Wnt9b	Fzd5_Lrp6					candidate_public_only_not_graph_edge	no_component_normalized_match_in_mSCIdblit
master_LR_union	WNT9B	FZD6	Wnt9b	Fzd6					candidate_public_only_not_graph_edge	no_component_normalized_match_in_mSCIdblit
master_LR_union	WNT9B	FZD6+LRP5	Wnt9b	Fzd6_Lrp5					candidate_public_only_not_graph_edge	no_component_normalized_match_in_mSCIdblit
master_LR_union	WNT9B	FZD6+LRP6	Wnt9b	Fzd6_Lrp6					candidate_public_only_not_graph_edge	no_component_normalized_match_in_mSCIdblit
master_LR_union	WNT9B	FZD7	Wnt9b	Fzd7					candidate_public_only_not_graph_edge	no_component_normalized_match_in_mSCIdblit
master_LR_union	WNT9B	FZD7+LRP5	Wnt9b	Fzd7_Lrp5					candidate_public_only_not_graph_edge	no_component_normalized_match_in_mSCIdblit
master_LR_union	WNT9B	FZD7+LRP6	Wnt9b	Fzd7_Lrp6					candidate_public_only_not_graph_edge	no_component_normalized_match_in_mSCIdblit
master_LR_union	WNT9B	FZD8	Wnt9b	Fzd8					candidate_public_only_not_graph_edge	no_component_normalized_match_in_mSCIdblit
master_LR_union	WNT9B	FZD8+LRP5	Wnt9b	Fzd8_Lrp5					candidate_public_only_not_graph_edge	no_component_normalized_match_in_mSCIdblit
master_LR_union	WNT9B	FZD8+LRP6	Wnt9b	Fzd8_Lrp6					candidate_public_only_not_graph_edge	no_component_normalized_match_in_mSCIdblit
master_LR_union	WNT9B	FZD9	Wnt9b	Fzd9					candidate_public_only_not_graph_edge	no_component_normalized_match_in_mSCIdblit
master_LR_union	WNT9B	FZD9+LRP5	Wnt9b	Fzd9_Lrp5					candidate_public_only_not_graph_edge	no_component_normalized_match_in_mSCIdblit
master_LR_union	WNT9B	FZD9+LRP6	Wnt9b	Fzd9_Lrp6					candidate_public_only_not_graph_edge	no_component_normalized_match_in_mSCIdblit
master_LR_union	WNT9B	LRP5	Wnt9b	Lrp5					candidate_public_only_not_graph_edge	no_component_normalized_match_in_mSCIdblit
master_LR_union	WNT9B	LRP6	Wnt9b	Lrp6					candidate_public_only_not_graph_edge	no_component_normalized_match_in_mSCIdblit
master_LR_union	XCL1	ADGRV1	Xcl1	Adgrv1					candidate_public_only_not_graph_edge	no_component_normalized_match_in_mSCIdblit
master_LR_union	YARS	CXCR1	Yars	Cxcr1					candidate_public_only_not_graph_edge	no_component_normalized_match_in_mSCIdblit
master_LR_union	YBX1	NOTCH1	Ybx1	Notch1					candidate_public_only_not_graph_edge	no_component_normalized_match_in_mSCIdblit
master_LR_union	ZDHHC5	S1PR1	Zdhhc5	S1pr1					candidate_public_only_not_graph_edge	no_component_normalized_match_in_mSCIdblit
master_LR_union	ZNRF3	FZD2	Znrf3	Fzd2					candidate_public_only_not_graph_edge	no_component_normalized_match_in_mSCIdblit
master_LR_union	ZNRF3	FZD4	Znrf3	Fzd4					candidate_public_only_not_graph_edge	no_component_normalized_match_in_mSCIdblit
master_LR_union	ZNRF3	FZD5	Znrf3	Fzd5					candidate_public_only_not_graph_edge	no_component_normalized_match_in_mSCIdblit
master_LR_union	ZNRF3	FZD6	Znrf3	Fzd6					candidate_public_only_not_graph_edge	no_component_normalized_match_in_mSCIdblit
master_LR_union	ZNRF3	FZD8	Znrf3	Fzd8					candidate_public_only_not_graph_edge	no_component_normalized_match_in_mSCIdblit
master_LR_union	ZNRF3	LRP6	Znrf3	Lrp6					candidate_public_only_not_graph_edge	no_component_normalized_match_in_mSCIdblit
master_LR_union	ZP3	CHRNA7	Zp3	Chrna7					candidate_public_only_not_graph_edge	no_component_normalized_match_in_mSCIdblit
master_LR_union	ZP3	EGFR	Zp3	Egfr					candidate_public_only_not_graph_edge	no_component_normalized_match_in_mSCIdblit
master_LR_union	ZP3	MERTK	Zp3	Mertk					candidate_public_only_not_graph_edge	no_component_normalized_match_in_mSCIdblit
master_LR_union	ZPBP2	CD80	Zpbp2	Cd80					candidate_public_only_not_graph_edge	no_component_normalized_match_in_mSCIdblit
