review_id	batch_id	batch_rank	regulator_key	regulator_symbol	species_scope	source_registry	source_record_id	raw_tf_symbol	target_symbol	target_graph_modules	candidate_membership_status	exact_pair_search_url	exact_pair_status	regulator_general_evidence_status	target_cell_presence_status	binding_or_association_status	downstream_expression_or_perturbation_status	downstream_activation_status	upstream_relay_status	disposition	primary_citation	corroborating_citation	near_match_exclusions	review_notes	exportable	canonical_write_performed
public_tf_evidence_batch022_pair_01_1	public_tf_evidence_batch_022	1	wiz	WIZ	mouse	TFLink	tflink:mouse:000993:b9f07bd1b02c	Wiz	Actr2	20B	database_attributed_candidate_not_verified	https://pubmed.ncbi.nlm.nih.gov/?term=%22Wiz%22+AND+%22Actr2%22+AND+mouse	database_membership_only_not_promotable	supported_general_or_authoritative_regulator_evidence	not_established_for_exact_pair	TFLink_or_profile_membership_only_no_queued_locus_validation	not_found_for_exact_pair	not_established_for_SCI_target_cell	not_tested_for_exact_pair	retain_provenance_traceable_candidate_without_promotion	https://tflink.net/download/#interaction-gmt		TFLink/profile membership is a search lead; broad regulator evidence, orthologs, paralogs, reverse directions, and interaction-only findings were not transferred to this exact pair.	No exact target-specific causal edge was established; target-cell presence, downstream activation, and upstream relay are not inferred. WIZ occupies active promoters and CTCF-associated regions; queued targets were not validated.	false	false
public_tf_evidence_batch022_pair_01_2	public_tf_evidence_batch_022	1	wiz	WIZ	mouse	TFLink	tflink:mouse:000993:b9f07bd1b02c	Wiz	Acvr1	20B	database_attributed_candidate_not_verified	https://pubmed.ncbi.nlm.nih.gov/?term=%22Wiz%22+AND+%22Acvr1%22+AND+mouse	database_membership_only_not_promotable	supported_general_or_authoritative_regulator_evidence	not_established_for_exact_pair	TFLink_or_profile_membership_only_no_queued_locus_validation	not_found_for_exact_pair	not_established_for_SCI_target_cell	not_tested_for_exact_pair	retain_provenance_traceable_candidate_without_promotion	https://tflink.net/download/#interaction-gmt		TFLink/profile membership is a search lead; broad regulator evidence, orthologs, paralogs, reverse directions, and interaction-only findings were not transferred to this exact pair.	No exact target-specific causal edge was established; target-cell presence, downstream activation, and upstream relay are not inferred. WIZ occupies active promoters and CTCF-associated regions; queued targets were not validated.	false	false
public_tf_evidence_batch022_pair_01_3	public_tf_evidence_batch_022	1	wiz	WIZ	mouse	TFLink	tflink:mouse:000993:b9f07bd1b02c	Wiz	Adam17	20B	database_attributed_candidate_not_verified	https://pubmed.ncbi.nlm.nih.gov/?term=%22Wiz%22+AND+%22Adam17%22+AND+mouse	database_membership_only_not_promotable	supported_general_or_authoritative_regulator_evidence	not_established_for_exact_pair	TFLink_or_profile_membership_only_no_queued_locus_validation	not_found_for_exact_pair	not_established_for_SCI_target_cell	not_tested_for_exact_pair	retain_provenance_traceable_candidate_without_promotion	https://tflink.net/download/#interaction-gmt		TFLink/profile membership is a search lead; broad regulator evidence, orthologs, paralogs, reverse directions, and interaction-only findings were not transferred to this exact pair.	No exact target-specific causal edge was established; target-cell presence, downstream activation, and upstream relay are not inferred. WIZ occupies active promoters and CTCF-associated regions; queued targets were not validated.	false	false
public_tf_evidence_batch022_pair_01_4	public_tf_evidence_batch_022	1	wiz	WIZ	mouse	TFLink	tflink:mouse:000993:b9f07bd1b02c	Wiz	Adam23	20B	database_attributed_candidate_not_verified	https://pubmed.ncbi.nlm.nih.gov/?term=%22Wiz%22+AND+%22Adam23%22+AND+mouse	database_membership_only_not_promotable	supported_general_or_authoritative_regulator_evidence	not_established_for_exact_pair	TFLink_or_profile_membership_only_no_queued_locus_validation	not_found_for_exact_pair	not_established_for_SCI_target_cell	not_tested_for_exact_pair	retain_provenance_traceable_candidate_without_promotion	https://tflink.net/download/#interaction-gmt		TFLink/profile membership is a search lead; broad regulator evidence, orthologs, paralogs, reverse directions, and interaction-only findings were not transferred to this exact pair.	No exact target-specific causal edge was established; target-cell presence, downstream activation, and upstream relay are not inferred. WIZ occupies active promoters and CTCF-associated regions; queued targets were not validated.	false	false
public_tf_evidence_batch022_pair_02_1	public_tf_evidence_batch_022	2	ubn1	UBN1	human	TFLink	tflink:human:001016:6fb14f96fa1b	UBN1	ACKR2	20B	database_attributed_candidate_not_verified	https://pubmed.ncbi.nlm.nih.gov/?term=%22UBN1%22+AND+%22ACKR2%22+AND+human	binding_profile_only_not_promotable	supported_general_or_authoritative_regulator_evidence	not_established_for_exact_pair	GTRD_MSigDB_UBN1_promoter_profile_at_ACKR2_TSS	not_found_for_exact_pair	not_established_for_SCI_target_cell	not_tested_for_exact_pair	retain_binding_profile_lead_separately	https://www.gsea-msigdb.org/gsea/msigdb/human/geneset/UBN1_TARGET_GENES.html		GTRD/MSigDB promoter-profile membership is occupancy/profile evidence only and lacks UBN1-specific perturbation, direction, and SCI context.	Human UBN1-to-ACKR2 profile lead only; not a functional edge. UBN1 is an HIRA-complex histone chaperone with active-promoter/enhancer evidence; queued target function was not shown.	false	false
public_tf_evidence_batch022_pair_02_2	public_tf_evidence_batch_022	2	ubn1	UBN1	human	TFLink	tflink:human:001016:6fb14f96fa1b	UBN1	ACTR2	20B	database_attributed_candidate_not_verified	https://pubmed.ncbi.nlm.nih.gov/?term=%22UBN1%22+AND+%22ACTR2%22+AND+human	database_membership_only_not_promotable	supported_general_or_authoritative_regulator_evidence	not_established_for_exact_pair	TFLink_or_profile_membership_only_no_queued_locus_validation	not_found_for_exact_pair	not_established_for_SCI_target_cell	not_tested_for_exact_pair	retain_provenance_traceable_candidate_without_promotion	https://tflink.net/download/#interaction-gmt		TFLink/profile membership is a search lead; broad regulator evidence, orthologs, paralogs, reverse directions, and interaction-only findings were not transferred to this exact pair.	No exact target-specific causal edge was established; target-cell presence, downstream activation, and upstream relay are not inferred. UBN1 is an HIRA-complex histone chaperone with active-promoter/enhancer evidence; queued target function was not shown.	false	false
public_tf_evidence_batch022_pair_02_3	public_tf_evidence_batch_022	2	ubn1	UBN1	human	TFLink	tflink:human:001016:6fb14f96fa1b	UBN1	ACVR1	20B	database_attributed_candidate_not_verified	https://pubmed.ncbi.nlm.nih.gov/?term=%22UBN1%22+AND+%22ACVR1%22+AND+human	database_membership_only_not_promotable	supported_general_or_authoritative_regulator_evidence	not_established_for_exact_pair	TFLink_or_profile_membership_only_no_queued_locus_validation	not_found_for_exact_pair	not_established_for_SCI_target_cell	not_tested_for_exact_pair	retain_provenance_traceable_candidate_without_promotion	https://tflink.net/download/#interaction-gmt		TFLink/profile membership is a search lead; broad regulator evidence, orthologs, paralogs, reverse directions, and interaction-only findings were not transferred to this exact pair.	No exact target-specific causal edge was established; target-cell presence, downstream activation, and upstream relay are not inferred. UBN1 is an HIRA-complex histone chaperone with active-promoter/enhancer evidence; queued target function was not shown.	false	false
public_tf_evidence_batch022_pair_02_4	public_tf_evidence_batch_022	2	ubn1	UBN1	human	TFLink	tflink:human:001016:6fb14f96fa1b	UBN1	ADAM10	23B	database_attributed_candidate_not_verified	https://pubmed.ncbi.nlm.nih.gov/?term=%22UBN1%22+AND+%22ADAM10%22+AND+human	database_membership_only_not_promotable	supported_general_or_authoritative_regulator_evidence	not_established_for_exact_pair	TFLink_or_profile_membership_only_no_queued_locus_validation	not_found_for_exact_pair	not_established_for_SCI_target_cell	not_tested_for_exact_pair	retain_provenance_traceable_candidate_without_promotion	https://tflink.net/download/#interaction-gmt		TFLink/profile membership is a search lead; broad regulator evidence, orthologs, paralogs, reverse directions, and interaction-only findings were not transferred to this exact pair.	No exact target-specific causal edge was established; target-cell presence, downstream activation, and upstream relay are not inferred. UBN1 is an HIRA-complex histone chaperone with active-promoter/enhancer evidence; queued target function was not shown.	false	false
public_tf_evidence_batch022_pair_03_1	public_tf_evidence_batch_022	3	emsy	EMSY	human	TFLink	tflink:human:000883:8cc3d71e22ad	EMSY	ACVR1	20B	database_attributed_candidate_not_verified	https://pubmed.ncbi.nlm.nih.gov/?term=%22EMSY%22+AND+%22ACVR1%22+AND+human	database_membership_only_not_promotable	supported_general_or_authoritative_regulator_evidence	not_established_for_exact_pair	TFLink_or_profile_membership_only_no_queued_locus_validation	not_found_for_exact_pair	not_established_for_SCI_target_cell	not_tested_for_exact_pair	retain_provenance_traceable_candidate_without_promotion	https://tflink.net/download/#interaction-gmt		TFLink/profile membership is a search lead; broad regulator evidence, orthologs, paralogs, reverse directions, and interaction-only findings were not transferred to this exact pair.	No exact target-specific causal edge was established; target-cell presence, downstream activation, and upstream relay are not inferred. EMSY/KDM5A/SIN3B has noncanonical promoter and interferon-regulatory evidence at nonqueued loci.	false	false
public_tf_evidence_batch022_pair_03_2	public_tf_evidence_batch_022	3	emsy	EMSY	human	TFLink	tflink:human:000883:8cc3d71e22ad	EMSY	ADAM12	20B;23B	database_attributed_candidate_not_verified	https://pubmed.ncbi.nlm.nih.gov/?term=%22EMSY%22+AND+%22ADAM12%22+AND+human	database_membership_only_not_promotable	supported_general_or_authoritative_regulator_evidence	not_established_for_exact_pair	TFLink_or_profile_membership_only_no_queued_locus_validation	not_found_for_exact_pair	not_established_for_SCI_target_cell	not_tested_for_exact_pair	retain_provenance_traceable_candidate_without_promotion	https://tflink.net/download/#interaction-gmt		TFLink/profile membership is a search lead; broad regulator evidence, orthologs, paralogs, reverse directions, and interaction-only findings were not transferred to this exact pair.	No exact target-specific causal edge was established; target-cell presence, downstream activation, and upstream relay are not inferred. EMSY/KDM5A/SIN3B has noncanonical promoter and interferon-regulatory evidence at nonqueued loci.	false	false
public_tf_evidence_batch022_pair_03_3	public_tf_evidence_batch_022	3	emsy	EMSY	human	TFLink	tflink:human:000883:8cc3d71e22ad	EMSY	ADAM9	20B	database_attributed_candidate_not_verified	https://pubmed.ncbi.nlm.nih.gov/?term=%22EMSY%22+AND+%22ADAM9%22+AND+human	database_membership_only_not_promotable	supported_general_or_authoritative_regulator_evidence	not_established_for_exact_pair	TFLink_or_profile_membership_only_no_queued_locus_validation	not_found_for_exact_pair	not_established_for_SCI_target_cell	not_tested_for_exact_pair	retain_provenance_traceable_candidate_without_promotion	https://tflink.net/download/#interaction-gmt		TFLink/profile membership is a search lead; broad regulator evidence, orthologs, paralogs, reverse directions, and interaction-only findings were not transferred to this exact pair.	No exact target-specific causal edge was established; target-cell presence, downstream activation, and upstream relay are not inferred. EMSY/KDM5A/SIN3B has noncanonical promoter and interferon-regulatory evidence at nonqueued loci.	false	false
public_tf_evidence_batch022_pair_03_4	public_tf_evidence_batch_022	3	emsy	EMSY	human	TFLink	tflink:human:000883:8cc3d71e22ad	EMSY	ADGRL1	20B;23B	database_attributed_candidate_not_verified	https://pubmed.ncbi.nlm.nih.gov/?term=%22EMSY%22+AND+%22ADGRL1%22+AND+human	database_membership_only_not_promotable	supported_general_or_authoritative_regulator_evidence	not_established_for_exact_pair	TFLink_or_profile_membership_only_no_queued_locus_validation	not_found_for_exact_pair	not_established_for_SCI_target_cell	not_tested_for_exact_pair	retain_provenance_traceable_candidate_without_promotion	https://tflink.net/download/#interaction-gmt		TFLink/profile membership is a search lead; broad regulator evidence, orthologs, paralogs, reverse directions, and interaction-only findings were not transferred to this exact pair.	No exact target-specific causal edge was established; target-cell presence, downstream activation, and upstream relay are not inferred. EMSY/KDM5A/SIN3B has noncanonical promoter and interferon-regulatory evidence at nonqueued loci.	false	false
public_tf_evidence_batch022_pair_04_1	public_tf_evidence_batch_022	4	supt5h	SUPT5H/SPT5	mouse	TFLink	tflink:mouse:001022:2bb22f72f1bd	Supt5h	Abca1	20B	database_attributed_candidate_not_verified	https://pubmed.ncbi.nlm.nih.gov/?term=%22Supt5h%22+AND+%22Abca1%22+AND+mouse	database_membership_only_not_promotable	supported_general_or_authoritative_regulator_evidence	not_established_for_exact_pair	TFLink_or_profile_membership_only_no_queued_locus_validation	not_found_for_exact_pair	not_established_for_SCI_target_cell	not_tested_for_exact_pair	retain_provenance_traceable_candidate_without_promotion	https://tflink.net/download/#interaction-gmt		TFLink/profile membership is a search lead; broad regulator evidence, orthologs, paralogs, reverse directions, and interaction-only findings were not transferred to this exact pair.	No exact target-specific causal edge was established; target-cell presence, downstream activation, and upstream relay are not inferred. SUPT5H is a DSIF Pol II pausing/elongation factor; no queued target edge was validated.	false	false
public_tf_evidence_batch022_pair_04_2	public_tf_evidence_batch_022	4	supt5h	SUPT5H/SPT5	mouse	TFLink	tflink:mouse:001022:2bb22f72f1bd	Supt5h	Ackr3	20B	database_attributed_candidate_not_verified	https://pubmed.ncbi.nlm.nih.gov/?term=%22Supt5h%22+AND+%22Ackr3%22+AND+mouse	database_membership_only_not_promotable	supported_general_or_authoritative_regulator_evidence	not_established_for_exact_pair	TFLink_or_profile_membership_only_no_queued_locus_validation	not_found_for_exact_pair	not_established_for_SCI_target_cell	not_tested_for_exact_pair	retain_provenance_traceable_candidate_without_promotion	https://tflink.net/download/#interaction-gmt		TFLink/profile membership is a search lead; broad regulator evidence, orthologs, paralogs, reverse directions, and interaction-only findings were not transferred to this exact pair.	No exact target-specific causal edge was established; target-cell presence, downstream activation, and upstream relay are not inferred. SUPT5H is a DSIF Pol II pausing/elongation factor; no queued target edge was validated.	false	false
public_tf_evidence_batch022_pair_04_3	public_tf_evidence_batch_022	4	supt5h	SUPT5H/SPT5	mouse	TFLink	tflink:mouse:001022:2bb22f72f1bd	Supt5h	Actr2	20B	database_attributed_candidate_not_verified	https://pubmed.ncbi.nlm.nih.gov/?term=%22Supt5h%22+AND+%22Actr2%22+AND+mouse	database_membership_only_not_promotable	supported_general_or_authoritative_regulator_evidence	not_established_for_exact_pair	TFLink_or_profile_membership_only_no_queued_locus_validation	not_found_for_exact_pair	not_established_for_SCI_target_cell	not_tested_for_exact_pair	retain_provenance_traceable_candidate_without_promotion	https://tflink.net/download/#interaction-gmt		TFLink/profile membership is a search lead; broad regulator evidence, orthologs, paralogs, reverse directions, and interaction-only findings were not transferred to this exact pair.	No exact target-specific causal edge was established; target-cell presence, downstream activation, and upstream relay are not inferred. SUPT5H is a DSIF Pol II pausing/elongation factor; no queued target edge was validated.	false	false
public_tf_evidence_batch022_pair_04_4	public_tf_evidence_batch_022	4	supt5h	SUPT5H/SPT5	mouse	TFLink	tflink:mouse:001022:2bb22f72f1bd	Supt5h	Ada	20B	database_attributed_candidate_not_verified	https://pubmed.ncbi.nlm.nih.gov/?term=%22Supt5h%22+AND+%22Ada%22+AND+mouse	database_membership_only_not_promotable	supported_general_or_authoritative_regulator_evidence	not_established_for_exact_pair	TFLink_or_profile_membership_only_no_queued_locus_validation	not_found_for_exact_pair	not_established_for_SCI_target_cell	not_tested_for_exact_pair	retain_provenance_traceable_candidate_without_promotion	https://tflink.net/download/#interaction-gmt		TFLink/profile membership is a search lead; broad regulator evidence, orthologs, paralogs, reverse directions, and interaction-only findings were not transferred to this exact pair.	No exact target-specific causal edge was established; target-cell presence, downstream activation, and upstream relay are not inferred. SUPT5H is a DSIF Pol II pausing/elongation factor; no queued target edge was validated.	false	false
public_tf_evidence_batch022_pair_05_1	public_tf_evidence_batch_022	5	ints3	INTS3	human	TFLink	tflink:human:001106:d42694733135	INTS3	ACTR2	20B	database_attributed_candidate_not_verified	https://pubmed.ncbi.nlm.nih.gov/?term=%22INTS3%22+AND+%22ACTR2%22+AND+human	database_membership_only_not_promotable	supported_general_or_authoritative_regulator_evidence	not_established_for_exact_pair	TFLink_or_profile_membership_only_no_queued_locus_validation	not_found_for_exact_pair	not_established_for_SCI_target_cell	not_tested_for_exact_pair	retain_provenance_traceable_candidate_without_promotion	https://tflink.net/download/#interaction-gmt		TFLink/profile membership is a search lead; broad regulator evidence, orthologs, paralogs, reverse directions, and interaction-only findings were not transferred to this exact pair.	No exact target-specific causal edge was established; target-cell presence, downstream activation, and upstream relay are not inferred. INTS3 is an Integrator/SOSS component with RNA-processing and termination evidence, not a sequence-specific queued-target TF.	false	false
public_tf_evidence_batch022_pair_05_2	public_tf_evidence_batch_022	5	ints3	INTS3	human	TFLink	tflink:human:001106:d42694733135	INTS3	ADA	20B	database_attributed_candidate_not_verified	https://pubmed.ncbi.nlm.nih.gov/?term=%22INTS3%22+AND+%22ADA%22+AND+human	database_membership_only_not_promotable	supported_general_or_authoritative_regulator_evidence	not_established_for_exact_pair	TFLink_or_profile_membership_only_no_queued_locus_validation	not_found_for_exact_pair	not_established_for_SCI_target_cell	not_tested_for_exact_pair	retain_provenance_traceable_candidate_without_promotion	https://tflink.net/download/#interaction-gmt		TFLink/profile membership is a search lead; broad regulator evidence, orthologs, paralogs, reverse directions, and interaction-only findings were not transferred to this exact pair.	No exact target-specific causal edge was established; target-cell presence, downstream activation, and upstream relay are not inferred. INTS3 is an Integrator/SOSS component with RNA-processing and termination evidence, not a sequence-specific queued-target TF.	false	false
public_tf_evidence_batch022_pair_05_3	public_tf_evidence_batch_022	5	ints3	INTS3	human	TFLink	tflink:human:001106:d42694733135	INTS3	ADAM10	23B	database_attributed_candidate_not_verified	https://pubmed.ncbi.nlm.nih.gov/?term=%22INTS3%22+AND+%22ADAM10%22+AND+human	database_membership_only_not_promotable	supported_general_or_authoritative_regulator_evidence	not_established_for_exact_pair	TFLink_or_profile_membership_only_no_queued_locus_validation	not_found_for_exact_pair	not_established_for_SCI_target_cell	not_tested_for_exact_pair	retain_provenance_traceable_candidate_without_promotion	https://tflink.net/download/#interaction-gmt		TFLink/profile membership is a search lead; broad regulator evidence, orthologs, paralogs, reverse directions, and interaction-only findings were not transferred to this exact pair.	No exact target-specific causal edge was established; target-cell presence, downstream activation, and upstream relay are not inferred. INTS3 is an Integrator/SOSS component with RNA-processing and termination evidence, not a sequence-specific queued-target TF.	false	false
public_tf_evidence_batch022_pair_05_4	public_tf_evidence_batch_022	5	ints3	INTS3	human	TFLink	tflink:human:001106:d42694733135	INTS3	ADAM17	20B	database_attributed_candidate_not_verified	https://pubmed.ncbi.nlm.nih.gov/?term=%22INTS3%22+AND+%22ADAM17%22+AND+human	database_membership_only_not_promotable	supported_general_or_authoritative_regulator_evidence	not_established_for_exact_pair	TFLink_or_profile_membership_only_no_queued_locus_validation	not_found_for_exact_pair	not_established_for_SCI_target_cell	not_tested_for_exact_pair	retain_provenance_traceable_candidate_without_promotion	https://tflink.net/download/#interaction-gmt		TFLink/profile membership is a search lead; broad regulator evidence, orthologs, paralogs, reverse directions, and interaction-only findings were not transferred to this exact pair.	No exact target-specific causal edge was established; target-cell presence, downstream activation, and upstream relay are not inferred. INTS3 is an Integrator/SOSS component with RNA-processing and termination evidence, not a sequence-specific queued-target TF.	false	false
public_tf_evidence_batch022_pair_06_1	public_tf_evidence_batch_022	6	phf6	PHF6	human	TFLink	tflink:human:001110:89f6d8c33442	PHF6	ACTR2	20B	database_attributed_candidate_not_verified	https://pubmed.ncbi.nlm.nih.gov/?term=%22PHF6%22+AND+%22ACTR2%22+AND+human	database_membership_only_not_promotable	supported_general_or_authoritative_regulator_evidence	not_established_for_exact_pair	TFLink_or_profile_membership_only_no_queued_locus_validation	not_found_for_exact_pair	not_established_for_SCI_target_cell	not_tested_for_exact_pair	retain_provenance_traceable_candidate_without_promotion	https://tflink.net/download/#interaction-gmt		TFLink/profile membership is a search lead; broad regulator evidence, orthologs, paralogs, reverse directions, and interaction-only findings were not transferred to this exact pair.	No exact target-specific causal edge was established; target-cell presence, downstream activation, and upstream relay are not inferred. PHF6 is a chromatin-associated transcriptional regulator at nonqueued loci.	false	false
public_tf_evidence_batch022_pair_06_2	public_tf_evidence_batch_022	6	phf6	PHF6	human	TFLink	tflink:human:001110:89f6d8c33442	PHF6	ACVR1C	20B	database_attributed_candidate_not_verified	https://pubmed.ncbi.nlm.nih.gov/?term=%22PHF6%22+AND+%22ACVR1C%22+AND+human	database_membership_only_not_promotable	supported_general_or_authoritative_regulator_evidence	not_established_for_exact_pair	TFLink_or_profile_membership_only_no_queued_locus_validation	not_found_for_exact_pair	not_established_for_SCI_target_cell	not_tested_for_exact_pair	retain_provenance_traceable_candidate_without_promotion	https://tflink.net/download/#interaction-gmt		TFLink/profile membership is a search lead; broad regulator evidence, orthologs, paralogs, reverse directions, and interaction-only findings were not transferred to this exact pair.	No exact target-specific causal edge was established; target-cell presence, downstream activation, and upstream relay are not inferred. PHF6 is a chromatin-associated transcriptional regulator at nonqueued loci.	false	false
public_tf_evidence_batch022_pair_06_3	public_tf_evidence_batch_022	6	phf6	PHF6	human	TFLink	tflink:human:001110:89f6d8c33442	PHF6	ADA	20B	database_attributed_candidate_not_verified	https://pubmed.ncbi.nlm.nih.gov/?term=%22PHF6%22+AND+%22ADA%22+AND+human	database_membership_only_not_promotable	supported_general_or_authoritative_regulator_evidence	not_established_for_exact_pair	TFLink_or_profile_membership_only_no_queued_locus_validation	not_found_for_exact_pair	not_established_for_SCI_target_cell	not_tested_for_exact_pair	retain_provenance_traceable_candidate_without_promotion	https://tflink.net/download/#interaction-gmt		TFLink/profile membership is a search lead; broad regulator evidence, orthologs, paralogs, reverse directions, and interaction-only findings were not transferred to this exact pair.	No exact target-specific causal edge was established; target-cell presence, downstream activation, and upstream relay are not inferred. PHF6 is a chromatin-associated transcriptional regulator at nonqueued loci.	false	false
public_tf_evidence_batch022_pair_06_4	public_tf_evidence_batch_022	6	phf6	PHF6	human	TFLink	tflink:human:001110:89f6d8c33442	PHF6	ADAM17	20B	database_attributed_candidate_not_verified	https://pubmed.ncbi.nlm.nih.gov/?term=%22PHF6%22+AND+%22ADAM17%22+AND+human	database_membership_only_not_promotable	supported_general_or_authoritative_regulator_evidence	not_established_for_exact_pair	TFLink_or_profile_membership_only_no_queued_locus_validation	not_found_for_exact_pair	not_established_for_SCI_target_cell	not_tested_for_exact_pair	retain_provenance_traceable_candidate_without_promotion	https://tflink.net/download/#interaction-gmt		TFLink/profile membership is a search lead; broad regulator evidence, orthologs, paralogs, reverse directions, and interaction-only findings were not transferred to this exact pair.	No exact target-specific causal edge was established; target-cell presence, downstream activation, and upstream relay are not inferred. PHF6 is a chromatin-associated transcriptional regulator at nonqueued loci.	false	false
public_tf_evidence_batch022_pair_07_1	public_tf_evidence_batch_022	7	cbx3	CBX3/HP1gamma	mouse	TFLink	tflink:mouse:000945:1e33df5aa448	Cbx3	Abca1	20B	database_attributed_candidate_not_verified	https://pubmed.ncbi.nlm.nih.gov/?term=%22Cbx3%22+AND+%22Abca1%22+AND+mouse	database_membership_only_not_promotable	supported_general_or_authoritative_regulator_evidence	not_established_for_exact_pair	TFLink_or_profile_membership_only_no_queued_locus_validation	not_found_for_exact_pair	not_established_for_SCI_target_cell	not_tested_for_exact_pair	retain_provenance_traceable_candidate_without_promotion	https://tflink.net/download/#interaction-gmt		TFLink/profile membership is a search lead; broad regulator evidence, orthologs, paralogs, reverse directions, and interaction-only findings were not transferred to this exact pair.	No exact target-specific causal edge was established; target-cell presence, downstream activation, and upstream relay are not inferred. CBX3/HP1gamma regulates nonqueued immune loci such as Prf1, Gzmb, and Ifng.	false	false
public_tf_evidence_batch022_pair_07_2	public_tf_evidence_batch_022	7	cbx3	CBX3/HP1gamma	mouse	TFLink	tflink:mouse:000945:1e33df5aa448	Cbx3	Ackr3	20B	database_attributed_candidate_not_verified	https://pubmed.ncbi.nlm.nih.gov/?term=%22Cbx3%22+AND+%22Ackr3%22+AND+mouse	database_membership_only_not_promotable	supported_general_or_authoritative_regulator_evidence	not_established_for_exact_pair	TFLink_or_profile_membership_only_no_queued_locus_validation	not_found_for_exact_pair	not_established_for_SCI_target_cell	not_tested_for_exact_pair	retain_provenance_traceable_candidate_without_promotion	https://tflink.net/download/#interaction-gmt		TFLink/profile membership is a search lead; broad regulator evidence, orthologs, paralogs, reverse directions, and interaction-only findings were not transferred to this exact pair.	No exact target-specific causal edge was established; target-cell presence, downstream activation, and upstream relay are not inferred. CBX3/HP1gamma regulates nonqueued immune loci such as Prf1, Gzmb, and Ifng.	false	false
public_tf_evidence_batch022_pair_07_3	public_tf_evidence_batch_022	7	cbx3	CBX3/HP1gamma	mouse	TFLink	tflink:mouse:000945:1e33df5aa448	Cbx3	Ackr4	20B	database_attributed_candidate_not_verified	https://pubmed.ncbi.nlm.nih.gov/?term=%22Cbx3%22+AND+%22Ackr4%22+AND+mouse	database_membership_only_not_promotable	supported_general_or_authoritative_regulator_evidence	not_established_for_exact_pair	TFLink_or_profile_membership_only_no_queued_locus_validation	not_found_for_exact_pair	not_established_for_SCI_target_cell	not_tested_for_exact_pair	retain_provenance_traceable_candidate_without_promotion	https://tflink.net/download/#interaction-gmt		TFLink/profile membership is a search lead; broad regulator evidence, orthologs, paralogs, reverse directions, and interaction-only findings were not transferred to this exact pair.	No exact target-specific causal edge was established; target-cell presence, downstream activation, and upstream relay are not inferred. CBX3/HP1gamma regulates nonqueued immune loci such as Prf1, Gzmb, and Ifng.	false	false
public_tf_evidence_batch022_pair_07_4	public_tf_evidence_batch_022	7	cbx3	CBX3/HP1gamma	mouse	TFLink	tflink:mouse:000945:1e33df5aa448	Cbx3	Acvr1	20B	database_attributed_candidate_not_verified	https://pubmed.ncbi.nlm.nih.gov/?term=%22Cbx3%22+AND+%22Acvr1%22+AND+mouse	database_membership_only_not_promotable	supported_general_or_authoritative_regulator_evidence	not_established_for_exact_pair	TFLink_or_profile_membership_only_no_queued_locus_validation	not_found_for_exact_pair	not_established_for_SCI_target_cell	not_tested_for_exact_pair	retain_provenance_traceable_candidate_without_promotion	https://tflink.net/download/#interaction-gmt		TFLink/profile membership is a search lead; broad regulator evidence, orthologs, paralogs, reverse directions, and interaction-only findings were not transferred to this exact pair.	No exact target-specific causal edge was established; target-cell presence, downstream activation, and upstream relay are not inferred. CBX3/HP1gamma regulates nonqueued immune loci such as Prf1, Gzmb, and Ifng.	false	false
public_tf_evidence_batch022_pair_08_1	public_tf_evidence_batch_022	8	kat8	KAT8/MOF	mouse	TFLink	tflink:mouse:000901:3ea45e91e449	Kat8	Actr2	20B	database_attributed_candidate_not_verified	https://pubmed.ncbi.nlm.nih.gov/?term=%22Kat8%22+AND+%22Actr2%22+AND+mouse	database_membership_only_not_promotable	supported_general_or_authoritative_regulator_evidence	not_established_for_exact_pair	TFLink_or_profile_membership_only_no_queued_locus_validation	not_found_for_exact_pair	not_established_for_SCI_target_cell	not_tested_for_exact_pair	retain_provenance_traceable_candidate_without_promotion	https://tflink.net/download/#interaction-gmt		TFLink/profile membership is a search lead; broad regulator evidence, orthologs, paralogs, reverse directions, and interaction-only findings were not transferred to this exact pair.	No exact target-specific causal edge was established; target-cell presence, downstream activation, and upstream relay are not inferred. KAT8/MOF has direct chromatin and metabolic-gene evidence at nonqueued loci.	false	false
public_tf_evidence_batch022_pair_08_2	public_tf_evidence_batch_022	8	kat8	KAT8/MOF	mouse	TFLink	tflink:mouse:000901:3ea45e91e449	Kat8	Acvr1	20B	database_attributed_candidate_not_verified	https://pubmed.ncbi.nlm.nih.gov/?term=%22Kat8%22+AND+%22Acvr1%22+AND+mouse	database_membership_only_not_promotable	supported_general_or_authoritative_regulator_evidence	not_established_for_exact_pair	TFLink_or_profile_membership_only_no_queued_locus_validation	not_found_for_exact_pair	not_established_for_SCI_target_cell	not_tested_for_exact_pair	retain_provenance_traceable_candidate_without_promotion	https://tflink.net/download/#interaction-gmt		TFLink/profile membership is a search lead; broad regulator evidence, orthologs, paralogs, reverse directions, and interaction-only findings were not transferred to this exact pair.	No exact target-specific causal edge was established; target-cell presence, downstream activation, and upstream relay are not inferred. KAT8/MOF has direct chromatin and metabolic-gene evidence at nonqueued loci.	false	false
public_tf_evidence_batch022_pair_08_3	public_tf_evidence_batch_022	8	kat8	KAT8/MOF	mouse	TFLink	tflink:mouse:000901:3ea45e91e449	Kat8	Acvrl1	20B	database_attributed_candidate_not_verified	https://pubmed.ncbi.nlm.nih.gov/?term=%22Kat8%22+AND+%22Acvrl1%22+AND+mouse	database_membership_only_not_promotable	supported_general_or_authoritative_regulator_evidence	not_established_for_exact_pair	TFLink_or_profile_membership_only_no_queued_locus_validation	not_found_for_exact_pair	not_established_for_SCI_target_cell	not_tested_for_exact_pair	retain_provenance_traceable_candidate_without_promotion	https://tflink.net/download/#interaction-gmt		TFLink/profile membership is a search lead; broad regulator evidence, orthologs, paralogs, reverse directions, and interaction-only findings were not transferred to this exact pair.	No exact target-specific causal edge was established; target-cell presence, downstream activation, and upstream relay are not inferred. KAT8/MOF has direct chromatin and metabolic-gene evidence at nonqueued loci.	false	false
public_tf_evidence_batch022_pair_08_4	public_tf_evidence_batch_022	8	kat8	KAT8/MOF	mouse	TFLink	tflink:mouse:000901:3ea45e91e449	Kat8	Adam10	23B	database_attributed_candidate_not_verified	https://pubmed.ncbi.nlm.nih.gov/?term=%22Kat8%22+AND+%22Adam10%22+AND+mouse	genetic_cooccurrence_only_not_promotable	supported_general_or_authoritative_regulator_evidence	not_established_for_exact_pair	no_queued_locus_occupancy_assay_retrieved	Alzheimer_GWAS_co_locus_reported_without_regulatory_assay	not_established_for_SCI_target_cell	not_tested_for_exact_pair	retain_genetic_cooccurrence_lead_separately			A KAT8/ADAM10 genetic co-locus was identified in the search, but it is not a regulator occupancy, perturbation, or expression-direction assay; no qualifying citation was registered.	Genetic co-occurrence is not treated as transcriptional regulation. KAT8/MOF has direct chromatin and metabolic-gene evidence at nonqueued loci.	false	false
public_tf_evidence_batch022_pair_09_1	public_tf_evidence_batch_022	9	zmym3	ZMYM3	human	TFLink	tflink:human:001245:10bdc8f9b264	ZMYM3	ACKR2	20B	database_attributed_candidate_not_verified	https://pubmed.ncbi.nlm.nih.gov/?term=%22ZMYM3%22+AND+%22ACKR2%22+AND+human	database_membership_only_not_promotable	supported_general_or_authoritative_regulator_evidence	not_established_for_exact_pair	TFLink_or_profile_membership_only_no_queued_locus_validation	not_found_for_exact_pair	not_established_for_SCI_target_cell	not_tested_for_exact_pair	retain_provenance_traceable_candidate_without_promotion	https://tflink.net/download/#interaction-gmt		TFLink/profile membership is a search lead; broad regulator evidence, orthologs, paralogs, reverse directions, and interaction-only findings were not transferred to this exact pair.	No exact target-specific causal edge was established; target-cell presence, downstream activation, and upstream relay are not inferred. ZMYM3 is a chromatin coregulator with nonqueued CTTN/KDM1A-associated evidence.	false	false
public_tf_evidence_batch022_pair_09_2	public_tf_evidence_batch_022	9	zmym3	ZMYM3	human	TFLink	tflink:human:001245:10bdc8f9b264	ZMYM3	ADAM10	23B	database_attributed_candidate_not_verified	https://pubmed.ncbi.nlm.nih.gov/?term=%22ZMYM3%22+AND+%22ADAM10%22+AND+human	database_membership_only_not_promotable	supported_general_or_authoritative_regulator_evidence	not_established_for_exact_pair	TFLink_or_profile_membership_only_no_queued_locus_validation	not_found_for_exact_pair	not_established_for_SCI_target_cell	not_tested_for_exact_pair	retain_provenance_traceable_candidate_without_promotion	https://tflink.net/download/#interaction-gmt		TFLink/profile membership is a search lead; broad regulator evidence, orthologs, paralogs, reverse directions, and interaction-only findings were not transferred to this exact pair.	No exact target-specific causal edge was established; target-cell presence, downstream activation, and upstream relay are not inferred. ZMYM3 is a chromatin coregulator with nonqueued CTTN/KDM1A-associated evidence.	false	false
public_tf_evidence_batch022_pair_09_3	public_tf_evidence_batch_022	9	zmym3	ZMYM3	human	TFLink	tflink:human:001245:10bdc8f9b264	ZMYM3	ADIPOR1	20B	database_attributed_candidate_not_verified	https://pubmed.ncbi.nlm.nih.gov/?term=%22ZMYM3%22+AND+%22ADIPOR1%22+AND+human	database_membership_only_not_promotable	supported_general_or_authoritative_regulator_evidence	not_established_for_exact_pair	TFLink_or_profile_membership_only_no_queued_locus_validation	not_found_for_exact_pair	not_established_for_SCI_target_cell	not_tested_for_exact_pair	retain_provenance_traceable_candidate_without_promotion	https://tflink.net/download/#interaction-gmt		TFLink/profile membership is a search lead; broad regulator evidence, orthologs, paralogs, reverse directions, and interaction-only findings were not transferred to this exact pair.	No exact target-specific causal edge was established; target-cell presence, downstream activation, and upstream relay are not inferred. ZMYM3 is a chromatin coregulator with nonqueued CTTN/KDM1A-associated evidence.	false	false
public_tf_evidence_batch022_pair_09_4	public_tf_evidence_batch_022	9	zmym3	ZMYM3	human	TFLink	tflink:human:001245:10bdc8f9b264	ZMYM3	ADIPOR2	20B	database_attributed_candidate_not_verified	https://pubmed.ncbi.nlm.nih.gov/?term=%22ZMYM3%22+AND+%22ADIPOR2%22+AND+human	database_membership_only_not_promotable	supported_general_or_authoritative_regulator_evidence	not_established_for_exact_pair	TFLink_or_profile_membership_only_no_queued_locus_validation	not_found_for_exact_pair	not_established_for_SCI_target_cell	not_tested_for_exact_pair	retain_provenance_traceable_candidate_without_promotion	https://tflink.net/download/#interaction-gmt		TFLink/profile membership is a search lead; broad regulator evidence, orthologs, paralogs, reverse directions, and interaction-only findings were not transferred to this exact pair.	No exact target-specific causal edge was established; target-cell presence, downstream activation, and upstream relay are not inferred. ZMYM3 is a chromatin coregulator with nonqueued CTTN/KDM1A-associated evidence.	false	false
public_tf_evidence_batch022_pair_10_1	public_tf_evidence_batch_022	10	med12	MED12	human	TFLink	tflink:human:000845:c0ec59eb6ff0	MED12	ACTR2	20B	database_attributed_candidate_not_verified	https://pubmed.ncbi.nlm.nih.gov/?term=%22MED12%22+AND+%22ACTR2%22+AND+human	database_membership_only_not_promotable	supported_general_or_authoritative_regulator_evidence	not_established_for_exact_pair	TFLink_or_profile_membership_only_no_queued_locus_validation	not_found_for_exact_pair	not_established_for_SCI_target_cell	not_tested_for_exact_pair	retain_provenance_traceable_candidate_without_promotion	https://tflink.net/download/#interaction-gmt		TFLink/profile membership is a search lead; broad regulator evidence, orthologs, paralogs, reverse directions, and interaction-only findings were not transferred to this exact pair.	No exact target-specific causal edge was established; target-cell presence, downstream activation, and upstream relay are not inferred. MED12 has coregulator evidence at nonqueued ERalpha and STAT1 target promoters.	false	false
public_tf_evidence_batch022_pair_10_2	public_tf_evidence_batch_022	10	med12	MED12	human	TFLink	tflink:human:000845:c0ec59eb6ff0	MED12	ACVRL1	20B	database_attributed_candidate_not_verified	https://pubmed.ncbi.nlm.nih.gov/?term=%22MED12%22+AND+%22ACVRL1%22+AND+human	database_membership_only_not_promotable	supported_general_or_authoritative_regulator_evidence	not_established_for_exact_pair	TFLink_or_profile_membership_only_no_queued_locus_validation	not_found_for_exact_pair	not_established_for_SCI_target_cell	not_tested_for_exact_pair	retain_provenance_traceable_candidate_without_promotion	https://tflink.net/download/#interaction-gmt		TFLink/profile membership is a search lead; broad regulator evidence, orthologs, paralogs, reverse directions, and interaction-only findings were not transferred to this exact pair.	No exact target-specific causal edge was established; target-cell presence, downstream activation, and upstream relay are not inferred. MED12 has coregulator evidence at nonqueued ERalpha and STAT1 target promoters.	false	false
public_tf_evidence_batch022_pair_10_3	public_tf_evidence_batch_022	10	med12	MED12	human	TFLink	tflink:human:000845:c0ec59eb6ff0	MED12	ADO	20B	database_attributed_candidate_not_verified	https://pubmed.ncbi.nlm.nih.gov/?term=%22MED12%22+AND+%22ADO%22+AND+human	database_membership_only_not_promotable	supported_general_or_authoritative_regulator_evidence	not_established_for_exact_pair	TFLink_or_profile_membership_only_no_queued_locus_validation	not_found_for_exact_pair	not_established_for_SCI_target_cell	not_tested_for_exact_pair	retain_provenance_traceable_candidate_without_promotion	https://tflink.net/download/#interaction-gmt		TFLink/profile membership is a search lead; broad regulator evidence, orthologs, paralogs, reverse directions, and interaction-only findings were not transferred to this exact pair.	No exact target-specific causal edge was established; target-cell presence, downstream activation, and upstream relay are not inferred. MED12 has coregulator evidence at nonqueued ERalpha and STAT1 target promoters.	false	false
public_tf_evidence_batch022_pair_10_4	public_tf_evidence_batch_022	10	med12	MED12	human	TFLink	tflink:human:000845:c0ec59eb6ff0	MED12	ADORA1	20B	database_attributed_candidate_not_verified	https://pubmed.ncbi.nlm.nih.gov/?term=%22MED12%22+AND+%22ADORA1%22+AND+human	database_membership_only_not_promotable	supported_general_or_authoritative_regulator_evidence	not_established_for_exact_pair	TFLink_or_profile_membership_only_no_queued_locus_validation	not_found_for_exact_pair	not_established_for_SCI_target_cell	not_tested_for_exact_pair	retain_provenance_traceable_candidate_without_promotion	https://tflink.net/download/#interaction-gmt		TFLink/profile membership is a search lead; broad regulator evidence, orthologs, paralogs, reverse directions, and interaction-only findings were not transferred to this exact pair.	No exact target-specific causal edge was established; target-cell presence, downstream activation, and upstream relay are not inferred. MED12 has coregulator evidence at nonqueued ERalpha and STAT1 target promoters.	false	false
public_tf_evidence_batch022_pair_11_1	public_tf_evidence_batch_022	11	zmiz1	ZMIZ1	human	TFLink	tflink:human:000932:e4cdf3c67e94	ZMIZ1	ACKR2	20B	database_attributed_candidate_not_verified	https://pubmed.ncbi.nlm.nih.gov/?term=%22ZMIZ1%22+AND+%22ACKR2%22+AND+human	database_membership_only_not_promotable	supported_general_or_authoritative_regulator_evidence	not_established_for_exact_pair	TFLink_or_profile_membership_only_no_queued_locus_validation	not_found_for_exact_pair	not_established_for_SCI_target_cell	not_tested_for_exact_pair	retain_provenance_traceable_candidate_without_promotion	https://tflink.net/download/#interaction-gmt		TFLink/profile membership is a search lead; broad regulator evidence, orthologs, paralogs, reverse directions, and interaction-only findings were not transferred to this exact pair.	No exact target-specific causal edge was established; target-cell presence, downstream activation, and upstream relay are not inferred. ZMIZ1 is a transcriptional co-regulator with nonqueued p21, MYC, and PROX1 evidence.	false	false
public_tf_evidence_batch022_pair_11_2	public_tf_evidence_batch_022	11	zmiz1	ZMIZ1	human	TFLink	tflink:human:000932:e4cdf3c67e94	ZMIZ1	ACTR2	20B	database_attributed_candidate_not_verified	https://pubmed.ncbi.nlm.nih.gov/?term=%22ZMIZ1%22+AND+%22ACTR2%22+AND+human	database_membership_only_not_promotable	supported_general_or_authoritative_regulator_evidence	not_established_for_exact_pair	TFLink_or_profile_membership_only_no_queued_locus_validation	not_found_for_exact_pair	not_established_for_SCI_target_cell	not_tested_for_exact_pair	retain_provenance_traceable_candidate_without_promotion	https://tflink.net/download/#interaction-gmt		TFLink/profile membership is a search lead; broad regulator evidence, orthologs, paralogs, reverse directions, and interaction-only findings were not transferred to this exact pair.	No exact target-specific causal edge was established; target-cell presence, downstream activation, and upstream relay are not inferred. ZMIZ1 is a transcriptional co-regulator with nonqueued p21, MYC, and PROX1 evidence.	false	false
public_tf_evidence_batch022_pair_11_3	public_tf_evidence_batch_022	11	zmiz1	ZMIZ1	human	TFLink	tflink:human:000932:e4cdf3c67e94	ZMIZ1	ACVR1	20B	database_attributed_candidate_not_verified	https://pubmed.ncbi.nlm.nih.gov/?term=%22ZMIZ1%22+AND+%22ACVR1%22+AND+human	database_membership_only_not_promotable	supported_general_or_authoritative_regulator_evidence	not_established_for_exact_pair	TFLink_or_profile_membership_only_no_queued_locus_validation	not_found_for_exact_pair	not_established_for_SCI_target_cell	not_tested_for_exact_pair	retain_provenance_traceable_candidate_without_promotion	https://tflink.net/download/#interaction-gmt		TFLink/profile membership is a search lead; broad regulator evidence, orthologs, paralogs, reverse directions, and interaction-only findings were not transferred to this exact pair.	No exact target-specific causal edge was established; target-cell presence, downstream activation, and upstream relay are not inferred. ZMIZ1 is a transcriptional co-regulator with nonqueued p21, MYC, and PROX1 evidence.	false	false
public_tf_evidence_batch022_pair_11_4	public_tf_evidence_batch_022	11	zmiz1	ZMIZ1	human	TFLink	tflink:human:000932:e4cdf3c67e94	ZMIZ1	ACVRL1	20B	database_attributed_candidate_not_verified	https://pubmed.ncbi.nlm.nih.gov/?term=%22ZMIZ1%22+AND+%22ACVRL1%22+AND+human	database_membership_only_not_promotable	supported_general_or_authoritative_regulator_evidence	not_established_for_exact_pair	TFLink_or_profile_membership_only_no_queued_locus_validation	not_found_for_exact_pair	not_established_for_SCI_target_cell	not_tested_for_exact_pair	retain_provenance_traceable_candidate_without_promotion	https://tflink.net/download/#interaction-gmt		TFLink/profile membership is a search lead; broad regulator evidence, orthologs, paralogs, reverse directions, and interaction-only findings were not transferred to this exact pair.	No exact target-specific causal edge was established; target-cell presence, downstream activation, and upstream relay are not inferred. ZMIZ1 is a transcriptional co-regulator with nonqueued p21, MYC, and PROX1 evidence.	false	false
public_tf_evidence_batch022_pair_12_1	public_tf_evidence_batch_022	12	leo1	LEO1	mouse	TFLink	tflink:mouse:000853:3d8cce66ce90	Leo1	Acvr1	20B	database_attributed_candidate_not_verified	https://pubmed.ncbi.nlm.nih.gov/?term=%22Leo1%22+AND+%22Acvr1%22+AND+mouse	binding_profile_only_not_promotable	supported_general_or_authoritative_regulator_evidence	mouse_ESC_profile_not_SCI_target_cell	mouse_LEO1_ChIP_seq_profile_without_queued_locus_validation	not_found_for_exact_pair	not_established_for_SCI_target_cell	not_tested_for_exact_pair	retain_mouse_binding_profile_lead_separately	https://www.ncbi.nlm.nih.gov/geo/query/acc.cgi?acc=GSE130689		TFLink/profile membership is a search lead; broad regulator evidence, orthologs, paralogs, reverse directions, and interaction-only findings were not transferred to this exact pair.	No exact target-specific causal edge was established; target-cell presence, downstream activation, and upstream relay are not inferred. LEO1 is a PAF1C elongation component; queued mouse targets remain profile-only.	false	false
public_tf_evidence_batch022_pair_12_2	public_tf_evidence_batch_022	12	leo1	LEO1	mouse	TFLink	tflink:mouse:000853:3d8cce66ce90	Leo1	Ada	20B	database_attributed_candidate_not_verified	https://pubmed.ncbi.nlm.nih.gov/?term=%22Leo1%22+AND+%22Ada%22+AND+mouse	binding_profile_only_not_promotable	supported_general_or_authoritative_regulator_evidence	mouse_ESC_profile_not_SCI_target_cell	mouse_LEO1_ChIP_seq_profile_without_queued_locus_validation	not_found_for_exact_pair	not_established_for_SCI_target_cell	not_tested_for_exact_pair	retain_mouse_binding_profile_lead_separately	https://www.ncbi.nlm.nih.gov/geo/query/acc.cgi?acc=GSE130689		TFLink/profile membership is a search lead; broad regulator evidence, orthologs, paralogs, reverse directions, and interaction-only findings were not transferred to this exact pair.	No exact target-specific causal edge was established; target-cell presence, downstream activation, and upstream relay are not inferred. LEO1 is a PAF1C elongation component; queued mouse targets remain profile-only.	false	false
public_tf_evidence_batch022_pair_12_3	public_tf_evidence_batch_022	12	leo1	LEO1	mouse	TFLink	tflink:mouse:000853:3d8cce66ce90	Leo1	Adam17	20B	database_attributed_candidate_not_verified	https://pubmed.ncbi.nlm.nih.gov/?term=%22Leo1%22+AND+%22Adam17%22+AND+mouse	binding_profile_only_not_promotable	supported_general_or_authoritative_regulator_evidence	mouse_ESC_profile_not_SCI_target_cell	mouse_LEO1_ChIP_seq_profile_without_queued_locus_validation	not_found_for_exact_pair	not_established_for_SCI_target_cell	not_tested_for_exact_pair	retain_mouse_binding_profile_lead_separately	https://www.ncbi.nlm.nih.gov/geo/query/acc.cgi?acc=GSE130689		TFLink/profile membership is a search lead; broad regulator evidence, orthologs, paralogs, reverse directions, and interaction-only findings were not transferred to this exact pair.	No exact target-specific causal edge was established; target-cell presence, downstream activation, and upstream relay are not inferred. LEO1 is a PAF1C elongation component; queued mouse targets remain profile-only.	false	false
public_tf_evidence_batch022_pair_12_4	public_tf_evidence_batch_022	12	leo1	LEO1	mouse	TFLink	tflink:mouse:000853:3d8cce66ce90	Leo1	Adgrb3	20B	database_attributed_candidate_not_verified	https://pubmed.ncbi.nlm.nih.gov/?term=%22Leo1%22+AND+%22Adgrb3%22+AND+mouse	binding_profile_only_not_promotable	supported_general_or_authoritative_regulator_evidence	mouse_ESC_profile_not_SCI_target_cell	mouse_LEO1_ChIP_seq_profile_without_queued_locus_validation	not_found_for_exact_pair	not_established_for_SCI_target_cell	not_tested_for_exact_pair	retain_mouse_binding_profile_lead_separately	https://www.ncbi.nlm.nih.gov/geo/query/acc.cgi?acc=GSE130689		TFLink/profile membership is a search lead; broad regulator evidence, orthologs, paralogs, reverse directions, and interaction-only findings were not transferred to this exact pair.	No exact target-specific causal edge was established; target-cell presence, downstream activation, and upstream relay are not inferred. LEO1 is a PAF1C elongation component; queued mouse targets remain profile-only.	false	false
public_tf_evidence_batch022_pair_13_1	public_tf_evidence_batch_022	13	zmiz1	ZMIZ1	mouse	TFLink	tflink:mouse:000908:8573571035fe	Zmiz1	Abca1	20B	database_attributed_candidate_not_verified	https://pubmed.ncbi.nlm.nih.gov/?term=%22Zmiz1%22+AND+%22Abca1%22+AND+mouse	binding_profile_only_not_promotable	supported_general_or_authoritative_regulator_evidence	mouse_profile_not_SCI_target_cell	TFLink_or_ChIP_profile_lead_without_queued_locus_validation	not_found_for_exact_pair	not_established_for_SCI_target_cell	not_tested_for_exact_pair	retain_mouse_profile_lead_separately	https://tflink.net/download/#interaction-gmt		TFLink/profile membership is a search lead; broad regulator evidence, orthologs, paralogs, reverse directions, and interaction-only findings were not transferred to this exact pair.	No exact target-specific causal edge was established; target-cell presence, downstream activation, and upstream relay are not inferred. ZMIZ1 is a transcriptional co-regulator with nonqueued p21, MYC, and PROX1 evidence.	false	false
public_tf_evidence_batch022_pair_13_2	public_tf_evidence_batch_022	13	zmiz1	ZMIZ1	mouse	TFLink	tflink:mouse:000908:8573571035fe	Zmiz1	Ackr3	20B	database_attributed_candidate_not_verified	https://pubmed.ncbi.nlm.nih.gov/?term=%22Zmiz1%22+AND+%22Ackr3%22+AND+mouse	binding_profile_only_not_promotable	supported_general_or_authoritative_regulator_evidence	mouse_profile_not_SCI_target_cell	TFLink_or_ChIP_profile_lead_without_queued_locus_validation	not_found_for_exact_pair	not_established_for_SCI_target_cell	not_tested_for_exact_pair	retain_mouse_profile_lead_separately	https://tflink.net/download/#interaction-gmt		TFLink/profile membership is a search lead; broad regulator evidence, orthologs, paralogs, reverse directions, and interaction-only findings were not transferred to this exact pair.	No exact target-specific causal edge was established; target-cell presence, downstream activation, and upstream relay are not inferred. ZMIZ1 is a transcriptional co-regulator with nonqueued p21, MYC, and PROX1 evidence.	false	false
public_tf_evidence_batch022_pair_13_3	public_tf_evidence_batch_022	13	zmiz1	ZMIZ1	mouse	TFLink	tflink:mouse:000908:8573571035fe	Zmiz1	Actr2	20B	database_attributed_candidate_not_verified	https://pubmed.ncbi.nlm.nih.gov/?term=%22Zmiz1%22+AND+%22Actr2%22+AND+mouse	binding_profile_only_not_promotable	supported_general_or_authoritative_regulator_evidence	mouse_profile_not_SCI_target_cell	TFLink_or_ChIP_profile_lead_without_queued_locus_validation	not_found_for_exact_pair	not_established_for_SCI_target_cell	not_tested_for_exact_pair	retain_mouse_profile_lead_separately	https://tflink.net/download/#interaction-gmt		TFLink/profile membership is a search lead; broad regulator evidence, orthologs, paralogs, reverse directions, and interaction-only findings were not transferred to this exact pair.	No exact target-specific causal edge was established; target-cell presence, downstream activation, and upstream relay are not inferred. ZMIZ1 is a transcriptional co-regulator with nonqueued p21, MYC, and PROX1 evidence.	false	false
public_tf_evidence_batch022_pair_13_4	public_tf_evidence_batch_022	13	zmiz1	ZMIZ1	mouse	TFLink	tflink:mouse:000908:8573571035fe	Zmiz1	Ada	20B	database_attributed_candidate_not_verified	https://pubmed.ncbi.nlm.nih.gov/?term=%22Zmiz1%22+AND+%22Ada%22+AND+mouse	binding_profile_only_not_promotable	supported_general_or_authoritative_regulator_evidence	mouse_profile_not_SCI_target_cell	TFLink_or_ChIP_profile_lead_without_queued_locus_validation	not_found_for_exact_pair	not_established_for_SCI_target_cell	not_tested_for_exact_pair	retain_mouse_profile_lead_separately	https://tflink.net/download/#interaction-gmt		TFLink/profile membership is a search lead; broad regulator evidence, orthologs, paralogs, reverse directions, and interaction-only findings were not transferred to this exact pair.	No exact target-specific causal edge was established; target-cell presence, downstream activation, and upstream relay are not inferred. ZMIZ1 is a transcriptional co-regulator with nonqueued p21, MYC, and PROX1 evidence.	false	false
public_tf_evidence_batch022_pair_14_1	public_tf_evidence_batch_022	14	smarcc2	SMARCC2	human	TFLink	tflink:human:000963:7038b1c951fa	SMARCC2	ACKR2	20B	database_attributed_candidate_not_verified	https://pubmed.ncbi.nlm.nih.gov/?term=%22SMARCC2%22+AND+%22ACKR2%22+AND+human	database_membership_only_not_promotable	supported_general_or_authoritative_regulator_evidence	not_established_for_exact_pair	TFLink_or_profile_membership_only_no_queued_locus_validation	not_found_for_exact_pair	not_established_for_SCI_target_cell	not_tested_for_exact_pair	retain_provenance_traceable_candidate_without_promotion	https://tflink.net/download/#interaction-gmt		TFLink/profile membership is a search lead; broad regulator evidence, orthologs, paralogs, reverse directions, and interaction-only findings were not transferred to this exact pair.	No exact target-specific causal edge was established; target-cell presence, downstream activation, and upstream relay are not inferred. SMARCC2 is a SWI/SNF chromatin-remodeling subunit with nonqueued enhancer evidence.	false	false
public_tf_evidence_batch022_pair_14_2	public_tf_evidence_batch_022	14	smarcc2	SMARCC2	human	TFLink	tflink:human:000963:7038b1c951fa	SMARCC2	ADAM10	23B	database_attributed_candidate_not_verified	https://pubmed.ncbi.nlm.nih.gov/?term=%22SMARCC2%22+AND+%22ADAM10%22+AND+human	database_membership_only_not_promotable	supported_general_or_authoritative_regulator_evidence	not_established_for_exact_pair	TFLink_or_profile_membership_only_no_queued_locus_validation	not_found_for_exact_pair	not_established_for_SCI_target_cell	not_tested_for_exact_pair	retain_provenance_traceable_candidate_without_promotion	https://tflink.net/download/#interaction-gmt		TFLink/profile membership is a search lead; broad regulator evidence, orthologs, paralogs, reverse directions, and interaction-only findings were not transferred to this exact pair.	No exact target-specific causal edge was established; target-cell presence, downstream activation, and upstream relay are not inferred. SMARCC2 is a SWI/SNF chromatin-remodeling subunit with nonqueued enhancer evidence.	false	false
public_tf_evidence_batch022_pair_14_3	public_tf_evidence_batch_022	14	smarcc2	SMARCC2	human	TFLink	tflink:human:000963:7038b1c951fa	SMARCC2	ADAM17	20B	database_attributed_candidate_not_verified	https://pubmed.ncbi.nlm.nih.gov/?term=%22SMARCC2%22+AND+%22ADAM17%22+AND+human	database_membership_only_not_promotable	supported_general_or_authoritative_regulator_evidence	not_established_for_exact_pair	TFLink_or_profile_membership_only_no_queued_locus_validation	not_found_for_exact_pair	not_established_for_SCI_target_cell	not_tested_for_exact_pair	retain_provenance_traceable_candidate_without_promotion	https://tflink.net/download/#interaction-gmt		TFLink/profile membership is a search lead; broad regulator evidence, orthologs, paralogs, reverse directions, and interaction-only findings were not transferred to this exact pair.	No exact target-specific causal edge was established; target-cell presence, downstream activation, and upstream relay are not inferred. SMARCC2 is a SWI/SNF chromatin-remodeling subunit with nonqueued enhancer evidence.	false	false
public_tf_evidence_batch022_pair_14_4	public_tf_evidence_batch_022	14	smarcc2	SMARCC2	human	TFLink	tflink:human:000963:7038b1c951fa	SMARCC2	ADGRB1	23B	database_attributed_candidate_not_verified	https://pubmed.ncbi.nlm.nih.gov/?term=%22SMARCC2%22+AND+%22ADGRB1%22+AND+human	database_membership_only_not_promotable	supported_general_or_authoritative_regulator_evidence	not_established_for_exact_pair	TFLink_or_profile_membership_only_no_queued_locus_validation	not_found_for_exact_pair	not_established_for_SCI_target_cell	not_tested_for_exact_pair	retain_provenance_traceable_candidate_without_promotion	https://tflink.net/download/#interaction-gmt		TFLink/profile membership is a search lead; broad regulator evidence, orthologs, paralogs, reverse directions, and interaction-only findings were not transferred to this exact pair.	No exact target-specific causal edge was established; target-cell presence, downstream activation, and upstream relay are not inferred. SMARCC2 is a SWI/SNF chromatin-remodeling subunit with nonqueued enhancer evidence.	false	false
public_tf_evidence_batch022_pair_15_1	public_tf_evidence_batch_022	15	smc5	SMC5	mouse	TFLink	tflink:mouse:000889:58f8d8e66ecb	Smc5	Acvrl1	20B	database_attributed_candidate_not_verified	https://pubmed.ncbi.nlm.nih.gov/?term=%22Smc5%22+AND+%22Acvrl1%22+AND+mouse	database_membership_only_not_promotable	supported_general_or_authoritative_regulator_evidence	not_established_for_exact_pair	TFLink_or_profile_membership_only_no_queued_locus_validation	not_found_for_exact_pair	not_established_for_SCI_target_cell	not_tested_for_exact_pair	retain_provenance_traceable_candidate_without_promotion	https://tflink.net/download/#interaction-gmt		TFLink/profile membership is a search lead; broad regulator evidence, orthologs, paralogs, reverse directions, and interaction-only findings were not transferred to this exact pair.	No exact target-specific causal edge was established; target-cell presence, downstream activation, and upstream relay are not inferred. SMC5 is a genome-architecture/DNA-repair complex component; queued targets were not validated.	false	false
public_tf_evidence_batch022_pair_15_2	public_tf_evidence_batch_022	15	smc5	SMC5	mouse	TFLink	tflink:mouse:000889:58f8d8e66ecb	Smc5	Adam17	20B	database_attributed_candidate_not_verified	https://pubmed.ncbi.nlm.nih.gov/?term=%22Smc5%22+AND+%22Adam17%22+AND+mouse	database_membership_only_not_promotable	supported_general_or_authoritative_regulator_evidence	not_established_for_exact_pair	TFLink_or_profile_membership_only_no_queued_locus_validation	not_found_for_exact_pair	not_established_for_SCI_target_cell	not_tested_for_exact_pair	retain_provenance_traceable_candidate_without_promotion	https://tflink.net/download/#interaction-gmt		TFLink/profile membership is a search lead; broad regulator evidence, orthologs, paralogs, reverse directions, and interaction-only findings were not transferred to this exact pair.	No exact target-specific causal edge was established; target-cell presence, downstream activation, and upstream relay are not inferred. SMC5 is a genome-architecture/DNA-repair complex component; queued targets were not validated.	false	false
public_tf_evidence_batch022_pair_15_3	public_tf_evidence_batch_022	15	smc5	SMC5	mouse	TFLink	tflink:mouse:000889:58f8d8e66ecb	Smc5	Adam9	20B	database_attributed_candidate_not_verified	https://pubmed.ncbi.nlm.nih.gov/?term=%22Smc5%22+AND+%22Adam9%22+AND+mouse	database_membership_only_not_promotable	supported_general_or_authoritative_regulator_evidence	not_established_for_exact_pair	TFLink_or_profile_membership_only_no_queued_locus_validation	not_found_for_exact_pair	not_established_for_SCI_target_cell	not_tested_for_exact_pair	retain_provenance_traceable_candidate_without_promotion	https://tflink.net/download/#interaction-gmt		TFLink/profile membership is a search lead; broad regulator evidence, orthologs, paralogs, reverse directions, and interaction-only findings were not transferred to this exact pair.	No exact target-specific causal edge was established; target-cell presence, downstream activation, and upstream relay are not inferred. SMC5 is a genome-architecture/DNA-repair complex component; queued targets were not validated.	false	false
public_tf_evidence_batch022_pair_15_4	public_tf_evidence_batch_022	15	smc5	SMC5	mouse	TFLink	tflink:mouse:000889:58f8d8e66ecb	Smc5	Adm2	20B	database_attributed_candidate_not_verified	https://pubmed.ncbi.nlm.nih.gov/?term=%22Smc5%22+AND+%22Adm2%22+AND+mouse	database_membership_only_not_promotable	supported_general_or_authoritative_regulator_evidence	not_established_for_exact_pair	TFLink_or_profile_membership_only_no_queued_locus_validation	not_found_for_exact_pair	not_established_for_SCI_target_cell	not_tested_for_exact_pair	retain_provenance_traceable_candidate_without_promotion	https://tflink.net/download/#interaction-gmt		TFLink/profile membership is a search lead; broad regulator evidence, orthologs, paralogs, reverse directions, and interaction-only findings were not transferred to this exact pair.	No exact target-specific causal edge was established; target-cell presence, downstream activation, and upstream relay are not inferred. SMC5 is a genome-architecture/DNA-repair complex component; queued targets were not validated.	false	false
public_tf_evidence_batch022_pair_16_1	public_tf_evidence_batch_022	16	sirt6	SIRT6	human	TFLink	tflink:human:001262:be811b12f600	SIRT6	ACTR2	20B	database_attributed_candidate_not_verified	https://pubmed.ncbi.nlm.nih.gov/?term=%22SIRT6%22+AND+%22ACTR2%22+AND+human	binding_profile_only_not_promotable	supported_general_or_authoritative_regulator_evidence	human_ENCODE_profile_not_SCI_target_cell	aggregated_SIRT6_ENCODE_profile_membership	not_found_for_exact_pair	not_established_for_SCI_target_cell	not_tested_for_exact_pair	retain_human_binding_profile_lead_separately	https://maayanlab.cloud/Harmonizome/gene_set/SIRT6/ENCODE%2BTranscription%2BFactor%2BTargets		TFLink/profile membership is a search lead; broad regulator evidence, orthologs, paralogs, reverse directions, and interaction-only findings were not transferred to this exact pair.	Harmonizome/ENCODE SIRT6 profile membership is retained as binding-profile evidence only. SIRT6 has broad chromatin-regulatory evidence; queued human profile rows and mouse Adam12 are separately limited below.	false	false
public_tf_evidence_batch022_pair_16_2	public_tf_evidence_batch_022	16	sirt6	SIRT6	human	TFLink	tflink:human:001262:be811b12f600	SIRT6	ACVR1	20B	database_attributed_candidate_not_verified	https://pubmed.ncbi.nlm.nih.gov/?term=%22SIRT6%22+AND+%22ACVR1%22+AND+human	database_membership_only_not_promotable	supported_general_or_authoritative_regulator_evidence	not_established_for_exact_pair	TFLink_or_profile_membership_only_no_queued_locus_validation	not_found_for_exact_pair	not_established_for_SCI_target_cell	not_tested_for_exact_pair	retain_provenance_traceable_candidate_without_promotion	https://tflink.net/download/#interaction-gmt		TFLink/profile membership is a search lead; broad regulator evidence, orthologs, paralogs, reverse directions, and interaction-only findings were not transferred to this exact pair.	No exact target-specific causal edge was established; target-cell presence, downstream activation, and upstream relay are not inferred. SIRT6 has broad chromatin-regulatory evidence; queued human profile rows and mouse Adam12 are separately limited below.	false	false
public_tf_evidence_batch022_pair_16_3	public_tf_evidence_batch_022	16	sirt6	SIRT6	human	TFLink	tflink:human:001262:be811b12f600	SIRT6	ADIPOR2	20B	database_attributed_candidate_not_verified	https://pubmed.ncbi.nlm.nih.gov/?term=%22SIRT6%22+AND+%22ADIPOR2%22+AND+human	binding_profile_only_not_promotable	supported_general_or_authoritative_regulator_evidence	human_ENCODE_profile_not_SCI_target_cell	aggregated_SIRT6_ENCODE_profile_membership	not_found_for_exact_pair	not_established_for_SCI_target_cell	not_tested_for_exact_pair	retain_human_binding_profile_lead_separately	https://maayanlab.cloud/Harmonizome/gene_set/SIRT6/ENCODE%2BTranscription%2BFactor%2BTargets		TFLink/profile membership is a search lead; broad regulator evidence, orthologs, paralogs, reverse directions, and interaction-only findings were not transferred to this exact pair.	Harmonizome/ENCODE SIRT6 profile membership is retained as binding-profile evidence only. SIRT6 has broad chromatin-regulatory evidence; queued human profile rows and mouse Adam12 are separately limited below.	false	false
public_tf_evidence_batch022_pair_16_4	public_tf_evidence_batch_022	16	sirt6	SIRT6	human	TFLink	tflink:human:001262:be811b12f600	SIRT6	ADM	20B	database_attributed_candidate_not_verified	https://pubmed.ncbi.nlm.nih.gov/?term=%22SIRT6%22+AND+%22ADM%22+AND+human	binding_profile_only_not_promotable	supported_general_or_authoritative_regulator_evidence	human_ENCODE_profile_not_SCI_target_cell	aggregated_SIRT6_ENCODE_profile_membership	not_found_for_exact_pair	not_established_for_SCI_target_cell	not_tested_for_exact_pair	retain_human_binding_profile_lead_separately	https://maayanlab.cloud/Harmonizome/gene_set/SIRT6/ENCODE%2BTranscription%2BFactor%2BTargets		TFLink/profile membership is a search lead; broad regulator evidence, orthologs, paralogs, reverse directions, and interaction-only findings were not transferred to this exact pair.	Harmonizome/ENCODE SIRT6 profile membership is retained as binding-profile evidence only. SIRT6 has broad chromatin-regulatory evidence; queued human profile rows and mouse Adam12 are separately limited below.	false	false
public_tf_evidence_batch022_pair_17_1	public_tf_evidence_batch_022	17	usp16	USP16	mouse	TFLink	tflink:mouse:000979:02ceea714580	Usp16	Abca1	20B	database_attributed_candidate_not_verified	https://pubmed.ncbi.nlm.nih.gov/?term=%22Usp16%22+AND+%22Abca1%22+AND+mouse	database_membership_only_not_promotable	supported_general_or_authoritative_regulator_evidence	not_established_for_exact_pair	TFLink_or_profile_membership_only_no_queued_locus_validation	not_found_for_exact_pair	not_established_for_SCI_target_cell	not_tested_for_exact_pair	retain_provenance_traceable_candidate_without_promotion	https://tflink.net/download/#interaction-gmt		TFLink/profile membership is a search lead; broad regulator evidence, orthologs, paralogs, reverse directions, and interaction-only findings were not transferred to this exact pair.	No exact target-specific causal edge was established; target-cell presence, downstream activation, and upstream relay are not inferred. USP16 is an H2A deubiquitinase with nonqueued promoter and developmental evidence.	false	false
public_tf_evidence_batch022_pair_17_2	public_tf_evidence_batch_022	17	usp16	USP16	mouse	TFLink	tflink:mouse:000979:02ceea714580	Usp16	Actr2	20B	database_attributed_candidate_not_verified	https://pubmed.ncbi.nlm.nih.gov/?term=%22Usp16%22+AND+%22Actr2%22+AND+mouse	database_membership_only_not_promotable	supported_general_or_authoritative_regulator_evidence	not_established_for_exact_pair	TFLink_or_profile_membership_only_no_queued_locus_validation	not_found_for_exact_pair	not_established_for_SCI_target_cell	not_tested_for_exact_pair	retain_provenance_traceable_candidate_without_promotion	https://tflink.net/download/#interaction-gmt		TFLink/profile membership is a search lead; broad regulator evidence, orthologs, paralogs, reverse directions, and interaction-only findings were not transferred to this exact pair.	No exact target-specific causal edge was established; target-cell presence, downstream activation, and upstream relay are not inferred. USP16 is an H2A deubiquitinase with nonqueued promoter and developmental evidence.	false	false
public_tf_evidence_batch022_pair_17_3	public_tf_evidence_batch_022	17	usp16	USP16	mouse	TFLink	tflink:mouse:000979:02ceea714580	Usp16	Adam10	23B	database_attributed_candidate_not_verified	https://pubmed.ncbi.nlm.nih.gov/?term=%22Usp16%22+AND+%22Adam10%22+AND+mouse	database_membership_only_not_promotable	supported_general_or_authoritative_regulator_evidence	not_established_for_exact_pair	TFLink_or_profile_membership_only_no_queued_locus_validation	not_found_for_exact_pair	not_established_for_SCI_target_cell	not_tested_for_exact_pair	retain_provenance_traceable_candidate_without_promotion	https://tflink.net/download/#interaction-gmt		TFLink/profile membership is a search lead; broad regulator evidence, orthologs, paralogs, reverse directions, and interaction-only findings were not transferred to this exact pair.	No exact target-specific causal edge was established; target-cell presence, downstream activation, and upstream relay are not inferred. USP16 is an H2A deubiquitinase with nonqueued promoter and developmental evidence.	false	false
public_tf_evidence_batch022_pair_17_4	public_tf_evidence_batch_022	17	usp16	USP16	mouse	TFLink	tflink:mouse:000979:02ceea714580	Usp16	Adam17	20B	database_attributed_candidate_not_verified	https://pubmed.ncbi.nlm.nih.gov/?term=%22Usp16%22+AND+%22Adam17%22+AND+mouse	binding_profile_only_not_promotable	supported_general_or_authoritative_regulator_evidence	not_established_for_exact_pair	aggregated_mouse_ChIP_Atlas_USP16_profile_includes_Adam17	not_found_for_exact_pair	not_established_for_SCI_target_cell	not_tested_for_exact_pair	retain_mouse_binding_profile_lead_separately	https://dbarchive.biosciencedbc.jp/kyushu-u/mm9/target/SRX1706970.5.html		TFLink/profile membership is a search lead; broad regulator evidence, orthologs, paralogs, reverse directions, and interaction-only findings were not transferred to this exact pair.	Aggregated ChIP-Atlas target-page membership does not establish regulator-specific occupancy or target direction. USP16 is an H2A deubiquitinase with nonqueued promoter and developmental evidence.	false	false
public_tf_evidence_batch022_pair_18_1	public_tf_evidence_batch_022	18	sfmbt1	SFMBT1	human	TFLink	tflink:human:001231:a0fe37d0fac3	SFMBT1	ACKR2	20B	database_attributed_candidate_not_verified	https://pubmed.ncbi.nlm.nih.gov/?term=%22SFMBT1%22+AND+%22ACKR2%22+AND+human	database_membership_only_not_promotable	supported_general_or_authoritative_regulator_evidence	not_established_for_exact_pair	TFLink_or_profile_membership_only_no_queued_locus_validation	not_found_for_exact_pair	not_established_for_SCI_target_cell	not_tested_for_exact_pair	retain_provenance_traceable_candidate_without_promotion	https://tflink.net/download/#interaction-gmt		TFLink/profile membership is a search lead; broad regulator evidence, orthologs, paralogs, reverse directions, and interaction-only findings were not transferred to this exact pair.	No exact target-specific causal edge was established; target-cell presence, downstream activation, and upstream relay are not inferred. SFMBT1 is a chromatin reader/corepressor with nonqueued Myogenin, histone, SIX2, and EMT evidence.	false	false
public_tf_evidence_batch022_pair_18_2	public_tf_evidence_batch_022	18	sfmbt1	SFMBT1	human	TFLink	tflink:human:001231:a0fe37d0fac3	SFMBT1	ACVR1	20B	database_attributed_candidate_not_verified	https://pubmed.ncbi.nlm.nih.gov/?term=%22SFMBT1%22+AND+%22ACVR1%22+AND+human	database_membership_only_not_promotable	supported_general_or_authoritative_regulator_evidence	not_established_for_exact_pair	TFLink_or_profile_membership_only_no_queued_locus_validation	not_found_for_exact_pair	not_established_for_SCI_target_cell	not_tested_for_exact_pair	retain_provenance_traceable_candidate_without_promotion	https://tflink.net/download/#interaction-gmt		TFLink/profile membership is a search lead; broad regulator evidence, orthologs, paralogs, reverse directions, and interaction-only findings were not transferred to this exact pair.	No exact target-specific causal edge was established; target-cell presence, downstream activation, and upstream relay are not inferred. SFMBT1 is a chromatin reader/corepressor with nonqueued Myogenin, histone, SIX2, and EMT evidence.	false	false
public_tf_evidence_batch022_pair_18_3	public_tf_evidence_batch_022	18	sfmbt1	SFMBT1	human	TFLink	tflink:human:001231:a0fe37d0fac3	SFMBT1	ADAM10	23B	database_attributed_candidate_not_verified	https://pubmed.ncbi.nlm.nih.gov/?term=%22SFMBT1%22+AND+%22ADAM10%22+AND+human	database_membership_only_not_promotable	supported_general_or_authoritative_regulator_evidence	not_established_for_exact_pair	TFLink_or_profile_membership_only_no_queued_locus_validation	not_found_for_exact_pair	not_established_for_SCI_target_cell	not_tested_for_exact_pair	retain_provenance_traceable_candidate_without_promotion	https://tflink.net/download/#interaction-gmt		TFLink/profile membership is a search lead; broad regulator evidence, orthologs, paralogs, reverse directions, and interaction-only findings were not transferred to this exact pair.	No exact target-specific causal edge was established; target-cell presence, downstream activation, and upstream relay are not inferred. SFMBT1 is a chromatin reader/corepressor with nonqueued Myogenin, histone, SIX2, and EMT evidence.	false	false
public_tf_evidence_batch022_pair_18_4	public_tf_evidence_batch_022	18	sfmbt1	SFMBT1	human	TFLink	tflink:human:001231:a0fe37d0fac3	SFMBT1	ADAM17	20B	database_attributed_candidate_not_verified	https://pubmed.ncbi.nlm.nih.gov/?term=%22SFMBT1%22+AND+%22ADAM17%22+AND+human	database_membership_only_not_promotable	supported_general_or_authoritative_regulator_evidence	not_established_for_exact_pair	TFLink_or_profile_membership_only_no_queued_locus_validation	not_found_for_exact_pair	not_established_for_SCI_target_cell	not_tested_for_exact_pair	retain_provenance_traceable_candidate_without_promotion	https://tflink.net/download/#interaction-gmt		TFLink/profile membership is a search lead; broad regulator evidence, orthologs, paralogs, reverse directions, and interaction-only findings were not transferred to this exact pair.	No exact target-specific causal edge was established; target-cell presence, downstream activation, and upstream relay are not inferred. SFMBT1 is a chromatin reader/corepressor with nonqueued Myogenin, histone, SIX2, and EMT evidence.	false	false
public_tf_evidence_batch022_pair_19_1	public_tf_evidence_batch_022	19	l3mbtl4	L3MBTL4	human	TFLink	tflink:human:001306:f22c0c21c80c	L3MBTL4	A2M	20B	database_attributed_candidate_not_verified	https://pubmed.ncbi.nlm.nih.gov/?term=%22L3MBTL4%22+AND+%22A2M%22+AND+human	database_membership_only_not_promotable	supported_general_or_authoritative_regulator_evidence	not_established_for_exact_pair	TFLink_or_profile_membership_only_no_queued_locus_validation	not_found_for_exact_pair	not_established_for_SCI_target_cell	not_tested_for_exact_pair	retain_provenance_traceable_candidate_without_promotion	https://tflink.net/download/#interaction-gmt		TFLink/profile membership is a search lead; broad regulator evidence, orthologs, paralogs, reverse directions, and interaction-only findings were not transferred to this exact pair.	No exact target-specific causal edge was established; target-cell presence, downstream activation, and upstream relay are not inferred. L3MBTL4 regulates nonqueued LTBP1 and downstream MAPK signaling.	false	false
public_tf_evidence_batch022_pair_19_2	public_tf_evidence_batch_022	19	l3mbtl4	L3MBTL4	human	TFLink	tflink:human:001306:f22c0c21c80c	L3MBTL4	ACKR2	20B	database_attributed_candidate_not_verified	https://pubmed.ncbi.nlm.nih.gov/?term=%22L3MBTL4%22+AND+%22ACKR2%22+AND+human	database_membership_only_not_promotable	supported_general_or_authoritative_regulator_evidence	not_established_for_exact_pair	TFLink_or_profile_membership_only_no_queued_locus_validation	not_found_for_exact_pair	not_established_for_SCI_target_cell	not_tested_for_exact_pair	retain_provenance_traceable_candidate_without_promotion	https://tflink.net/download/#interaction-gmt		TFLink/profile membership is a search lead; broad regulator evidence, orthologs, paralogs, reverse directions, and interaction-only findings were not transferred to this exact pair.	No exact target-specific causal edge was established; target-cell presence, downstream activation, and upstream relay are not inferred. L3MBTL4 regulates nonqueued LTBP1 and downstream MAPK signaling.	false	false
public_tf_evidence_batch022_pair_19_3	public_tf_evidence_batch_022	19	l3mbtl4	L3MBTL4	human	TFLink	tflink:human:001306:f22c0c21c80c	L3MBTL4	ADAM17	20B	database_attributed_candidate_not_verified	https://pubmed.ncbi.nlm.nih.gov/?term=%22L3MBTL4%22+AND+%22ADAM17%22+AND+human	database_membership_only_not_promotable	supported_general_or_authoritative_regulator_evidence	not_established_for_exact_pair	TFLink_or_profile_membership_only_no_queued_locus_validation	not_found_for_exact_pair	not_established_for_SCI_target_cell	not_tested_for_exact_pair	retain_provenance_traceable_candidate_without_promotion	https://tflink.net/download/#interaction-gmt		TFLink/profile membership is a search lead; broad regulator evidence, orthologs, paralogs, reverse directions, and interaction-only findings were not transferred to this exact pair.	No exact target-specific causal edge was established; target-cell presence, downstream activation, and upstream relay are not inferred. L3MBTL4 regulates nonqueued LTBP1 and downstream MAPK signaling.	false	false
public_tf_evidence_batch022_pair_19_4	public_tf_evidence_batch_022	19	l3mbtl4	L3MBTL4	human	TFLink	tflink:human:001306:f22c0c21c80c	L3MBTL4	ADAM9	20B	database_attributed_candidate_not_verified	https://pubmed.ncbi.nlm.nih.gov/?term=%22L3MBTL4%22+AND+%22ADAM9%22+AND+human	database_membership_only_not_promotable	supported_general_or_authoritative_regulator_evidence	not_established_for_exact_pair	TFLink_or_profile_membership_only_no_queued_locus_validation	not_found_for_exact_pair	not_established_for_SCI_target_cell	not_tested_for_exact_pair	retain_provenance_traceable_candidate_without_promotion	https://tflink.net/download/#interaction-gmt		TFLink/profile membership is a search lead; broad regulator evidence, orthologs, paralogs, reverse directions, and interaction-only findings were not transferred to this exact pair.	No exact target-specific causal edge was established; target-cell presence, downstream activation, and upstream relay are not inferred. L3MBTL4 regulates nonqueued LTBP1 and downstream MAPK signaling.	false	false
public_tf_evidence_batch022_pair_20_1	public_tf_evidence_batch_022	20	znf687	ZNF687	human	TFLink	tflink:human:000858:0c2eecd0e6d7	ZNF687	ADAM17	20B	database_attributed_candidate_not_verified	https://pubmed.ncbi.nlm.nih.gov/?term=%22ZNF687%22+AND+%22ADAM17%22+AND+human	database_membership_only_not_promotable	supported_general_or_authoritative_regulator_evidence	not_established_for_exact_pair	TFLink_or_profile_membership_only_no_queued_locus_validation	not_found_for_exact_pair	not_established_for_SCI_target_cell	not_tested_for_exact_pair	retain_provenance_traceable_candidate_without_promotion	https://tflink.net/download/#interaction-gmt		TFLink/profile membership is a search lead; broad regulator evidence, orthologs, paralogs, reverse directions, and interaction-only findings were not transferred to this exact pair.	No exact target-specific causal edge was established; target-cell presence, downstream activation, and upstream relay are not inferred. ZNF687 has nonqueued bone and gfi1aa-associated regulatory evidence.	false	false
public_tf_evidence_batch022_pair_20_2	public_tf_evidence_batch_022	20	znf687	ZNF687	human	TFLink	tflink:human:000858:0c2eecd0e6d7	ZNF687	ADGRL2	20B;23B	database_attributed_candidate_not_verified	https://pubmed.ncbi.nlm.nih.gov/?term=%22ZNF687%22+AND+%22ADGRL2%22+AND+human	database_membership_only_not_promotable	supported_general_or_authoritative_regulator_evidence	not_established_for_exact_pair	TFLink_or_profile_membership_only_no_queued_locus_validation	not_found_for_exact_pair	not_established_for_SCI_target_cell	not_tested_for_exact_pair	retain_provenance_traceable_candidate_without_promotion	https://tflink.net/download/#interaction-gmt		TFLink/profile membership is a search lead; broad regulator evidence, orthologs, paralogs, reverse directions, and interaction-only findings were not transferred to this exact pair.	No exact target-specific causal edge was established; target-cell presence, downstream activation, and upstream relay are not inferred. ZNF687 has nonqueued bone and gfi1aa-associated regulatory evidence.	false	false
public_tf_evidence_batch022_pair_20_3	public_tf_evidence_batch_022	20	znf687	ZNF687	human	TFLink	tflink:human:000858:0c2eecd0e6d7	ZNF687	ADIPOR2	20B	database_attributed_candidate_not_verified	https://pubmed.ncbi.nlm.nih.gov/?term=%22ZNF687%22+AND+%22ADIPOR2%22+AND+human	database_membership_only_not_promotable	supported_general_or_authoritative_regulator_evidence	not_established_for_exact_pair	TFLink_or_profile_membership_only_no_queued_locus_validation	not_found_for_exact_pair	not_established_for_SCI_target_cell	not_tested_for_exact_pair	retain_provenance_traceable_candidate_without_promotion	https://tflink.net/download/#interaction-gmt		TFLink/profile membership is a search lead; broad regulator evidence, orthologs, paralogs, reverse directions, and interaction-only findings were not transferred to this exact pair.	No exact target-specific causal edge was established; target-cell presence, downstream activation, and upstream relay are not inferred. ZNF687 has nonqueued bone and gfi1aa-associated regulatory evidence.	false	false
public_tf_evidence_batch022_pair_20_4	public_tf_evidence_batch_022	20	znf687	ZNF687	human	TFLink	tflink:human:000858:0c2eecd0e6d7	ZNF687	ADO	20B	database_attributed_candidate_not_verified	https://pubmed.ncbi.nlm.nih.gov/?term=%22ZNF687%22+AND+%22ADO%22+AND+human	database_membership_only_not_promotable	supported_general_or_authoritative_regulator_evidence	not_established_for_exact_pair	TFLink_or_profile_membership_only_no_queued_locus_validation	not_found_for_exact_pair	not_established_for_SCI_target_cell	not_tested_for_exact_pair	retain_provenance_traceable_candidate_without_promotion	https://tflink.net/download/#interaction-gmt		TFLink/profile membership is a search lead; broad regulator evidence, orthologs, paralogs, reverse directions, and interaction-only findings were not transferred to this exact pair.	No exact target-specific causal edge was established; target-cell presence, downstream activation, and upstream relay are not inferred. ZNF687 has nonqueued bone and gfi1aa-associated regulatory evidence.	false	false
public_tf_evidence_batch022_pair_21_1	public_tf_evidence_batch_022	21	kdm5c	KDM5C	mouse	TFLink	tflink:mouse:000982:6a95ce1f22a0	Kdm5c	Abca1	20B	database_attributed_candidate_not_verified	https://pubmed.ncbi.nlm.nih.gov/?term=%22Kdm5c%22+AND+%22Abca1%22+AND+mouse	perturbation_association_without_direct_binding_not_promotable	supported_general_or_authoritative_regulator_evidence	mouse_ApoE_null_and_RAW264_7_oxLDL_models_not_SCI_target_cell	no_KDM5C_ABCA1_occupancy_or_promoter_assay	KDM5C_reduction_associated_with_increased_ABCA1_and_KDM5C_overexpression_reversed_effect	not_established_for_SCI_target_cell	not_tested_for_exact_pair	retain_same_species_perturbation_association_separately	https://jglobal.jst.go.jp/en/detail?JGLOBAL_ID=202602292131894912		The report provides a perturbation/expression association but no ChIP/promoter occupancy or independent corroboration.	Same-species KDM5C-to-Abca1 association is staged without promoting a direct edge. KDM5C has chromatin demethylase evidence at nonqueued loci; mouse Abca1 is separately recorded as perturbation-only.	false	false
public_tf_evidence_batch022_pair_21_2	public_tf_evidence_batch_022	21	kdm5c	KDM5C	mouse	TFLink	tflink:mouse:000982:6a95ce1f22a0	Kdm5c	Adam10	23B	database_attributed_candidate_not_verified	https://pubmed.ncbi.nlm.nih.gov/?term=%22Kdm5c%22+AND+%22Adam10%22+AND+mouse	database_membership_only_not_promotable	supported_general_or_authoritative_regulator_evidence	not_established_for_exact_pair	TFLink_or_profile_membership_only_no_queued_locus_validation	not_found_for_exact_pair	not_established_for_SCI_target_cell	not_tested_for_exact_pair	retain_provenance_traceable_candidate_without_promotion	https://tflink.net/download/#interaction-gmt		TFLink/profile membership is a search lead; broad regulator evidence, orthologs, paralogs, reverse directions, and interaction-only findings were not transferred to this exact pair.	No exact target-specific causal edge was established; target-cell presence, downstream activation, and upstream relay are not inferred. KDM5C has chromatin demethylase evidence at nonqueued loci; mouse Abca1 is separately recorded as perturbation-only.	false	false
public_tf_evidence_batch022_pair_21_3	public_tf_evidence_batch_022	21	kdm5c	KDM5C	mouse	TFLink	tflink:mouse:000982:6a95ce1f22a0	Kdm5c	Adam12	20B;23B	database_attributed_candidate_not_verified	https://pubmed.ncbi.nlm.nih.gov/?term=%22Kdm5c%22+AND+%22Adam12%22+AND+mouse	database_membership_only_not_promotable	supported_general_or_authoritative_regulator_evidence	not_established_for_exact_pair	TFLink_or_profile_membership_only_no_queued_locus_validation	not_found_for_exact_pair	not_established_for_SCI_target_cell	not_tested_for_exact_pair	retain_provenance_traceable_candidate_without_promotion	https://tflink.net/download/#interaction-gmt		TFLink/profile membership is a search lead; broad regulator evidence, orthologs, paralogs, reverse directions, and interaction-only findings were not transferred to this exact pair.	No exact target-specific causal edge was established; target-cell presence, downstream activation, and upstream relay are not inferred. KDM5C has chromatin demethylase evidence at nonqueued loci; mouse Abca1 is separately recorded as perturbation-only.	false	false
public_tf_evidence_batch022_pair_21_4	public_tf_evidence_batch_022	21	kdm5c	KDM5C	mouse	TFLink	tflink:mouse:000982:6a95ce1f22a0	Kdm5c	Adam17	20B	database_attributed_candidate_not_verified	https://pubmed.ncbi.nlm.nih.gov/?term=%22Kdm5c%22+AND+%22Adam17%22+AND+mouse	database_membership_only_not_promotable	supported_general_or_authoritative_regulator_evidence	not_established_for_exact_pair	TFLink_or_profile_membership_only_no_queued_locus_validation	not_found_for_exact_pair	not_established_for_SCI_target_cell	not_tested_for_exact_pair	retain_provenance_traceable_candidate_without_promotion	https://tflink.net/download/#interaction-gmt		TFLink/profile membership is a search lead; broad regulator evidence, orthologs, paralogs, reverse directions, and interaction-only findings were not transferred to this exact pair.	No exact target-specific causal edge was established; target-cell presence, downstream activation, and upstream relay are not inferred. KDM5C has chromatin demethylase evidence at nonqueued loci; mouse Abca1 is separately recorded as perturbation-only.	false	false
public_tf_evidence_batch022_pair_22_1	public_tf_evidence_batch_022	22	kdm4a	KDM4A	mouse	TFLink	tflink:mouse:000886:62bc83f4d291	Kdm4a	Adam10	23B	database_attributed_candidate_not_verified	https://pubmed.ncbi.nlm.nih.gov/?term=%22Kdm4a%22+AND+%22Adam10%22+AND+mouse	contextual_ortholog_near_match_not_promotable	supported_general_or_authoritative_regulator_evidence	human_SW480_HCT116_models_not_mouse_SCI_target_cell	human_KDM4A_ChIP_signal_at_ADAM10_promoter_weaker_than_ADAM17	human_KDM4_family_perturbation_changed_ADAM_expression	not_established_for_SCI_target_cell	not_tested_for_exact_pair	retain_cross_species_near_match_separately	https://pmc.ncbi.nlm.nih.gov/articles/PMC7517301/		Human KDM4A promoter signal and perturbation do not establish the exact mouse Kdm4a-to-Adam10 edge.	Human ortholog/species near-match only. KDM4A is a chromatin demethylase/coregulator; the queued mouse ADAM10 row has only a human near-match.	false	false
public_tf_evidence_batch022_pair_22_2	public_tf_evidence_batch_022	22	kdm4a	KDM4A	mouse	TFLink	tflink:mouse:000886:62bc83f4d291	Kdm4a	Adgrl1	20B;23B	database_attributed_candidate_not_verified	https://pubmed.ncbi.nlm.nih.gov/?term=%22Kdm4a%22+AND+%22Adgrl1%22+AND+mouse	database_membership_only_not_promotable	supported_general_or_authoritative_regulator_evidence	not_established_for_exact_pair	TFLink_or_profile_membership_only_no_queued_locus_validation	not_found_for_exact_pair	not_established_for_SCI_target_cell	not_tested_for_exact_pair	retain_provenance_traceable_candidate_without_promotion	https://tflink.net/download/#interaction-gmt		TFLink/profile membership is a search lead; broad regulator evidence, orthologs, paralogs, reverse directions, and interaction-only findings were not transferred to this exact pair.	No exact target-specific causal edge was established; target-cell presence, downstream activation, and upstream relay are not inferred. KDM4A is a chromatin demethylase/coregulator; the queued mouse ADAM10 row has only a human near-match.	false	false
public_tf_evidence_batch022_pair_22_3	public_tf_evidence_batch_022	22	kdm4a	KDM4A	mouse	TFLink	tflink:mouse:000886:62bc83f4d291	Kdm4a	Adgrl2	20B;23B	database_attributed_candidate_not_verified	https://pubmed.ncbi.nlm.nih.gov/?term=%22Kdm4a%22+AND+%22Adgrl2%22+AND+mouse	database_membership_only_not_promotable	supported_general_or_authoritative_regulator_evidence	not_established_for_exact_pair	TFLink_or_profile_membership_only_no_queued_locus_validation	not_found_for_exact_pair	not_established_for_SCI_target_cell	not_tested_for_exact_pair	retain_provenance_traceable_candidate_without_promotion	https://tflink.net/download/#interaction-gmt		TFLink/profile membership is a search lead; broad regulator evidence, orthologs, paralogs, reverse directions, and interaction-only findings were not transferred to this exact pair.	No exact target-specific causal edge was established; target-cell presence, downstream activation, and upstream relay are not inferred. KDM4A is a chromatin demethylase/coregulator; the queued mouse ADAM10 row has only a human near-match.	false	false
public_tf_evidence_batch022_pair_22_4	public_tf_evidence_batch_022	22	kdm4a	KDM4A	mouse	TFLink	tflink:mouse:000886:62bc83f4d291	Kdm4a	Ado	20B	database_attributed_candidate_not_verified	https://pubmed.ncbi.nlm.nih.gov/?term=%22Kdm4a%22+AND+%22Ado%22+AND+mouse	database_membership_only_not_promotable	supported_general_or_authoritative_regulator_evidence	not_established_for_exact_pair	TFLink_or_profile_membership_only_no_queued_locus_validation	not_found_for_exact_pair	not_established_for_SCI_target_cell	not_tested_for_exact_pair	retain_provenance_traceable_candidate_without_promotion	https://tflink.net/download/#interaction-gmt		TFLink/profile membership is a search lead; broad regulator evidence, orthologs, paralogs, reverse directions, and interaction-only findings were not transferred to this exact pair.	No exact target-specific causal edge was established; target-cell presence, downstream activation, and upstream relay are not inferred. KDM4A is a chromatin demethylase/coregulator; the queued mouse ADAM10 row has only a human near-match.	false	false
public_tf_evidence_batch022_pair_23_1	public_tf_evidence_batch_022	23	rybp	RYBP	human	TFLink	tflink:human:001174:e0cc99a7b3d3	RYBP	ADCYAP1	20B	database_attributed_candidate_not_verified	https://pubmed.ncbi.nlm.nih.gov/?term=%22RYBP%22+AND+%22ADCYAP1%22+AND+human	database_membership_only_not_promotable	supported_general_or_authoritative_regulator_evidence	not_established_for_exact_pair	TFLink_or_profile_membership_only_no_queued_locus_validation	not_found_for_exact_pair	not_established_for_SCI_target_cell	not_tested_for_exact_pair	retain_provenance_traceable_candidate_without_promotion	https://tflink.net/download/#interaction-gmt		TFLink/profile membership is a search lead; broad regulator evidence, orthologs, paralogs, reverse directions, and interaction-only findings were not transferred to this exact pair.	No exact target-specific causal edge was established; target-cell presence, downstream activation, and upstream relay are not inferred. RYBP is a Polycomb-associated chromatin regulator with nonqueued target evidence.	false	false
public_tf_evidence_batch022_pair_23_2	public_tf_evidence_batch_022	23	rybp	RYBP	human	TFLink	tflink:human:001174:e0cc99a7b3d3	RYBP	ADM	20B	database_attributed_candidate_not_verified	https://pubmed.ncbi.nlm.nih.gov/?term=%22RYBP%22+AND+%22ADM%22+AND+human	database_membership_only_not_promotable	supported_general_or_authoritative_regulator_evidence	not_established_for_exact_pair	TFLink_or_profile_membership_only_no_queued_locus_validation	not_found_for_exact_pair	not_established_for_SCI_target_cell	not_tested_for_exact_pair	retain_provenance_traceable_candidate_without_promotion	https://tflink.net/download/#interaction-gmt		TFLink/profile membership is a search lead; broad regulator evidence, orthologs, paralogs, reverse directions, and interaction-only findings were not transferred to this exact pair.	No exact target-specific causal edge was established; target-cell presence, downstream activation, and upstream relay are not inferred. RYBP is a Polycomb-associated chromatin regulator with nonqueued target evidence.	false	false
public_tf_evidence_batch022_pair_23_3	public_tf_evidence_batch_022	23	rybp	RYBP	human	TFLink	tflink:human:001174:e0cc99a7b3d3	RYBP	ADORA1	20B	database_attributed_candidate_not_verified	https://pubmed.ncbi.nlm.nih.gov/?term=%22RYBP%22+AND+%22ADORA1%22+AND+human	database_membership_only_not_promotable	supported_general_or_authoritative_regulator_evidence	not_established_for_exact_pair	TFLink_or_profile_membership_only_no_queued_locus_validation	not_found_for_exact_pair	not_established_for_SCI_target_cell	not_tested_for_exact_pair	retain_provenance_traceable_candidate_without_promotion	https://tflink.net/download/#interaction-gmt		TFLink/profile membership is a search lead; broad regulator evidence, orthologs, paralogs, reverse directions, and interaction-only findings were not transferred to this exact pair.	No exact target-specific causal edge was established; target-cell presence, downstream activation, and upstream relay are not inferred. RYBP is a Polycomb-associated chromatin regulator with nonqueued target evidence.	false	false
public_tf_evidence_batch022_pair_23_4	public_tf_evidence_batch_022	23	rybp	RYBP	human	TFLink	tflink:human:001174:e0cc99a7b3d3	RYBP	ANG	20B	database_attributed_candidate_not_verified	https://pubmed.ncbi.nlm.nih.gov/?term=%22RYBP%22+AND+%22ANG%22+AND+human	database_membership_only_not_promotable	supported_general_or_authoritative_regulator_evidence	not_established_for_exact_pair	TFLink_or_profile_membership_only_no_queued_locus_validation	not_found_for_exact_pair	not_established_for_SCI_target_cell	not_tested_for_exact_pair	retain_provenance_traceable_candidate_without_promotion	https://tflink.net/download/#interaction-gmt		TFLink/profile membership is a search lead; broad regulator evidence, orthologs, paralogs, reverse directions, and interaction-only findings were not transferred to this exact pair.	No exact target-specific causal edge was established; target-cell presence, downstream activation, and upstream relay are not inferred. RYBP is a Polycomb-associated chromatin regulator with nonqueued target evidence.	false	false
public_tf_evidence_batch022_pair_24_1	public_tf_evidence_batch_022	24	chd2	CHD2	mouse	TFLink	tflink:mouse:001003:0f01fccb7149	Chd2	Actr2	20B	database_attributed_candidate_not_verified	https://pubmed.ncbi.nlm.nih.gov/?term=%22Chd2%22+AND+%22Actr2%22+AND+mouse	database_membership_only_not_promotable	supported_general_or_authoritative_regulator_evidence	not_established_for_exact_pair	TFLink_or_profile_membership_only_no_queued_locus_validation	not_found_for_exact_pair	not_established_for_SCI_target_cell	not_tested_for_exact_pair	retain_provenance_traceable_candidate_without_promotion	https://tflink.net/download/#interaction-gmt		TFLink/profile membership is a search lead; broad regulator evidence, orthologs, paralogs, reverse directions, and interaction-only findings were not transferred to this exact pair.	No exact target-specific causal edge was established; target-cell presence, downstream activation, and upstream relay are not inferred. CHD2 has chromatin-remodeler evidence at nonqueued neuronal loci; Aplp2 profile and Alcam interaction are separately limited.	false	false
public_tf_evidence_batch022_pair_24_2	public_tf_evidence_batch_022	24	chd2	CHD2	mouse	TFLink	tflink:mouse:001003:0f01fccb7149	Chd2	Ado	20B	database_attributed_candidate_not_verified	https://pubmed.ncbi.nlm.nih.gov/?term=%22Chd2%22+AND+%22Ado%22+AND+mouse	database_membership_only_not_promotable	supported_general_or_authoritative_regulator_evidence	not_established_for_exact_pair	TFLink_or_profile_membership_only_no_queued_locus_validation	not_found_for_exact_pair	not_established_for_SCI_target_cell	not_tested_for_exact_pair	retain_provenance_traceable_candidate_without_promotion	https://tflink.net/download/#interaction-gmt		TFLink/profile membership is a search lead; broad regulator evidence, orthologs, paralogs, reverse directions, and interaction-only findings were not transferred to this exact pair.	No exact target-specific causal edge was established; target-cell presence, downstream activation, and upstream relay are not inferred. CHD2 has chromatin-remodeler evidence at nonqueued neuronal loci; Aplp2 profile and Alcam interaction are separately limited.	false	false
public_tf_evidence_batch022_pair_24_3	public_tf_evidence_batch_022	24	chd2	CHD2	mouse	TFLink	tflink:mouse:001003:0f01fccb7149	Chd2	Alcam	20B;23B	database_attributed_candidate_not_verified	https://pubmed.ncbi.nlm.nih.gov/?term=%22Chd2%22+AND+%22Alcam%22+AND+mouse	protein_interaction_only_not_promotable	supported_general_or_authoritative_regulator_evidence	not_established_for_exact_pair	ALCAM_CHD2_crosslinking_mass_spectrometry_interaction	not_found_for_exact_pair	not_established_for_SCI_target_cell	not_tested_for_exact_pair	retain_protein_interaction_lead_separately	https://thebiogrid.org/interaction/3678875		BioGRID records a protein interaction, not promoter occupancy, transcriptional perturbation, or target-expression direction.	Interaction-only evidence is not treated as regulation. CHD2 has chromatin-remodeler evidence at nonqueued neuronal loci; Aplp2 profile and Alcam interaction are separately limited.	false	false
public_tf_evidence_batch022_pair_24_4	public_tf_evidence_batch_022	24	chd2	CHD2	mouse	TFLink	tflink:mouse:001003:0f01fccb7149	Chd2	Aplp2	20B	database_attributed_candidate_not_verified	https://pubmed.ncbi.nlm.nih.gov/?term=%22Chd2%22+AND+%22Aplp2%22+AND+mouse	binding_profile_only_not_promotable	supported_general_or_authoritative_regulator_evidence	not_established_for_exact_pair	aggregated_CHD2_ENCODE_profile_membership	not_found_for_exact_pair	not_established_for_SCI_target_cell	not_tested_for_exact_pair	retain_mouse_binding_profile_lead_separately	https://maayanlab.cloud/Harmonizome/gene_set/CHD2/ENCODE%2BTranscription%2BFactor%2BTargets	https://chip-atlas.org/target_genes	TFLink/profile membership is a search lead; broad regulator evidence, orthologs, paralogs, reverse directions, and interaction-only findings were not transferred to this exact pair.	CHD2 profile membership is potential binding evidence only and has no target-specific perturbation direction. CHD2 has chromatin-remodeler evidence at nonqueued neuronal loci; Aplp2 profile and Alcam interaction are separately limited.	false	false
public_tf_evidence_batch022_pair_25_1	public_tf_evidence_batch_022	25	chaf1b	CHAF1B/CAF-1	mouse	TFLink	tflink:mouse:000863:542103dc5180	Chaf1b	Abca1	20B	database_attributed_candidate_not_verified	https://pubmed.ncbi.nlm.nih.gov/?term=%22Chaf1b%22+AND+%22Abca1%22+AND+mouse	database_membership_only_not_promotable	supported_general_or_authoritative_regulator_evidence	not_established_for_exact_pair	TFLink_or_profile_membership_only_no_queued_locus_validation	not_found_for_exact_pair	not_established_for_SCI_target_cell	not_tested_for_exact_pair	retain_provenance_traceable_candidate_without_promotion	https://tflink.net/download/#interaction-gmt		TFLink/profile membership is a search lead; broad regulator evidence, orthologs, paralogs, reverse directions, and interaction-only findings were not transferred to this exact pair.	No exact target-specific causal edge was established; target-cell presence, downstream activation, and upstream relay are not inferred. CHAF1B is a chromatin-assembly/lineage regulator with nonqueued CEBPA, FLI1, and RUNX1 evidence.	false	false
public_tf_evidence_batch022_pair_25_2	public_tf_evidence_batch_022	25	chaf1b	CHAF1B/CAF-1	mouse	TFLink	tflink:mouse:000863:542103dc5180	Chaf1b	Adam17	20B	database_attributed_candidate_not_verified	https://pubmed.ncbi.nlm.nih.gov/?term=%22Chaf1b%22+AND+%22Adam17%22+AND+mouse	database_membership_only_not_promotable	supported_general_or_authoritative_regulator_evidence	not_established_for_exact_pair	TFLink_or_profile_membership_only_no_queued_locus_validation	not_found_for_exact_pair	not_established_for_SCI_target_cell	not_tested_for_exact_pair	retain_provenance_traceable_candidate_without_promotion	https://tflink.net/download/#interaction-gmt		TFLink/profile membership is a search lead; broad regulator evidence, orthologs, paralogs, reverse directions, and interaction-only findings were not transferred to this exact pair.	No exact target-specific causal edge was established; target-cell presence, downstream activation, and upstream relay are not inferred. CHAF1B is a chromatin-assembly/lineage regulator with nonqueued CEBPA, FLI1, and RUNX1 evidence.	false	false
public_tf_evidence_batch022_pair_25_3	public_tf_evidence_batch_022	25	chaf1b	CHAF1B/CAF-1	mouse	TFLink	tflink:mouse:000863:542103dc5180	Chaf1b	Adipor1	20B	database_attributed_candidate_not_verified	https://pubmed.ncbi.nlm.nih.gov/?term=%22Chaf1b%22+AND+%22Adipor1%22+AND+mouse	database_membership_only_not_promotable	supported_general_or_authoritative_regulator_evidence	not_established_for_exact_pair	TFLink_or_profile_membership_only_no_queued_locus_validation	not_found_for_exact_pair	not_established_for_SCI_target_cell	not_tested_for_exact_pair	retain_provenance_traceable_candidate_without_promotion	https://tflink.net/download/#interaction-gmt		TFLink/profile membership is a search lead; broad regulator evidence, orthologs, paralogs, reverse directions, and interaction-only findings were not transferred to this exact pair.	No exact target-specific causal edge was established; target-cell presence, downstream activation, and upstream relay are not inferred. CHAF1B is a chromatin-assembly/lineage regulator with nonqueued CEBPA, FLI1, and RUNX1 evidence.	false	false
public_tf_evidence_batch022_pair_25_4	public_tf_evidence_batch_022	25	chaf1b	CHAF1B/CAF-1	mouse	TFLink	tflink:mouse:000863:542103dc5180	Chaf1b	Adipor2	20B	database_attributed_candidate_not_verified	https://pubmed.ncbi.nlm.nih.gov/?term=%22Chaf1b%22+AND+%22Adipor2%22+AND+mouse	database_membership_only_not_promotable	supported_general_or_authoritative_regulator_evidence	not_established_for_exact_pair	TFLink_or_profile_membership_only_no_queued_locus_validation	not_found_for_exact_pair	not_established_for_SCI_target_cell	not_tested_for_exact_pair	retain_provenance_traceable_candidate_without_promotion	https://tflink.net/download/#interaction-gmt		TFLink/profile membership is a search lead; broad regulator evidence, orthologs, paralogs, reverse directions, and interaction-only findings were not transferred to this exact pair.	No exact target-specific causal edge was established; target-cell presence, downstream activation, and upstream relay are not inferred. CHAF1B is a chromatin-assembly/lineage regulator with nonqueued CEBPA, FLI1, and RUNX1 evidence.	false	false
