species	tf_symbol	tf_key	source_labels	source_record_count	records_with_reference	unique_reference_pmids	source_registries	mapping_decision	frozen_entity_match_status	frozen_entity_ids	explicit_tf_role_present	default_module	existing_module_overlap_flags	both_species_present	priority_rank	review_status	notes
human	RELA	rela	RELA	558	556	10806	OmniPath_DoRothEA;TRRUST	normalized_exact	mapped_unique	13084	true	22B	20B;21B;23B	true	1437	new_candidate	module overlap is a routing flag, not cross-module evidence
human	NFKB1	nfkb1	NFKB1	582	578	12848	OmniPath_DoRothEA;TRRUST	normalized_exact	mapped_unique	13927	true	22B	21B;23B	true	1412	new_candidate	module overlap is a routing flag, not cross-module evidence
mouse	Nfkb1	nfkb1	Nfkb1	438	434	11693	OmniPath_DoRothEA;TRRUST	normalized_exact	mapped_unique	13927	true	22B	21B;23B	true	1412	new_candidate	module overlap is a routing flag, not cross-module evidence
mouse	Rela	rela	Rela	328	326	9371	OmniPath_DoRothEA;TRRUST	normalized_exact	mapped_unique	13084	true	22B	20B;23B	true	1412	new_candidate	module overlap is a routing flag, not cross-module evidence
human	STAT3	stat3	STAT3	271	264	3003	OmniPath_DoRothEA;TRRUST	normalized_exact	mapped_unique	13282	true	22B	20B;24B	true	1412	new_candidate	module overlap is a routing flag, not cross-module evidence
human	ESR1	esr1	ESR1	617	337	1727	OmniPath_DoRothEA;TRRUST	normalized_exact	mapped_unique	11807	true	22B		true	1362	new_candidate	
mouse	Esr1	esr1	Esr1	510	266	1579	OmniPath_DoRothEA;TRRUST	normalized_exact	mapped_unique	11807	true	22B		true	1362	new_candidate	
human	VDR	vdr	VDR	205	80	515	OmniPath_DoRothEA;TRRUST	normalized_exact	mapped_unique	13602	true	22B		true	1351	new_candidate	
mouse	Smad3	smad3	Smad3	95	90	406	OmniPath_DoRothEA;TRRUST	normalized_exact	mapped_unique	13248	true	22B	23B	true	1348	new_candidate	module overlap is a routing flag, not cross-module evidence
human	SMAD3	smad3	SMAD3	74	69	399	OmniPath_DoRothEA;TRRUST	normalized_exact	mapped_unique	13248	true	22B	23B	true	1343	new_candidate	module overlap is a routing flag, not cross-module evidence
mouse	Vdr	vdr	Vdr	156	42	497	OmniPath_DoRothEA;TRRUST	normalized_exact	mapped_unique	13602	true	22B		true	1339	new_candidate	
human	CEBPA	cebpa	CEBPA	641	181	635	OmniPath_DoRothEA;TRRUST	normalized_exact	absent_from_frozen_graph		false	22B	20B	true	1337	new_candidate	module overlap is a routing flag, not cross-module evidence
mouse	Cebpa	cebpa	Cebpa	588	166	566	OmniPath_DoRothEA;TRRUST	normalized_exact	absent_from_frozen_graph		false	22B	20B	true	1337	new_candidate	module overlap is a routing flag, not cross-module evidence
human	ELK1	elk1	ELK1	57	52	257	OmniPath_DoRothEA;TRRUST	normalized_exact	mapped_unique	11791	true	22B		true	1314	new_candidate	
human	TFAP2A	tfap2a	TFAP2A	153	146	275	OmniPath_DoRothEA;TRRUST	normalized_exact	absent_from_frozen_graph		false	22B	20B	true	1313	new_candidate	module overlap is a routing flag, not cross-module evidence
human	AR	ar	AR	262	255	832	OmniPath_DoRothEA;TRRUST	normalized_exact	absent_from_frozen_graph		false	22B		true	1312	new_candidate	
human	E2F1	e2f1	E2F1	684	340	753	OmniPath_DoRothEA;TRRUST	normalized_exact	absent_from_frozen_graph		false	22B		true	1312	new_candidate	
mouse	E2f1	e2f1	E2f1	537	221	709	OmniPath_DoRothEA;TRRUST	normalized_exact	absent_from_frozen_graph		false	22B		true	1312	new_candidate	
human	HNF4A	hnf4a	HNF4A	601	171	628	OmniPath_DoRothEA;TRRUST	normalized_exact	absent_from_frozen_graph		false	22B		true	1312	new_candidate	
mouse	Hnf4a	hnf4a	Hnf4a	575	193	585	OmniPath_DoRothEA;TRRUST	normalized_exact	absent_from_frozen_graph		false	22B		true	1312	new_candidate	
human	MITF	mitf	MITF	476	79	341	OmniPath_DoRothEA;TRRUST	normalized_exact	absent_from_frozen_graph		false	22B		true	1312	new_candidate	
mouse	Mitf	mitf	Mitf	429	79	339	OmniPath_DoRothEA;TRRUST	normalized_exact	absent_from_frozen_graph		false	22B		true	1312	new_candidate	
human	SPI1	spi1	SPI1	522	180	357	OmniPath_DoRothEA;TRRUST	normalized_exact	absent_from_frozen_graph		false	22B		true	1312	new_candidate	
mouse	Spi1	spi1	Spi1	475	161	367	OmniPath_DoRothEA;TRRUST	normalized_exact	absent_from_frozen_graph		false	22B		true	1312	new_candidate	
mouse	Elk1	elk1	Elk1	45	40	253	OmniPath_DoRothEA;TRRUST	normalized_exact	mapped_unique	11791	true	22B		true	1311	new_candidate	
mouse	Relb	relb	Relb	23	23	2366	OmniPath_DoRothEA;TRRUST	normalized_exact	mapped_unique	13087	true	22B		true	1305	new_candidate	
mouse	Smad4	smad4	Smad4	78	77	236	OmniPath_DoRothEA;TRRUST	normalized_exact	mapped_unique	13250	true	22B		true	1305	new_candidate	
human	NR1H4	nr1h4	NR1H4	27	27	248	OmniPath_DoRothEA;TRRUST	normalized_exact	mapped_unique	12802	true	22B		true	1304	new_candidate	
human	RELB	relb	RELB	17	17	2359	OmniPath_DoRothEA;TRRUST	normalized_exact	mapped_unique	13087	true	22B		true	1304	new_candidate	
human	CTCF	ctcf	CTCF	656	180	238	OmniPath_DoRothEA;TRRUST	normalized_exact	absent_from_frozen_graph		false	22B		true	1300	new_candidate	
mouse	Nr1h4	nr1h4	Nr1h4	19	19	245	OmniPath_DoRothEA;TRRUST	normalized_exact	mapped_unique	12802	true	22B		true	1299	new_candidate	
human	SP3	sp3	SP3	198	197	252	OmniPath_DoRothEA;TRRUST	normalized_exact	absent_from_frozen_graph		false	22B		true	1299	new_candidate	
human	CREB1	creb1	CREB1	181	177	1449	OmniPath_DoRothEA;TRRUST	normalized_exact	absent_from_frozen_graph		false	22B		true	1295	new_candidate	
mouse	Sp3	sp3	Sp3	182	181	267	OmniPath_DoRothEA;TRRUST	normalized_exact	absent_from_frozen_graph		false	22B		true	1295	new_candidate	
mouse	Ar	ar	Ar	178	173	763	OmniPath_DoRothEA;TRRUST	normalized_exact	absent_from_frozen_graph		false	22B		true	1294	new_candidate	
mouse	Ctcf	ctcf	Ctcf	551	137	232	OmniPath_DoRothEA;TRRUST	normalized_exact	absent_from_frozen_graph		false	22B		true	1294	new_candidate	
mouse	Nfe2l2	nfe2l2	Nfe2l2	75	74	3783	OmniPath_DoRothEA;TRRUST	normalized_exact	absent_from_frozen_graph		false	22B	20B	true	1293	new_candidate	module overlap is a routing flag, not cross-module evidence
mouse	Srebf1	srebf1	Srebf1	64	62	419	OmniPath_DoRothEA;TRRUST	normalized_exact	absent_from_frozen_graph		false	22B	23B	true	1291	new_candidate	module overlap is a routing flag, not cross-module evidence
human	SREBF1	srebf1	SREBF1	56	54	405	OmniPath_DoRothEA;TRRUST	normalized_exact	absent_from_frozen_graph		false	22B	23B	true	1289	new_candidate	module overlap is a routing flag, not cross-module evidence
mouse	Stat5a	stat5a	Stat5a	52	50	448	OmniPath_DoRothEA;TRRUST	normalized_exact	absent_from_frozen_graph		false	22B	20B	true	1288	new_candidate	module overlap is a routing flag, not cross-module evidence
human	STAT5A	stat5a	STAT5A	37	35	434	OmniPath_DoRothEA;TRRUST	normalized_exact	absent_from_frozen_graph		false	22B	20B	true	1284	new_candidate	module overlap is a routing flag, not cross-module evidence
human	NFE2L2	nfe2l2	NFE2L2	34	33	3762	OmniPath_DoRothEA;TRRUST	normalized_exact	absent_from_frozen_graph		false	22B	20B	true	1283	new_candidate	module overlap is a routing flag, not cross-module evidence
human	PPARG	pparg	PPARG	129	126	1218	OmniPath_DoRothEA;TRRUST	normalized_exact	absent_from_frozen_graph		false	22B		true	1282	new_candidate	
mouse	Creb1	creb1	Creb1	110	107	1386	OmniPath_DoRothEA;TRRUST	normalized_exact	absent_from_frozen_graph		false	22B		true	1277	new_candidate	
mouse	Foxo1	foxo1	Foxo1	102	98	483	OmniPath_DoRothEA;TRRUST	normalized_exact	absent_from_frozen_graph		false	22B		true	1275	new_candidate	
human	SMAD4	smad4	SMAD4	63	61	209	OmniPath_DoRothEA;TRRUST	normalized_exact	mapped_unique	13250	true	22B		true	1274	new_candidate	
mouse	Ppara	ppara	Ppara	87	86	658	OmniPath_DoRothEA;TRRUST	normalized_exact	absent_from_frozen_graph		false	22B		true	1271	new_candidate	
human	PPARA	ppara	PPARA	76	75	644	OmniPath_DoRothEA;TRRUST	normalized_exact	absent_from_frozen_graph		false	22B		true	1269	new_candidate	
human	ATF4	atf4	ATF4	75	66	276	OmniPath_DoRothEA;TRRUST	normalized_exact	absent_from_frozen_graph		false	22B		true	1268	new_candidate	
human	FOXO1	foxo1	FOXO1	73	68	488	OmniPath_DoRothEA;TRRUST	normalized_exact	absent_from_frozen_graph		false	22B		true	1268	new_candidate	
human	EPAS1	epas1	EPAS1	60	38	316	OmniPath_DoRothEA;TRRUST	normalized_exact	absent_from_frozen_graph		false	22B		true	1265	new_candidate	
human	FOXO3	foxo3	FOXO3	57	55	547	OmniPath_DoRothEA;TRRUST	normalized_exact	absent_from_frozen_graph		false	22B		true	1264	new_candidate	
human	SRF	srf	SRF	57	46	281	OmniPath_DoRothEA;TRRUST	normalized_exact	absent_from_frozen_graph		false	22B		true	1264	new_candidate	
mouse	Srf	srf	Srf	49	39	284	OmniPath_DoRothEA;TRRUST	normalized_exact	absent_from_frozen_graph		false	22B		true	1262	new_candidate	
mouse	Foxo3	foxo3	Foxo3	47	45	551	OmniPath_DoRothEA;TRRUST	normalized_exact	absent_from_frozen_graph		false	22B		true	1261	new_candidate	
human	HSF1	hsf1	HSF1	45	41	338	OmniPath_DoRothEA;TRRUST	normalized_exact	absent_from_frozen_graph		false	22B		true	1261	new_candidate	
human	NR5A1	nr5a1	NR5A1	44	44	314	OmniPath_DoRothEA;TRRUST	normalized_exact	absent_from_frozen_graph		false	22B		true	1261	new_candidate	
mouse	Nr5a1	nr5a1	Nr5a1	44	44	323	OmniPath_DoRothEA;TRRUST	normalized_exact	absent_from_frozen_graph		false	22B		true	1261	new_candidate	
human	SREBF2	srebf2	SREBF2	44	40	276	OmniPath_DoRothEA;TRRUST	normalized_exact	absent_from_frozen_graph		false	22B		true	1261	new_candidate	
human	WT1	wt1	WT1	96	96	237	OmniPath_DoRothEA;TRRUST	normalized_exact	absent_from_frozen_graph		false	22B		true	1261	new_candidate	
mouse	Irf3	irf3	Irf3	36	34	519	OmniPath_DoRothEA;TRRUST	normalized_exact	absent_from_frozen_graph		false	22B		true	1259	new_candidate	
mouse	Snai1	snai1	Snai1	36	36	593	OmniPath_DoRothEA;TRRUST	normalized_exact	absent_from_frozen_graph		false	22B		true	1259	new_candidate	
human	AHR	ahr	AHR	35	32	1212	OmniPath_DoRothEA;TRRUST	normalized_exact	absent_from_frozen_graph		false	22B		true	1258	new_candidate	
mouse	Srebf2	srebf2	Srebf2	33	29	265	OmniPath_DoRothEA;TRRUST	normalized_exact	absent_from_frozen_graph		false	22B		true	1258	new_candidate	
human	NR1I2	nr1i2	NR1I2	29	29	593	OmniPath_DoRothEA;TRRUST	normalized_exact	absent_from_frozen_graph		false	22B		true	1257	new_candidate	
mouse	Zeb1	zeb1	Zeb1	29	24	252	OmniPath_DoRothEA;TRRUST	normalized_exact	absent_from_frozen_graph		false	22B		true	1257	new_candidate	
human	IRF3	irf3	IRF3	25	22	507	OmniPath_DoRothEA;TRRUST	normalized_exact	absent_from_frozen_graph		false	22B		true	1256	new_candidate	
mouse	Nr1h3	nr1h3	Nr1h3	23	23	462	OmniPath_DoRothEA;TRRUST	normalized_exact	absent_from_frozen_graph		false	22B		true	1255	new_candidate	
mouse	Nr1i2	nr1i2	Nr1i2	16	16	599	OmniPath_DoRothEA;TRRUST	normalized_exact	absent_from_frozen_graph		false	22B		true	1254	new_candidate	
human	POU1F1	pou1f1	POU1F1	18	18	298	OmniPath_DoRothEA;TRRUST	normalized_exact	absent_from_frozen_graph		false	22B		true	1254	new_candidate	
human	SNAI1	snai1	SNAI1	16	16	580	OmniPath_DoRothEA;TRRUST	normalized_exact	absent_from_frozen_graph		false	22B		true	1254	new_candidate	
human	SNAI2	snai2	SNAI2	19	19	252	OmniPath_DoRothEA;TRRUST	normalized_exact	absent_from_frozen_graph		false	22B		true	1254	new_candidate	
human	NR1H3	nr1h3	NR1H3	12	12	452	OmniPath_DoRothEA;TRRUST	normalized_exact	absent_from_frozen_graph		false	22B		true	1253	new_candidate	
mouse	Pdx1	pdx1	Pdx1	13	13	265	OmniPath_DoRothEA;TRRUST	normalized_exact	absent_from_frozen_graph		false	22B		true	1253	new_candidate	
mouse	Snai2	snai2	Snai2	15	15	251	OmniPath_DoRothEA;TRRUST	normalized_exact	absent_from_frozen_graph		false	22B		true	1253	new_candidate	
mouse	Hsf1	hsf1	Hsf1	10	8	321	OmniPath_DoRothEA;TRRUST	normalized_exact	absent_from_frozen_graph		false	22B		true	1252	new_candidate	
human	STAT6	stat6	STAT6	52	52	189	OmniPath_DoRothEA;TRRUST	normalized_exact	mapped_unique	13290	true	22B		true	1252	new_candidate	
human	PDX1	pdx1	PDX1	6	6	278	OmniPath_DoRothEA;TRRUST	normalized_exact	absent_from_frozen_graph		false	22B		true	1251	new_candidate	
human	YY1	yy1	YY1	186	178	205	OmniPath_DoRothEA;TRRUST	normalized_exact	absent_from_frozen_graph		false	22B		true	1251	new_candidate	
human	ZEB1	zeb1	ZEB1	30	23	244	OmniPath_DoRothEA;TRRUST	normalized_exact	absent_from_frozen_graph		false	22B		true	1251	new_candidate	
mouse	Atf4	atf4	Atf4	44	35	238	OmniPath_DoRothEA;TRRUST	normalized_exact	absent_from_frozen_graph		false	22B		true	1249	new_candidate	
human	HNF1A	hnf1a	HNF1A	54	54	234	OmniPath_DoRothEA;TRRUST	normalized_exact	absent_from_frozen_graph		false	22B		true	1247	new_candidate	
human	FOXM1	foxm1	FOXM1	55	48	233	OmniPath_DoRothEA;TRRUST	normalized_exact	absent_from_frozen_graph		false	22B		true	1246	new_candidate	
mouse	Tbx21	tbx21	Tbx21	20	17	236	OmniPath_DoRothEA;TRRUST	normalized_exact	absent_from_frozen_graph		false	22B		true	1241	new_candidate	
mouse	Runx2	runx2	Runx2	77	77	221	OmniPath_DoRothEA;TRRUST	normalized_exact	absent_from_frozen_graph		false	22B		true	1240	new_candidate	
human	TBX21	tbx21	TBX21	23	20	233	OmniPath_DoRothEA;TRRUST	normalized_exact	absent_from_frozen_graph		false	22B		true	1238	new_candidate	
mouse	Epas1	epas1	Epas1	60	40	222	OmniPath_DoRothEA;TRRUST	normalized_exact	absent_from_frozen_graph		false	22B		true	1237	new_candidate	
human	USF1	usf1	USF1	138	137	200	OmniPath_DoRothEA;TRRUST	normalized_exact	absent_from_frozen_graph		false	22B		true	1234	new_candidate	
human	TWIST1	twist1	TWIST1	55	53	210	OmniPath_DoRothEA;TRRUST	normalized_exact	absent_from_frozen_graph		false	22B		true	1223	new_candidate	
mouse	Twist1	twist1	Twist1	46	44	210	OmniPath_DoRothEA;TRRUST	normalized_exact	absent_from_frozen_graph		false	22B		true	1221	new_candidate	
mouse	Usf1	usf1	Usf1	86	85	198	OmniPath_DoRothEA;TRRUST	normalized_exact	absent_from_frozen_graph		false	22B		true	1219	new_candidate	
human	STAT4	stat4	STAT4	21	20	136	OmniPath_DoRothEA;TRRUST	normalized_exact	mapped_unique	13286	true	22B	20B	true	1216	new_candidate	module overlap is a routing flag, not cross-module evidence
human	REL	rel	REL	42	42	197	OmniPath_DoRothEA;TRRUST	normalized_exact	absent_from_frozen_graph		false	22B		true	1207	new_candidate	
human	GATA1	gata1	GATA1	85	84	183	OmniPath_DoRothEA;TRRUST	normalized_exact	absent_from_frozen_graph		false	22B		true	1204	new_candidate	
human	DDIT3	ddit3	DDIT3	28	28	186	OmniPath_DoRothEA;TRRUST	normalized_exact	absent_from_frozen_graph		false	22B		true	1193	new_candidate	
mouse	Yy1	yy1	Yy1	106	100	163	OmniPath_DoRothEA;TRRUST	normalized_exact	absent_from_frozen_graph		false	22B		true	1189	new_candidate	
human	RARA	rara	RARA	77	67	168	OmniPath_DoRothEA;TRRUST	normalized_exact	absent_from_frozen_graph		false	22B		true	1187	new_candidate	
mouse	Irf7	irf7	Irf7	23	23	177	OmniPath_DoRothEA;TRRUST	normalized_exact	absent_from_frozen_graph		false	22B		true	1182	new_candidate	
human	IRF7	irf7	IRF7	18	18	172	OmniPath_DoRothEA;TRRUST	normalized_exact	absent_from_frozen_graph		false	22B		true	1176	new_candidate	
mouse	Nfatc2	nfatc2	Nfatc2	33	33	168	OmniPath_DoRothEA;TRRUST	normalized_exact	absent_from_frozen_graph		false	22B		true	1176	new_candidate	
mouse	Pou1f1	pou1f1	Pou1f1	11	11	171	OmniPath_DoRothEA;TRRUST	normalized_exact	absent_from_frozen_graph		false	22B		true	1173	new_candidate	
human	ATF6	atf6	ATF6	25	25	166	OmniPath_DoRothEA;TRRUST	normalized_exact	absent_from_frozen_graph		false	22B		true	1172	new_candidate	
mouse	Bach1	bach1	Bach1	34	11	161	OmniPath_DoRothEA;TRRUST	normalized_exact	absent_from_frozen_graph		false	22B		true	1169	new_candidate	
mouse	Ddit3	ddit3	Ddit3	8	8	167	OmniPath_DoRothEA;TRRUST	normalized_exact	absent_from_frozen_graph		false	22B		true	1169	new_candidate	
human	BACH1	bach1	BACH1	32	9	159	OmniPath_DoRothEA;TRRUST	normalized_exact	absent_from_frozen_graph		false	22B		true	1167	new_candidate	
mouse	Rara	rara	Rara	55	47	154	OmniPath_DoRothEA;TRRUST	normalized_exact	absent_from_frozen_graph		false	22B		true	1167	new_candidate	
human	E2F4	e2f4	E2F4	540	268	104	OmniPath_DoRothEA;TRRUST	normalized_exact	absent_from_frozen_graph		false	22B		true	1166	new_candidate	
human	GLI1	gli1	GLI1	28	28	109	OmniPath_DoRothEA;TRRUST	normalized_exact	mapped_unique	12023	true	22B		true	1166	new_candidate	
human	GATA2	gata2	GATA2	482	71	102	OmniPath_DoRothEA;TRRUST	normalized_exact	absent_from_frozen_graph		false	22B		true	1164	new_candidate	
human	MYB	myb	MYB	70	69	146	OmniPath_DoRothEA;TRRUST	normalized_exact	absent_from_frozen_graph		false	22B		true	1163	new_candidate	
mouse	Stat3	stat3	Stat3	91	91	91	TRRUST	normalized_exact	mapped_unique	13282	true	22B		true	1163	new_candidate	
human	NFATC2	nfatc2	NFATC2	17	17	158	OmniPath_DoRothEA;TRRUST	normalized_exact	absent_from_frozen_graph		false	22B		true	1162	new_candidate	
mouse	Gata2	gata2	Gata2	423	63	98	OmniPath_DoRothEA;TRRUST	normalized_exact	absent_from_frozen_graph		false	22B		true	1160	new_candidate	
human	FOXA1	foxa1	FOXA1	529	91	97	OmniPath_DoRothEA;TRRUST	normalized_exact	absent_from_frozen_graph		false	22B		true	1159	new_candidate	
mouse	Gli1	gli1	Gli1	14	14	106	OmniPath_DoRothEA;TRRUST	normalized_exact	mapped_unique	12023	true	22B		true	1159	new_candidate	
human	SOX2	sox2	SOX2	294	45	97	OmniPath_DoRothEA;TRRUST	normalized_exact	absent_from_frozen_graph		false	22B		true	1159	new_candidate	
mouse	E2f4	e2f4	E2f4	488	243	96	OmniPath_DoRothEA;TRRUST	normalized_exact	absent_from_frozen_graph		false	22B		true	1158	new_candidate	
mouse	Foxa1	foxa1	Foxa1	473	89	94	OmniPath_DoRothEA;TRRUST	normalized_exact	absent_from_frozen_graph		false	22B		true	1156	new_candidate	
mouse	Pou5f1	pou5f1	Pou5f1	42	42	142	OmniPath_DoRothEA;TRRUST	normalized_exact	absent_from_frozen_graph		false	22B		true	1152	new_candidate	
mouse	Lef1	lef1	Lef1	55	54	137	OmniPath_DoRothEA;TRRUST	normalized_exact	absent_from_frozen_graph		false	22B		true	1150	new_candidate	
human	RUNX2	runx2	RUNX2	28	27	142	OmniPath_DoRothEA;TRRUST	normalized_exact	absent_from_frozen_graph		false	22B		true	1149	new_candidate	
human	LEF1	lef1	LEF1	55	54	134	OmniPath_DoRothEA;TRRUST	normalized_exact	absent_from_frozen_graph		false	22B		true	1147	new_candidate	
mouse	Atf6	atf6	Atf6	12	12	139	OmniPath_DoRothEA;TRRUST	normalized_exact	absent_from_frozen_graph		false	22B		true	1142	new_candidate	
human	TP73	tp73	TP73	24	22	135	OmniPath_DoRothEA;TRRUST	normalized_exact	absent_from_frozen_graph		false	22B		true	1141	new_candidate	
human	ZEB2	zeb2	ZEB2	9	9	134	OmniPath_DoRothEA;TRRUST	normalized_exact	absent_from_frozen_graph		false	22B		true	1136	new_candidate	
mouse	Ctnnb1	ctnnb1	Ctnnb1	68	68	68	TRRUST	normalized_exact	mapped_unique	11506	true	22B		true	1135	new_candidate	
human	POU5F1	pou5f1	POU5F1	31	31	128	OmniPath_DoRothEA;TRRUST	normalized_exact	absent_from_frozen_graph		false	22B		true	1135	new_candidate	
mouse	Esr2	esr2	Esr2	39	38	75	OmniPath_DoRothEA;TRRUST	normalized_exact	mapped_unique	11808	true	22B		true	1134	new_candidate	
mouse	Zeb2	zeb2	Zeb2	6	6	133	OmniPath_DoRothEA;TRRUST	normalized_exact	absent_from_frozen_graph		false	22B		true	1134	new_candidate	
human	NR3C1	nr3c1	NR3C1	53	50	67	OmniPath_DoRothEA;TRRUST	normalized_exact	mapped_unique	12805	true	22B		true	1130	new_candidate	
human	CDX2	cdx2	CDX2	54	52	116	OmniPath_DoRothEA;TRRUST	normalized_exact	absent_from_frozen_graph		false	22B		true	1129	new_candidate	
human	ESR2	esr2	ESR2	42	41	69	OmniPath_DoRothEA;TRRUST	normalized_exact	mapped_unique	11808	true	22B		true	1129	new_candidate	
mouse	Gata1	gata1	Gata1	36	35	119	OmniPath_DoRothEA;TRRUST	normalized_exact	absent_from_frozen_graph		false	22B		true	1128	new_candidate	
human	POU2F1	pou2f1	POU2F1	80	78	108	OmniPath_DoRothEA;TRRUST	normalized_exact	absent_from_frozen_graph		false	22B		true	1128	new_candidate	
human	JUND	jund	JUND	59	57	60	OmniPath_DoRothEA;TRRUST	normalized_exact	mapped_unique	12548	true	22B		true	1124	new_candidate	
mouse	Nr3c1	nr3c1	Nr3c1	34	31	66	OmniPath_DoRothEA;TRRUST	normalized_exact	mapped_unique	12805	true	22B		true	1124	new_candidate	
mouse	Clock	clock	Clock	26	26	117	OmniPath_DoRothEA;TRRUST	normalized_exact	absent_from_frozen_graph		false	22B		true	1123	new_candidate	
human	TCF7L2	tcf7l2	TCF7L2	34	34	115	OmniPath_DoRothEA;TRRUST	normalized_exact	absent_from_frozen_graph		false	22B		true	1123	new_candidate	
human	BMAL1	bmal1	BMAL1	10	10	118	OmniPath_DoRothEA	normalized_exact	absent_from_frozen_graph		false	22B		true	1120	new_candidate	
mouse	Bmal1	bmal1	Bmal1	10	10	118	OmniPath_DoRothEA	normalized_exact	absent_from_frozen_graph		false	22B		true	1120	new_candidate	
human	CLOCK	clock	CLOCK	26	26	114	OmniPath_DoRothEA;TRRUST	normalized_exact	absent_from_frozen_graph		false	22B		true	1120	new_candidate	
mouse	Sox9	sox9	Sox9	47	47	108	OmniPath_DoRothEA;TRRUST	normalized_exact	absent_from_frozen_graph		false	22B		true	1119	new_candidate	
human	PGR	pgr	PGR	41	39	107	OmniPath_DoRothEA;TRRUST	normalized_exact	absent_from_frozen_graph		false	22B		true	1117	new_candidate	
human	RXRA	rxra	RXRA	38	36	104	OmniPath_DoRothEA;TRRUST	normalized_exact	absent_from_frozen_graph		false	22B		true	1113	new_candidate	
mouse	Rxra	rxra	Rxra	34	32	105	OmniPath_DoRothEA;TRRUST	normalized_exact	absent_from_frozen_graph		false	22B		true	1113	new_candidate	
human	KMT2A	kmt2a	KMT2A	12	8	108	OmniPath_DoRothEA	normalized_exact	absent_from_frozen_graph		false	22B		true	1111	new_candidate	
mouse	Kmt2a	kmt2a	Kmt2a	12	8	108	OmniPath_DoRothEA	normalized_exact	absent_from_frozen_graph		false	22B		true	1111	new_candidate	
mouse	Pax8	pax8	Pax8	16	15	107	OmniPath_DoRothEA;TRRUST	normalized_exact	absent_from_frozen_graph		false	22B		true	1111	new_candidate	
mouse	Stat5b	stat5b	Stat5b	25	20	105	OmniPath_DoRothEA;TRRUST	normalized_exact	absent_from_frozen_graph		false	22B		true	1111	new_candidate	
human	MYCN	mycn	MYCN	70	69	93	OmniPath_DoRothEA;TRRUST	normalized_exact	absent_from_frozen_graph		false	22B		true	1110	new_candidate	
mouse	Tfap2c	tfap2c	Tfap2c	455	37	48	OmniPath_DoRothEA;TRRUST	normalized_exact	absent_from_frozen_graph		false	22B		true	1110	new_candidate	
human	HES1	hes1	HES1	12	12	56	OmniPath_DoRothEA;TRRUST	normalized_exact	mapped_unique	12188	false	22B		true	1109	new_candidate	
human	PAX8	pax8	PAX8	19	18	105	OmniPath_DoRothEA;TRRUST	normalized_exact	absent_from_frozen_graph		false	22B		true	1109	new_candidate	
human	STAT5B	stat5b	STAT5B	29	24	102	OmniPath_DoRothEA;TRRUST	normalized_exact	absent_from_frozen_graph		false	22B		true	1109	new_candidate	
human	TFAP2C	tfap2c	TFAP2C	495	28	47	OmniPath_DoRothEA;TRRUST	normalized_exact	absent_from_frozen_graph		false	22B		true	1109	new_candidate	
mouse	Ets2	ets2	Ets2	58	57	94	OmniPath_DoRothEA;TRRUST	normalized_exact	absent_from_frozen_graph		false	22B		true	1108	new_candidate	
mouse	Hes1	hes1	Hes1	11	11	56	OmniPath_DoRothEA;TRRUST	normalized_exact	mapped_unique	12188	false	22B		true	1108	new_candidate	
mouse	Jund	jund	Jund	35	33	49	OmniPath_DoRothEA;TRRUST	normalized_exact	mapped_unique	12548	true	22B		true	1107	new_candidate	
human	SOX9	sox9	SOX9	42	42	97	OmniPath_DoRothEA;TRRUST	normalized_exact	absent_from_frozen_graph		false	22B		true	1107	new_candidate	
human	USF2	usf2	USF2	97	93	83	OmniPath_DoRothEA;TRRUST	normalized_exact	absent_from_frozen_graph		false	22B		true	1107	new_candidate	
mouse	Cdx2	cdx2	Cdx2	33	31	98	OmniPath_DoRothEA;TRRUST	normalized_exact	absent_from_frozen_graph		false	22B		true	1106	new_candidate	
mouse	Mafa	mafa	Mafa	12	12	103	OmniPath_DoRothEA;TRRUST	normalized_exact	absent_from_frozen_graph		false	22B		true	1106	new_candidate	
human	PAX5	pax5	PAX5	33	33	97	OmniPath_DoRothEA;TRRUST	normalized_exact	absent_from_frozen_graph		false	22B		true	1105	new_candidate	
mouse	Pgr	pgr	Pgr	40	38	95	OmniPath_DoRothEA;TRRUST	normalized_exact	absent_from_frozen_graph		false	22B		true	1105	new_candidate	
mouse	Pax5	pax5	Pax5	24	24	98	OmniPath_DoRothEA;TRRUST	normalized_exact	absent_from_frozen_graph		false	22B		true	1104	new_candidate	
mouse	Sox10	sox10	Sox10	30	29	96	OmniPath_DoRothEA;TRRUST	normalized_exact	absent_from_frozen_graph		false	22B		true	1103	new_candidate	
mouse	Tal1	tal1	Tal1	317	47	41	OmniPath_DoRothEA;TRRUST	normalized_exact	absent_from_frozen_graph		false	22B		true	1103	new_candidate	
mouse	Foxa2	foxa2	Foxa2	54	51	89	OmniPath_DoRothEA;TRRUST	normalized_exact	absent_from_frozen_graph		false	22B		true	1102	new_candidate	
human	HDAC1	hdac1	HDAC1	82	82	82	TRRUST	normalized_exact	absent_from_frozen_graph		false	22B		true	1102	new_candidate	
human	ARNT	arnt	ARNT	30	29	94	OmniPath_DoRothEA;TRRUST	normalized_exact	absent_from_frozen_graph		false	22B		true	1101	new_candidate	
mouse	Usf2	usf2	Usf2	58	54	86	OmniPath_DoRothEA;TRRUST	normalized_exact	absent_from_frozen_graph		false	22B		true	1100	new_candidate	
human	MAFA	mafa	MAFA	3	3	99	OmniPath_DoRothEA;TRRUST	normalized_exact	absent_from_frozen_graph		false	22B		true	1099	new_candidate	
human	SOX10	sox10	SOX10	32	31	91	OmniPath_DoRothEA;TRRUST	normalized_exact	absent_from_frozen_graph		false	22B		true	1099	new_candidate	
human	ETS2	ets2	ETS2	64	63	82	OmniPath_DoRothEA;TRRUST	normalized_exact	absent_from_frozen_graph		false	22B		true	1098	new_candidate	
human	TAL1	tal1	TAL1	355	50	36	OmniPath_DoRothEA;TRRUST	normalized_exact	absent_from_frozen_graph		false	22B		true	1098	new_candidate	
human	TCF4	tcf4	TCF4	36	33	89	OmniPath_DoRothEA;TRRUST	normalized_exact	absent_from_frozen_graph		false	22B		true	1098	new_candidate	
mouse	Neurod1	neurod1	Neurod1	14	13	90	OmniPath_DoRothEA;TRRUST	normalized_exact	absent_from_frozen_graph		false	22B		true	1093	new_candidate	
mouse	Rbpj	rbpj	Rbpj	29	27	86	OmniPath_DoRothEA;TRRUST	normalized_exact	absent_from_frozen_graph		false	22B		true	1093	new_candidate	
mouse	Tp73	tp73	Tp73	7	5	90	OmniPath_DoRothEA	normalized_exact	absent_from_frozen_graph		false	22B		true	1091	new_candidate	
human	ETV4	etv4	ETV4	42	41	80	OmniPath_DoRothEA;TRRUST	normalized_exact	absent_from_frozen_graph		false	22B		true	1090	new_candidate	
human	KLF1	klf1	KLF1	4	3	88	OmniPath_DoRothEA;TRRUST	normalized_exact	absent_from_frozen_graph		false	22B		true	1089	new_candidate	
human	MEF2A	mef2a	MEF2A	21	18	83	OmniPath_DoRothEA;TRRUST	normalized_exact	absent_from_frozen_graph		false	22B		true	1088	new_candidate	
mouse	Mef2a	mef2a	Mef2a	14	13	83	OmniPath_DoRothEA;TRRUST	normalized_exact	absent_from_frozen_graph		false	22B		true	1086	new_candidate	
mouse	Stat4	stat4	Stat4	8	8	9	TRRUST	normalized_exact	mapped_unique	13286	true	22B	20B	true	1086	new_candidate	module overlap is a routing flag, not cross-module evidence
mouse	Gata4	gata4	Gata4	30	30	77	OmniPath_DoRothEA;TRRUST	normalized_exact	absent_from_frozen_graph		false	22B		true	1084	new_candidate	
mouse	Pax6	pax6	Pax6	58	55	70	OmniPath_DoRothEA;TRRUST	normalized_exact	absent_from_frozen_graph		false	22B		true	1084	new_candidate	
human	FOXA2	foxa2	FOXA2	29	26	76	OmniPath_DoRothEA;TRRUST	normalized_exact	absent_from_frozen_graph		false	22B		true	1083	new_candidate	
mouse	Mycn	mycn	Mycn	28	27	76	OmniPath_DoRothEA;TRRUST	normalized_exact	absent_from_frozen_graph		false	22B		true	1083	new_candidate	
human	FOXP3	foxp3	FOXP3	14	14	79	OmniPath_DoRothEA;TRRUST	normalized_exact	absent_from_frozen_graph		false	22B		true	1082	new_candidate	
mouse	Foxp3	foxp3	Foxp3	17	17	78	OmniPath_DoRothEA;TRRUST	normalized_exact	absent_from_frozen_graph		false	22B		true	1082	new_candidate	
human	CEBPD	cebpd	CEBPD	32	31	72	OmniPath_DoRothEA;TRRUST	normalized_exact	absent_from_frozen_graph		false	22B		true	1080	new_candidate	
mouse	Gli2	gli2	Gli2	33	33	72	OmniPath_DoRothEA;TRRUST	normalized_exact	absent_from_frozen_graph		false	22B		true	1080	new_candidate	
human	RBPJ	rbpj	RBPJ	14	12	77	OmniPath_DoRothEA;TRRUST	normalized_exact	absent_from_frozen_graph		false	22B		true	1080	new_candidate	
human	NEUROD1	neurod1	NEUROD1	3	2	79	OmniPath_DoRothEA;TRRUST	normalized_exact	absent_from_frozen_graph		false	22B		true	1079	new_candidate	
human	CTNNB1	ctnnb1	CTNNB1	26	26	22	TRRUST	normalized_exact	mapped_unique	11506	true	22B		true	1078	new_candidate	
mouse	Nr1h2	nr1h2	Nr1h2	9	9	76	OmniPath_DoRothEA;TRRUST	normalized_exact	absent_from_frozen_graph		false	22B		true	1078	new_candidate	
human	GATA4	gata4	GATA4	26	26	71	OmniPath_DoRothEA;TRRUST	normalized_exact	absent_from_frozen_graph		false	22B		true	1077	new_candidate	
human	EP300	ep300	EP300	60	60	61	TRRUST	normalized_exact	absent_from_frozen_graph		false	22B		true	1076	new_candidate	
human	GLI2	gli2	GLI2	35	35	68	OmniPath_DoRothEA;TRRUST	normalized_exact	absent_from_frozen_graph		false	22B		true	1076	new_candidate	
human	NR1H2	nr1h2	NR1H2	9	9	74	OmniPath_DoRothEA;TRRUST	normalized_exact	absent_from_frozen_graph		false	22B		true	1076	new_candidate	
human	TP63	tp63	TP63	35	31	68	OmniPath_DoRothEA;TRRUST	normalized_exact	absent_from_frozen_graph		false	22B		true	1076	new_candidate	
human	ERG	erg	ERG	51	43	63	OmniPath_DoRothEA;TRRUST	normalized_exact	absent_from_frozen_graph		false	22B		true	1075	new_candidate	
mouse	Smad2	smad2	Smad2	19	19	21	TRRUST	normalized_exact	mapped_unique	13242	true	22B		true	1075	new_candidate	
mouse	Myod1	myod1	Myod1	58	58	60	OmniPath_DoRothEA;TRRUST	normalized_exact	absent_from_frozen_graph		false	22B		true	1074	new_candidate	
human	CREM	crem	CREM	36	34	63	OmniPath_DoRothEA;TRRUST	normalized_exact	absent_from_frozen_graph		false	22B		true	1072	new_candidate	
mouse	Ep300	ep300	Ep300	63	63	57	TRRUST	normalized_exact	absent_from_frozen_graph		false	22B		true	1072	new_candidate	
mouse	Fosl1	fosl1	Fosl1	22	19	67	OmniPath_DoRothEA;TRRUST	normalized_exact	absent_from_frozen_graph		false	22B		true	1072	new_candidate	
human	NFKBIA	nfkbia	NFKBIA	23	23	17	TRRUST	normalized_exact	mapped_unique	13933	false	22B		true	1072	new_candidate	
human	REST	rest	REST	47	47	61	OmniPath_DoRothEA;TRRUST	normalized_exact	absent_from_frozen_graph		false	22B		true	1072	new_candidate	
mouse	Stat6	stat6	Stat6	17	17	18	TRRUST	normalized_exact	mapped_unique	13290	true	22B		true	1072	new_candidate	
human	BRCA1	brca1	BRCA1	64	64	55	TRRUST	normalized_exact	absent_from_frozen_graph		false	22B		true	1071	new_candidate	
human	FOSL1	fosl1	FOSL1	24	21	64	OmniPath_DoRothEA;TRRUST	normalized_exact	absent_from_frozen_graph		false	22B		true	1070	new_candidate	
mouse	Pparg	pparg	Pparg	53	53	56	TRRUST	normalized_exact	absent_from_frozen_graph		false	22B		true	1069	new_candidate	
mouse	Nanog	nanog	Nanog	28	28	61	OmniPath_DoRothEA;TRRUST	normalized_exact	absent_from_frozen_graph		false	22B		true	1068	new_candidate	
mouse	Rora	rora	Rora	14	14	15	OmniPath_DoRothEA;TRRUST	normalized_exact	mapped_unique	13135	false	22B		true	1068	new_candidate	
human	BCL6	bcl6	BCL6	24	24	61	OmniPath_DoRothEA;TRRUST	normalized_exact	absent_from_frozen_graph		false	22B		true	1067	new_candidate	
mouse	Cebpd	cebpd	Cebpd	16	15	63	OmniPath_DoRothEA	normalized_exact	absent_from_frozen_graph		false	22B		true	1067	new_candidate	
human	KLF2	klf2	KLF2	13	13	64	OmniPath_DoRothEA;TRRUST	normalized_exact	absent_from_frozen_graph		false	22B		true	1067	new_candidate	
mouse	Tp63	tp63	Tp63	17	14	63	OmniPath_DoRothEA	normalized_exact	absent_from_frozen_graph		false	22B		true	1067	new_candidate	
human	NFIC	nfic	NFIC	63	60	51	OmniPath_DoRothEA;TRRUST	normalized_exact	absent_from_frozen_graph		false	22B		true	1066	new_candidate	
mouse	Ppard	ppard	Ppard	17	17	62	OmniPath_DoRothEA;TRRUST	normalized_exact	absent_from_frozen_graph		false	22B		true	1066	new_candidate	
human	DNMT1	dnmt1	DNMT1	37	37	56	OmniPath_DoRothEA;TRRUST	normalized_exact	absent_from_frozen_graph		false	22B		true	1065	new_candidate	
mouse	Bcl6	bcl6	Bcl6	25	25	58	OmniPath_DoRothEA;TRRUST	normalized_exact	absent_from_frozen_graph		false	22B		true	1064	new_candidate	
human	FLI1	fli1	FLI1	40	39	54	OmniPath_DoRothEA;TRRUST	normalized_exact	absent_from_frozen_graph		false	22B		true	1064	new_candidate	
human	NFATC1	nfatc1	NFATC1	17	13	60	OmniPath_DoRothEA;TRRUST	normalized_exact	absent_from_frozen_graph		false	22B		true	1064	new_candidate	
human	STAT2	stat2	STAT2	50	25	52	OmniPath_DoRothEA;TRRUST	normalized_exact	absent_from_frozen_graph		false	22B		true	1064	new_candidate	
mouse	Maf	maf	Maf	15	13	60	OmniPath_DoRothEA;TRRUST	normalized_exact	absent_from_frozen_graph		false	22B		true	1063	new_candidate	
human	ZNF263	znf263	ZNF263	320	35	1	OmniPath_DoRothEA	normalized_exact	absent_from_frozen_graph		false	22B		true	1063	new_candidate	
mouse	Znf263	znf263	Znf263	282	30	1	OmniPath_DoRothEA	normalized_exact	absent_from_frozen_graph		false	22B		true	1063	new_candidate	
mouse	Fli1	fli1	Fli1	27	26	55	OmniPath_DoRothEA;TRRUST	normalized_exact	absent_from_frozen_graph		false	22B		true	1061	new_candidate	
human	PPARD	ppard	PPARD	14	14	58	OmniPath_DoRothEA;TRRUST	normalized_exact	absent_from_frozen_graph		false	22B		true	1061	new_candidate	
mouse	Klf2	klf2	Klf2	6	6	59	OmniPath_DoRothEA;TRRUST	normalized_exact	absent_from_frozen_graph		false	22B		true	1060	new_candidate	
human	NANOG	nanog	NANOG	34	34	52	OmniPath_DoRothEA;TRRUST	normalized_exact	absent_from_frozen_graph		false	22B		true	1060	new_candidate	
mouse	Nfic	nfic	Nfic	43	41	50	OmniPath_DoRothEA;TRRUST	normalized_exact	absent_from_frozen_graph		false	22B		true	1060	new_candidate	
human	NR3C2	nr3c2	NR3C2	9	9	8	OmniPath_DoRothEA;TRRUST	normalized_exact	mapped_unique	12806	true	22B		true	1060	new_candidate	
human	RORA	rora	RORA	7	7	9	OmniPath_DoRothEA;TRRUST	normalized_exact	mapped_unique	13135	false	22B		true	1060	new_candidate	
mouse	Smad7	smad7	Smad7	8	8	8	TRRUST	normalized_exact	mapped_unique	13355	false	22B		true	1060	new_candidate	
human	ZFP36	zfp36	ZFP36	9	9	8	TRRUST	normalized_exact	mapped_unique	13697	false	22B		true	1060	new_candidate	
human	HOXD3	hoxd3	HOXD3	8	8	7	OmniPath_DoRothEA;TRRUST	normalized_exact	mapped_unique	12204	true	22B		true	1059	new_candidate	
mouse	Id1	id1	Id1	11	11	7	TRRUST	normalized_exact	mapped_unique	12230	false	22B		true	1059	new_candidate	
human	MAF	maf	MAF	14	12	56	OmniPath_DoRothEA;TRRUST	normalized_exact	absent_from_frozen_graph		false	22B		true	1059	new_candidate	
mouse	Nkx2-1	nkx2-1	Nkx2-1	15	15	56	OmniPath_DoRothEA;TRRUST	normalized_exact	absent_from_frozen_graph		false	22B		true	1059	new_candidate	
mouse	Foxl2	foxl2	Foxl2	27	14	52	OmniPath_DoRothEA;TRRUST	normalized_exact	absent_from_frozen_graph		false	22B		true	1058	new_candidate	
mouse	Id3	id3	Id3	8	8	6	TRRUST	normalized_exact	mapped_unique	12231	false	22B		true	1058	new_candidate	
mouse	Per1	per1	Per1	9	9	6	TRRUST	normalized_exact	mapped_unique	13013	false	22B		true	1058	new_candidate	
human	SMAD7	smad7	SMAD7	9	9	6	TRRUST	normalized_exact	mapped_unique	13355	false	22B		true	1058	new_candidate	
human	ATF3	atf3	ATF3	27	27	51	OmniPath_DoRothEA;TRRUST	normalized_exact	absent_from_frozen_graph		false	22B		true	1057	new_candidate	
mouse	Erg	erg	Erg	29	21	50	OmniPath_DoRothEA;TRRUST	normalized_exact	absent_from_frozen_graph		false	22B		true	1057	new_candidate	
human	FOXL2	foxl2	FOXL2	27	14	51	OmniPath_DoRothEA;TRRUST	normalized_exact	absent_from_frozen_graph		false	22B		true	1057	new_candidate	
human	FOXP1	foxp1	FOXP1	177	12	13	OmniPath_DoRothEA;TRRUST	normalized_exact	absent_from_frozen_graph		false	22B		true	1057	new_candidate	
mouse	Hoxd3	hoxd3	Hoxd3	3	3	7	OmniPath_DoRothEA	normalized_exact	mapped_unique	12204	true	22B		true	1057	new_candidate	
mouse	Nr4a1	nr4a1	Nr4a1	18	18	53	OmniPath_DoRothEA;TRRUST	normalized_exact	absent_from_frozen_graph		false	22B		true	1057	new_candidate	
mouse	Etv5	etv5	Etv5	6	6	5	TRRUST	normalized_exact	mapped_unique	11811	true	22B		true	1056	new_candidate	
mouse	Nhlh2	nhlh2	Nhlh2	5	5	4	TRRUST	normalized_exact	mapped_unique	12845	false	22B		true	1055	new_candidate	
mouse	Notch3	notch3	Notch3	4	4	4	TRRUST	normalized_exact	mapped_unique	12869	false	22B		true	1055	new_candidate	
human	PAX3	pax3	PAX3	11	11	53	OmniPath_DoRothEA;TRRUST	normalized_exact	absent_from_frozen_graph		false	22B		true	1055	new_candidate	
human	SMAD2	smad2	SMAD2	5	5	4	TRRUST	normalized_exact	mapped_unique	13242	true	22B		true	1055	new_candidate	
mouse	Nfkbia	nfkbia	Nfkbia	2	2	4	TRRUST	normalized_exact	mapped_unique	13933	false	22B		true	1054	new_candidate	
mouse	Nr1i3	nr1i3	Nr1i3	13	13	51	OmniPath_DoRothEA;TRRUST	normalized_exact	absent_from_frozen_graph		false	22B		true	1054	new_candidate	
human	SIRT1	sirt1	SIRT1	50	50	42	TRRUST	normalized_exact	absent_from_frozen_graph		false	22B		true	1054	new_candidate	
mouse	Tcf3	tcf3	Tcf3	47	47	43	TRRUST	normalized_exact	absent_from_frozen_graph		false	22B		true	1054	new_candidate	
mouse	Thra	thra	Thra	3	3	4	OmniPath_DoRothEA;TRRUST	normalized_exact	mapped_unique	13432	true	22B		true	1054	new_candidate	
human	TNFAIP3	tnfaip3	TNFAIP3	7	7	3	TRRUST	normalized_exact	mapped_unique	13934	false	22B		true	1054	new_candidate	
human	NHLH2	nhlh2	NHLH2	4	4	2	TRRUST	normalized_exact	mapped_unique	12845	false	22B		true	1053	new_candidate	
human	NOTCH3	notch3	NOTCH3	3	3	3	TRRUST	normalized_exact	mapped_unique	12869	false	22B		true	1053	new_candidate	
mouse	Nr3c2	nr3c2	Nr3c2	7	7	2	TRRUST	normalized_exact	mapped_unique	12806	true	22B		true	1053	new_candidate	
human	THRA	thra	THRA	3	3	3	OmniPath_DoRothEA;TRRUST	normalized_exact	mapped_unique	13432	true	22B		true	1053	new_candidate	
mouse	Crebbp	crebbp	Crebbp	43	43	42	TRRUST	normalized_exact	absent_from_frozen_graph		false	22B		true	1052	new_candidate	
human	ETV5	etv5	ETV5	2	2	2	TRRUST	normalized_exact	mapped_unique	11811	true	22B		true	1052	new_candidate	
human	ID3	id3	ID3	2	2	2	TRRUST	normalized_exact	mapped_unique	12231	false	22B		true	1052	new_candidate	
human	PER1	per1	PER1	3	3	2	TRRUST	normalized_exact	mapped_unique	13013	false	22B		true	1052	new_candidate	
mouse	Tnfaip3	tnfaip3	Tnfaip3	2	2	2	TRRUST	normalized_exact	mapped_unique	13934	false	22B		true	1052	new_candidate	
human	YBX1	ybx1	YBX1	39	39	43	OmniPath_DoRothEA;TRRUST	normalized_exact	absent_from_frozen_graph		false	22B		true	1052	new_candidate	
mouse	Zfp36	zfp36	Zfp36	2	2	2	TRRUST	normalized_exact	mapped_unique	13697	false	22B		true	1052	new_candidate	
mouse	Atf3	atf3	Atf3	16	16	47	OmniPath_DoRothEA;TRRUST	normalized_exact	absent_from_frozen_graph		false	22B		true	1051	new_candidate	
human	ID1	id1	ID1	1	1	1	TRRUST	normalized_exact	mapped_unique	12230	false	22B		true	1051	new_candidate	
mouse	Irf8	irf8	Irf8	32	32	43	OmniPath_DoRothEA;TRRUST	normalized_exact	absent_from_frozen_graph		false	22B		true	1051	new_candidate	
human	KLF6	klf6	KLF6	30	30	44	OmniPath_DoRothEA;TRRUST	normalized_exact	absent_from_frozen_graph		false	22B		true	1051	new_candidate	
human	MEF2C	mef2c	MEF2C	19	16	47	OmniPath_DoRothEA;TRRUST	normalized_exact	absent_from_frozen_graph		false	22B		true	1051	new_candidate	
human	NR4A1	nr4a1	NR4A1	21	21	46	OmniPath_DoRothEA;TRRUST	normalized_exact	absent_from_frozen_graph		false	22B		true	1051	new_candidate	
human	PRDM14	prdm14	PRDM14	196	18	2	OmniPath_DoRothEA;TRRUST	normalized_exact	absent_from_frozen_graph		false	22B		true	1051	new_candidate	
human	ATF1	atf1	ATF1	55	48	36	OmniPath_DoRothEA;TRRUST	normalized_exact	absent_from_frozen_graph		false	22B		true	1049	new_candidate	
human	RUNX3	runx3	RUNX3	44	40	38	OmniPath_DoRothEA;TRRUST	normalized_exact	absent_from_frozen_graph		false	22B		true	1049	new_candidate	
mouse	Smad1	smad1	Smad1	32	30	41	OmniPath_DoRothEA;TRRUST	normalized_exact	absent_from_frozen_graph		false	22B		true	1049	new_candidate	
mouse	Crem	crem	Crem	9	7	46	OmniPath_DoRothEA;TRRUST	normalized_exact	absent_from_frozen_graph		false	22B		true	1048	new_candidate	
human	NKX2-1	nkx2-1	NKX2-1	9	9	46	OmniPath_DoRothEA;TRRUST	normalized_exact	absent_from_frozen_graph		false	22B		true	1048	new_candidate	
mouse	Rel	rel	Rel	36	36	39	TRRUST	normalized_exact	absent_from_frozen_graph		false	22B		true	1048	new_candidate	
mouse	Prdm14	prdm14	Prdm14	180	16	2	OmniPath_DoRothEA	normalized_exact	absent_from_frozen_graph		false	22B		true	1047	new_candidate	
human	EZH2	ezh2	EZH2	43	43	36	TRRUST	normalized_exact	absent_from_frozen_graph		false	22B		true	1046	new_candidate	
human	NR1I3	nr1i3	NR1I3	6	6	45	OmniPath_DoRothEA;TRRUST	normalized_exact	absent_from_frozen_graph		false	22B		true	1046	new_candidate	
mouse	Nr2f2	nr2f2	Nr2f2	41	34	36	OmniPath_DoRothEA;TRRUST	normalized_exact	absent_from_frozen_graph		false	22B		true	1046	new_candidate	
mouse	Arnt	arnt	Arnt	15	14	42	OmniPath_DoRothEA;TRRUST	normalized_exact	absent_from_frozen_graph		false	22B		true	1045	new_candidate	
human	NFYA	nfya	NFYA	33	30	36	OmniPath_DoRothEA;TRRUST	normalized_exact	absent_from_frozen_graph		false	22B		true	1044	new_candidate	
human	PAX6	pax6	PAX6	25	22	38	OmniPath_DoRothEA;TRRUST	normalized_exact	absent_from_frozen_graph		false	22B		true	1044	new_candidate	
human	FOXO4	foxo4	FOXO4	20	16	38	OmniPath_DoRothEA;TRRUST	normalized_exact	absent_from_frozen_graph		false	22B		true	1043	new_candidate	
mouse	Sox2	sox2	Sox2	34	34	35	TRRUST	normalized_exact	absent_from_frozen_graph		false	22B		true	1043	new_candidate	
mouse	Foxo4	foxo4	Foxo4	21	17	37	OmniPath_DoRothEA;TRRUST	normalized_exact	absent_from_frozen_graph		false	22B		true	1042	new_candidate	
human	E2F3	e2f3	E2F3	27	27	35	OmniPath_DoRothEA;TRRUST	normalized_exact	absent_from_frozen_graph		false	22B		true	1041	new_candidate	
mouse	Nr1d1	nr1d1	Nr1d1	7	7	39	OmniPath_DoRothEA;TRRUST	normalized_exact	absent_from_frozen_graph		false	22B		true	1040	new_candidate	
human	TBP	tbp	TBP	23	23	35	OmniPath_DoRothEA;TRRUST	normalized_exact	absent_from_frozen_graph		false	22B		true	1040	new_candidate	
mouse	Dnmt1	dnmt1	Dnmt1	9	9	37	OmniPath_DoRothEA;TRRUST	normalized_exact	absent_from_frozen_graph		false	22B		true	1039	new_candidate	
mouse	Prdm1	prdm1	Prdm1	12	12	36	OmniPath_DoRothEA;TRRUST	normalized_exact	absent_from_frozen_graph		false	22B		true	1039	new_candidate	
mouse	Ybx1	ybx1	Ybx1	13	13	36	OmniPath_DoRothEA;TRRUST	normalized_exact	absent_from_frozen_graph		false	22B		true	1039	new_candidate	
mouse	Atf1	atf1	Atf1	30	23	31	OmniPath_DoRothEA;TRRUST	normalized_exact	absent_from_frozen_graph		false	22B		true	1038	new_candidate	
mouse	Nkx2-5	nkx2-5	Nkx2-5	28	28	31	OmniPath_DoRothEA;TRRUST	normalized_exact	absent_from_frozen_graph		false	22B		true	1038	new_candidate	
human	RB1	rb1	RB1	35	35	30	TRRUST	normalized_exact	absent_from_frozen_graph		false	22B		true	1038	new_candidate	
mouse	Nrf1	nrf1	Nrf1	30	27	30	OmniPath_DoRothEA;TRRUST	normalized_exact	absent_from_frozen_graph		false	22B		true	1037	new_candidate	
human	CIITA	ciita	CIITA	36	36	27	TRRUST	normalized_exact	absent_from_frozen_graph		false	22B		true	1036	new_candidate	
human	HIC1	hic1	HIC1	18	18	32	OmniPath_DoRothEA;TRRUST	normalized_exact	absent_from_frozen_graph		false	22B		true	1036	new_candidate	
human	HOXA10	hoxa10	HOXA10	20	20	31	OmniPath_DoRothEA;TRRUST	normalized_exact	absent_from_frozen_graph		false	22B		true	1036	new_candidate	
human	JUNB	junb	JUNB	22	21	31	OmniPath_DoRothEA;TRRUST	normalized_exact	absent_from_frozen_graph		false	22B		true	1036	new_candidate	
human	MAZ	maz	MAZ	16	10	32	OmniPath_DoRothEA;TRRUST	normalized_exact	absent_from_frozen_graph		false	22B		true	1036	new_candidate	
mouse	Nr0b1	nr0b1	Nr0b1	15	15	33	OmniPath_DoRothEA;TRRUST	normalized_exact	absent_from_frozen_graph		false	22B		true	1036	new_candidate	
human	NR1D1	nr1d1	NR1D1	2	2	36	OmniPath_DoRothEA;TRRUST	normalized_exact	absent_from_frozen_graph		false	22B		true	1036	new_candidate	
human	NR2F2	nr2f2	NR2F2	29	20	29	OmniPath_DoRothEA;TRRUST	normalized_exact	absent_from_frozen_graph		false	22B		true	1036	new_candidate	
human	PRDM1	prdm1	PRDM1	8	8	34	OmniPath_DoRothEA;TRRUST	normalized_exact	absent_from_frozen_graph		false	22B		true	1036	new_candidate	
human	VHL	vhl	VHL	23	23	31	TRRUST	normalized_exact	absent_from_frozen_graph		false	22B		true	1036	new_candidate	
human	HDAC2	hdac2	HDAC2	28	28	28	TRRUST	normalized_exact	absent_from_frozen_graph		false	22B		true	1035	new_candidate	
mouse	Nfya	nfya	Nfya	26	23	29	OmniPath_DoRothEA;TRRUST	normalized_exact	absent_from_frozen_graph		false	22B		true	1035	new_candidate	
human	NME2	nme2	NME2	1	1	35	OmniPath_DoRothEA	normalized_exact	absent_from_frozen_graph		false	22B		true	1035	new_candidate	
mouse	Nme2	nme2	Nme2	1	1	35	OmniPath_DoRothEA	normalized_exact	absent_from_frozen_graph		false	22B		true	1035	new_candidate	
mouse	Nrl	nrl	Nrl	12	12	32	OmniPath_DoRothEA;TRRUST	normalized_exact	absent_from_frozen_graph		false	22B		true	1035	new_candidate	
mouse	Pou2f1	pou2f1	Pou2f1	25	25	29	TRRUST	normalized_exact	absent_from_frozen_graph		false	22B		true	1035	new_candidate	
mouse	Sirt1	sirt1	Sirt1	28	28	28	TRRUST	normalized_exact	absent_from_frozen_graph		false	22B		true	1035	new_candidate	
mouse	Tbp	tbp	Tbp	15	15	32	OmniPath_DoRothEA;TRRUST	normalized_exact	absent_from_frozen_graph		false	22B		true	1035	new_candidate	
mouse	Hic1	hic1	Hic1	9	9	32	OmniPath_DoRothEA;TRRUST	normalized_exact	absent_from_frozen_graph		false	22B		true	1034	new_candidate	
mouse	Junb	junb	Junb	15	14	30	OmniPath_DoRothEA;TRRUST	normalized_exact	absent_from_frozen_graph		false	22B		true	1033	new_candidate	
mouse	Hdac1	hdac1	Hdac1	28	28	25	TRRUST	normalized_exact	absent_from_frozen_graph		false	22B		true	1032	new_candidate	
human	HDAC3	hdac3	HDAC3	24	24	26	TRRUST	normalized_exact	absent_from_frozen_graph		false	22B		true	1032	new_candidate	
mouse	Ahr	ahr	Ahr	25	25	25	TRRUST	normalized_exact	absent_from_frozen_graph		false	22B		true	1031	new_candidate	
human	NR0B1	nr0b1	NR0B1	12	12	28	OmniPath_DoRothEA;TRRUST	normalized_exact	absent_from_frozen_graph		false	22B		true	1031	new_candidate	
mouse	Tbx5	tbx5	Tbx5	7	7	30	OmniPath_DoRothEA;TRRUST	normalized_exact	absent_from_frozen_graph		false	22B		true	1031	new_candidate	
human	TCF3	tcf3	TCF3	32	21	23	OmniPath_DoRothEA;TRRUST	normalized_exact	absent_from_frozen_graph		false	22B		true	1031	new_candidate	
human	KLF5	klf5	KLF5	21	17	25	OmniPath_DoRothEA;TRRUST	normalized_exact	absent_from_frozen_graph		false	22B		true	1030	new_candidate	
mouse	Pax3	pax3	Pax3	22	22	25	TRRUST	normalized_exact	absent_from_frozen_graph		false	22B		true	1030	new_candidate	
human	TBX5	tbx5	TBX5	8	8	28	OmniPath_DoRothEA;TRRUST	normalized_exact	absent_from_frozen_graph		false	22B		true	1030	new_candidate	
human	CREBBP	crebbp	CREBBP	25	25	23	TRRUST	normalized_exact	absent_from_frozen_graph		false	22B		true	1029	new_candidate	
human	FOSL2	fosl2	FOSL2	28	25	22	OmniPath_DoRothEA;TRRUST	normalized_exact	absent_from_frozen_graph		false	22B		true	1029	new_candidate	
human	HDAC4	hdac4	HDAC4	26	26	23	TRRUST	normalized_exact	absent_from_frozen_graph		false	22B		true	1029	new_candidate	
mouse	Hoxa10	hoxa10	Hoxa10	12	12	26	OmniPath_DoRothEA;TRRUST	normalized_exact	absent_from_frozen_graph		false	22B		true	1029	new_candidate	
human	IRF9	irf9	IRF9	20	17	24	OmniPath_DoRothEA;TRRUST	normalized_exact	absent_from_frozen_graph		false	22B		true	1029	new_candidate	
human	PARP1	parp1	PARP1	27	27	23	TRRUST	normalized_exact	absent_from_frozen_graph		false	22B		true	1029	new_candidate	
mouse	Fosl2	fosl2	Fosl2	20	17	23	OmniPath_DoRothEA;TRRUST	normalized_exact	absent_from_frozen_graph		false	22B		true	1028	new_candidate	
mouse	Gata6	gata6	Gata6	19	17	24	OmniPath_DoRothEA;TRRUST	normalized_exact	absent_from_frozen_graph		false	22B		true	1028	new_candidate	
human	NRF1	nrf1	NRF1	23	20	23	OmniPath_DoRothEA;TRRUST	normalized_exact	absent_from_frozen_graph		false	22B		true	1028	new_candidate	
human	RFX1	rfx1	RFX1	22	18	23	OmniPath_DoRothEA;TRRUST	normalized_exact	absent_from_frozen_graph		false	22B		true	1028	new_candidate	
mouse	Egr2	egr2	Egr2	18	18	23	OmniPath_DoRothEA;TRRUST	normalized_exact	absent_from_frozen_graph		false	22B		true	1027	new_candidate	
mouse	Max	max	Max	12	10	24	OmniPath_DoRothEA;TRRUST	normalized_exact	absent_from_frozen_graph		false	22B		true	1027	new_candidate	
human	NRL	nrl	NRL	6	6	26	OmniPath_DoRothEA;TRRUST	normalized_exact	absent_from_frozen_graph		false	22B		true	1027	new_candidate	
mouse	Esrra	esrra	Esrra	15	11	23	OmniPath_DoRothEA;TRRUST	normalized_exact	absent_from_frozen_graph		false	22B		true	1026	new_candidate	
mouse	Hnf1a	hnf1a	Hnf1a	30	30	19	TRRUST	normalized_exact	absent_from_frozen_graph		false	22B		true	1026	new_candidate	
human	IRF8	irf8	IRF8	18	18	22	OmniPath_DoRothEA;TRRUST	normalized_exact	absent_from_frozen_graph		false	22B		true	1026	new_candidate	
mouse	Mef2c	mef2c	Mef2c	28	28	19	TRRUST	normalized_exact	absent_from_frozen_graph		false	22B		true	1026	new_candidate	
human	MTA1	mta1	MTA1	25	25	20	TRRUST	normalized_exact	absent_from_frozen_graph		false	22B		true	1026	new_candidate	
mouse	Neurog3	neurog3	Neurog3	7	7	25	OmniPath_DoRothEA;TRRUST	normalized_exact	absent_from_frozen_graph		false	22B		true	1026	new_candidate	
mouse	Rb1	rb1	Rb1	23	23	21	TRRUST	normalized_exact	absent_from_frozen_graph		false	22B		true	1026	new_candidate	
mouse	Sf1	sf1	Sf1	18	18	22	TRRUST	normalized_exact	absent_from_frozen_graph		false	22B		true	1026	new_candidate	
human	SMAD1	smad1	SMAD1	10	8	24	OmniPath_DoRothEA;TRRUST	normalized_exact	absent_from_frozen_graph		false	22B		true	1026	new_candidate	
human	ATM	atm	ATM	25	25	19	TRRUST	normalized_exact	absent_from_frozen_graph		false	22B		true	1025	new_candidate	
mouse	Pitx2	pitx2	Pitx2	26	26	19	OmniPath_DoRothEA;TRRUST	normalized_exact	absent_from_frozen_graph		false	22B		true	1025	new_candidate	
human	SP4	sp4	SP4	19	17	21	OmniPath_DoRothEA;TRRUST	normalized_exact	absent_from_frozen_graph		false	22B		true	1025	new_candidate	
mouse	Tcf4	tcf4	Tcf4	20	20	20	TRRUST	normalized_exact	absent_from_frozen_graph		false	22B		true	1025	new_candidate	
mouse	Wt1	wt1	Wt1	19	19	21	TRRUST	normalized_exact	absent_from_frozen_graph		false	22B		true	1025	new_candidate	
human	IRF5	irf5	IRF5	4	4	23	OmniPath_DoRothEA;TRRUST	normalized_exact	absent_from_frozen_graph		false	22B		true	1024	new_candidate	
mouse	Klf5	klf5	Klf5	18	14	20	OmniPath_DoRothEA;TRRUST	normalized_exact	absent_from_frozen_graph		false	22B		true	1024	new_candidate	
mouse	Tbx2	tbx2	Tbx2	10	10	22	OmniPath_DoRothEA;TRRUST	normalized_exact	absent_from_frozen_graph		false	22B		true	1024	new_candidate	
mouse	E2f2	e2f2	E2f2	20	20	18	OmniPath_DoRothEA;TRRUST	normalized_exact	absent_from_frozen_graph		false	22B		true	1023	new_candidate	
mouse	Irf5	irf5	Irf5	3	3	23	OmniPath_DoRothEA;TRRUST	normalized_exact	absent_from_frozen_graph		false	22B		true	1023	new_candidate	
human	MAX	max	MAX	10	8	21	OmniPath_DoRothEA;TRRUST	normalized_exact	absent_from_frozen_graph		false	22B		true	1023	new_candidate	
human	NFAT5	nfat5	NFAT5	6	6	22	OmniPath_DoRothEA;TRRUST	normalized_exact	absent_from_frozen_graph		false	22B		true	1023	new_candidate	
mouse	Nfat5	nfat5	Nfat5	6	6	22	OmniPath_DoRothEA;TRRUST	normalized_exact	absent_from_frozen_graph		false	22B		true	1023	new_candidate	
mouse	Nr0b2	nr0b2	Nr0b2	21	21	18	TRRUST	normalized_exact	absent_from_frozen_graph		false	22B		true	1023	new_candidate	
mouse	Nr5a2	nr5a2	Nr5a2	18	18	19	TRRUST	normalized_exact	absent_from_frozen_graph		false	22B		true	1023	new_candidate	
mouse	Pbx1	pbx1	Pbx1	18	18	19	OmniPath_DoRothEA;TRRUST	normalized_exact	absent_from_frozen_graph		false	22B		true	1023	new_candidate	
human	TCF7	tcf7	TCF7	9	7	21	OmniPath_DoRothEA;TRRUST	normalized_exact	absent_from_frozen_graph		false	22B		true	1023	new_candidate	
human	XBP1	xbp1	XBP1	20	20	18	TRRUST	normalized_exact	absent_from_frozen_graph		false	22B		true	1023	new_candidate	
human	HMGA1	hmga1	HMGA1	19	19	18	OmniPath_DoRothEA;TRRUST	normalized_exact	absent_from_frozen_graph		false	22B		true	1022	new_candidate	
human	PAX2	pax2	PAX2	8	8	20	OmniPath_DoRothEA;TRRUST	normalized_exact	absent_from_frozen_graph		false	22B		true	1022	new_candidate	
human	PML	pml	PML	19	19	18	TRRUST	normalized_exact	absent_from_frozen_graph		false	22B		true	1022	new_candidate	
mouse	Pou2f2	pou2f2	Pou2f2	18	18	18	TRRUST	normalized_exact	absent_from_frozen_graph		false	22B		true	1022	new_candidate	
mouse	Prox1	prox1	Prox1	17	17	18	OmniPath_DoRothEA;TRRUST	normalized_exact	absent_from_frozen_graph		false	22B		true	1022	new_candidate	
mouse	Tfdp1	tfdp1	Tfdp1	17	13	18	OmniPath_DoRothEA;TRRUST	normalized_exact	absent_from_frozen_graph		false	22B		true	1022	new_candidate	
mouse	Foxm1	foxm1	Foxm1	23	23	16	TRRUST	normalized_exact	absent_from_frozen_graph		false	22B		true	1021	new_candidate	
mouse	Ikzf1	ikzf1	Ikzf1	17	17	17	TRRUST	normalized_exact	absent_from_frozen_graph		false	22B		true	1021	new_candidate	
human	IRF2	irf2	IRF2	17	13	17	OmniPath_DoRothEA;TRRUST	normalized_exact	absent_from_frozen_graph		false	22B		true	1021	new_candidate	
mouse	Irf4	irf4	Irf4	18	16	17	OmniPath_DoRothEA;TRRUST	normalized_exact	absent_from_frozen_graph		false	22B		true	1021	new_candidate	
mouse	Msx2	msx2	Msx2	20	20	16	TRRUST	normalized_exact	absent_from_frozen_graph		false	22B		true	1021	new_candidate	
human	NEUROG3	neurog3	NEUROG3	3	3	21	OmniPath_DoRothEA;TRRUST	normalized_exact	absent_from_frozen_graph		false	22B		true	1021	new_candidate	
human	NFYB	nfyb	NFYB	21	17	16	OmniPath_DoRothEA;TRRUST	normalized_exact	absent_from_frozen_graph		false	22B		true	1021	new_candidate	
mouse	Ppargc1a	ppargc1a	Ppargc1a	20	20	16	TRRUST	normalized_exact	absent_from_frozen_graph		false	22B		true	1021	new_candidate	
mouse	Rest	rest	Rest	17	17	17	TRRUST	normalized_exact	absent_from_frozen_graph		false	22B		true	1021	new_candidate	
mouse	Smarca4	smarca4	Smarca4	21	21	16	TRRUST	normalized_exact	absent_from_frozen_graph		false	22B		true	1021	new_candidate	
human	TFDP1	tfdp1	TFDP1	22	18	16	OmniPath_DoRothEA;TRRUST	normalized_exact	absent_from_frozen_graph		false	22B		true	1021	new_candidate	
human	E2F2	e2f2	E2F2	17	17	16	OmniPath_DoRothEA;TRRUST	normalized_exact	absent_from_frozen_graph		false	22B		true	1020	new_candidate	
human	ESRRA	esrra	ESRRA	17	12	16	OmniPath_DoRothEA;TRRUST	normalized_exact	absent_from_frozen_graph		false	22B		true	1020	new_candidate	
mouse	Etv4	etv4	Etv4	16	16	16	TRRUST	normalized_exact	absent_from_frozen_graph		false	22B		true	1020	new_candidate	
mouse	Foxp2	foxp2	Foxp2	7	7	19	OmniPath_DoRothEA;TRRUST	normalized_exact	absent_from_frozen_graph		false	22B		true	1020	new_candidate	
human	GFI1	gfi1	GFI1	8	8	18	OmniPath_DoRothEA;TRRUST	normalized_exact	absent_from_frozen_graph		false	22B		true	1020	new_candidate	
mouse	Myb	myb	Myb	18	18	16	TRRUST	normalized_exact	absent_from_frozen_graph		false	22B		true	1020	new_candidate	
human	RFX5	rfx5	RFX5	41	33	10	OmniPath_DoRothEA;TRRUST	normalized_exact	absent_from_frozen_graph		false	22B		true	1020	new_candidate	
human	FOXP2	foxp2	FOXP2	11	11	17	OmniPath_DoRothEA;TRRUST	normalized_exact	absent_from_frozen_graph		false	22B		true	1019	new_candidate	
human	GATA6	gata6	GATA6	14	12	16	OmniPath_DoRothEA;TRRUST	normalized_exact	absent_from_frozen_graph		false	22B		true	1019	new_candidate	
human	HSF2	hsf2	HSF2	11	11	17	OmniPath_DoRothEA;TRRUST	normalized_exact	absent_from_frozen_graph		false	22B		true	1019	new_candidate	
mouse	Mybl2	mybl2	Mybl2	15	15	16	OmniPath_DoRothEA;TRRUST	normalized_exact	absent_from_frozen_graph		false	22B		true	1019	new_candidate	
mouse	Pax2	pax2	Pax2	15	15	16	TRRUST	normalized_exact	absent_from_frozen_graph		false	22B		true	1019	new_candidate	
mouse	Sp7	sp7	Sp7	20	20	14	TRRUST	normalized_exact	absent_from_frozen_graph		false	22B		true	1019	new_candidate	
human	ZNF148	znf148	ZNF148	14	14	16	OmniPath_DoRothEA;TRRUST	normalized_exact	absent_from_frozen_graph		false	22B		true	1019	new_candidate	
mouse	Elf1	elf1	Elf1	14	14	15	OmniPath_DoRothEA;TRRUST	normalized_exact	absent_from_frozen_graph		false	22B		true	1018	new_candidate	
mouse	Nfatc1	nfatc1	Nfatc1	15	15	15	TRRUST	normalized_exact	absent_from_frozen_graph		false	22B		true	1018	new_candidate	
mouse	Nfia	nfia	Nfia	9	9	16	OmniPath_DoRothEA;TRRUST	normalized_exact	absent_from_frozen_graph		false	22B		true	1018	new_candidate	
human	NR2F1	nr2f1	NR2F1	15	14	15	OmniPath_DoRothEA;TRRUST	normalized_exact	absent_from_frozen_graph		false	22B		true	1018	new_candidate	
human	SATB1	satb1	SATB1	17	17	14	OmniPath_DoRothEA;TRRUST	normalized_exact	absent_from_frozen_graph		false	22B		true	1018	new_candidate	
human	SF1	sf1	SF1	14	14	15	TRRUST	normalized_exact	absent_from_frozen_graph		false	22B		true	1018	new_candidate	
human	ZBTB16	zbtb16	ZBTB16	12	12	15	OmniPath_DoRothEA;TRRUST	normalized_exact	absent_from_frozen_graph		false	22B		true	1018	new_candidate	
human	APC	apc	APC	13	13	14	TRRUST	normalized_exact	absent_from_frozen_graph		false	22B		true	1017	new_candidate	
mouse	Arid3a	arid3a	Arid3a	56	2	3	OmniPath_DoRothEA;TRRUST	normalized_exact	absent_from_frozen_graph		false	22B		true	1017	new_candidate	
human	CUX1	cux1	CUX1	16	14	13	OmniPath_DoRothEA;TRRUST	normalized_exact	absent_from_frozen_graph		false	22B		true	1017	new_candidate	
mouse	Cux1	cux1	Cux1	13	13	14	TRRUST	normalized_exact	absent_from_frozen_graph		false	22B		true	1017	new_candidate	
human	E2F6	e2f6	E2F6	14	13	14	OmniPath_DoRothEA;TRRUST	normalized_exact	absent_from_frozen_graph		false	22B		true	1017	new_candidate	
mouse	Gtf2i	gtf2i	Gtf2i	18	18	13	OmniPath_DoRothEA;TRRUST	normalized_exact	absent_from_frozen_graph		false	22B		true	1017	new_candidate	
human	KLF11	klf11	KLF11	6	6	16	OmniPath_DoRothEA;TRRUST	normalized_exact	absent_from_frozen_graph		false	22B		true	1017	new_candidate	
human	PAX4	pax4	PAX4	5	5	16	OmniPath_DoRothEA;TRRUST	normalized_exact	absent_from_frozen_graph		false	22B		true	1017	new_candidate	
human	POU2F2	pou2f2	POU2F2	21	17	12	OmniPath_DoRothEA;TRRUST	normalized_exact	absent_from_frozen_graph		false	22B		true	1017	new_candidate	
mouse	Rfx1	rfx1	Rfx1	8	5	15	OmniPath_DoRothEA;TRRUST	normalized_exact	absent_from_frozen_graph		false	22B		true	1017	new_candidate	
mouse	Rfx5	rfx5	Rfx5	29	24	10	OmniPath_DoRothEA;TRRUST	normalized_exact	absent_from_frozen_graph		false	22B		true	1017	new_candidate	
human	TWIST2	twist2	TWIST2	30	30	10	OmniPath_DoRothEA;TRRUST	normalized_exact	absent_from_frozen_graph		false	22B		true	1017	new_candidate	
mouse	Arntl	arntl	Arntl	14	14	13	TRRUST	normalized_exact	absent_from_frozen_graph		false	22B		true	1016	new_candidate	
mouse	Bcl3	bcl3	Bcl3	17	17	12	TRRUST	normalized_exact	absent_from_frozen_graph		false	22B		true	1016	new_candidate	
mouse	Bmi1	bmi1	Bmi1	16	16	12	TRRUST	normalized_exact	absent_from_frozen_graph		false	22B		true	1016	new_candidate	
human	EGR2	egr2	EGR2	11	11	14	OmniPath_DoRothEA;TRRUST	normalized_exact	absent_from_frozen_graph		false	22B		true	1016	new_candidate	
mouse	Ezh2	ezh2	Ezh2	15	15	13	TRRUST	normalized_exact	absent_from_frozen_graph		false	22B		true	1016	new_candidate	
mouse	Gli3	gli3	Gli3	11	11	14	OmniPath_DoRothEA;TRRUST	normalized_exact	absent_from_frozen_graph		false	22B		true	1016	new_candidate	
human	HOXB7	hoxb7	HOXB7	11	11	14	OmniPath_DoRothEA;TRRUST	normalized_exact	absent_from_frozen_graph		false	22B		true	1016	new_candidate	
mouse	Klf11	klf11	Klf11	4	4	15	OmniPath_DoRothEA;TRRUST	normalized_exact	absent_from_frozen_graph		false	22B		true	1016	new_candidate	
human	MBD2	mbd2	MBD2	12	12	13	OmniPath_DoRothEA;TRRUST	normalized_exact	absent_from_frozen_graph		false	22B		true	1016	new_candidate	
human	MECP2	mecp2	MECP2	13	13	13	OmniPath_DoRothEA;TRRUST	normalized_exact	absent_from_frozen_graph		false	22B		true	1016	new_candidate	
mouse	Mecp2	mecp2	Mecp2	17	17	12	OmniPath_DoRothEA;TRRUST	normalized_exact	absent_from_frozen_graph		false	22B		true	1016	new_candidate	
mouse	Mtf1	mtf1	Mtf1	7	7	15	TRRUST	normalized_exact	absent_from_frozen_graph		false	22B		true	1016	new_candidate	
mouse	Myog	myog	Myog	15	15	13	OmniPath_DoRothEA;TRRUST	normalized_exact	absent_from_frozen_graph		false	22B		true	1016	new_candidate	
human	NF1	nf1	NF1	14	14	13	TRRUST	normalized_exact	absent_from_frozen_graph		false	22B		true	1016	new_candidate	
mouse	Nfil3	nfil3	Nfil3	12	12	13	OmniPath_DoRothEA;TRRUST	normalized_exact	absent_from_frozen_graph		false	22B		true	1016	new_candidate	
human	NFYC	nfyc	NFYC	13	13	13	TRRUST	normalized_exact	absent_from_frozen_graph		false	22B		true	1016	new_candidate	
human	PITX1	pitx1	PITX1	18	18	12	OmniPath_DoRothEA;TRRUST	normalized_exact	absent_from_frozen_graph		false	22B		true	1016	new_candidate	
human	PITX2	pitx2	PITX2	12	12	13	OmniPath_DoRothEA;TRRUST	normalized_exact	absent_from_frozen_graph		false	22B		true	1016	new_candidate	
mouse	Smad5	smad5	Smad5	11	11	14	OmniPath_DoRothEA;TRRUST	normalized_exact	absent_from_frozen_graph		false	22B		true	1016	new_candidate	
human	TBX2	tbx2	TBX2	4	4	15	OmniPath_DoRothEA;TRRUST	normalized_exact	absent_from_frozen_graph		false	22B		true	1016	new_candidate	
human	ZBTB17	zbtb17	ZBTB17	4	4	15	OmniPath_DoRothEA;TRRUST	normalized_exact	absent_from_frozen_graph		false	22B		true	1016	new_candidate	
mouse	Zbtb17	zbtb17	Zbtb17	3	3	16	OmniPath_DoRothEA;TRRUST	normalized_exact	absent_from_frozen_graph		false	22B		true	1016	new_candidate	
human	CEBPE	cebpe	CEBPE	12	12	12	OmniPath_DoRothEA;TRRUST	normalized_exact	absent_from_frozen_graph		false	22B		true	1015	new_candidate	
mouse	Dlx5	dlx5	Dlx5	10	10	13	TRRUST	normalized_exact	absent_from_frozen_graph		false	22B		true	1015	new_candidate	
human	ELF3	elf3	ELF3	11	11	13	OmniPath_DoRothEA;TRRUST	normalized_exact	absent_from_frozen_graph		false	22B		true	1015	new_candidate	
mouse	Elf3	elf3	Elf3	15	15	12	OmniPath_DoRothEA;TRRUST	normalized_exact	absent_from_frozen_graph		false	22B		true	1015	new_candidate	
human	ELK4	elk4	ELK4	5	5	14	OmniPath_DoRothEA;TRRUST	normalized_exact	absent_from_frozen_graph		false	22B		true	1015	new_candidate	
human	IRF4	irf4	IRF4	13	10	12	OmniPath_DoRothEA;TRRUST	normalized_exact	absent_from_frozen_graph		false	22B		true	1015	new_candidate	
mouse	Nfe2	nfe2	Nfe2	11	11	13	TRRUST	normalized_exact	absent_from_frozen_graph		false	22B		true	1015	new_candidate	
mouse	Six1	six1	Six1	14	14	12	TRRUST	normalized_exact	absent_from_frozen_graph		false	22B		true	1015	new_candidate	
mouse	Crx	crx	Crx	15	15	11	TRRUST	normalized_exact	absent_from_frozen_graph		false	22B		true	1014	new_candidate	
mouse	Ebf1	ebf1	Ebf1	13	11	11	OmniPath_DoRothEA;TRRUST	normalized_exact	absent_from_frozen_graph		false	22B		true	1014	new_candidate	
mouse	Hsf2	hsf2	Hsf2	3	3	14	OmniPath_DoRothEA	normalized_exact	absent_from_frozen_graph		false	22B		true	1014	new_candidate	
mouse	Msx1	msx1	Msx1	13	13	11	TRRUST	normalized_exact	absent_from_frozen_graph		false	22B		true	1014	new_candidate	
mouse	Ncoa1	ncoa1	Ncoa1	12	12	11	TRRUST	normalized_exact	absent_from_frozen_graph		false	22B		true	1014	new_candidate	
human	NCOA3	ncoa3	NCOA3	8	8	12	OmniPath_DoRothEA;TRRUST	normalized_exact	absent_from_frozen_graph		false	22B		true	1014	new_candidate	
human	NKX2-5	nkx2-5	NKX2-5	10	10	12	OmniPath_DoRothEA;TRRUST	normalized_exact	absent_from_frozen_graph		false	22B		true	1014	new_candidate	
mouse	Nr4a2	nr4a2	Nr4a2	12	12	11	TRRUST	normalized_exact	absent_from_frozen_graph		false	22B		true	1014	new_candidate	
human	NR5A2	nr5a2	NR5A2	14	14	11	OmniPath_DoRothEA;TRRUST	normalized_exact	absent_from_frozen_graph		false	22B		true	1014	new_candidate	
mouse	Parp1	parp1	Parp1	12	12	11	TRRUST	normalized_exact	absent_from_frozen_graph		false	22B		true	1014	new_candidate	
human	PBX1	pbx1	PBX1	9	9	12	OmniPath_DoRothEA;TRRUST	normalized_exact	absent_from_frozen_graph		false	22B		true	1014	new_candidate	
mouse	Pou2af1	pou2af1	Pou2af1	14	14	11	TRRUST	normalized_exact	absent_from_frozen_graph		false	22B		true	1014	new_candidate	
human	PROX1	prox1	PROX1	13	13	11	OmniPath_DoRothEA;TRRUST	normalized_exact	absent_from_frozen_graph		false	22B		true	1014	new_candidate	
mouse	Xbp1	xbp1	Xbp1	14	14	11	TRRUST	normalized_exact	absent_from_frozen_graph		false	22B		true	1014	new_candidate	
mouse	Cebpe	cebpe	Cebpe	6	6	12	OmniPath_DoRothEA;TRRUST	normalized_exact	absent_from_frozen_graph		false	22B		true	1013	new_candidate	
human	ELF1	elf1	ELF1	11	11	11	OmniPath_DoRothEA;TRRUST	normalized_exact	absent_from_frozen_graph		false	22B		true	1013	new_candidate	
human	HEY1	hey1	HEY1	8	8	11	OmniPath_DoRothEA;TRRUST	normalized_exact	absent_from_frozen_graph		false	22B		true	1013	new_candidate	
human	MEF2D	mef2d	MEF2D	9	9	11	OmniPath_DoRothEA;TRRUST	normalized_exact	absent_from_frozen_graph		false	22B		true	1013	new_candidate	
human	MZF1	mzf1	MZF1	9	9	11	OmniPath_DoRothEA;TRRUST	normalized_exact	absent_from_frozen_graph		false	22B		true	1013	new_candidate	
human	OTX2	otx2	OTX2	15	15	10	OmniPath_DoRothEA;TRRUST	normalized_exact	absent_from_frozen_graph		false	22B		true	1013	new_candidate	
human	RARG	rarg	RARG	8	7	11	OmniPath_DoRothEA;TRRUST	normalized_exact	absent_from_frozen_graph		false	22B		true	1013	new_candidate	
mouse	Rarg	rarg	Rarg	7	6	12	OmniPath_DoRothEA;TRRUST	normalized_exact	absent_from_frozen_graph		false	22B		true	1013	new_candidate	
mouse	Sox17	sox17	Sox17	13	13	10	TRRUST	normalized_exact	absent_from_frozen_graph		false	22B		true	1013	new_candidate	
mouse	Spib	spib	Spib	9	8	11	OmniPath_DoRothEA;TRRUST	normalized_exact	absent_from_frozen_graph		false	22B		true	1013	new_candidate	
human	SRY	sry	SRY	7	7	12	TRRUST	normalized_exact	absent_from_frozen_graph		false	22B		true	1013	new_candidate	
mouse	Elk3	elk3	Elk3	4	4	11	OmniPath_DoRothEA;TRRUST	normalized_exact	absent_from_frozen_graph		false	22B		true	1012	new_candidate	
mouse	Elk4	elk4	Elk4	1	1	12	OmniPath_DoRothEA	normalized_exact	absent_from_frozen_graph		false	22B		true	1012	new_candidate	
mouse	Gabpa	gabpa	Gabpa	9	9	10	OmniPath_DoRothEA;TRRUST	normalized_exact	absent_from_frozen_graph		false	22B		true	1012	new_candidate	
human	GCM2	gcm2	GCM2	3	3	12	OmniPath_DoRothEA;TRRUST	normalized_exact	absent_from_frozen_graph		false	22B		true	1012	new_candidate	
mouse	Hdac2	hdac2	Hdac2	10	10	10	TRRUST	normalized_exact	absent_from_frozen_graph		false	22B		true	1012	new_candidate	
mouse	Ikbkb	ikbkb	Ikbkb	13	13	9	TRRUST	normalized_exact	absent_from_frozen_graph		false	22B		true	1012	new_candidate	
human	LHX3	lhx3	LHX3	6	6	11	OmniPath_DoRothEA;TRRUST	normalized_exact	absent_from_frozen_graph		false	22B		true	1012	new_candidate	
mouse	Lhx3	lhx3	Lhx3	5	5	11	OmniPath_DoRothEA;TRRUST	normalized_exact	absent_from_frozen_graph		false	22B		true	1012	new_candidate	
mouse	Mlxipl	mlxipl	Mlxipl	17	17	8	TRRUST	normalized_exact	absent_from_frozen_graph		false	22B		true	1012	new_candidate	
human	NFE2	nfe2	NFE2	7	7	11	OmniPath_DoRothEA;TRRUST	normalized_exact	absent_from_frozen_graph		false	22B		true	1012	new_candidate	
human	NFIA	nfia	NFIA	5	5	11	OmniPath_DoRothEA;TRRUST	normalized_exact	absent_from_frozen_graph		false	22B		true	1012	new_candidate	
mouse	Onecut1	onecut1	Onecut1	10	10	10	OmniPath_DoRothEA;TRRUST	normalized_exact	absent_from_frozen_graph		false	22B		true	1012	new_candidate	
mouse	Runx3	runx3	Runx3	9	9	10	TRRUST	normalized_exact	absent_from_frozen_graph		false	22B		true	1012	new_candidate	
human	SP2	sp2	SP2	13	12	9	OmniPath_DoRothEA;TRRUST	normalized_exact	absent_from_frozen_graph		false	22B		true	1012	new_candidate	
mouse	Ascl1	ascl1	Ascl1	10	10	9	OmniPath_DoRothEA;TRRUST	normalized_exact	absent_from_frozen_graph		false	22B		true	1011	new_candidate	
human	CDX1	cdx1	CDX1	11	11	9	OmniPath_DoRothEA;TRRUST	normalized_exact	absent_from_frozen_graph		false	22B		true	1011	new_candidate	
mouse	E2f6	e2f6	E2f6	7	6	10	OmniPath_DoRothEA	normalized_exact	absent_from_frozen_graph		false	22B		true	1011	new_candidate	
mouse	Egr3	egr3	Egr3	5	5	10	OmniPath_DoRothEA;TRRUST	normalized_exact	absent_from_frozen_graph		false	22B		true	1011	new_candidate	
human	EWSR1	ewsr1	EWSR1	9	9	9	TRRUST	normalized_exact	absent_from_frozen_graph		false	22B		true	1011	new_candidate	
mouse	Hoxb7	hoxb7	Hoxb7	1	1	11	OmniPath_DoRothEA	normalized_exact	absent_from_frozen_graph		false	22B		true	1011	new_candidate	
mouse	Id2	id2	Id2	11	11	9	TRRUST	normalized_exact	absent_from_frozen_graph		false	22B		true	1011	new_candidate	
human	ING4	ing4	ING4	16	16	7	TRRUST	normalized_exact	absent_from_frozen_graph		false	22B		true	1011	new_candidate	
human	KAT2B	kat2b	KAT2B	13	13	8	TRRUST	normalized_exact	absent_from_frozen_graph		false	22B		true	1011	new_candidate	
mouse	Men1	men1	Men1	10	10	9	TRRUST	normalized_exact	absent_from_frozen_graph		false	22B		true	1011	new_candidate	
human	MXD1	mxd1	MXD1	6	6	10	OmniPath_DoRothEA;TRRUST	normalized_exact	absent_from_frozen_graph		false	22B		true	1011	new_candidate	
human	MYBL2	mybl2	MYBL2	11	11	9	OmniPath_DoRothEA;TRRUST	normalized_exact	absent_from_frozen_graph		false	22B		true	1011	new_candidate	
human	POU3F2	pou3f2	POU3F2	10	10	9	OmniPath_DoRothEA;TRRUST	normalized_exact	absent_from_frozen_graph		false	22B		true	1011	new_candidate	
human	PTTG1	pttg1	PTTG1	16	16	7	TRRUST	normalized_exact	absent_from_frozen_graph		false	22B		true	1011	new_candidate	
mouse	Rbl2	rbl2	Rbl2	10	10	9	TRRUST	normalized_exact	absent_from_frozen_graph		false	22B		true	1011	new_candidate	
mouse	Sp2	sp2	Sp2	9	9	9	TRRUST	normalized_exact	absent_from_frozen_graph		false	22B		true	1011	new_candidate	
human	SPDEF	spdef	SPDEF	11	11	9	OmniPath_DoRothEA;TRRUST	normalized_exact	absent_from_frozen_graph		false	22B		true	1011	new_candidate	
human	ABL1	abl1	ABL1	12	12	7	TRRUST	normalized_exact	absent_from_frozen_graph		false	22B		true	1010	new_candidate	
human	ATF5	atf5	ATF5	9	9	8	OmniPath_DoRothEA;TRRUST	normalized_exact	absent_from_frozen_graph		false	22B		true	1010	new_candidate	
mouse	Foxc1	foxc1	Foxc1	9	9	8	TRRUST	normalized_exact	absent_from_frozen_graph		false	22B		true	1010	new_candidate	
mouse	Gfi1	gfi1	Gfi1	10	10	8	TRRUST	normalized_exact	absent_from_frozen_graph		false	22B		true	1010	new_candidate	
mouse	Hnf1b	hnf1b	Hnf1b	7	7	9	TRRUST	normalized_exact	absent_from_frozen_graph		false	22B		true	1010	new_candidate	
mouse	Hoxc8	hoxc8	Hoxc8	8	8	8	OmniPath_DoRothEA;TRRUST	normalized_exact	absent_from_frozen_graph		false	22B		true	1010	new_candidate	
human	KLF10	klf10	KLF10	8	8	8	OmniPath_DoRothEA;TRRUST	normalized_exact	absent_from_frozen_graph		false	22B		true	1010	new_candidate	
human	LMO2	lmo2	LMO2	10	10	8	TRRUST	normalized_exact	absent_from_frozen_graph		false	22B		true	1010	new_candidate	
mouse	Mafk	mafk	Mafk	5	5	9	OmniPath_DoRothEA;TRRUST	normalized_exact	absent_from_frozen_graph		false	22B		true	1010	new_candidate	
human	MBD1	mbd1	MBD1	8	8	8	OmniPath_DoRothEA;TRRUST	normalized_exact	absent_from_frozen_graph		false	22B		true	1010	new_candidate	
human	MEN1	men1	MEN1	11	11	8	TRRUST	normalized_exact	absent_from_frozen_graph		false	22B		true	1010	new_candidate	
mouse	Mta1	mta1	Mta1	9	9	8	TRRUST	normalized_exact	absent_from_frozen_graph		false	22B		true	1010	new_candidate	
mouse	Myf6	myf6	Myf6	9	9	8	OmniPath_DoRothEA;TRRUST	normalized_exact	absent_from_frozen_graph		false	22B		true	1010	new_candidate	
human	NKX3-1	nkx3-1	NKX3-1	10	10	8	TRRUST	normalized_exact	absent_from_frozen_graph		false	22B		true	1010	new_candidate	
human	NPAS2	npas2	NPAS2	8	8	8	OmniPath_DoRothEA;TRRUST	normalized_exact	absent_from_frozen_graph		false	22B		true	1010	new_candidate	
human	SMARCA4	smarca4	SMARCA4	9	9	8	TRRUST	normalized_exact	absent_from_frozen_graph		false	22B		true	1010	new_candidate	
mouse	Tcf12	tcf12	Tcf12	10	8	8	OmniPath_DoRothEA;TRRUST	normalized_exact	absent_from_frozen_graph		false	22B		true	1010	new_candidate	
mouse	Tfap2a	tfap2a	Tfap2a	10	10	8	TRRUST	normalized_exact	absent_from_frozen_graph		false	22B		true	1010	new_candidate	
human	TFCP2	tfcp2	TFCP2	10	10	8	OmniPath_DoRothEA;TRRUST	normalized_exact	absent_from_frozen_graph		false	22B		true	1010	new_candidate	
mouse	Thrb	thrb	Thrb	7	7	9	OmniPath_DoRothEA;TRRUST	normalized_exact	absent_from_frozen_graph		false	22B		true	1010	new_candidate	
mouse	Brca1	brca1	Brca1	8	8	7	TRRUST	normalized_exact	absent_from_frozen_graph		false	22B		true	1009	new_candidate	
human	DNMT3A	dnmt3a	DNMT3A	9	9	7	TRRUST	normalized_exact	absent_from_frozen_graph		false	22B		true	1009	new_candidate	
mouse	Dnmt3a	dnmt3a	Dnmt3a	9	9	7	TRRUST	normalized_exact	absent_from_frozen_graph		false	22B		true	1009	new_candidate	
mouse	Foxc2	foxc2	Foxc2	8	8	7	TRRUST	normalized_exact	absent_from_frozen_graph		false	22B		true	1009	new_candidate	
human	FOXD3	foxd3	FOXD3	9	9	7	OmniPath_DoRothEA;TRRUST	normalized_exact	absent_from_frozen_graph		false	22B		true	1009	new_candidate	
human	GABPA	gabpa	GABPA	8	7	7	OmniPath_DoRothEA;TRRUST	normalized_exact	absent_from_frozen_graph		false	22B		true	1009	new_candidate	
human	HBP1	hbp1	HBP1	7	7	8	OmniPath_DoRothEA;TRRUST	normalized_exact	absent_from_frozen_graph		false	22B		true	1009	new_candidate	
mouse	Hmga2	hmga2	Hmga2	8	8	7	TRRUST	normalized_exact	absent_from_frozen_graph		false	22B		true	1009	new_candidate	
human	HOXA9	hoxa9	HOXA9	9	9	7	TRRUST	normalized_exact	absent_from_frozen_graph		false	22B		true	1009	new_candidate	
mouse	Insm1	insm1	Insm1	8	8	7	OmniPath_DoRothEA;TRRUST	normalized_exact	absent_from_frozen_graph		false	22B		true	1009	new_candidate	
mouse	Irf2	irf2	Irf2	14	6	6	OmniPath_DoRothEA;TRRUST	normalized_exact	absent_from_frozen_graph		false	22B		true	1009	new_candidate	
mouse	Isl1	isl1	Isl1	8	8	7	TRRUST	normalized_exact	absent_from_frozen_graph		false	22B		true	1009	new_candidate	
mouse	Ldb1	ldb1	Ldb1	11	11	7	TRRUST	normalized_exact	absent_from_frozen_graph		false	22B		true	1009	new_candidate	
mouse	Mdm4	mdm4	Mdm4	2	2	9	TRRUST	normalized_exact	absent_from_frozen_graph		false	22B		true	1009	new_candidate	
human	NCOR1	ncor1	NCOR1	8	8	7	TRRUST	normalized_exact	absent_from_frozen_graph		false	22B		true	1009	new_candidate	
human	NFIL3	nfil3	NFIL3	11	11	7	OmniPath_DoRothEA;TRRUST	normalized_exact	absent_from_frozen_graph		false	22B		true	1009	new_candidate	
mouse	Nfyb	nfyb	Nfyb	11	7	7	OmniPath_DoRothEA;TRRUST	normalized_exact	absent_from_frozen_graph		false	22B		true	1009	new_candidate	
human	PHOX2B	phox2b	PHOX2B	7	7	8	TRRUST	normalized_exact	absent_from_frozen_graph		false	22B		true	1009	new_candidate	
mouse	Pitx1	pitx1	Pitx1	7	7	8	OmniPath_DoRothEA;TRRUST	normalized_exact	absent_from_frozen_graph		false	22B		true	1009	new_candidate	
human	PLAG1	plag1	PLAG1	6	6	8	OmniPath_DoRothEA;TRRUST	normalized_exact	absent_from_frozen_graph		false	22B		true	1009	new_candidate	
mouse	Pou4f1	pou4f1	Pou4f1	8	8	7	TRRUST	normalized_exact	absent_from_frozen_graph		false	22B		true	1009	new_candidate	
mouse	Skil	skil	Skil	6	6	8	OmniPath_DoRothEA;TRRUST	normalized_exact	absent_from_frozen_graph		false	22B		true	1009	new_candidate	
mouse	Sox4	sox4	Sox4	8	8	7	OmniPath_DoRothEA;TRRUST	normalized_exact	absent_from_frozen_graph		false	22B		true	1009	new_candidate	
mouse	Zbtb33	zbtb33	Zbtb33	18	6	5	OmniPath_DoRothEA;TRRUST	normalized_exact	absent_from_frozen_graph		false	22B		true	1009	new_candidate	
mouse	Zbtb7a	zbtb7a	Zbtb7a	9	8	7	OmniPath_DoRothEA;TRRUST	normalized_exact	absent_from_frozen_graph		false	22B		true	1009	new_candidate	
mouse	Apex1	apex1	Apex1	9	9	6	TRRUST	normalized_exact	absent_from_frozen_graph		false	22B		true	1008	new_candidate	
human	CEBPZ	cebpz	CEBPZ	9	9	6	OmniPath_DoRothEA;TRRUST	normalized_exact	absent_from_frozen_graph		false	22B		true	1008	new_candidate	
mouse	Cited2	cited2	Cited2	11	11	6	TRRUST	normalized_exact	absent_from_frozen_graph		false	22B		true	1008	new_candidate	
human	EGR3	egr3	EGR3	4	4	7	OmniPath_DoRothEA;TRRUST	normalized_exact	absent_from_frozen_graph		false	22B		true	1008	new_candidate	
human	ELK3	elk3	ELK3	2	2	8	OmniPath_DoRothEA;TRRUST	normalized_exact	absent_from_frozen_graph		false	22B		true	1008	new_candidate	
mouse	En1	en1	En1	5	5	7	OmniPath_DoRothEA;TRRUST	normalized_exact	absent_from_frozen_graph		false	22B		true	1008	new_candidate	
mouse	Gfi1b	gfi1b	Gfi1b	9	9	6	TRRUST	normalized_exact	absent_from_frozen_graph		false	22B		true	1008	new_candidate	
mouse	Hmga1	hmga1	Hmga1	5	5	7	OmniPath_DoRothEA;TRRUST	normalized_exact	absent_from_frozen_graph		false	22B		true	1008	new_candidate	
human	ILF3	ilf3	ILF3	8	8	6	TRRUST	normalized_exact	absent_from_frozen_graph		false	22B		true	1008	new_candidate	
mouse	Kcnip3	kcnip3	Kcnip3	8	8	6	TRRUST	normalized_exact	absent_from_frozen_graph		false	22B		true	1008	new_candidate	
mouse	Klf15	klf15	Klf15	6	6	7	OmniPath_DoRothEA;TRRUST	normalized_exact	absent_from_frozen_graph		false	22B		true	1008	new_candidate	
mouse	Meis1	meis1	Meis1	7	7	7	TRRUST	normalized_exact	absent_from_frozen_graph		false	22B		true	1008	new_candidate	
human	MSC	msc	MSC	13	13	5	OmniPath_DoRothEA;TRRUST	normalized_exact	absent_from_frozen_graph		false	22B		true	1008	new_candidate	
human	MYOD1	myod1	MYOD1	5	5	7	OmniPath_DoRothEA;TRRUST	normalized_exact	absent_from_frozen_graph		false	22B		true	1008	new_candidate	
human	NR0B2	nr0b2	NR0B2	9	9	6	TRRUST	normalized_exact	absent_from_frozen_graph		false	22B		true	1008	new_candidate	
mouse	Nr2f6	nr2f6	Nr2f6	7	5	7	OmniPath_DoRothEA;TRRUST	normalized_exact	absent_from_frozen_graph		false	22B		true	1008	new_candidate	
human	PBX2	pbx2	PBX2	8	7	6	OmniPath_DoRothEA;TRRUST	normalized_exact	absent_from_frozen_graph		false	22B		true	1008	new_candidate	
mouse	Pou3f1	pou3f1	Pou3f1	7	7	7	OmniPath_DoRothEA;TRRUST	normalized_exact	absent_from_frozen_graph		false	22B		true	1008	new_candidate	
human	RARB	rarb	RARB	7	6	7	OmniPath_DoRothEA;TRRUST	normalized_exact	absent_from_frozen_graph		false	22B		true	1008	new_candidate	
mouse	Rarb	rarb	Rarb	6	5	7	OmniPath_DoRothEA;TRRUST	normalized_exact	absent_from_frozen_graph		false	22B		true	1008	new_candidate	
human	SALL4	sall4	SALL4	9	9	6	OmniPath_DoRothEA;TRRUST	normalized_exact	absent_from_frozen_graph		false	22B		true	1008	new_candidate	
mouse	Sall4	sall4	Sall4	7	7	7	OmniPath_DoRothEA;TRRUST	normalized_exact	absent_from_frozen_graph		false	22B		true	1008	new_candidate	
mouse	Sin3a	sin3a	Sin3a	7	7	7	TRRUST	normalized_exact	absent_from_frozen_graph		false	22B		true	1008	new_candidate	
mouse	Sp4	sp4	Sp4	8	8	6	TRRUST	normalized_exact	absent_from_frozen_graph		false	22B		true	1008	new_candidate	
mouse	Tbx3	tbx3	Tbx3	10	10	6	TRRUST	normalized_exact	absent_from_frozen_graph		false	22B		true	1008	new_candidate	
mouse	Apc	apc	Apc	5	5	6	TRRUST	normalized_exact	absent_from_frozen_graph		false	22B		true	1007	new_candidate	
human	ARNTL	arntl	ARNTL	10	10	5	TRRUST	normalized_exact	absent_from_frozen_graph		false	22B		true	1007	new_candidate	
human	BCL3	bcl3	BCL3	6	6	6	TRRUST	normalized_exact	absent_from_frozen_graph		false	22B		true	1007	new_candidate	
human	BMAL2	bmal2	BMAL2	1	1	7	OmniPath_DoRothEA	normalized_exact	absent_from_frozen_graph		false	22B		true	1007	new_candidate	
mouse	Bmal2	bmal2	Bmal2	1	1	7	OmniPath_DoRothEA	normalized_exact	absent_from_frozen_graph		false	22B		true	1007	new_candidate	
human	BRCA2	brca2	BRCA2	4	4	6	TRRUST	normalized_exact	absent_from_frozen_graph		false	22B		true	1007	new_candidate	
human	CRX	crx	CRX	7	7	6	TRRUST	normalized_exact	absent_from_frozen_graph		false	22B		true	1007	new_candidate	
mouse	Dlx3	dlx3	Dlx3	6	6	6	TRRUST	normalized_exact	absent_from_frozen_graph		false	22B		true	1007	new_candidate	
mouse	E2f3	e2f3	E2f3	7	7	6	TRRUST	normalized_exact	absent_from_frozen_graph		false	22B		true	1007	new_candidate	
human	E2F7	e2f7	E2F7	5	3	6	OmniPath_DoRothEA;TRRUST	normalized_exact	absent_from_frozen_graph		false	22B		true	1007	new_candidate	
mouse	E2f7	e2f7	E2f7	4	2	6	OmniPath_DoRothEA	normalized_exact	absent_from_frozen_graph		false	22B		true	1007	new_candidate	
mouse	Foxh1	foxh1	Foxh1	6	6	6	TRRUST	normalized_exact	absent_from_frozen_graph		false	22B		true	1007	new_candidate	
mouse	Hdac3	hdac3	Hdac3	7	7	6	TRRUST	normalized_exact	absent_from_frozen_graph		false	22B		true	1007	new_candidate	
human	HMGA2	hmga2	HMGA2	5	5	6	TRRUST	normalized_exact	absent_from_frozen_graph		false	22B		true	1007	new_candidate	
mouse	Hoxa5	hoxa5	Hoxa5	6	6	6	OmniPath_DoRothEA;TRRUST	normalized_exact	absent_from_frozen_graph		false	22B		true	1007	new_candidate	
mouse	Klf10	klf10	Klf10	5	5	6	OmniPath_DoRothEA;TRRUST	normalized_exact	absent_from_frozen_graph		false	22B		true	1007	new_candidate	
human	KLF15	klf15	KLF15	6	6	6	OmniPath_DoRothEA;TRRUST	normalized_exact	absent_from_frozen_graph		false	22B		true	1007	new_candidate	
human	KLF8	klf8	KLF8	8	8	5	TRRUST	normalized_exact	absent_from_frozen_graph		false	22B		true	1007	new_candidate	
mouse	Lhx2	lhx2	Lhx2	7	7	6	TRRUST	normalized_exact	absent_from_frozen_graph		false	22B		true	1007	new_candidate	
mouse	Meis2	meis2	Meis2	10	7	5	OmniPath_DoRothEA;TRRUST	normalized_exact	absent_from_frozen_graph		false	22B		true	1007	new_candidate	
human	MSX2	msx2	MSX2	7	7	6	TRRUST	normalized_exact	absent_from_frozen_graph		false	22B		true	1007	new_candidate	
mouse	Ncoa2	ncoa2	Ncoa2	6	6	6	TRRUST	normalized_exact	absent_from_frozen_graph		false	22B		true	1007	new_candidate	
mouse	Ncoa3	ncoa3	Ncoa3	9	9	5	TRRUST	normalized_exact	absent_from_frozen_graph		false	22B		true	1007	new_candidate	
human	NCOR2	ncor2	NCOR2	6	6	6	TRRUST	normalized_exact	absent_from_frozen_graph		false	22B		true	1007	new_candidate	
human	NR2F6	nr2f6	NR2F6	9	7	5	OmniPath_DoRothEA;TRRUST	normalized_exact	absent_from_frozen_graph		false	22B		true	1007	new_candidate	
mouse	Otx2	otx2	Otx2	7	7	6	TRRUST	normalized_exact	absent_from_frozen_graph		false	22B		true	1007	new_candidate	
human	RBL1	rbl1	RBL1	5	5	6	TRRUST	normalized_exact	absent_from_frozen_graph		false	22B		true	1007	new_candidate	
mouse	Rbl1	rbl1	Rbl1	6	6	6	TRRUST	normalized_exact	absent_from_frozen_graph		false	22B		true	1007	new_candidate	
human	SKI	ski	SKI	3	3	7	OmniPath_DoRothEA;TRRUST	normalized_exact	absent_from_frozen_graph		false	22B		true	1007	new_candidate	
human	SOX4	sox4	SOX4	10	10	5	OmniPath_DoRothEA;TRRUST	normalized_exact	absent_from_frozen_graph		false	22B		true	1007	new_candidate	
mouse	Sox5	sox5	Sox5	6	6	6	TRRUST	normalized_exact	absent_from_frozen_graph		false	22B		true	1007	new_candidate	
mouse	Sox6	sox6	Sox6	6	5	6	OmniPath_DoRothEA;TRRUST	normalized_exact	absent_from_frozen_graph		false	22B		true	1007	new_candidate	
human	SPIB	spib	SPIB	7	6	6	OmniPath_DoRothEA;TRRUST	normalized_exact	absent_from_frozen_graph		false	22B		true	1007	new_candidate	
human	TFAP2B	tfap2b	TFAP2B	7	7	6	OmniPath_DoRothEA;TRRUST	normalized_exact	absent_from_frozen_graph		false	22B		true	1007	new_candidate	
mouse	Znf148	znf148	Znf148	3	3	7	OmniPath_DoRothEA	normalized_exact	absent_from_frozen_graph		false	22B		true	1007	new_candidate	
human	APEX1	apex1	APEX1	7	7	5	TRRUST	normalized_exact	absent_from_frozen_graph		false	22B		true	1006	new_candidate	
human	ASCL1	ascl1	ASCL1	8	8	4	OmniPath_DoRothEA;TRRUST	normalized_exact	absent_from_frozen_graph		false	22B		true	1006	new_candidate	
mouse	Atoh1	atoh1	Atoh1	5	5	5	OmniPath_DoRothEA;TRRUST	normalized_exact	absent_from_frozen_graph		false	22B		true	1006	new_candidate	
human	BTG2	btg2	BTG2	4	4	5	TRRUST	normalized_exact	absent_from_frozen_graph		false	22B		true	1006	new_candidate	
mouse	Cdx1	cdx1	Cdx1	5	5	5	OmniPath_DoRothEA;TRRUST	normalized_exact	absent_from_frozen_graph		false	22B		true	1006	new_candidate	
human	DLX5	dlx5	DLX5	5	5	5	TRRUST	normalized_exact	absent_from_frozen_graph		false	22B		true	1006	new_candidate	
mouse	Ehmt2	ehmt2	Ehmt2	6	6	5	TRRUST	normalized_exact	absent_from_frozen_graph		false	22B		true	1006	new_candidate	
human	ELF4	elf4	ELF4	6	6	5	TRRUST	normalized_exact	absent_from_frozen_graph		false	22B		true	1006	new_candidate	
mouse	Eomes	eomes	Eomes	6	6	5	TRRUST	normalized_exact	absent_from_frozen_graph		false	22B		true	1006	new_candidate	
mouse	Etv1	etv1	Etv1	5	5	5	TRRUST	normalized_exact	absent_from_frozen_graph		false	22B		true	1006	new_candidate	
mouse	Foxg1	foxg1	Foxg1	8	8	4	TRRUST	normalized_exact	absent_from_frozen_graph		false	22B		true	1006	new_candidate	
human	GLI3	gli3	GLI3	4	4	5	OmniPath_DoRothEA;TRRUST	normalized_exact	absent_from_frozen_graph		false	22B		true	1006	new_candidate	
mouse	Hand2	hand2	Hand2	6	6	5	TRRUST	normalized_exact	absent_from_frozen_graph		false	22B		true	1006	new_candidate	
human	HDGF	hdgf	HDGF	6	6	5	TRRUST	normalized_exact	absent_from_frozen_graph		false	22B		true	1006	new_candidate	
human	HOXA5	hoxa5	HOXA5	7	7	5	OmniPath_DoRothEA;TRRUST	normalized_exact	absent_from_frozen_graph		false	22B		true	1006	new_candidate	
human	ING1	ing1	ING1	7	7	5	TRRUST	normalized_exact	absent_from_frozen_graph		false	22B		true	1006	new_candidate	
human	INSM1	insm1	INSM1	3	3	6	OmniPath_DoRothEA	normalized_exact	absent_from_frozen_graph		false	22B		true	1006	new_candidate	
mouse	Kat2b	kat2b	Kat2b	5	5	5	TRRUST	normalized_exact	absent_from_frozen_graph		false	22B		true	1006	new_candidate	
human	KAT5	kat5	KAT5	5	5	5	TRRUST	normalized_exact	absent_from_frozen_graph		false	22B		true	1006	new_candidate	
mouse	Kat5	kat5	Kat5	6	6	5	TRRUST	normalized_exact	absent_from_frozen_graph		false	22B		true	1006	new_candidate	
mouse	Klf1	klf1	Klf1	5	5	5	TRRUST	normalized_exact	absent_from_frozen_graph		false	22B		true	1006	new_candidate	
human	LHX4	lhx4	LHX4	7	6	5	OmniPath_DoRothEA;TRRUST	normalized_exact	absent_from_frozen_graph		false	22B		true	1006	new_candidate	
mouse	Lhx4	lhx4	Lhx4	5	4	5	OmniPath_DoRothEA	normalized_exact	absent_from_frozen_graph		false	22B		true	1006	new_candidate	
human	LMO4	lmo4	LMO4	6	6	5	TRRUST	normalized_exact	absent_from_frozen_graph		false	22B		true	1006	new_candidate	
human	LMX1B	lmx1b	LMX1B	6	6	5	TRRUST	normalized_exact	absent_from_frozen_graph		false	22B		true	1006	new_candidate	
mouse	Lmx1b	lmx1b	Lmx1b	7	7	5	TRRUST	normalized_exact	absent_from_frozen_graph		false	22B		true	1006	new_candidate	
human	LYL1	lyl1	LYL1	8	5	4	OmniPath_DoRothEA;TRRUST	normalized_exact	absent_from_frozen_graph		false	22B		true	1006	new_candidate	
human	MAFG	mafg	MAFG	4	3	5	OmniPath_DoRothEA;TRRUST	normalized_exact	absent_from_frozen_graph		false	22B		true	1006	new_candidate	
mouse	Mafg	mafg	Mafg	3	3	6	OmniPath_DoRothEA;TRRUST	normalized_exact	absent_from_frozen_graph		false	22B		true	1006	new_candidate	
mouse	Maz	maz	Maz	4	4	5	TRRUST	normalized_exact	absent_from_frozen_graph		false	22B		true	1006	new_candidate	
human	MED1	med1	MED1	5	5	5	TRRUST	normalized_exact	absent_from_frozen_graph		false	22B		true	1006	new_candidate	
human	MEIS1	meis1	MEIS1	4	4	5	TRRUST	normalized_exact	absent_from_frozen_graph		false	22B		true	1006	new_candidate	
human	MTF1	mtf1	MTF1	7	7	5	TRRUST	normalized_exact	absent_from_frozen_graph		false	22B		true	1006	new_candidate	
mouse	Myocd	myocd	Myocd	4	4	5	TRRUST	normalized_exact	absent_from_frozen_graph		false	22B		true	1006	new_candidate	
mouse	Ncor1	ncor1	Ncor1	5	5	5	TRRUST	normalized_exact	absent_from_frozen_graph		false	22B		true	1006	new_candidate	
mouse	Nkx2-2	nkx2-2	Nkx2-2	5	5	5	TRRUST	normalized_exact	absent_from_frozen_graph		false	22B		true	1006	new_candidate	
mouse	Nr2e1	nr2e1	Nr2e1	4	2	5	OmniPath_DoRothEA;TRRUST	normalized_exact	absent_from_frozen_graph		false	22B		true	1006	new_candidate	
mouse	Nr2f1	nr2f1	Nr2f1	4	4	5	TRRUST	normalized_exact	absent_from_frozen_graph		false	22B		true	1006	new_candidate	
human	NR4A2	nr4a2	NR4A2	5	5	5	TRRUST	normalized_exact	absent_from_frozen_graph		false	22B		true	1006	new_candidate	
human	PIAS1	pias1	PIAS1	6	6	5	TRRUST	normalized_exact	absent_from_frozen_graph		false	22B		true	1006	new_candidate	
mouse	Pitx3	pitx3	Pitx3	6	6	5	TRRUST	normalized_exact	absent_from_frozen_graph		false	22B		true	1006	new_candidate	
human	PLAGL2	plagl2	PLAGL2	4	4	5	TRRUST	normalized_exact	absent_from_frozen_graph		false	22B		true	1006	new_candidate	
human	PPARGC1A	ppargc1a	PPARGC1A	9	9	4	TRRUST	normalized_exact	absent_from_frozen_graph		false	22B		true	1006	new_candidate	
human	PURA	pura	PURA	5	5	5	OmniPath_DoRothEA;TRRUST	normalized_exact	absent_from_frozen_graph		false	22B		true	1006	new_candidate	
human	SFPQ	sfpq	SFPQ	6	6	5	TRRUST	normalized_exact	absent_from_frozen_graph		false	22B		true	1006	new_candidate	
mouse	Spdef	spdef	Spdef	7	7	5	OmniPath_DoRothEA;TRRUST	normalized_exact	absent_from_frozen_graph		false	22B		true	1006	new_candidate	
mouse	Sry	sry	Sry	3	3	6	TRRUST	normalized_exact	absent_from_frozen_graph		false	22B		true	1006	new_candidate	
human	THRB	thrb	THRB	5	5	5	OmniPath_DoRothEA;TRRUST	normalized_exact	absent_from_frozen_graph		false	22B		true	1006	new_candidate	
mouse	Trps1	trps1	Trps1	5	5	5	TRRUST	normalized_exact	absent_from_frozen_graph		false	22B		true	1006	new_candidate	
mouse	Twist2	twist2	Twist2	7	7	5	TRRUST	normalized_exact	absent_from_frozen_graph		false	22B		true	1006	new_candidate	
human	AATF	aatf	AATF	5	5	4	TRRUST	normalized_exact	absent_from_frozen_graph		false	22B		true	1005	new_candidate	
mouse	Aatf	aatf	Aatf	6	6	4	TRRUST	normalized_exact	absent_from_frozen_graph		false	22B		true	1005	new_candidate	
human	ARID3A	arid3a	ARID3A	8	6	3	OmniPath_DoRothEA;TRRUST	normalized_exact	absent_from_frozen_graph		false	22B		true	1005	new_candidate	
mouse	Atm	atm	Atm	4	4	4	TRRUST	normalized_exact	absent_from_frozen_graph		false	22B		true	1005	new_candidate	
human	BACH2	bach2	BACH2	5	4	4	OmniPath_DoRothEA;TRRUST	normalized_exact	absent_from_frozen_graph		false	22B		true	1005	new_candidate	
mouse	Cebpg	cebpg	Cebpg	4	4	4	OmniPath_DoRothEA;TRRUST	normalized_exact	absent_from_frozen_graph		false	22B		true	1005	new_candidate	
mouse	Dach1	dach1	Dach1	7	7	4	TRRUST	normalized_exact	absent_from_frozen_graph		false	22B		true	1005	new_candidate	
mouse	Daxx	daxx	Daxx	5	5	4	TRRUST	normalized_exact	absent_from_frozen_graph		false	22B		true	1005	new_candidate	
human	DBP	dbp	DBP	4	4	4	TRRUST	normalized_exact	absent_from_frozen_graph		false	22B		true	1005	new_candidate	
human	E2F5	e2f5	E2F5	4	4	4	OmniPath_DoRothEA;TRRUST	normalized_exact	absent_from_frozen_graph		false	22B		true	1005	new_candidate	
human	E2F8	e2f8	E2F8	3	3	5	OmniPath_DoRothEA;TRRUST	normalized_exact	absent_from_frozen_graph		false	22B		true	1005	new_candidate	
mouse	E4f1	e4f1	E4f1	3	3	5	OmniPath_DoRothEA;TRRUST	normalized_exact	absent_from_frozen_graph		false	22B		true	1005	new_candidate	
human	EHMT2	ehmt2	EHMT2	4	4	4	TRRUST	normalized_exact	absent_from_frozen_graph		false	22B		true	1005	new_candidate	
human	ETV6	etv6	ETV6	5	5	4	TRRUST	normalized_exact	absent_from_frozen_graph		false	22B		true	1005	new_candidate	
human	FOSB	fosb	FOSB	4	4	4	TRRUST	normalized_exact	absent_from_frozen_graph		false	22B		true	1005	new_candidate	
mouse	Gbx2	gbx2	Gbx2	6	6	4	TRRUST	normalized_exact	absent_from_frozen_graph		false	22B		true	1005	new_candidate	
human	GTF2I	gtf2i	GTF2I	4	4	4	OmniPath_DoRothEA;TRRUST	normalized_exact	absent_from_frozen_graph		false	22B		true	1005	new_candidate	
human	HAND2	hand2	HAND2	4	4	4	TRRUST	normalized_exact	absent_from_frozen_graph		false	22B		true	1005	new_candidate	
mouse	Hey1	hey1	Hey1	6	6	4	TRRUST	normalized_exact	absent_from_frozen_graph		false	22B		true	1005	new_candidate	
mouse	Hey2	hey2	Hey2	7	7	4	OmniPath_DoRothEA;TRRUST	normalized_exact	absent_from_frozen_graph		false	22B		true	1005	new_candidate	
human	HHEX	hhex	HHEX	5	5	4	OmniPath_DoRothEA;TRRUST	normalized_exact	absent_from_frozen_graph		false	22B		true	1005	new_candidate	
mouse	Hlf	hlf	Hlf	4	4	4	OmniPath_DoRothEA;TRRUST	normalized_exact	absent_from_frozen_graph		false	22B		true	1005	new_candidate	
human	HOXA1	hoxa1	HOXA1	7	7	4	TRRUST	normalized_exact	absent_from_frozen_graph		false	22B		true	1005	new_candidate	
mouse	Hoxa9	hoxa9	Hoxa9	6	6	4	TRRUST	normalized_exact	absent_from_frozen_graph		false	22B		true	1005	new_candidate	
human	HSF4	hsf4	HSF4	5	5	4	TRRUST	normalized_exact	absent_from_frozen_graph		false	22B		true	1005	new_candidate	
human	IKBKB	ikbkb	IKBKB	6	6	4	TRRUST	normalized_exact	absent_from_frozen_graph		false	22B		true	1005	new_candidate	
mouse	Jdp2	jdp2	Jdp2	4	4	4	TRRUST	normalized_exact	absent_from_frozen_graph		false	22B		true	1005	new_candidate	
mouse	Klf6	klf6	Klf6	4	4	4	TRRUST	normalized_exact	absent_from_frozen_graph		false	22B		true	1005	new_candidate	
mouse	Lmo2	lmo2	Lmo2	4	4	4	TRRUST	normalized_exact	absent_from_frozen_graph		false	22B		true	1005	new_candidate	
mouse	Mafb	mafb	Mafb	7	5	4	OmniPath_DoRothEA;TRRUST	normalized_exact	absent_from_frozen_graph		false	22B		true	1005	new_candidate	
human	MAFK	mafk	MAFK	2	2	5	OmniPath_DoRothEA;TRRUST	normalized_exact	absent_from_frozen_graph		false	22B		true	1005	new_candidate	
mouse	Med1	med1	Med1	4	4	4	TRRUST	normalized_exact	absent_from_frozen_graph		false	22B		true	1005	new_candidate	
human	MKL1	mkl1	MKL1	4	4	4	TRRUST	normalized_exact	absent_from_frozen_graph		false	22B		true	1005	new_candidate	
mouse	Mkl1	mkl1	Mkl1	4	4	4	TRRUST	normalized_exact	absent_from_frozen_graph		false	22B		true	1005	new_candidate	
human	MSX1	msx1	MSX1	6	6	4	TRRUST	normalized_exact	absent_from_frozen_graph		false	22B		true	1005	new_candidate	
mouse	Mxi1	mxi1	Mxi1	7	3	4	OmniPath_DoRothEA;TRRUST	normalized_exact	absent_from_frozen_graph		false	22B		true	1005	new_candidate	
human	NCOA4	ncoa4	NCOA4	4	4	4	TRRUST	normalized_exact	absent_from_frozen_graph		false	22B		true	1005	new_candidate	
mouse	Ncor2	ncor2	Ncor2	5	5	4	TRRUST	normalized_exact	absent_from_frozen_graph		false	22B		true	1005	new_candidate	
mouse	Nr2c2	nr2c2	Nr2c2	8	3	3	OmniPath_DoRothEA;TRRUST	normalized_exact	absent_from_frozen_graph		false	22B		true	1005	new_candidate	
human	NR2E1	nr2e1	NR2E1	3	1	5	OmniPath_DoRothEA	normalized_exact	absent_from_frozen_graph		false	22B		true	1005	new_candidate	
mouse	Nrip1	nrip1	Nrip1	4	4	4	TRRUST	normalized_exact	absent_from_frozen_graph		false	22B		true	1005	new_candidate	
mouse	Phox2b	phox2b	Phox2b	5	5	4	TRRUST	normalized_exact	absent_from_frozen_graph		false	22B		true	1005	new_candidate	
human	PIAS2	pias2	PIAS2	4	4	4	TRRUST	normalized_exact	absent_from_frozen_graph		false	22B		true	1005	new_candidate	
human	PIAS3	pias3	PIAS3	4	4	4	TRRUST	normalized_exact	absent_from_frozen_graph		false	22B		true	1005	new_candidate	
mouse	Plag1	plag1	Plag1	7	7	4	OmniPath_DoRothEA;TRRUST	normalized_exact	absent_from_frozen_graph		false	22B		true	1005	new_candidate	
human	POU2AF1	pou2af1	POU2AF1	5	5	4	TRRUST	normalized_exact	absent_from_frozen_graph		false	22B		true	1005	new_candidate	
mouse	Pou2f3	pou2f3	Pou2f3	10	10	3	OmniPath_DoRothEA;TRRUST	normalized_exact	absent_from_frozen_graph		false	22B		true	1005	new_candidate	
mouse	Pou3f2	pou3f2	Pou3f2	5	5	4	OmniPath_DoRothEA;TRRUST	normalized_exact	absent_from_frozen_graph		false	22B		true	1005	new_candidate	
mouse	Ptf1a	ptf1a	Ptf1a	4	4	4	TRRUST	normalized_exact	absent_from_frozen_graph		false	22B		true	1005	new_candidate	
human	RBL2	rbl2	RBL2	4	4	4	TRRUST	normalized_exact	absent_from_frozen_graph		false	22B		true	1005	new_candidate	
human	RFXANK	rfxank	RFXANK	15	15	2	TRRUST	normalized_exact	absent_from_frozen_graph		false	22B		true	1005	new_candidate	
human	RFXAP	rfxap	RFXAP	15	15	2	TRRUST	normalized_exact	absent_from_frozen_graph		false	22B		true	1005	new_candidate	
mouse	Satb1	satb1	Satb1	6	6	4	TRRUST	normalized_exact	absent_from_frozen_graph		false	22B		true	1005	new_candidate	
mouse	Shox2	shox2	Shox2	4	4	4	TRRUST	normalized_exact	absent_from_frozen_graph		false	22B		true	1005	new_candidate	
mouse	Six2	six2	Six2	6	5	4	OmniPath_DoRothEA;TRRUST	normalized_exact	absent_from_frozen_graph		false	22B		true	1005	new_candidate	
human	SMAD5	smad5	SMAD5	1	1	5	OmniPath_DoRothEA	normalized_exact	absent_from_frozen_graph		false	22B		true	1005	new_candidate	
human	SOX6	sox6	SOX6	8	7	3	OmniPath_DoRothEA;TRRUST	normalized_exact	absent_from_frozen_graph		false	22B		true	1005	new_candidate	
mouse	Sox8	sox8	Sox8	5	4	4	OmniPath_DoRothEA;TRRUST	normalized_exact	absent_from_frozen_graph		false	22B		true	1005	new_candidate	
mouse	Spic	spic	Spic	5	5	4	TRRUST	normalized_exact	absent_from_frozen_graph		false	22B		true	1005	new_candidate	
mouse	Suz12	suz12	Suz12	4	4	4	TRRUST	normalized_exact	absent_from_frozen_graph		false	22B		true	1005	new_candidate	
mouse	Tcf7	tcf7	Tcf7	4	4	4	TRRUST	normalized_exact	absent_from_frozen_graph		false	22B		true	1005	new_candidate	
mouse	Tead2	tead2	Tead2	5	3	4	OmniPath_DoRothEA;TRRUST	normalized_exact	absent_from_frozen_graph		false	22B		true	1005	new_candidate	
mouse	Tead4	tead4	Tead4	4	4	4	TRRUST	normalized_exact	absent_from_frozen_graph		false	22B		true	1005	new_candidate	
mouse	Vezf1	vezf1	Vezf1	5	5	4	TRRUST	normalized_exact	absent_from_frozen_graph		false	22B		true	1005	new_candidate	
human	XPC	xpc	XPC	4	4	4	TRRUST	normalized_exact	absent_from_frozen_graph		false	22B		true	1005	new_candidate	
human	ZIC2	zic2	ZIC2	4	4	4	OmniPath_DoRothEA;TRRUST	normalized_exact	absent_from_frozen_graph		false	22B		true	1005	new_candidate	
mouse	Zic2	zic2	Zic2	5	5	4	TRRUST	normalized_exact	absent_from_frozen_graph		false	22B		true	1005	new_candidate	
mouse	Bach2	bach2	Bach2	2	2	4	OmniPath_DoRothEA;TRRUST	normalized_exact	absent_from_frozen_graph		false	22B		true	1004	new_candidate	
mouse	Barx2	barx2	Barx2	4	4	3	TRRUST	normalized_exact	absent_from_frozen_graph		false	22B		true	1004	new_candidate	
human	CHD8	chd8	CHD8	5	5	3	TRRUST	normalized_exact	absent_from_frozen_graph		false	22B		true	1004	new_candidate	
human	DMAP1	dmap1	DMAP1	4	4	3	TRRUST	normalized_exact	absent_from_frozen_graph		false	22B		true	1004	new_candidate	
mouse	E2f8	e2f8	E2f8	2	2	4	OmniPath_DoRothEA;TRRUST	normalized_exact	absent_from_frozen_graph		false	22B		true	1004	new_candidate	
human	E4F1	e4f1	E4F1	3	3	4	OmniPath_DoRothEA;TRRUST	normalized_exact	absent_from_frozen_graph		false	22B		true	1004	new_candidate	
human	ELF2	elf2	ELF2	3	3	4	OmniPath_DoRothEA;TRRUST	normalized_exact	absent_from_frozen_graph		false	22B		true	1004	new_candidate	
mouse	Elf2	elf2	Elf2	2	2	4	OmniPath_DoRothEA;TRRUST	normalized_exact	absent_from_frozen_graph		false	22B		true	1004	new_candidate	
human	ERF	erf	ERF	4	4	3	OmniPath_DoRothEA;TRRUST	normalized_exact	absent_from_frozen_graph		false	22B		true	1004	new_candidate	
mouse	Esrrg	esrrg	Esrrg	4	4	3	TRRUST	normalized_exact	absent_from_frozen_graph		false	22B		true	1004	new_candidate	
human	FOXA3	foxa3	FOXA3	5	5	3	OmniPath_DoRothEA;TRRUST	normalized_exact	absent_from_frozen_graph		false	22B		true	1004	new_candidate	
mouse	Foxa3	foxa3	Foxa3	6	6	3	OmniPath_DoRothEA;TRRUST	normalized_exact	absent_from_frozen_graph		false	22B		true	1004	new_candidate	
mouse	Foxp1	foxp1	Foxp1	6	6	3	TRRUST	normalized_exact	absent_from_frozen_graph		false	22B		true	1004	new_candidate	
human	FOXQ1	foxq1	FOXQ1	6	6	3	TRRUST	normalized_exact	absent_from_frozen_graph		false	22B		true	1004	new_candidate	
human	FUS	fus	FUS	4	4	3	TRRUST	normalized_exact	absent_from_frozen_graph		false	22B		true	1004	new_candidate	
mouse	Gsc	gsc	Gsc	4	4	3	TRRUST	normalized_exact	absent_from_frozen_graph		false	22B		true	1004	new_candidate	
human	HDAC11	hdac11	HDAC11	5	5	3	TRRUST	normalized_exact	absent_from_frozen_graph		false	22B		true	1004	new_candidate	
mouse	Hhex	hhex	Hhex	3	3	4	OmniPath_DoRothEA;TRRUST	normalized_exact	absent_from_frozen_graph		false	22B		true	1004	new_candidate	
mouse	Irf9	irf9	Irf9	4	4	3	TRRUST	normalized_exact	absent_from_frozen_graph		false	22B		true	1004	new_candidate	
mouse	Jarid2	jarid2	Jarid2	2	2	4	TRRUST	normalized_exact	absent_from_frozen_graph		false	22B		true	1004	new_candidate	
human	KLF12	klf12	KLF12	3	3	4	OmniPath_DoRothEA;TRRUST	normalized_exact	absent_from_frozen_graph		false	22B		true	1004	new_candidate	
mouse	Klf3	klf3	Klf3	6	6	3	TRRUST	normalized_exact	absent_from_frozen_graph		false	22B		true	1004	new_candidate	
human	MDM4	mdm4	MDM4	1	1	4	TRRUST	normalized_exact	absent_from_frozen_graph		false	22B		true	1004	new_candidate	
mouse	Msc	msc	Msc	4	4	3	OmniPath_DoRothEA;TRRUST	normalized_exact	absent_from_frozen_graph		false	22B		true	1004	new_candidate	
mouse	Nab1	nab1	Nab1	4	4	3	TRRUST	normalized_exact	absent_from_frozen_graph		false	22B		true	1004	new_candidate	
mouse	Nab2	nab2	Nab2	4	4	3	TRRUST	normalized_exact	absent_from_frozen_graph		false	22B		true	1004	new_candidate	
human	NCOA6	ncoa6	NCOA6	4	4	3	TRRUST	normalized_exact	absent_from_frozen_graph		false	22B		true	1004	new_candidate	
human	NUPR1	nupr1	NUPR1	6	6	3	TRRUST	normalized_exact	absent_from_frozen_graph		false	22B		true	1004	new_candidate	
mouse	Nupr1	nupr1	Nupr1	6	6	3	TRRUST	normalized_exact	absent_from_frozen_graph		false	22B		true	1004	new_candidate	
mouse	Pax4	pax4	Pax4	4	4	3	TRRUST	normalized_exact	absent_from_frozen_graph		false	22B		true	1004	new_candidate	
mouse	Pbx2	pbx2	Pbx2	5	4	3	OmniPath_DoRothEA;TRRUST	normalized_exact	absent_from_frozen_graph		false	22B		true	1004	new_candidate	
mouse	Pcgf2	pcgf2	Pcgf2	4	4	3	OmniPath_DoRothEA;TRRUST	normalized_exact	absent_from_frozen_graph		false	22B		true	1004	new_candidate	
mouse	Pknox1	pknox1	Pknox1	5	5	3	OmniPath_DoRothEA;TRRUST	normalized_exact	absent_from_frozen_graph		false	22B		true	1004	new_candidate	
human	POU4F2	pou4f2	POU4F2	3	3	4	OmniPath_DoRothEA;TRRUST	normalized_exact	absent_from_frozen_graph		false	22B		true	1004	new_candidate	
mouse	Pou4f2	pou4f2	Pou4f2	2	2	4	OmniPath_DoRothEA;TRRUST	normalized_exact	absent_from_frozen_graph		false	22B		true	1004	new_candidate	
mouse	Pura	pura	Pura	3	3	4	OmniPath_DoRothEA;TRRUST	normalized_exact	absent_from_frozen_graph		false	22B		true	1004	new_candidate	
human	RFX3	rfx3	RFX3	3	3	4	TRRUST	normalized_exact	absent_from_frozen_graph		false	22B		true	1004	new_candidate	
mouse	Rreb1	rreb1	Rreb1	14	14	1	OmniPath_DoRothEA	normalized_exact	absent_from_frozen_graph		false	22B		true	1004	new_candidate	
human	SKIL	skil	SKIL	3	3	4	OmniPath_DoRothEA;TRRUST	normalized_exact	absent_from_frozen_graph		false	22B		true	1004	new_candidate	
human	SUZ12	suz12	SUZ12	4	4	3	TRRUST	normalized_exact	absent_from_frozen_graph		false	22B		true	1004	new_candidate	
mouse	Tbx20	tbx20	Tbx20	4	4	3	TRRUST	normalized_exact	absent_from_frozen_graph		false	22B		true	1004	new_candidate	
mouse	Tfap2b	tfap2b	Tfap2b	3	3	4	OmniPath_DoRothEA;TRRUST	normalized_exact	absent_from_frozen_graph		false	22B		true	1004	new_candidate	
human	TRIM28	trim28	TRIM28	4	4	3	TRRUST	normalized_exact	absent_from_frozen_graph		false	22B		true	1004	new_candidate	
mouse	Trim28	trim28	Trim28	4	4	3	TRRUST	normalized_exact	absent_from_frozen_graph		false	22B		true	1004	new_candidate	
human	TRPS1	trps1	TRPS1	3	3	4	OmniPath_DoRothEA;TRRUST	normalized_exact	absent_from_frozen_graph		false	22B		true	1004	new_candidate	
mouse	Wwtr1	wwtr1	Wwtr1	4	4	3	TRRUST	normalized_exact	absent_from_frozen_graph		false	22B		true	1004	new_candidate	
human	ZBTB7A	zbtb7a	ZBTB7A	9	7	2	OmniPath_DoRothEA;TRRUST	normalized_exact	absent_from_frozen_graph		false	22B		true	1004	new_candidate	
human	ZIC1	zic1	ZIC1	5	5	3	OmniPath_DoRothEA;TRRUST	normalized_exact	absent_from_frozen_graph		false	22B		true	1004	new_candidate	
mouse	Zic1	zic1	Zic1	3	3	4	OmniPath_DoRothEA;TRRUST	normalized_exact	absent_from_frozen_graph		false	22B		true	1004	new_candidate	
human	ZNF143	znf143	ZNF143	5	5	3	OmniPath_DoRothEA;TRRUST	normalized_exact	absent_from_frozen_graph		false	22B		true	1004	new_candidate	
human	ARX	arx	ARX	4	4	2	TRRUST	normalized_exact	absent_from_frozen_graph		false	22B		true	1003	new_candidate	
human	ATOH1	atoh1	ATOH1	3	3	3	OmniPath_DoRothEA;TRRUST	normalized_exact	absent_from_frozen_graph		false	22B		true	1003	new_candidate	
human	CEBPG	cebpg	CEBPG	3	3	3	OmniPath_DoRothEA;TRRUST	normalized_exact	absent_from_frozen_graph		false	22B		true	1003	new_candidate	
mouse	Chd4	chd4	Chd4	4	4	2	TRRUST	normalized_exact	absent_from_frozen_graph		false	22B		true	1003	new_candidate	
mouse	Chd8	chd8	Chd8	4	4	2	TRRUST	normalized_exact	absent_from_frozen_graph		false	22B		true	1003	new_candidate	
human	CREB3L1	creb3l1	CREB3L1	3	3	3	OmniPath_DoRothEA;TRRUST	normalized_exact	absent_from_frozen_graph		false	22B		true	1003	new_candidate	
mouse	Creb3l1	creb3l1	Creb3l1	3	3	3	TRRUST	normalized_exact	absent_from_frozen_graph		false	22B		true	1003	new_candidate	
human	DACH1	dach1	DACH1	3	3	3	TRRUST	normalized_exact	absent_from_frozen_graph		false	22B		true	1003	new_candidate	
mouse	Dbp	dbp	Dbp	3	3	3	TRRUST	normalized_exact	absent_from_frozen_graph		false	22B		true	1003	new_candidate	
mouse	E2f5	e2f5	E2f5	2	2	3	OmniPath_DoRothEA;TRRUST	normalized_exact	absent_from_frozen_graph		false	22B		true	1003	new_candidate	
human	EHF	ehf	EHF	4	3	2	OmniPath_DoRothEA;TRRUST	normalized_exact	absent_from_frozen_graph		false	22B		true	1003	new_candidate	
mouse	Elf4	elf4	Elf4	5	5	2	TRRUST	normalized_exact	absent_from_frozen_graph		false	22B		true	1003	new_candidate	
mouse	Esrrb	esrrb	Esrrb	3	3	3	TRRUST	normalized_exact	absent_from_frozen_graph		false	22B		true	1003	new_candidate	
human	ETV3	etv3	ETV3	4	4	2	OmniPath_DoRothEA;TRRUST	normalized_exact	absent_from_frozen_graph		false	22B		true	1003	new_candidate	
mouse	Ewsr1	ewsr1	Ewsr1	3	3	3	TRRUST	normalized_exact	absent_from_frozen_graph		false	22B		true	1003	new_candidate	
human	FHL2	fhl2	FHL2	5	5	2	TRRUST	normalized_exact	absent_from_frozen_graph		false	22B		true	1003	new_candidate	
mouse	Fosb	fosb	Fosb	3	3	3	TRRUST	normalized_exact	absent_from_frozen_graph		false	22B		true	1003	new_candidate	
human	FOXC1	foxc1	FOXC1	2	2	3	TRRUST	normalized_exact	absent_from_frozen_graph		false	22B		true	1003	new_candidate	
human	HCFC1	hcfc1	HCFC1	3	3	3	TRRUST	normalized_exact	absent_from_frozen_graph		false	22B		true	1003	new_candidate	
mouse	Hexim1	hexim1	Hexim1	3	3	3	TRRUST	normalized_exact	absent_from_frozen_graph		false	22B		true	1003	new_candidate	
human	HEY2	hey2	HEY2	5	5	2	OmniPath_DoRothEA;TRRUST	normalized_exact	absent_from_frozen_graph		false	22B		true	1003	new_candidate	
human	HLF	hlf	HLF	4	4	2	OmniPath_DoRothEA;TRRUST	normalized_exact	absent_from_frozen_graph		false	22B		true	1003	new_candidate	
mouse	Hoxb4	hoxb4	Hoxb4	4	4	2	TRRUST	normalized_exact	absent_from_frozen_graph		false	22B		true	1003	new_candidate	
mouse	Hoxc13	hoxc13	Hoxc13	3	3	3	TRRUST	normalized_exact	absent_from_frozen_graph		false	22B		true	1003	new_candidate	
human	ID4	id4	ID4	2	2	3	TRRUST	normalized_exact	absent_from_frozen_graph		false	22B		true	1003	new_candidate	
human	ILF2	ilf2	ILF2	3	3	3	TRRUST	normalized_exact	absent_from_frozen_graph		false	22B		true	1003	new_candidate	
mouse	Ilf3	ilf3	Ilf3	3	3	3	TRRUST	normalized_exact	absent_from_frozen_graph		false	22B		true	1003	new_candidate	
human	ISL1	isl1	ISL1	3	3	3	TRRUST	normalized_exact	absent_from_frozen_graph		false	22B		true	1003	new_candidate	
human	JDP2	jdp2	JDP2	3	3	3	TRRUST	normalized_exact	absent_from_frozen_graph		false	22B		true	1003	new_candidate	
human	KCNIP3	kcnip3	KCNIP3	3	3	3	TRRUST	normalized_exact	absent_from_frozen_graph		false	22B		true	1003	new_candidate	
human	KHDRBS1	khdrbs1	KHDRBS1	3	3	3	TRRUST	normalized_exact	absent_from_frozen_graph		false	22B		true	1003	new_candidate	
human	KLF13	klf13	KLF13	2	2	3	TRRUST	normalized_exact	absent_from_frozen_graph		false	22B		true	1003	new_candidate	
human	KLF9	klf9	KLF9	3	3	3	TRRUST	normalized_exact	absent_from_frozen_graph		false	22B		true	1003	new_candidate	
mouse	Mbd2	mbd2	Mbd2	2	2	3	OmniPath_DoRothEA;TRRUST	normalized_exact	absent_from_frozen_graph		false	22B		true	1003	new_candidate	
mouse	Mbd3	mbd3	Mbd3	2	2	3	OmniPath_DoRothEA;TRRUST	normalized_exact	absent_from_frozen_graph		false	22B		true	1003	new_candidate	
human	MLLT3	mllt3	MLLT3	4	4	2	TRRUST	normalized_exact	absent_from_frozen_graph		false	22B		true	1003	new_candidate	
mouse	Mllt3	mllt3	Mllt3	2	2	3	TRRUST	normalized_exact	absent_from_frozen_graph		false	22B		true	1003	new_candidate	
mouse	Mnt	mnt	Mnt	5	2	2	OmniPath_DoRothEA;TRRUST	normalized_exact	absent_from_frozen_graph		false	22B		true	1003	new_candidate	
human	MXI1	mxi1	MXI1	7	2	2	OmniPath_DoRothEA;TRRUST	normalized_exact	absent_from_frozen_graph		false	22B		true	1003	new_candidate	
human	MYBL1	mybl1	MYBL1	4	4	2	OmniPath_DoRothEA;TRRUST	normalized_exact	absent_from_frozen_graph		false	22B		true	1003	new_candidate	
mouse	Nf1	nf1	Nf1	3	3	3	TRRUST	normalized_exact	absent_from_frozen_graph		false	22B		true	1003	new_candidate	
mouse	Nfatc3	nfatc3	Nfatc3	3	3	3	TRRUST	normalized_exact	absent_from_frozen_graph		false	22B		true	1003	new_candidate	
human	NFIB	nfib	NFIB	3	3	3	TRRUST	normalized_exact	absent_from_frozen_graph		false	22B		true	1003	new_candidate	
mouse	Nfkbiz	nfkbiz	Nfkbiz	2	2	3	TRRUST	normalized_exact	absent_from_frozen_graph		false	22B		true	1003	new_candidate	
mouse	Nfyc	nfyc	Nfyc	3	3	3	TRRUST	normalized_exact	absent_from_frozen_graph		false	22B		true	1003	new_candidate	
mouse	Nkx3-1	nkx3-1	Nkx3-1	3	3	3	TRRUST	normalized_exact	absent_from_frozen_graph		false	22B		true	1003	new_candidate	
mouse	Nono	nono	Nono	2	2	3	TRRUST	normalized_exact	absent_from_frozen_graph		false	22B		true	1003	new_candidate	
human	NR2C2	nr2c2	NR2C2	7	2	2	OmniPath_DoRothEA;TRRUST	normalized_exact	absent_from_frozen_graph		false	22B		true	1003	new_candidate	
mouse	Olig2	olig2	Olig2	3	3	3	TRRUST	normalized_exact	absent_from_frozen_graph		false	22B		true	1003	new_candidate	
mouse	Pax1	pax1	Pax1	3	3	3	OmniPath_DoRothEA;TRRUST	normalized_exact	absent_from_frozen_graph		false	22B		true	1003	new_candidate	
human	PCGF2	pcgf2	PCGF2	5	5	2	OmniPath_DoRothEA;TRRUST	normalized_exact	absent_from_frozen_graph		false	22B		true	1003	new_candidate	
mouse	Per2	per2	Per2	3	3	3	TRRUST	normalized_exact	absent_from_frozen_graph		false	22B		true	1003	new_candidate	
human	PHOX2A	phox2a	PHOX2A	3	3	3	TRRUST	normalized_exact	absent_from_frozen_graph		false	22B		true	1003	new_candidate	
human	PKNOX1	pknox1	PKNOX1	5	5	2	OmniPath_DoRothEA;TRRUST	normalized_exact	absent_from_frozen_graph		false	22B		true	1003	new_candidate	
mouse	Plagl2	plagl2	Plagl2	3	3	3	TRRUST	normalized_exact	absent_from_frozen_graph		false	22B		true	1003	new_candidate	
human	RBMX	rbmx	RBMX	8	8	1	TRRUST	normalized_exact	absent_from_frozen_graph		false	22B		true	1003	new_candidate	
mouse	Rfxank	rfxank	Rfxank	8	8	1	TRRUST	normalized_exact	absent_from_frozen_graph		false	22B		true	1003	new_candidate	
mouse	Rfxap	rfxap	Rfxap	8	8	1	TRRUST	normalized_exact	absent_from_frozen_graph		false	22B		true	1003	new_candidate	
mouse	Ski	ski	Ski	3	3	3	TRRUST	normalized_exact	absent_from_frozen_graph		false	22B		true	1003	new_candidate	
mouse	Smurf2	smurf2	Smurf2	3	3	3	TRRUST	normalized_exact	absent_from_frozen_graph		false	22B		true	1003	new_candidate	
mouse	Sox11	sox11	Sox11	3	3	3	TRRUST	normalized_exact	absent_from_frozen_graph		false	22B		true	1003	new_candidate	
human	SOX17	sox17	SOX17	6	6	2	TRRUST	normalized_exact	absent_from_frozen_graph		false	22B		true	1003	new_candidate	
human	SSB	ssb	SSB	3	3	3	TRRUST	normalized_exact	absent_from_frozen_graph		false	22B		true	1003	new_candidate	
mouse	Stat2	stat2	Stat2	3	3	3	TRRUST	normalized_exact	absent_from_frozen_graph		false	22B		true	1003	new_candidate	
mouse	Tbpl1	tbpl1	Tbpl1	4	4	2	TRRUST	normalized_exact	absent_from_frozen_graph		false	22B		true	1003	new_candidate	
mouse	Tcf7l2	tcf7l2	Tcf7l2	3	3	3	TRRUST	normalized_exact	absent_from_frozen_graph		false	22B		true	1003	new_candidate	
human	TSG101	tsg101	TSG101	3	3	3	TRRUST	normalized_exact	absent_from_frozen_graph		false	22B		true	1003	new_candidate	
mouse	Vhl	vhl	Vhl	3	3	3	TRRUST	normalized_exact	absent_from_frozen_graph		false	22B		true	1003	new_candidate	
human	WWP1	wwp1	WWP1	3	3	3	TRRUST	normalized_exact	absent_from_frozen_graph		false	22B		true	1003	new_candidate	
human	WWTR1	wwtr1	WWTR1	6	6	2	TRRUST	normalized_exact	absent_from_frozen_graph		false	22B		true	1003	new_candidate	
human	XRCC5	xrcc5	XRCC5	3	3	3	TRRUST	normalized_exact	absent_from_frozen_graph		false	22B		true	1003	new_candidate	
mouse	Xrcc6	xrcc6	Xrcc6	3	3	3	TRRUST	normalized_exact	absent_from_frozen_graph		false	22B		true	1003	new_candidate	
human	ZBTB33	zbtb33	ZBTB33	12	0	0	OmniPath_DoRothEA	normalized_exact	absent_from_frozen_graph		false	22B		true	1003	new_candidate	no PMID parsed from imported source records
human	ZNF382	znf382	ZNF382	11	11	1	OmniPath_DoRothEA;TRRUST	normalized_exact	absent_from_frozen_graph		false	22B		true	1003	new_candidate	
mouse	Abl1	abl1	Abl1	2	2	2	TRRUST	normalized_exact	absent_from_frozen_graph		false	22B		true	1002	new_candidate	
human	AES	aes	AES	3	3	2	TRRUST	normalized_exact	absent_from_frozen_graph		false	22B		true	1002	new_candidate	
mouse	Aire	aire	Aire	2	2	2	TRRUST	normalized_exact	absent_from_frozen_graph		false	22B		true	1002	new_candidate	
mouse	Ankrd1	ankrd1	Ankrd1	2	2	2	TRRUST	normalized_exact	absent_from_frozen_graph		false	22B		true	1002	new_candidate	
mouse	Apbb1	apbb1	Apbb1	2	2	2	TRRUST	normalized_exact	absent_from_frozen_graph		false	22B		true	1002	new_candidate	
mouse	Arx	arx	Arx	2	2	2	TRRUST	normalized_exact	absent_from_frozen_graph		false	22B		true	1002	new_candidate	
human	BCL11A	bcl11a	BCL11A	2	2	2	TRRUST	normalized_exact	absent_from_frozen_graph		false	22B		true	1002	new_candidate	
mouse	Btg2	btg2	Btg2	2	2	2	TRRUST	normalized_exact	absent_from_frozen_graph		false	22B		true	1002	new_candidate	
human	CBFA2T3	cbfa2t3	CBFA2T3	2	2	2	TRRUST	normalized_exact	absent_from_frozen_graph		false	22B		true	1002	new_candidate	
human	CHD4	chd4	CHD4	2	2	2	TRRUST	normalized_exact	absent_from_frozen_graph		false	22B		true	1002	new_candidate	
mouse	Ciita	ciita	Ciita	3	3	2	TRRUST	normalized_exact	absent_from_frozen_graph		false	22B		true	1002	new_candidate	
human	COPS5	cops5	COPS5	2	2	2	TRRUST	normalized_exact	absent_from_frozen_graph		false	22B		true	1002	new_candidate	
mouse	Creb3	creb3	Creb3	2	2	2	TRRUST	normalized_exact	absent_from_frozen_graph		false	22B		true	1002	new_candidate	
human	DEAF1	deaf1	DEAF1	2	2	2	TRRUST	normalized_exact	absent_from_frozen_graph		false	22B		true	1002	new_candidate	
human	EBF1	ebf1	EBF1	4	1	1	OmniPath_DoRothEA;TRRUST	normalized_exact	absent_from_frozen_graph		false	22B		true	1002	new_candidate	
mouse	Ehf	ehf	Ehf	3	2	2	OmniPath_DoRothEA;TRRUST	normalized_exact	absent_from_frozen_graph		false	22B		true	1002	new_candidate	
human	EIF2AK2	eif2ak2	EIF2AK2	2	2	2	TRRUST	normalized_exact	absent_from_frozen_graph		false	22B		true	1002	new_candidate	
human	EN1	en1	EN1	2	2	2	OmniPath_DoRothEA;TRRUST	normalized_exact	absent_from_frozen_graph		false	22B		true	1002	new_candidate	
human	ETV1	etv1	ETV1	2	2	2	TRRUST	normalized_exact	absent_from_frozen_graph		false	22B		true	1002	new_candidate	
mouse	Etv6	etv6	Etv6	2	2	2	TRRUST	normalized_exact	absent_from_frozen_graph		false	22B		true	1002	new_candidate	
human	FOXF1	foxf1	FOXF1	3	3	2	OmniPath_DoRothEA;TRRUST	normalized_exact	absent_from_frozen_graph		false	22B		true	1002	new_candidate	
human	FOXH1	foxh1	FOXH1	2	2	2	TRRUST	normalized_exact	absent_from_frozen_graph		false	22B		true	1002	new_candidate	
human	FOXI1	foxi1	FOXI1	2	2	2	TRRUST	normalized_exact	absent_from_frozen_graph		false	22B		true	1002	new_candidate	
mouse	Foxj1	foxj1	Foxj1	2	2	2	TRRUST	normalized_exact	absent_from_frozen_graph		false	22B		true	1002	new_candidate	
mouse	Foxn1	foxn1	Foxn1	2	2	2	TRRUST	normalized_exact	absent_from_frozen_graph		false	22B		true	1002	new_candidate	
mouse	Foxq1	foxq1	Foxq1	2	2	2	TRRUST	normalized_exact	absent_from_frozen_graph		false	22B		true	1002	new_candidate	
mouse	Fus	fus	Fus	2	2	2	TRRUST	normalized_exact	absent_from_frozen_graph		false	22B		true	1002	new_candidate	
human	HES6	hes6	HES6	2	2	2	TRRUST	normalized_exact	absent_from_frozen_graph		false	22B		true	1002	new_candidate	
mouse	Hes6	hes6	Hes6	2	2	2	TRRUST	normalized_exact	absent_from_frozen_graph		false	22B		true	1002	new_candidate	
human	HEXIM1	hexim1	HEXIM1	2	2	2	TRRUST	normalized_exact	absent_from_frozen_graph		false	22B		true	1002	new_candidate	
human	HIVEP2	hivep2	HIVEP2	6	6	1	TRRUST	normalized_exact	absent_from_frozen_graph		false	22B		true	1002	new_candidate	
mouse	Hivep2	hivep2	Hivep2	2	2	2	TRRUST	normalized_exact	absent_from_frozen_graph		false	22B		true	1002	new_candidate	
human	HMGB2	hmgb2	HMGB2	2	2	2	TRRUST	normalized_exact	absent_from_frozen_graph		false	22B		true	1002	new_candidate	
human	HNF1B	hnf1b	HNF1B	3	2	2	OmniPath_DoRothEA;TRRUST	normalized_exact	absent_from_frozen_graph		false	22B		true	1002	new_candidate	
mouse	Hnrnpd	hnrnpd	Hnrnpd	2	2	2	TRRUST	normalized_exact	absent_from_frozen_graph		false	22B		true	1002	new_candidate	
mouse	Hoxa11	hoxa11	Hoxa11	2	2	2	OmniPath_DoRothEA;TRRUST	normalized_exact	absent_from_frozen_graph		false	22B		true	1002	new_candidate	
mouse	Hoxb1	hoxb1	Hoxb1	2	2	2	TRRUST	normalized_exact	absent_from_frozen_graph		false	22B		true	1002	new_candidate	
human	HOXB13	hoxb13	HOXB13	2	2	2	OmniPath_DoRothEA;TRRUST	normalized_exact	absent_from_frozen_graph		false	22B		true	1002	new_candidate	
mouse	Hoxb13	hoxb13	Hoxb13	1	1	2	OmniPath_DoRothEA	normalized_exact	absent_from_frozen_graph		false	22B		true	1002	new_candidate	
human	HOXC11	hoxc11	HOXC11	3	3	2	OmniPath_DoRothEA;TRRUST	normalized_exact	absent_from_frozen_graph		false	22B		true	1002	new_candidate	
human	HOXC13	hoxc13	HOXC13	2	2	2	TRRUST	normalized_exact	absent_from_frozen_graph		false	22B		true	1002	new_candidate	
human	HOXC8	hoxc8	HOXC8	2	2	2	OmniPath_DoRothEA;TRRUST	normalized_exact	absent_from_frozen_graph		false	22B		true	1002	new_candidate	
mouse	Hoxd13	hoxd13	Hoxd13	2	2	2	TRRUST	normalized_exact	absent_from_frozen_graph		false	22B		true	1002	new_candidate	
human	HTATIP2	htatip2	HTATIP2	3	3	2	TRRUST	normalized_exact	absent_from_frozen_graph		false	22B		true	1002	new_candidate	
mouse	Htatip2	htatip2	Htatip2	3	3	2	TRRUST	normalized_exact	absent_from_frozen_graph		false	22B		true	1002	new_candidate	
human	ID2	id2	ID2	2	2	2	TRRUST	normalized_exact	absent_from_frozen_graph		false	22B		true	1002	new_candidate	
mouse	Klf12	klf12	Klf12	1	1	2	TRRUST	normalized_exact	absent_from_frozen_graph		false	22B		true	1002	new_candidate	
mouse	Klf13	klf13	Klf13	1	1	2	TRRUST	normalized_exact	absent_from_frozen_graph		false	22B		true	1002	new_candidate	
mouse	Klf16	klf16	Klf16	3	3	2	TRRUST	normalized_exact	absent_from_frozen_graph		false	22B		true	1002	new_candidate	
human	KLF3	klf3	KLF3	3	3	2	TRRUST	normalized_exact	absent_from_frozen_graph		false	22B		true	1002	new_candidate	
mouse	Klf7	klf7	Klf7	2	2	2	TRRUST	normalized_exact	absent_from_frozen_graph		false	22B		true	1002	new_candidate	
human	LDB1	ldb1	LDB1	2	2	2	TRRUST	normalized_exact	absent_from_frozen_graph		false	22B		true	1002	new_candidate	
mouse	Lyl1	lyl1	Lyl1	5	2	1	OmniPath_DoRothEA;TRRUST	normalized_exact	absent_from_frozen_graph		false	22B		true	1002	new_candidate	
human	MAFF	maff	MAFF	3	2	2	OmniPath_DoRothEA;TRRUST	normalized_exact	absent_from_frozen_graph		false	22B		true	1002	new_candidate	
mouse	Maff	maff	Maff	1	1	2	OmniPath_DoRothEA	normalized_exact	absent_from_frozen_graph		false	22B		true	1002	new_candidate	
mouse	Mbd1	mbd1	Mbd1	2	2	2	TRRUST	normalized_exact	absent_from_frozen_graph		false	22B		true	1002	new_candidate	
human	MBD3	mbd3	MBD3	1	1	2	OmniPath_DoRothEA	normalized_exact	absent_from_frozen_graph		false	22B		true	1002	new_candidate	
mouse	Mef2d	mef2d	Mef2d	2	2	2	TRRUST	normalized_exact	absent_from_frozen_graph		false	22B		true	1002	new_candidate	
human	MEIS2	meis2	MEIS2	4	1	1	OmniPath_DoRothEA;TRRUST	normalized_exact	absent_from_frozen_graph		false	22B		true	1002	new_candidate	
human	MTA2	mta2	MTA2	2	2	2	TRRUST	normalized_exact	absent_from_frozen_graph		false	22B		true	1002	new_candidate	
human	MYF6	myf6	MYF6	2	2	2	OmniPath_DoRothEA;TRRUST	normalized_exact	absent_from_frozen_graph		false	22B		true	1002	new_candidate	
human	MYOG	myog	MYOG	3	3	2	OmniPath_DoRothEA;TRRUST	normalized_exact	absent_from_frozen_graph		false	22B		true	1002	new_candidate	
mouse	Mzf1	mzf1	Mzf1	2	2	2	TRRUST	normalized_exact	absent_from_frozen_graph		false	22B		true	1002	new_candidate	
human	NCOA1	ncoa1	NCOA1	2	2	2	TRRUST	normalized_exact	absent_from_frozen_graph		false	22B		true	1002	new_candidate	
mouse	Ncoa6	ncoa6	Ncoa6	2	2	2	TRRUST	normalized_exact	absent_from_frozen_graph		false	22B		true	1002	new_candidate	
human	NFE2L1	nfe2l1	NFE2L1	3	2	2	OmniPath_DoRothEA;TRRUST	normalized_exact	absent_from_frozen_graph		false	22B		true	1002	new_candidate	
mouse	Nfib	nfib	Nfib	2	2	2	TRRUST	normalized_exact	absent_from_frozen_graph		false	22B		true	1002	new_candidate	
human	NFIX	nfix	NFIX	2	2	2	TRRUST	normalized_exact	absent_from_frozen_graph		false	22B		true	1002	new_candidate	
mouse	Nfix	nfix	Nfix	2	2	2	TRRUST	normalized_exact	absent_from_frozen_graph		false	22B		true	1002	new_candidate	
human	NONO	nono	NONO	1	1	2	TRRUST	normalized_exact	absent_from_frozen_graph		false	22B		true	1002	new_candidate	
human	NR2E3	nr2e3	NR2E3	2	2	2	TRRUST	normalized_exact	absent_from_frozen_graph		false	22B		true	1002	new_candidate	
mouse	Nr4a3	nr4a3	Nr4a3	2	2	2	TRRUST	normalized_exact	absent_from_frozen_graph		false	22B		true	1002	new_candidate	
human	ONECUT1	onecut1	ONECUT1	3	3	2	OmniPath_DoRothEA;TRRUST	normalized_exact	absent_from_frozen_graph		false	22B		true	1002	new_candidate	
human	ONECUT2	onecut2	ONECUT2	3	3	2	OmniPath_DoRothEA;TRRUST	normalized_exact	absent_from_frozen_graph		false	22B		true	1002	new_candidate	
human	PAX1	pax1	PAX1	2	2	2	OmniPath_DoRothEA;TRRUST	normalized_exact	absent_from_frozen_graph		false	22B		true	1002	new_candidate	
mouse	Phox2a	phox2a	Phox2a	2	2	2	TRRUST	normalized_exact	absent_from_frozen_graph		false	22B		true	1002	new_candidate	
mouse	Pias2	pias2	Pias2	2	2	2	TRRUST	normalized_exact	absent_from_frozen_graph		false	22B		true	1002	new_candidate	
mouse	Pias3	pias3	Pias3	3	3	2	TRRUST	normalized_exact	absent_from_frozen_graph		false	22B		true	1002	new_candidate	
human	PIAS4	pias4	PIAS4	2	2	2	TRRUST	normalized_exact	absent_from_frozen_graph		false	22B		true	1002	new_candidate	
human	PITX3	pitx3	PITX3	2	2	2	TRRUST	normalized_exact	absent_from_frozen_graph		false	22B		true	1002	new_candidate	
human	POU2F3	pou2f3	POU2F3	2	2	2	OmniPath_DoRothEA;TRRUST	normalized_exact	absent_from_frozen_graph		false	22B		true	1002	new_candidate	
mouse	Pou3f4	pou3f4	Pou3f4	2	2	2	TRRUST	normalized_exact	absent_from_frozen_graph		false	22B		true	1002	new_candidate	
human	POU4F1	pou4f1	POU4F1	2	2	2	TRRUST	normalized_exact	absent_from_frozen_graph		false	22B		true	1002	new_candidate	
human	RREB1	rreb1	RREB1	3	3	2	OmniPath_DoRothEA;TRRUST	normalized_exact	absent_from_frozen_graph		false	22B		true	1002	new_candidate	
mouse	Runx1t1	runx1t1	Runx1t1	3	3	2	TRRUST	normalized_exact	absent_from_frozen_graph		false	22B		true	1002	new_candidate	
human	SATB2	satb2	SATB2	2	2	2	TRRUST	normalized_exact	absent_from_frozen_graph		false	22B		true	1002	new_candidate	
mouse	Satb2	satb2	Satb2	2	2	2	TRRUST	normalized_exact	absent_from_frozen_graph		false	22B		true	1002	new_candidate	
human	SETBP1	setbp1	SETBP1	3	3	2	TRRUST	normalized_exact	absent_from_frozen_graph		false	22B		true	1002	new_candidate	
human	SIM2	sim2	SIM2	3	3	2	TRRUST	normalized_exact	absent_from_frozen_graph		false	22B		true	1002	new_candidate	
mouse	Sim2	sim2	Sim2	2	2	2	TRRUST	normalized_exact	absent_from_frozen_graph		false	22B		true	1002	new_candidate	
human	SIX1	six1	SIX1	2	2	2	TRRUST	normalized_exact	absent_from_frozen_graph		false	22B		true	1002	new_candidate	
mouse	Sla2	sla2	Sla2	2	2	2	TRRUST	normalized_exact	absent_from_frozen_graph		false	22B		true	1002	new_candidate	
human	SOX11	sox11	SOX11	2	2	2	TRRUST	normalized_exact	absent_from_frozen_graph		false	22B		true	1002	new_candidate	
human	SPEN	spen	SPEN	2	2	2	TRRUST	normalized_exact	absent_from_frozen_graph		false	22B		true	1002	new_candidate	
human	TBX3	tbx3	TBX3	2	2	2	TRRUST	normalized_exact	absent_from_frozen_graph		false	22B		true	1002	new_candidate	
human	TCF12	tcf12	TCF12	4	1	1	OmniPath_DoRothEA;TRRUST	normalized_exact	absent_from_frozen_graph		false	22B		true	1002	new_candidate	
human	TEF	tef	TEF	3	3	2	TRRUST	normalized_exact	absent_from_frozen_graph		false	22B		true	1002	new_candidate	
mouse	Tfcp2	tfcp2	Tfcp2	2	2	2	OmniPath_DoRothEA;TRRUST	normalized_exact	absent_from_frozen_graph		false	22B		true	1002	new_candidate	
mouse	Tle3	tle3	Tle3	2	2	2	TRRUST	normalized_exact	absent_from_frozen_graph		false	22B		true	1002	new_candidate	
human	TRRAP	trrap	TRRAP	2	2	2	TRRUST	normalized_exact	absent_from_frozen_graph		false	22B		true	1002	new_candidate	
human	TTF2	ttf2	TTF2	2	2	2	TRRUST	normalized_exact	absent_from_frozen_graph		false	22B		true	1002	new_candidate	
mouse	Xrcc5	xrcc5	Xrcc5	2	2	2	TRRUST	normalized_exact	absent_from_frozen_graph		false	22B		true	1002	new_candidate	
human	XRCC6	xrcc6	XRCC6	2	2	2	TRRUST	normalized_exact	absent_from_frozen_graph		false	22B		true	1002	new_candidate	
mouse	Zbtb16	zbtb16	Zbtb16	2	2	2	TRRUST	normalized_exact	absent_from_frozen_graph		false	22B		true	1002	new_candidate	
human	ZBTB2	zbtb2	ZBTB2	4	4	1	TRRUST	normalized_exact	absent_from_frozen_graph		false	22B		true	1002	new_candidate	
mouse	Zic3	zic3	Zic3	1	1	2	TRRUST	normalized_exact	absent_from_frozen_graph		false	22B		true	1002	new_candidate	
mouse	Aes	aes	Aes	1	1	1	TRRUST	normalized_exact	absent_from_frozen_graph		false	22B		true	1001	new_candidate	
human	AIRE	aire	AIRE	1	1	1	TRRUST	normalized_exact	absent_from_frozen_graph		false	22B		true	1001	new_candidate	
human	ANKRD1	ankrd1	ANKRD1	1	1	1	TRRUST	normalized_exact	absent_from_frozen_graph		false	22B		true	1001	new_candidate	
human	APBB1	apbb1	APBB1	1	1	1	TRRUST	normalized_exact	absent_from_frozen_graph		false	22B		true	1001	new_candidate	
human	ARNTL2	arntl2	ARNTL2	1	1	1	TRRUST	normalized_exact	absent_from_frozen_graph		false	22B		true	1001	new_candidate	
mouse	Arntl2	arntl2	Arntl2	1	1	1	TRRUST	normalized_exact	absent_from_frozen_graph		false	22B		true	1001	new_candidate	
human	ASH1L	ash1l	ASH1L	2	2	1	TRRUST	normalized_exact	absent_from_frozen_graph		false	22B		true	1001	new_candidate	
mouse	Ash1l	ash1l	Ash1l	2	2	1	TRRUST	normalized_exact	absent_from_frozen_graph		false	22B		true	1001	new_candidate	
human	ASXL1	asxl1	ASXL1	1	1	1	TRRUST	normalized_exact	absent_from_frozen_graph		false	22B		true	1001	new_candidate	
mouse	Asxl1	asxl1	Asxl1	1	1	1	TRRUST	normalized_exact	absent_from_frozen_graph		false	22B		true	1001	new_candidate	
mouse	Atf5	atf5	Atf5	1	1	1	OmniPath_DoRothEA	normalized_exact	absent_from_frozen_graph		false	22B		true	1001	new_candidate	
human	BARX2	barx2	BARX2	1	1	1	TRRUST	normalized_exact	absent_from_frozen_graph		false	22B		true	1001	new_candidate	
human	BATF	batf	BATF	2	1	1	OmniPath_DoRothEA;TRRUST	normalized_exact	absent_from_frozen_graph		false	22B		true	1001	new_candidate	
mouse	Bcl11a	bcl11a	Bcl11a	1	1	1	TRRUST	normalized_exact	absent_from_frozen_graph		false	22B		true	1001	new_candidate	
mouse	Bhlhe40	bhlhe40	Bhlhe40	2	1	1	OmniPath_DoRothEA;TRRUST	normalized_exact	absent_from_frozen_graph		false	22B		true	1001	new_candidate	
human	BMI1	bmi1	BMI1	1	1	1	TRRUST	normalized_exact	absent_from_frozen_graph		false	22B		true	1001	new_candidate	
mouse	Brca2	brca2	Brca2	1	1	1	TRRUST	normalized_exact	absent_from_frozen_graph		false	22B		true	1001	new_candidate	
mouse	Cbfa2t3	cbfa2t3	Cbfa2t3	1	1	1	TRRUST	normalized_exact	absent_from_frozen_graph		false	22B		true	1001	new_candidate	
mouse	Cebpz	cebpz	Cebpz	1	1	1	TRRUST	normalized_exact	absent_from_frozen_graph		false	22B		true	1001	new_candidate	
human	CITED2	cited2	CITED2	2	2	1	TRRUST	normalized_exact	absent_from_frozen_graph		false	22B		true	1001	new_candidate	
human	CNOT7	cnot7	CNOT7	2	2	1	TRRUST	normalized_exact	absent_from_frozen_graph		false	22B		true	1001	new_candidate	
mouse	Cnot7	cnot7	Cnot7	1	1	1	TRRUST	normalized_exact	absent_from_frozen_graph		false	22B		true	1001	new_candidate	
mouse	Cops5	cops5	Cops5	1	1	1	TRRUST	normalized_exact	absent_from_frozen_graph		false	22B		true	1001	new_candidate	
human	CREB3	creb3	CREB3	3	1	1	OmniPath_DoRothEA;TRRUST	normalized_exact	absent_from_frozen_graph		false	22B		true	1001	new_candidate	
human	CREB3L4	creb3l4	CREB3L4	1	1	1	TRRUST	normalized_exact	absent_from_frozen_graph		false	22B		true	1001	new_candidate	
mouse	Creb3l4	creb3l4	Creb3l4	1	1	1	TRRUST	normalized_exact	absent_from_frozen_graph		false	22B		true	1001	new_candidate	
human	CRTC1	crtc1	CRTC1	1	1	1	TRRUST	normalized_exact	absent_from_frozen_graph		false	22B		true	1001	new_candidate	
mouse	Crtc1	crtc1	Crtc1	1	1	1	TRRUST	normalized_exact	absent_from_frozen_graph		false	22B		true	1001	new_candidate	
human	CTCFL	ctcfl	CTCFL	1	1	1	TRRUST	normalized_exact	absent_from_frozen_graph		false	22B		true	1001	new_candidate	
mouse	Ctcfl	ctcfl	Ctcfl	1	1	1	TRRUST	normalized_exact	absent_from_frozen_graph		false	22B		true	1001	new_candidate	
human	DAXX	daxx	DAXX	1	1	1	TRRUST	normalized_exact	absent_from_frozen_graph		false	22B		true	1001	new_candidate	
human	DDX5	ddx5	DDX5	2	2	1	TRRUST	normalized_exact	absent_from_frozen_graph		false	22B		true	1001	new_candidate	
mouse	Ddx5	ddx5	Ddx5	1	1	1	TRRUST	normalized_exact	absent_from_frozen_graph		false	22B		true	1001	new_candidate	
mouse	Deaf1	deaf1	Deaf1	1	1	1	TRRUST	normalized_exact	absent_from_frozen_graph		false	22B		true	1001	new_candidate	
human	DLX3	dlx3	DLX3	1	1	1	TRRUST	normalized_exact	absent_from_frozen_graph		false	22B		true	1001	new_candidate	
mouse	Dmap1	dmap1	Dmap1	1	1	1	TRRUST	normalized_exact	absent_from_frozen_graph		false	22B		true	1001	new_candidate	
mouse	Eif2ak2	eif2ak2	Eif2ak2	1	1	1	TRRUST	normalized_exact	absent_from_frozen_graph		false	22B		true	1001	new_candidate	
human	EOMES	eomes	EOMES	1	1	1	TRRUST	normalized_exact	absent_from_frozen_graph		false	22B		true	1001	new_candidate	
mouse	Erf	erf	Erf	1	1	1	TRRUST	normalized_exact	absent_from_frozen_graph		false	22B		true	1001	new_candidate	
human	ESRRB	esrrb	ESRRB	1	1	1	TRRUST	normalized_exact	absent_from_frozen_graph		false	22B		true	1001	new_candidate	
human	ESRRG	esrrg	ESRRG	1	1	1	TRRUST	normalized_exact	absent_from_frozen_graph		false	22B		true	1001	new_candidate	
mouse	Etv3	etv3	Etv3	1	1	1	OmniPath_DoRothEA	normalized_exact	absent_from_frozen_graph		false	22B		true	1001	new_candidate	
mouse	Fhl2	fhl2	Fhl2	1	1	1	TRRUST	normalized_exact	absent_from_frozen_graph		false	22B		true	1001	new_candidate	
human	FOXC2	foxc2	FOXC2	1	1	1	TRRUST	normalized_exact	absent_from_frozen_graph		false	22B		true	1001	new_candidate	
mouse	Foxd3	foxd3	Foxd3	1	1	1	TRRUST	normalized_exact	absent_from_frozen_graph		false	22B		true	1001	new_candidate	
mouse	Foxf1	foxf1	Foxf1	1	1	1	OmniPath_DoRothEA	normalized_exact	absent_from_frozen_graph		false	22B		true	1001	new_candidate	
human	FOXG1	foxg1	FOXG1	1	1	1	TRRUST	normalized_exact	absent_from_frozen_graph		false	22B		true	1001	new_candidate	
mouse	Foxi1	foxi1	Foxi1	1	1	1	TRRUST	normalized_exact	absent_from_frozen_graph		false	22B		true	1001	new_candidate	
human	FOXJ1	foxj1	FOXJ1	1	1	1	TRRUST	normalized_exact	absent_from_frozen_graph		false	22B		true	1001	new_candidate	
human	FOXL1	foxl1	FOXL1	1	1	1	TRRUST	normalized_exact	absent_from_frozen_graph		false	22B		true	1001	new_candidate	
mouse	Foxl1	foxl1	Foxl1	3	3	1	TRRUST	normalized_exact	absent_from_frozen_graph		false	22B		true	1001	new_candidate	
human	FOXN1	foxn1	FOXN1	1	1	1	TRRUST	normalized_exact	absent_from_frozen_graph		false	22B		true	1001	new_candidate	
human	FOXN4	foxn4	FOXN4	1	1	1	TRRUST	normalized_exact	absent_from_frozen_graph		false	22B		true	1001	new_candidate	
mouse	Foxn4	foxn4	Foxn4	1	1	1	TRRUST	normalized_exact	absent_from_frozen_graph		false	22B		true	1001	new_candidate	
human	GABPB1	gabpb1	GABPB1	1	1	1	TRRUST	normalized_exact	absent_from_frozen_graph		false	22B		true	1001	new_candidate	
mouse	Gabpb1	gabpb1	Gabpb1	1	1	1	TRRUST	normalized_exact	absent_from_frozen_graph		false	22B		true	1001	new_candidate	
human	GBX2	gbx2	GBX2	1	1	1	TRRUST	normalized_exact	absent_from_frozen_graph		false	22B		true	1001	new_candidate	
mouse	Gcm2	gcm2	Gcm2	1	1	1	TRRUST	normalized_exact	absent_from_frozen_graph		false	22B		true	1001	new_candidate	
human	GFI1B	gfi1b	GFI1B	2	2	1	OmniPath_DoRothEA;TRRUST	normalized_exact	absent_from_frozen_graph		false	22B		true	1001	new_candidate	
human	GLIS3	glis3	GLIS3	1	1	1	TRRUST	normalized_exact	absent_from_frozen_graph		false	22B		true	1001	new_candidate	
mouse	Glis3	glis3	Glis3	1	1	1	TRRUST	normalized_exact	absent_from_frozen_graph		false	22B		true	1001	new_candidate	
human	GSC	gsc	GSC	1	1	1	TRRUST	normalized_exact	absent_from_frozen_graph		false	22B		true	1001	new_candidate	
human	GTF2A1	gtf2a1	GTF2A1	1	1	1	TRRUST	normalized_exact	absent_from_frozen_graph		false	22B		true	1001	new_candidate	
mouse	Gtf2a1	gtf2a1	Gtf2a1	2	2	1	TRRUST	normalized_exact	absent_from_frozen_graph		false	22B		true	1001	new_candidate	
human	GTF2B	gtf2b	GTF2B	1	1	1	TRRUST	normalized_exact	absent_from_frozen_graph		false	22B		true	1001	new_candidate	
mouse	Gtf2b	gtf2b	Gtf2b	1	1	1	TRRUST	normalized_exact	absent_from_frozen_graph		false	22B		true	1001	new_candidate	
human	GZF1	gzf1	GZF1	1	1	1	TRRUST	normalized_exact	absent_from_frozen_graph		false	22B		true	1001	new_candidate	
mouse	Gzf1	gzf1	Gzf1	1	1	1	TRRUST	normalized_exact	absent_from_frozen_graph		false	22B		true	1001	new_candidate	
mouse	Hbp1	hbp1	Hbp1	2	2	1	TRRUST	normalized_exact	absent_from_frozen_graph		false	22B		true	1001	new_candidate	
mouse	Hcfc1	hcfc1	Hcfc1	1	1	1	TRRUST	normalized_exact	absent_from_frozen_graph		false	22B		true	1001	new_candidate	
mouse	Hdac11	hdac11	Hdac11	1	1	1	TRRUST	normalized_exact	absent_from_frozen_graph		false	22B		true	1001	new_candidate	
mouse	Hdac4	hdac4	Hdac4	1	1	1	TRRUST	normalized_exact	absent_from_frozen_graph		false	22B		true	1001	new_candidate	
mouse	Hdgf	hdgf	Hdgf	2	2	1	TRRUST	normalized_exact	absent_from_frozen_graph		false	22B		true	1001	new_candidate	
human	HEYL	heyl	HEYL	1	1	1	TRRUST	normalized_exact	absent_from_frozen_graph		false	22B		true	1001	new_candidate	
mouse	Heyl	heyl	Heyl	1	1	1	TRRUST	normalized_exact	absent_from_frozen_graph		false	22B		true	1001	new_candidate	
human	HLTF	hltf	HLTF	2	2	1	TRRUST	normalized_exact	absent_from_frozen_graph		false	22B		true	1001	new_candidate	
mouse	Hltf	hltf	Hltf	1	1	1	TRRUST	normalized_exact	absent_from_frozen_graph		false	22B		true	1001	new_candidate	
human	HLX	hlx	HLX	2	2	1	TRRUST	normalized_exact	absent_from_frozen_graph		false	22B		true	1001	new_candidate	
mouse	Hlx	hlx	Hlx	2	2	1	TRRUST	normalized_exact	absent_from_frozen_graph		false	22B		true	1001	new_candidate	
mouse	Hmgb2	hmgb2	Hmgb2	1	1	1	TRRUST	normalized_exact	absent_from_frozen_graph		false	22B		true	1001	new_candidate	
human	HNRNPD	hnrnpd	HNRNPD	1	1	1	TRRUST	normalized_exact	absent_from_frozen_graph		false	22B		true	1001	new_candidate	
mouse	Hoxa1	hoxa1	Hoxa1	1	1	1	TRRUST	normalized_exact	absent_from_frozen_graph		false	22B		true	1001	new_candidate	
human	HOXA11	hoxa11	HOXA11	2	2	1	OmniPath_DoRothEA;TRRUST	normalized_exact	absent_from_frozen_graph		false	22B		true	1001	new_candidate	
human	HOXA4	hoxa4	HOXA4	2	2	1	OmniPath_DoRothEA;TRRUST	normalized_exact	absent_from_frozen_graph		false	22B		true	1001	new_candidate	
mouse	Hoxa4	hoxa4	Hoxa4	1	1	1	TRRUST	normalized_exact	absent_from_frozen_graph		false	22B		true	1001	new_candidate	
human	HOXB1	hoxb1	HOXB1	1	1	1	TRRUST	normalized_exact	absent_from_frozen_graph		false	22B		true	1001	new_candidate	
human	HOXB4	hoxb4	HOXB4	1	1	1	TRRUST	normalized_exact	absent_from_frozen_graph		false	22B		true	1001	new_candidate	
mouse	Hoxc11	hoxc11	Hoxc11	1	1	1	OmniPath_DoRothEA	normalized_exact	absent_from_frozen_graph		false	22B		true	1001	new_candidate	
human	HOXC6	hoxc6	HOXC6	2	2	1	TRRUST	normalized_exact	absent_from_frozen_graph		false	22B		true	1001	new_candidate	
mouse	Hoxc6	hoxc6	Hoxc6	1	1	1	TRRUST	normalized_exact	absent_from_frozen_graph		false	22B		true	1001	new_candidate	
human	HOXD13	hoxd13	HOXD13	1	1	1	TRRUST	normalized_exact	absent_from_frozen_graph		false	22B		true	1001	new_candidate	
human	HR	hr	HR	1	1	1	TRRUST	normalized_exact	absent_from_frozen_graph		false	22B		true	1001	new_candidate	
mouse	Hr	hr	Hr	1	1	1	TRRUST	normalized_exact	absent_from_frozen_graph		false	22B		true	1001	new_candidate	
mouse	Hsf4	hsf4	Hsf4	1	1	1	TRRUST	normalized_exact	absent_from_frozen_graph		false	22B		true	1001	new_candidate	
mouse	Id4	id4	Id4	2	2	1	TRRUST	normalized_exact	absent_from_frozen_graph		false	22B		true	1001	new_candidate	
human	IKZF1	ikzf1	IKZF1	1	1	1	TRRUST	normalized_exact	absent_from_frozen_graph		false	22B		true	1001	new_candidate	
mouse	Ilf2	ilf2	Ilf2	1	1	1	TRRUST	normalized_exact	absent_from_frozen_graph		false	22B		true	1001	new_candidate	
mouse	Ing1	ing1	Ing1	1	1	1	TRRUST	normalized_exact	absent_from_frozen_graph		false	22B		true	1001	new_candidate	
mouse	Ing4	ing4	Ing4	1	1	1	TRRUST	normalized_exact	absent_from_frozen_graph		false	22B		true	1001	new_candidate	
human	IRF6	irf6	IRF6	1	1	1	TRRUST	normalized_exact	absent_from_frozen_graph		false	22B		true	1001	new_candidate	
mouse	Irf6	irf6	Irf6	1	1	1	TRRUST	normalized_exact	absent_from_frozen_graph		false	22B		true	1001	new_candidate	
human	JARID2	jarid2	JARID2	3	3	1	TRRUST	normalized_exact	absent_from_frozen_graph		false	22B		true	1001	new_candidate	
human	KDM5B	kdm5b	KDM5B	1	1	1	OmniPath_DoRothEA	normalized_exact	absent_from_frozen_graph		false	22B		true	1001	new_candidate	
mouse	Kdm5b	kdm5b	Kdm5b	1	1	1	OmniPath_DoRothEA	normalized_exact	absent_from_frozen_graph		false	22B		true	1001	new_candidate	
mouse	Khdrbs1	khdrbs1	Khdrbs1	1	1	1	TRRUST	normalized_exact	absent_from_frozen_graph		false	22B		true	1001	new_candidate	
human	KLF16	klf16	KLF16	1	1	1	TRRUST	normalized_exact	absent_from_frozen_graph		false	22B		true	1001	new_candidate	
human	KLF7	klf7	KLF7	1	1	1	TRRUST	normalized_exact	absent_from_frozen_graph		false	22B		true	1001	new_candidate	
mouse	Klf8	klf8	Klf8	1	1	1	TRRUST	normalized_exact	absent_from_frozen_graph		false	22B		true	1001	new_candidate	
mouse	Klf9	klf9	Klf9	1	1	1	TRRUST	normalized_exact	absent_from_frozen_graph		false	22B		true	1001	new_candidate	
human	LHX2	lhx2	LHX2	3	3	1	TRRUST	normalized_exact	absent_from_frozen_graph		false	22B		true	1001	new_candidate	
mouse	Lmo4	lmo4	Lmo4	2	2	1	TRRUST	normalized_exact	absent_from_frozen_graph		false	22B		true	1001	new_candidate	
human	MAFB	mafb	MAFB	3	1	1	OmniPath_DoRothEA;TRRUST	normalized_exact	absent_from_frozen_graph		false	22B		true	1001	new_candidate	
human	MDM2	mdm2	MDM2	1	1	1	TRRUST	normalized_exact	absent_from_frozen_graph		false	22B		true	1001	new_candidate	
mouse	Mdm2	mdm2	Mdm2	1	1	1	TRRUST	normalized_exact	absent_from_frozen_graph		false	22B		true	1001	new_candidate	
human	MED23	med23	MED23	2	2	1	TRRUST	normalized_exact	absent_from_frozen_graph		false	22B		true	1001	new_candidate	
mouse	Med23	med23	Med23	3	3	1	TRRUST	normalized_exact	absent_from_frozen_graph		false	22B		true	1001	new_candidate	
human	MLXIPL	mlxipl	MLXIPL	1	1	1	TRRUST	normalized_exact	absent_from_frozen_graph		false	22B		true	1001	new_candidate	
mouse	Mta2	mta2	Mta2	1	1	1	TRRUST	normalized_exact	absent_from_frozen_graph		false	22B		true	1001	new_candidate	
mouse	Mxd1	mxd1	Mxd1	1	1	1	TRRUST	normalized_exact	absent_from_frozen_graph		false	22B		true	1001	new_candidate	
human	MYBBP1A	mybbp1a	MYBBP1A	1	1	1	TRRUST	normalized_exact	absent_from_frozen_graph		false	22B		true	1001	new_candidate	
mouse	Mybbp1a	mybbp1a	Mybbp1a	1	1	1	TRRUST	normalized_exact	absent_from_frozen_graph		false	22B		true	1001	new_candidate	
mouse	Mybl1	mybl1	Mybl1	1	1	1	TRRUST	normalized_exact	absent_from_frozen_graph		false	22B		true	1001	new_candidate	
human	MYOCD	myocd	MYOCD	1	1	1	TRRUST	normalized_exact	absent_from_frozen_graph		false	22B		true	1001	new_candidate	
human	NAB1	nab1	NAB1	1	1	1	TRRUST	normalized_exact	absent_from_frozen_graph		false	22B		true	1001	new_candidate	
human	NAB2	nab2	NAB2	2	2	1	TRRUST	normalized_exact	absent_from_frozen_graph		false	22B		true	1001	new_candidate	
human	NCOA2	ncoa2	NCOA2	1	1	1	TRRUST	normalized_exact	absent_from_frozen_graph		false	22B		true	1001	new_candidate	
mouse	Ncoa4	ncoa4	Ncoa4	1	1	1	TRRUST	normalized_exact	absent_from_frozen_graph		false	22B		true	1001	new_candidate	
human	NFATC3	nfatc3	NFATC3	2	2	1	TRRUST	normalized_exact	absent_from_frozen_graph		false	22B		true	1001	new_candidate	
human	NFKBIZ	nfkbiz	NFKBIZ	1	1	1	TRRUST	normalized_exact	absent_from_frozen_graph		false	22B		true	1001	new_candidate	
human	NKX2-2	nkx2-2	NKX2-2	1	1	1	TRRUST	normalized_exact	absent_from_frozen_graph		false	22B		true	1001	new_candidate	
human	NKX2-3	nkx2-3	NKX2-3	1	1	1	TRRUST	normalized_exact	absent_from_frozen_graph		false	22B		true	1001	new_candidate	
mouse	Nkx2-3	nkx2-3	Nkx2-3	1	1	1	TRRUST	normalized_exact	absent_from_frozen_graph		false	22B		true	1001	new_candidate	
mouse	Npas2	npas2	Npas2	1	1	1	TRRUST	normalized_exact	absent_from_frozen_graph		false	22B		true	1001	new_candidate	
mouse	Nr2e3	nr2e3	Nr2e3	1	1	1	TRRUST	normalized_exact	absent_from_frozen_graph		false	22B		true	1001	new_candidate	
human	NR4A3	nr4a3	NR4A3	1	1	1	TRRUST	normalized_exact	absent_from_frozen_graph		false	22B		true	1001	new_candidate	
human	NRIP1	nrip1	NRIP1	1	1	1	TRRUST	normalized_exact	absent_from_frozen_graph		false	22B		true	1001	new_candidate	
human	OLIG2	olig2	OLIG2	1	1	1	TRRUST	normalized_exact	absent_from_frozen_graph		false	22B		true	1001	new_candidate	
mouse	Onecut2	onecut2	Onecut2	1	1	1	OmniPath_DoRothEA	normalized_exact	absent_from_frozen_graph		false	22B		true	1001	new_candidate	
human	PER2	per2	PER2	2	2	1	TRRUST	normalized_exact	absent_from_frozen_graph		false	22B		true	1001	new_candidate	
mouse	Pias1	pias1	Pias1	1	1	1	TRRUST	normalized_exact	absent_from_frozen_graph		false	22B		true	1001	new_candidate	
mouse	Pias4	pias4	Pias4	1	1	1	TRRUST	normalized_exact	absent_from_frozen_graph		false	22B		true	1001	new_candidate	
mouse	Pml	pml	Pml	1	1	1	TRRUST	normalized_exact	absent_from_frozen_graph		false	22B		true	1001	new_candidate	
human	POU3F1	pou3f1	POU3F1	2	2	1	OmniPath_DoRothEA;TRRUST	normalized_exact	absent_from_frozen_graph		false	22B		true	1001	new_candidate	
human	POU3F4	pou3f4	POU3F4	1	1	1	TRRUST	normalized_exact	absent_from_frozen_graph		false	22B		true	1001	new_candidate	
human	PTF1A	ptf1a	PTF1A	1	1	1	TRRUST	normalized_exact	absent_from_frozen_graph		false	22B		true	1001	new_candidate	
mouse	Pttg1	pttg1	Pttg1	1	1	1	TRRUST	normalized_exact	absent_from_frozen_graph		false	22B		true	1001	new_candidate	
mouse	Rbmx	rbmx	Rbmx	1	1	1	TRRUST	normalized_exact	absent_from_frozen_graph		false	22B		true	1001	new_candidate	
mouse	Rfx3	rfx3	Rfx3	1	1	1	TRRUST	normalized_exact	absent_from_frozen_graph		false	22B		true	1001	new_candidate	
human	RUNX1T1	runx1t1	RUNX1T1	1	1	1	TRRUST	normalized_exact	absent_from_frozen_graph		false	22B		true	1001	new_candidate	
human	SERTAD1	sertad1	SERTAD1	1	1	1	TRRUST	normalized_exact	absent_from_frozen_graph		false	22B		true	1001	new_candidate	
mouse	Sertad1	sertad1	Sertad1	2	2	1	TRRUST	normalized_exact	absent_from_frozen_graph		false	22B		true	1001	new_candidate	
mouse	Setbp1	setbp1	Setbp1	1	1	1	TRRUST	normalized_exact	absent_from_frozen_graph		false	22B		true	1001	new_candidate	
mouse	Sfpq	sfpq	Sfpq	1	1	1	TRRUST	normalized_exact	absent_from_frozen_graph		false	22B		true	1001	new_candidate	
human	SHOX2	shox2	SHOX2	2	2	1	TRRUST	normalized_exact	absent_from_frozen_graph		false	22B		true	1001	new_candidate	
human	SIN3A	sin3a	SIN3A	2	2	1	TRRUST	normalized_exact	absent_from_frozen_graph		false	22B		true	1001	new_candidate	
human	SLA2	sla2	SLA2	1	1	1	TRRUST	normalized_exact	absent_from_frozen_graph		false	22B		true	1001	new_candidate	
human	SMURF2	smurf2	SMURF2	1	1	1	TRRUST	normalized_exact	absent_from_frozen_graph		false	22B		true	1001	new_candidate	
human	SND1	snd1	SND1	1	1	1	TRRUST	normalized_exact	absent_from_frozen_graph		false	22B		true	1001	new_candidate	
mouse	Snd1	snd1	Snd1	1	1	1	TRRUST	normalized_exact	absent_from_frozen_graph		false	22B		true	1001	new_candidate	
human	SOX5	sox5	SOX5	1	1	1	TRRUST	normalized_exact	absent_from_frozen_graph		false	22B		true	1001	new_candidate	
human	SP7	sp7	SP7	1	1	1	TRRUST	normalized_exact	absent_from_frozen_graph		false	22B		true	1001	new_candidate	
mouse	Spen	spen	Spen	1	1	1	TRRUST	normalized_exact	absent_from_frozen_graph		false	22B		true	1001	new_candidate	
human	SPIC	spic	SPIC	1	1	1	TRRUST	normalized_exact	absent_from_frozen_graph		false	22B		true	1001	new_candidate	
mouse	Ssb	ssb	Ssb	1	1	1	TRRUST	normalized_exact	absent_from_frozen_graph		false	22B		true	1001	new_candidate	
human	TBPL1	tbpl1	TBPL1	1	1	1	TRRUST	normalized_exact	absent_from_frozen_graph		false	22B		true	1001	new_candidate	
human	TBR1	tbr1	TBR1	1	1	1	TRRUST	normalized_exact	absent_from_frozen_graph		false	22B		true	1001	new_candidate	
mouse	Tbr1	tbr1	Tbr1	1	1	1	TRRUST	normalized_exact	absent_from_frozen_graph		false	22B		true	1001	new_candidate	
human	TBX20	tbx20	TBX20	1	1	1	TRRUST	normalized_exact	absent_from_frozen_graph		false	22B		true	1001	new_candidate	
human	TCF19	tcf19	TCF19	1	1	1	TRRUST	normalized_exact	absent_from_frozen_graph		false	22B		true	1001	new_candidate	
mouse	Tcf19	tcf19	Tcf19	1	1	1	TRRUST	normalized_exact	absent_from_frozen_graph		false	22B		true	1001	new_candidate	
human	TCFL5	tcfl5	TCFL5	2	2	1	OmniPath_DoRothEA;TRRUST	normalized_exact	absent_from_frozen_graph		false	22B		true	1001	new_candidate	
mouse	Tcfl5	tcfl5	Tcfl5	1	1	1	TRRUST	normalized_exact	absent_from_frozen_graph		false	22B		true	1001	new_candidate	
human	TEAD4	tead4	TEAD4	1	1	1	TRRUST	normalized_exact	absent_from_frozen_graph		false	22B		true	1001	new_candidate	
mouse	Tef	tef	Tef	1	1	1	TRRUST	normalized_exact	absent_from_frozen_graph		false	22B		true	1001	new_candidate	
human	THAP11	thap11	THAP11	6	0	0	OmniPath_DoRothEA	normalized_exact	absent_from_frozen_graph		false	22B		true	1001	new_candidate	no PMID parsed from imported source records
mouse	Thap11	thap11	Thap11	6	0	0	OmniPath_DoRothEA	normalized_exact	absent_from_frozen_graph		false	22B		true	1001	new_candidate	no PMID parsed from imported source records
human	TIAL1	tial1	TIAL1	1	1	1	TRRUST	normalized_exact	absent_from_frozen_graph		false	22B		true	1001	new_candidate	
mouse	Tial1	tial1	Tial1	1	1	1	TRRUST	normalized_exact	absent_from_frozen_graph		false	22B		true	1001	new_candidate	
human	TLE3	tle3	TLE3	1	1	1	TRRUST	normalized_exact	absent_from_frozen_graph		false	22B		true	1001	new_candidate	
human	TOB1	tob1	TOB1	1	1	1	TRRUST	normalized_exact	absent_from_frozen_graph		false	22B		true	1001	new_candidate	
mouse	Tob1	tob1	Tob1	1	1	1	TRRUST	normalized_exact	absent_from_frozen_graph		false	22B		true	1001	new_candidate	
mouse	Trrap	trrap	Trrap	1	1	1	TRRUST	normalized_exact	absent_from_frozen_graph		false	22B		true	1001	new_candidate	
mouse	Tsg101	tsg101	Tsg101	1	1	1	TRRUST	normalized_exact	absent_from_frozen_graph		false	22B		true	1001	new_candidate	
mouse	Ttf2	ttf2	Ttf2	2	2	1	TRRUST	normalized_exact	absent_from_frozen_graph		false	22B		true	1001	new_candidate	
human	UTF1	utf1	UTF1	1	1	1	TRRUST	normalized_exact	absent_from_frozen_graph		false	22B		true	1001	new_candidate	
mouse	Utf1	utf1	Utf1	1	1	1	TRRUST	normalized_exact	absent_from_frozen_graph		false	22B		true	1001	new_candidate	
human	VEZF1	vezf1	VEZF1	1	1	1	TRRUST	normalized_exact	absent_from_frozen_graph		false	22B		true	1001	new_candidate	
mouse	Wwp1	wwp1	Wwp1	1	1	1	TRRUST	normalized_exact	absent_from_frozen_graph		false	22B		true	1001	new_candidate	
mouse	Xpc	xpc	Xpc	1	1	1	TRRUST	normalized_exact	absent_from_frozen_graph		false	22B		true	1001	new_candidate	
mouse	Zbtb2	zbtb2	Zbtb2	1	1	1	TRRUST	normalized_exact	absent_from_frozen_graph		false	22B		true	1001	new_candidate	
human	ZIC3	zic3	ZIC3	1	1	1	TRRUST	normalized_exact	absent_from_frozen_graph		false	22B		true	1001	new_candidate	
mouse	Znf143	znf143	Znf143	1	1	1	OmniPath_DoRothEA	normalized_exact	absent_from_frozen_graph		false	22B		true	1001	new_candidate	
mouse	Znf382	znf382	Znf382	1	1	1	OmniPath_DoRothEA	normalized_exact	absent_from_frozen_graph		false	22B		true	1001	new_candidate	
mouse	Batf	batf	Batf	1	0	0	OmniPath_DoRothEA	normalized_exact	absent_from_frozen_graph		false	22B		true	1000	new_candidate	no PMID parsed from imported source records
human	BHLHE40	bhlhe40	BHLHE40	1	0	0	OmniPath_DoRothEA	normalized_exact	absent_from_frozen_graph		false	22B		true	1000	new_candidate	no PMID parsed from imported source records
human	GRHL2	grhl2	GRHL2	3	0	0	OmniPath_DoRothEA	normalized_exact	absent_from_frozen_graph		false	22B		true	1000	new_candidate	no PMID parsed from imported source records
mouse	Grhl2	grhl2	Grhl2	2	0	0	OmniPath_DoRothEA	normalized_exact	absent_from_frozen_graph		false	22B		true	1000	new_candidate	no PMID parsed from imported source records
human	MNT	mnt	MNT	3	0	0	OmniPath_DoRothEA	normalized_exact	absent_from_frozen_graph		false	22B		true	1000	new_candidate	no PMID parsed from imported source records
mouse	Nfe2l1	nfe2l1	Nfe2l1	1	0	0	OmniPath_DoRothEA	normalized_exact	absent_from_frozen_graph		false	22B		true	1000	new_candidate	no PMID parsed from imported source records
human	SIX2	six2	SIX2	1	0	0	OmniPath_DoRothEA	normalized_exact	absent_from_frozen_graph		false	22B		true	1000	new_candidate	no PMID parsed from imported source records
human	SOX13	sox13	SOX13	2	0	0	OmniPath_DoRothEA	normalized_exact	absent_from_frozen_graph		false	22B		true	1000	new_candidate	no PMID parsed from imported source records
mouse	Sox13	sox13	Sox13	2	0	0	OmniPath_DoRothEA	normalized_exact	absent_from_frozen_graph		false	22B		true	1000	new_candidate	no PMID parsed from imported source records
human	SOX8	sox8	SOX8	1	0	0	OmniPath_DoRothEA	normalized_exact	absent_from_frozen_graph		false	22B		true	1000	new_candidate	no PMID parsed from imported source records
human	TEAD2	tead2	TEAD2	2	0	0	OmniPath_DoRothEA	normalized_exact	absent_from_frozen_graph		false	22B		true	1000	new_candidate	no PMID parsed from imported source records
human	THAP1	thap1	THAP1	1	0	0	OmniPath_DoRothEA	normalized_exact	absent_from_frozen_graph		false	22B		true	1000	new_candidate	no PMID parsed from imported source records
mouse	Thap1	thap1	Thap1	1	0	0	OmniPath_DoRothEA	normalized_exact	absent_from_frozen_graph		false	22B		true	1000	new_candidate	no PMID parsed from imported source records
human	ZNF740	znf740	ZNF740	2	0	0	OmniPath_DoRothEA	normalized_exact	absent_from_frozen_graph		false	22B		true	1000	new_candidate	no PMID parsed from imported source records
mouse	Znf740	znf740	Znf740	2	0	0	OmniPath_DoRothEA	normalized_exact	absent_from_frozen_graph		false	22B		true	1000	new_candidate	no PMID parsed from imported source records
mouse	F6Y2T6	f6y2t6	F6Y2T6	30	30	214	OmniPath_DoRothEA	normalized_exact	absent_from_frozen_graph		false	22B		false	221	new_candidate	
mouse	A4QPD3	a4qpd3	A4QPD3	18	18	182	OmniPath_DoRothEA	normalized_exact	absent_from_frozen_graph		false	22B		false	186	new_candidate	
mouse	E9QQ91	e9qq91	E9QQ91	19	19	106	OmniPath_DoRothEA	normalized_exact	absent_from_frozen_graph		false	22B		false	110	new_candidate	
mouse	Notch1	notch1	Notch1	24	24	21	TRRUST	normalized_exact	mapped_unique	12867	false	22B		false	77	new_candidate	
mouse	A2A5C3	a2a5c3	A2A5C3	18	17	69	OmniPath_DoRothEA	normalized_exact	absent_from_frozen_graph		false	22B		false	73	new_candidate	
mouse	B5B2N2	b5b2n2	B5B2N2	9	5	56	OmniPath_DoRothEA	normalized_exact	absent_from_frozen_graph		false	22B		false	58	new_candidate	
mouse	Tgfb1	tgfb1	Tgfb1	5	5	5	TRRUST	normalized_exact	mapped_unique	13531	false	22B		false	56	new_candidate	
mouse	Notch2	notch2	Notch2	4	4	4	TRRUST	normalized_exact	mapped_unique	12868	false	22B		false	55	new_candidate	
mouse	Nfatc4	nfatc4	Nfatc4	4	4	3	TRRUST	normalized_exact	mapped_unique	12781	true	22B		false	54	new_candidate	
mouse	Tnf	tnf	Tnf	2	2	2	TRRUST	normalized_exact	mapped_unique	13468	false	22B		false	52	new_candidate	
mouse	Wnt1	wnt1	Wnt1	4	4	1	TRRUST	normalized_exact	mapped_unique	13683	false	22B		false	52	new_candidate	
mouse	Bmp4	bmp4	Bmp4	1	1	1	TRRUST	normalized_exact	mapped_unique	11352	false	22B		false	51	new_candidate	
mouse	Bmp6	bmp6	Bmp6	1	1	1	TRRUST	normalized_exact	mapped_unique	11354	false	22B		false	51	new_candidate	
mouse	Ccnd1	ccnd1	Ccnd1	1	1	1	TRRUST	normalized_exact	mapped_unique	11567	false	22B		false	51	new_candidate	
mouse	Cd7	cd7	Cd7	1	1	1	TRRUST	normalized_exact	mapped_unique	11597	false	22B		false	51	new_candidate	
mouse	Csf2	csf2	Csf2	1	1	1	TRRUST	normalized_exact	mapped_unique	11671	false	22B		false	51	new_candidate	
mouse	Ctf1	ctf1	Ctf1	1	1	1	TRRUST	normalized_exact	mapped_unique	11674	false	22B		false	51	new_candidate	
mouse	Dmp1	dmp1	Dmp1	1	1	1	TRRUST	normalized_exact	mapped_unique	11734	false	22B		false	51	new_candidate	
mouse	Edn1	edn1	Edn1	1	1	1	TRRUST	normalized_exact	mapped_unique	11814	false	22B		false	51	new_candidate	
human	EGF	egf	EGF	1	1	1	TRRUST	normalized_exact	mapped_unique	11825	false	22B		false	51	new_candidate	
mouse	Epo	epo	Epo	1	1	1	TRRUST	normalized_exact	mapped_unique	11865	false	22B		false	51	new_candidate	
mouse	Epor	epor	Epor	1	1	1	TRRUST	normalized_exact	mapped_unique	11866	false	22B		false	51	new_candidate	
mouse	Gnrh1	gnrh1	Gnrh1	1	1	1	TRRUST	normalized_exact	mapped_unique	12155	false	22B		false	51	new_candidate	
mouse	H3BJ24	h3bj24	H3BJ24	162	21	11	OmniPath_DoRothEA	normalized_exact	absent_from_frozen_graph		false	22B		false	51	new_candidate	
mouse	Havcr2	havcr2	Havcr2	1	1	1	TRRUST	normalized_exact	mapped_unique	12214	false	22B		false	51	new_candidate	
mouse	Hgf	hgf	Hgf	1	1	1	TRRUST	normalized_exact	mapped_unique	12221	false	22B		false	51	new_candidate	
mouse	Il10	il10	Il10	1	1	1	TRRUST	normalized_exact	mapped_unique	12456	false	22B		false	51	new_candidate	
mouse	Il4	il4	Il4	1	1	1	TRRUST	normalized_exact	mapped_unique	12495	false	22B		false	51	new_candidate	
mouse	Notch4	notch4	Notch4	3	3	1	TRRUST	normalized_exact	mapped_unique	12870	false	22B		false	51	new_candidate	
mouse	Prl	prl	Prl	1	1	1	TRRUST	normalized_exact	mapped_unique	13046	false	22B		false	51	new_candidate	
mouse	Pth	pth	Pth	1	1	1	TRRUST	normalized_exact	mapped_unique	13060	false	22B		false	51	new_candidate	
mouse	Pthlh	pthlh	Pthlh	2	2	1	TRRUST	normalized_exact	mapped_unique	13064	false	22B		false	51	new_candidate	
mouse	Shh	shh	Shh	1	1	1	TRRUST	normalized_exact	mapped_unique	13338	false	22B		false	51	new_candidate	
human	STAT5	stat5	STAT5	1	1	1	TRRUST	normalized_exact	mapped_unique	13287	true	22B		false	51	new_candidate	
mouse	Tlr4	tlr4	Tlr4	1	1	1	TRRUST	normalized_exact	mapped_unique	13554	false	22B		false	51	new_candidate	
mouse	Wnt5a	wnt5a	Wnt5a	2	2	1	TRRUST	normalized_exact	mapped_unique	13686	false	22B		false	51	new_candidate	
human	RORC	rorc	RORC	4	4	30	OmniPath_DoRothEA;TRRUST	normalized_exact	absent_from_frozen_graph		false	22B		false	31	new_candidate	
mouse	E9PZJ2	e9pzj2	E9PZJ2	11	9	21	OmniPath_DoRothEA	normalized_exact	absent_from_frozen_graph		false	22B		false	23	new_candidate	
mouse	Trp73	trp73	Trp73	19	19	19	TRRUST	normalized_exact	absent_from_frozen_graph		false	22B		false	23	new_candidate	
human	HDAC9	hdac9	HDAC9	19	19	15	TRRUST	normalized_exact	absent_from_frozen_graph		false	22B		false	19	new_candidate	
mouse	G3X8Q7	g3x8q7	G3X8Q7	2	2	15	OmniPath_DoRothEA	normalized_exact	absent_from_frozen_graph		false	22B		false	15	new_candidate	
human	HDAC7	hdac7	HDAC7	14	14	11	TRRUST	normalized_exact	absent_from_frozen_graph		false	22B		false	14	new_candidate	
human	NPM1	npm1	NPM1	11	11	10	TRRUST	normalized_exact	absent_from_frozen_graph		false	22B		false	12	new_candidate	
human	ENO1	eno1	ENO1	5	5	10	TRRUST	normalized_exact	absent_from_frozen_graph		false	22B		false	11	new_candidate	
human	HIPK2	hipk2	HIPK2	9	9	9	TRRUST	normalized_exact	absent_from_frozen_graph		false	22B		false	11	new_candidate	
mouse	Tbx1	tbx1	Tbx1	9	9	9	TRRUST	normalized_exact	absent_from_frozen_graph		false	22B		false	11	new_candidate	
human	TFAP4	tfap4	TFAP4	10	9	9	OmniPath_DoRothEA;TRRUST	normalized_exact	absent_from_frozen_graph		false	22B		false	11	new_candidate	
mouse	Trp63	trp63	Trp63	10	10	9	TRRUST	normalized_exact	absent_from_frozen_graph		false	22B		false	11	new_candidate	
mouse	E9QPS1	e9qps1	E9QPS1	13	6	7	OmniPath_DoRothEA	normalized_exact	absent_from_frozen_graph		false	22B		false	10	new_candidate	
human	HDAC5	hdac5	HDAC5	10	10	8	TRRUST	normalized_exact	absent_from_frozen_graph		false	22B		false	10	new_candidate	
human	HNF4G	hnf4g	HNF4G	10	7	8	OmniPath_DoRothEA;TRRUST	normalized_exact	absent_from_frozen_graph		false	22B		false	10	new_candidate	
mouse	Myf5	myf5	Myf5	10	10	8	TRRUST	normalized_exact	absent_from_frozen_graph		false	22B		false	10	new_candidate	
mouse	G3UYV8	g3uyv8	G3UYV8	4	4	8	OmniPath_DoRothEA	normalized_exact	absent_from_frozen_graph		false	22B		false	9	new_candidate	
human	TEAD1	tead1	TEAD1	13	7	6	OmniPath_DoRothEA;TRRUST	normalized_exact	absent_from_frozen_graph		false	22B		false	9	new_candidate	
human	TLX1	tlx1	TLX1	5	5	8	OmniPath_DoRothEA;TRRUST	normalized_exact	absent_from_frozen_graph		false	22B		false	9	new_candidate	
human	ZNF202	znf202	ZNF202	5	5	8	OmniPath_DoRothEA;TRRUST	normalized_exact	absent_from_frozen_graph		false	22B		false	9	new_candidate	
mouse	E9QKT0	e9qkt0	E9QKT0	3	3	8	OmniPath_DoRothEA	normalized_exact	absent_from_frozen_graph		false	22B		false	8	new_candidate	
mouse	Pax7	pax7	Pax7	7	7	7	TRRUST	normalized_exact	absent_from_frozen_graph		false	22B		false	8	new_candidate	
mouse	Bcl11b	bcl11b	Bcl11b	9	9	5	TRRUST	normalized_exact	absent_from_frozen_graph		false	22B		false	7	new_candidate	
mouse	Dmtf1	dmtf1	Dmtf1	9	9	5	TRRUST	normalized_exact	absent_from_frozen_graph		false	22B		false	7	new_candidate	
mouse	E9Q2D3	e9q2d3	E9Q2D3	2	2	7	OmniPath_DoRothEA	normalized_exact	absent_from_frozen_graph		false	22B		false	7	new_candidate	
mouse	Etv2	etv2	Etv2	6	6	6	TRRUST	normalized_exact	absent_from_frozen_graph		false	22B		false	7	new_candidate	
mouse	Rnf2	rnf2	Rnf2	8	8	5	TRRUST	normalized_exact	absent_from_frozen_graph		false	22B		false	7	new_candidate	
mouse	Six3	six3	Six3	5	5	6	TRRUST	normalized_exact	absent_from_frozen_graph		false	22B		false	7	new_candidate	
mouse	Tbx6	tbx6	Tbx6	5	5	6	TRRUST	normalized_exact	absent_from_frozen_graph		false	22B		false	7	new_candidate	
mouse	Dlx2	dlx2	Dlx2	6	6	5	TRRUST	normalized_exact	absent_from_frozen_graph		false	22B		false	6	new_candidate	
human	DR1	dr1	DR1	5	5	5	TRRUST	normalized_exact	absent_from_frozen_graph		false	22B		false	6	new_candidate	
mouse	E9PVV1	e9pvv1	E9PVV1	12	1	3	OmniPath_DoRothEA	normalized_exact	absent_from_frozen_graph		false	22B		false	6	new_candidate	
mouse	E9Q1A8	e9q1a8	E9Q1A8	3	3	6	OmniPath_DoRothEA	normalized_exact	absent_from_frozen_graph		false	22B		false	6	new_candidate	
human	ERCC2	ercc2	ERCC2	8	8	4	TRRUST	normalized_exact	absent_from_frozen_graph		false	22B		false	6	new_candidate	
mouse	Neurog2	neurog2	Neurog2	6	6	5	TRRUST	normalized_exact	absent_from_frozen_graph		false	22B		false	6	new_candidate	
mouse	Smad6	smad6	Smad6	5	5	5	TRRUST	normalized_exact	absent_from_frozen_graph		false	22B		false	6	new_candidate	
human	TAF1	taf1	TAF1	5	5	5	TRRUST	normalized_exact	absent_from_frozen_graph		false	22B		false	6	new_candidate	
mouse	Tgfb1i1	tgfb1i1	Tgfb1i1	5	5	5	TRRUST	normalized_exact	absent_from_frozen_graph		false	22B		false	6	new_candidate	
human	UHRF1	uhrf1	UHRF1	5	5	5	TRRUST	normalized_exact	absent_from_frozen_graph		false	22B		false	6	new_candidate	
human	ZFHX3	zfhx3	ZFHX3	5	5	5	OmniPath_DoRothEA;TRRUST	normalized_exact	absent_from_frozen_graph		false	22B		false	6	new_candidate	
mouse	Zfp148	zfp148	Zfp148	6	6	5	TRRUST	normalized_exact	absent_from_frozen_graph		false	22B		false	6	new_candidate	
human	ZNF24	znf24	ZNF24	5	5	5	TRRUST	normalized_exact	absent_from_frozen_graph		false	22B		false	6	new_candidate	
mouse	B1AUF1	b1auf1	B1AUF1	1	1	5	OmniPath_DoRothEA	normalized_exact	absent_from_frozen_graph		false	22B		false	5	new_candidate	
human	CTBP1	ctbp1	CTBP1	4	4	4	TRRUST	normalized_exact	absent_from_frozen_graph		false	22B		false	5	new_candidate	
human	DEK	dek	DEK	5	5	4	TRRUST	normalized_exact	absent_from_frozen_graph		false	22B		false	5	new_candidate	
human	EAPP	eapp	EAPP	4	4	4	TRRUST	normalized_exact	absent_from_frozen_graph		false	22B		false	5	new_candidate	
human	GCM1	gcm1	GCM1	4	4	4	TRRUST	normalized_exact	absent_from_frozen_graph		false	22B		false	5	new_candidate	
human	GTF3A	gtf3a	GTF3A	5	5	4	TRRUST	normalized_exact	absent_from_frozen_graph		false	22B		false	5	new_candidate	
mouse	Hoxa2	hoxa2	Hoxa2	4	4	4	TRRUST	normalized_exact	absent_from_frozen_graph		false	22B		false	5	new_candidate	
human	IFI16	ifi16	IFI16	5	5	4	TRRUST	normalized_exact	absent_from_frozen_graph		false	22B		false	5	new_candidate	
human	PA2G4	pa2g4	PA2G4	5	5	4	TRRUST	normalized_exact	absent_from_frozen_graph		false	22B		false	5	new_candidate	
mouse	Prrx1	prrx1	Prrx1	4	4	4	TRRUST	normalized_exact	absent_from_frozen_graph		false	22B		false	5	new_candidate	
mouse	Smarca2	smarca2	Smarca2	5	5	4	TRRUST	normalized_exact	absent_from_frozen_graph		false	22B		false	5	new_candidate	
mouse	Sp8	sp8	Sp8	4	4	4	TRRUST	normalized_exact	absent_from_frozen_graph		false	22B		false	5	new_candidate	
mouse	Tcf21	tcf21	Tcf21	6	6	4	TRRUST	normalized_exact	absent_from_frozen_graph		false	22B		false	5	new_candidate	
mouse	Zfpm1	zfpm1	Zfpm1	5	5	4	TRRUST	normalized_exact	absent_from_frozen_graph		false	22B		false	5	new_candidate	
human	ZNF224	znf224	ZNF224	3	3	5	OmniPath_DoRothEA;TRRUST	normalized_exact	absent_from_frozen_graph		false	22B		false	5	new_candidate	
human	ZNF350	znf350	ZNF350	4	4	4	TRRUST	normalized_exact	absent_from_frozen_graph		false	22B		false	5	new_candidate	
human	BRD7	brd7	BRD7	4	4	3	TRRUST	normalized_exact	absent_from_frozen_graph		false	22B		false	4	new_candidate	
human	BTAF1	btaf1	BTAF1	3	3	4	TRRUST	normalized_exact	absent_from_frozen_graph		false	22B		false	4	new_candidate	
human	CREB5	creb5	CREB5	13	13	1	TRRUST	normalized_exact	absent_from_frozen_graph		false	22B		false	4	new_candidate	
mouse	D3Z4G2	d3z4g2	D3Z4G2	1	1	4	OmniPath_DoRothEA	normalized_exact	absent_from_frozen_graph		false	22B		false	4	new_candidate	
mouse	Hesx1	hesx1	Hesx1	6	6	3	TRRUST	normalized_exact	absent_from_frozen_graph		false	22B		false	4	new_candidate	
human	HOXA7	hoxa7	HOXA7	5	5	3	TRRUST	normalized_exact	absent_from_frozen_graph		false	22B		false	4	new_candidate	
human	KDM4B	kdm4b	KDM4B	5	5	3	TRRUST	normalized_exact	absent_from_frozen_graph		false	22B		false	4	new_candidate	
mouse	Meox1	meox1	Meox1	4	4	3	TRRUST	normalized_exact	absent_from_frozen_graph		false	22B		false	4	new_candidate	
mouse	Mixl1	mixl1	Mixl1	4	4	3	TRRUST	normalized_exact	absent_from_frozen_graph		false	22B		false	4	new_candidate	
mouse	Ndn	ndn	Ndn	4	4	3	TRRUST	normalized_exact	absent_from_frozen_graph		false	22B		false	4	new_candidate	
human	PTMA	ptma	PTMA	4	4	3	TRRUST	normalized_exact	absent_from_frozen_graph		false	22B		false	4	new_candidate	
human	RB1CC1	rb1cc1	RB1CC1	3	3	4	TRRUST	normalized_exact	absent_from_frozen_graph		false	22B		false	4	new_candidate	
human	SHOX	shox	SHOX	4	4	3	TRRUST	normalized_exact	absent_from_frozen_graph		false	22B		false	4	new_candidate	
human	TRAF6	traf6	TRAF6	3	3	4	TRRUST	normalized_exact	absent_from_frozen_graph		false	22B		false	4	new_candidate	
mouse	Trp53bp1	trp53bp1	Trp53bp1	4	4	3	TRRUST	normalized_exact	absent_from_frozen_graph		false	22B		false	4	new_candidate	
human	ZHX2	zhx2	ZHX2	4	4	3	TRRUST	normalized_exact	absent_from_frozen_graph		false	22B		false	4	new_candidate	
mouse	A3KN90	a3kn90	A3KN90	1	1	3	OmniPath_DoRothEA	normalized_exact	absent_from_frozen_graph		false	22B		false	3	new_candidate	
mouse	A5D6P6	a5d6p6	A5D6P6	3	3	3	OmniPath_DoRothEA	normalized_exact	absent_from_frozen_graph		false	22B		false	3	new_candidate	
human	AIP	aip	AIP	5	5	2	TRRUST	normalized_exact	absent_from_frozen_graph		false	22B		false	3	new_candidate	
human	BTF3	btf3	BTF3	9	9	1	TRRUST	normalized_exact	absent_from_frozen_graph		false	22B		false	3	new_candidate	
human	CBFB	cbfb	CBFB	4	4	2	TRRUST	normalized_exact	absent_from_frozen_graph		false	22B		false	3	new_candidate	
mouse	Chd7	chd7	Chd7	5	5	2	TRRUST	normalized_exact	absent_from_frozen_graph		false	22B		false	3	new_candidate	
human	CTNNBIP1	ctnnbip1	CTNNBIP1	3	3	3	TRRUST	normalized_exact	absent_from_frozen_graph		false	22B		false	3	new_candidate	
human	DDB2	ddb2	DDB2	3	3	3	TRRUST	normalized_exact	absent_from_frozen_graph		false	22B		false	3	new_candidate	
mouse	Egr4	egr4	Egr4	2	2	3	TRRUST	normalized_exact	absent_from_frozen_graph		false	22B		false	3	new_candidate	
human	ELL	ell	ELL	4	4	2	TRRUST	normalized_exact	absent_from_frozen_graph		false	22B		false	3	new_candidate	
human	FOXE1	foxe1	FOXE1	2	2	3	TRRUST	normalized_exact	absent_from_frozen_graph		false	22B		false	3	new_candidate	
human	FOXF2	foxf2	FOXF2	8	8	1	TRRUST	normalized_exact	absent_from_frozen_graph		false	22B		false	3	new_candidate	
human	FUBP1	fubp1	FUBP1	2	2	3	TRRUST	normalized_exact	absent_from_frozen_graph		false	22B		false	3	new_candidate	
mouse	G3UW90	g3uw90	G3UW90	1	1	3	OmniPath_DoRothEA	normalized_exact	absent_from_frozen_graph		false	22B		false	3	new_candidate	
human	ING2	ing2	ING2	3	3	3	TRRUST	normalized_exact	absent_from_frozen_graph		false	22B		false	3	new_candidate	
human	PAWR	pawr	PAWR	2	2	3	TRRUST	normalized_exact	absent_from_frozen_graph		false	22B		false	3	new_candidate	
mouse	Ppargc1b	ppargc1b	Ppargc1b	3	3	3	TRRUST	normalized_exact	absent_from_frozen_graph		false	22B		false	3	new_candidate	
human	RFX2	rfx2	RFX2	2	2	3	TRRUST	normalized_exact	absent_from_frozen_graph		false	22B		false	3	new_candidate	
human	SNW1	snw1	SNW1	3	3	3	TRRUST	normalized_exact	absent_from_frozen_graph		false	22B		false	3	new_candidate	
mouse	Sox18	sox18	Sox18	3	3	3	TRRUST	normalized_exact	absent_from_frozen_graph		false	22B		false	3	new_candidate	
mouse	Sox7	sox7	Sox7	3	3	3	TRRUST	normalized_exact	absent_from_frozen_graph		false	22B		false	3	new_candidate	
human	SP100	sp100	SP100	2	2	3	OmniPath_DoRothEA;TRRUST	normalized_exact	absent_from_frozen_graph		false	22B		false	3	new_candidate	
mouse	Sufu	sufu	Sufu	3	3	3	TRRUST	normalized_exact	absent_from_frozen_graph		false	22B		false	3	new_candidate	
mouse	Tlx3	tlx3	Tlx3	3	3	3	TRRUST	normalized_exact	absent_from_frozen_graph		false	22B		false	3	new_candidate	
human	TRERF1	trerf1	TRERF1	7	7	2	TRRUST	normalized_exact	absent_from_frozen_graph		false	22B		false	3	new_candidate	
human	TRIB3	trib3	TRIB3	2	2	3	TRRUST	normalized_exact	absent_from_frozen_graph		false	22B		false	3	new_candidate	
human	TSC22D3	tsc22d3	TSC22D3	5	5	2	TRRUST	normalized_exact	absent_from_frozen_graph		false	22B		false	3	new_candidate	
mouse	Ttf1	ttf1	Ttf1	1	1	3	TRRUST	normalized_exact	absent_from_frozen_graph		false	22B		false	3	new_candidate	
mouse	Vsx2	vsx2	Vsx2	3	3	3	TRRUST	normalized_exact	absent_from_frozen_graph		false	22B		false	3	new_candidate	
mouse	Zfp385a	zfp385a	Zfp385a	3	3	3	TRRUST	normalized_exact	absent_from_frozen_graph		false	22B		false	3	new_candidate	
mouse	Zfp423	zfp423	Zfp423	4	4	2	TRRUST	normalized_exact	absent_from_frozen_graph		false	22B		false	3	new_candidate	
mouse	Zfpm2	zfpm2	Zfpm2	3	3	3	TRRUST	normalized_exact	absent_from_frozen_graph		false	22B		false	3	new_candidate	
human	ARID1A	arid1a	ARID1A	3	3	2	TRRUST	normalized_exact	absent_from_frozen_graph		false	22B		false	2	new_candidate	
human	ATF7	atf7	ATF7	2	2	2	TRRUST	normalized_exact	absent_from_frozen_graph		false	22B		false	2	new_candidate	
human	BHLHE41	bhlhe41	BHLHE41	2	2	2	TRRUST	normalized_exact	absent_from_frozen_graph		false	22B		false	2	new_candidate	
human	BRIP1	brip1	BRIP1	2	2	2	TRRUST	normalized_exact	absent_from_frozen_graph		false	22B		false	2	new_candidate	
human	CBX7	cbx7	CBX7	2	2	2	TRRUST	normalized_exact	absent_from_frozen_graph		false	22B		false	2	new_candidate	
mouse	Creb3l3	creb3l3	Creb3l3	2	2	2	TRRUST	normalized_exact	absent_from_frozen_graph		false	22B		false	2	new_candidate	
mouse	Dnmt3b	dnmt3b	Dnmt3b	3	3	2	TRRUST	normalized_exact	absent_from_frozen_graph		false	22B		false	2	new_candidate	
mouse	Dot1l	dot1l	Dot1l	1	1	2	TRRUST	normalized_exact	absent_from_frozen_graph		false	22B		false	2	new_candidate	
mouse	Elf5	elf5	Elf5	2	2	2	TRRUST	normalized_exact	absent_from_frozen_graph		false	22B		false	2	new_candidate	
mouse	Emx2	emx2	Emx2	2	2	2	TRRUST	normalized_exact	absent_from_frozen_graph		false	22B		false	2	new_candidate	
mouse	F8VPV3	f8vpv3	F8VPV3	2	2	2	OmniPath_DoRothEA	normalized_exact	absent_from_frozen_graph		false	22B		false	2	new_candidate	
mouse	Foxd1	foxd1	Foxd1	2	2	2	TRRUST	normalized_exact	absent_from_frozen_graph		false	22B		false	2	new_candidate	
human	FOXK2	foxk2	FOXK2	2	2	2	TRRUST	normalized_exact	absent_from_frozen_graph		false	22B		false	2	new_candidate	
mouse	Gcgr	gcgr	Gcgr	2	2	2	TRRUST	normalized_exact	absent_from_frozen_graph		false	22B		false	2	new_candidate	
mouse	Gtf2ird1	gtf2ird1	Gtf2ird1	6	6	1	TRRUST	normalized_exact	absent_from_frozen_graph		false	22B		false	2	new_candidate	
mouse	Hcls1	hcls1	Hcls1	2	2	2	TRRUST	normalized_exact	absent_from_frozen_graph		false	22B		false	2	new_candidate	
mouse	Hes7	hes7	Hes7	2	2	2	TRRUST	normalized_exact	absent_from_frozen_graph		false	22B		false	2	new_candidate	
human	HMGN1	hmgn1	HMGN1	3	3	2	TRRUST	normalized_exact	absent_from_frozen_graph		false	22B		false	2	new_candidate	
human	HOPX	hopx	HOPX	3	3	2	TRRUST	normalized_exact	absent_from_frozen_graph		false	22B		false	2	new_candidate	
mouse	Hoxb2	hoxb2	Hoxb2	2	2	2	TRRUST	normalized_exact	absent_from_frozen_graph		false	22B		false	2	new_candidate	
mouse	Ikzf2	ikzf2	Ikzf2	2	2	2	TRRUST	normalized_exact	absent_from_frozen_graph		false	22B		false	2	new_candidate	
mouse	Ikzf3	ikzf3	Ikzf3	2	2	2	TRRUST	normalized_exact	absent_from_frozen_graph		false	22B		false	2	new_candidate	
human	KAT6A	kat6a	KAT6A	1	1	2	TRRUST	normalized_exact	absent_from_frozen_graph		false	22B		false	2	new_candidate	
human	KDM2A	kdm2a	KDM2A	3	3	2	TRRUST	normalized_exact	absent_from_frozen_graph		false	22B		false	2	new_candidate	
human	L3MBTL1	l3mbtl1	L3MBTL1	2	2	2	TRRUST	normalized_exact	absent_from_frozen_graph		false	22B		false	2	new_candidate	
mouse	Lbx1	lbx1	Lbx1	3	3	2	TRRUST	normalized_exact	absent_from_frozen_graph		false	22B		false	2	new_candidate	
human	LRRFIP1	lrrfip1	LRRFIP1	2	2	2	TRRUST	normalized_exact	absent_from_frozen_graph		false	22B		false	2	new_candidate	
human	MAML1	maml1	MAML1	3	3	2	TRRUST	normalized_exact	absent_from_frozen_graph		false	22B		false	2	new_candidate	
mouse	Mkx	mkx	Mkx	3	3	2	TRRUST	normalized_exact	absent_from_frozen_graph		false	22B		false	2	new_candidate	
mouse	Mtf2	mtf2	Mtf2	2	2	2	TRRUST	normalized_exact	absent_from_frozen_graph		false	22B		false	2	new_candidate	
human	NELFB	nelfb	NELFB	2	2	2	TRRUST	normalized_exact	absent_from_frozen_graph		false	22B		false	2	new_candidate	
mouse	Neurod6	neurod6	Neurod6	2	2	2	TRRUST	normalized_exact	absent_from_frozen_graph		false	22B		false	2	new_candidate	
mouse	Neurog1	neurog1	Neurog1	2	2	2	TRRUST	normalized_exact	absent_from_frozen_graph		false	22B		false	2	new_candidate	
mouse	Nkx3-2	nkx3-2	Nkx3-2	2	2	2	TRRUST	normalized_exact	absent_from_frozen_graph		false	22B		false	2	new_candidate	
mouse	Nr2c1	nr2c1	Nr2c1	2	2	2	TRRUST	normalized_exact	absent_from_frozen_graph		false	22B		false	2	new_candidate	
mouse	Pax9	pax9	Pax9	2	2	2	TRRUST	normalized_exact	absent_from_frozen_graph		false	22B		false	2	new_candidate	
mouse	Pelp1	pelp1	Pelp1	5	5	1	TRRUST	normalized_exact	absent_from_frozen_graph		false	22B		false	2	new_candidate	
human	PHB2	phb2	PHB2	2	2	2	TRRUST	normalized_exact	absent_from_frozen_graph		false	22B		false	2	new_candidate	
human	PLAGL1	plagl1	PLAGL1	3	3	2	OmniPath_DoRothEA;TRRUST	normalized_exact	absent_from_frozen_graph		false	22B		false	2	new_candidate	
mouse	Prdm16	prdm16	Prdm16	2	2	2	TRRUST	normalized_exact	absent_from_frozen_graph		false	22B		false	2	new_candidate	
human	PREB	preb	PREB	2	2	2	TRRUST	normalized_exact	absent_from_frozen_graph		false	22B		false	2	new_candidate	
mouse	Prop1	prop1	Prop1	2	2	2	TRRUST	normalized_exact	absent_from_frozen_graph		false	22B		false	2	new_candidate	
mouse	Prrx2	prrx2	Prrx2	2	2	2	TRRUST	normalized_exact	absent_from_frozen_graph		false	22B		false	2	new_candidate	
human	RFWD2	rfwd2	RFWD2	3	3	2	TRRUST	normalized_exact	absent_from_frozen_graph		false	22B		false	2	new_candidate	
mouse	Sall2	sall2	Sall2	3	3	2	TRRUST	normalized_exact	absent_from_frozen_graph		false	22B		false	2	new_candidate	
human	SALL3	sall3	SALL3	2	2	2	TRRUST	normalized_exact	absent_from_frozen_graph		false	22B		false	2	new_candidate	
human	SIRT2	sirt2	SIRT2	3	3	2	TRRUST	normalized_exact	absent_from_frozen_graph		false	22B		false	2	new_candidate	
mouse	Smad9	smad9	Smad9	2	2	2	TRRUST	normalized_exact	absent_from_frozen_graph		false	22B		false	2	new_candidate	
mouse	Smarcc1	smarcc1	Smarcc1	2	2	2	TRRUST	normalized_exact	absent_from_frozen_graph		false	22B		false	2	new_candidate	
human	SNIP1	snip1	SNIP1	2	2	2	TRRUST	normalized_exact	absent_from_frozen_graph		false	22B		false	2	new_candidate	
mouse	Sox15	sox15	Sox15	2	2	2	TRRUST	normalized_exact	absent_from_frozen_graph		false	22B		false	2	new_candidate	
human	SRCAP	srcap	SRCAP	2	2	2	TRRUST	normalized_exact	absent_from_frozen_graph		false	22B		false	2	new_candidate	
human	SRSF1	srsf1	SRSF1	2	2	2	TRRUST	normalized_exact	absent_from_frozen_graph		false	22B		false	2	new_candidate	
mouse	Syt1	syt1	Syt1	2	2	2	TRRUST	normalized_exact	absent_from_frozen_graph		false	22B		false	2	new_candidate	
human	TAF4	taf4	TAF4	2	2	2	TRRUST	normalized_exact	absent_from_frozen_graph		false	22B		false	2	new_candidate	
mouse	Tardbp	tardbp	Tardbp	2	2	2	TRRUST	normalized_exact	absent_from_frozen_graph		false	22B		false	2	new_candidate	
human	TFDP3	tfdp3	TFDP3	2	2	2	TRRUST	normalized_exact	absent_from_frozen_graph		false	22B		false	2	new_candidate	
mouse	Tfe3	tfe3	Tfe3	2	2	2	TRRUST	normalized_exact	absent_from_frozen_graph		false	22B		false	2	new_candidate	
human	TGIF1	tgif1	TGIF1	2	2	2	TRRUST	normalized_exact	absent_from_frozen_graph		false	22B		false	2	new_candidate	
mouse	Tle2	tle2	Tle2	4	4	1	TRRUST	normalized_exact	absent_from_frozen_graph		false	22B		false	2	new_candidate	
human	TP53BP1	tp53bp1	TP53BP1	2	2	2	TRRUST	normalized_exact	absent_from_frozen_graph		false	22B		false	2	new_candidate	
mouse	Trim13	trim13	Trim13	2	2	2	TRRUST	normalized_exact	absent_from_frozen_graph		false	22B		false	2	new_candidate	
human	TRIM16	trim16	TRIM16	3	3	2	TRRUST	normalized_exact	absent_from_frozen_graph		false	22B		false	2	new_candidate	
human	UPF1	upf1	UPF1	2	2	2	TRRUST	normalized_exact	absent_from_frozen_graph		false	22B		false	2	new_candidate	
human	WHSC1	whsc1	WHSC1	2	2	2	TRRUST	normalized_exact	absent_from_frozen_graph		false	22B		false	2	new_candidate	
mouse	Zfp143	zfp143	Zfp143	2	2	2	TRRUST	normalized_exact	absent_from_frozen_graph		false	22B		false	2	new_candidate	
mouse	Zfp513	zfp513	Zfp513	4	4	1	TRRUST	normalized_exact	absent_from_frozen_graph		false	22B		false	2	new_candidate	
human	ZNF267	znf267	ZNF267	2	2	2	OmniPath_DoRothEA;TRRUST	normalized_exact	absent_from_frozen_graph		false	22B		false	2	new_candidate	
human	ZNF300	znf300	ZNF300	5	5	1	TRRUST	normalized_exact	absent_from_frozen_graph		false	22B		false	2	new_candidate	
human	ZNF76	znf76	ZNF76	3	3	2	TRRUST	normalized_exact	absent_from_frozen_graph		false	22B		false	2	new_candidate	
human	ZNRD1	znrd1	ZNRD1	2	2	2	TRRUST	normalized_exact	absent_from_frozen_graph		false	22B		false	2	new_candidate	
mouse	Zscan10	zscan10	Zscan10	3	3	2	TRRUST	normalized_exact	absent_from_frozen_graph		false	22B		false	2	new_candidate	
mouse	Aebp2	aebp2	Aebp2	2	2	1	TRRUST	normalized_exact	absent_from_frozen_graph		false	22B		false	1	new_candidate	
mouse	Alx4	alx4	Alx4	1	1	1	TRRUST	normalized_exact	absent_from_frozen_graph		false	22B		false	1	new_candidate	
human	ARID1B	arid1b	ARID1B	1	1	1	TRRUST	normalized_exact	absent_from_frozen_graph		false	22B		false	1	new_candidate	
mouse	Arid3b	arid3b	Arid3b	1	1	1	TRRUST	normalized_exact	absent_from_frozen_graph		false	22B		false	1	new_candidate	
mouse	Arid5b	arid5b	Arid5b	1	1	1	TRRUST	normalized_exact	absent_from_frozen_graph		false	22B		false	1	new_candidate	
mouse	Arl6ip5	arl6ip5	Arl6ip5	2	2	1	TRRUST	normalized_exact	absent_from_frozen_graph		false	22B		false	1	new_candidate	
human	ATRX	atrx	ATRX	2	2	1	TRRUST	normalized_exact	absent_from_frozen_graph		false	22B		false	1	new_candidate	
human	BARD1	bard1	BARD1	1	1	1	TRRUST	normalized_exact	absent_from_frozen_graph		false	22B		false	1	new_candidate	
mouse	Batf2	batf2	Batf2	3	3	1	TRRUST	normalized_exact	absent_from_frozen_graph		false	22B		false	1	new_candidate	
mouse	Batf3	batf3	Batf3	1	1	1	TRRUST	normalized_exact	absent_from_frozen_graph		false	22B		false	1	new_candidate	
mouse	Bcl6b	bcl6b	Bcl6b	1	1	1	TRRUST	normalized_exact	absent_from_frozen_graph		false	22B		false	1	new_candidate	
human	BDP1	bdp1	BDP1	3	3	1	TRRUST	normalized_exact	absent_from_frozen_graph		false	22B		false	1	new_candidate	
human	BIN1	bin1	BIN1	1	1	1	TRRUST	normalized_exact	absent_from_frozen_graph		false	22B		false	1	new_candidate	
human	BPTF	bptf	BPTF	1	1	1	TRRUST	normalized_exact	absent_from_frozen_graph		false	22B		false	1	new_candidate	
human	BRPF1	brpf1	BRPF1	2	2	1	TRRUST	normalized_exact	absent_from_frozen_graph		false	22B		false	1	new_candidate	
mouse	Bub3	bub3	Bub3	1	1	1	TRRUST	normalized_exact	absent_from_frozen_graph		false	22B		false	1	new_candidate	
mouse	Cbx6	cbx6	Cbx6	1	1	1	TRRUST	normalized_exact	absent_from_frozen_graph		false	22B		false	1	new_candidate	
human	CBX8	cbx8	CBX8	1	1	1	TRRUST	normalized_exact	absent_from_frozen_graph		false	22B		false	1	new_candidate	
human	CDC5L	cdc5l	CDC5L	1	1	1	TRRUST	normalized_exact	absent_from_frozen_graph		false	22B		false	1	new_candidate	
human	CDCA7L	cdca7l	CDCA7L	1	1	1	TRRUST	normalized_exact	absent_from_frozen_graph		false	22B		false	1	new_candidate	
mouse	Cdx4	cdx4	Cdx4	1	1	1	TRRUST	normalized_exact	absent_from_frozen_graph		false	22B		false	1	new_candidate	
mouse	Chd1	chd1	Chd1	1	1	1	TRRUST	normalized_exact	absent_from_frozen_graph		false	22B		false	1	new_candidate	
human	CNBP	cnbp	CNBP	1	1	1	TRRUST	normalized_exact	absent_from_frozen_graph		false	22B		false	1	new_candidate	
mouse	Cnot3	cnot3	Cnot3	2	2	1	TRRUST	normalized_exact	absent_from_frozen_graph		false	22B		false	1	new_candidate	
human	CNOT8	cnot8	CNOT8	2	2	1	TRRUST	normalized_exact	absent_from_frozen_graph		false	22B		false	1	new_candidate	
human	CRABP2	crabp2	CRABP2	1	1	1	TRRUST	normalized_exact	absent_from_frozen_graph		false	22B		false	1	new_candidate	
mouse	Crebzf	crebzf	Crebzf	1	1	1	TRRUST	normalized_exact	absent_from_frozen_graph		false	22B		false	1	new_candidate	
human	CREG1	creg1	CREG1	1	1	1	TRRUST	normalized_exact	absent_from_frozen_graph		false	22B		false	1	new_candidate	
mouse	Cry1	cry1	Cry1	1	1	1	TRRUST	normalized_exact	absent_from_frozen_graph		false	22B		false	1	new_candidate	
mouse	Csf1	csf1	Csf1	1	1	1	TRRUST	normalized_exact	absent_from_frozen_graph		false	22B		false	1	new_candidate	
mouse	Ctr9	ctr9	Ctr9	1	1	1	TRRUST	normalized_exact	absent_from_frozen_graph		false	22B		false	1	new_candidate	
mouse	Cux2	cux2	Cux2	1	1	1	TRRUST	normalized_exact	absent_from_frozen_graph		false	22B		false	1	new_candidate	
mouse	D3YU76	d3yu76	D3YU76	1	1	1	OmniPath_DoRothEA	normalized_exact	absent_from_frozen_graph		false	22B		false	1	new_candidate	
mouse	Dab2	dab2	Dab2	1	1	1	TRRUST	normalized_exact	absent_from_frozen_graph		false	22B		false	1	new_candidate	
mouse	Dach2	dach2	Dach2	1	1	1	TRRUST	normalized_exact	absent_from_frozen_graph		false	22B		false	1	new_candidate	
human	DDB1	ddb1	DDB1	1	1	1	TRRUST	normalized_exact	absent_from_frozen_graph		false	22B		false	1	new_candidate	
mouse	Ddx54	ddx54	Ddx54	1	1	1	TRRUST	normalized_exact	absent_from_frozen_graph		false	22B		false	1	new_candidate	
mouse	Ddx58	ddx58	Ddx58	1	1	1	TRRUST	normalized_exact	absent_from_frozen_graph		false	22B		false	1	new_candidate	
human	DEDD	dedd	DEDD	2	2	1	TRRUST	normalized_exact	absent_from_frozen_graph		false	22B		false	1	new_candidate	
human	DENND4A	dennd4a	DENND4A	1	1	1	TRRUST	normalized_exact	absent_from_frozen_graph		false	22B		false	1	new_candidate	
mouse	Dlx1	dlx1	Dlx1	1	1	1	TRRUST	normalized_exact	absent_from_frozen_graph		false	22B		false	1	new_candidate	
human	DLX4	dlx4	DLX4	1	1	1	TRRUST	normalized_exact	absent_from_frozen_graph		false	22B		false	1	new_candidate	
mouse	Dmbx1	dmbx1	Dmbx1	3	3	1	TRRUST	normalized_exact	absent_from_frozen_graph		false	22B		false	1	new_candidate	
mouse	Dmrt1	dmrt1	Dmrt1	1	1	1	TRRUST	normalized_exact	absent_from_frozen_graph		false	22B		false	1	new_candidate	
mouse	Dmrt2	dmrt2	Dmrt2	1	1	1	TRRUST	normalized_exact	absent_from_frozen_graph		false	22B		false	1	new_candidate	
mouse	Dnajc2	dnajc2	Dnajc2	1	1	1	TRRUST	normalized_exact	absent_from_frozen_graph		false	22B		false	1	new_candidate	
human	DNMT3L	dnmt3l	DNMT3L	1	1	1	TRRUST	normalized_exact	absent_from_frozen_graph		false	22B		false	1	new_candidate	
human	DRAP1	drap1	DRAP1	1	1	1	TRRUST	normalized_exact	absent_from_frozen_graph		false	22B		false	1	new_candidate	
mouse	Dtx1	dtx1	Dtx1	1	1	1	TRRUST	normalized_exact	absent_from_frozen_graph		false	22B		false	1	new_candidate	
human	DUX4	dux4	DUX4	1	1	1	TRRUST	normalized_exact	absent_from_frozen_graph		false	22B		false	1	new_candidate	
human	EAF1	eaf1	EAF1	1	1	1	TRRUST	normalized_exact	absent_from_frozen_graph		false	22B		false	1	new_candidate	
human	EBF3	ebf3	EBF3	1	1	1	TRRUST	normalized_exact	absent_from_frozen_graph		false	22B		false	1	new_candidate	
human	ECD	ecd	ECD	1	1	1	TRRUST	normalized_exact	absent_from_frozen_graph		false	22B		false	1	new_candidate	
human	EED	eed	EED	1	1	1	TRRUST	normalized_exact	absent_from_frozen_graph		false	22B		false	1	new_candidate	
mouse	Ehmt1	ehmt1	Ehmt1	1	1	1	TRRUST	normalized_exact	absent_from_frozen_graph		false	22B		false	1	new_candidate	
mouse	Ell3	ell3	Ell3	3	3	1	TRRUST	normalized_exact	absent_from_frozen_graph		false	22B		false	1	new_candidate	
mouse	Elp2	elp2	Elp2	1	1	1	TRRUST	normalized_exact	absent_from_frozen_graph		false	22B		false	1	new_candidate	
mouse	Elp3	elp3	Elp3	1	1	1	TRRUST	normalized_exact	absent_from_frozen_graph		false	22B		false	1	new_candidate	
mouse	En2	en2	En2	1	1	1	TRRUST	normalized_exact	absent_from_frozen_graph		false	22B		false	1	new_candidate	
mouse	Epc1	epc1	Epc1	1	1	1	TRRUST	normalized_exact	absent_from_frozen_graph		false	22B		false	1	new_candidate	
human	ETV7	etv7	ETV7	3	3	1	TRRUST	normalized_exact	absent_from_frozen_graph		false	22B		false	1	new_candidate	
human	EVX1	evx1	EVX1	1	1	1	TRRUST	normalized_exact	absent_from_frozen_graph		false	22B		false	1	new_candidate	
mouse	Eya1	eya1	Eya1	1	1	1	TRRUST	normalized_exact	absent_from_frozen_graph		false	22B		false	1	new_candidate	
mouse	Eya2	eya2	Eya2	1	1	1	TRRUST	normalized_exact	absent_from_frozen_graph		false	22B		false	1	new_candidate	
mouse	Ezh1	ezh1	Ezh1	1	1	1	TRRUST	normalized_exact	absent_from_frozen_graph		false	22B		false	1	new_candidate	
human	FIGLA	figla	FIGLA	1	1	1	TRRUST	normalized_exact	absent_from_frozen_graph		false	22B		false	1	new_candidate	
mouse	Fmr1	fmr1	Fmr1	1	1	1	TRRUST	normalized_exact	absent_from_frozen_graph		false	22B		false	1	new_candidate	
mouse	Foxj3	foxj3	Foxj3	1	1	1	TRRUST	normalized_exact	absent_from_frozen_graph		false	22B		false	1	new_candidate	
human	FUBP3	fubp3	FUBP3	1	1	1	TRRUST	normalized_exact	absent_from_frozen_graph		false	22B		false	1	new_candidate	
human	GABPB2	gabpb2	GABPB2	1	1	1	TRRUST	normalized_exact	absent_from_frozen_graph		false	22B		false	1	new_candidate	
human	GATA5	gata5	GATA5	1	1	1	TRRUST	normalized_exact	absent_from_frozen_graph		false	22B		false	1	new_candidate	
mouse	Gcfc2	gcfc2	Gcfc2	1	1	1	TRRUST	normalized_exact	absent_from_frozen_graph		false	22B		false	1	new_candidate	
mouse	Glis2	glis2	Glis2	1	1	1	TRRUST	normalized_exact	absent_from_frozen_graph		false	22B		false	1	new_candidate	
human	GRHL1	grhl1	GRHL1	1	1	1	TRRUST	normalized_exact	absent_from_frozen_graph		false	22B		false	1	new_candidate	
mouse	Grin1	grin1	Grin1	1	1	1	TRRUST	normalized_exact	absent_from_frozen_graph		false	22B		false	1	new_candidate	
mouse	Gsx2	gsx2	Gsx2	1	1	1	TRRUST	normalized_exact	absent_from_frozen_graph		false	22B		false	1	new_candidate	
mouse	Gtf2a2	gtf2a2	Gtf2a2	1	1	1	TRRUST	normalized_exact	absent_from_frozen_graph		false	22B		false	1	new_candidate	
human	GTF2F1	gtf2f1	GTF2F1	1	1	1	TRRUST	normalized_exact	absent_from_frozen_graph		false	22B		false	1	new_candidate	
mouse	Gtf2h1	gtf2h1	Gtf2h1	1	1	1	TRRUST	normalized_exact	absent_from_frozen_graph		false	22B		false	1	new_candidate	
human	HAX1	hax1	HAX1	1	1	1	TRRUST	normalized_exact	absent_from_frozen_graph		false	22B		false	1	new_candidate	
human	HDAC10	hdac10	HDAC10	1	1	1	TRRUST	normalized_exact	absent_from_frozen_graph		false	22B		false	1	new_candidate	
human	HIF3A	hif3a	HIF3A	2	2	1	TRRUST	normalized_exact	absent_from_frozen_graph		false	22B		false	1	new_candidate	
human	HINFP	hinfp	HINFP	1	1	1	TRRUST	normalized_exact	absent_from_frozen_graph		false	22B		false	1	new_candidate	
human	HIRA	hira	HIRA	1	1	1	TRRUST	normalized_exact	absent_from_frozen_graph		false	22B		false	1	new_candidate	
human	HMG20B	hmg20b	HMG20B	1	1	1	TRRUST	normalized_exact	absent_from_frozen_graph		false	22B		false	1	new_candidate	
mouse	Hmgn3	hmgn3	Hmgn3	1	1	1	TRRUST	normalized_exact	absent_from_frozen_graph		false	22B		false	1	new_candidate	
mouse	Hnrnpk	hnrnpk	Hnrnpk	1	1	1	TRRUST	normalized_exact	absent_from_frozen_graph		false	22B		false	1	new_candidate	
human	HNRNPR	hnrnpr	HNRNPR	1	1	1	TRRUST	normalized_exact	absent_from_frozen_graph		false	22B		false	1	new_candidate	
mouse	Hoxa3	hoxa3	Hoxa3	1	1	1	TRRUST	normalized_exact	absent_from_frozen_graph		false	22B		false	1	new_candidate	
mouse	Hoxb3	hoxb3	Hoxb3	1	1	1	TRRUST	normalized_exact	absent_from_frozen_graph		false	22B		false	1	new_candidate	
mouse	Hoxb5	hoxb5	Hoxb5	1	1	1	TRRUST	normalized_exact	absent_from_frozen_graph		false	22B		false	1	new_candidate	
mouse	Hoxb8	hoxb8	Hoxb8	3	3	1	TRRUST	normalized_exact	absent_from_frozen_graph		false	22B		false	1	new_candidate	
human	HOXC10	hoxc10	HOXC10	1	1	1	TRRUST	normalized_exact	absent_from_frozen_graph		false	22B		false	1	new_candidate	
human	HOXC9	hoxc9	HOXC9	1	1	1	TRRUST	normalized_exact	absent_from_frozen_graph		false	22B		false	1	new_candidate	
human	HOXD1	hoxd1	HOXD1	1	1	1	TRRUST	normalized_exact	absent_from_frozen_graph		false	22B		false	1	new_candidate	
human	HOXD9	hoxd9	HOXD9	1	1	1	TRRUST	normalized_exact	absent_from_frozen_graph		false	22B		false	1	new_candidate	
mouse	Hspb1	hspb1	Hspb1	1	1	1	TRRUST	normalized_exact	absent_from_frozen_graph		false	22B		false	1	new_candidate	
mouse	Ifi204	ifi204	Ifi204	1	1	1	TRRUST	normalized_exact	absent_from_frozen_graph		false	22B		false	1	new_candidate	
mouse	Ifih1	ifih1	Ifih1	1	1	1	TRRUST	normalized_exact	absent_from_frozen_graph		false	22B		false	1	new_candidate	
mouse	Il17a	il17a	Il17a	2	2	1	TRRUST	normalized_exact	absent_from_frozen_graph		false	22B		false	1	new_candidate	
mouse	Ilk	ilk	Ilk	1	1	1	TRRUST	normalized_exact	absent_from_frozen_graph		false	22B		false	1	new_candidate	
mouse	Irx3	irx3	Irx3	1	1	1	TRRUST	normalized_exact	absent_from_frozen_graph		false	22B		false	1	new_candidate	
mouse	Irx5	irx5	Irx5	1	1	1	TRRUST	normalized_exact	absent_from_frozen_graph		false	22B		false	1	new_candidate	
mouse	Jazf1	jazf1	Jazf1	2	2	1	TRRUST	normalized_exact	absent_from_frozen_graph		false	22B		false	1	new_candidate	
mouse	Jmjd1c	jmjd1c	Jmjd1c	1	1	1	TRRUST	normalized_exact	absent_from_frozen_graph		false	22B		false	1	new_candidate	
human	KDM4C	kdm4c	KDM4C	1	1	1	TRRUST	normalized_exact	absent_from_frozen_graph		false	22B		false	1	new_candidate	
mouse	Kdm6b	kdm6b	Kdm6b	1	1	1	TRRUST	normalized_exact	absent_from_frozen_graph		false	22B		false	1	new_candidate	
mouse	Keap1	keap1	Keap1	1	1	1	TRRUST	normalized_exact	absent_from_frozen_graph		false	22B		false	1	new_candidate	
human	KHSRP	khsrp	KHSRP	1	1	1	TRRUST	normalized_exact	absent_from_frozen_graph		false	22B		false	1	new_candidate	
human	KLF14	klf14	KLF14	1	1	1	TRRUST	normalized_exact	absent_from_frozen_graph		false	22B		false	1	new_candidate	
mouse	Kpna2	kpna2	Kpna2	2	2	1	TRRUST	normalized_exact	absent_from_frozen_graph		false	22B		false	1	new_candidate	
human	LCOR	lcor	LCOR	2	2	1	TRRUST	normalized_exact	absent_from_frozen_graph		false	22B		false	1	new_candidate	
mouse	Ldb2	ldb2	Ldb2	1	1	1	TRRUST	normalized_exact	absent_from_frozen_graph		false	22B		false	1	new_candidate	
mouse	Lhx9	lhx9	Lhx9	1	1	1	TRRUST	normalized_exact	absent_from_frozen_graph		false	22B		false	1	new_candidate	
human	LIMD1	limd1	LIMD1	1	1	1	TRRUST	normalized_exact	absent_from_frozen_graph		false	22B		false	1	new_candidate	
human	LIN28A	lin28a	LIN28A	2	2	1	TRRUST	normalized_exact	absent_from_frozen_graph		false	22B		false	1	new_candidate	
human	LMO3	lmo3	LMO3	3	3	1	TRRUST	normalized_exact	absent_from_frozen_graph		false	22B		false	1	new_candidate	
mouse	Lmo7	lmo7	Lmo7	3	3	1	TRRUST	normalized_exact	absent_from_frozen_graph		false	22B		false	1	new_candidate	
human	LRF	lrf	LRF	1	1	1	TRRUST	normalized_exact	absent_from_frozen_graph		false	22B		false	1	new_candidate	
human	MAL	mal	MAL	2	2	1	TRRUST	normalized_exact	absent_from_frozen_graph		false	22B		false	1	new_candidate	
mouse	Map3k7	map3k7	Map3k7	1	1	1	TRRUST	normalized_exact	absent_from_frozen_graph		false	22B		false	1	new_candidate	
mouse	Mapk1	mapk1	Mapk1	1	1	1	TRRUST	normalized_exact	absent_from_frozen_graph		false	22B		false	1	new_candidate	
mouse	Mapk14	mapk14	Mapk14	1	1	1	TRRUST	normalized_exact	absent_from_frozen_graph		false	22B		false	1	new_candidate	
human	MCM2	mcm2	MCM2	1	1	1	TRRUST	normalized_exact	absent_from_frozen_graph		false	22B		false	1	new_candidate	
mouse	Mcm3	mcm3	Mcm3	1	1	1	TRRUST	normalized_exact	absent_from_frozen_graph		false	22B		false	1	new_candidate	
human	MCM5	mcm5	MCM5	1	1	1	TRRUST	normalized_exact	absent_from_frozen_graph		false	22B		false	1	new_candidate	
mouse	Mcm6	mcm6	Mcm6	1	1	1	TRRUST	normalized_exact	absent_from_frozen_graph		false	22B		false	1	new_candidate	
human	MED15	med15	MED15	1	1	1	TRRUST	normalized_exact	absent_from_frozen_graph		false	22B		false	1	new_candidate	
mouse	Med6	med6	Med6	1	1	1	TRRUST	normalized_exact	absent_from_frozen_graph		false	22B		false	1	new_candidate	
mouse	Med8	med8	Med8	1	1	1	TRRUST	normalized_exact	absent_from_frozen_graph		false	22B		false	1	new_candidate	
human	MEF2B	mef2b	MEF2B	2	1	1	OmniPath_DoRothEA;TRRUST	normalized_exact	absent_from_frozen_graph		false	22B		false	1	new_candidate	
mouse	Meox2	meox2	Meox2	1	1	1	TRRUST	normalized_exact	absent_from_frozen_graph		false	22B		false	1	new_candidate	
human	MLL2	mll2	MLL2	1	1	1	TRRUST	normalized_exact	absent_from_frozen_graph		false	22B		false	1	new_candidate	
human	MLL3	mll3	MLL3	1	1	1	TRRUST	normalized_exact	absent_from_frozen_graph		false	22B		false	1	new_candidate	
human	MLL4	mll4	MLL4	1	1	1	TRRUST	normalized_exact	absent_from_frozen_graph		false	22B		false	1	new_candidate	
human	MLLT10	mllt10	MLLT10	3	3	1	TRRUST	normalized_exact	absent_from_frozen_graph		false	22B		false	1	new_candidate	
human	MLX	mlx	MLX	1	1	1	TRRUST	normalized_exact	absent_from_frozen_graph		false	22B		false	1	new_candidate	
mouse	Mmp9	mmp9	Mmp9	2	2	1	TRRUST	normalized_exact	absent_from_frozen_graph		false	22B		false	1	new_candidate	
human	MTA3	mta3	MTA3	2	2	1	TRRUST	normalized_exact	absent_from_frozen_graph		false	22B		false	1	new_candidate	
human	MXD4	mxd4	MXD4	2	2	1	OmniPath_DoRothEA;TRRUST	normalized_exact	absent_from_frozen_graph		false	22B		false	1	new_candidate	
mouse	Myef2	myef2	Myef2	1	1	1	TRRUST	normalized_exact	absent_from_frozen_graph		false	22B		false	1	new_candidate	
mouse	Ncoa5	ncoa5	Ncoa5	1	1	1	TRRUST	normalized_exact	absent_from_frozen_graph		false	22B		false	1	new_candidate	
human	NEAT1	neat1	NEAT1	1	1	1	TRRUST	normalized_exact	absent_from_frozen_graph		false	22B		false	1	new_candidate	
human	NELFCD	nelfcd	NELFCD	3	3	1	TRRUST	normalized_exact	absent_from_frozen_graph		false	22B		false	1	new_candidate	
mouse	Nfatc2ip	nfatc2ip	Nfatc2ip	1	1	1	TRRUST	normalized_exact	absent_from_frozen_graph		false	22B		false	1	new_candidate	
mouse	Nfe2l3	nfe2l3	Nfe2l3	1	1	1	TRRUST	normalized_exact	absent_from_frozen_graph		false	22B		false	1	new_candidate	
human	NFKBIB	nfkbib	NFKBIB	1	1	1	TRRUST	normalized_exact	absent_from_frozen_graph		false	22B		false	1	new_candidate	
human	NFRKB	nfrkb	NFRKB	1	1	1	TRRUST	normalized_exact	absent_from_frozen_graph		false	22B		false	1	new_candidate	
mouse	Nkx2-9	nkx2-9	Nkx2-9	1	1	1	TRRUST	normalized_exact	absent_from_frozen_graph		false	22B		false	1	new_candidate	
mouse	Nkx6-1	nkx6-1	Nkx6-1	1	1	1	TRRUST	normalized_exact	absent_from_frozen_graph		false	22B		false	1	new_candidate	
mouse	Npas1	npas1	Npas1	1	1	1	TRRUST	normalized_exact	absent_from_frozen_graph		false	22B		false	1	new_candidate	
human	NPAS3	npas3	NPAS3	1	1	1	TRRUST	normalized_exact	absent_from_frozen_graph		false	22B		false	1	new_candidate	
mouse	Nr1d2	nr1d2	Nr1d2	1	1	1	TRRUST	normalized_exact	absent_from_frozen_graph		false	22B		false	1	new_candidate	
mouse	Olig1	olig1	Olig1	1	1	1	TRRUST	normalized_exact	absent_from_frozen_graph		false	22B		false	1	new_candidate	
human	OTX1	otx1	OTX1	1	1	1	TRRUST	normalized_exact	absent_from_frozen_graph		false	22B		false	1	new_candidate	
mouse	Ovol1	ovol1	Ovol1	1	1	1	TRRUST	normalized_exact	absent_from_frozen_graph		false	22B		false	1	new_candidate	
mouse	Pbrm1	pbrm1	Pbrm1	1	1	1	TRRUST	normalized_exact	absent_from_frozen_graph		false	22B		false	1	new_candidate	
mouse	Pbx4	pbx4	Pbx4	1	1	1	TRRUST	normalized_exact	absent_from_frozen_graph		false	22B		false	1	new_candidate	
human	PCBD1	pcbd1	PCBD1	1	1	1	TRRUST	normalized_exact	absent_from_frozen_graph		false	22B		false	1	new_candidate	
mouse	Pcbp2	pcbp2	Pcbp2	1	1	1	TRRUST	normalized_exact	absent_from_frozen_graph		false	22B		false	1	new_candidate	
human	PDCD11	pdcd11	PDCD11	1	1	1	TRRUST	normalized_exact	absent_from_frozen_graph		false	22B		false	1	new_candidate	
mouse	Peg3	peg3	Peg3	1	1	1	TRRUST	normalized_exact	absent_from_frozen_graph		false	22B		false	1	new_candidate	
human	PHF10	phf10	PHF10	1	1	1	TRRUST	normalized_exact	absent_from_frozen_graph		false	22B		false	1	new_candidate	
mouse	Phf12	phf12	Phf12	1	1	1	TRRUST	normalized_exact	absent_from_frozen_graph		false	22B		false	1	new_candidate	
mouse	Phf2	phf2	Phf2	1	1	1	TRRUST	normalized_exact	absent_from_frozen_graph		false	22B		false	1	new_candidate	
human	PHF8	phf8	PHF8	1	1	1	TRRUST	normalized_exact	absent_from_frozen_graph		false	22B		false	1	new_candidate	
human	PIR	pir	PIR	1	1	1	TRRUST	normalized_exact	absent_from_frozen_graph		false	22B		false	1	new_candidate	
mouse	Pnn	pnn	Pnn	1	1	1	TRRUST	normalized_exact	absent_from_frozen_graph		false	22B		false	1	new_candidate	
human	POLR1A	polr1a	POLR1A	1	1	1	TRRUST	normalized_exact	absent_from_frozen_graph		false	22B		false	1	new_candidate	
mouse	Pou3f3	pou3f3	Pou3f3	1	1	1	TRRUST	normalized_exact	absent_from_frozen_graph		false	22B		false	1	new_candidate	
mouse	Pou4f3	pou4f3	Pou4f3	1	1	1	TRRUST	normalized_exact	absent_from_frozen_graph		false	22B		false	1	new_candidate	
mouse	Prdm13	prdm13	Prdm13	3	3	1	TRRUST	normalized_exact	absent_from_frozen_graph		false	22B		false	1	new_candidate	
human	PRDM2	prdm2	PRDM2	1	1	1	TRRUST	normalized_exact	absent_from_frozen_graph		false	22B		false	1	new_candidate	
mouse	Prdm5	prdm5	Prdm5	1	1	1	TRRUST	normalized_exact	absent_from_frozen_graph		false	22B		false	1	new_candidate	
mouse	Prdm8	prdm8	Prdm8	2	2	1	TRRUST	normalized_exact	absent_from_frozen_graph		false	22B		false	1	new_candidate	
mouse	Pwp1	pwp1	Pwp1	1	1	1	TRRUST	normalized_exact	absent_from_frozen_graph		false	22B		false	1	new_candidate	
mouse	Pygo2	pygo2	Pygo2	1	1	1	TRRUST	normalized_exact	absent_from_frozen_graph		false	22B		false	1	new_candidate	
human	RAD51	rad51	RAD51	1	1	1	TRRUST	normalized_exact	absent_from_frozen_graph		false	22B		false	1	new_candidate	
mouse	Raf1	raf1	Raf1	1	1	1	TRRUST	normalized_exact	absent_from_frozen_graph		false	22B		false	1	new_candidate	
mouse	Rala	rala	Rala	1	1	1	TRRUST	normalized_exact	absent_from_frozen_graph		false	22B		false	1	new_candidate	
mouse	Rax	rax	Rax	1	1	1	TRRUST	normalized_exact	absent_from_frozen_graph		false	22B		false	1	new_candidate	
human	RBBP7	rbbp7	RBBP7	1	1	1	TRRUST	normalized_exact	absent_from_frozen_graph		false	22B		false	1	new_candidate	
mouse	Rere	rere	Rere	1	1	1	TRRUST	normalized_exact	absent_from_frozen_graph		false	22B		false	1	new_candidate	
mouse	Rfx4	rfx4	Rfx4	1	1	1	TRRUST	normalized_exact	absent_from_frozen_graph		false	22B		false	1	new_candidate	
human	RNF14	rnf14	RNF14	1	1	1	TRRUST	normalized_exact	absent_from_frozen_graph		false	22B		false	1	new_candidate	
mouse	Rps6ka5	rps6ka5	Rps6ka5	1	1	1	TRRUST	normalized_exact	absent_from_frozen_graph		false	22B		false	1	new_candidate	
human	RUVBL1	ruvbl1	RUVBL1	1	1	1	TRRUST	normalized_exact	absent_from_frozen_graph		false	22B		false	1	new_candidate	
mouse	Ruvbl2	ruvbl2	Ruvbl2	1	1	1	TRRUST	normalized_exact	absent_from_frozen_graph		false	22B		false	1	new_candidate	
mouse	Rxrb	rxrb	Rxrb	1	1	1	TRRUST	normalized_exact	absent_from_frozen_graph		false	22B		false	1	new_candidate	
mouse	Sall1	sall1	Sall1	1	1	1	TRRUST	normalized_exact	absent_from_frozen_graph		false	22B		false	1	new_candidate	
human	SALL4A	sall4a	SALL4A	2	2	1	TRRUST	normalized_exact	absent_from_frozen_graph		false	22B		false	1	new_candidate	
human	SCAND1	scand1	SCAND1	1	1	1	TRRUST	normalized_exact	absent_from_frozen_graph		false	22B		false	1	new_candidate	
human	SCD5	scd5	SCD5	1	1	1	TRRUST	normalized_exact	absent_from_frozen_graph		false	22B		false	1	new_candidate	
mouse	Scx	scx	Scx	1	1	1	TRRUST	normalized_exact	absent_from_frozen_graph		false	22B		false	1	new_candidate	
human	SEC14L2	sec14l2	SEC14L2	1	1	1	TRRUST	normalized_exact	absent_from_frozen_graph		false	22B		false	1	new_candidate	
mouse	Sim1	sim1	Sim1	1	1	1	TRRUST	normalized_exact	absent_from_frozen_graph		false	22B		false	1	new_candidate	
mouse	Sin3b	sin3b	Sin3b	1	1	1	TRRUST	normalized_exact	absent_from_frozen_graph		false	22B		false	1	new_candidate	
human	SIRT3	sirt3	SIRT3	1	1	1	TRRUST	normalized_exact	absent_from_frozen_graph		false	22B		false	1	new_candidate	
mouse	Sirt5	sirt5	Sirt5	1	1	1	TRRUST	normalized_exact	absent_from_frozen_graph		false	22B		false	1	new_candidate	
mouse	Six4	six4	Six4	1	1	1	TRRUST	normalized_exact	absent_from_frozen_graph		false	22B		false	1	new_candidate	
mouse	Six5	six5	Six5	1	1	1	TRRUST	normalized_exact	absent_from_frozen_graph		false	22B		false	1	new_candidate	
mouse	Six6	six6	Six6	1	1	1	TRRUST	normalized_exact	absent_from_frozen_graph		false	22B		false	1	new_candidate	
human	SLC2A4RG	slc2a4rg	SLC2A4RG	1	1	1	TRRUST	normalized_exact	absent_from_frozen_graph		false	22B		false	1	new_candidate	
human	SMARCA1	smarca1	SMARCA1	2	2	1	TRRUST	normalized_exact	absent_from_frozen_graph		false	22B		false	1	new_candidate	
mouse	Smarca5	smarca5	Smarca5	1	1	1	TRRUST	normalized_exact	absent_from_frozen_graph		false	22B		false	1	new_candidate	
human	SMARCB1	smarcb1	SMARCB1	2	2	1	TRRUST	normalized_exact	absent_from_frozen_graph		false	22B		false	1	new_candidate	
mouse	Smarcd1	smarcd1	Smarcd1	2	2	1	TRRUST	normalized_exact	absent_from_frozen_graph		false	22B		false	1	new_candidate	
mouse	Smarce1	smarce1	Smarce1	1	1	1	TRRUST	normalized_exact	absent_from_frozen_graph		false	22B		false	1	new_candidate	
human	SMG6	smg6	SMG6	1	1	1	TRRUST	normalized_exact	absent_from_frozen_graph		false	22B		false	1	new_candidate	
mouse	Smurf1	smurf1	Smurf1	1	1	1	TRRUST	normalized_exact	absent_from_frozen_graph		false	22B		false	1	new_candidate	
mouse	Smyd1	smyd1	Smyd1	1	1	1	TRRUST	normalized_exact	absent_from_frozen_graph		false	22B		false	1	new_candidate	
mouse	Sox14	sox14	Sox14	1	1	1	TRRUST	normalized_exact	absent_from_frozen_graph		false	22B		false	1	new_candidate	
mouse	Sox21	sox21	Sox21	1	1	1	TRRUST	normalized_exact	absent_from_frozen_graph		false	22B		false	1	new_candidate	
mouse	Sp5	sp5	Sp5	1	1	1	TRRUST	normalized_exact	absent_from_frozen_graph		false	22B		false	1	new_candidate	
mouse	Sp9	sp9	Sp9	1	1	1	TRRUST	normalized_exact	absent_from_frozen_graph		false	22B		false	1	new_candidate	
mouse	Srrt	srrt	Srrt	1	1	1	TRRUST	normalized_exact	absent_from_frozen_graph		false	22B		false	1	new_candidate	
human	SSX2	ssx2	SSX2	1	1	1	TRRUST	normalized_exact	absent_from_frozen_graph		false	22B		false	1	new_candidate	
human	SUGP1	sugp1	SUGP1	1	1	1	TRRUST	normalized_exact	absent_from_frozen_graph		false	22B		false	1	new_candidate	
human	SUPT3H	supt3h	SUPT3H	1	1	1	TRRUST	normalized_exact	absent_from_frozen_graph		false	22B		false	1	new_candidate	
mouse	Taf12	taf12	Taf12	1	1	1	TRRUST	normalized_exact	absent_from_frozen_graph		false	22B		false	1	new_candidate	
mouse	Taf4b	taf4b	Taf4b	3	3	1	TRRUST	normalized_exact	absent_from_frozen_graph		false	22B		false	1	new_candidate	
human	TAF5	taf5	TAF5	1	1	1	TRRUST	normalized_exact	absent_from_frozen_graph		false	22B		false	1	new_candidate	
mouse	Taf9	taf9	Taf9	1	1	1	TRRUST	normalized_exact	absent_from_frozen_graph		false	22B		false	1	new_candidate	
mouse	Tax1bp3	tax1bp3	Tax1bp3	1	1	1	TRRUST	normalized_exact	absent_from_frozen_graph		false	22B		false	1	new_candidate	
human	TBC1D22A	tbc1d22a	TBC1D22A	1	1	1	TRRUST	normalized_exact	absent_from_frozen_graph		false	22B		false	1	new_candidate	
human	TBL1X	tbl1x	TBL1X	1	1	1	TRRUST	normalized_exact	absent_from_frozen_graph		false	22B		false	1	new_candidate	
mouse	Tbx18	tbx18	Tbx18	1	1	1	TRRUST	normalized_exact	absent_from_frozen_graph		false	22B		false	1	new_candidate	
mouse	Tbx19	tbx19	Tbx19	1	1	1	TRRUST	normalized_exact	absent_from_frozen_graph		false	22B		false	1	new_candidate	
mouse	Tbx4	tbx4	Tbx4	1	1	1	TRRUST	normalized_exact	absent_from_frozen_graph		false	22B		false	1	new_candidate	
mouse	Tcf20	tcf20	Tcf20	1	1	1	TRRUST	normalized_exact	absent_from_frozen_graph		false	22B		false	1	new_candidate	
mouse	Tfap2d	tfap2d	Tfap2d	2	2	1	TRRUST	normalized_exact	absent_from_frozen_graph		false	22B		false	1	new_candidate	
human	TFCP2L1	tfcp2l1	TFCP2L1	1	1	1	TRRUST	normalized_exact	absent_from_frozen_graph		false	22B		false	1	new_candidate	
human	TFEB	tfeb	TFEB	2	2	1	TRRUST	normalized_exact	absent_from_frozen_graph		false	22B		false	1	new_candidate	
human	TFPT	tfpt	TFPT	2	2	1	TRRUST	normalized_exact	absent_from_frozen_graph		false	22B		false	1	new_candidate	
mouse	Thrap3	thrap3	Thrap3	3	3	1	TRRUST	normalized_exact	absent_from_frozen_graph		false	22B		false	1	new_candidate	
human	TOP2B	top2b	TOP2B	1	1	1	TRRUST	normalized_exact	absent_from_frozen_graph		false	22B		false	1	new_candidate	
human	TP65	tp65	TP65	1	1	1	TRRUST	normalized_exact	absent_from_frozen_graph		false	22B		false	1	new_candidate	
human	TRIM22	trim22	TRIM22	2	2	1	TRRUST	normalized_exact	absent_from_frozen_graph		false	22B		false	1	new_candidate	
mouse	Trim24	trim24	Trim24	1	1	1	TRRUST	normalized_exact	absent_from_frozen_graph		false	22B		false	1	new_candidate	
human	TRIM25	trim25	TRIM25	1	1	1	TRRUST	normalized_exact	absent_from_frozen_graph		false	22B		false	1	new_candidate	
mouse	Trim32	trim32	Trim32	1	1	1	TRRUST	normalized_exact	absent_from_frozen_graph		false	22B		false	1	new_candidate	
human	TRIP6	trip6	TRIP6	1	1	1	TRRUST	normalized_exact	absent_from_frozen_graph		false	22B		false	1	new_candidate	
human	TSC22D1	tsc22d1	TSC22D1	1	1	1	TRRUST	normalized_exact	absent_from_frozen_graph		false	22B		false	1	new_candidate	
mouse	Tshz3	tshz3	Tshz3	1	1	1	TRRUST	normalized_exact	absent_from_frozen_graph		false	22B		false	1	new_candidate	
mouse	Ube2k	ube2k	Ube2k	1	1	1	TRRUST	normalized_exact	absent_from_frozen_graph		false	22B		false	1	new_candidate	
human	UBP1	ubp1	UBP1	1	1	1	TRRUST	normalized_exact	absent_from_frozen_graph		false	22B		false	1	new_candidate	
human	UBTF	ubtf	UBTF	1	1	1	TRRUST	normalized_exact	absent_from_frozen_graph		false	22B		false	1	new_candidate	
human	UPF2	upf2	UPF2	1	1	1	TRRUST	normalized_exact	absent_from_frozen_graph		false	22B		false	1	new_candidate	
human	URI1	uri1	URI1	1	1	1	TRRUST	normalized_exact	absent_from_frozen_graph		false	22B		false	1	new_candidate	
mouse	Vax2	vax2	Vax2	1	1	1	TRRUST	normalized_exact	absent_from_frozen_graph		false	22B		false	1	new_candidate	
human	WDR5	wdr5	WDR5	1	1	1	TRRUST	normalized_exact	absent_from_frozen_graph		false	22B		false	1	new_candidate	
mouse	Whsc1l1	whsc1l1	Whsc1l1	1	1	1	TRRUST	normalized_exact	absent_from_frozen_graph		false	22B		false	1	new_candidate	
human	YEATS4	yeats4	YEATS4	1	1	1	TRRUST	normalized_exact	absent_from_frozen_graph		false	22B		false	1	new_candidate	
human	ZBTB14	zbtb14	ZBTB14	1	1	1	TRRUST	normalized_exact	absent_from_frozen_graph		false	22B		false	1	new_candidate	
mouse	Zbtb20	zbtb20	Zbtb20	1	1	1	TRRUST	normalized_exact	absent_from_frozen_graph		false	22B		false	1	new_candidate	
mouse	Zbtb32	zbtb32	Zbtb32	1	1	1	TRRUST	normalized_exact	absent_from_frozen_graph		false	22B		false	1	new_candidate	
mouse	Zbtb38	zbtb38	Zbtb38	1	1	1	TRRUST	normalized_exact	absent_from_frozen_graph		false	22B		false	1	new_candidate	
human	ZBTB5	zbtb5	ZBTB5	1	1	1	TRRUST	normalized_exact	absent_from_frozen_graph		false	22B		false	1	new_candidate	
mouse	Zfp13	zfp13	Zfp13	1	1	1	TRRUST	normalized_exact	absent_from_frozen_graph		false	22B		false	1	new_candidate	
mouse	Zfp263	zfp263	Zfp263	1	1	1	TRRUST	normalized_exact	absent_from_frozen_graph		false	22B		false	1	new_candidate	
mouse	Zfp277	zfp277	Zfp277	1	1	1	TRRUST	normalized_exact	absent_from_frozen_graph		false	22B		false	1	new_candidate	
mouse	Zfp281	zfp281	Zfp281	1	1	1	TRRUST	normalized_exact	absent_from_frozen_graph		false	22B		false	1	new_candidate	
mouse	Zfp335	zfp335	Zfp335	1	1	1	TRRUST	normalized_exact	absent_from_frozen_graph		false	22B		false	1	new_candidate	
human	ZFP36L1	zfp36l1	ZFP36L1	1	1	1	TRRUST	normalized_exact	absent_from_frozen_graph		false	22B		false	1	new_candidate	
mouse	Zfp384	zfp384	Zfp384	1	1	1	TRRUST	normalized_exact	absent_from_frozen_graph		false	22B		false	1	new_candidate	
mouse	Zfp410	zfp410	Zfp410	1	1	1	TRRUST	normalized_exact	absent_from_frozen_graph		false	22B		false	1	new_candidate	
mouse	Zfp42	zfp42	Zfp42	1	1	1	TRRUST	normalized_exact	absent_from_frozen_graph		false	22B		false	1	new_candidate	
mouse	Zfp488	zfp488	Zfp488	1	1	1	TRRUST	normalized_exact	absent_from_frozen_graph		false	22B		false	1	new_candidate	
mouse	Zfp523	zfp523	Zfp523	1	1	1	TRRUST	normalized_exact	absent_from_frozen_graph		false	22B		false	1	new_candidate	
mouse	Zfp64	zfp64	Zfp64	2	2	1	TRRUST	normalized_exact	absent_from_frozen_graph		false	22B		false	1	new_candidate	
mouse	Zhx3	zhx3	Zhx3	3	3	1	TRRUST	normalized_exact	absent_from_frozen_graph		false	22B		false	1	new_candidate	
human	ZMYND11	zmynd11	ZMYND11	1	1	1	TRRUST	normalized_exact	absent_from_frozen_graph		false	22B		false	1	new_candidate	
human	ZNF160	znf160	ZNF160	1	1	1	TRRUST	normalized_exact	absent_from_frozen_graph		false	22B		false	1	new_candidate	
human	ZNF175	znf175	ZNF175	1	1	1	TRRUST	normalized_exact	absent_from_frozen_graph		false	22B		false	1	new_candidate	
human	ZNF217	znf217	ZNF217	1	1	1	TRRUST	normalized_exact	absent_from_frozen_graph		false	22B		false	1	new_candidate	
human	ZNF239	znf239	ZNF239	1	1	1	TRRUST	normalized_exact	absent_from_frozen_graph		false	22B		false	1	new_candidate	
human	ZNF335	znf335	ZNF335	1	1	1	TRRUST	normalized_exact	absent_from_frozen_graph		false	22B		false	1	new_candidate	
human	ZNF383	znf383	ZNF383	1	1	1	TRRUST	normalized_exact	absent_from_frozen_graph		false	22B		false	1	new_candidate	
human	ZNF410	znf410	ZNF410	1	1	1	TRRUST	normalized_exact	absent_from_frozen_graph		false	22B		false	1	new_candidate	
human	ZNF423	znf423	ZNF423	1	1	1	TRRUST	normalized_exact	absent_from_frozen_graph		false	22B		false	1	new_candidate	
human	ZNF444	znf444	ZNF444	1	1	1	TRRUST	normalized_exact	absent_from_frozen_graph		false	22B		false	1	new_candidate	
mouse	D3Z1J4	d3z1j4	D3Z1J4	1	0	0	OmniPath_DoRothEA	normalized_exact	absent_from_frozen_graph		false	22B		false	0	new_candidate	no PMID parsed from imported source records
mouse	E0CYW8	e0cyw8	E0CYW8	1	0	0	OmniPath_DoRothEA	normalized_exact	absent_from_frozen_graph		false	22B		false	0	new_candidate	no PMID parsed from imported source records
mouse	E9Q1A5	e9q1a5	E9Q1A5	1	0	0	OmniPath_DoRothEA	normalized_exact	absent_from_frozen_graph		false	22B		false	0	new_candidate	no PMID parsed from imported source records
human	FOXJ2	foxj2	FOXJ2	1	0	0	OmniPath_DoRothEA	normalized_exact	absent_from_frozen_graph		false	22B		false	0	new_candidate	no PMID parsed from imported source records
mouse	H3BKM3	h3bkm3	H3BKM3	2	0	0	OmniPath_DoRothEA	normalized_exact	absent_from_frozen_graph		false	22B		false	0	new_candidate	no PMID parsed from imported source records
human	HMBOX1	hmbox1	HMBOX1	2	0	0	OmniPath_DoRothEA	normalized_exact	absent_from_frozen_graph		false	22B		false	0	new_candidate	no PMID parsed from imported source records
human	PBX3	pbx3	PBX3	2	0	0	OmniPath_DoRothEA	normalized_exact	absent_from_frozen_graph		false	22B		false	0	new_candidate	no PMID parsed from imported source records
human	ZNF274	znf274	ZNF274	2	0	0	OmniPath_DoRothEA	normalized_exact	absent_from_frozen_graph		false	22B		false	0	new_candidate	no PMID parsed from imported source records
human	ZNF384	znf384	ZNF384	1	0	0	OmniPath_DoRothEA	normalized_exact	absent_from_frozen_graph		false	22B		false	0	new_candidate	no PMID parsed from imported source records
