species	tf_symbol	target_symbol	external_record_keys	decision	module_assignment	evidence_status	support_kind	effect_polarity	primary_pmids	corroborating_pmids	shared_paper_status	cross_module_status	cell_type_context	stimulus_context	limitations	notes
human	NR1H4	NR0B2	OmniPath_DoRothEA|OmniPath_DoRothEA_snapshot_2026-08-25|human|omnipath_dorothea:human:000910:e5b4f8d1be70	database_only_unverified	22B	database_curated_unverified	database_assertion	positive	\N	\N	not_assessed	none_claimed	\N	\N	Database presence and linked PMIDs do not establish exact-pair direct binding or perturbation, effect direction, or species/context scope.	Source lead only; no exact-pair primary plus independent corroborating verification asserted in this immediate conservative pass; source_records=1; database_ref_count=132; ref_head=11030331;11030332;11279518;11438503;11518759; source_registries=OmniPath_DoRothEA.
mouse	Nfe2l2	Hmox1	OmniPath_DoRothEA|OmniPath_DoRothEA_snapshot_2026-08-25|mouse|omnipath_dorothea:mouse:000747:76bdfb5cf98e;TRRUST|TRRUST_v2_snapshot_2026-08-25|mouse|trrust:mouse:003225;TRRUST|TRRUST_v2_snapshot_2026-08-25|mouse|trrust:mouse:003226	database_only_unverified	22B	database_curated_unverified	database_assertion	positive	\N	\N	not_assessed	20B_overlap_flag_not_transferred	\N	\N	Database presence and linked PMIDs do not establish exact-pair direct binding or perturbation, effect direction, or species/context scope.	Source lead only; no exact-pair primary plus independent corroborating verification asserted in this immediate conservative pass; source_records=3; database_ref_count=2960; ref_head=10473555;10821856;10874044;10986282;11274184; source_registries=OmniPath_DoRothEA;TRRUST.
mouse	Srebf1	Fasn	OmniPath_DoRothEA|OmniPath_DoRothEA_snapshot_2026-08-25|mouse|omnipath_dorothea:mouse:000344:7b0759a92ccf;TRRUST|TRRUST_v2_snapshot_2026-08-25|mouse|trrust:mouse:006015;TRRUST|TRRUST_v2_snapshot_2026-08-25|mouse|trrust:mouse:006016	database_only_unverified	22B	database_curated_unverified	database_assertion	positive	\N	\N	not_assessed	23B_overlap_flag_not_transferred	\N	\N	Database presence and linked PMIDs do not establish exact-pair direct binding or perturbation, effect direction, or species/context scope.	Source lead only; no exact-pair primary plus independent corroborating verification asserted in this immediate conservative pass; source_records=3; database_ref_count=258; ref_head=9421459;10207099;10438539;10464332;10520861; source_registries=OmniPath_DoRothEA;TRRUST.
human	PPARG	ADIPOQ	OmniPath_DoRothEA|OmniPath_DoRothEA_snapshot_2026-08-25|human|omnipath_dorothea:human:000860:5cfa5eda317b;TRRUST|TRRUST_v2_snapshot_2026-08-25|human|trrust:human:005706;TRRUST|TRRUST_v2_snapshot_2026-08-25|human|trrust:human:005707	database_only_unverified	22B	database_curated_unverified	database_assertion	positive	\N	\N	not_assessed	none_claimed	\N	\N	Database presence and linked PMIDs do not establish exact-pair direct binding or perturbation, effect direction, or species/context scope.	Source lead only; no exact-pair primary plus independent corroborating verification asserted in this immediate conservative pass; source_records=3; database_ref_count=276; ref_head=11522676;11533050;11729635;11790963;11861525; source_registries=OmniPath_DoRothEA;TRRUST.
mouse	Foxo1	G6pc1	OmniPath_DoRothEA|OmniPath_DoRothEA_snapshot_2026-08-25|mouse|omnipath_dorothea:mouse:000579:422b21133cbd	database_only_unverified	22B	database_curated_unverified	database_assertion	positive	\N	\N	not_assessed	none_claimed	\N	\N	Database presence and linked PMIDs do not establish exact-pair direct binding or perturbation, effect direction, or species/context scope.	Source lead only; no exact-pair primary plus independent corroborating verification asserted in this immediate conservative pass; source_records=1; database_ref_count=91; ref_head=10480625;10960473;11467835;11696581;12130586; source_registries=OmniPath_DoRothEA.
mouse	Ppara	Cpt1a	OmniPath_DoRothEA|OmniPath_DoRothEA_snapshot_2026-08-25|mouse|omnipath_dorothea:mouse:000711:b41d67cf48ec;TRRUST|TRRUST_v2_snapshot_2026-08-25|mouse|trrust:mouse:004372	database_only_unverified	22B	database_curated_unverified	database_assertion	positive	\N	\N	not_assessed	none_claimed	\N	\N	Database presence and linked PMIDs do not establish exact-pair direct binding or perturbation, effect direction, or species/context scope.	Source lead only; no exact-pair primary plus independent corroborating verification asserted in this immediate conservative pass; source_records=2; database_ref_count=101; ref_head=11171094;11418601;14656998;14667938;14976357; source_registries=OmniPath_DoRothEA;TRRUST.
human	ATF4	DDIT3	OmniPath_DoRothEA|OmniPath_DoRothEA_snapshot_2026-08-25|human|omnipath_dorothea:human:000062:31c6b92f6998;OmniPath_DoRothEA|OmniPath_DoRothEA_snapshot_2026-08-25|human|omnipath_dorothea:human:000063:7aa2c64d3f2b;TRRUST|TRRUST_v2_snapshot_2026-08-25|human|trrust:human:000326;TRRUST|TRRUST_v2_snapshot_2026-08-25|human|trrust:human:000327	database_only_unverified	22B	database_curated_unverified	database_assertion	positive	\N	\N	not_assessed	none_claimed	\N	\N	Database presence and linked PMIDs do not establish exact-pair direct binding or perturbation, effect direction, or species/context scope.	Source lead only; no exact-pair primary plus independent corroborating verification asserted in this immediate conservative pass; source_records=4; database_ref_count=98; ref_head=10085237;12082616;12083523;12871976;14630918; source_registries=OmniPath_DoRothEA;TRRUST.
human	EPAS1	VEGFA	OmniPath_DoRothEA|OmniPath_DoRothEA_snapshot_2026-08-25|human|omnipath_dorothea:human:000291:dfd065cb72c5;TRRUST|TRRUST_v2_snapshot_2026-08-25|human|trrust:human:001662;TRRUST|TRRUST_v2_snapshot_2026-08-25|human|trrust:human:001663	database_only_unverified	22B	database_curated_unverified	database_assertion	positive	\N	\N	not_assessed	none_claimed	\N	\N	Database presence and linked PMIDs do not establish exact-pair direct binding or perturbation, effect direction, or species/context scope.	Source lead only; no exact-pair primary plus independent corroborating verification asserted in this immediate conservative pass; source_records=3; database_ref_count=134; ref_head=9113979;9178256;9665461;9746763;10495286; source_registries=OmniPath_DoRothEA;TRRUST.
human	FOXO3	BCL2L11	OmniPath_DoRothEA|OmniPath_DoRothEA_snapshot_2026-08-25|human|omnipath_dorothea:human:001319:3aa35e2bc902;TRRUST|TRRUST_v2_snapshot_2026-08-25|human|trrust:human:002285	database_only_unverified	22B	database_curated_unverified	database_assertion	positive	\N	\N	not_assessed	none_claimed	\N	\N	Database presence and linked PMIDs do not establish exact-pair direct binding or perturbation, effect direction, or species/context scope.	Source lead only; no exact-pair primary plus independent corroborating verification asserted in this immediate conservative pass; source_records=2; database_ref_count=191; ref_head=11050388;11994454;12417654;12913110;12970676; source_registries=OmniPath_DoRothEA;TRRUST.
human	SRF	FOS	OmniPath_DoRothEA|OmniPath_DoRothEA_snapshot_2026-08-25|human|omnipath_dorothea:human:000118:dea3c261bb11;TRRUST|TRRUST_v2_snapshot_2026-08-25|human|trrust:human:007780;TRRUST|TRRUST_v2_snapshot_2026-08-25|human|trrust:human:007781	database_only_unverified	22B	database_curated_unverified	database_assertion	positive	\N	\N	not_assessed	none_claimed	\N	\N	Database presence and linked PMIDs do not establish exact-pair direct binding or perturbation, effect direction, or species/context scope.	Source lead only; no exact-pair primary plus independent corroborating verification asserted in this immediate conservative pass; source_records=3; database_ref_count=167; ref_head=1328862;1339307;1531519;1547771;1630900; source_registries=OmniPath_DoRothEA;TRRUST.
human	HSF1	HSPA4	OmniPath_DoRothEA|OmniPath_DoRothEA_snapshot_2026-08-25|human|omnipath_dorothea:human:000218:be54a9c33cbd;TRRUST|TRRUST_v2_snapshot_2026-08-25|human|trrust:human:003163;TRRUST|TRRUST_v2_snapshot_2026-08-25|human|trrust:human:003164	database_only_unverified	22B	database_curated_unverified	database_assertion	positive	\N	\N	not_assessed	none_claimed	\N	\N	Database presence and linked PMIDs do not establish exact-pair direct binding or perturbation, effect direction, or species/context scope.	Source lead only; no exact-pair primary plus independent corroborating verification asserted in this immediate conservative pass; source_records=3; database_ref_count=180; ref_head=1508207;7553870;7753835;8035809;8078944; source_registries=OmniPath_DoRothEA;TRRUST.
human	NR5A1	STAR	OmniPath_DoRothEA|OmniPath_DoRothEA_snapshot_2026-08-25|human|omnipath_dorothea:human:000117:780d13725a33;TRRUST|TRRUST_v2_snapshot_2026-08-25|human|trrust:human:005231;TRRUST|TRRUST_v2_snapshot_2026-08-25|human|trrust:human:005232;TRRUST|TRRUST_v2_snapshot_2026-08-25|human|trrust:human:005233	database_only_unverified	22B	database_curated_unverified	database_assertion	context_dependent	\N	\N	not_assessed	none_claimed	\N	\N	Database presence and linked PMIDs do not establish exact-pair direct binding or perturbation, effect direction, or species/context scope.	Source lead only; no exact-pair primary plus independent corroborating verification asserted in this immediate conservative pass; source_records=4; database_ref_count=77; ref_head=8703908;9013761;9029708;9188726;9801462; source_registries=OmniPath_DoRothEA;TRRUST.
human	SREBF2	LDLR	OmniPath_DoRothEA|OmniPath_DoRothEA_snapshot_2026-08-25|human|omnipath_dorothea:human:000234:ae0b06a806d7;TRRUST|TRRUST_v2_snapshot_2026-08-25|human|trrust:human:007764	database_only_unverified	22B	database_curated_unverified	database_assertion	positive	\N	\N	not_assessed	none_claimed	\N	\N	Database presence and linked PMIDs do not establish exact-pair direct binding or perturbation, effect direction, or species/context scope.	Source lead only; no exact-pair primary plus independent corroborating verification asserted in this immediate conservative pass; source_records=2; database_ref_count=116; ref_head=7759101;10455139;10627507;10777536;10894816; source_registries=OmniPath_DoRothEA;TRRUST.
human	WT1	IGF1R	OmniPath_DoRothEA|OmniPath_DoRothEA_snapshot_2026-08-25|human|omnipath_dorothea:human:000266:ba92387d676e;TRRUST|TRRUST_v2_snapshot_2026-08-25|human|trrust:human:009050;TRRUST|TRRUST_v2_snapshot_2026-08-25|human|trrust:human:009051	database_only_unverified	22B	database_curated_unverified	database_assertion	negative	\N	\N	not_assessed	none_claimed	\N	\N	Database presence and linked PMIDs do not establish exact-pair direct binding or perturbation, effect direction, or species/context scope.	Source lead only; no exact-pair primary plus independent corroborating verification asserted in this immediate conservative pass; source_records=3; database_ref_count=26; ref_head=7497000;7791758;8184747;8390684;8702614; source_registries=OmniPath_DoRothEA;TRRUST.
mouse	Irf3	Ifnb1	OmniPath_DoRothEA|OmniPath_DoRothEA_snapshot_2026-08-25|mouse|omnipath_dorothea:mouse:000515:2c1e648fa9ba;TRRUST|TRRUST_v2_snapshot_2026-08-25|mouse|trrust:mouse:002164;TRRUST|TRRUST_v2_snapshot_2026-08-25|mouse|trrust:mouse:002165;TRRUST|TRRUST_v2_snapshot_2026-08-25|mouse|trrust:mouse:002166	database_only_unverified	22B	database_curated_unverified	database_assertion	context_dependent	\N	\N	not_assessed	none_claimed	\N	\N	Database presence and linked PMIDs do not establish exact-pair direct binding or perturbation, effect direction, or species/context scope.	Source lead only; no exact-pair primary plus independent corroborating verification asserted in this immediate conservative pass; source_records=4; database_ref_count=378; ref_head=9446577;9541017;9649509;9660935;9707562; source_registries=OmniPath_DoRothEA;TRRUST.
human	AHR	CYP1A1	OmniPath_DoRothEA|OmniPath_DoRothEA_snapshot_2026-08-25|human|omnipath_dorothea:human:000154:4e2781fcd786;TRRUST|TRRUST_v2_snapshot_2026-08-25|human|trrust:human:000028;TRRUST|TRRUST_v2_snapshot_2026-08-25|human|trrust:human:000029;TRRUST|TRRUST_v2_snapshot_2026-08-25|human|trrust:human:000030	database_only_unverified	22B	database_curated_unverified	database_assertion	context_dependent	\N	\N	not_assessed	none_claimed	\N	\N	Database presence and linked PMIDs do not establish exact-pair direct binding or perturbation, effect direction, or species/context scope.	Source lead only; no exact-pair primary plus independent corroborating verification asserted in this immediate conservative pass; source_records=4; database_ref_count=1009; ref_head=1309295;1311272;1312672;1313023;1313028; source_registries=OmniPath_DoRothEA;TRRUST.
human	NR1I2	CYP3A4	OmniPath_DoRothEA|OmniPath_DoRothEA_snapshot_2026-08-25|human|omnipath_dorothea:human:000189:c0fc54148599;TRRUST|TRRUST_v2_snapshot_2026-08-25|human|trrust:human:005087;TRRUST|TRRUST_v2_snapshot_2026-08-25|human|trrust:human:005088	database_only_unverified	22B	database_curated_unverified	database_assertion	positive	\N	\N	not_assessed	none_claimed	\N	\N	Database presence and linked PMIDs do not establish exact-pair direct binding or perturbation, effect direction, or species/context scope.	Source lead only; no exact-pair primary plus independent corroborating verification asserted in this immediate conservative pass; source_records=3; database_ref_count=580; ref_head=9727070;9855641;10403778;10415106;10570062; source_registries=OmniPath_DoRothEA;TRRUST.
mouse	Snai1	Cdh1	TRRUST|TRRUST_v2_snapshot_2026-08-25|mouse|trrust:mouse:005330;TRRUST|TRRUST_v2_snapshot_2026-08-25|mouse|trrust:mouse:005331;TRRUST|TRRUST_v2_snapshot_2026-08-25|mouse|trrust:mouse:005332	database_only_unverified	22B	database_curated_unverified	database_assertion	context_dependent	\N	\N	not_assessed	none_claimed	\N	\N	Database presence and linked PMIDs do not establish exact-pair direct binding or perturbation, effect direction, or species/context scope.	Source lead only; no exact-pair primary plus independent corroborating verification asserted in this immediate conservative pass; source_records=3; database_ref_count=20; ref_head=10655586;12161443;12761851;14673164;15790452; source_registries=TRRUST.
mouse	Zeb1	Cdh1	TRRUST|TRRUST_v2_snapshot_2026-08-25|mouse|trrust:mouse:006986	database_only_unverified	22B	database_curated_unverified	database_assertion	negative	\N	\N	not_assessed	none_claimed	\N	\N	Database presence and linked PMIDs do not establish exact-pair direct binding or perturbation, effect direction, or species/context scope.	Source lead only; no exact-pair primary plus independent corroborating verification asserted in this immediate conservative pass; source_records=1; database_ref_count=1; ref_head=17655524; source_registries=TRRUST.
mouse	Nr1h3	Abca1	OmniPath_DoRothEA|OmniPath_DoRothEA_snapshot_2026-08-25|mouse|omnipath_dorothea:mouse:000520:647e5814393d;TRRUST|TRRUST_v2_snapshot_2026-08-25|mouse|trrust:mouse:003725	database_only_unverified	22B	database_curated_unverified	database_assertion	positive	\N	\N	not_assessed	none_claimed	\N	\N	Database presence and linked PMIDs do not establish exact-pair direct binding or perturbation, effect direction, or species/context scope.	Source lead only; no exact-pair primary plus independent corroborating verification asserted in this immediate conservative pass; source_records=2; database_ref_count=282; ref_head=10858438;11035776;11172721;11264984;11287605; source_registries=OmniPath_DoRothEA;TRRUST.
human	POU1F1	PRL	OmniPath_DoRothEA|OmniPath_DoRothEA_snapshot_2026-08-25|human|omnipath_dorothea:human:000081:9a0d0f176db2;TRRUST|TRRUST_v2_snapshot_2026-08-25|human|trrust:human:005546;TRRUST|TRRUST_v2_snapshot_2026-08-25|human|trrust:human:005547	database_only_unverified	22B	database_only_unverified	database_curated_source_lead	activating_target	7529501;16879162;11874696;17240357;17933456;19808898;7877625;9207961;9822660;11081207	\N	not_verified	not_claimed	\N	\N	Primary literature verification incomplete; database assertion only.	Top inventory pair; source lead TRRUST PMIDs retained for follow-up and are not independently corroborated here.
human	SNAI2	CDH1	OmniPath_DoRothEA|OmniPath_DoRothEA_snapshot_2026-08-25|human|omnipath_dorothea:human:000993:1e403b43dea1;TRRUST|TRRUST_v2_snapshot_2026-08-25|human|trrust:human:006824;TRRUST|TRRUST_v2_snapshot_2026-08-25|human|trrust:human:006825	database_only_unverified	22B	database_only_unverified	database_curated_source_lead	repressing_target	20053763;22899291;15311212;21796367;21081648	\N	not_verified	not_claimed	\N	\N	Primary literature verification incomplete; database assertion only.	Top inventory pair; source lead TRRUST PMIDs retained for follow-up and are not independently corroborated here.
human	PDX1	INS	OmniPath_DoRothEA|OmniPath_DoRothEA_snapshot_2026-08-25|human|omnipath_dorothea:human:000134:a0c94ce85166;TRRUST|TRRUST_v2_snapshot_2026-08-25|human|trrust:human:005410;TRRUST|TRRUST_v2_snapshot_2026-08-25|human|trrust:human:005411	database_only_unverified	22B	database_only_unverified	database_curated_source_lead	activating_target	7568086;10567373;10585868;20886630;10426567	\N	not_verified	not_claimed	\N	\N	Primary literature verification incomplete; database assertion only.	Top inventory pair; source lead TRRUST PMIDs retained for follow-up and are not independently corroborated here.
human	STAT6	IL4	OmniPath_DoRothEA|OmniPath_DoRothEA_snapshot_2026-08-25|human|omnipath_dorothea:human:000164:cb5b87ada841;TRRUST|TRRUST_v2_snapshot_2026-08-25|human|trrust:human:008169;TRRUST|TRRUST_v2_snapshot_2026-08-25|human|trrust:human:008170	database_only_unverified	22B	database_only_unverified	database_curated_source_lead	activating_target	16647686;20214667;12082548;12776189;14993689;19419769;20225206;12605697	\N	not_verified	not_claimed	\N	\N	Primary literature verification incomplete; database assertion only.	Top inventory pair; source lead TRRUST PMIDs retained for follow-up and are not independently corroborated here.
human	YY1	MYC	OmniPath_DoRothEA|OmniPath_DoRothEA_snapshot_2026-08-25|human|omnipath_dorothea:human:000414:18346a59cd8e;TRRUST|TRRUST_v2_snapshot_2026-08-25|human|trrust:human:009228;TRRUST|TRRUST_v2_snapshot_2026-08-25|human|trrust:human:009229;TRRUST|TRRUST_v2_snapshot_2026-08-25|human|trrust:human:009230	database_only_unverified	22B	database_only_unverified	database_curated_source_lead	mixed_or_conflicted	18490439;19279113;17434929;9797456;10528225	\N	not_verified	not_claimed	\N	\N	Primary literature verification incomplete; source directions conflict.	Top inventory pair; source lead TRRUST PMIDs retained for follow-up; do not infer a single polarity from the mixed inventory assertions.
human	HNF1A	ALB	OmniPath_DoRothEA|OmniPath_DoRothEA_snapshot_2026-08-25|human|omnipath_dorothea:human:000303:88c02bcb20e2;TRRUST|TRRUST_v2_snapshot_2026-08-25|human|trrust:human:002992	database_only_unverified	22B	database_only_unverified	database_curated_source_lead	activating_target	1321810	\N	not_verified	not_claimed	\N	\N	Primary literature verification incomplete; database assertion only.	Top inventory pair; source lead TRRUST PMID retained for follow-up and is not independently corroborated here.
human	FOXM1	CCNB1	OmniPath_DoRothEA|OmniPath_DoRothEA_snapshot_2026-08-25|human|omnipath_dorothea:human:000880:5fd635666579;TRRUST|TRRUST_v2_snapshot_2026-08-25|human|trrust:human:002241	database_only_unverified	22B	database_only_unverified	database_curated_source_lead	activating_target	19276163	\N	not_verified	not_claimed	\N	\N	Primary literature verification incomplete; database assertion only.	Top inventory pair; source lead TRRUST PMID retained for follow-up and is not independently corroborated here.
human	TBX21	IFNG	OmniPath_DoRothEA|OmniPath_DoRothEA_snapshot_2026-08-25|human|omnipath_dorothea:human:000443:b901bdae1891;TRRUST|TRRUST_v2_snapshot_2026-08-25|human|trrust:human:008235;TRRUST|TRRUST_v2_snapshot_2026-08-25|human|trrust:human:008236	database_only_unverified	22B	database_only_unverified	database_curated_source_lead	activating_target	19348920;20977921;21540308;17541280;16498264;16737784;17705132;19879772;20056084;21507199;22521571;24752800;12938094	\N	not_verified	not_claimed	\N	\N	Primary literature verification incomplete; database assertion only.	Top inventory pair; source lead TRRUST PMIDs retained for follow-up and are not independently corroborated here.
human	USF1	SERPINE1	OmniPath_DoRothEA|OmniPath_DoRothEA_snapshot_2026-08-25|human|omnipath_dorothea:human:001096:97888d43b78e;TRRUST|TRRUST_v2_snapshot_2026-08-25|human|trrust:human:008874;TRRUST|TRRUST_v2_snapshot_2026-08-25|human|trrust:human:008875	database_only_unverified	22B	database_only_unverified	database_curated_source_lead	activating_target	16902162;12235287	\N	not_verified	not_claimed	\N	\N	Primary literature verification incomplete; database assertion only.	Top inventory pair; source lead TRRUST PMIDs retained for follow-up and are not independently corroborated here.
human	TWIST1	CDH1	OmniPath_DoRothEA|OmniPath_DoRothEA_snapshot_2026-08-25|human|omnipath_dorothea:human:002223:55be8c5a22c8;TRRUST|TRRUST_v2_snapshot_2026-08-25|human|trrust:human:008747;TRRUST|TRRUST_v2_snapshot_2026-08-25|human|trrust:human:008748	database_only_unverified	22B	database_only_unverified	database_curated_source_lead	repressing_target	19581928;20053763;21876555;22899291;15311212;21796367	\N	not_verified	not_claimed	\N	\N	Primary literature verification incomplete; database assertion only.	Top inventory pair; source lead TRRUST PMIDs retained for follow-up and are not independently corroborated here.
human	STAT4	IFNG	OmniPath_DoRothEA|OmniPath_DoRothEA_snapshot_2026-08-25|human|omnipath_dorothea:human:000074:5eba6bcf4bae;TRRUST|TRRUST_v2_snapshot_2026-08-25|human|trrust:human:008109	database_only_unverified	22B	database_only_unverified	database_curated_source_lead	activating_target	9642277;9558063	\N	not_verified	20B_overlap_routing_flag	\N	\N	Primary literature verification incomplete; database assertion only.	Top inventory pair; 20B is preserved as a routing flag only; no transfer by citation overlap.
human	REL	IL2	OmniPath_DoRothEA|OmniPath_DoRothEA_snapshot_2026-08-25|human|omnipath_dorothea:human:000724:e0bda2bb2aeb;TRRUST|TRRUST_v2_snapshot_2026-08-25|human|trrust:human:005951	database_only_unverified	22B	database_only_unverified	database_curated_source_lead	activating_target	8920856	\N	not_verified	not_claimed	\N	\N	Primary literature verification incomplete; database assertion only.	Top inventory pair; source lead TRRUST PMID retained for follow-up and is not independently corroborated here.
human	GATA1	HBB	OmniPath_DoRothEA|OmniPath_DoRothEA_snapshot_2026-08-25|human|omnipath_dorothea:human:001085:75e4d2bd4cf8;TRRUST|TRRUST_v2_snapshot_2026-08-25|human|trrust:human:002386	database_only_unverified	22B	database_only_unverified	database_curated_source_lead	activating_target	20564185;15833715	\N	not_verified	not_claimed	\N	\N	Primary literature verification incomplete; database assertion only.	Top inventory pair; source lead TRRUST PMIDs retained for follow-up and are not independently corroborated here.
human	DDIT3	TNFRSF10B	OmniPath_DoRothEA|OmniPath_DoRothEA_snapshot_2026-08-25|human|omnipath_dorothea:human:002085:2b70942b8a16;OmniPath_DoRothEA|OmniPath_DoRothEA_snapshot_2026-08-25|human|omnipath_dorothea:human:002086:903234f66655;TRRUST|TRRUST_v2_snapshot_2026-08-25|human|trrust:human:001105;TRRUST|TRRUST_v2_snapshot_2026-08-25|human|trrust:human:001106;TRRUST|TRRUST_v2_snapshot_2026-08-25|human|trrust:human:001107	database_only_unverified	22B	database_only_unverified	database_curated_source_lead	mixed_or_conflicted	15994939;18593935;18794136;21044953;21726997;21941003;15322075;18172319;22328338;20157774	\N	not_verified	not_claimed	\N	\N	Primary literature verification incomplete; source directions conflict.	Top inventory pair; source lead TRRUST PMIDs retained for follow-up; do not infer a single polarity from the mixed inventory assertions.
human	RARA	RARB	OmniPath_DoRothEA|OmniPath_DoRothEA_snapshot_2026-08-25|human|omnipath_dorothea:human:000364:8bdef88e55c2;TRRUST|TRRUST_v2_snapshot_2026-08-25|human|trrust:human:005861	database_only_unverified	22B	database_only_unverified	database_curated_source_lead	activating_target	10629091	\N	not_verified	not_claimed	\N	\N	Primary literature verification incomplete; database assertion only.	Top inventory pair; source lead TRRUST PMID retained for follow-up and is not independently corroborated here.
human	IRF7	IFNB1	OmniPath_DoRothEA|OmniPath_DoRothEA_snapshot_2026-08-25|human|omnipath_dorothea:human:000964:3ea47c8a10bf;TRRUST|TRRUST_v2_snapshot_2026-08-25|human|trrust:human:003351;TRRUST|TRRUST_v2_snapshot_2026-08-25|human|trrust:human:003352;TRRUST|TRRUST_v2_snapshot_2026-08-25|human|trrust:human:003353	database_only_unverified	22B	database_only_unverified	database_curated_source_lead	mixed_or_conflicted	17236232;22698399;23906644;22547704	\N	not_verified	not_claimed	\N	\N	Primary literature verification incomplete; source directions conflict.	Top inventory pair; source lead TRRUST PMIDs retained for follow-up; do not infer a single polarity from the mixed inventory assertions.
mouse	NFATC2	Ifng	OmniPath_DoRothEA|OmniPath_DoRothEA_snapshot_2026-08-25|mouse|omnipath_dorothea:mouse:001819:8f502dafbc56;TRRUST|TRRUST_v2_snapshot_2026-08-25|mouse|trrust:mouse:003171;TRRUST|TRRUST_v2_snapshot_2026-08-25|mouse|trrust:mouse:003172	database_only_unverified	22B	database_only_unverified	database_curated_source_lead	activating_target	11520798;10894164	\N	not_verified	not_claimed	\N	\N	Primary literature verification incomplete; database assertion only.	Top inventory pair; source lead TRRUST PMIDs retained for follow-up and are not independently corroborated here.
human	RUNX2	MMP13	OmniPath_DoRothEA|OmniPath_DoRothEA_snapshot_2026-08-25|human|omnipath_dorothea:human:000137:68e464bd05c6;TRRUST|TRRUST_v2_snapshot_2026-08-25|human|trrust:human:006525	database_only_unverified	22B	database_only_unverified	database_curated_source_lead	activating_target	15564063	\N	not_verified	not_claimed	\N	\N	Primary literature verification incomplete; database assertion only.	Top inventory pair; source lead TRRUST PMID retained for follow-up and is not independently corroborated here.
human	ATF6	HSPA5	OmniPath_DoRothEA|OmniPath_DoRothEA_snapshot_2026-08-25|human|omnipath_dorothea:human:000325:cc382cfa0840;TRRUST|TRRUST_v2_snapshot_2026-08-25|human|trrust:human:000367	database_only_unverified	22B	database_only_unverified	database_curated_source_lead	activating_target	12713871	\N	not_verified	not_claimed	\N	\N	Primary literature verification incomplete; database assertion only.	Top inventory pair; source lead TRRUST PMID retained for follow-up and is not independently corroborated here.
human	BACH1	HMOX1	OmniPath_DoRothEA|OmniPath_DoRothEA_snapshot_2026-08-25|human|omnipath_dorothea:human:001104:00b6c4371130;TRRUST|TRRUST_v2_snapshot_2026-08-25|human|trrust:human:000408;TRRUST|TRRUST_v2_snapshot_2026-08-25|human|trrust:human:000409	database_only_unverified	22B	database_only_unverified	database_curated_source_lead	mixed_or_conflicted	17942419;18550526;21982894;17409198	\N	not_verified	not_claimed	\N	\N	Primary literature verification incomplete; source directions conflict.	Top inventory pair; source lead TRRUST PMIDs retained for follow-up; do not infer a single polarity from the mixed inventory assertions.
human	E2F4	BRCA1	OmniPath_DoRothEA|OmniPath_DoRothEA_snapshot_2026-08-25|human|omnipath_dorothea:human:002024:4dd2283bc675;TRRUST|TRRUST_v2_snapshot_2026-08-25|human|trrust:human:001355	database_only_unverified	22B	database_only_unverified	database_assertion	unknown			none_identified	no_modules_20_21_23_24_overlap	not verified; source database only	not verified	No bounded primary verification with independent corroboration.	Database source lead: OmniPath/DoRothEA and TRRUST, PMIDs 17106239;20818429. Exact E2F4-BRCA1 support and polarity were not independently corroborated.
human	GLI1	BCL2	OmniPath_DoRothEA|OmniPath_DoRothEA_snapshot_2026-08-25|human|omnipath_dorothea:human:001367:f199956d03cc;TRRUST|TRRUST_v2_snapshot_2026-08-25|human|trrust:human:002520	promote_to_22B	22B	verified_exact_primary	direct_promoter_binding_and_perturbation	positive	14555646	19736394	none_identified	no_modules_20_21_23_24_overlap	human keratinocytes; pancreatic cancer cells	SHH/GLI1 expression; GLI1 RNAi/cyclopamine	Cancer/keratinocyte context; not a universal regulon claim.	PMID 14555646 shows GLI1-dependent BCL2 promoter activation; independent PMID 19736394 shows GLI1 binding at the BCL2 promoter and loss of BCL2 after GLI1 inhibition.
human	GATA2	EPO	OmniPath_DoRothEA|OmniPath_DoRothEA_snapshot_2026-08-25|human|omnipath_dorothea:human:000687:dc8d19554263;TRRUST|TRRUST_v2_snapshot_2026-08-25|human|trrust:human:002420	database_only_unverified	22B	database_only_unverified	database_assertion	repressing_target			none_identified	no_modules_20_21_23_24_overlap	not verified; source database only	not verified	No bounded primary verification with independent corroboration.	Database source lead: OmniPath/DoRothEA and TRRUST, PMID 8677751. Exact GATA2-EPO evidence was not independently corroborated for this lane.
human	MYB	BCL2	OmniPath_DoRothEA|OmniPath_DoRothEA_snapshot_2026-08-25|human|omnipath_dorothea:human:000398:7c7df837f250;TRRUST|TRRUST_v2_snapshot_2026-08-25|human|trrust:human:004092	database_only_unverified	22B	database_only_unverified	database_assertion	unknown			none_identified	no_modules_20_21_23_24_overlap	not verified; source database only	not verified	No bounded primary verification with independent corroboration.	Database source lead: OmniPath/DoRothEA and TRRUST, PMIDs 8946913;11675351. The strongest leads include non-human/v-Myb or B-Myb contexts and were not transferred.
human	FOXA1	SFTPB	OmniPath_DoRothEA|OmniPath_DoRothEA_snapshot_2026-08-25|human|omnipath_dorothea:human:000615:c5d5fece09c8;TRRUST|TRRUST_v2_snapshot_2026-08-25|human|trrust:human:002176	database_only_unverified	22B	database_only_unverified	database_assertion	activating_target			none_identified	no_modules_20_21_23_24_overlap	not verified; source database only	not verified	No bounded primary verification with independent corroboration.	Database source lead: OmniPath/DoRothEA and TRRUST, PMID 18003659 plus older SFTPB leads. Exact FOXA1-SFTPB activation was not independently corroborated.
human	SOX2	CCND1	OmniPath_DoRothEA|OmniPath_DoRothEA_snapshot_2026-08-25|human|omnipath_dorothea:human:002308:f78bba8cb9e4;TRRUST|TRRUST_v2_snapshot_2026-08-25|human|trrust:human:006872	database_only_unverified	22B	database_only_unverified	database_assertion	activating_target			none_identified	no_modules_20_21_23_24_overlap	not verified; source database only	not verified	No bounded primary verification with independent corroboration.	Database source lead: OmniPath/DoRothEA and TRRUST, PMIDs 18268498;18456656. Exact SOX2-CCND1 support was not independently corroborated.
human	POU5F1	NANOG	OmniPath_DoRothEA|OmniPath_DoRothEA_snapshot_2026-08-25|human|omnipath_dorothea:human:001761:997a4a902618;TRRUST|TRRUST_v2_snapshot_2026-08-25|human|trrust:human:005641	database_only_unverified	22B	database_only_unverified	database_assertion	activating_target			none_identified	no_modules_20_21_23_24_overlap	not verified; source database only	not verified	No bounded primary verification with independent corroboration.	Database source lead: OmniPath/DoRothEA and TRRUST, PMID 17068183. Core pluripotency-network citation overlap was not treated as independent pair corroboration.
human	LEF1	CD1D	OmniPath_DoRothEA|OmniPath_DoRothEA_snapshot_2026-08-25|human|omnipath_dorothea:human:001496:6dd9d0fdcba7;TRRUST|TRRUST_v2_snapshot_2026-08-25|human|trrust:human:003788	database_only_unverified	22B	database_only_unverified	database_assertion	repressing_target			none_identified	no_modules_20_21_23_24_overlap	not verified; source database only	not verified	No bounded primary verification with independent corroboration.	Database source lead: OmniPath/DoRothEA and TRRUST, PMID 20363964. Exact LEF1-CD1D repression was not independently corroborated.
human	TP73	CDKN1A	OmniPath_DoRothEA|OmniPath_DoRothEA_snapshot_2026-08-25|human|omnipath_dorothea:human:000096:44758f99b853;TRRUST|TRRUST_v2_snapshot_2026-08-25|human|trrust:human:008695	database_only_unverified	22B	database_only_unverified	database_assertion	activating_target			none_identified	no_modules_20_21_23_24_overlap	not verified; source database only	not verified	No bounded primary verification with independent corroboration.	Database source lead: OmniPath/DoRothEA and TRRUST, PMIDs 10207112;12841870. Exact TP73-CDKN1A support was not independently corroborated.
human	ZEB2	CDH1	OmniPath_DoRothEA|OmniPath_DoRothEA_snapshot_2026-08-25|human|omnipath_dorothea:human:001174:007f79dc8bb5;TRRUST|TRRUST_v2_snapshot_2026-08-25|human|trrust:human:009307	database_only_unverified	22B	database_only_unverified	database_assertion	repressing_target			none_identified	no_modules_20_21_23_24_overlap	not verified; source database only	not verified	No bounded primary verification with independent corroboration.	Database source lead: OmniPath/DoRothEA and TRRUST, PMIDs 11430829;20682777. Exact ZEB2-CDH1 support was not independently corroborated.
human	CTNNB1	CCND1	TRRUST|TRRUST_v2_snapshot_2026-08-25|human|trrust:human:001042;TRRUST|TRRUST_v2_snapshot_2026-08-25|human|trrust:human:001043	database_only_unverified	22B	database_only_unverified	database_assertion	unknown			none_identified	no_modules_20_21_23_24_overlap	not verified; source database only	not verified	No bounded primary verification with independent corroboration.	Database source lead: TRRUST, PMIDs 16628468;17109766;20300972. Source directions conflict, so no polarity was promoted.
human	ESR2	TFF1	OmniPath_DoRothEA|OmniPath_DoRothEA_snapshot_2026-08-25|human|omnipath_dorothea:human:003948:ef4641498125;TRRUST|TRRUST_v2_snapshot_2026-08-25|human|trrust:human:001807	database_only_unverified	22B	database_only_unverified	database_assertion	activating_target			none_identified	no_modules_20_21_23_24_overlap	not verified; source database only	not verified	No bounded primary verification with independent corroboration.	Database source lead: OmniPath/DoRothEA and TRRUST, PMID 11517191. Exact ESR2-TFF1 support was not independently corroborated.
human	NR3C1	ATP1B1	OmniPath_DoRothEA|OmniPath_DoRothEA_snapshot_2026-08-25|human|omnipath_dorothea:human:003467:40e9f57b3827;TRRUST|TRRUST_v2_snapshot_2026-08-25|human|trrust:human:005137	database_only_unverified	22B	database_only_unverified	database_assertion	repressing_target			none_identified	no_modules_20_21_23_24_overlap	not verified; source database only	not verified	No bounded primary verification with independent corroboration.	Database source lead: OmniPath/DoRothEA and TRRUST, PMID 9694812. Exact NR3C1-ATP1B1 support was not independently corroborated.
human	CDX2	KLF4	OmniPath_DoRothEA|OmniPath_DoRothEA_snapshot_2026-08-25|human|omnipath_dorothea:human:000858:d1a7fa28c75e;TRRUST|TRRUST_v2_snapshot_2026-08-25|human|trrust:human:000581	database_only_unverified	22B	database_only_unverified	database_assertion	activating_target			none_identified	no_modules_20_21_23_24_overlap	not verified; source database only	not verified	No bounded primary verification with independent corroboration.	Database source lead: OmniPath/DoRothEA and TRRUST, PMID 11521200. Exact CDX2-KLF4 support was not independently corroborated.
human	POU2F1	IL2	OmniPath_DoRothEA|OmniPath_DoRothEA_snapshot_2026-08-25|human|omnipath_dorothea:human:000939:c0d3a0e89a53;TRRUST|TRRUST_v2_snapshot_2026-08-25|human|trrust:human:005572	database_only_unverified	22B	database_only_unverified	database_assertion	activating_target			none_identified	no_modules_20_21_23_24_overlap	not verified; source database only	not verified	No bounded primary verification with independent corroboration.	Database source lead: OmniPath/DoRothEA and TRRUST, PMID 11781715. Exact POU2F1-IL2 support was not independently corroborated.
human	JUND	MYB	OmniPath_DoRothEA|OmniPath_DoRothEA_snapshot_2026-08-25|human|omnipath_dorothea:human:001573:447f68a8156f;TRRUST|TRRUST_v2_snapshot_2026-08-25|human|trrust:human:003598	database_only_unverified	22B	database_only_unverified	database_assertion	unknown			none_identified	no_modules_20_21_23_24_overlap	not verified; source database only	not verified	No bounded primary verification with independent corroboration.	Database source lead: OmniPath/DoRothEA and TRRUST, PMIDs 18071306;22493372. Source directions conflict, so no polarity was promoted.
human	CLOCK	PER1	OmniPath_DoRothEA|OmniPath_DoRothEA_snapshot_2026-08-25|human|omnipath_dorothea:human:000507:b7faae15c4bb;TRRUST|TRRUST_v2_snapshot_2026-08-25|human|trrust:human:000810	database_only_unverified	22B	database_only_unverified	database_assertion	activating_target			reused_across_items;needs_corroboration	22B_overlap;citation_overlap_only;not_transferred	not verified; source database only	not verified	No bounded primary verification with independent corroboration.	Database source lead: OmniPath/DoRothEA and TRRUST, PMIDs 17994337;22750052. Existing 22B overlap is preserved as a flag only; citation overlap was not used as pair evidence.
human	TCF7L2	BIRC5	OmniPath_DoRothEA|OmniPath_DoRothEA_snapshot_2026-08-25|human|omnipath_dorothea:human:004765:eb6f2efe3b3c;TRRUST|TRRUST_v2_snapshot_2026-08-25|human|trrust:human:008299	database_only_unverified	22B	database_only_unverified	database_assertion	activating_target			none_identified	no_modules_20_21_23_24_overlap	not verified; source database only	not verified	No bounded primary verification with independent corroboration.	Database source lead: OmniPath/DoRothEA and TRRUST, PMIDs 12885482;20331626. Exact TCF7L2-BIRC5 support was not independently corroborated.
human	BMAL1	PER1	OmniPath_DoRothEA|OmniPath_DoRothEA_snapshot_2026-08-25|human|omnipath_dorothea:human:000506:5f434980fe5c	database_only_unverified	22B	database_only_unverified	database_assertion	activating_target			reused_across_items;needs_corroboration	22B_overlap;citation_overlap_only;not_transferred	not verified; source database only	not verified	No bounded primary verification with independent corroboration.	Database source lead: OmniPath/DoRothEA, PMIDs 17994337;22750052. Existing 22B overlap is preserved as a flag only; citation overlap was not used as pair evidence.
human	SOX9	CDKN1A	OmniPath_DoRothEA|OmniPath_DoRothEA_snapshot_2026-08-25|human|omnipath_dorothea:human:000854:c2f2eddf1268;TRRUST|TRRUST_v2_snapshot_2026-08-25|human|trrust:human:006912	database_only_unverified	22B	database_only_unverified	database_assertion	unknown			none_identified	no_modules_20_21_23_24_overlap	not verified; source database only	not verified	No bounded primary verification with independent corroboration.	Database source lead: OmniPath/DoRothEA and TRRUST, PMIDs 19273910;20651055. Source directions conflict, so no polarity was promoted.
human	PGR	IGFBP1	OmniPath_DoRothEA|OmniPath_DoRothEA_snapshot_2026-08-25|human|omnipath_dorothea:human:000235:f945885db2a6;TRRUST|TRRUST_v2_snapshot_2026-08-25|human|trrust:human:005430	database_only_unverified	22B	database_only_unverified	database_record	context_dependent			not_assessed	not_claimed	not independently verified	not independently verified	Database record only; exact primary experiment and species context not checked.	Source lead PMID=10459849; public PGR-IGFBP1 record not independently verified; retained as conservative database-only candidate.
human	RXRA	CYP3A4	OmniPath_DoRothEA|OmniPath_DoRothEA_snapshot_2026-08-25|human|omnipath_dorothea:human:003836:30c4ecceed4e;TRRUST|TRRUST_v2_snapshot_2026-08-25|human|trrust:human:006575	database_only_unverified	22B	database_only_unverified	database_record	context_dependent			not_assessed	not_claimed	not independently verified	not independently verified	Database record only; exact primary experiment and species context not checked.	Source lead PMID=10403778; public RXRA-CYP3A4 record not independently verified; retained as conservative database-only candidate.
human	KMT2A	HOXA9	OmniPath_DoRothEA|OmniPath_DoRothEA_snapshot_2026-08-25|human|omnipath_dorothea:human:003010:22d66711d7ea	database_only_unverified	22B	database_only_unverified	database_record	positive			not_assessed	not_claimed	not independently verified	not independently verified	Database record only; exact primary experiment and species context not checked.	Source lead PMID=12637319; public KMT2A-HOXA9 record not independently verified; retained as conservative database-only candidate.
human	PAX8	TPO	OmniPath_DoRothEA|OmniPath_DoRothEA_snapshot_2026-08-25|human|omnipath_dorothea:human:000401:5f482bfb0445	database_only_unverified	22B	database_only_unverified	database_record	positive			not_assessed	not_claimed	not independently verified	not independently verified	Database record only; exact primary experiment and species context not checked.	Source lead PMID=10401666; public PAX8-TPO record not independently verified; retained as conservative database-only candidate.
human	STAT5B	BCL2L1	OmniPath_DoRothEA|OmniPath_DoRothEA_snapshot_2026-08-25|human|omnipath_dorothea:human:002661:39303ecfb7dc;TRRUST|TRRUST_v2_snapshot_2026-08-25|human|trrust:human:008134	database_only_unverified	22B	database_only_unverified	database_record	positive			not_assessed	not_claimed	not independently verified	not independently verified	Database record only; exact primary experiment and species context not checked.	Source lead PMID=11756417; public STAT5B-BCL2L1 record not independently verified; retained as conservative database-only candidate.
human	MYCN	MDM2	OmniPath_DoRothEA|OmniPath_DoRothEA_snapshot_2026-08-25|human|omnipath_dorothea:human:001685:dd9b7e88bb18;TRRUST|TRRUST_v2_snapshot_2026-08-25|human|trrust:human:004292	database_only_unverified	22B	database_only_unverified	database_record	context_dependent			not_assessed	not_claimed	not independently verified	not independently verified	Database record only; exact primary experiment and species context not checked.	Source lead PMID=15644444; public MYCN-MDM2 record not independently verified; retained as conservative database-only candidate.
human	TFAP2C	ESR1	OmniPath_DoRothEA|OmniPath_DoRothEA_snapshot_2026-08-25|human|omnipath_dorothea:human:000264:3d8966473f61;TRRUST|TRRUST_v2_snapshot_2026-08-25|human|trrust:human:008409	database_only_unverified	22B	database_only_unverified	database_record	positive			not_assessed	not_claimed	not independently verified	not independently verified	Database record only; exact primary experiment and species context not checked.	Source lead PMID=10497269; public TFAP2C-ESR1 record not independently verified; retained as conservative database-only candidate.
human	HES1	ASCL1	OmniPath_DoRothEA|OmniPath_DoRothEA_snapshot_2026-08-25|human|omnipath_dorothea:human:000616:a00a62a849fa;TRRUST|TRRUST_v2_snapshot_2026-08-25|human|trrust:human:002804	database_only_unverified	22B	database_only_unverified	database_record	negative			not_assessed	not_claimed	not independently verified	not independently verified	Database record only; exact primary experiment and species context not checked.	Source lead PMID=10336252; public HES1-ASCL1 record not independently verified; retained as conservative database-only candidate.
human	ETS2	IL12B	OmniPath_DoRothEA|OmniPath_DoRothEA_snapshot_2026-08-25|human|omnipath_dorothea:human:001931:98d348977f94;TRRUST|TRRUST_v2_snapshot_2026-08-25|human|trrust:human:001928	database_only_unverified	22B	database_only_unverified	database_record	context_dependent			not_assessed	not_claimed	not independently verified	not independently verified	Database record only; exact primary experiment and species context not checked.	Source lead PMID=10542221; public ETS2-IL12B record not independently verified; retained as conservative database-only candidate.
human	USF2	PTGS2	OmniPath_DoRothEA|OmniPath_DoRothEA_snapshot_2026-08-25|human|omnipath_dorothea:human:001001:0f2a4112311b;TRRUST|TRRUST_v2_snapshot_2026-08-25|human|trrust:human:008932	database_only_unverified	22B	database_only_unverified	database_record	context_dependent			not_assessed	not_claimed	not independently verified	not independently verified	Database record only; exact primary experiment and species context not checked.	Source lead PMID=11673276; public USF2-PTGS2 record not independently verified; retained as conservative database-only candidate.
human	MAFA	INS	OmniPath_DoRothEA|OmniPath_DoRothEA_snapshot_2026-08-25|human|omnipath_dorothea:human:001113:4b94d5ec993a;TRRUST|TRRUST_v2_snapshot_2026-08-25|human|trrust:human:003863	database_only_unverified	22B	database_only_unverified	database_record	context_dependent			not_assessed	not_claimed	not independently verified	not independently verified	Database record only; exact primary experiment and species context not checked.	Source lead PMID=11024035; public MAFA-INS record not independently verified; retained as conservative database-only candidate.
human	PAX5	CD19	OmniPath_DoRothEA|OmniPath_DoRothEA_snapshot_2026-08-25|human|omnipath_dorothea:human:000795:26dc9bb3307b;TRRUST|TRRUST_v2_snapshot_2026-08-25|human|trrust:human:005353;TRRUST|TRRUST_v2_snapshot_2026-08-25|human|trrust:human:005354	database_only_unverified	22B	database_only_unverified	database_record	context_dependent			not_assessed	not_claimed	not independently verified	not independently verified	Database record only; exact primary experiment and species context not checked.	Source lead PMID=10666449; public PAX5-CD19 record not independently verified; retained as conservative database-only candidate.
human	SOX10	MITF	OmniPath_DoRothEA|OmniPath_DoRothEA_snapshot_2026-08-25|human|omnipath_dorothea:human:000562:90473f6b1302;TRRUST|TRRUST_v2_snapshot_2026-08-25|human|trrust:human:006852;TRRUST|TRRUST_v2_snapshot_2026-08-25|human|trrust:human:006853;TRRUST|TRRUST_v2_snapshot_2026-08-25|human|trrust:human:006854	database_only_unverified	22B	database_only_unverified	database_record	context_dependent			not_assessed	not_claimed	not independently verified	not independently verified	Database record only; exact primary experiment and species context not checked; public source polarities are mixed.	Source lead PMID=10938265; public SOX10-MITF record not independently verified; retained as conservative database-only candidate.
human	TAL1	RUNX1	OmniPath_DoRothEA|OmniPath_DoRothEA_snapshot_2026-08-25|human|omnipath_dorothea:human:002236:fa7a6ccff8a2	database_only_unverified	22B	database_only_unverified	database_record	positive			not_assessed	not_claimed	not independently verified	not independently verified	Database record only; exact primary experiment and species context not checked.	Source lead PMID=17213321; public TAL1-RUNX1 record not independently verified; retained as conservative database-only candidate.
human	FOXA2	PDX1	OmniPath_DoRothEA|OmniPath_DoRothEA_snapshot_2026-08-25|human|omnipath_dorothea:human:000377:c16d9ce86435	database_only_unverified	22B	database_only_unverified	database_record	positive			not_assessed	not_claimed	not independently verified	not independently verified	Database record only; exact primary experiment and species context not checked.	Source lead PMID=10652343; public FOXA2-PDX1 record not independently verified; retained as conservative database-only candidate.
human	HDAC1	CDKN1A	TRRUST|TRRUST_v2_snapshot_2026-08-25|human|trrust:human:002606;TRRUST|TRRUST_v2_snapshot_2026-08-25|human|trrust:human:002607	database_only_unverified	22B	database_only_unverified	database_record	context_dependent			not_assessed	not_claimed	not independently verified	not independently verified	Database record only; exact primary experiment and species context not checked.	Source lead PMID=12665570; public HDAC1-CDKN1A record not independently verified; retained as conservative database-only candidate.
human	ARNT	VEGFA	OmniPath_DoRothEA|OmniPath_DoRothEA_snapshot_2026-08-25|human|omnipath_dorothea:human:000405:48701d94a441;TRRUST|TRRUST_v2_snapshot_2026-08-25|human|trrust:human:000211	database_only_unverified	22B	database_only_unverified	database_record	context_dependent			not_assessed	not_claimed	not independently verified	not independently verified	Database record only; exact primary experiment and species context not checked.	Source lead PMID=10521392; public ARNT-VEGFA record not independently verified; retained as conservative database-only candidate.
human	TCF4	CCND1	OmniPath_DoRothEA|OmniPath_DoRothEA_snapshot_2026-08-25|human|omnipath_dorothea:human:004746:58f270787c0a;TRRUST|TRRUST_v2_snapshot_2026-08-25|human|trrust:human:008272;TRRUST|TRRUST_v2_snapshot_2026-08-25|human|trrust:human:008273	database_only_unverified	22B	database_only_unverified	database_record	context_dependent			not_assessed	not_claimed	not independently verified	not independently verified	Database record only; exact primary experiment and species context not checked.	Source lead PMID=10679386; public TCF4-CCND1 record not independently verified; retained as conservative database-only candidate.
human	NEUROD1	INS	OmniPath_DoRothEA|OmniPath_DoRothEA_snapshot_2026-08-25|human|omnipath_dorothea:human:000367:0f7e65cbed58;TRRUST|TRRUST_v2_snapshot_2026-08-25|human|trrust:human:004386	database_only_unverified	22B	database_only_unverified	database_record	context_dependent			not_assessed	not_claimed	not independently verified	not independently verified	Database record only; exact primary experiment and species context not checked.	Source lead PMID=10334323; public NEUROD1-INS record not independently verified; retained as conservative database-only candidate.
human	RBPJ	HES1	OmniPath_DoRothEA|OmniPath_DoRothEA_snapshot_2026-08-25|human|omnipath_dorothea:human:000030:d5ab9ae62fd6	database_only_unverified	22B	database_only_unverified	database_record	positive			not_assessed	not_claimed	not independently verified	not independently verified	Database record only; exact primary experiment and species context not checked.	Source lead PMID=10066785; public RBPJ-HES1 record not independently verified; retained as conservative database-only candidate.
human	ETV4	ERBB2	OmniPath_DoRothEA|OmniPath_DoRothEA_snapshot_2026-08-25|human|omnipath_dorothea:human:000691:70318347ca14;TRRUST|TRRUST_v2_snapshot_2026-08-25|human|trrust:human:001955;TRRUST|TRRUST_v2_snapshot_2026-08-25|human|trrust:human:001956	database_only_unverified	22B	database_curated_unverified	database_assertion	context_dependent	\N	\N	not_reviewed_shared_paper_reuse	no_verified_cross_module_claim	\N	\N	source lead only; mixed/unknown source polarity; exact pair not independently verified	source_lead_pmids=10655108,11175365; no transfer by citation overlap
human	KLF1	HBB	OmniPath_DoRothEA|OmniPath_DoRothEA_snapshot_2026-08-25|human|omnipath_dorothea:human:000243:d1bc279b9f6b;TRRUST|TRRUST_v2_snapshot_2026-08-25|human|trrust:human:003647	promote_to_22B	22B	primary_exact_verified	direct_promoter_binding+promoter_activation+erythroid_perturbation	activating_target	7565748	7682653	independent_primary_papers	no_verified_cross_module_claim	erythroid progenitors/erythroid cells	erythroid differentiation	context restricted to erythroid regulation	primary exact pair verified; independent corroboration verified; no transfer by citation overlap
human	MEF2A	SLC2A4	OmniPath_DoRothEA|OmniPath_DoRothEA_snapshot_2026-08-25|human|omnipath_dorothea:human:000915:4dbdef2f147f;TRRUST|TRRUST_v2_snapshot_2026-08-25|human|trrust:human:003939;TRRUST|TRRUST_v2_snapshot_2026-08-25|human|trrust:human:003940	promote_to_22B	22B	primary_exact_verified	direct_promoter_binding+promoter_activation+muscle_perturbation	activating_target	9571041	9603935	independent_primary_papers	no_verified_cross_module_claim	skeletal muscle cells	myogenic differentiation/exercise	context restricted to muscle glucose-transport regulation	primary exact pair verified; independent corroboration verified; no transfer by citation overlap
mouse	Gata4	Nppa	OmniPath_DoRothEA|OmniPath_DoRothEA_snapshot_2026-08-25|mouse|omnipath_dorothea:mouse:000064:ea14f3ae764b;TRRUST|TRRUST_v2_snapshot_2026-08-25|mouse|trrust:mouse:001639	promote_to_22B	22B	primary_exact_verified	direct_promoter_binding+promoter_activation+cardiac_perturbation	activating_target	9312027	9584153	independent_primary_papers	no_verified_cross_module_claim	cardiomyocytes/cardiac tissue	cardiac development	cardiac-context evidence; not a general tissue claim	primary exact pair verified; independent corroboration verified; no transfer by citation overlap
human	PAX6	KRT12	OmniPath_DoRothEA|OmniPath_DoRothEA_snapshot_2026-08-25|human|omnipath_dorothea:human:000051:b0828d1989ca;TRRUST|TRRUST_v2_snapshot_2026-08-25|human|trrust:human:005377	promote_to_22B	22B	primary_exact_verified	promoter_binding+expression_perturbation	activating_target	26899008	27818314	independent_primary_papers	no_verified_cross_module_claim	corneal epithelial cells	corneal epithelial differentiation	cofactor/isoform dependence reported	primary exact pair verified; independent corroboration verified; no transfer by citation overlap
mouse	Foxp3	Il2	OmniPath_DoRothEA|OmniPath_DoRothEA_snapshot_2026-08-25|mouse|omnipath_dorothea:mouse:002000:485b3987bd2f;TRRUST|TRRUST_v2_snapshot_2026-08-25|mouse|trrust:mouse:001546;TRRUST|TRRUST_v2_snapshot_2026-08-25|mouse|trrust:mouse:001547	database_only_unverified	22B	database_curated_unverified	database_assertion	context_dependent	\N	\N	not_reviewed_shared_paper_reuse	no_verified_cross_module_claim	regulatory T cells	T-cell activation	source polarity includes repression and unknown; exact mouse pair not independently verified	source_lead_pmids=11483607,16873067; no transfer by citation overlap
mouse	Cebpd	Il6	OmniPath_DoRothEA|OmniPath_DoRothEA_snapshot_2026-08-25|mouse|omnipath_dorothea:mouse:000438:67cf703736dc	database_only_unverified	22B	database_curated_unverified	database_assertion	activating_target	\N	\N	not_reviewed_shared_paper_reuse	no_verified_cross_module_claim	\N	\N	single source lead; exact pair lacks verified independent corroboration	source_lead_pmids=10748205; no transfer by citation overlap
mouse	Gli2	Gli1	OmniPath_DoRothEA|OmniPath_DoRothEA_snapshot_2026-08-25|mouse|omnipath_dorothea:mouse:001500:212def2c48b3;TRRUST|TRRUST_v2_snapshot_2026-08-25|mouse|trrust:mouse:001701;TRRUST|TRRUST_v2_snapshot_2026-08-25|mouse|trrust:mouse:001702	database_only_unverified	22B	database_curated_unverified	database_assertion	context_dependent	\N	\N	not_reviewed_shared_paper_reuse	no_verified_cross_module_claim	\N	Hedgehog pathway stimulation	mixed/unknown source polarity; exact mouse pair not independently verified	source_lead_pmids=9636069,10433919; no transfer by citation overlap
human	NR1H2	ABCA1	OmniPath_DoRothEA|OmniPath_DoRothEA_snapshot_2026-08-25|human|omnipath_dorothea:human:001585:1df07e3b4c4;TRRUST|TRRUST_v2_snapshot_2026-08-25|human|trrust:human:005050	promote_to_22B	22B	primary_exact_verified	direct_promoter_binding+activation_response	activating_target	11035776	11287605	independent_primary_papers	no_verified_cross_module_claim	macrophages/monocyte-derived cells	LXR agonist/oxysterol stimulation	lipid-homeostasis context; nuclear-receptor cofactor dependence	primary exact pair verified; independent corroboration verified; no transfer by citation overlap
human	EP300	PTGS2	TRRUST|TRRUST_v2_snapshot_2026-08-25|human|trrust:human:001637;TRRUST|TRRUST_v2_snapshot_2026-08-25|human|trrust:human:001638	database_only_unverified	22B	database_curated_unverified	database_assertion	context_dependent	\N	\N	not_reviewed_shared_paper_reuse	no_verified_cross_module_claim	\N	inflammatory stimulation	coactivator role and mixed/unknown source polarity; exact pair not independently verified	source_lead_pmids=12057991,12471036; no transfer by citation overlap
human	TP63	CDKN1A	OmniPath_DoRothEA|OmniPath_DoRothEA_snapshot_2026-08-25|human|omnipath_dorothea:human:000178:ad70f9e86e53;TRRUST|TRRUST_v2_snapshot_2026-08-25|human|trrust:human:008674	database_only_unverified	22B	database_curated_unverified	database_assertion	activating_target	\N	\N	not_reviewed_shared_paper_reuse	no_verified_cross_module_claim	\N	DNA damage/stress	classic lead pair retained conservatively pending independent pair-level verification	source_lead_pmids=9405685,10383130; no transfer by citation overlap
human	ERG	TMPRSS2	OmniPath_DoRothEA|OmniPath_DoRothEA_snapshot_2026-08-25|human|omnipath_dorothea:human:004117:3dbce36f72d5;TRRUST|TRRUST_v2_snapshot_2026-08-25|human|trrust:human:001699	database_only_unverified	22B	database_curated_unverified	database_assertion	context_dependent	\N	\N	not_reviewed_shared_paper_reuse	no_verified_cross_module_claim	prostate epithelial cells	androgen signaling	mixed/unknown source polarity; exact pair not independently verified	source_lead_pmids=17334351,18165275; no transfer by citation overlap
mouse	Smad2	Il9	TRRUST|TRRUST_v2_snapshot_2026-08-25|mouse|trrust:mouse:005167	database_only_unverified	22B	database_curated_unverified	database_assertion	activating_target	\N	\N	not_reviewed_shared_paper_reuse	no_verified_cross_module_claim	\N	T-cell polarization	only two source PMIDs; no independent exact-pair corroboration verified	source_lead_pmids=23913959,24108699; no transfer by citation overlap
mouse	Myod1	Myog	TRRUST|TRRUST_v2_snapshot_2026-08-25|mouse|trrust:mouse:003006;TRRUST|TRRUST_v2_snapshot_2026-08-25|mouse|trrust:mouse:003007	database_only_unverified	22B	database_curated_unverified	database_assertion	context_dependent	\N	\N	not_reviewed_shared_paper_reuse	no_verified_cross_module_claim	myoblasts/myotubes	myogenic differentiation	mixed activating/repressing source polarity; exact pair not independently verified	source_lead_pmids=1659574,17194702; no transfer by citation overlap
human	CREM	IL2	OmniPath_DoRothEA|OmniPath_DoRothEA_snapshot_2026-08-25|human|omnipath_dorothea:human:000336:412296a30621;TRRUST|TRRUST_v2_snapshot_2026-08-25|human|trrust:human:000976;TRRUST|TRRUST_v2_snapshot_2026-08-25|human|trrust:human:000977	database_only_unverified	22B	database_curated_unverified	database_assertion	context_dependent	\N	\N	not_reviewed_shared_paper_reuse	no_verified_cross_module_claim	T cells	T-cell activation	source polarity includes repression and unknown; exact pair not independently verified	source_lead_pmids=8622971,9545284; no transfer by citation overlap
mouse	Fosl1	Mmp9	OmniPath_DoRothEA|OmniPath_DoRothEA_snapshot_2026-08-25|mouse|omnipath_dorothea:mouse:001572:a36a3a4ec04e	database_only_unverified	22B	database_curated_unverified	database_assertion	activating_target	\N	\N	not_reviewed_shared_paper_reuse	no_verified_cross_module_claim	\N	inflammatory stimulation	single source record despite many linked PMIDs; no independent exact-pair verification	source_lead_pmids=14565943; no transfer by citation overlap
human	NFKBIA	RELA	TRRUST|TRRUST_v2_snapshot_2026-08-25|human|trrust:human:004920;TRRUST|TRRUST_v2_snapshot_2026-08-25|human|trrust:human:004921;TRRUST|TRRUST_v2_snapshot_2026-08-25|human|trrust:human:004922	database_only_unverified	22B	database_curated_unverified	database_assertion	context_dependent	\N	\N	not_reviewed_shared_paper_reuse	no_verified_cross_module_claim	\N	NF-kB/inflammatory stimulation	NFKBIA is an inhibitor rather than a TF; mixed/unknown source polarity; exact pair not verified	source_lead_pmids=9500973,11278471; no transfer by citation overlap
human	REST	BDNF	OmniPath_DoRothEA|OmniPath_DoRothEA_snapshot_2026-08-25|human|omnipath_dorothea:human:000936:8150c6a68bee;TRRUST|TRRUST_v2_snapshot_2026-08-25|human|trrust:human:006358	database_only_unverified	22B	database_curated_unverified	database_assertion	repressing_target	\N	\N	not_reviewed_shared_paper_reuse	no_verified_cross_module_claim	neuronal cells	neuronal differentiation	no independent exact-pair corroboration verified	source_lead_pmids=11779185,17041593; no transfer by citation overlap
human	BRCA1	CDKN1A	TRRUST|TRRUST_v2_snapshot_2026-08-25|human|trrust:human:000461;TRRUST|TRRUST_v2_snapshot_2026-08-25|human|trrust:human:000462	database_only_unverified	22B	database_curated_unverified	database_assertion	context_dependent	\N	\N	not_reviewed_shared_paper_reuse	no_verified_cross_module_claim	\N	DNA damage/stress	mixed/unknown source polarity; exact pair not independently verified	source_lead_pmids=10196224,11394910; no transfer by citation overlap
human	NANOG	POU5F1	OmniPath_DoRothEA|OmniPath_DoRothEA_snapshot_2026-08-25|human|omnipath_dorothea:human:001762:8a3e2c285dcd;TRRUST|TRRUST_v2_snapshot_2026-08-25|human|trrust:human:004344	database_only_unverified	22B	database_curated_unverified	database_assertion	context_dependent	\N	\N	not_reviewed_shared_paper_reuse	no_verified_cross_module_claim	pluripotent stem cells	self-renewal/differentiation	mixed/unknown source polarity; exact pair not independently verified	source_lead_pmids=16790525,16846370; no transfer by citation overlap
mouse	Rora	Nr1d1	OmniPath_DoRothEA|OmniPath_DoRothEA_snapshot_2026-08-25|mouse|omnipath_dorothea:mouse:002804:34b62c3c933d	database_only_unverified	22B	database_curated_unverified	database_assertion	unknown			none_identified	none_claimed	not verified; source database only	not verified	Database presence and linked PMIDs do not establish exact-pair direct binding or perturbation, effect direction, or species/context scope.	Conservative source lead only; source_registry=OmniPath_DoRothEA; database_ref_count=5; ref_head=12114512;12377782;20300063;21818335;22024429; no promotion asserted.
mouse	Bcl6	Prdm1	OmniPath_DoRothEA|OmniPath_DoRothEA_snapshot_2026-08-25|mouse|omnipath_dorothea:mouse:001078:2cf30f56af3f	database_only_unverified	22B	database_curated_unverified	database_assertion	unknown			none_identified	none_claimed	not verified; source database only	not verified	Database presence and linked PMIDs do not establish exact-pair direct binding or perturbation, effect direction, or species/context scope.	Conservative source lead only; source_registry=OmniPath_DoRothEA; database_ref_count=33; ref_head=10981963;11120780;12165517;12524387;12953803; no promotion asserted.
mouse	Klf2	Nos3	OmniPath_DoRothEA|OmniPath_DoRothEA_snapshot_2026-08-25|mouse|omnipath_dorothea:mouse:001696:791e0d600176	database_only_unverified	22B	database_curated_unverified	database_assertion	unknown			none_identified	none_claimed	not verified; source database only	not verified	Database presence and linked PMIDs do not establish exact-pair direct binding or perturbation, effect direction, or species/context scope.	Conservative source lead only; source_registry=OmniPath_DoRothEA; database_ref_count=48; ref_head=15718498;15834135;16043642;16049344;16945356; no promotion asserted.
mouse	Nfic	Gfap	OmniPath_DoRothEA|OmniPath_DoRothEA_snapshot_2026-08-25|mouse|omnipath_dorothea:mouse:001923:aeb9b86ba2e8	database_only_unverified	22B	database_curated_unverified	database_assertion	unknown			none_identified	none_claimed	not verified; source database only	not verified	Database presence and linked PMIDs do not establish exact-pair direct binding or perturbation, effect direction, or species/context scope.	Conservative source lead only; source_registry=OmniPath_DoRothEA; database_ref_count=6; ref_head=16565071;16606365;19540848;21189253;23832770; no promotion asserted.
mouse	Ppard	Angptl4	OmniPath_DoRothEA|OmniPath_DoRothEA_snapshot_2026-08-25|mouse|omnipath_dorothea:mouse:001508:9ec953e1c97d	database_only_unverified	22B	database_curated_unverified	database_assertion	unknown			none_identified	none_claimed	not verified; source database only	not verified	Database presence and linked PMIDs do not establish exact-pair direct binding or perturbation, effect direction, or species/context scope.	Conservative source lead only; source_registry=OmniPath_DoRothEA; database_ref_count=41; ref_head=15102088;15190076;18054822;18701617;18950674; no promotion asserted.
mouse	Dnmt1	Esr1	OmniPath_DoRothEA|OmniPath_DoRothEA_snapshot_2026-08-25|mouse|omnipath_dorothea:mouse:001274:4a0d9cb77909	database_only_unverified	22B	database_curated_unverified	database_assertion	unknown			none_identified	none_claimed	not verified; source database only	not verified	Database presence and linked PMIDs do not establish exact-pair direct binding or perturbation, effect direction, or species/context scope.	Conservative source lead only; source_registry=OmniPath_DoRothEA; database_ref_count=25; ref_head=12789259;14614325;14614326;15746193;15870696; no promotion asserted.
mouse	Fli1	Itga2b	OmniPath_DoRothEA|OmniPath_DoRothEA_snapshot_2026-08-25|mouse|omnipath_dorothea:mouse:000100:797a9df46b5c	database_only_unverified	22B	database_curated_unverified	database_assertion	unknown			none_identified	none_claimed	not verified; source database only	not verified	Database presence and linked PMIDs do not establish exact-pair direct binding or perturbation, effect direction, or species/context scope.	Conservative source lead only; source_registry=OmniPath_DoRothEA; database_ref_count=11; ref_head=8502483;10194443;10772879;12356738;15232614; no promotion asserted.
human	NFATC1	IL2	OmniPath_DoRothEA|OmniPath_DoRothEA_snapshot_2026-08-25|human|omnipath_dorothea:human:001193:d12e5d80ad8a	database_only_unverified	22B	database_curated_unverified	database_assertion	unknown			none_identified	none_claimed	not verified; source database only	not verified	Database presence and linked PMIDs do not establish exact-pair direct binding or perturbation, effect direction, or species/context scope.	Conservative source lead only; source_registry=OmniPath_DoRothEA; database_ref_count=33; ref_head=7730629;7739550;8202141;8543769;8631809; no promotion asserted.
human	STAT2	STAT1	OmniPath_DoRothEA|OmniPath_DoRothEA_snapshot_2026-08-25|human|omnipath_dorothea:human:004719:7b6b3d365b84	database_only_unverified	22B	database_curated_unverified	database_assertion	unknown			none_identified	none_claimed	not verified; source database only	not verified	Database presence and linked PMIDs do not establish exact-pair direct binding or perturbation, effect direction, or species/context scope.	Conservative source lead only; source_registry=OmniPath_DoRothEA; database_ref_count=12; ref_head=9121453;9804758;9933596;11316742;12509459; no promotion asserted.
mouse	Maf	Il4	OmniPath_DoRothEA|OmniPath_DoRothEA_snapshot_2026-08-25|mouse|omnipath_dorothea:mouse:001004:4d1c21c349ef	database_only_unverified	22B	database_curated_unverified	database_assertion	unknown			none_identified	none_claimed	not verified; source database only	not verified	Database presence and linked PMIDs do not establish exact-pair direct binding or perturbation, effect direction, or species/context scope.	Conservative source lead only; source_registry=OmniPath_DoRothEA; database_ref_count=41; ref_head=8674125;8943202;9442389;9686601;9815263; no promotion asserted.
mouse	Znf263	Trappc9	OmniPath_DoRothEA|OmniPath_DoRothEA_snapshot_2026-08-25|mouse|omnipath_dorothea:mouse:014053:c1010078c01c	database_only_unverified	22B	database_curated_unverified	database_assertion	unknown			none_identified	none_claimed	not verified; source database only	not verified	Database presence and linked PMIDs do not establish exact-pair direct binding or perturbation, effect direction, or species/context scope.	Conservative source lead only; source_registry=OmniPath_DoRothEA; database_ref_count=1; ref_head=19887448; no promotion asserted.
human	NR3C2	ATP1B1	OmniPath_DoRothEA|OmniPath_DoRothEA_snapshot_2026-08-25|human|omnipath_dorothea:human:003494:79c913453b22	database_only_unverified	22B	database_curated_unverified	database_assertion	unknown			none_identified	none_claimed	not verified; source database only	not verified	Database presence and linked PMIDs do not establish exact-pair direct binding or perturbation, effect direction, or species/context scope.	Conservative source lead only; source_registry=OmniPath_DoRothEA; database_ref_count=3; ref_head=9694812;10329476;11216640; no promotion asserted.
mouse	Smad7	Vegfa	TRRUST|TRRUST_v2_snapshot_2026-08-25|mouse|trrust:mouse:005290	database_only_unverified	22B	database_curated_unverified	database_assertion	unknown			none_identified	none_claimed	not verified; source database only	not verified	Database presence and linked PMIDs do not establish exact-pair direct binding or perturbation, effect direction, or species/context scope.	Conservative source lead only; source_registry=TRRUST; database_ref_count=1; ref_head=17053163; no promotion asserted.
human	ZFP36	VEGFA	TRRUST|TRRUST_v2_snapshot_2026-08-25|human|trrust:human:009325	database_only_unverified	22B	database_curated_unverified	database_assertion	unknown			none_identified	none_claimed	not verified; source database only	not verified	Database presence and linked PMIDs do not establish exact-pair direct binding or perturbation, effect direction, or species/context scope.	Conservative source lead only; source_registry=TRRUST; database_ref_count=2; ref_head=21507959;21656745; no promotion asserted.
mouse	Hoxd3	Itgb3	OmniPath_DoRothEA|OmniPath_DoRothEA_snapshot_2026-08-25|mouse|omnipath_dorothea:mouse:004173:4337909dfe41	database_only_unverified	22B	database_curated_unverified	database_assertion	unknown			none_identified	none_claimed	not verified; source database only	not verified	Database presence and linked PMIDs do not establish exact-pair direct binding or perturbation, effect direction, or species/context scope.	Conservative source lead only; source_registry=OmniPath_DoRothEA; database_ref_count=7; ref_head=7742539;11850808;14610084;17187229;21200152; no promotion asserted.
mouse	Id1	Tnf	TRRUST|TRRUST_v2_snapshot_2026-08-25|mouse|trrust:mouse:002051	database_only_unverified	22B	database_curated_unverified	database_assertion	unknown			none_identified	none_claimed	not verified; source database only	not verified	Database presence and linked PMIDs do not establish exact-pair direct binding or perturbation, effect direction, or species/context scope.	Conservative source lead only; source_registry=TRRUST; database_ref_count=1; ref_head=17012234; no promotion asserted.
mouse	Nkx2-1	Sftpb	OmniPath_DoRothEA|OmniPath_DoRothEA_snapshot_2026-08-25|mouse|omnipath_dorothea:mouse:000696:19052e6c49e1	database_only_unverified	22B	database_curated_unverified	database_assertion	unknown			none_identified	none_claimed	not verified; source database only	not verified	Database presence and linked PMIDs do not establish exact-pair direct binding or perturbation, effect direction, or species/context scope.	Conservative source lead only; source_registry=OmniPath_DoRothEA; database_ref_count=32; ref_head=7559607;7900819;8065304;8928820;9006959; no promotion asserted.
mouse	Foxl2	Cyp19a1	OmniPath_DoRothEA|OmniPath_DoRothEA_snapshot_2026-08-25|mouse|omnipath_dorothea:mouse:001621:713f70b8573b	database_only_unverified	22B	database_curated_unverified	database_assertion	unknown			none_identified	none_claimed	not verified; source database only	not verified	Database presence and linked PMIDs do not establish exact-pair direct binding or perturbation, effect direction, or species/context scope.	Conservative source lead only; source_registry=OmniPath_DoRothEA; database_ref_count=22; ref_head=15517586;16720712;17192407;17360647;18805419; no promotion asserted.
mouse	Id3	Vcam1	TRRUST|TRRUST_v2_snapshot_2026-08-25|mouse|trrust:mouse:002070	database_only_unverified	22B	database_curated_unverified	database_assertion	unknown			none_identified	none_claimed	not verified; source database only	not verified	Database presence and linked PMIDs do not establish exact-pair direct binding or perturbation, effect direction, or species/context scope.	Conservative source lead only; source_registry=TRRUST; database_ref_count=1; ref_head=23042815; no promotion asserted.
mouse	Per1	Scnn1a	TRRUST|TRRUST_v2_snapshot_2026-08-25|mouse|trrust:mouse:004148	database_only_unverified	22B	database_curated_unverified	database_assertion	unknown			none_identified	none_claimed	not verified; source database only	not verified	Database presence and linked PMIDs do not establish exact-pair direct binding or perturbation, effect direction, or species/context scope.	Conservative source lead only; source_registry=TRRUST; database_ref_count=2; ref_head=20868778;23824961; no promotion asserted.
mouse	Atf3	Ddit3	OmniPath_DoRothEA|OmniPath_DoRothEA_snapshot_2026-08-25|mouse|omnipath_dorothea:mouse:000086:85d9614d34f7	database_only_unverified	22B	database_curated_unverified	database_assertion	unknown			none_identified	none_claimed	not verified; source database only	not verified	Database presence and linked PMIDs do not establish exact-pair direct binding or perturbation, effect direction, or species/context scope.	Conservative source lead only; source_registry=OmniPath_DoRothEA; database_ref_count=13; ref_head=9343434;10085237;14729979;21109939;21801305; no promotion asserted.
human	FOXP1	CSF1R	OmniPath_DoRothEA|OmniPath_DoRothEA_snapshot_2026-08-25|human|omnipath_dorothea:human:005169:5a6d7090ba8a	database_only_unverified	22B	database_curated_unverified	database_assertion	unknown			none_identified	none_claimed	not verified; source database only	not verified	Database presence and linked PMIDs do not establish exact-pair direct binding or perturbation, effect direction, or species/context scope.	Conservative source lead only; source_registry=OmniPath_DoRothEA; database_ref_count=3; ref_head=15286807;16781947;18799727; no promotion asserted.
mouse	Nr4a1	Star	OmniPath_DoRothEA|OmniPath_DoRothEA_snapshot_2026-08-25|mouse|omnipath_dorothea:mouse:002318:90edf8fd6eb2	database_only_unverified	22B	database_curated_unverified	database_assertion	unknown			none_identified	none_claimed	not verified; source database only	not verified	Database presence and linked PMIDs do not establish exact-pair direct binding or perturbation, effect direction, or species/context scope.	Conservative source lead only; source_registry=OmniPath_DoRothEA; database_ref_count=19; ref_head=8703908;15615861;18596066;18599618;18987158; no promotion asserted.
mouse	Etv5	Ptgs2	TRRUST|TRRUST_v2_snapshot_2026-08-25|mouse|trrust:mouse:001218	database_only_unverified	22B	database_curated_unverified	database_assertion	unknown			none_identified	none_claimed	not verified; source database only	not verified	Database presence and linked PMIDs do not establish exact-pair direct binding or perturbation, effect direction, or species/context scope.	Conservative source lead only; source_registry=TRRUST; database_ref_count=1; ref_head=18492810; no promotion asserted.
mouse	Nhlh2	Pcsk1	TRRUST|TRRUST_v2_snapshot_2026-08-25|mouse|trrust:mouse:003585	database_only_unverified	22B	database_curated_unverified	database_assertion	unknown			none_identified	none_claimed	not verified; source database only	not verified	Database presence and linked PMIDs do not establish exact-pair direct binding or perturbation, effect direction, or species/context scope.	Conservative source lead only; source_registry=TRRUST; database_ref_count=2; ref_head=17485352;18356286; no promotion asserted.
mouse	Notch3	Ptcra	TRRUST|TRRUST_v2_snapshot_2026-08-25|mouse|trrust:mouse:003674	database_only_unverified	22B	database_curated_unverified	database_assertion	unknown			none_identified	none_claimed	not verified; source database only	not verified	Database presence and linked PMIDs do not establish exact-pair direct binding or perturbation, effect direction, or species/context scope.	Conservative source lead only; source_registry=TRRUST; database_ref_count=1; ref_head=17332745; no promotion asserted.
human	PAX3	MITF	OmniPath_DoRothEA|OmniPath_DoRothEA_snapshot_2026-08-25|human|omnipath_dorothea:human:000252:375a366c7fa1	database_only_unverified	22B	database_curated_unverified	database_assertion	unknown			none_identified	none_claimed	not verified; source database only	not verified	Database presence and linked PMIDs do not establish exact-pair direct binding or perturbation, effect direction, or species/context scope.	Conservative source lead only; source_registry=OmniPath_DoRothEA; database_ref_count=39; ref_head=9500554;10480898;10536986;10644012;10938265; no promotion asserted.
mouse	Nr1i3	Ugt1a1	OmniPath_DoRothEA|OmniPath_DoRothEA_snapshot_2026-08-25|mouse|omnipath_dorothea:mouse:001063:6290d3f3e40d	database_only_unverified	22B	database_curated_unverified	database_assertion	unknown			none_identified	none_claimed	not verified; source database only	not verified	Database presence and linked PMIDs do not establish exact-pair direct binding or perturbation, effect direction, or species/context scope.	Conservative source lead only; source_registry=OmniPath_DoRothEA; database_ref_count=41; ref_head=11343253;12114525;12566446;12896978;14705859; no promotion asserted.
mouse	Sirt1	Mmp9	TRRUST|TRRUST_v2_snapshot_2026-08-25|mouse|trrust:mouse:005071	database_only_unverified	22B	database_curated_unverified	database_assertion	unknown			none_identified	none_claimed	not verified; source database only	not verified	Database presence and linked PMIDs do not establish exact-pair direct binding or perturbation, effect direction, or species/context scope.	Conservative source lead only; source_registry=TRRUST; database_ref_count=3; ref_head=19376817;20812964;23161884; no promotion asserted.
mouse	Tcf3	Nanog	TRRUST|TRRUST_v2_snapshot_2026-08-25|mouse|trrust:mouse:006413	database_only_unverified	22B	database_curated_unverified	database_assertion	unknown			none_identified	none_claimed	not verified; source database only	not verified	Database presence and linked PMIDs do not establish exact-pair direct binding or perturbation, effect direction, or species/context scope.	Conservative source lead only; source_registry=TRRUST; database_ref_count=3; ref_head=16894029;18483421;21402155; no promotion asserted.
mouse	Thra	Cga	OmniPath_DoRothEA|OmniPath_DoRothEA_snapshot_2026-08-25|mouse|omnipath_dorothea:mouse:002598:9fb650c0bf18	database_only_unverified	22B	database_curated_unverified	database_assertion	unknown			none_identified	none_claimed	not verified; source database only	not verified	Database presence and linked PMIDs do not establish exact-pair direct binding or perturbation, effect direction, or species/context scope.	Conservative source lead only; source_registry=OmniPath_DoRothEA; database_ref_count=2; ref_head=9709914;20352046; no promotion asserted.
mouse	Tnfaip3	Ppara	TRRUST|TRRUST_v2_snapshot_2026-08-25|mouse|trrust:mouse:006529	database_only_unverified	22B	database_curated_unverified	database_assertion	unknown			none_identified	none_claimed	not verified; source database only	not verified	Database presence and linked PMIDs do not establish exact-pair direct binding or perturbation, effect direction, or species/context scope.	Conservative source lead only; source_registry=TRRUST; database_ref_count=1; ref_head=19877201; no promotion asserted.
mouse	Crebbp	Socs3	TRRUST|TRRUST_v2_snapshot_2026-08-25|mouse|trrust:mouse:000484	database_only_unverified	22B	database_curated_unverified	database_assertion	unknown			none_identified	none_claimed	not verified; source database only	not verified	Database presence and linked PMIDs do not establish exact-pair direct binding or perturbation, effect direction, or species/context scope.	Conservative source lead only; source_registry=TRRUST; database_ref_count=2; ref_head=17947670;18571793; no promotion asserted.
mouse	Ybx1	Egfr	OmniPath_DoRothEA|OmniPath_DoRothEA_snapshot_2026-08-25|mouse|omnipath_dorothea:mouse:001943:067c3b002bcc	database_only_unverified	22B	database_curated_unverified	database_assertion	unknown			none_identified	none_claimed	not verified; source database only	not verified	Database presence and linked PMIDs do not establish exact-pair direct binding or perturbation, effect direction, or species/context scope.	Conservative source lead only; source_registry=OmniPath_DoRothEA; database_ref_count=23; ref_head=15735691;16651443;17595327;17875215;18316615; no promotion asserted.
mouse	Irf8	Il12a	OmniPath_DoRothEA|OmniPath_DoRothEA_snapshot_2026-08-25|mouse|omnipath_dorothea:mouse:001612:1576b84f78d6	database_only_unverified	22B	database_curated_unverified	database_assertion	unknown			none_identified	none_claimed	not verified; source database only	not verified	Database presence and linked PMIDs do not establish exact-pair direct binding or perturbation, effect direction, or species/context scope.	Conservative source lead only; source_registry=OmniPath_DoRothEA; database_ref_count=6; ref_head=15489234;16622221;19164128;19487420;20709027; no promotion asserted.
human	KLF6	CDH1	OmniPath_DoRothEA|OmniPath_DoRothEA_snapshot_2026-08-25|human|omnipath_dorothea:human:001975:051b19d02234	database_only_unverified	22B	database_curated_unverified	database_assertion	unknown			none_identified	none_claimed	not verified; source database only	not verified	Database presence and linked PMIDs do not establish exact-pair direct binding or perturbation, effect direction, or species/context scope.	Conservative source lead only; source_registry=OmniPath_DoRothEA; database_ref_count=7; ref_head=16702959;17196295;20844588;21538018;22277651; no promotion asserted.
human	MEF2C	JUN	OmniPath_DoRothEA|OmniPath_DoRothEA_snapshot_2026-08-25|human|omnipath_dorothea:human:000292:9c478fb79f8a	database_only_unverified	22B	database_curated_unverified	database_assertion	unknown			none_identified	none_claimed	not verified; source database only	not verified	Database presence and linked PMIDs do not establish exact-pair direct binding or perturbation, effect direction, or species/context scope.	Conservative source lead only; source_registry=OmniPath_DoRothEA; database_ref_count=12; ref_head=7760790;9069290;9252389;10207130;10330170; no promotion asserted.
human	PRDM14	POU5F1	TRRUST|TRRUST_v2_snapshot_2026-08-25|human|trrust:human:005798	database_only_unverified	22B	database_curated_unverified	database_assertion	unknown			none_identified	none_claimed	not verified; source database only	not verified	Database presence and linked PMIDs do not establish exact-pair direct binding or perturbation, effect direction, or species/context scope.	Conservative source lead only; source_registry=TRRUST; database_ref_count=1; ref_head=20953172; no promotion asserted.
mouse	Atf1	Bcl2	OmniPath_DoRothEA|OmniPath_DoRothEA_snapshot_2026-08-25|mouse|omnipath_dorothea:mouse:003218:d8a443086f6a	database_only_unverified	22B	database_curated_unverified	database_assertion	unknown			none_identified	none_claimed	not verified; source database only	not verified	Database presence and linked PMIDs do not establish exact-pair direct binding or perturbation, effect direction, or species/context scope.	Conservative source lead only; source_registry=OmniPath_DoRothEA; database_ref_count=4; ref_head=10542244;18199533;22479460;28032861; no promotion asserted.
human	RUNX3	RUNX1	OmniPath_DoRothEA|OmniPath_DoRothEA_snapshot_2026-08-25|human|omnipath_dorothea:human:002020:d213b906dcfb	database_only_unverified	22B	database_curated_unverified	database_assertion	unknown			none_identified	none_claimed	not verified; source database only	not verified	Database presence and linked PMIDs do not establish exact-pair direct binding or perturbation, effect direction, or species/context scope.	Conservative source lead only; source_registry=OmniPath_DoRothEA; database_ref_count=11; ref_head=15688019;16584381;17488194;19403666;19603429; no promotion asserted.
mouse	Smad1	D3Z4N2	OmniPath_DoRothEA|OmniPath_DoRothEA_snapshot_2026-08-25|mouse|omnipath_dorothea:mouse:000366:93e190483627	database_only_unverified	22B	database_curated_unverified	database_assertion	unknown			none_identified	none_claimed	not verified; source database only	not verified	Database presence and linked PMIDs do not establish exact-pair direct binding or perturbation, effect direction, or species/context scope.	Conservative source lead only; source_registry=OmniPath_DoRothEA; database_ref_count=7; ref_head=10625647;14672939;19664780;20965237;21276840; no promotion asserted.
human	EZH2	RUNX3	TRRUST|TRRUST_v2_snapshot_2026-08-25|human|trrust:human:002027	database_only_unverified	22B	database_curated_unverified	database_assertion	unknown			none_identified	none_claimed	not verified; source database only	not verified	Database presence and linked PMIDs do not establish exact-pair direct binding or perturbation, effect direction, or species/context scope.	Conservative source lead only; source_registry=TRRUST; database_ref_count=3; ref_head=18430739;20631058;22222375; no promotion asserted.
mouse	Nr2f2	Pou5f1	OmniPath_DoRothEA|OmniPath_DoRothEA_snapshot_2026-08-25|mouse|omnipath_dorothea:mouse:002899:9a203f65c8bd	database_only_unverified	22B	database_curated_unverified	database_assertion	unknown			none_identified	none_claimed	not verified; source database only	not verified	Database presence and linked PMIDs do not establish exact-pair direct binding or perturbation, effect direction, or species/context scope.	Conservative source lead only; source_registry=OmniPath_DoRothEA; database_ref_count=6; ref_head=7823919;8152920;8289793;21151097;23136034; no promotion asserted.
mouse	Nfya	Abcb1a	OmniPath_DoRothEA|OmniPath_DoRothEA_snapshot_2026-08-25|mouse|omnipath_dorothea:mouse:001816:7d23f131b9df	database_only_unverified	22B	database_curated_unverified	database_assertion	unknown			none_identified	none_claimed	not verified; source database only	not verified	Database presence and linked PMIDs do not establish exact-pair direct binding or perturbation, effect direction, or species/context scope.	Conservative source lead only; source_registry=OmniPath_DoRothEA; database_ref_count=8; ref_head=7961962;9187262;16223781;18234965;22154511; no promotion asserted.
mouse	Foxo4	Cdkn1b	OmniPath_DoRothEA|OmniPath_DoRothEA_snapshot_2026-08-25|mouse|omnipath_dorothea:mouse:000480:fde79bd943e6	database_only_unverified	22B	database_curated_unverified	database_assertion	unknown			none_identified	none_claimed	not verified; source database only	not verified	Database presence and linked PMIDs do not establish exact-pair direct binding or perturbation, effect direction, or species/context scope.	Conservative source lead only; source_registry=OmniPath_DoRothEA; database_ref_count=11; ref_head=10783894;11689711;12964026;15688030;15905404; no promotion asserted.
human	E2F3	E2F1	OmniPath_DoRothEA|OmniPath_DoRothEA_snapshot_2026-08-25|human|omnipath_dorothea:human:001042:5064475ed2cd	database_only_unverified	22B	database_curated_unverified	database_assertion	unknown			none_identified	none_claimed	not verified; source database only	not verified	Database presence and linked PMIDs do not establish exact-pair direct binding or perturbation, effect direction, or species/context scope.	Conservative source lead only; source_registry=OmniPath_DoRothEA; database_ref_count=6; ref_head=7958836;12063292;14576826;17135268;19917728; no promotion asserted.
mouse	Nr1d1	Bmal1	OmniPath_DoRothEA|OmniPath_DoRothEA_snapshot_2026-08-25|mouse|omnipath_dorothea:mouse:001569:f328cfbafd95	database_only_unverified	22B	database_curated_unverified	database_assertion	unknown			none_identified	none_claimed	not verified; source database only	not verified	Database presence and linked PMIDs do not establish exact-pair direct binding or perturbation, effect direction, or species/context scope.	Conservative source lead only; source_registry=OmniPath_DoRothEA; database_ref_count=36; ref_head=12387815;15312644;15761026;17067745;17298173; no promotion asserted.
mouse	Tbp	Myc	OmniPath_DoRothEA|OmniPath_DoRothEA_snapshot_2026-08-25|mouse|omnipath_dorothea:mouse:001344:9908527624a0	database_only_unverified	22B	database_curated_unverified	database_assertion	unknown			none_identified	none_claimed	not verified; source database only	not verified	Database presence and linked PMIDs do not establish exact-pair direct binding or perturbation, effect direction, or species/context scope.	Conservative source lead only; source_registry=OmniPath_DoRothEA; database_ref_count=7; ref_head=7690963;7880838;9797456;14506152;15876353; no promotion asserted.
mouse	Prdm1	Myc	OmniPath_DoRothEA|OmniPath_DoRothEA_snapshot_2026-08-25|mouse|omnipath_dorothea:mouse:000422:e5a8284828c1	database_only_unverified	22B	database_curated_unverified	database_assertion	unknown			none_identified	none_claimed	not verified; source database only	not verified	Database presence and linked PMIDs do not establish exact-pair direct binding or perturbation, effect direction, or species/context scope.	Conservative source lead only; source_registry=OmniPath_DoRothEA; database_ref_count=25; ref_head=9110979;9887105;10713181;11073970;11248811; no promotion asserted.
mouse	Nkx2-5	Gata4	OmniPath_DoRothEA|OmniPath_DoRothEA_snapshot_2026-08-25|mouse|omnipath_dorothea:mouse:001735:40e706950f8c	database_only_unverified	22B	database_curated_unverified	database_assertion	unknown			none_identified	none_claimed	not verified; source database only	not verified	Database presence and linked PMIDs do not establish exact-pair direct binding or perturbation, effect direction, or species/context scope.	Conservative source lead only; source_registry=OmniPath_DoRothEA; database_ref_count=8; ref_head=15653675;16137232;19246878;19479054;25145359; no promotion asserted.
human	RB1	E2F1	TRRUST|TRRUST_v2_snapshot_2026-08-25|human|trrust:human:005885	database_only_unverified	22B	database_curated_unverified	database_assertion	unknown			none_identified	none_claimed	not verified; source database only	not verified	Database presence and linked PMIDs do not establish exact-pair direct binding or perturbation, effect direction, or species/context scope.	Conservative source lead only; source_registry=TRRUST; database_ref_count=6; ref_head=1534305;9326598;9400991;9671466;12460790; no promotion asserted.
mouse	Nrf1	E9QAS8	OmniPath_DoRothEA|OmniPath_DoRothEA_snapshot_2026-08-25|mouse|omnipath_dorothea:mouse:001501:49cafb580c41	database_only_unverified	22B	database_curated_unverified	database_assertion	unknown			none_identified	none_claimed	not verified; source database only	not verified	Database presence and linked PMIDs do not establish exact-pair direct binding or perturbation, effect direction, or species/context scope.	Conservative source lead only; source_registry=OmniPath_DoRothEA; database_ref_count=8; ref_head=9302255;9328468;11058604;15175277;16500891; no promotion asserted.
human	CIITA	HLA-DRA	TRRUST|TRRUST_v2_snapshot_2026-08-25|human|trrust:human:000778	database_only_unverified	22B	database_curated_unverified	database_assertion	unknown			none_identified	none_claimed	not verified; source database only	not verified	Database presence and linked PMIDs do not establish exact-pair direct binding or perturbation, effect direction, or species/context scope.	Conservative source lead only; source_registry=TRRUST; database_ref_count=4; ref_head=9300692;10886240;11429551;11889043; no promotion asserted.
mouse	Hic1	Sirt1	OmniPath_DoRothEA|OmniPath_DoRothEA_snapshot_2026-08-25|mouse|omnipath_dorothea:mouse:001840:033d5c7dc63a	database_only_unverified	22B	database_curated_unverified	database_assertion	unknown			none_identified	none_claimed	not verified; source database only	not verified	Database presence and linked PMIDs do not establish exact-pair direct binding or perturbation, effect direction, or species/context scope.	Conservative source lead only; source_registry=OmniPath_DoRothEA; database_ref_count=22; ref_head=16269335;17213307;17638871;18723112;19525223; no promotion asserted.
mouse	Hoxa10	Emx2	OmniPath_DoRothEA|OmniPath_DoRothEA_snapshot_2026-08-25|mouse|omnipath_dorothea:mouse:002782:56776e0c3684	database_only_unverified	22B	database_curated_unverified	database_assertion	unknown			none_identified	none_claimed	not verified; source database only	not verified	Database presence and linked PMIDs do not establish exact-pair direct binding or perturbation, effect direction, or species/context scope.	Conservative source lead only; source_registry=OmniPath_DoRothEA; database_ref_count=10; ref_head=12482956;15126568;15494461;15731308;15994197; no promotion asserted.
mouse	Junb	Cdkn2b	OmniPath_DoRothEA|OmniPath_DoRothEA_snapshot_2026-08-25|mouse|omnipath_dorothea:mouse:000519:fedcc1c6b2be	database_only_unverified	22B	database_curated_unverified	database_assertion	unknown			none_identified	none_claimed	not verified; source database only	not verified	Database presence and linked PMIDs do not establish exact-pair direct binding or perturbation, effect direction, or species/context scope.	Conservative source lead only; source_registry=OmniPath_DoRothEA; database_ref_count=13; ref_head=10856241;15936839;16552541;16966326;17297445; no promotion asserted.
human	MAZ	MYC	OmniPath_DoRothEA|OmniPath_DoRothEA_snapshot_2026-08-25|human|omnipath_dorothea:human:000180:d308d2a590c2	database_only_unverified	22B	database_curated_unverified	database_assertion	unknown			none_identified	none_claimed	not verified; source database only	not verified	Database presence and linked PMIDs do not establish exact-pair direct binding or perturbation, effect direction, or species/context scope.	Conservative source lead only; source_registry=OmniPath_DoRothEA; database_ref_count=18; ref_head=1502157;1549358;1567856;2721961;7988563; no promotion asserted.
mouse	Nr0b1	Nr5a1	OmniPath_DoRothEA|OmniPath_DoRothEA_snapshot_2026-08-25|mouse|omnipath_dorothea:mouse:000249:78b348a2c5c4	database_only_unverified	22B	database_curated_unverified	database_assertion	unknown			none_identified	none_claimed	not verified; source database only	not verified	Database presence and linked PMIDs do not establish exact-pair direct binding or perturbation, effect direction, or species/context scope.	Conservative source lead only; source_registry=OmniPath_DoRothEA; database_ref_count=22; ref_head=9032275;9566914;9590178;10026215;10098511; no promotion asserted.
human	VHL	VEGFA	TRRUST|TRRUST_v2_snapshot_2026-08-25|human|trrust:human:009019	database_only_unverified	22B	database_curated_unverified	database_assertion	unknown			none_identified	none_claimed	not verified; source database only	not verified	Database presence and linked PMIDs do not establish exact-pair direct binding or perturbation, effect direction, or species/context scope.	Conservative source lead only; source_registry=TRRUST; database_ref_count=5; ref_head=8855222;9370235;10581162;12539169;12912922; no promotion asserted.
human	HDAC2	CDH1	TRRUST|TRRUST_v2_snapshot_2026-08-25|human|trrust:human:002684	database_only_unverified	22B	database_curated_unverified	database_assertion	unknown			none_identified	none_claimed	not verified; source database only	not verified	Database presence and linked PMIDs do not establish exact-pair direct binding or perturbation, effect direction, or species/context scope.	Conservative source lead only; source_registry=TRRUST; database_ref_count=3; ref_head=19706751;20714342;21685935; no promotion asserted.
mouse	Nme2	Myc	OmniPath_DoRothEA|OmniPath_DoRothEA_snapshot_2026-08-25|mouse|omnipath_dorothea:mouse:001625:1975ab9fa9df	database_only_unverified	22B	database_curated_unverified	database_assertion	unknown			none_identified	none_claimed	not verified; source database only	not verified	Database presence and linked PMIDs do not establish exact-pair direct binding or perturbation, effect direction, or species/context scope.	Conservative source lead only; source_registry=OmniPath_DoRothEA; database_ref_count=35; ref_head=1340156;2601711;7479028;7488060;7768941; no promotion asserted.
mouse	Nrl	Rho	OmniPath_DoRothEA|OmniPath_DoRothEA_snapshot_2026-08-25|mouse|omnipath_dorothea:mouse:000779:89776a716450	database_only_unverified	22B	database_curated_unverified	database_assertion	unknown			none_identified	none_claimed	not verified; source database only	not verified	Database presence and linked PMIDs do not establish exact-pair direct binding or perturbation, effect direction, or species/context scope.	Conservative source lead only; source_registry=OmniPath_DoRothEA; database_ref_count=25; ref_head=8552394;8552602;8939891;9344665;9931337; no promotion asserted.
human	HDAC3	MYC	TRRUST|TRRUST_v2_snapshot_2026-08-25|human|trrust:human:002722	database_only_unverified	22B	database_curated_unverified	database_assertion	unknown			none_identified	none_claimed	not verified; source database only	not verified	Database presence and linked PMIDs do not establish exact-pair direct binding or perturbation, effect direction, or species/context scope.	Conservative source lead only; source_registry=TRRUST; database_ref_count=3; ref_head=19279113;23079660;23714368; no promotion asserted.
mouse	Tbx5	Nppa	OmniPath_DoRothEA|OmniPath_DoRothEA_snapshot_2026-08-25|mouse|omnipath_dorothea:mouse:000867:9ec6d5b7b44e	database_only_unverified	22B	database_curated_unverified	database_assertion	unknown			none_identified	none_claimed	not verified; source database only	not verified	Database presence and linked PMIDs do not establish exact-pair direct binding or perturbation, effect direction, or species/context scope.	Conservative source lead only; source_registry=OmniPath_DoRothEA; database_ref_count=24; ref_head=11431700;11555635;11572777;14573514;14609032; no promotion asserted.
mouse	Klf5	Fgfbp1	OmniPath_DoRothEA|OmniPath_DoRothEA_snapshot_2026-08-25|mouse|omnipath_dorothea:mouse:002506:5db43249d457	database_only_unverified	22B	database_curated_unverified	database_assertion	unknown			none_identified	none_claimed	not verified; source database only	not verified	Database presence and linked PMIDs do not establish exact-pair direct binding or perturbation, effect direction, or species/context scope.	Conservative source lead only; source_registry=OmniPath_DoRothEA; database_ref_count=10; ref_head=16184550;19411256;19668233;20484041;22045023; no promotion asserted.
mouse	Fosl2	Ccr4	OmniPath_DoRothEA|OmniPath_DoRothEA_snapshot_2026-08-25|mouse|omnipath_dorothea:mouse:004105:bfcdd655546c	database_only_unverified	22B	database_curated_unverified	database_assertion	unknown			none_identified	none_claimed	not verified; source database only	not verified	Database presence and linked PMIDs do not establish exact-pair direct binding or perturbation, effect direction, or species/context scope.	Conservative source lead only; source_registry=OmniPath_DoRothEA; database_ref_count=4; ref_head=18071306;19374191;22493372;23482931; no promotion asserted.
human	HDAC4	MMP13	TRRUST|TRRUST_v2_snapshot_2026-08-25|human|trrust:human:002742	database_only_unverified	22B	database_curated_unverified	database_assertion	unknown			none_identified	none_claimed	not verified; source database only	not verified	Database presence and linked PMIDs do not establish exact-pair direct binding or perturbation, effect direction, or species/context scope.	Conservative source lead only; source_registry=TRRUST; database_ref_count=2; ref_head=17656568;19423655; no promotion asserted.
human	IRF9	IRF7	OmniPath_DoRothEA|OmniPath_DoRothEA_snapshot_2026-08-25|human|omnipath_dorothea:human:005158:07d84414f0a4	database_only_unverified	22B	database_curated_unverified	database_assertion	unknown			none_identified	none_claimed	not verified; source database only	not verified	Database presence and linked PMIDs do not establish exact-pair direct binding or perturbation, effect direction, or species/context scope.	Conservative source lead only; source_registry=OmniPath_DoRothEA; database_ref_count=9; ref_head=9877175;10924517;11877397;12768031;15664995; no promotion asserted.
mouse	Parp1	Vcam1	TRRUST|TRRUST_v2_snapshot_2026-08-25|mouse|trrust:mouse:003984	database_only_unverified	22B	database_curated_unverified	database_assertion	unknown			none_identified	none_claimed	not verified; source database only	not verified	Database presence and linked PMIDs do not establish exact-pair direct binding or perturbation, effect direction, or species/context scope.	Conservative source lead only; source_registry=TRRUST; database_ref_count=1; ref_head=25926428; no promotion asserted.
mouse	Gata6	Cyp17a1	OmniPath_DoRothEA|OmniPath_DoRothEA_snapshot_2026-08-25|mouse|omnipath_dorothea:mouse:001438:be7516b59709	database_only_unverified	22B	database_curated_unverified	database_assertion	unknown			none_identified	none_claimed	not verified; source database only	not verified	Database presence and linked PMIDs do not establish exact-pair direct binding or perturbation, effect direction, or species/context scope.	Conservative source lead only; source_registry=OmniPath_DoRothEA; database_ref_count=9; ref_head=12959982;14988427;15284005;18832096;19007851; no promotion asserted.
mouse	Rfx1	Myc	OmniPath_DoRothEA|OmniPath_DoRothEA_snapshot_2026-08-25|mouse|omnipath_dorothea:mouse:004505:4c60f7602b40	database_only_unverified	22B	database_curated_unverified	database_assertion	unknown			none_identified	none_claimed	not verified; source database only	not verified	Database presence and linked PMIDs do not establish exact-pair direct binding or perturbation, effect direction, or species/context scope.	Conservative source lead only; source_registry=OmniPath_DoRothEA; database_ref_count=7; ref_head=7760800;8413274;8709229;10828444;10918054; no promotion asserted.
mouse	Egr2	Faslg	OmniPath_DoRothEA|OmniPath_DoRothEA_snapshot_2026-08-25|mouse|omnipath_dorothea:mouse:000444:b33629813311	database_only_unverified	22B	database_curated_unverified	database_assertion	unknown			none_identified	none_claimed	not verified; source database only	not verified	Database presence and linked PMIDs do not establish exact-pair direct binding or perturbation, effect direction, or species/context scope.	Conservative source lead only; source_registry=OmniPath_DoRothEA; database_ref_count=7; ref_head=9915863;10556800;10755616;11397794;11909874; no promotion asserted.
mouse	Max	Odc1	OmniPath_DoRothEA|OmniPath_DoRothEA_snapshot_2026-08-25|mouse|omnipath_dorothea:mouse:001185:bc503fc1318c	database_only_unverified	22B	database_curated_unverified	database_assertion	unknown			none_identified	none_claimed	not verified; source database only	not verified	Database presence and linked PMIDs do not establish exact-pair direct binding or perturbation, effect direction, or species/context scope.	Conservative source lead only; source_registry=OmniPath_DoRothEA; database_ref_count=15; ref_head=7478599;7822433;8262968;8356088;8551363; no promotion asserted.
mouse	Esrra	Cyp19a1	OmniPath_DoRothEA|OmniPath_DoRothEA_snapshot_2026-08-25|mouse|omnipath_dorothea:mouse:000277:8e60c5ea3e99	database_only_unverified	22B	database_curated_unverified	database_assertion	unknown			none_identified	none_claimed	not verified; source database only	not verified	Database presence and linked PMIDs do not establish exact-pair direct binding or perturbation, effect direction, or species/context scope.	Conservative source lead only; source_registry=OmniPath_DoRothEA; database_ref_count=12; ref_head=9865725;10493499;11850205;11973645;15955695; no promotion asserted.
human	MTA1	CDH1	TRRUST|TRRUST_v2_snapshot_2026-08-25|human|trrust:human:004051	database_only_unverified	22B	database_curated_unverified	database_assertion	unknown			none_identified	none_claimed	not verified; source database only	not verified	Database presence and linked PMIDs do not establish exact-pair direct binding or perturbation, effect direction, or species/context scope.	Conservative source lead only; source_registry=TRRUST; database_ref_count=2; ref_head=18719363;24424621; no promotion asserted.
mouse	Neurog3	Neurod1	OmniPath_DoRothEA|OmniPath_DoRothEA_snapshot_2026-08-25|mouse|omnipath_dorothea:mouse:000446:3f2941163231	database_only_unverified	22B	database_curated_unverified	database_assertion	unknown			none_identified	none_claimed	not verified; source database only	not verified	Database presence and linked PMIDs do not establish exact-pair direct binding or perturbation, effect direction, or species/context scope.	Conservative source lead only; source_registry=OmniPath_DoRothEA; database_ref_count=21; ref_head=10757813;10868931;11981044;15340143;16855267; no promotion asserted.
mouse	Sf1	Cyp11a1	TRRUST|TRRUST_v2_snapshot_2026-08-25|mouse|trrust:mouse:005031	database_only_unverified	22B	database_curated_unverified	database_assertion	unknown			none_identified	none_claimed	not verified; source database only	not verified	Database presence and linked PMIDs do not establish exact-pair direct binding or perturbation, effect direction, or species/context scope.	Conservative source lead only; source_registry=TRRUST; database_ref_count=4; ref_head=9013760;17218410;19477906;22199361; no promotion asserted.
mouse	Atm	Trp53	TRRUST|TRRUST_v2_snapshot_2026-08-25|mouse|trrust:mouse:000161	database_only_unverified	22B	database_curated_unverified	database_assertion	unknown			none_identified	none_claimed	not verified; source database only	not verified	Database presence and linked PMIDs do not establish exact-pair direct binding or perturbation, effect direction, or species/context scope.	Conservative source lead only; source_registry=TRRUST; database_ref_count=1; ref_head=18171989; no promotion asserted.
mouse	Pitx2	Fshb	OmniPath_DoRothEA|OmniPath_DoRothEA_snapshot_2026-08-25|mouse|omnipath_dorothea:mouse:001167:f1727fc2e086	database_only_unverified	22B	database_curated_unverified	database_assertion	unknown			none_identified	none_claimed	not verified; source database only	not verified	Database presence and linked PMIDs do not establish exact-pair direct binding or perturbation, effect direction, or species/context scope.	Conservative source lead only; source_registry=OmniPath_DoRothEA; database_ref_count=4; ref_head=10859489;12554780;18022758;18339718; no promotion asserted.
human	SP4	CCND1	OmniPath_DoRothEA|OmniPath_DoRothEA_snapshot_2026-08-25|human|omnipath_dorothea:human:002643:f1d7ae16ea52	database_only_unverified	22B	database_curated_unverified	database_assertion	unknown			none_identified	none_claimed	not verified; source database only	not verified	Database presence and linked PMIDs do not establish exact-pair direct binding or perturbation, effect direction, or species/context scope.	Conservative source lead only; source_registry=OmniPath_DoRothEA; database_ref_count=13; ref_head=15166673;16203276;16280660;16648863;18593936; no promotion asserted.
mouse	Irf5	Tnf	OmniPath_DoRothEA|OmniPath_DoRothEA_snapshot_2026-08-25|mouse|omnipath_dorothea:mouse:004179:7dfb177b5b60	database_only_unverified	22B	database_curated_unverified	database_assertion	unknown			none_identified	none_claimed	not verified; source database only	not verified	Database presence and linked PMIDs do not establish exact-pair direct binding or perturbation, effect direction, or species/context scope.	Conservative source lead only; source_registry=OmniPath_DoRothEA; database_ref_count=21; ref_head=15665823;18332133;20237317;20935208;21240265; no promotion asserted.
mouse	Tbx2	Cdkn2b	OmniPath_DoRothEA|OmniPath_DoRothEA_snapshot_2026-08-25|mouse|omnipath_dorothea:mouse:000637:cec03408afa5	database_only_unverified	22B	database_curated_unverified	database_assertion	unknown			none_identified	none_claimed	not verified; source database only	not verified	Database presence and linked PMIDs do not establish exact-pair direct binding or perturbation, effect direction, or species/context scope.	Conservative source lead only; source_registry=OmniPath_DoRothEA; database_ref_count=15; ref_head=11062467;12000749;15300007;15459098;15781639; no promotion asserted.
mouse	E2f2	Mcm5	OmniPath_DoRothEA|OmniPath_DoRothEA_snapshot_2026-08-25|mouse|omnipath_dorothea:mouse:002963:5171cf4cee3f	database_only_unverified	22B	database_curated_unverified	database_assertion	unknown			none_identified	none_claimed	not verified; source database only	not verified	Database presence and linked PMIDs do not establish exact-pair direct binding or perturbation, effect direction, or species/context scope.	Conservative source lead only; source_registry=OmniPath_DoRothEA; database_ref_count=3; ref_head=10327050;24038359;36375317; no promotion asserted.
mouse	Nfat5	Tnf	OmniPath_DoRothEA|OmniPath_DoRothEA_snapshot_2026-08-25|mouse|omnipath_dorothea:mouse:000830:4a7fa526abb3	database_only_unverified	22B	database_curated_unverified	database_assertion	unknown			none_identified	none_claimed	not verified; source database only	not verified	Database presence and linked PMIDs do not establish exact-pair direct binding or perturbation, effect direction, or species/context scope.	Conservative source lead only; source_registry=OmniPath_DoRothEA; database_ref_count=13; ref_head=11485737;12421923;16027109;16458016;18436816; no promotion asserted.
mouse	Nr0b2	Cyp7a1	TRRUST|TRRUST_v2_snapshot_2026-08-25|mouse|trrust:mouse:003696	database_only_unverified	22B	database_curated_unverified	database_assertion	unknown			none_identified	none_claimed	not verified; source database only	not verified	Database presence and linked PMIDs do not establish exact-pair direct binding or perturbation, effect direction, or species/context scope.	Conservative source lead only; source_registry=TRRUST; database_ref_count=3; ref_head=17145766;21963511;22034226; no promotion asserted.
mouse	Nr5a2	Scarb1	TRRUST|TRRUST_v2_snapshot_2026-08-25|mouse|trrust:mouse:003903	database_only_unverified	22B	database_curated_unverified	database_assertion	unknown			none_identified	none_claimed	not verified; source database only	not verified	Database presence and linked PMIDs do not establish exact-pair direct binding or perturbation, effect direction, or species/context scope.	Conservative source lead only; source_registry=TRRUST; database_ref_count=2; ref_head=12446566;16168958; no promotion asserted.
mouse	Pbx1	Cyp17a1	OmniPath_DoRothEA|OmniPath_DoRothEA_snapshot_2026-08-25|mouse|omnipath_dorothea:mouse:003117:2bc43c9790b5	database_only_unverified	22B	database_curated_unverified	database_assertion	unknown			none_identified	none_claimed	not verified; source database only	not verified	Database presence and linked PMIDs do not establish exact-pair direct binding or perturbation, effect direction, or species/context scope.	Conservative source lead only; source_registry=OmniPath_DoRothEA; database_ref_count=3; ref_head=7913464;9028871;9390195; no promotion asserted.
human	TCF7	LEF1	OmniPath_DoRothEA|OmniPath_DoRothEA_snapshot_2026-08-25|human|omnipath_dorothea:human:005112:d2c595e7d655	database_only_unverified	22B	database_curated_unverified	database_assertion	unknown			none_identified	none_claimed	not verified; source database only	not verified	Database presence and linked PMIDs do not establish exact-pair direct binding or perturbation, effect direction, or species/context scope.	Conservative source lead only; source_registry=OmniPath_DoRothEA; database_ref_count=10; ref_head=11326276;15473860;17335794;17893322;22168911; no promotion asserted.
human	XBP1	HSPA5	TRRUST|TRRUST_v2_snapshot_2026-08-25|human|trrust:human:009107	database_only_unverified	22B	database_curated_unverified	database_assertion	unknown			none_identified	none_claimed	not verified; source database only	not verified	Database presence and linked PMIDs do not establish exact-pair direct binding or perturbation, effect direction, or species/context scope.	Conservative source lead only; source_registry=TRRUST; database_ref_count=2; ref_head=14718536;20170659; no promotion asserted.
mouse	Hmga1	Brca1	TRRUST|TRRUST_v2_snapshot_2026-08-25|mouse|trrust:mouse:001888	database_only_unverified	22B	database_curated_unverified	database_assertion	unknown			none_identified	none_claimed	not verified; source database only	not verified	Database presence and linked PMIDs do not establish exact-pair direct binding or perturbation, effect direction, or species/context scope.	Conservative source lead only; source_registry=TRRUST; database_ref_count=2; ref_head=12640109;16007157; no promotion asserted.
human	PAX2	WT1	OmniPath_DoRothEA|OmniPath_DoRothEA_snapshot_2026-08-25|human|omnipath_dorothea:human:002490:d36cba58d6db	database_only_unverified	22B	database_curated_unverified	database_assertion	unknown			none_identified	none_claimed	not verified; source database only	not verified	Database presence and linked PMIDs do not establish exact-pair direct binding or perturbation, effect direction, or species/context scope.	Conservative source lead only; source_registry=OmniPath_DoRothEA; database_ref_count=11; ref_head=8760285;9178767;9336463;9916932;11850818; no promotion asserted.
human	PML	EGFR	TRRUST|TRRUST_v2_snapshot_2026-08-25|human|trrust:human:005524	database_only_unverified	22B	database_curated_unverified	database_assertion	unknown			none_identified	none_claimed	not verified; source database only	not verified	Database presence and linked PMIDs do not establish exact-pair direct binding or perturbation, effect direction, or species/context scope.	Conservative source lead only; source_registry=TRRUST; database_ref_count=2; ref_head=9819401;12673202; no promotion asserted.
mouse	Pou2f2	Nos2	TRRUST|TRRUST_v2_snapshot_2026-08-25|mouse|trrust:mouse:004298	database_only_unverified	22B	database_curated_unverified	database_assertion	unknown			none_identified	none_claimed	not verified; source database only	not verified	Database presence and linked PMIDs do not establish exact-pair direct binding or perturbation, effect direction, or species/context scope.	Conservative source lead only; source_registry=TRRUST; database_ref_count=2; ref_head=19279235;21114628; no promotion asserted.
mouse	Prox1	Cyp7a1	OmniPath_DoRothEA|OmniPath_DoRothEA_snapshot_2026-08-25|mouse|omnipath_dorothea:mouse:001521:49b445965497	database_only_unverified	22B	database_curated_unverified	database_assertion	unknown			none_identified	none_claimed	not verified; source database only	not verified	Database presence and linked PMIDs do not establish exact-pair direct binding or perturbation, effect direction, or species/context scope.	Conservative source lead only; source_registry=OmniPath_DoRothEA; database_ref_count=3; ref_head=15205472;16488887;23626788; no promotion asserted.
mouse	Tfdp1	Dhfr	OmniPath_DoRothEA|OmniPath_DoRothEA_snapshot_2026-08-25|mouse|omnipath_dorothea:mouse:000698:7cdc8affaf05	database_only_unverified	22B	database_curated_unverified	database_assertion	unknown			none_identified	none_claimed	not verified; source database only	not verified	Database presence and linked PMIDs do not establish exact-pair direct binding or perturbation, effect direction, or species/context scope.	Conservative source lead only; source_registry=OmniPath_DoRothEA; database_ref_count=6; ref_head=8223441;11158299;12788094;14618416;16135794; no promotion asserted.
mouse	Ikzf1	Rag1	TRRUST|TRRUST_v2_snapshot_2026-08-25|mouse|trrust:mouse:002104	database_only_unverified	22B	database_curated_unverified	database_assertion	unknown			none_identified	none_claimed	not verified; source database only	not verified	Database presence and linked PMIDs do not establish exact-pair direct binding or perturbation, effect direction, or species/context scope.	Conservative source lead only; source_registry=TRRUST; database_ref_count=1; ref_head=9464529; no promotion asserted.
human	IRF2	CIITA	OmniPath_DoRothEA|OmniPath_DoRothEA_snapshot_2026-08-25|human|omnipath_dorothea:human:000314:3b14d1a63b0b	database_only_unverified	22B	database_curated_unverified	database_assertion	unknown			none_identified	none_claimed	not verified; source database only	not verified	Database presence and linked PMIDs do not establish exact-pair direct binding or perturbation, effect direction, or species/context scope.	Conservative source lead only; source_registry=OmniPath_DoRothEA; database_ref_count=7; ref_head=10557076;10956389;11058120;11464288;12493643; no promotion asserted.
human	IRF4	CIITA	OmniPath_DoRothEA|OmniPath_DoRothEA_snapshot_2026-08-25|human|omnipath_dorothea:human:003026:23d155b3d6c1	database_only_unverified	22B	database_curated_unverified	database_assertion	unknown			none_identified	none_claimed	not verified; source database only	not verified	Database presence and linked PMIDs do not establish exact-pair direct binding or perturbation, effect direction, or species/context scope.	Conservative source lead only; source_registry=OmniPath_DoRothEA; database_ref_count=4; ref_head=11777970;15242870;20580461;24204280; no promotion asserted.
mouse	Msx2	Runx2	TRRUST|TRRUST_v2_snapshot_2026-08-25|mouse|trrust:mouse:002820	database_only_unverified	22B	database_curated_unverified	database_assertion	unknown			none_identified	none_claimed	not verified; source database only	not verified	Database presence and linked PMIDs do not establish exact-pair direct binding or perturbation, effect direction, or species/context scope.	Conservative source lead only; source_registry=TRRUST; database_ref_count=2; ref_head=16115867;17060321; no promotion asserted.
mouse	Nfyb	Srebf1	TRRUST|TRRUST_v2_snapshot_2026-08-25|mouse|trrust:mouse:003579	database_only_unverified	22B	database_curated_unverified	database_assertion	unknown			none_identified	none_claimed	not verified; source database only	not verified	Database presence and linked PMIDs do not establish exact-pair direct binding or perturbation, effect direction, or species/context scope.	Conservative source lead only; source_registry=TRRUST; database_ref_count=1; ref_head=10918064; no promotion asserted.
mouse	Ppargc1a	Nrf1	TRRUST|TRRUST_v2_snapshot_2026-08-25|mouse|trrust:mouse:004486	database_only_unverified	22B	database_curated_unverified	database_assertion	unknown			none_identified	none_claimed	not verified; source database only	not verified	Database presence and linked PMIDs do not establish exact-pair direct binding or perturbation, effect direction, or species/context scope.	Conservative source lead only; source_registry=TRRUST; database_ref_count=2; ref_head=21245132;21464822; no promotion asserted.
mouse	Smarca4	Tbx5	TRRUST|TRRUST_v2_snapshot_2026-08-25|mouse|trrust:mouse:005318	database_only_unverified	22B	database_curated_unverified	database_assertion	unknown			none_identified	none_claimed	not verified; source database only	not verified	Database presence and linked PMIDs do not establish exact-pair direct binding or perturbation, effect direction, or species/context scope.	Conservative source lead only; source_registry=TRRUST; database_ref_count=1; ref_head=21304516; no promotion asserted.
mouse	Foxp2	A0A0G2JE70	OmniPath_DoRothEA|OmniPath_DoRothEA_snapshot_2026-08-25|mouse|omnipath_dorothea:mouse:002379:8c38489c2651	database_only_unverified	22B	database_curated_unverified	database_assertion	unknown			none_identified	none_claimed	not verified; source database only	not verified	Database presence and linked PMIDs do not establish exact-pair direct binding or perturbation, effect direction, or species/context scope.	Conservative source lead only; source_registry=OmniPath_DoRothEA; database_ref_count=12; ref_head=18987363;18987364;19582487;22133810;23277129; no promotion asserted.
human	GFI1	BAX	OmniPath_DoRothEA|OmniPath_DoRothEA_snapshot_2026-08-25|human|omnipath_dorothea:human:002077:065ad7bd3d2f	database_only_unverified	22B	database_curated_unverified	database_assertion	unknown			none_identified	none_claimed	not verified; source database only	not verified	Database presence and linked PMIDs do not establish exact-pair direct binding or perturbation, effect direction, or species/context scope.	Conservative source lead only; source_registry=OmniPath_DoRothEA; database_ref_count=7; ref_head=8962093;17213822;21732494;23410974;24721355; no promotion asserted.
mouse	Rfx5	Col1a2	OmniPath_DoRothEA|OmniPath_DoRothEA_snapshot_2026-08-25|mouse|omnipath_dorothea:mouse:001332:598b6181bb1a	database_only_unverified	22B	database_curated_unverified	database_assertion	unknown			none_identified	none_claimed	not verified; source database only	not verified	Database presence and linked PMIDs do not establish exact-pair direct binding or perturbation, effect direction, or species/context scope.	Conservative source lead only; source_registry=OmniPath_DoRothEA; database_ref_count=5; ref_head=12968017;15247294;16464847;23079621;24709079; no promotion asserted.
human	HSF2	HSPA4	OmniPath_DoRothEA|OmniPath_DoRothEA_snapshot_2026-08-25|human|omnipath_dorothea:human:001285:4d70629629bc	database_only_unverified	22B	database_curated_unverified	database_assertion	unknown			none_identified	none_claimed	not verified; source database only	not verified	Database presence and linked PMIDs do not establish exact-pair direct binding or perturbation, effect direction, or species/context scope.	Conservative source lead only; source_registry=OmniPath_DoRothEA; database_ref_count=13; ref_head=1508207;8035809;8114740;8497256;8689410; no promotion asserted.
mouse	Mybl2	Myc	OmniPath_DoRothEA|OmniPath_DoRothEA_snapshot_2026-08-25|mouse|omnipath_dorothea:mouse:001429:775e73ace33b	database_only_unverified	22B	database_curated_unverified	database_assertion	unknown			none_identified	none_claimed	not verified; source database only	not verified	Database presence and linked PMIDs do not establish exact-pair direct binding or perturbation, effect direction, or species/context scope.	Conservative source lead only; source_registry=OmniPath_DoRothEA; database_ref_count=3; ref_head=1594249;14769798;20857481; no promotion asserted.
mouse	Sp7	Dkk1	TRRUST|TRRUST_v2_snapshot_2026-08-25|mouse|trrust:mouse:005921	database_only_unverified	22B	database_curated_unverified	database_assertion	unknown			none_identified	none_claimed	not verified; source database only	not verified	Database presence and linked PMIDs do not establish exact-pair direct binding or perturbation, effect direction, or species/context scope.	Conservative source lead only; source_registry=TRRUST; database_ref_count=2; ref_head=18458345;22459449; no promotion asserted.
human	ZNF148	MMP3	OmniPath_DoRothEA|OmniPath_DoRothEA_snapshot_2026-08-25|human|omnipath_dorothea:human:001463:bc69b2510e58	database_only_unverified	22B	database_curated_unverified	database_assertion	unknown			none_identified	none_claimed	not verified; source database only	not verified	Database presence and linked PMIDs do not establish exact-pair direct binding or perturbation, effect direction, or species/context scope.	Conservative source lead only; source_registry=OmniPath_DoRothEA; database_ref_count=5; ref_head=15003528;19275880;20686646;26891870;33864383; no promotion asserted.
mouse	Elf1	Meis1	OmniPath_DoRothEA|OmniPath_DoRothEA_snapshot_2026-08-25|mouse|omnipath_dorothea:mouse:002629:2a012a2fbce8	database_only_unverified	22B	database_curated_unverified	database_assertion	unknown			none_identified	none_claimed	not verified; source database only	not verified	Database presence and linked PMIDs do not establish exact-pair direct binding or perturbation, effect direction, or species/context scope.	Conservative source lead only; source_registry=OmniPath_DoRothEA; database_ref_count=2; ref_head=20600580;33473327; no promotion asserted.
mouse	Nfia	Tp53	OmniPath_DoRothEA|OmniPath_DoRothEA_snapshot_2026-08-25|mouse|omnipath_dorothea:mouse:005029:62730a15742c	database_only_unverified	22B	database_curated_unverified	database_assertion	unknown			none_identified	none_claimed	not verified; source database only	not verified	Database presence and linked PMIDs do not establish exact-pair direct binding or perturbation, effect direction, or species/context scope.	Conservative source lead only; source_registry=OmniPath_DoRothEA; database_ref_count=5; ref_head=8816507;10505791;10634504;12145335;24305710; no promotion asserted.
human	NR2F1	LHCGR	OmniPath_DoRothEA|OmniPath_DoRothEA_snapshot_2026-08-25|human|omnipath_dorothea:human:001345:a1c3d54f913b	database_only_unverified	22B	database_curated_unverified	database_assertion	unknown			none_identified	none_claimed	not verified; source database only	not verified	Database presence and linked PMIDs do not establish exact-pair direct binding or perturbation, effect direction, or species/context scope.	Conservative source lead only; source_registry=OmniPath_DoRothEA; database_ref_count=4; ref_head=10644740;11682620;12943729;12972613; no promotion asserted.
mouse	Satb1	Spi1	TRRUST|TRRUST_v2_snapshot_2026-08-25|mouse|trrust:mouse:005021	database_only_unverified	22B	database_curated_unverified	database_assertion	unknown			none_identified	none_claimed	not verified; source database only	not verified	Database presence and linked PMIDs do not establish exact-pair direct binding or perturbation, effect direction, or species/context scope.	Conservative source lead only; source_registry=TRRUST; database_ref_count=1; ref_head=17694175; no promotion asserted.
human	ZBTB16	CCNA2	OmniPath_DoRothEA|OmniPath_DoRothEA_snapshot_2026-08-25|human|omnipath_dorothea:human:000007:e3c59c32187a	database_only_unverified	22B	database_curated_unverified	database_assertion	unknown			none_identified	none_claimed	not verified; source database only	not verified	Database presence and linked PMIDs do not establish exact-pair direct binding or perturbation, effect direction, or species/context scope.	Conservative source lead only; source_registry=OmniPath_DoRothEA; database_ref_count=10; ref_head=10023668;11090081;11920165;14527952;14597771; no promotion asserted.
mouse	Apc	Myc	TRRUST|TRRUST_v2_snapshot_2026-08-25|mouse|trrust:mouse:000045	database_only_unverified	22B	database_curated_unverified	database_assertion	unknown			none_identified	none_claimed	not verified; source database only	not verified	Database presence and linked PMIDs do not establish exact-pair direct binding or perturbation, effect direction, or species/context scope.	Conservative source lead only; source_registry=TRRUST; database_ref_count=2; ref_head=10229202;16510874; no promotion asserted.
mouse	Arid3a	Igh	TRRUST|TRRUST_v2_snapshot_2026-08-25|mouse|trrust:mouse:000073	database_only_unverified	22B	database_curated_unverified	database_assertion	unknown			none_identified	none_claimed	not verified; source database only	not verified	Database presence and linked PMIDs do not establish exact-pair direct binding or perturbation, effect direction, or species/context scope.	Conservative source lead only; source_registry=TRRUST; database_ref_count=2; ref_head=19214191;21955986; no promotion asserted.
human	CUX1	FTO	OmniPath_DoRothEA|OmniPath_DoRothEA_snapshot_2026-08-25|human|omnipath_dorothea:human:004044:797411b02f5b	database_only_unverified	22B	database_curated_unverified	database_assertion	unknown			none_identified	none_claimed	not verified; source database only	not verified	Database presence and linked PMIDs do not establish exact-pair direct binding or perturbation, effect direction, or species/context scope.	Conservative source lead only; source_registry=OmniPath_DoRothEA; database_ref_count=5; ref_head=18256137;21037323;23341774;24807221;27064284; no promotion asserted.
mouse	E2f6	Brca1	OmniPath_DoRothEA|OmniPath_DoRothEA_snapshot_2026-08-25|mouse|omnipath_dorothea:mouse:001311:301f9804d4f8	database_only_unverified	22B	database_curated_unverified	database_assertion	unknown			none_identified	none_claimed	not verified; source database only	not verified	Database presence and linked PMIDs do not establish exact-pair direct binding or perturbation, effect direction, or species/context scope.	Conservative source lead only; source_registry=OmniPath_DoRothEA; database_ref_count=5; ref_head=12909625;17096023;17663789;19466541;25319390; no promotion asserted.
mouse	Gtf2i	Fos	TRRUST|TRRUST_v2_snapshot_2026-08-25|mouse|trrust:mouse:001743	database_only_unverified	22B	database_curated_unverified	database_assertion	unknown			none_identified	none_claimed	not verified; source database only	not verified	Database presence and linked PMIDs do not establish exact-pair direct binding or perturbation, effect direction, or species/context scope.	Conservative source lead only; source_registry=TRRUST; database_ref_count=3; ref_head=9584171;10648599;11934902; no promotion asserted.
mouse	Klf11	Ins1	OmniPath_DoRothEA|OmniPath_DoRothEA_snapshot_2026-08-25|mouse|omnipath_dorothea:mouse:001713:8e553097fa56	database_only_unverified	22B	database_curated_unverified	database_assertion	unknown			none_identified	none_claimed	not verified; source database only	not verified	Database presence and linked PMIDs do not establish exact-pair direct binding or perturbation, effect direction, or species/context scope.	Conservative source lead only; source_registry=OmniPath_DoRothEA; database_ref_count=14; ref_head=15774581;17130512;17479246;18199129;18593768; no promotion asserted.
human	PAX4	INS	OmniPath_DoRothEA|OmniPath_DoRothEA_snapshot_2026-08-25|human|omnipath_dorothea:human:000533:49582caa5dc9	database_only_unverified	22B	database_curated_unverified	database_assertion	unknown			none_identified	none_claimed	not verified; source database only	not verified	Database presence and linked PMIDs do not establish exact-pair direct binding or perturbation, effect direction, or species/context scope.	Conservative source lead only; source_registry=OmniPath_DoRothEA; database_ref_count=15; ref_head=10567552;10601637;10891400;11034308;11263967; no promotion asserted.
human	TWIST2	MMP2	OmniPath_DoRothEA|OmniPath_DoRothEA_snapshot_2026-08-25|human|omnipath_dorothea:human:004823:2cea8fcce4e8	database_only_unverified	22B	database_curated_unverified	database_assertion	unknown			none_identified	none_claimed	not verified; source database only	not verified	Database presence and linked PMIDs do not establish exact-pair direct binding or perturbation, effect direction, or species/context scope.	Conservative source lead only; source_registry=OmniPath_DoRothEA; database_ref_count=2; ref_head=20646316;30556860; no promotion asserted.
mouse	Arntl	Per1	TRRUST|TRRUST_v2_snapshot_2026-08-25|mouse|trrust:mouse:000093	database_only_unverified	22B	database_curated_unverified	database_assertion	unknown			none_identified	none_claimed	not verified; source database only	not verified	Database presence and linked PMIDs do not establish exact-pair direct binding or perturbation, effect direction, or species/context scope.	Conservative source lead only; source_registry=TRRUST; database_ref_count=3; ref_head=12397359;12544823;15147242; no promotion asserted.
mouse	Bcl3	Trim63	TRRUST|TRRUST_v2_snapshot_2026-08-25|mouse|trrust:mouse:000205	database_only_unverified	22B	database_curated_unverified	database_assertion	unknown			none_identified	none_claimed	not verified; source database only	not verified	Database presence and linked PMIDs do not establish exact-pair direct binding or perturbation, effect direction, or species/context scope.	Conservative source lead only; source_registry=TRRUST; database_ref_count=2; ref_head=21249144;23251550; no promotion asserted.
mouse	Bmi1	Pten	TRRUST|TRRUST_v2_snapshot_2026-08-25|mouse|trrust:mouse:000243	database_only_unverified	22B	database_curated_unverified	database_assertion	unknown			none_identified	none_claimed	not verified; source database only	not verified	Database presence and linked PMIDs do not establish exact-pair direct binding or perturbation, effect direction, or species/context scope.	Conservative source lead only; source_registry=TRRUST; database_ref_count=1; ref_head=22614013; no promotion asserted.
mouse	Gli3	Shh	TRRUST|TRRUST_v2_snapshot_2026-08-25|mouse|trrust:mouse:001721	database_only_unverified	22B	database_curated_unverified	database_assertion	unknown			none_identified	none_claimed	not verified; source database only	not verified	Database presence and linked PMIDs do not establish exact-pair direct binding or perturbation, effect direction, or species/context scope.	Conservative source lead only; source_registry=TRRUST; database_ref_count=3; ref_head=9152009;10409502;18057099; no promotion asserted.
mouse	Hoxb7	Fgf2	OmniPath_DoRothEA|OmniPath_DoRothEA_snapshot_2026-08-25|mouse|omnipath_dorothea:mouse:001977:31bd1a7928c7	database_only_unverified	22B	database_curated_unverified	database_assertion	unknown			none_identified	none_claimed	not verified; source database only	not verified	Database presence and linked PMIDs do not establish exact-pair direct binding or perturbation, effect direction, or species/context scope.	Conservative source lead only; source_registry=OmniPath_DoRothEA; database_ref_count=11; ref_head=8756643;9681827;16862184;18378073;20480203; no promotion asserted.
human	MBD2	GSTP1	TRRUST|TRRUST_v2_snapshot_2026-08-25|human|trrust:human:003899	database_only_unverified	22B	database_curated_unverified	database_assertion	unknown			none_identified	none_claimed	not verified; source database only	not verified	Database presence and linked PMIDs do not establish exact-pair direct binding or perturbation, effect direction, or species/context scope.	Conservative source lead only; source_registry=TRRUST; database_ref_count=3; ref_head=11960994;12543808;19856314; no promotion asserted.
mouse	Mecp2	Esr1	OmniPath_DoRothEA|OmniPath_DoRothEA_snapshot_2026-08-25|mouse|omnipath_dorothea:mouse:002716:569ac62f3e8e	database_only_unverified	22B	database_curated_unverified	database_assertion	unknown			none_identified	none_claimed	not verified; source database only	not verified	Database presence and linked PMIDs do not establish exact-pair direct binding or perturbation, effect direction, or species/context scope.	Conservative source lead only; source_registry=OmniPath_DoRothEA; database_ref_count=6; ref_head=15870696;18353557;19966177;21655924;22976807; no promotion asserted.
mouse	Mtf1	Mt1	TRRUST|TRRUST_v2_snapshot_2026-08-25|mouse|trrust:mouse:002837	database_only_unverified	22B	database_curated_unverified	database_assertion	unknown			none_identified	none_claimed	not verified; source database only	not verified	Database presence and linked PMIDs do not establish exact-pair direct binding or perturbation, effect direction, or species/context scope.	Conservative source lead only; source_registry=TRRUST; database_ref_count=7; ref_head=11213479;12764133;15142038;16847313;18337454; no promotion asserted.
mouse	Myog	Trp73	TRRUST|TRRUST_v2_snapshot_2026-08-25|mouse|trrust:mouse:003037	database_only_unverified	22B	database_curated_unverified	database_assertion	unknown			none_identified	none_claimed	not verified; source database only	not verified	Database presence and linked PMIDs do not establish exact-pair direct binding or perturbation, effect direction, or species/context scope.	Conservative source lead only; source_registry=TRRUST; database_ref_count=1; ref_head=16007124; no promotion asserted.
human	NF1	TP53	TRRUST|TRRUST_v2_snapshot_2026-08-25|human|trrust:human:004402	database_only_unverified	22B	database_curated_unverified	database_assertion	unknown			none_identified	none_claimed	not verified; source database only	not verified	Database presence and linked PMIDs do not establish exact-pair direct binding or perturbation, effect direction, or species/context scope.	Conservative source lead only; source_registry=TRRUST; database_ref_count=2; ref_head=8816507;10634504; no promotion asserted.
mouse	Nfil3	Ptgs2	TRRUST|TRRUST_v2_snapshot_2026-08-25|mouse|trrust:mouse:003298	database_only_unverified	22B	database_curated_unverified	database_assertion	unknown			none_identified	none_claimed	not verified; source database only	not verified	Database presence and linked PMIDs do not establish exact-pair direct binding or perturbation, effect direction, or species/context scope.	Conservative source lead only; source_registry=TRRUST; database_ref_count=2; ref_head=12743120;24994935; no promotion asserted.
mouse	Nfyc	Srebf1	TRRUST|TRRUST_v2_snapshot_2026-08-25|mouse|trrust:mouse:003582	database_only_unverified	22B	database_curated_unverified	database_assertion	unknown			none_identified	none_claimed	not verified; source database only	not verified	Database presence and linked PMIDs do not establish exact-pair direct binding or perturbation, effect direction, or species/context scope.	Conservative source lead only; source_registry=TRRUST; database_ref_count=1; ref_head=10918064; no promotion asserted.
mouse	Pitx1	Fshb	OmniPath_DoRothEA|OmniPath_DoRothEA_snapshot_2026-08-25|mouse|omnipath_dorothea:mouse:001070:668e9d21e6ef	database_only_unverified	22B	database_curated_unverified	database_assertion	unknown			none_identified	none_claimed	not verified; source database only	not verified	Database presence and linked PMIDs do not establish exact-pair direct binding or perturbation, effect direction, or species/context scope.	Conservative source lead only; source_registry=OmniPath_DoRothEA; database_ref_count=4; ref_head=9514159;10859489;12145338;18339718; no promotion asserted.
mouse	Smad5	Id3	OmniPath_DoRothEA|OmniPath_DoRothEA_snapshot_2026-08-25|mouse|omnipath_dorothea:mouse:005012:6fdaa7abe719	database_only_unverified	22B	database_curated_unverified	database_assertion	unknown			none_identified	none_claimed	not verified; source database only	not verified	Database presence and linked PMIDs do not establish exact-pair direct binding or perturbation, effect direction, or species/context scope.	Conservative source lead only; source_registry=OmniPath_DoRothEA; database_ref_count=5; ref_head=18372118;21056086;21975932;26135667;35599595; no promotion asserted.
mouse	Zbtb17	Cdkn2b	OmniPath_DoRothEA|OmniPath_DoRothEA_snapshot_2026-08-25|mouse|omnipath_dorothea:mouse:000760:c65f798bbc85	database_only_unverified	22B	database_curated_unverified	database_assertion	unknown			none_identified	none_claimed	not verified; source database only	not verified	Database presence and linked PMIDs do not establish exact-pair direct binding or perturbation, effect direction, or species/context scope.	Conservative source lead only; source_registry=OmniPath_DoRothEA; database_ref_count=14; ref_head=11283613;11283614;12244100;12515610;15095404; no promotion asserted.
mouse	Cebpe	Ltf	OmniPath_DoRothEA|OmniPath_DoRothEA_snapshot_2026-08-25|mouse|omnipath_dorothea:mouse:000325:7095f7995213	database_only_unverified	22B	database_curated_unverified	database_assertion	unknown			none_identified	none_claimed	not verified; source database only	not verified	Database presence and linked PMIDs do not establish exact-pair direct binding or perturbation, effect direction, or species/context scope.	Conservative source lead only; source_registry=OmniPath_DoRothEA; database_ref_count=4; ref_head=10556201;12515729;12522000;15588942; no promotion asserted.
mouse	Dlx5	Runx2	TRRUST|TRRUST_v2_snapshot_2026-08-25|mouse|trrust:mouse:000648	database_only_unverified	22B	database_curated_unverified	database_assertion	unknown			none_identified	none_claimed	not verified; source database only	not verified	Database presence and linked PMIDs do not establish exact-pair direct binding or perturbation, effect direction, or species/context scope.	Conservative source lead only; source_registry=TRRUST; database_ref_count=3; ref_head=16115867;17060321;21187071; no promotion asserted.
mouse	Elf3	Sprr2d	OmniPath_DoRothEA|OmniPath_DoRothEA_snapshot_2026-08-25|mouse|omnipath_dorothea:mouse:000464:942289ec274e	database_only_unverified	22B	database_curated_unverified	database_assertion	unknown			none_identified	none_claimed	not verified; source database only	not verified	Database presence and linked PMIDs do not establish exact-pair direct binding or perturbation, effect direction, or species/context scope.	Conservative source lead only; source_registry=OmniPath_DoRothEA; database_ref_count=5; ref_head=9234700;10506207;10773884;10891534;12624109; no promotion asserted.
mouse	Elk4	Fos	OmniPath_DoRothEA|OmniPath_DoRothEA_snapshot_2026-08-25|mouse|omnipath_dorothea:mouse:002634:127184abf667	database_only_unverified	22B	database_curated_unverified	database_assertion	unknown			none_identified	none_claimed	not verified; source database only	not verified	Database presence and linked PMIDs do not establish exact-pair direct binding or perturbation, effect direction, or species/context scope.	Conservative source lead only; source_registry=OmniPath_DoRothEA; database_ref_count=12; ref_head=7851904;7958835;8764983;8986626;9111305; no promotion asserted.
human	NFE2	TBXAS1	OmniPath_DoRothEA|OmniPath_DoRothEA_snapshot_2026-08-25|human|omnipath_dorothea:human:000996:ce2b93a19328	database_only_unverified	22B	database_curated_unverified	database_assertion	unknown			none_identified	none_claimed	not verified; source database only	not verified	Database presence and linked PMIDs do not establish exact-pair direct binding or perturbation, effect direction, or species/context scope.	Conservative source lead only; source_registry=OmniPath_DoRothEA; database_ref_count=7; ref_head=9312024;10823275;10930400;11956185;12200693; no promotion asserted.
mouse	Six1	Dusp6	TRRUST|TRRUST_v2_snapshot_2026-08-25|mouse|trrust:mouse:005095	database_only_unverified	22B	database_curated_unverified	database_assertion	unknown			none_identified	none_claimed	not verified; source database only	not verified	Database presence and linked PMIDs do not establish exact-pair direct binding or perturbation, effect direction, or species/context scope.	Conservative source lead only; source_registry=TRRUST; database_ref_count=2; ref_head=14614133;22945933; no promotion asserted.
mouse	Crx	Samd7	TRRUST|TRRUST_v2_snapshot_2026-08-25|mouse|trrust:mouse:000509	database_only_unverified	22B	database_curated_unverified	database_assertion	unknown			none_identified	none_claimed	not verified; source database only	not verified	Database presence and linked PMIDs do not establish exact-pair direct binding or perturbation, effect direction, or species/context scope.	Conservative source lead only; source_registry=TRRUST; database_ref_count=1; ref_head=23565263; no promotion asserted.
mouse	Ebf1	Cd79a	TRRUST|TRRUST_v2_snapshot_2026-08-25|mouse|trrust:mouse:000770	database_only_unverified	22B	database_curated_unverified	database_assertion	unknown			none_identified	none_claimed	not verified; source database only	not verified	Database presence and linked PMIDs do not establish exact-pair direct binding or perturbation, effect direction, or species/context scope.	Conservative source lead only; source_registry=TRRUST; database_ref_count=2; ref_head=12446773;20385820; no promotion asserted.
mouse	Msx1	Bmp4	TRRUST|TRRUST_v2_snapshot_2026-08-25|mouse|trrust:mouse:002792	database_only_unverified	22B	database_curated_unverified	database_assertion	unknown			none_identified	none_claimed	not verified; source database only	not verified	Database presence and linked PMIDs do not establish exact-pair direct binding or perturbation, effect direction, or species/context scope.	Conservative source lead only; source_registry=TRRUST; database_ref_count=2; ref_head=14654219;19251632; no promotion asserted.
mouse	Ncoa1	Usp17le	TRRUST|TRRUST_v2_snapshot_2026-08-25|mouse|trrust:mouse:003079	database_only_unverified	22B	database_curated_unverified	database_assertion	unknown			none_identified	none_claimed	not verified; source database only	not verified	Database presence and linked PMIDs do not establish exact-pair direct binding or perturbation, effect direction, or species/context scope.	Conservative source lead only; source_registry=TRRUST; database_ref_count=1; ref_head=24695638; no promotion asserted.
human	NCOA3	BCL2	OmniPath_DoRothEA|OmniPath_DoRothEA_snapshot_2026-08-25|human|omnipath_dorothea:human:004352:f88d8afaadef	database_only_unverified	22B	database_curated_unverified	database_assertion	unknown			none_identified	none_claimed	not verified; source database only	not verified	Database presence and linked PMIDs do not establish exact-pair direct binding or perturbation, effect direction, or species/context scope.	Conservative source lead only; source_registry=OmniPath_DoRothEA; database_ref_count=7; ref_head=17653082;19095746;19365708;20881187;22213475; no promotion asserted.
mouse	Nr4a2	Tnc	TRRUST|TRRUST_v2_snapshot_2026-08-25|mouse|trrust:mouse:003860	database_only_unverified	22B	database_curated_unverified	database_assertion	unknown			none_identified	none_claimed	not verified; source database only	not verified	Database presence and linked PMIDs do not establish exact-pair direct binding or perturbation, effect direction, or species/context scope.	Conservative source lead only; source_registry=TRRUST; database_ref_count=1; ref_head=17038671; no promotion asserted.
mouse	Pou2af1	Spib	TRRUST|TRRUST_v2_snapshot_2026-08-25|mouse|trrust:mouse:004257	database_only_unverified	22B	database_curated_unverified	database_assertion	unknown			none_identified	none_claimed	not verified; source database only	not verified	Database presence and linked PMIDs do not establish exact-pair direct binding or perturbation, effect direction, or species/context scope.	Conservative source lead only; source_registry=TRRUST; database_ref_count=1; ref_head=16861304; no promotion asserted.
human	HEY1	KDR	OmniPath_DoRothEA|OmniPath_DoRothEA_snapshot_2026-08-25|human|omnipath_dorothea:human:001986:c4f68fd04a1a	database_only_unverified	22B	database_curated_unverified	database_assertion	unknown			none_identified	none_claimed	not verified; source database only	not verified	Database presence and linked PMIDs do not establish exact-pair direct binding or perturbation, effect direction, or species/context scope.	Conservative source lead only; source_registry=OmniPath_DoRothEA; database_ref_count=7; ref_head=11069914;12453432;16318757;16643725;16782059; no promotion asserted.
human	MEF2D	JUN	OmniPath_DoRothEA|OmniPath_DoRothEA_snapshot_2026-08-25|human|omnipath_dorothea:human:001038:4073e29fbd4a	database_only_unverified	22B	database_curated_unverified	database_assertion	unknown			none_identified	none_claimed	not verified; source database only	not verified	Database presence and linked PMIDs do not establish exact-pair direct binding or perturbation, effect direction, or species/context scope.	Conservative source lead only; source_registry=OmniPath_DoRothEA; database_ref_count=6; ref_head=7760790;8798771;9252389;12054430;12075451; no promotion asserted.
human	MZF1	MYB	OmniPath_DoRothEA|OmniPath_DoRothEA_snapshot_2026-08-25|human|omnipath_dorothea:human:004332:78e3ff0de5cb	database_only_unverified	22B	database_curated_unverified	database_assertion	unknown			none_identified	none_claimed	not verified; source database only	not verified	Database presence and linked PMIDs do not establish exact-pair direct binding or perturbation, effect direction, or species/context scope.	Conservative source lead only; source_registry=OmniPath_DoRothEA; database_ref_count=3; ref_head=7565760;10567569;28987798; no promotion asserted.
human	OTX2	RBP3	OmniPath_DoRothEA|OmniPath_DoRothEA_snapshot_2026-08-25|human|omnipath_dorothea:human:003804:8b119c046d6b	database_only_unverified	22B	database_curated_unverified	database_assertion	unknown			none_identified	none_claimed	not verified; source database only	not verified	Database presence and linked PMIDs do not establish exact-pair direct binding or perturbation, effect direction, or species/context scope.	Conservative source lead only; source_registry=OmniPath_DoRothEA; database_ref_count=4; ref_head=10354480;10372988;18628516;19965921; no promotion asserted.
mouse	Rarg	Rarb	OmniPath_DoRothEA|OmniPath_DoRothEA_snapshot_2026-08-25|mouse|omnipath_dorothea:mouse:000065:940b557b7b24	database_only_unverified	22B	database_curated_unverified	database_assertion	unknown			none_identified	none_claimed	not verified; source database only	not verified	Database presence and linked PMIDs do not establish exact-pair direct binding or perturbation, effect direction, or species/context scope.	Conservative source lead only; source_registry=OmniPath_DoRothEA; database_ref_count=7; ref_head=1310259;1650576;7708726;10075839;10929206; no promotion asserted.
mouse	Sox17	Sftpc	TRRUST|TRRUST_v2_snapshot_2026-08-25|mouse|trrust:mouse:005406	database_only_unverified	22B	database_curated_unverified	database_assertion	unknown			none_identified	none_claimed	not verified; source database only	not verified	Database presence and linked PMIDs do not establish exact-pair direct binding or perturbation, effect direction, or species/context scope.	Conservative source lead only; source_registry=TRRUST; database_ref_count=1; ref_head=16574095; no promotion asserted.
mouse	Spib	Prdm1	OmniPath_DoRothEA|OmniPath_DoRothEA_snapshot_2026-08-25|mouse|omnipath_dorothea:mouse:002306:1c9803d63f16	database_only_unverified	22B	database_curated_unverified	database_assertion	unknown			none_identified	none_claimed	not verified; source database only	not verified	Database presence and linked PMIDs do not establish exact-pair direct binding or perturbation, effect direction, or species/context scope.	Conservative source lead only; source_registry=OmniPath_DoRothEA; database_ref_count=3; ref_head=18552212;24801987;37965309; no promotion asserted.
human	SRY	SOX9	TRRUST|TRRUST_v2_snapshot_2026-08-25|human|trrust:human:007807	database_only_unverified	22B	database_curated_unverified	database_assertion	unknown			none_identified	none_claimed	not verified; source database only	not verified	Database presence and linked PMIDs do not establish exact-pair direct binding or perturbation, effect direction, or species/context scope.	Conservative source lead only; source_registry=TRRUST; database_ref_count=5; ref_head=11980203;19513096;19753101;22215485;22613723; no promotion asserted.
mouse	Elk3	Fos	OmniPath_DoRothEA|OmniPath_DoRothEA_snapshot_2026-08-25|mouse|omnipath_dorothea:mouse:001670:bc102010699e	database_only_unverified	22B	database_curated_unverified	database_assertion	unknown			none_identified	none_claimed	not verified; source database only	not verified	Database presence and linked PMIDs do not establish exact-pair direct binding or perturbation, effect direction, or species/context scope.	Conservative source lead only; source_registry=OmniPath_DoRothEA; database_ref_count=7; ref_head=7851904;7958835;15548518;15684718;17704799; no promotion asserted.
mouse	Gabpa	Brca1	OmniPath_DoRothEA|OmniPath_DoRothEA_snapshot_2026-08-25|mouse|omnipath_dorothea:mouse:000457:6674e35f32c6	database_only_unverified	22B	database_curated_unverified	database_assertion	unknown			none_identified	none_claimed	not verified; source database only	not verified	Database presence and linked PMIDs do not establish exact-pair direct binding or perturbation, effect direction, or species/context scope.	Conservative source lead only; source_registry=OmniPath_DoRothEA; database_ref_count=2; ref_head=10773883;32000125; no promotion asserted.
human	GCM2	PTH	OmniPath_DoRothEA|OmniPath_DoRothEA_snapshot_2026-08-25|human|omnipath_dorothea:human:002657:d6cc62ccdcd3	database_only_unverified	22B	database_curated_unverified	database_assertion	unknown			none_identified	none_claimed	not verified; source database only	not verified	Database presence and linked PMIDs do not establish exact-pair direct binding or perturbation, effect direction, or species/context scope.	Conservative source lead only; source_registry=OmniPath_DoRothEA; database_ref_count=11; ref_head=10910362;15657585;17382312;19257819;19952463; no promotion asserted.
mouse	Ikbkb	Nfkb1	TRRUST|TRRUST_v2_snapshot_2026-08-25|mouse|trrust:mouse:002081	database_only_unverified	22B	database_curated_unverified	database_assertion	unknown			none_identified	none_claimed	not verified; source database only	not verified	Database presence and linked PMIDs do not establish exact-pair direct binding or perturbation, effect direction, or species/context scope.	Conservative source lead only; source_registry=TRRUST; database_ref_count=2; ref_head=15184672;20546946; no promotion asserted.
mouse	Lhx3	Gnrhr	OmniPath_DoRothEA|OmniPath_DoRothEA_snapshot_2026-08-25|mouse|omnipath_dorothea:mouse:001937:96ff0c0d768e	database_only_unverified	22B	database_curated_unverified	database_assertion	unknown			none_identified	none_claimed	not verified; source database only	not verified	Database presence and linked PMIDs do not establish exact-pair direct binding or perturbation, effect direction, or species/context scope.	Conservative source lead only; source_registry=OmniPath_DoRothEA; database_ref_count=5; ref_head=15705775;16613990;16943581;18425848;23211524; no promotion asserted.
mouse	Mlxipl	Fasn	TRRUST|TRRUST_v2_snapshot_2026-08-25|mouse|trrust:mouse:002773	database_only_unverified	22B	database_curated_unverified	database_assertion	unknown			none_identified	none_claimed	not verified; source database only	not verified	Database presence and linked PMIDs do not establish exact-pair direct binding or perturbation, effect direction, or species/context scope.	Conservative source lead only; source_registry=TRRUST; database_ref_count=2; ref_head=15496471;16891625; no promotion asserted.
mouse	Onecut1	Slc2a2	TRRUST|TRRUST_v2_snapshot_2026-08-25|mouse|trrust:mouse:003964	database_only_unverified	22B	database_curated_unverified	database_assertion	unknown			none_identified	none_claimed	not verified; source database only	not verified	Database presence and linked PMIDs do not establish exact-pair direct binding or perturbation, effect direction, or species/context scope.	Conservative source lead only; source_registry=TRRUST; database_ref_count=1; ref_head=11915024; no promotion asserted.
mouse	Sp2	Ucp2	TRRUST|TRRUST_v2_snapshot_2026-08-25|mouse|trrust:mouse:005810	database_only_unverified	22B	database_curated_unverified	database_assertion	unknown			none_identified	none_claimed	not verified; source database only	not verified	Database presence and linked PMIDs do not establish exact-pair direct binding or perturbation, effect direction, or species/context scope.	Conservative source lead only; source_registry=TRRUST; database_ref_count=1; ref_head=11150307; no promotion asserted.
mouse	Ascl1	Tph2	TRRUST|TRRUST_v2_snapshot_2026-08-25|mouse|trrust:mouse:000110	database_only_unverified	22B	database_curated_unverified	database_assertion	unknown			none_identified	none_claimed	not verified; source database only	not verified	Database presence and linked PMIDs do not establish exact-pair direct binding or perturbation, effect direction, or species/context scope.	Conservative source lead only; source_registry=TRRUST; database_ref_count=1; ref_head=19542360; no promotion asserted.
mouse	Cdx1	Mafb	TRRUST|TRRUST_v2_snapshot_2026-08-25|mouse|trrust:mouse:000264	database_only_unverified	22B	database_curated_unverified	database_assertion	unknown			none_identified	none_claimed	not verified; source database only	not verified	Database presence and linked PMIDs do not establish exact-pair direct binding or perturbation, effect direction, or species/context scope.	Conservative source lead only; source_registry=TRRUST; database_ref_count=1; ref_head=21098558; no promotion asserted.
mouse	Egr3	Nab2	OmniPath_DoRothEA|OmniPath_DoRothEA_snapshot_2026-08-25|mouse|omnipath_dorothea:mouse:001499:b08bd413f262	database_only_unverified	22B	database_curated_unverified	database_assertion	unknown			none_identified	none_claimed	not verified; source database only	not verified	Database presence and linked PMIDs do not establish exact-pair direct binding or perturbation, effect direction, or species/context scope.	Conservative source lead only; source_registry=OmniPath_DoRothEA; database_ref_count=5; ref_head=15171706;18203138;19706684;20506119;36849419; no promotion asserted.
mouse	Ewsr1	Upp1	TRRUST|TRRUST_v2_snapshot_2026-08-25|mouse|trrust:mouse:001223	database_only_unverified	22B	database_curated_unverified	database_assertion	unknown			none_identified	none_claimed	not verified; source database only	not verified	Database presence and linked PMIDs do not establish exact-pair direct binding or perturbation, effect direction, or species/context scope.	Conservative source lead only; source_registry=TRRUST; database_ref_count=1; ref_head=16537893; no promotion asserted.
mouse	Id2	Zbtb16	TRRUST|TRRUST_v2_snapshot_2026-08-25|mouse|trrust:mouse:002062	database_only_unverified	22B	database_curated_unverified	database_assertion	unknown			none_identified	none_claimed	not verified; source database only	not verified	Database presence and linked PMIDs do not establish exact-pair direct binding or perturbation, effect direction, or species/context scope.	Conservative source lead only; source_registry=TRRUST; database_ref_count=1; ref_head=19723763; no promotion asserted.
human	ING4	CXCL8	TRRUST|TRRUST_v2_snapshot_2026-08-25|human|trrust:human:003245	database_only_unverified	22B	database_curated_unverified	database_assertion	unknown			none_identified	none_claimed	not verified; source database only	not verified	Database presence and linked PMIDs do not establish exact-pair direct binding or perturbation, effect direction, or species/context scope.	Conservative source lead only; source_registry=TRRUST; database_ref_count=2; ref_head=17848618;20707719; no promotion asserted.
mouse	Kat2b	Npr1	TRRUST|TRRUST_v2_snapshot_2026-08-25|mouse|trrust:mouse:002417	database_only_unverified	22B	database_curated_unverified	database_assertion	unknown			none_identified	none_claimed	not verified; source database only	not verified	Database presence and linked PMIDs do not establish exact-pair direct binding or perturbation, effect direction, or species/context scope.	Conservative source lead only; source_registry=TRRUST; database_ref_count=1; ref_head=24451378; no promotion asserted.
mouse	Men1	Yap1	TRRUST|TRRUST_v2_snapshot_2026-08-25|mouse|trrust:mouse:002719	database_only_unverified	22B	database_curated_unverified	database_assertion	unknown			none_identified	none_claimed	not verified; source database only	not verified	Database presence and linked PMIDs do not establish exact-pair direct binding or perturbation, effect direction, or species/context scope.	Conservative source lead only; source_registry=TRRUST; database_ref_count=1; ref_head=24101467; no promotion asserted.
human	MXD1	ODC1	OmniPath_DoRothEA|OmniPath_DoRothEA_snapshot_2026-08-25|human|omnipath_dorothea:human:001196:9a45c0c40f99	database_only_unverified	22B	database_curated_unverified	database_assertion	unknown			none_identified	none_claimed	not verified; source database only	not verified	Database presence and linked PMIDs do not establish exact-pair direct binding or perturbation, effect direction, or species/context scope.	Conservative source lead only; source_registry=OmniPath_DoRothEA; database_ref_count=7; ref_head=8637719;12565711;12810952;15328373;17938259; no promotion asserted.
mouse	Pou3f2	Pax3	TRRUST|TRRUST_v2_snapshot_2026-08-25|mouse|trrust:mouse:004311	database_only_unverified	22B	database_curated_unverified	database_assertion	unknown			none_identified	none_claimed	not verified; source database only	not verified	Database presence and linked PMIDs do not establish exact-pair direct binding or perturbation, effect direction, or species/context scope.	Conservative source lead only; source_registry=TRRUST; database_ref_count=1; ref_head=22290434; no promotion asserted.
human	PTTG1	VEGFA	TRRUST|TRRUST_v2_snapshot_2026-08-25|human|trrust:human:005833	database_only_unverified	22B	database_curated_unverified	database_assertion	unknown			none_identified	none_claimed	not verified; source database only	not verified	Database presence and linked PMIDs do not establish exact-pair direct binding or perturbation, effect direction, or species/context scope.	Conservative source lead only; source_registry=TRRUST; database_ref_count=2; ref_head=12213878;16926250; no promotion asserted.
human	RBL2	BRCA1	TRRUST|TRRUST_v2_snapshot_2026-08-25|human|trrust:human:005919	database_only_unverified	22B	database_curated_unverified	database_assertion	unknown			none_identified	none_claimed	not verified; source database only	not verified	Database presence and linked PMIDs do not establish exact-pair direct binding or perturbation, effect direction, or species/context scope.	Conservative source lead only; source_registry=TRRUST; database_ref_count=2; ref_head=17106239;21701264; no promotion asserted.
human	SPDEF	MMP9	TRRUST|TRRUST_v2_snapshot_2026-08-25|human|trrust:human:007638	database_only_unverified	22B	database_curated_unverified	database_assertion	unknown			none_identified	none_claimed	not verified; source database only	not verified	Database presence and linked PMIDs do not establish exact-pair direct binding or perturbation, effect direction, or species/context scope.	Conservative source lead only; source_registry=TRRUST; database_ref_count=2; ref_head=20550708;22761428; no promotion asserted.
human	ABL1	CDKN1A	TRRUST|TRRUST_v2_snapshot_2026-08-25|human|trrust:human:000010	database_only_unverified	22B	database_curated_unverified	database_assertion	unknown			none_identified	none_claimed	not verified; source database only	not verified	Database presence and linked PMIDs do not establish exact-pair direct binding or perturbation, effect direction, or species/context scope.	Conservative source lead only; source_registry=TRRUST; database_ref_count=2; ref_head=9916993;11753601; no promotion asserted.
human	ATF5	SH2D1A	TRRUST|TRRUST_v2_snapshot_2026-08-25|human|trrust:human:000362	database_only_unverified	22B	database_curated_unverified	database_assertion	unknown			none_identified	none_claimed	not verified; source database only	not verified	Database presence and linked PMIDs do not establish exact-pair direct binding or perturbation, effect direction, or species/context scope.	Conservative source lead only; source_registry=TRRUST; database_ref_count=1; ref_head=18832568; no promotion asserted.
mouse	Foxc1	Cxcl12	TRRUST|TRRUST_v2_snapshot_2026-08-25|mouse|trrust:mouse:001388	database_only_unverified	22B	database_curated_unverified	database_assertion	unknown			none_identified	none_claimed	not verified; source database only	not verified	Database presence and linked PMIDs do not establish exact-pair direct binding or perturbation, effect direction, or species/context scope.	Conservative source lead only; source_registry=TRRUST; database_ref_count=2; ref_head=22248045;24590069; no promotion asserted.
mouse	Hnf1b	Pkhd1	TRRUST|TRRUST_v2_snapshot_2026-08-25|mouse|trrust:mouse:001937	database_only_unverified	22B	database_curated_unverified	database_assertion	unknown			none_identified	none_claimed	not verified; source database only	not verified	Database presence and linked PMIDs do not establish exact-pair direct binding or perturbation, effect direction, or species/context scope.	Conservative source lead only; source_registry=TRRUST; database_ref_count=2; ref_head=15067314;15647252; no promotion asserted.
mouse	Hoxc8	Tnfrsf11b	OmniPath_DoRothEA|OmniPath_DoRothEA_snapshot_2026-08-25|mouse|omnipath_dorothea:mouse:004171:01f4d89177d3	database_only_unverified	22B	database_curated_unverified	database_assertion	unknown			none_identified	none_claimed	not verified; source database only	not verified	Database presence and linked PMIDs do not establish exact-pair direct binding or perturbation, effect direction, or species/context scope.	Conservative source lead only; source_registry=OmniPath_DoRothEA; database_ref_count=2; ref_head=11139569;14672939; no promotion asserted.
mouse	Klf10	Cdkn1a	OmniPath_DoRothEA|OmniPath_DoRothEA_snapshot_2026-08-25|mouse|omnipath_dorothea:mouse:004208:7553c0e45f12	database_only_unverified	22B	database_curated_unverified	database_assertion	unknown			none_identified	none_claimed	not verified; source database only	not verified	Database presence and linked PMIDs do not establish exact-pair direct binding or perturbation, effect direction, or species/context scope.	Conservative source lead only; source_registry=OmniPath_DoRothEA; database_ref_count=3; ref_head=12173049;22349513;25578559; no promotion asserted.
mouse	Lmo2	Runx1	TRRUST|TRRUST_v2_snapshot_2026-08-25|mouse|trrust:mouse:002567	database_only_unverified	22B	database_curated_unverified	database_assertion	unknown			none_identified	none_claimed	not verified; source database only	not verified	Database presence and linked PMIDs do not establish exact-pair direct binding or perturbation, effect direction, or species/context scope.	Conservative source lead only; source_registry=TRRUST; database_ref_count=1; ref_head=17823307; no promotion asserted.
mouse	Mafk	Nqo1	OmniPath_DoRothEA|OmniPath_DoRothEA_snapshot_2026-08-25|mouse|omnipath_dorothea:mouse:001072:762da2a604d8	database_only_unverified	22B	database_curated_unverified	database_assertion	unknown			none_identified	none_claimed	not verified; source database only	not verified	Database presence and linked PMIDs do not establish exact-pair direct binding or perturbation, effect direction, or species/context scope.	Conservative source lead only; source_registry=OmniPath_DoRothEA; database_ref_count=5; ref_head=11013233;12149651;12816537;16135796;22781654; no promotion asserted.
human	MBD1	SETDB1	OmniPath_DoRothEA|OmniPath_DoRothEA_snapshot_2026-08-25|human|omnipath_dorothea:human:001706:b8ed2037f679	database_only_unverified	22B	database_curated_unverified	database_assertion	unknown			none_identified	none_claimed	not verified; source database only	not verified	Database presence and linked PMIDs do not establish exact-pair direct binding or perturbation, effect direction, or species/context scope.	Conservative source lead only; source_registry=OmniPath_DoRothEA; database_ref_count=3; ref_head=15327775;15691849;17066076; no promotion asserted.
mouse	Myf6	Acacb	OmniPath_DoRothEA|OmniPath_DoRothEA_snapshot_2026-08-25|mouse|omnipath_dorothea:mouse:000641:5c87178c1aec	database_only_unverified	22B	database_curated_unverified	database_assertion	unknown			none_identified	none_claimed	not verified; source database only	not verified	Database presence and linked PMIDs do not establish exact-pair direct binding or perturbation, effect direction, or species/context scope.	Conservative source lead only; source_registry=OmniPath_DoRothEA; database_ref_count=2; ref_head=11076940;12642900; no promotion asserted.
mouse	Nkx3-1	Ar	TRRUST|TRRUST_v2_snapshot_2026-08-25|mouse|trrust:mouse:003637	database_only_unverified	22B	database_curated_unverified	database_assertion	unknown			none_identified	none_claimed	not verified; source database only	not verified	Database presence and linked PMIDs do not establish exact-pair direct binding or perturbation, effect direction, or species/context scope.	Conservative source lead only; source_registry=TRRUST; database_ref_count=1; ref_head=16697957; no promotion asserted.
human	NPAS2	PER2	OmniPath_DoRothEA|OmniPath_DoRothEA_snapshot_2026-08-25|human|omnipath_dorothea:human:000825:be1fe43eeddc	database_only_unverified	22B	database_curated_unverified	database_assertion	unknown			none_identified	none_claimed	not verified; source database only	not verified	Database presence and linked PMIDs do not establish exact-pair direct binding or perturbation, effect direction, or species/context scope.	Conservative source lead only; source_registry=OmniPath_DoRothEA; database_ref_count=7; ref_head=11441147;16636276;17660446;22039518;24099911; no promotion asserted.
mouse	Tcf12	Tcra	TRRUST|TRRUST_v2_snapshot_2026-08-25|mouse|trrust:mouse:006371	database_only_unverified	22B	database_curated_unverified	database_assertion	unknown			none_identified	none_claimed	not verified; source database only	not verified	Database presence and linked PMIDs do not establish exact-pair direct binding or perturbation, effect direction, or species/context scope.	Conservative source lead only; source_registry=TRRUST; database_ref_count=1; ref_head=12566462; no promotion asserted.
human	TFCP2	TYMS	TRRUST|TRRUST_v2_snapshot_2026-08-25|human|trrust:human:008428	database_only_unverified	22B	database_curated_unverified	database_assertion	unknown			none_identified	none_claimed	not verified; source database only	not verified	Database presence and linked PMIDs do not establish exact-pair direct binding or perturbation, effect direction, or species/context scope.	Conservative source lead only; source_registry=TRRUST; database_ref_count=2; ref_head=16973241;19622726; no promotion asserted.
mouse	Thrb	Cga	OmniPath_DoRothEA|OmniPath_DoRothEA_snapshot_2026-08-25|mouse|omnipath_dorothea:mouse:003166:91af5de629a2	database_only_unverified	22B	database_curated_unverified	database_assertion	unknown			none_identified	none_claimed	not verified; source database only	not verified	Database presence and linked PMIDs do not establish exact-pair direct binding or perturbation, effect direction, or species/context scope.	Conservative source lead only; source_registry=OmniPath_DoRothEA; database_ref_count=3; ref_head=2480596;9605924;9709914; no promotion asserted.
mouse	Dnmt3a	Vtn	TRRUST|TRRUST_v2_snapshot_2026-08-25|mouse|trrust:mouse:000682	database_only_unverified	22B	database_curated_unverified	database_assertion	unknown			none_identified	none_claimed	not verified; source database only	not verified	Database presence and linked PMIDs do not establish exact-pair direct binding or perturbation, effect direction, or species/context scope.	Conservative source lead only; source_registry=TRRUST; database_ref_count=1; ref_head=17579209; no promotion asserted.
mouse	Foxc2	Tbx1	TRRUST|TRRUST_v2_snapshot_2026-08-25|mouse|trrust:mouse:001404	database_only_unverified	22B	database_curated_unverified	database_assertion	unknown			none_identified	none_claimed	not verified; source database only	not verified	Database presence and linked PMIDs do not establish exact-pair direct binding or perturbation, effect direction, or species/context scope.	Conservative source lead only; source_registry=TRRUST; database_ref_count=1; ref_head=12533514; no promotion asserted.
mouse	Foxd3	Grb2	TRRUST|TRRUST_v2_snapshot_2026-08-25|mouse|trrust:mouse:001407	database_only_unverified	22B	database_curated_unverified	database_assertion	unknown			none_identified	none_claimed	not verified; source database only	not verified	Database presence and linked PMIDs do not establish exact-pair direct binding or perturbation, effect direction, or species/context scope.	Conservative source lead only; source_registry=TRRUST; database_ref_count=1; ref_head=24116161; no promotion asserted.
human	HBP1	MIF	OmniPath_DoRothEA|OmniPath_DoRothEA_snapshot_2026-08-25|human|omnipath_dorothea:human:002637:d34a281e23a2	database_only_unverified	22B	database_curated_unverified	database_assertion	unknown			none_identified	none_claimed	not verified; source database only	not verified	Database presence and linked PMIDs do not establish exact-pair direct binding or perturbation, effect direction, or species/context scope.	Conservative source lead only; source_registry=OmniPath_DoRothEA; database_ref_count=3; ref_head=20383199;28935967;34013373; no promotion asserted.
human	HMGA2	IGF2BP2	TRRUST|TRRUST_v2_snapshot_2026-08-25|human|trrust:human:002982	database_only_unverified	22B	database_curated_unverified	database_assertion	unknown			none_identified	none_claimed	not verified; source database only	not verified	Database presence and linked PMIDs do not establish exact-pair direct binding or perturbation, effect direction, or species/context scope.	Conservative source lead only; source_registry=TRRUST; database_ref_count=2; ref_head=17426251;22513850; no promotion asserted.
mouse	Hoxa9	Flt3	TRRUST|TRRUST_v2_snapshot_2026-08-25|mouse|trrust:mouse:002003	database_only_unverified	22B	database_curated_unverified	database_assertion	unknown			none_identified	none_claimed	not verified; source database only	not verified	Database presence and linked PMIDs do not establish exact-pair direct binding or perturbation, effect direction, or species/context scope.	Conservative source lead only; source_registry=TRRUST; database_ref_count=2; ref_head=16648484;23772038; no promotion asserted.
mouse	Insm1	Neurod1	OmniPath_DoRothEA|OmniPath_DoRothEA_snapshot_2026-08-25|mouse|omnipath_dorothea:mouse:001307:5703d170af7f	database_only_unverified	22B	database_curated_unverified	database_assertion	unknown			none_identified	none_claimed	not verified; source database only	not verified	Database presence and linked PMIDs do not establish exact-pair direct binding or perturbation, effect direction, or species/context scope.	Conservative source lead only; source_registry=OmniPath_DoRothEA; database_ref_count=4; ref_head=11842116;16569215;20215568;24407176; no promotion asserted.
mouse	Isl1	Tbx5	TRRUST|TRRUST_v2_snapshot_2026-08-25|mouse|trrust:mouse:002234	database_only_unverified	22B	database_curated_unverified	database_assertion	unknown			none_identified	none_claimed	not verified; source database only	not verified	Database presence and linked PMIDs do not establish exact-pair direct binding or perturbation, effect direction, or species/context scope.	Conservative source lead only; source_registry=TRRUST; database_ref_count=1; ref_head=24147056; no promotion asserted.
mouse	Ldb1	Tcf3	TRRUST|TRRUST_v2_snapshot_2026-08-25|mouse|trrust:mouse:002520	database_only_unverified	22B	database_curated_unverified	database_assertion	unknown			none_identified	none_claimed	not verified; source database only	not verified	Database presence and linked PMIDs do not establish exact-pair direct binding or perturbation, effect direction, or species/context scope.	Conservative source lead only; source_registry=TRRUST; database_ref_count=1; ref_head=10767331; no promotion asserted.
mouse	Mdm4	Trp53	TRRUST|TRRUST_v2_snapshot_2026-08-25|mouse|trrust:mouse:002631	database_only_unverified	22B	database_curated_unverified	database_assertion	unknown			none_identified	none_claimed	not verified; source database only	not verified	Database presence and linked PMIDs do not establish exact-pair direct binding or perturbation, effect direction, or species/context scope.	Conservative source lead only; source_registry=TRRUST; database_ref_count=5; ref_head=14712235;16492744;17533180;19371999;23474762; no promotion asserted.
mouse	Ncor1	Tshb	TRRUST|TRRUST_v2_snapshot_2026-08-25|mouse|trrust:mouse:003103	database_only_unverified	22B	database_curated_unverified	database_assertion	unknown			none_identified	none_claimed	not verified; source database only	not verified	Database presence and linked PMIDs do not establish exact-pair direct binding or perturbation, effect direction, or species/context scope.	Conservative source lead only; source_registry=TRRUST; database_ref_count=1; ref_head=16216492; no promotion asserted.
human	PHOX2B	TLX2	TRRUST|TRRUST_v2_snapshot_2026-08-25|human|trrust:human:005455	database_only_unverified	22B	database_curated_unverified	database_assertion	unknown			none_identified	none_claimed	not verified; source database only	not verified	Database presence and linked PMIDs do not establish exact-pair direct binding or perturbation, effect direction, or species/context scope.	Conservative source lead only; source_registry=TRRUST; database_ref_count=2; ref_head=16402914;20044949; no promotion asserted.
human	PLAG1	IGF2	TRRUST|TRRUST_v2_snapshot_2026-08-25|human|trrust:human:005509	database_only_unverified	22B	database_curated_unverified	database_assertion	unknown			none_identified	none_claimed	not verified; source database only	not verified	Database presence and linked PMIDs do not establish exact-pair direct binding or perturbation, effect direction, or species/context scope.	Conservative source lead only; source_registry=TRRUST; database_ref_count=5; ref_head=10646861;11284386;11888928;14695992;14712223; no promotion asserted.
mouse	Pou4f1	Bax	TRRUST|TRRUST_v2_snapshot_2026-08-25|mouse|trrust:mouse:004315	database_only_unverified	22B	database_curated_unverified	database_assertion	unknown			none_identified	none_claimed	not verified; source database only	not verified	Database presence and linked PMIDs do not establish exact-pair direct binding or perturbation, effect direction, or species/context scope.	Conservative source lead only; source_registry=TRRUST; database_ref_count=2; ref_head=17145718;18421303; no promotion asserted.
mouse	Skil	Smad7	OmniPath_DoRothEA|OmniPath_DoRothEA_snapshot_2026-08-25|mouse|omnipath_dorothea:mouse:001899:de14c05a0475	database_only_unverified	22B	database_curated_unverified	database_assertion	unknown			none_identified	none_claimed	not verified; source database only	not verified	Database presence and linked PMIDs do not establish exact-pair direct binding or perturbation, effect direction, or species/context scope.	Conservative source lead only; source_registry=OmniPath_DoRothEA; database_ref_count=3; ref_head=16442497;23154975;31836508; no promotion asserted.
human	SOX4	DHX9	TRRUST|TRRUST_v2_snapshot_2026-08-25|human|trrust:human:006893	database_only_unverified	22B	database_curated_unverified	database_assertion	unknown			none_identified	none_claimed	not verified; source database only	not verified	Database presence and linked PMIDs do not establish exact-pair direct binding or perturbation, effect direction, or species/context scope.	Conservative source lead only; source_registry=TRRUST; database_ref_count=2; ref_head=19147588;22098624; no promotion asserted.
mouse	Zbtb33	Rapsn	TRRUST|TRRUST_v2_snapshot_2026-08-25|mouse|trrust:mouse:006973	database_only_unverified	22B	database_curated_unverified	database_assertion	unknown			none_identified	none_claimed	not verified; source database only	not verified	Database presence and linked PMIDs do not establish exact-pair direct binding or perturbation, effect direction, or species/context scope.	Conservative source lead only; source_registry=TRRUST; database_ref_count=2; ref_head=15282317;15564377; no promotion asserted.
mouse	Zbtb7a	Nfatc1	TRRUST|TRRUST_v2_snapshot_2026-08-25|mouse|trrust:mouse:006983	database_only_unverified	22B	database_curated_unverified	database_assertion	unknown			none_identified	none_claimed	not verified; source database only	not verified	Database presence and linked PMIDs do not establish exact-pair direct binding or perturbation, effect direction, or species/context scope.	Conservative source lead only; source_registry=TRRUST; database_ref_count=1; ref_head=22308398; no promotion asserted.
mouse	Apex1	Nfkb1	TRRUST|TRRUST_v2_snapshot_2026-08-25|mouse|trrust:mouse:000052	database_only_unverified	22B	database_curated_unverified	database_assertion	unknown			none_identified	none_claimed	not verified; source database only	not verified	Database presence and linked PMIDs do not establish exact-pair direct binding or perturbation, effect direction, or species/context scope.	Conservative source lead only; source_registry=TRRUST; database_ref_count=2; ref_head=17045925;20498636; no promotion asserted.
mouse	Cebpz	Hspa1b	TRRUST|TRRUST_v2_snapshot_2026-08-25|mouse|trrust:mouse:000356	database_only_unverified	22B	database_curated_unverified	database_assertion	unknown			none_identified	none_claimed	not verified; source database only	not verified	Database presence and linked PMIDs do not establish exact-pair direct binding or perturbation, effect direction, or species/context scope.	Conservative source lead only; source_registry=TRRUST; database_ref_count=1; ref_head=17251428; no promotion asserted.
mouse	Cited2	Wnt4	TRRUST|TRRUST_v2_snapshot_2026-08-25|mouse|trrust:mouse:000384	database_only_unverified	22B	database_curated_unverified	database_assertion	unknown			none_identified	none_claimed	not verified; source database only	not verified	Database presence and linked PMIDs do not establish exact-pair direct binding or perturbation, effect direction, or species/context scope.	Conservative source lead only; source_registry=TRRUST; database_ref_count=1; ref_head=19757380; no promotion asserted.
mouse	En1	Wnt7a	TRRUST|TRRUST_v2_snapshot_2026-08-25|mouse|trrust:mouse:000934	database_only_unverified	22B	database_curated_unverified	database_assertion	unknown			none_identified	none_claimed	not verified; source database only	not verified	Database presence and linked PMIDs do not establish exact-pair direct binding or perturbation, effect direction, or species/context scope.	Conservative source lead only; source_registry=TRRUST; database_ref_count=2; ref_head=9199358;9362463; no promotion asserted.
mouse	Gfi1b	Socs3	TRRUST|TRRUST_v2_snapshot_2026-08-25|mouse|trrust:mouse:001686	database_only_unverified	22B	database_curated_unverified	database_assertion	unknown			none_identified	none_claimed	not verified; source database only	not verified	Database presence and linked PMIDs do not establish exact-pair direct binding or perturbation, effect direction, or species/context scope.	Conservative source lead only; source_registry=TRRUST; database_ref_count=1; ref_head=11696536; no promotion asserted.
mouse	Ilf3	Il2	TRRUST|TRRUST_v2_snapshot_2026-08-25|mouse|trrust:mouse:002116	database_only_unverified	22B	database_curated_unverified	database_assertion	unknown			none_identified	none_claimed	not verified; source database only	not verified	Database presence and linked PMIDs do not establish exact-pair direct binding or perturbation, effect direction, or species/context scope.	Conservative source lead only; source_registry=TRRUST; database_ref_count=1; ref_head=17389650; no promotion asserted.
mouse	Kcnip3	Tnfaip3	TRRUST|TRRUST_v2_snapshot_2026-08-25|mouse|trrust:mouse:002431	database_only_unverified	22B	database_curated_unverified	database_assertion	unknown			none_identified	none_claimed	not verified; source database only	not verified	Database presence and linked PMIDs do not establish exact-pair direct binding or perturbation, effect direction, or species/context scope.	Conservative source lead only; source_registry=TRRUST; database_ref_count=1; ref_head=24487321; no promotion asserted.
mouse	Klf15	Clcnkb	TRRUST|TRRUST_v2_snapshot_2026-08-25|mouse|trrust:mouse:002448	database_only_unverified	22B	database_curated_unverified	database_assertion	unknown			none_identified	none_claimed	not verified; source database only	not verified	Database presence and linked PMIDs do not establish exact-pair direct binding or perturbation, effect direction, or species/context scope.	Conservative source lead only; source_registry=TRRUST; database_ref_count=2; ref_head=10982849;11473619; no promotion asserted.
human	MEIS1	PF4	TRRUST|TRRUST_v2_snapshot_2026-08-25|human|trrust:human:003962	database_only_unverified	22B	database_curated_unverified	database_assertion	unknown			none_identified	none_claimed	not verified; source database only	not verified	Database presence and linked PMIDs do not establish exact-pair direct binding or perturbation, effect direction, or species/context scope.	Conservative source lead only; source_registry=TRRUST; database_ref_count=2; ref_head=12609849;12732210; no promotion asserted.
mouse	Msc	Gjd3	TRRUST|TRRUST_v2_snapshot_2026-08-25|mouse|trrust:mouse:002790	database_only_unverified	22B	database_curated_unverified	database_assertion	unknown			none_identified	none_claimed	not verified; source database only	not verified	Database presence and linked PMIDs do not establish exact-pair direct binding or perturbation, effect direction, or species/context scope.	Conservative source lead only; source_registry=TRRUST; database_ref_count=1; ref_head=25487574; no promotion asserted.
mouse	Nr2f6	Lhcgr	OmniPath_DoRothEA|OmniPath_DoRothEA_snapshot_2026-08-25|mouse|omnipath_dorothea:mouse:004384:efd0e97a7075	database_only_unverified	22B	database_curated_unverified	database_assertion	unknown			none_identified	none_claimed	not verified; source database only	not verified	Database presence and linked PMIDs do not establish exact-pair direct binding or perturbation, effect direction, or species/context scope.	Conservative source lead only; source_registry=OmniPath_DoRothEA; database_ref_count=3; ref_head=10644740;11682620;12972613; no promotion asserted.
mouse	Pbx2	Pax6	TRRUST|TRRUST_v2_snapshot_2026-08-25|mouse|trrust:mouse:004119	database_only_unverified	22B	database_curated_unverified	database_assertion	unknown			none_identified	none_claimed	not verified; source database only	not verified	Database presence and linked PMIDs do not establish exact-pair direct binding or perturbation, effect direction, or species/context scope.	Conservative source lead only; source_registry=TRRUST; database_ref_count=1; ref_head=17049510; no promotion asserted.
mouse	Pou3f1	Egr2	TRRUST|TRRUST_v2_snapshot_2026-08-25|mouse|trrust:mouse:004302	database_only_unverified	22B	database_curated_unverified	database_assertion	unknown			none_identified	none_claimed	not verified; source database only	not verified	Database presence and linked PMIDs do not establish exact-pair direct binding or perturbation, effect direction, or species/context scope.	Conservative source lead only; source_registry=TRRUST; database_ref_count=2; ref_head=11782409;12198163; no promotion asserted.
mouse	Rarb	Rarg	OmniPath_DoRothEA|OmniPath_DoRothEA_snapshot_2026-08-25|mouse|omnipath_dorothea:mouse:000066:8313deb1ef7b	database_only_unverified	22B	database_curated_unverified	database_assertion	unknown			none_identified	none_claimed	not verified; source database only	not verified	Database presence and linked PMIDs do not establish exact-pair direct binding or perturbation, effect direction, or species/context scope.	Conservative source lead only; source_registry=OmniPath_DoRothEA; database_ref_count=3; ref_head=1649387;1650576;11173543; no promotion asserted.
human	SALL4	ABCA3	TRRUST|TRRUST_v2_snapshot_2026-08-25|human|trrust:human:006592	database_only_unverified	22B	database_curated_unverified	database_assertion	unknown			none_identified	none_claimed	not verified; source database only	not verified	Database presence and linked PMIDs do not establish exact-pair direct binding or perturbation, effect direction, or species/context scope.	Conservative source lead only; source_registry=TRRUST; database_ref_count=2; ref_head=21526180;23432194; no promotion asserted.
mouse	Sin3a	Star	TRRUST|TRRUST_v2_snapshot_2026-08-25|mouse|trrust:mouse:005061	database_only_unverified	22B	database_curated_unverified	database_assertion	unknown			none_identified	none_claimed	not verified; source database only	not verified	Database presence and linked PMIDs do not establish exact-pair direct binding or perturbation, effect direction, or species/context scope.	Conservative source lead only; source_registry=TRRUST; database_ref_count=1; ref_head=16109738; no promotion asserted.
mouse	Tbx3	Runx2	TRRUST|TRRUST_v2_snapshot_2026-08-25|mouse|trrust:mouse:006351	database_only_unverified	22B	database_curated_unverified	database_assertion	unknown			none_identified	none_claimed	not verified; source database only	not verified	Database presence and linked PMIDs do not establish exact-pair direct binding or perturbation, effect direction, or species/context scope.	Conservative source lead only; source_registry=TRRUST; database_ref_count=2; ref_head=19115250;21455926; no promotion asserted.
mouse	Bmal2	G5E899	OmniPath_DoRothEA|OmniPath_DoRothEA_snapshot_2026-08-25|mouse|omnipath_dorothea:mouse:000611:84edf11acd4d	database_only_unverified	22B	database_curated_unverified	database_assertion	unknown			none_identified	none_claimed	not verified; source database only	not verified	Database presence and linked PMIDs do not establish exact-pair direct binding or perturbation, effect direction, or species/context scope.	Conservative source lead only; source_registry=OmniPath_DoRothEA; database_ref_count=7; ref_head=11018023;11795300;12055078;12738229;19168071; no promotion asserted.
human	BRCA2	RAD51	TRRUST|TRRUST_v2_snapshot_2026-08-25|human|trrust:human:000518	database_only_unverified	22B	database_curated_unverified	database_assertion	unknown			none_identified	none_claimed	not verified; source database only	not verified	Database presence and linked PMIDs do not establish exact-pair direct binding or perturbation, effect direction, or species/context scope.	Conservative source lead only; source_registry=TRRUST; database_ref_count=4; ref_head=12967658;17515904;19628690;20729859; no promotion asserted.
mouse	Dlx3	Runx2	TRRUST|TRRUST_v2_snapshot_2026-08-25|mouse|trrust:mouse:000641	database_only_unverified	22B	database_curated_unverified	database_assertion	unknown			none_identified	none_claimed	not verified; source database only	not verified	Database presence and linked PMIDs do not establish exact-pair direct binding or perturbation, effect direction, or species/context scope.	Conservative source lead only; source_registry=TRRUST; database_ref_count=1; ref_head=17060321; no promotion asserted.
mouse	E2f7	E2f1	OmniPath_DoRothEA|OmniPath_DoRothEA_snapshot_2026-08-25|mouse|omnipath_dorothea:mouse:004004:d1e269caae92	database_only_unverified	22B	database_curated_unverified	database_assertion	unknown			none_identified	none_claimed	not verified; source database only	not verified	Database presence and linked PMIDs do not establish exact-pair direct binding or perturbation, effect direction, or species/context scope.	Conservative source lead only; source_registry=OmniPath_DoRothEA; database_ref_count=5; ref_head=18194644;18194653;18202719;22802528;23853115; no promotion asserted.
mouse	Foxh1	Smad2	TRRUST|TRRUST_v2_snapshot_2026-08-25|mouse|trrust:mouse:001421	database_only_unverified	22B	database_curated_unverified	database_assertion	unknown			none_identified	none_claimed	not verified; source database only	not verified	Database presence and linked PMIDs do not establish exact-pair direct binding or perturbation, effect direction, or species/context scope.	Conservative source lead only; source_registry=TRRUST; database_ref_count=1; ref_head=9288972; no promotion asserted.
mouse	Hoxa5	Pgr	OmniPath_DoRothEA|OmniPath_DoRothEA_snapshot_2026-08-25|mouse|omnipath_dorothea:mouse:000527:2280ee0bb6a7	database_only_unverified	22B	database_curated_unverified	database_assertion	unknown			none_identified	none_claimed	not verified; source database only	not verified	Database presence and linked PMIDs do not establish exact-pair direct binding or perturbation, effect direction, or species/context scope.	Conservative source lead only; source_registry=OmniPath_DoRothEA; database_ref_count=2; ref_head=10875927;17167183; no promotion asserted.
mouse	Klf8	Mmp14	TRRUST|TRRUST_v2_snapshot_2026-08-25|mouse|trrust:mouse:002503	database_only_unverified	22B	database_curated_unverified	database_assertion	unknown			none_identified	none_claimed	not verified; source database only	not verified	Database presence and linked PMIDs do not establish exact-pair direct binding or perturbation, effect direction, or species/context scope.	Conservative source lead only; source_registry=TRRUST; database_ref_count=1; ref_head=23812425; no promotion asserted.
mouse	Lhx2	Cga	TRRUST|TRRUST_v2_snapshot_2026-08-25|mouse|trrust:mouse:002554	database_only_unverified	22B	database_curated_unverified	database_assertion	unknown			none_identified	none_claimed	not verified; source database only	not verified	Database presence and linked PMIDs do not establish exact-pair direct binding or perturbation, effect direction, or species/context scope.	Conservative source lead only; source_registry=TRRUST; database_ref_count=2; ref_head=7513049;17446187; no promotion asserted.
mouse	Meis2	Cdkn2b	TRRUST|TRRUST_v2_snapshot_2026-08-25|mouse|trrust:mouse:002709	database_only_unverified	22B	database_curated_unverified	database_assertion	unknown			none_identified	none_claimed	not verified; source database only	not verified	Database presence and linked PMIDs do not establish exact-pair direct binding or perturbation, effect direction, or species/context scope.	Conservative source lead only; source_registry=TRRUST; database_ref_count=1; ref_head=21746878; no promotion asserted.
mouse	Ncoa2	Nfkbia	TRRUST|TRRUST_v2_snapshot_2026-08-25|mouse|trrust:mouse:003085	database_only_unverified	22B	database_curated_unverified	database_assertion	unknown			none_identified	none_claimed	not verified; source database only	not verified	Database presence and linked PMIDs do not establish exact-pair direct binding or perturbation, effect direction, or species/context scope.	Conservative source lead only; source_registry=TRRUST; database_ref_count=1; ref_head=15811852; no promotion asserted.
mouse	Ncor2	Sirt1	TRRUST|TRRUST_v2_snapshot_2026-08-25|mouse|trrust:mouse:003108	database_only_unverified	22B	database_curated_unverified	database_assertion	unknown			none_identified	none_claimed	not verified; source database only	not verified	Database presence and linked PMIDs do not establish exact-pair direct binding or perturbation, effect direction, or species/context scope.	Conservative source lead only; source_registry=TRRUST; database_ref_count=1; ref_head=18829436; no promotion asserted.
human	RBL1	MYC	TRRUST|TRRUST_v2_snapshot_2026-08-25|human|trrust:human:005917	database_only_unverified	22B	database_curated_unverified	database_assertion	unknown			none_identified	none_claimed	not verified; source database only	not verified	Database presence and linked PMIDs do not establish exact-pair direct binding or perturbation, effect direction, or species/context scope.	Conservative source lead only; source_registry=TRRUST; database_ref_count=2; ref_head=9797456;17132729; no promotion asserted.
human	SKI	SMAD7	OmniPath_DoRothEA|OmniPath_DoRothEA_snapshot_2026-08-25|human|omnipath_dorothea:human:003840:4e47b58a31c8	database_only_unverified	22B	database_curated_unverified	database_assertion	unknown			none_identified	none_claimed	not verified; source database only	not verified	Database presence and linked PMIDs do not establish exact-pair direct binding or perturbation, effect direction, or species/context scope.	Conservative source lead only; source_registry=OmniPath_DoRothEA; database_ref_count=5; ref_head=15128733;16442497;19032343;19875456;28652077; no promotion asserted.
mouse	Sox5	Spag6	TRRUST|TRRUST_v2_snapshot_2026-08-25|mouse|trrust:mouse:005456	database_only_unverified	22B	database_curated_unverified	database_assertion	unknown			none_identified	none_claimed	not verified; source database only	not verified	Database presence and linked PMIDs do not establish exact-pair direct binding or perturbation, effect direction, or species/context scope.	Conservative source lead only; source_registry=TRRUST; database_ref_count=1; ref_head=20668334; no promotion asserted.
mouse	Sox6	Tp53	OmniPath_DoRothEA|OmniPath_DoRothEA_snapshot_2026-08-25|mouse|omnipath_dorothea:mouse:004555:6950700e8289	database_only_unverified	22B	database_curated_unverified	database_assertion	unknown			none_identified	none_claimed	not verified; source database only	not verified	Database presence and linked PMIDs do not establish exact-pair direct binding or perturbation, effect direction, or species/context scope.	Conservative source lead only; source_registry=OmniPath_DoRothEA; database_ref_count=3; ref_head=21084391;31729835;32118367; no promotion asserted.
mouse	Tfap2b	Ptgds	OmniPath_DoRothEA|OmniPath_DoRothEA_snapshot_2026-08-25|mouse|omnipath_dorothea:mouse:001705:4ec79adfcac0	database_only_unverified	22B	database_curated_unverified	database_assertion	unknown			none_identified	none_claimed	not verified; source database only	not verified	Database presence and linked PMIDs do not establish exact-pair direct binding or perturbation, effect direction, or species/context scope.	Conservative source lead only; source_registry=OmniPath_DoRothEA; database_ref_count=2; ref_head=15743775;17574780; no promotion asserted.
mouse	Atoh1	Hes6	OmniPath_DoRothEA|OmniPath_DoRothEA_snapshot_2026-08-25|mouse|omnipath_dorothea:mouse:002170:b74a618d91c6	database_only_unverified	22B	database_curated_unverified	database_assertion	unknown			none_identified	none_claimed	not verified; source database only	not verified	Database presence and linked PMIDs do not establish exact-pair direct binding or perturbation, effect direction, or species/context scope.	Conservative source lead only; source_registry=OmniPath_DoRothEA; database_ref_count=2; ref_head=16534784;17826772; no promotion asserted.
human	BTG2	CCND1	TRRUST|TRRUST_v2_snapshot_2026-08-25|human|trrust:human:000539	database_only_unverified	22B	database_curated_unverified	database_assertion	unknown			none_identified	none_claimed	not verified; source database only	not verified	Database presence and linked PMIDs do not establish exact-pair direct binding or perturbation, effect direction, or species/context scope.	Conservative source lead only; source_registry=TRRUST; database_ref_count=2; ref_head=15870875;16849553; no promotion asserted.
mouse	Ehmt2	Wnt10a	TRRUST|TRRUST_v2_snapshot_2026-08-25|mouse|trrust:mouse:000886	database_only_unverified	22B	database_curated_unverified	database_assertion	unknown			none_identified	none_claimed	not verified; source database only	not verified	Database presence and linked PMIDs do not establish exact-pair direct binding or perturbation, effect direction, or species/context scope.	Conservative source lead only; source_registry=TRRUST; database_ref_count=1; ref_head=23178591; no promotion asserted.
mouse	Elf4	Trp53	TRRUST|TRRUST_v2_snapshot_2026-08-25|mouse|trrust:mouse:000910	database_only_unverified	22B	database_curated_unverified	database_assertion	unknown			none_identified	none_claimed	not verified; source database only	not verified	Database presence and linked PMIDs do not establish exact-pair direct binding or perturbation, effect direction, or species/context scope.	Conservative source lead only; source_registry=TRRUST; database_ref_count=1; ref_head=20805247; no promotion asserted.
mouse	Eomes	Sox2	TRRUST|TRRUST_v2_snapshot_2026-08-25|mouse|trrust:mouse:000941	database_only_unverified	22B	database_curated_unverified	database_assertion	unknown			none_identified	none_claimed	not verified; source database only	not verified	Database presence and linked PMIDs do not establish exact-pair direct binding or perturbation, effect direction, or species/context scope.	Conservative source lead only; source_registry=TRRUST; database_ref_count=1; ref_head=22553033; no promotion asserted.
mouse	Etv1	Th	TRRUST|TRRUST_v2_snapshot_2026-08-25|mouse|trrust:mouse:001190	database_only_unverified	22B	database_curated_unverified	database_assertion	unknown			none_identified	none_claimed	not verified; source database only	not verified	Database presence and linked PMIDs do not establish exact-pair direct binding or perturbation, effect direction, or species/context scope.	Conservative source lead only; source_registry=TRRUST; database_ref_count=1; ref_head=20357122; no promotion asserted.
mouse	Foxg1	Cdkn1a	TRRUST|TRRUST_v2_snapshot_2026-08-25|mouse|trrust:mouse:001408	database_only_unverified	22B	database_curated_unverified	database_assertion	unknown			none_identified	none_claimed	not verified; source database only	not verified	Database presence and linked PMIDs do not establish exact-pair direct binding or perturbation, effect direction, or species/context scope.	Conservative source lead only; source_registry=TRRUST; database_ref_count=2; ref_head=18005957;19270157; no promotion asserted.
mouse	Hand2	Runx2	TRRUST|TRRUST_v2_snapshot_2026-08-25|mouse|trrust:mouse:001765	database_only_unverified	22B	database_curated_unverified	database_assertion	unknown			none_identified	none_claimed	not verified; source database only	not verified	Database presence and linked PMIDs do not establish exact-pair direct binding or perturbation, effect direction, or species/context scope.	Conservative source lead only; source_registry=TRRUST; database_ref_count=1; ref_head=19144722; no promotion asserted.
human	HDGF	VEGFA	TRRUST|TRRUST_v2_snapshot_2026-08-25|human|trrust:human:002801	database_only_unverified	22B	database_curated_unverified	database_assertion	unknown			none_identified	none_claimed	not verified; source database only	not verified	Database presence and linked PMIDs do not establish exact-pair direct binding or perturbation, effect direction, or species/context scope.	Conservative source lead only; source_registry=TRRUST; database_ref_count=2; ref_head=14662017;21302807; no promotion asserted.
human	ING1	TP53	TRRUST|TRRUST_v2_snapshot_2026-08-25|human|trrust:human:003232	database_only_unverified	22B	database_curated_unverified	database_assertion	unknown			none_identified	none_claimed	not verified; source database only	not verified	Database presence and linked PMIDs do not establish exact-pair direct binding or perturbation, effect direction, or species/context scope.	Conservative source lead only; source_registry=TRRUST; database_ref_count=2; ref_head=15662138;16325212; no promotion asserted.
mouse	Kat5	Trp53	TRRUST|TRRUST_v2_snapshot_2026-08-25|mouse|trrust:mouse:002423	database_only_unverified	22B	database_curated_unverified	database_assertion	unknown			none_identified	none_claimed	not verified; source database only	not verified	Database presence and linked PMIDs do not establish exact-pair direct binding or perturbation, effect direction, or species/context scope.	Conservative source lead only; source_registry=TRRUST; database_ref_count=1; ref_head=24621507; no promotion asserted.
mouse	Lhx4	Fshb	OmniPath_DoRothEA|OmniPath_DoRothEA_snapshot_2026-08-25|mouse|omnipath_dorothea:mouse:005749:1a8153c87150	database_only_unverified	22B	database_curated_unverified	database_assertion	unknown			none_identified	none_claimed	not verified; source database only	not verified	Database presence and linked PMIDs do not establish exact-pair direct binding or perturbation, effect direction, or species/context scope.	Conservative source lead only; source_registry=OmniPath_DoRothEA; database_ref_count=2; ref_head=15271874;19856252; no promotion asserted.
human	LMO4	BRCA1	TRRUST|TRRUST_v2_snapshot_2026-08-25|human|trrust:human:003839	database_only_unverified	22B	database_curated_unverified	database_assertion	unknown			none_identified	none_claimed	not verified; source database only	not verified	Database presence and linked PMIDs do not establish exact-pair direct binding or perturbation, effect direction, or species/context scope.	Conservative source lead only; source_registry=TRRUST; database_ref_count=2; ref_head=11751867;12925972; no promotion asserted.
human	LMX1B	NPHS2	TRRUST|TRRUST_v2_snapshot_2026-08-25|human|trrust:human:003847	database_only_unverified	22B	database_curated_unverified	database_assertion	unknown			none_identified	none_claimed	not verified; source database only	not verified	Database presence and linked PMIDs do not establish exact-pair direct binding or perturbation, effect direction, or species/context scope.	Conservative source lead only; source_registry=TRRUST; database_ref_count=2; ref_head=11956244;11956245; no promotion asserted.
mouse	Lyl1	Erg	TRRUST|TRRUST_v2_snapshot_2026-08-25|mouse|trrust:mouse:002580	database_only_unverified	22B	database_curated_unverified	database_assertion	unknown			none_identified	none_claimed	not verified; source database only	not verified	Database presence and linked PMIDs do not establish exact-pair direct binding or perturbation, effect direction, or species/context scope.	Conservative source lead only; source_registry=TRRUST; database_ref_count=1; ref_head=21536859; no promotion asserted.
mouse	Mafg	Nqo1	OmniPath_DoRothEA|OmniPath_DoRothEA_snapshot_2026-08-25|mouse|omnipath_dorothea:mouse:001071:7992fd052972	database_only_unverified	22B	database_curated_unverified	database_assertion	unknown			none_identified	none_claimed	not verified; source database only	not verified	Database presence and linked PMIDs do not establish exact-pair direct binding or perturbation, effect direction, or species/context scope.	Conservative source lead only; source_registry=OmniPath_DoRothEA; database_ref_count=4; ref_head=11013233;12149651;15574414;16135796; no promotion asserted.
mouse	Med1	Pparg	TRRUST|TRRUST_v2_snapshot_2026-08-25|mouse|trrust:mouse:002652	database_only_unverified	22B	database_curated_unverified	database_assertion	unknown			none_identified	none_claimed	not verified; source database only	not verified	Database presence and linked PMIDs do not establish exact-pair direct binding or perturbation, effect direction, or species/context scope.	Conservative source lead only; source_registry=TRRUST; database_ref_count=1; ref_head=11027271; no promotion asserted.
mouse	Myocd	Tagln	TRRUST|TRRUST_v2_snapshot_2026-08-25|mouse|trrust:mouse:002966	database_only_unverified	22B	database_curated_unverified	database_assertion	unknown			none_identified	none_claimed	not verified; source database only	not verified	Database presence and linked PMIDs do not establish exact-pair direct binding or perturbation, effect direction, or species/context scope.	Conservative source lead only; source_registry=TRRUST; database_ref_count=2; ref_head=16224064;22398275; no promotion asserted.
mouse	Nkx2-2	Pet1	TRRUST|TRRUST_v2_snapshot_2026-08-25|mouse|trrust:mouse:003605	database_only_unverified	22B	database_curated_unverified	database_assertion	unknown			none_identified	none_claimed	not verified; source database only	not verified	Database presence and linked PMIDs do not establish exact-pair direct binding or perturbation, effect direction, or species/context scope.	Conservative source lead only; source_registry=TRRUST; database_ref_count=1; ref_head=22013016; no promotion asserted.
mouse	Nr2e1	Pten	OmniPath_DoRothEA|OmniPath_DoRothEA_snapshot_2026-08-25|mouse|omnipath_dorothea:mouse:001952:22916fd3eae0	database_only_unverified	22B	database_curated_unverified	database_assertion	unknown			none_identified	none_claimed	not verified; source database only	not verified	Database presence and linked PMIDs do not establish exact-pair direct binding or perturbation, effect direction, or species/context scope.	Conservative source lead only; source_registry=OmniPath_DoRothEA; database_ref_count=5; ref_head=16702404;17873065;18391013;25328137;36321378; no promotion asserted.
human	PIAS1	STAT1	TRRUST|TRRUST_v2_snapshot_2026-08-25|human|trrust:human:005462	database_only_unverified	22B	database_curated_unverified	database_assertion	unknown			none_identified	none_claimed	not verified; source database only	not verified	Database presence and linked PMIDs do not establish exact-pair direct binding or perturbation, effect direction, or species/context scope.	Conservative source lead only; source_registry=TRRUST; database_ref_count=2; ref_head=17940994;19136629; no promotion asserted.
mouse	Pitx3	Slc6a3	TRRUST|TRRUST_v2_snapshot_2026-08-25|mouse|trrust:mouse:004219	database_only_unverified	22B	database_curated_unverified	database_assertion	unknown			none_identified	none_claimed	not verified; source database only	not verified	Database presence and linked PMIDs do not establish exact-pair direct binding or perturbation, effect direction, or species/context scope.	Conservative source lead only; source_registry=TRRUST; database_ref_count=1; ref_head=19780901; no promotion asserted.
human	PLAGL2	SFTPC	TRRUST|TRRUST_v2_snapshot_2026-08-25|human|trrust:human:005517	database_only_unverified	22B	database_curated_unverified	database_assertion	unknown			none_identified	none_claimed	not verified; source database only	not verified	Database presence and linked PMIDs do not establish exact-pair direct binding or perturbation, effect direction, or species/context scope.	Conservative source lead only; source_registry=TRRUST; database_ref_count=2; ref_head=17618602;18655774; no promotion asserted.
human	PURA	AR	TRRUST|TRRUST_v2_snapshot_2026-08-25|human|trrust:human:005834	database_only_unverified	22B	database_curated_unverified	database_assertion	unknown			none_identified	none_claimed	not verified; source database only	not verified	Database presence and linked PMIDs do not establish exact-pair direct binding or perturbation, effect direction, or species/context scope.	Conservative source lead only; source_registry=TRRUST; database_ref_count=2; ref_head=18413735;19790234; no promotion asserted.
mouse	Sfpq	Cyp11a1	TRRUST|TRRUST_v2_snapshot_2026-08-25|mouse|trrust:mouse:005046	database_only_unverified	22B	database_curated_unverified	database_assertion	unknown			none_identified	none_claimed	not verified; source database only	not verified	Database presence and linked PMIDs do not establish exact-pair direct binding or perturbation, effect direction, or species/context scope.	Conservative source lead only; source_registry=TRRUST; database_ref_count=1; ref_head=20371701; no promotion asserted.
human	TRPS1	RUNX2	OmniPath_DoRothEA|OmniPath_DoRothEA_snapshot_2026-08-25|human|omnipath_dorothea:human:001828:ac43ad00242f	database_only_unverified	22B	database_curated_unverified	database_assertion	unknown			none_identified	none_claimed	not verified; source database only	not verified	Database presence and linked PMIDs do not establish exact-pair direct binding or perturbation, effect direction, or species/context scope.	Conservative source lead only; source_registry=OmniPath_DoRothEA; database_ref_count=3; ref_head=16140555;18424451;36990068; no promotion asserted.
mouse	Aatf	Trp53	TRRUST|TRRUST_v2_snapshot_2026-08-25|mouse|trrust:mouse:000006	database_only_unverified	22B	database_curated_unverified	database_assertion	unknown			none_identified	none_claimed	not verified; source database only	not verified	Database presence and linked PMIDs do not establish exact-pair direct binding or perturbation, effect direction, or species/context scope.	Conservative source lead only; source_registry=TRRUST; database_ref_count=2; ref_head=17157788;20708154; no promotion asserted.
mouse	Bach2	Prdm1	TRRUST|TRRUST_v2_snapshot_2026-08-25|mouse|trrust:mouse:000171	database_only_unverified	22B	database_curated_unverified	database_assertion	unknown			none_identified	none_claimed	not verified; source database only	not verified	Database presence and linked PMIDs do not establish exact-pair direct binding or perturbation, effect direction, or species/context scope.	Conservative source lead only; source_registry=TRRUST; database_ref_count=2; ref_head=17046816;21296099; no promotion asserted.
mouse	Cebpg	Sftpd	OmniPath_DoRothEA|OmniPath_DoRothEA_snapshot_2026-08-25|mouse|omnipath_dorothea:mouse:000893:9179d629f313	database_only_unverified	22B	database_curated_unverified	database_assertion	unknown			none_identified	none_claimed	not verified; source database only	not verified	Database presence and linked PMIDs do not establish exact-pair direct binding or perturbation, effect direction, or species/context scope.	Conservative source lead only; source_registry=OmniPath_DoRothEA; database_ref_count=2; ref_head=11596110;11912209; no promotion asserted.
mouse	Dach1	Sox2	TRRUST|TRRUST_v2_snapshot_2026-08-25|mouse|trrust:mouse:000613	database_only_unverified	22B	database_curated_unverified	database_assertion	unknown			none_identified	none_claimed	not verified; source database only	not verified	Database presence and linked PMIDs do not establish exact-pair direct binding or perturbation, effect direction, or species/context scope.	Conservative source lead only; source_registry=TRRUST; database_ref_count=1; ref_head=20937839; no promotion asserted.
mouse	Daxx	Trp53	TRRUST|TRRUST_v2_snapshot_2026-08-25|mouse|trrust:mouse:000619	database_only_unverified	22B	database_curated_unverified	database_assertion	unknown			none_identified	none_claimed	not verified; source database only	not verified	Database presence and linked PMIDs do not establish exact-pair direct binding or perturbation, effect direction, or species/context scope.	Conservative source lead only; source_registry=TRRUST; database_ref_count=1; ref_head=15364927; no promotion asserted.
mouse	Dbp	Per1	TRRUST|TRRUST_v2_snapshot_2026-08-25|mouse|trrust:mouse:000622	database_only_unverified	22B	database_curated_unverified	database_assertion	unknown			none_identified	none_claimed	not verified; source database only	not verified	Database presence and linked PMIDs do not establish exact-pair direct binding or perturbation, effect direction, or species/context scope.	Conservative source lead only; source_registry=TRRUST; database_ref_count=1; ref_head=10848603; no promotion asserted.
mouse	E2f5	Myc	OmniPath_DoRothEA|OmniPath_DoRothEA_snapshot_2026-08-25|mouse|omnipath_dorothea:mouse:004003:9c70267b3e47	database_only_unverified	22B	database_curated_unverified	database_assertion	unknown			none_identified	none_claimed	not verified; source database only	not verified	Database presence and linked PMIDs do not establish exact-pair direct binding or perturbation, effect direction, or species/context scope.	Conservative source lead only; source_registry=OmniPath_DoRothEA; database_ref_count=2; ref_head=12150900;17132729; no promotion asserted.
mouse	E2f8	E2f1	OmniPath_DoRothEA|OmniPath_DoRothEA_snapshot_2026-08-25|mouse|omnipath_dorothea:mouse:004005:050a245417e6	database_only_unverified	22B	database_curated_unverified	database_assertion	unknown			none_identified	none_claimed	not verified; source database only	not verified	Database presence and linked PMIDs do not establish exact-pair direct binding or perturbation, effect direction, or species/context scope.	Conservative source lead only; source_registry=OmniPath_DoRothEA; database_ref_count=4; ref_head=18194644;18194653;18202719;31929759; no promotion asserted.
mouse	E4f1	Ccna2	OmniPath_DoRothEA|OmniPath_DoRothEA_snapshot_2026-08-25|mouse|omnipath_dorothea:mouse:000758:5ae03bbe6860	database_only_unverified	22B	database_curated_unverified	database_assertion	unknown			none_identified	none_claimed	not verified; source database only	not verified	Database presence and linked PMIDs do not establish exact-pair direct binding or perturbation, effect direction, or species/context scope.	Conservative source lead only; source_registry=OmniPath_DoRothEA; database_ref_count=4; ref_head=11283272;14645522;15805267;26240284; no promotion asserted.
mouse	Etv6	Mmp3	TRRUST|TRRUST_v2_snapshot_2026-08-25|mouse|trrust:mouse:001220	database_only_unverified	22B	database_curated_unverified	database_assertion	unknown			none_identified	none_claimed	not verified; source database only	not verified	Database presence and linked PMIDs do not establish exact-pair direct binding or perturbation, effect direction, or species/context scope.	Conservative source lead only; source_registry=TRRUST; database_ref_count=1; ref_head=10913166; no promotion asserted.
mouse	Fosb	Mmp2	TRRUST|TRRUST_v2_snapshot_2026-08-25|mouse|trrust:mouse:001319	database_only_unverified	22B	database_curated_unverified	database_assertion	unknown			none_identified	none_claimed	not verified; source database only	not verified	Database presence and linked PMIDs do not establish exact-pair direct binding or perturbation, effect direction, or species/context scope.	Conservative source lead only; source_registry=TRRUST; database_ref_count=1; ref_head=16258061; no promotion asserted.
mouse	Gbx2	Shh	TRRUST|TRRUST_v2_snapshot_2026-08-25|mouse|trrust:mouse:001663	database_only_unverified	22B	database_curated_unverified	database_assertion	unknown			none_identified	none_claimed	not verified; source database only	not verified	Database presence and linked PMIDs do not establish exact-pair direct binding or perturbation, effect direction, or species/context scope.	Conservative source lead only; source_registry=TRRUST; database_ref_count=1; ref_head=19244520; no promotion asserted.
mouse	Hey2	Nppa	TRRUST|TRRUST_v2_snapshot_2026-08-25|mouse|trrust:mouse:001851	database_only_unverified	22B	database_curated_unverified	database_assertion	unknown			none_identified	none_claimed	not verified; source database only	not verified	Database presence and linked PMIDs do not establish exact-pair direct binding or perturbation, effect direction, or species/context scope.	Conservative source lead only; source_registry=TRRUST; database_ref_count=2; ref_head=16199874;16603706; no promotion asserted.
mouse	Hhex	Hnf4a	OmniPath_DoRothEA|OmniPath_DoRothEA_snapshot_2026-08-25|mouse|omnipath_dorothea:mouse:004142:7e67e9b74e0d	database_only_unverified	22B	database_curated_unverified	database_assertion	unknown			none_identified	none_claimed	not verified; source database only	not verified	Database presence and linked PMIDs do not establish exact-pair direct binding or perturbation, effect direction, or species/context scope.	Conservative source lead only; source_registry=OmniPath_DoRothEA; database_ref_count=2; ref_head=17580084;22068426; no promotion asserted.
mouse	Hlf	Epo	TRRUST|TRRUST_v2_snapshot_2026-08-25|mouse|trrust:mouse:001884	database_only_unverified	22B	database_curated_unverified	database_assertion	unknown			none_identified	none_claimed	not verified; source database only	not verified	Database presence and linked PMIDs do not establish exact-pair direct binding or perturbation, effect direction, or species/context scope.	Conservative source lead only; source_registry=TRRUST; database_ref_count=1; ref_head=12606578; no promotion asserted.
human	HOXA1	BCL2	TRRUST|TRRUST_v2_snapshot_2026-08-25|human|trrust:human:003073	database_only_unverified	22B	database_curated_unverified	database_assertion	unknown			none_identified	none_claimed	not verified; source database only	not verified	Database presence and linked PMIDs do not establish exact-pair direct binding or perturbation, effect direction, or species/context scope.	Conservative source lead only; source_registry=TRRUST; database_ref_count=2; ref_head=12482855;15665309; no promotion asserted.
mouse	Hsf4	Hspb1	TRRUST|TRRUST_v2_snapshot_2026-08-25|mouse|trrust:mouse:002036	database_only_unverified	22B	database_curated_unverified	database_assertion	unknown			none_identified	none_claimed	not verified; source database only	not verified	Database presence and linked PMIDs do not establish exact-pair direct binding or perturbation, effect direction, or species/context scope.	Conservative source lead only; source_registry=TRRUST; database_ref_count=1; ref_head=20620219; no promotion asserted.
mouse	Jdp2	Trp53	TRRUST|TRRUST_v2_snapshot_2026-08-25|mouse|trrust:mouse:002242	database_only_unverified	22B	database_curated_unverified	database_assertion	unknown			none_identified	none_claimed	not verified; source database only	not verified	Database presence and linked PMIDs do not establish exact-pair direct binding or perturbation, effect direction, or species/context scope.	Conservative source lead only; source_registry=TRRUST; database_ref_count=1; ref_head=11287607; no promotion asserted.
mouse	Mafb	Pth	TRRUST|TRRUST_v2_snapshot_2026-08-25|mouse|trrust:mouse:002603	database_only_unverified	22B	database_curated_unverified	database_assertion	unknown			none_identified	none_claimed	not verified; source database only	not verified	Database presence and linked PMIDs do not establish exact-pair direct binding or perturbation, effect direction, or species/context scope.	Conservative source lead only; source_registry=TRRUST; database_ref_count=1; ref_head=21713993; no promotion asserted.
mouse	Mkl1	Tagln	TRRUST|TRRUST_v2_snapshot_2026-08-25|mouse|trrust:mouse:002762	database_only_unverified	22B	database_curated_unverified	database_assertion	unknown			none_identified	none_claimed	not verified; source database only	not verified	Database presence and linked PMIDs do not establish exact-pair direct binding or perturbation, effect direction, or species/context scope.	Conservative source lead only; source_registry=TRRUST; database_ref_count=1; ref_head=14970199; no promotion asserted.
mouse	Mxi1	Myc	TRRUST|TRRUST_v2_snapshot_2026-08-25|mouse|trrust:mouse:002846	database_only_unverified	22B	database_curated_unverified	database_assertion	unknown			none_identified	none_claimed	not verified; source database only	not verified	Database presence and linked PMIDs do not establish exact-pair direct binding or perturbation, effect direction, or species/context scope.	Conservative source lead only; source_registry=TRRUST; database_ref_count=2; ref_head=9872993;14716294; no promotion asserted.
mouse	Ncoa4	Ar	TRRUST|TRRUST_v2_snapshot_2026-08-25|mouse|trrust:mouse:003095	database_only_unverified	22B	database_curated_unverified	database_assertion	unknown			none_identified	none_claimed	not verified; source database only	not verified	Database presence and linked PMIDs do not establish exact-pair direct binding or perturbation, effect direction, or species/context scope.	Conservative source lead only; source_registry=TRRUST; database_ref_count=1; ref_head=23145053; no promotion asserted.
mouse	Nr2c2	Nfkb1	TRRUST|TRRUST_v2_snapshot_2026-08-25|mouse|trrust:mouse:003782	database_only_unverified	22B	database_curated_unverified	database_assertion	unknown			none_identified	none_claimed	not verified; source database only	not verified	Database presence and linked PMIDs do not establish exact-pair direct binding or perturbation, effect direction, or species/context scope.	Conservative source lead only; source_registry=TRRUST; database_ref_count=1; ref_head=20080763; no promotion asserted.
mouse	Nrip1	Ucp1	TRRUST|TRRUST_v2_snapshot_2026-08-25|mouse|trrust:mouse:003934	database_only_unverified	22B	database_curated_unverified	database_assertion	unknown			none_identified	none_claimed	not verified; source database only	not verified	Database presence and linked PMIDs do not establish exact-pair direct binding or perturbation, effect direction, or species/context scope.	Conservative source lead only; source_registry=TRRUST; database_ref_count=1; ref_head=16227589; no promotion asserted.
mouse	Pias2	Nr3c1	TRRUST|TRRUST_v2_snapshot_2026-08-25|mouse|trrust:mouse:004178	database_only_unverified	22B	database_curated_unverified	database_assertion	unknown			none_identified	none_claimed	not verified; source database only	not verified	Database presence and linked PMIDs do not establish exact-pair direct binding or perturbation, effect direction, or species/context scope.	Conservative source lead only; source_registry=TRRUST; database_ref_count=1; ref_head=11893729; no promotion asserted.
mouse	Pias3	Stat3	TRRUST|TRRUST_v2_snapshot_2026-08-25|mouse|trrust:mouse:004181	database_only_unverified	22B	database_curated_unverified	database_assertion	unknown			none_identified	none_claimed	not verified; source database only	not verified	Database presence and linked PMIDs do not establish exact-pair direct binding or perturbation, effect direction, or species/context scope.	Conservative source lead only; source_registry=TRRUST; database_ref_count=1; ref_head=24486434; no promotion asserted.
mouse	Pou2f3	Sprr2d	OmniPath_DoRothEA|OmniPath_DoRothEA_snapshot_2026-08-25|mouse|omnipath_dorothea:mouse:001211:31f520e1cd93	database_only_unverified	22B	database_curated_unverified	database_assertion	unknown			none_identified	none_claimed	not verified; source database only	not verified	Database presence and linked PMIDs do not establish exact-pair direct binding or perturbation, effect direction, or species/context scope.	Conservative source lead only; source_registry=OmniPath_DoRothEA; database_ref_count=2; ref_head=8816448;12624109; no promotion asserted.
mouse	Ptf1a	Prdm13	TRRUST|TRRUST_v2_snapshot_2026-08-25|mouse|trrust:mouse:004544	database_only_unverified	22B	database_curated_unverified	database_assertion	unknown			none_identified	none_claimed	not verified; source database only	not verified	Database presence and linked PMIDs do not establish exact-pair direct binding or perturbation, effect direction, or species/context scope.	Conservative source lead only; source_registry=TRRUST; database_ref_count=1; ref_head=23639443; no promotion asserted.
human	RFXANK	HLA-DOB	TRRUST|TRRUST_v2_snapshot_2026-08-25|human|trrust:human:006435	database_only_unverified	22B	database_curated_unverified	database_assertion	unknown			none_identified	none_claimed	not verified; source database only	not verified	Database presence and linked PMIDs do not establish exact-pair direct binding or perturbation, effect direction, or species/context scope.	Conservative source lead only; source_registry=TRRUST; database_ref_count=2; ref_head=11258423;12938212; no promotion asserted.
human	RFXAP	HLA-DRB1	TRRUST|TRRUST_v2_snapshot_2026-08-25|human|trrust:human:006458	database_only_unverified	22B	database_curated_unverified	database_assertion	unknown			none_identified	none_claimed	not verified; source database only	not verified	Database presence and linked PMIDs do not establish exact-pair direct binding or perturbation, effect direction, or species/context scope.	Conservative source lead only; source_registry=TRRUST; database_ref_count=2; ref_head=11258423;18723135; no promotion asserted.
mouse	Shox2	Nkx2-5	TRRUST|TRRUST_v2_snapshot_2026-08-25|mouse|trrust:mouse:005050	database_only_unverified	22B	database_curated_unverified	database_assertion	unknown			none_identified	none_claimed	not verified; source database only	not verified	Database presence and linked PMIDs do not establish exact-pair direct binding or perturbation, effect direction, or species/context scope.	Conservative source lead only; source_registry=TRRUST; database_ref_count=2; ref_head=19166829;21454626; no promotion asserted.
mouse	Six2	Zeb2	TRRUST|TRRUST_v2_snapshot_2026-08-25|mouse|trrust:mouse:005110	database_only_unverified	22B	database_curated_unverified	database_assertion	unknown			none_identified	none_claimed	not verified; source database only	not verified	Database presence and linked PMIDs do not establish exact-pair direct binding or perturbation, effect direction, or species/context scope.	Conservative source lead only; source_registry=TRRUST; database_ref_count=1; ref_head=25348955; no promotion asserted.
mouse	Sox8	Sox9	TRRUST|TRRUST_v2_snapshot_2026-08-25|mouse|trrust:mouse:005467	database_only_unverified	22B	database_curated_unverified	database_assertion	unknown			none_identified	none_claimed	not verified; source database only	not verified	Database presence and linked PMIDs do not establish exact-pair direct binding or perturbation, effect direction, or species/context scope.	Conservative source lead only; source_registry=TRRUST; database_ref_count=1; ref_head=15056615; no promotion asserted.
mouse	Spic	Nfkb1	TRRUST|TRRUST_v2_snapshot_2026-08-25|mouse|trrust:mouse:005998	database_only_unverified	22B	database_curated_unverified	database_assertion	unknown			none_identified	none_claimed	not verified; source database only	not verified	Database presence and linked PMIDs do not establish exact-pair direct binding or perturbation, effect direction, or species/context scope.	Conservative source lead only; source_registry=TRRUST; database_ref_count=1; ref_head=25769919; no promotion asserted.
mouse	Suz12	Mir200b	TRRUST|TRRUST_v2_snapshot_2026-08-25|mouse|trrust:mouse:006273	database_only_unverified	22B	database_curated_unverified	database_assertion	unknown			none_identified	none_claimed	not verified; source database only	not verified	Database presence and linked PMIDs do not establish exact-pair direct binding or perturbation, effect direction, or species/context scope.	Conservative source lead only; source_registry=TRRUST; database_ref_count=1; ref_head=20832727; no promotion asserted.
mouse	Tead2	Pax3	TRRUST|TRRUST_v2_snapshot_2026-08-25|mouse|trrust:mouse:006456	database_only_unverified	22B	database_curated_unverified	database_assertion	unknown			none_identified	none_claimed	not verified; source database only	not verified	Database presence and linked PMIDs do not establish exact-pair direct binding or perturbation, effect direction, or species/context scope.	Conservative source lead only; source_registry=TRRUST; database_ref_count=2; ref_head=14736747;17868131; no promotion asserted.
mouse	Tead4	Vegfb	TRRUST|TRRUST_v2_snapshot_2026-08-25|mouse|trrust:mouse:006461	database_only_unverified	22B	database_curated_unverified	database_assertion	unknown			none_identified	none_claimed	not verified; source database only	not verified	Database presence and linked PMIDs do not establish exact-pair direct binding or perturbation, effect direction, or species/context scope.	Conservative source lead only; source_registry=TRRUST; database_ref_count=1; ref_head=21169295; no promotion asserted.
mouse	Vezf1	Stmn1	TRRUST|TRRUST_v2_snapshot_2026-08-25|mouse|trrust:mouse:006869	database_only_unverified	22B	database_curated_unverified	database_assertion	unknown			none_identified	none_claimed	not verified; source database only	not verified	Database presence and linked PMIDs do not establish exact-pair direct binding or perturbation, effect direction, or species/context scope.	Conservative source lead only; source_registry=TRRUST; database_ref_count=1; ref_head=15031128; no promotion asserted.
mouse	Xpc	Cetn2	TRRUST|TRRUST_v2_snapshot_2026-08-25|mouse|trrust:mouse:006921	database_only_unverified	22B	database_curated_unverified	database_assertion	unknown			none_identified	none_claimed	not verified; source database only	not verified	Database presence and linked PMIDs do not establish exact-pair direct binding or perturbation, effect direction, or species/context scope.	Conservative source lead only; source_registry=TRRUST; database_ref_count=1; ref_head=24607542; no promotion asserted.
mouse	Zic2	Slc6a4	TRRUST|TRRUST_v2_snapshot_2026-08-25|mouse|trrust:mouse:007053	database_only_unverified	22B	database_curated_unverified	database_assertion	unknown			none_identified	none_claimed	not verified; source database only	not verified	Database presence and linked PMIDs do not establish exact-pair direct binding or perturbation, effect direction, or species/context scope.	Conservative source lead only; source_registry=TRRUST; database_ref_count=1; ref_head=20676059; no promotion asserted.
mouse	Barx2	Pax1	TRRUST|TRRUST_v2_snapshot_2026-08-25|mouse|trrust:mouse:000175	database_only_unverified	22B	database_curated_unverified	database_assertion	unknown			none_identified	none_claimed	not verified; source database only	not verified	Database presence and linked PMIDs do not establish exact-pair direct binding or perturbation, effect direction, or species/context scope.	Conservative source lead only; source_registry=TRRUST; database_ref_count=1; ref_head=19269978; no promotion asserted.
mouse	Chd8	Tcf4	TRRUST|TRRUST_v2_snapshot_2026-08-25|mouse|trrust:mouse:000370	database_only_unverified	22B	database_curated_unverified	database_assertion	unknown			none_identified	none_claimed	not verified; source database only	not verified	Database presence and linked PMIDs do not establish exact-pair direct binding or perturbation, effect direction, or species/context scope.	Conservative source lead only; source_registry=TRRUST; database_ref_count=1; ref_head=16452319; no promotion asserted.
mouse	Dmap1	Bmi1	TRRUST|TRRUST_v2_snapshot_2026-08-25|mouse|trrust:mouse:000652	database_only_unverified	22B	database_curated_unverified	database_assertion	unknown			none_identified	none_claimed	not verified; source database only	not verified	Database presence and linked PMIDs do not establish exact-pair direct binding or perturbation, effect direction, or species/context scope.	Conservative source lead only; source_registry=TRRUST; database_ref_count=1; ref_head=17214966; no promotion asserted.
mouse	Elf2	Vcp	OmniPath_DoRothEA|OmniPath_DoRothEA_snapshot_2026-08-25|mouse|omnipath_dorothea:mouse:002064:c55ecee52257	database_only_unverified	22B	database_curated_unverified	database_assertion	unknown			none_identified	none_claimed	not verified; source database only	not verified	Database presence and linked PMIDs do not establish exact-pair direct binding or perturbation, effect direction, or species/context scope.	Conservative source lead only; source_registry=OmniPath_DoRothEA; database_ref_count=3; ref_head=17368566;18544453;30504720; no promotion asserted.
mouse	Erf	Utrn	TRRUST|TRRUST_v2_snapshot_2026-08-25|mouse|trrust:mouse:001022	database_only_unverified	22B	database_curated_unverified	database_assertion	unknown			none_identified	none_claimed	not verified; source database only	not verified	Database presence and linked PMIDs do not establish exact-pair direct binding or perturbation, effect direction, or species/context scope.	Conservative source lead only; source_registry=TRRUST; database_ref_count=1; ref_head=17507653; no promotion asserted.
mouse	Esrrg	Yy1	TRRUST|TRRUST_v2_snapshot_2026-08-25|mouse|trrust:mouse:001094	database_only_unverified	22B	database_curated_unverified	database_assertion	unknown			none_identified	none_claimed	not verified; source database only	not verified	Database presence and linked PMIDs do not establish exact-pair direct binding or perturbation, effect direction, or species/context scope.	Conservative source lead only; source_registry=TRRUST; database_ref_count=1; ref_head=19721712; no promotion asserted.
mouse	Foxa3	Cyp2c37	OmniPath_DoRothEA|OmniPath_DoRothEA_snapshot_2026-08-25|mouse|omnipath_dorothea:mouse:005498:bb60cca298b7	database_only_unverified	22B	database_curated_unverified	database_assertion	unknown			none_identified	none_claimed	not verified; source database only	not verified	Database presence and linked PMIDs do not establish exact-pair direct binding or perturbation, effect direction, or species/context scope.	Conservative source lead only; source_registry=OmniPath_DoRothEA; database_ref_count=2; ref_head=15130783;19702536; no promotion asserted.
mouse	Foxq1	Mylk	TRRUST|TRRUST_v2_snapshot_2026-08-25|mouse|trrust:mouse:001555	database_only_unverified	22B	database_curated_unverified	database_assertion	unknown			none_identified	none_claimed	not verified; source database only	not verified	Database presence and linked PMIDs do not establish exact-pair direct binding or perturbation, effect direction, or species/context scope.	Conservative source lead only; source_registry=TRRUST; database_ref_count=1; ref_head=10896677; no promotion asserted.
mouse	Fus	Sod2	TRRUST|TRRUST_v2_snapshot_2026-08-25|mouse|trrust:mouse:001557	database_only_unverified	22B	database_curated_unverified	database_assertion	unknown			none_identified	none_claimed	not verified; source database only	not verified	Database presence and linked PMIDs do not establish exact-pair direct binding or perturbation, effect direction, or species/context scope.	Conservative source lead only; source_registry=TRRUST; database_ref_count=1; ref_head=23834335; no promotion asserted.
mouse	Gsc	Mixl1	TRRUST|TRRUST_v2_snapshot_2026-08-25|mouse|trrust:mouse:001729	database_only_unverified	22B	database_curated_unverified	database_assertion	unknown			none_identified	none_claimed	not verified; source database only	not verified	Database presence and linked PMIDs do not establish exact-pair direct binding or perturbation, effect direction, or species/context scope.	Conservative source lead only; source_registry=TRRUST; database_ref_count=1; ref_head=18336814; no promotion asserted.
mouse	Hdac11	Il10	TRRUST|TRRUST_v2_snapshot_2026-08-25|mouse|trrust:mouse:001800	database_only_unverified	22B	database_curated_unverified	database_assertion	unknown			none_identified	none_claimed	not verified; source database only	not verified	Database presence and linked PMIDs do not establish exact-pair direct binding or perturbation, effect direction, or species/context scope.	Conservative source lead only; source_registry=TRRUST; database_ref_count=1; ref_head=19011628; no promotion asserted.
mouse	Jarid2	Notch1	TRRUST|TRRUST_v2_snapshot_2026-08-25|mouse|trrust:mouse:002236	database_only_unverified	22B	database_curated_unverified	database_assertion	unknown			none_identified	none_claimed	not verified; source database only	not verified	Database presence and linked PMIDs do not establish exact-pair direct binding or perturbation, effect direction, or species/context scope.	Conservative source lead only; source_registry=TRRUST; database_ref_count=2; ref_head=21402699;22110129; no promotion asserted.
human	KLF12	TFAP2A	OmniPath_DoRothEA|OmniPath_DoRothEA_snapshot_2026-08-25|human|omnipath_dorothea:human:000408:39d7ab03477f	database_only_unverified	22B	database_curated_unverified	database_assertion	unknown			none_identified	none_claimed	not verified; source database only	not verified	Database presence and linked PMIDs do not establish exact-pair direct binding or perturbation, effect direction, or species/context scope.	Conservative source lead only; source_registry=OmniPath_DoRothEA; database_ref_count=3; ref_head=9858544;10704285;11373277; no promotion asserted.
mouse	Klf3	Six4	TRRUST|TRRUST_v2_snapshot_2026-08-25|mouse|trrust:mouse:002464	database_only_unverified	22B	database_curated_unverified	database_assertion	unknown			none_identified	none_claimed	not verified; source database only	not verified	Database presence and linked PMIDs do not establish exact-pair direct binding or perturbation, effect direction, or species/context scope.	Conservative source lead only; source_registry=TRRUST; database_ref_count=1; ref_head=20404088; no promotion asserted.
mouse	Nab1	Lhb	TRRUST|TRRUST_v2_snapshot_2026-08-25|mouse|trrust:mouse:003043	database_only_unverified	22B	database_curated_unverified	database_assertion	unknown			none_identified	none_claimed	not verified; source database only	not verified	Database presence and linked PMIDs do not establish exact-pair direct binding or perturbation, effect direction, or species/context scope.	Conservative source lead only; source_registry=TRRUST; database_ref_count=1; ref_head=10319325; no promotion asserted.
mouse	Nab2	Tnfsf10	TRRUST|TRRUST_v2_snapshot_2026-08-25|mouse|trrust:mouse:003047	database_only_unverified	22B	database_curated_unverified	database_assertion	unknown			none_identified	none_claimed	not verified; source database only	not verified	Database presence and linked PMIDs do not establish exact-pair direct binding or perturbation, effect direction, or species/context scope.	Conservative source lead only; source_registry=TRRUST; database_ref_count=1; ref_head=22128144; no promotion asserted.
mouse	Ncoa6	Socs1	TRRUST|TRRUST_v2_snapshot_2026-08-25|mouse|trrust:mouse:003098	database_only_unverified	22B	database_curated_unverified	database_assertion	unknown			none_identified	none_claimed	not verified; source database only	not verified	Database presence and linked PMIDs do not establish exact-pair direct binding or perturbation, effect direction, or species/context scope.	Conservative source lead only; source_registry=TRRUST; database_ref_count=1; ref_head=22861055; no promotion asserted.
mouse	Nupr1	Tcf19	TRRUST|TRRUST_v2_snapshot_2026-08-25|mouse|trrust:mouse:003951	database_only_unverified	22B	database_curated_unverified	database_assertion	unknown			none_identified	none_claimed	not verified; source database only	not verified	Database presence and linked PMIDs do not establish exact-pair direct binding or perturbation, effect direction, or species/context scope.	Conservative source lead only; source_registry=TRRUST; database_ref_count=1; ref_head=23900510; no promotion asserted.
mouse	Pcgf2	Il17f	TRRUST|TRRUST_v2_snapshot_2026-08-25|mouse|trrust:mouse:004124	database_only_unverified	22B	database_curated_unverified	database_assertion	unknown			none_identified	none_claimed	not verified; source database only	not verified	Database presence and linked PMIDs do not establish exact-pair direct binding or perturbation, effect direction, or species/context scope.	Conservative source lead only; source_registry=TRRUST; database_ref_count=1; ref_head=21674483; no promotion asserted.
mouse	Pknox1	Syp	TRRUST|TRRUST_v2_snapshot_2026-08-25|mouse|trrust:mouse:004223	database_only_unverified	22B	database_curated_unverified	database_assertion	unknown			none_identified	none_claimed	not verified; source database only	not verified	Database presence and linked PMIDs do not establish exact-pair direct binding or perturbation, effect direction, or species/context scope.	Conservative source lead only; source_registry=TRRUST; database_ref_count=1; ref_head=20864515; no promotion asserted.
mouse	Pou4f2	Ccnd1	OmniPath_DoRothEA|OmniPath_DoRothEA_snapshot_2026-08-25|mouse|omnipath_dorothea:mouse:003754:94009cb71342	database_only_unverified	22B	database_curated_unverified	database_assertion	unknown			none_identified	none_claimed	not verified; source database only	not verified	Database presence and linked PMIDs do not establish exact-pair direct binding or perturbation, effect direction, or species/context scope.	Conservative source lead only; source_registry=OmniPath_DoRothEA; database_ref_count=3; ref_head=17637757;31413277;33712567; no promotion asserted.
human	RFX3	IL5RA	TRRUST|TRRUST_v2_snapshot_2026-08-25|human|trrust:human:006412	database_only_unverified	22B	database_curated_unverified	database_assertion	unknown			none_identified	none_claimed	not verified; source database only	not verified	Database presence and linked PMIDs do not establish exact-pair direct binding or perturbation, effect direction, or species/context scope.	Conservative source lead only; source_registry=TRRUST; database_ref_count=2; ref_head=10330134;10706293; no promotion asserted.
human	RREB1	SLC39A3	TRRUST|TRRUST_v2_snapshot_2026-08-25|human|trrust:human:006471	database_only_unverified	22B	database_curated_unverified	database_assertion	unknown			none_identified	none_claimed	not verified; source database only	not verified	Database presence and linked PMIDs do not establish exact-pair direct binding or perturbation, effect direction, or species/context scope.	Conservative source lead only; source_registry=TRRUST; database_ref_count=1; ref_head=21613827; no promotion asserted.
mouse	Tbx20	Tbx2	TRRUST|TRRUST_v2_snapshot_2026-08-25|mouse|trrust:mouse:006331	database_only_unverified	22B	database_curated_unverified	database_assertion	unknown			none_identified	none_claimed	not verified; source database only	not verified	Database presence and linked PMIDs do not establish exact-pair direct binding or perturbation, effect direction, or species/context scope.	Conservative source lead only; source_registry=TRRUST; database_ref_count=1; ref_head=19661464; no promotion asserted.
mouse	Trim28	Zfx	TRRUST|TRRUST_v2_snapshot_2026-08-25|mouse|trrust:mouse:006537	database_only_unverified	22B	database_curated_unverified	database_assertion	unknown			none_identified	none_claimed	not verified; source database only	not verified	Database presence and linked PMIDs do not establish exact-pair direct binding or perturbation, effect direction, or species/context scope.	Conservative source lead only; source_registry=TRRUST; database_ref_count=1; ref_head=19339689; no promotion asserted.
mouse	Wwtr1	Zeb1	TRRUST|TRRUST_v2_snapshot_2026-08-25|mouse|trrust:mouse:006906	database_only_unverified	22B	database_curated_unverified	database_assertion	unknown			none_identified	none_claimed	not verified; source database only	not verified	Database presence and linked PMIDs do not establish exact-pair direct binding or perturbation, effect direction, or species/context scope.	Conservative source lead only; source_registry=TRRUST; database_ref_count=1; ref_head=20207963; no promotion asserted.
mouse	Zic1	Apoe	OmniPath_DoRothEA|OmniPath_DoRothEA_snapshot_2026-08-25|mouse|omnipath_dorothea:mouse:000623:606a59e4072c	database_only_unverified	22B	database_curated_unverified	database_assertion	unknown			none_identified	none_claimed	not verified; source database only	not verified	Database presence and linked PMIDs do not establish exact-pair direct binding or perturbation, effect direction, or species/context scope.	Conservative source lead only; source_registry=OmniPath_DoRothEA; database_ref_count=2; ref_head=11038359;12783990; no promotion asserted.
human	ZNF143	TALDO1	TRRUST|TRRUST_v2_snapshot_2026-08-25|human|trrust:human:009342	database_only_unverified	22B	database_curated_unverified	database_assertion	unknown			none_identified	none_claimed	not verified; source database only	not verified	Database presence and linked PMIDs do not establish exact-pair direct binding or perturbation, effect direction, or species/context scope.	Conservative source lead only; source_registry=TRRUST; database_ref_count=1; ref_head=14702349; no promotion asserted.
mouse	Arx	Shh	TRRUST|TRRUST_v2_snapshot_2026-08-25|mouse|trrust:mouse:000101	database_only_unverified	22B	database_curated_unverified	database_assertion	unknown			none_identified	none_claimed	not verified; source database only	not verified	Database presence and linked PMIDs do not establish exact-pair direct binding or perturbation, effect direction, or species/context scope.	Conservative source lead only; source_registry=TRRUST; database_ref_count=1; ref_head=24968361; no promotion asserted.
mouse	Chd4	Ngfr	TRRUST|TRRUST_v2_snapshot_2026-08-25|mouse|trrust:mouse:000361	database_only_unverified	22B	database_curated_unverified	database_assertion	unknown			none_identified	none_claimed	not verified; source database only	not verified	Database presence and linked PMIDs do not establish exact-pair direct binding or perturbation, effect direction, or species/context scope.	Conservative source lead only; source_registry=TRRUST; database_ref_count=1; ref_head=22302795; no promotion asserted.
human	CREB3L1	VEGFA	OmniPath_DoRothEA|OmniPath_DoRothEA_snapshot_2026-08-25|human|omnipath_dorothea:human:005651:91625eed0f86	database_only_unverified	22B	database_curated_unverified	database_assertion	unknown			none_identified	none_claimed	not verified; source database only	not verified	Database presence and linked PMIDs do not establish exact-pair direct binding or perturbation, effect direction, or species/context scope.	Conservative source lead only; source_registry=OmniPath_DoRothEA; database_ref_count=2; ref_head=23383089;26558437; no promotion asserted.
mouse	Ehf	Tlr11	TRRUST|TRRUST_v2_snapshot_2026-08-25|mouse|trrust:mouse:000879	database_only_unverified	22B	database_curated_unverified	database_assertion	unknown			none_identified	none_claimed	not verified; source database only	not verified	Database presence and linked PMIDs do not establish exact-pair direct binding or perturbation, effect direction, or species/context scope.	Conservative source lead only; source_registry=TRRUST; database_ref_count=1; ref_head=19801549; no promotion asserted.
mouse	Esrrb	Usp17le	TRRUST|TRRUST_v2_snapshot_2026-08-25|mouse|trrust:mouse:001090	database_only_unverified	22B	database_curated_unverified	database_assertion	unknown			none_identified	none_claimed	not verified; source database only	not verified	Database presence and linked PMIDs do not establish exact-pair direct binding or perturbation, effect direction, or species/context scope.	Conservative source lead only; source_registry=TRRUST; database_ref_count=1; ref_head=24207026; no promotion asserted.
human	ETV3	RELA	TRRUST|TRRUST_v2_snapshot_2026-08-25|human|trrust:human:001948	database_only_unverified	22B	database_curated_unverified	database_assertion	unknown			none_identified	none_claimed	not verified; source database only	not verified	Database presence and linked PMIDs do not establish exact-pair direct binding or perturbation, effect direction, or species/context scope.	Conservative source lead only; source_registry=TRRUST; database_ref_count=1; ref_head=18025162; no promotion asserted.
mouse	Fhl2	Fos	TRRUST|TRRUST_v2_snapshot_2026-08-25|mouse|trrust:mouse:001242	database_only_unverified	22B	database_curated_unverified	database_assertion	unknown			none_identified	none_claimed	not verified; source database only	not verified	Database presence and linked PMIDs do not establish exact-pair direct binding or perturbation, effect direction, or species/context scope.	Conservative source lead only; source_registry=TRRUST; database_ref_count=1; ref_head=12694872; no promotion asserted.
human	HCFC1	E2F1	TRRUST|TRRUST_v2_snapshot_2026-08-25|human|trrust:human:002586	database_only_unverified	22B	database_curated_unverified	database_assertion	unknown			none_identified	none_claimed	not verified; source database only	not verified	Database presence and linked PMIDs do not establish exact-pair direct binding or perturbation, effect direction, or species/context scope.	Conservative source lead only; source_registry=TRRUST; database_ref_count=2; ref_head=17612494;19763085; no promotion asserted.
mouse	Hexim1	Vegfa	TRRUST|TRRUST_v2_snapshot_2026-08-25|mouse|trrust:mouse:001840	database_only_unverified	22B	database_curated_unverified	database_assertion	unknown			none_identified	none_claimed	not verified; source database only	not verified	Database presence and linked PMIDs do not establish exact-pair direct binding or perturbation, effect direction, or species/context scope.	Conservative source lead only; source_registry=TRRUST; database_ref_count=1; ref_head=20453883; no promotion asserted.
mouse	Hoxb4	Sox4	TRRUST|TRRUST_v2_snapshot_2026-08-25|mouse|trrust:mouse:002016	database_only_unverified	22B	database_curated_unverified	database_assertion	unknown			none_identified	none_claimed	not verified; source database only	not verified	Database presence and linked PMIDs do not establish exact-pair direct binding or perturbation, effect direction, or species/context scope.	Conservative source lead only; source_registry=TRRUST; database_ref_count=1; ref_head=20404135; no promotion asserted.
mouse	Hoxc13	Spi1	TRRUST|TRRUST_v2_snapshot_2026-08-25|mouse|trrust:mouse:002023	database_only_unverified	22B	database_curated_unverified	database_assertion	unknown			none_identified	none_claimed	not verified; source database only	not verified	Database presence and linked PMIDs do not establish exact-pair direct binding or perturbation, effect direction, or species/context scope.	Conservative source lead only; source_registry=TRRUST; database_ref_count=1; ref_head=18076876; no promotion asserted.
human	ID4	BRCA1	TRRUST|TRRUST_v2_snapshot_2026-08-25|human|trrust:human:003201	database_only_unverified	22B	database_curated_unverified	database_assertion	unknown			none_identified	none_claimed	not verified; source database only	not verified	Database presence and linked PMIDs do not establish exact-pair direct binding or perturbation, effect direction, or species/context scope.	Conservative source lead only; source_registry=TRRUST; database_ref_count=2; ref_head=12032322;17016441; no promotion asserted.
mouse	Ilf2	Acrv1	TRRUST|TRRUST_v2_snapshot_2026-08-25|mouse|trrust:mouse:002113	database_only_unverified	22B	database_curated_unverified	database_assertion	unknown			none_identified	none_claimed	not verified; source database only	not verified	Database presence and linked PMIDs do not establish exact-pair direct binding or perturbation, effect direction, or species/context scope.	Conservative source lead only; source_registry=TRRUST; database_ref_count=1; ref_head=17942973; no promotion asserted.
mouse	Khdrbs1	Ece1	TRRUST|TRRUST_v2_snapshot_2026-08-25|mouse|trrust:mouse:002434	database_only_unverified	22B	database_curated_unverified	database_assertion	unknown			none_identified	none_claimed	not verified; source database only	not verified	Database presence and linked PMIDs do not establish exact-pair direct binding or perturbation, effect direction, or species/context scope.	Conservative source lead only; source_registry=TRRUST; database_ref_count=1; ref_head=19752322; no promotion asserted.
mouse	Klf13	Ccl5	TRRUST|TRRUST_v2_snapshot_2026-08-25|mouse|trrust:mouse:002446	database_only_unverified	22B	database_curated_unverified	database_assertion	unknown			none_identified	none_claimed	not verified; source database only	not verified	Database presence and linked PMIDs do not establish exact-pair direct binding or perturbation, effect direction, or species/context scope.	Conservative source lead only; source_registry=TRRUST; database_ref_count=2; ref_head=12050170;22797700; no promotion asserted.
mouse	Klf9	Txnrd2	TRRUST|TRRUST_v2_snapshot_2026-08-25|mouse|trrust:mouse:002504	database_only_unverified	22B	database_curated_unverified	database_assertion	unknown			none_identified	none_claimed	not verified; source database only	not verified	Database presence and linked PMIDs do not establish exact-pair direct binding or perturbation, effect direction, or species/context scope.	Conservative source lead only; source_registry=TRRUST; database_ref_count=1; ref_head=24613345; no promotion asserted.
mouse	Mbd3	Esr1	OmniPath_DoRothEA|OmniPath_DoRothEA_snapshot_2026-08-25|mouse|omnipath_dorothea:mouse:006046:052260d21697	database_only_unverified	22B	database_curated_unverified	database_assertion	unknown			none_identified	none_claimed	not verified; source database only	not verified	Database presence and linked PMIDs do not establish exact-pair direct binding or perturbation, effect direction, or species/context scope.	Conservative source lead only; source_registry=OmniPath_DoRothEA; database_ref_count=2; ref_head=15746193;31519689; no promotion asserted.
mouse	Mllt3	Scnn1a	TRRUST|TRRUST_v2_snapshot_2026-08-25|mouse|trrust:mouse:002767	database_only_unverified	22B	database_curated_unverified	database_assertion	unknown			none_identified	none_claimed	not verified; source database only	not verified	Database presence and linked PMIDs do not establish exact-pair direct binding or perturbation, effect direction, or species/context scope.	Conservative source lead only; source_registry=TRRUST; database_ref_count=2; ref_head=17332896;19473990; no promotion asserted.
mouse	Mnt	Cdk4	TRRUST|TRRUST_v2_snapshot_2026-08-25|mouse|trrust:mouse:002788	database_only_unverified	22B	database_curated_unverified	database_assertion	unknown			none_identified	none_claimed	not verified; source database only	not verified	Database presence and linked PMIDs do not establish exact-pair direct binding or perturbation, effect direction, or species/context scope.	Conservative source lead only; source_registry=TRRUST; database_ref_count=1; ref_head=12970171; no promotion asserted.
mouse	Mybl1	Rfx2	TRRUST|TRRUST_v2_snapshot_2026-08-25|mouse|trrust:mouse:002866	database_only_unverified	22B	database_curated_unverified	database_assertion	unknown			none_identified	none_claimed	not verified; source database only	not verified	Database presence and linked PMIDs do not establish exact-pair direct binding or perturbation, effect direction, or species/context scope.	Conservative source lead only; source_registry=TRRUST; database_ref_count=1; ref_head=20003220; no promotion asserted.
mouse	Nfatc3	Mir23a	TRRUST|TRRUST_v2_snapshot_2026-08-25|mouse|trrust:mouse:003188	database_only_unverified	22B	database_curated_unverified	database_assertion	unknown			none_identified	none_claimed	not verified; source database only	not verified	Database presence and linked PMIDs do not establish exact-pair direct binding or perturbation, effect direction, or species/context scope.	Conservative source lead only; source_registry=TRRUST; database_ref_count=1; ref_head=23929433; no promotion asserted.
mouse	Nfib	Fam89b	TRRUST|TRRUST_v2_snapshot_2026-08-25|mouse|trrust:mouse:003274	database_only_unverified	22B	database_curated_unverified	database_assertion	unknown			none_identified	none_claimed	not verified; source database only	not verified	Database presence and linked PMIDs do not establish exact-pair direct binding or perturbation, effect direction, or species/context scope.	Conservative source lead only; source_registry=TRRUST; database_ref_count=1; ref_head=9056636; no promotion asserted.
mouse	Nfkbiz	Nfkb1	TRRUST|TRRUST_v2_snapshot_2026-08-25|mouse|trrust:mouse:003559	database_only_unverified	22B	database_curated_unverified	database_assertion	unknown			none_identified	none_claimed	not verified; source database only	not verified	Database presence and linked PMIDs do not establish exact-pair direct binding or perturbation, effect direction, or species/context scope.	Conservative source lead only; source_registry=TRRUST; database_ref_count=2; ref_head=12831461;15618216; no promotion asserted.
mouse	Nono	Mia	TRRUST|TRRUST_v2_snapshot_2026-08-25|mouse|trrust:mouse:003642	database_only_unverified	22B	database_curated_unverified	database_assertion	unknown			none_identified	none_claimed	not verified; source database only	not verified	Database presence and linked PMIDs do not establish exact-pair direct binding or perturbation, effect direction, or species/context scope.	Conservative source lead only; source_registry=TRRUST; database_ref_count=2; ref_head=23672612;24349210; no promotion asserted.
mouse	Olig2	Sox10	TRRUST|TRRUST_v2_snapshot_2026-08-25|mouse|trrust:mouse:003955	database_only_unverified	22B	database_curated_unverified	database_assertion	unknown			none_identified	none_claimed	not verified; source database only	not verified	Database presence and linked PMIDs do not establish exact-pair direct binding or perturbation, effect direction, or species/context scope.	Conservative source lead only; source_registry=TRRUST; database_ref_count=1; ref_head=20959288; no promotion asserted.
mouse	Pax1	Pdgfra	OmniPath_DoRothEA|OmniPath_DoRothEA_snapshot_2026-08-25|mouse|omnipath_dorothea:mouse:003198:d8e87e92885f	database_only_unverified	22B	database_curated_unverified	database_assertion	unknown			none_identified	none_claimed	not verified; source database only	not verified	Database presence and linked PMIDs do not establish exact-pair direct binding or perturbation, effect direction, or species/context scope.	Conservative source lead only; source_registry=OmniPath_DoRothEA; database_ref_count=2; ref_head=9826722;11175793; no promotion asserted.
mouse	Per2	Ucp2	TRRUST|TRRUST_v2_snapshot_2026-08-25|mouse|trrust:mouse:004152	database_only_unverified	22B	database_curated_unverified	database_assertion	unknown			none_identified	none_claimed	not verified; source database only	not verified	Database presence and linked PMIDs do not establish exact-pair direct binding or perturbation, effect direction, or species/context scope.	Conservative source lead only; source_registry=TRRUST; database_ref_count=1; ref_head=19056852; no promotion asserted.
mouse	Phox2a	Ncam1	TRRUST|TRRUST_v2_snapshot_2026-08-25|mouse|trrust:mouse:004170	database_only_unverified	22B	database_curated_unverified	database_assertion	unknown			none_identified	none_claimed	not verified; source database only	not verified	Database presence and linked PMIDs do not establish exact-pair direct binding or perturbation, effect direction, or species/context scope.	Conservative source lead only; source_registry=TRRUST; database_ref_count=1; ref_head=7910552; no promotion asserted.
mouse	Rbmx	Jund	TRRUST|TRRUST_v2_snapshot_2026-08-25|mouse|trrust:mouse:004613	database_only_unverified	22B	database_curated_unverified	database_assertion	unknown			none_identified	none_claimed	not verified; source database only	not verified	Database presence and linked PMIDs do not establish exact-pair direct binding or perturbation, effect direction, or species/context scope.	Conservative source lead only; source_registry=TRRUST; database_ref_count=1; ref_head=16707624; no promotion asserted.
mouse	Smurf2	Runx2	TRRUST|TRRUST_v2_snapshot_2026-08-25|mouse|trrust:mouse:005328	database_only_unverified	22B	database_curated_unverified	database_assertion	unknown			none_identified	none_claimed	not verified; source database only	not verified	Database presence and linked PMIDs do not establish exact-pair direct binding or perturbation, effect direction, or species/context scope.	Conservative source lead only; source_registry=TRRUST; database_ref_count=1; ref_head=24961731; no promotion asserted.
mouse	Sox11	Wnt4	TRRUST|TRRUST_v2_snapshot_2026-08-25|mouse|trrust:mouse:005390	database_only_unverified	22B	database_curated_unverified	database_assertion	unknown			none_identified	none_claimed	not verified; source database only	not verified	Database presence and linked PMIDs do not establish exact-pair direct binding or perturbation, effect direction, or species/context scope.	Conservative source lead only; source_registry=TRRUST; database_ref_count=1; ref_head=22465478; no promotion asserted.
mouse	Ssb	Lamb1	TRRUST|TRRUST_v2_snapshot_2026-08-25|mouse|trrust:mouse:006074	database_only_unverified	22B	database_curated_unverified	database_assertion	unknown			none_identified	none_claimed	not verified; source database only	not verified	Database presence and linked PMIDs do not establish exact-pair direct binding or perturbation, effect direction, or species/context scope.	Conservative source lead only; source_registry=TRRUST; database_ref_count=1; ref_head=21896617; no promotion asserted.
mouse	Tbpl1	Tnp1	TRRUST|TRRUST_v2_snapshot_2026-08-25|mouse|trrust:mouse:006306	database_only_unverified	22B	database_curated_unverified	database_assertion	unknown			none_identified	none_claimed	not verified; source database only	not verified	Database presence and linked PMIDs do not establish exact-pair direct binding or perturbation, effect direction, or species/context scope.	Conservative source lead only; source_registry=TRRUST; database_ref_count=1; ref_head=21383078; no promotion asserted.
mouse	Tsg101	Mdm2	TRRUST|TRRUST_v2_snapshot_2026-08-25|mouse|trrust:mouse:006771	database_only_unverified	22B	database_curated_unverified	database_assertion	unknown			none_identified	none_claimed	not verified; source database only	not verified	Database presence and linked PMIDs do not establish exact-pair direct binding or perturbation, effect direction, or species/context scope.	Conservative source lead only; source_registry=TRRUST; database_ref_count=1; ref_head=11172000; no promotion asserted.
mouse	Wwp1	Trp53	TRRUST|TRRUST_v2_snapshot_2026-08-25|mouse|trrust:mouse:006902	database_only_unverified	22B	database_curated_unverified	database_assertion	unknown			none_identified	none_claimed	not verified; source database only	not verified	Database presence and linked PMIDs do not establish exact-pair direct binding or perturbation, effect direction, or species/context scope.	Conservative source lead only; source_registry=TRRUST; database_ref_count=1; ref_head=16924229; no promotion asserted.
mouse	Xrcc5	Il2	TRRUST|TRRUST_v2_snapshot_2026-08-25|mouse|trrust:mouse:006923	database_only_unverified	22B	database_curated_unverified	database_assertion	unknown			none_identified	none_claimed	not verified; source database only	not verified	Database presence and linked PMIDs do not establish exact-pair direct binding or perturbation, effect direction, or species/context scope.	Conservative source lead only; source_registry=TRRUST; database_ref_count=1; ref_head=17389650; no promotion asserted.
mouse	Xrcc6	Il2	TRRUST|TRRUST_v2_snapshot_2026-08-25|mouse|trrust:mouse:006926	database_only_unverified	22B	database_curated_unverified	database_assertion	unknown			none_identified	none_claimed	not verified; source database only	not verified	Database presence and linked PMIDs do not establish exact-pair direct binding or perturbation, effect direction, or species/context scope.	Conservative source lead only; source_registry=TRRUST; database_ref_count=1; ref_head=17389650; no promotion asserted.
human	ZNF382	STAT5B	TRRUST|TRRUST_v2_snapshot_2026-08-25|human|trrust:human:009387	database_only_unverified	22B	database_curated_unverified	database_assertion	unknown			none_identified	none_claimed	not verified; source database only	not verified	Database presence and linked PMIDs do not establish exact-pair direct binding or perturbation, effect direction, or species/context scope.	Conservative source lead only; source_registry=TRRUST; database_ref_count=1; ref_head=20682794; no promotion asserted.
mouse	Aes	Ihh	TRRUST|TRRUST_v2_snapshot_2026-08-25|mouse|trrust:mouse:000011	database_only_unverified	22B	database_curated_unverified	database_assertion	unknown			none_identified	none_claimed	not verified; source database only	not verified	Database presence and linked PMIDs do not establish exact-pair direct binding or perturbation, effect direction, or species/context scope.	Conservative source lead only; source_registry=TRRUST; database_ref_count=1; ref_head=15183720; no promotion asserted.
mouse	Aire	F11	TRRUST|TRRUST_v2_snapshot_2026-08-25|mouse|trrust:mouse:000038	database_only_unverified	22B	database_curated_unverified	database_assertion	unknown			none_identified	none_claimed	not verified; source database only	not verified	Database presence and linked PMIDs do not establish exact-pair direct binding or perturbation, effect direction, or species/context scope.	Conservative source lead only; source_registry=TRRUST; database_ref_count=1; ref_head=22203960; no promotion asserted.
mouse	Ankrd1	Nppa	TRRUST|TRRUST_v2_snapshot_2026-08-25|mouse|trrust:mouse:000041	database_only_unverified	22B	database_curated_unverified	database_assertion	unknown			none_identified	none_claimed	not verified; source database only	not verified	Database presence and linked PMIDs do not establish exact-pair direct binding or perturbation, effect direction, or species/context scope.	Conservative source lead only; source_registry=TRRUST; database_ref_count=1; ref_head=18273862; no promotion asserted.
mouse	Apbb1	Notch1	TRRUST|TRRUST_v2_snapshot_2026-08-25|mouse|trrust:mouse:000043	database_only_unverified	22B	database_curated_unverified	database_assertion	unknown			none_identified	none_claimed	not verified; source database only	not verified	Database presence and linked PMIDs do not establish exact-pair direct binding or perturbation, effect direction, or species/context scope.	Conservative source lead only; source_registry=TRRUST; database_ref_count=1; ref_head=22199353; no promotion asserted.
mouse	Bcl11a	Frzb	TRRUST|TRRUST_v2_snapshot_2026-08-25|mouse|trrust:mouse:000180	database_only_unverified	22B	database_curated_unverified	database_assertion	unknown			none_identified	none_claimed	not verified; source database only	not verified	Database presence and linked PMIDs do not establish exact-pair direct binding or perturbation, effect direction, or species/context scope.	Conservative source lead only; source_registry=TRRUST; database_ref_count=1; ref_head=22491945; no promotion asserted.
mouse	Cbfa2t3	Epb42	TRRUST|TRRUST_v2_snapshot_2026-08-25|mouse|trrust:mouse:000258	database_only_unverified	22B	database_curated_unverified	database_assertion	unknown			none_identified	none_claimed	not verified; source database only	not verified	Database presence and linked PMIDs do not establish exact-pair direct binding or perturbation, effect direction, or species/context scope.	Conservative source lead only; source_registry=TRRUST; database_ref_count=1; ref_head=19799863; no promotion asserted.
mouse	Cops5	Hand2	TRRUST|TRRUST_v2_snapshot_2026-08-25|mouse|trrust:mouse:000406	database_only_unverified	22B	database_curated_unverified	database_assertion	unknown			none_identified	none_claimed	not verified; source database only	not verified	Database presence and linked PMIDs do not establish exact-pair direct binding or perturbation, effect direction, or species/context scope.	Conservative source lead only; source_registry=TRRUST; database_ref_count=1; ref_head=15139020; no promotion asserted.
mouse	Creb3	Herpud1	TRRUST|TRRUST_v2_snapshot_2026-08-25|mouse|trrust:mouse:000442	database_only_unverified	22B	database_curated_unverified	database_assertion	unknown			none_identified	none_claimed	not verified; source database only	not verified	Database presence and linked PMIDs do not establish exact-pair direct binding or perturbation, effect direction, or species/context scope.	Conservative source lead only; source_registry=TRRUST; database_ref_count=1; ref_head=16940180; no promotion asserted.
mouse	Deaf1	Eif4g3	TRRUST|TRRUST_v2_snapshot_2026-08-25|mouse|trrust:mouse:000628	database_only_unverified	22B	database_curated_unverified	database_assertion	unknown			none_identified	none_claimed	not verified; source database only	not verified	Database presence and linked PMIDs do not establish exact-pair direct binding or perturbation, effect direction, or species/context scope.	Conservative source lead only; source_registry=TRRUST; database_ref_count=1; ref_head=22923498; no promotion asserted.
mouse	Eif2ak2	Stat1	TRRUST|TRRUST_v2_snapshot_2026-08-25|mouse|trrust:mouse:000887	database_only_unverified	22B	database_curated_unverified	database_assertion	unknown			none_identified	none_claimed	not verified; source database only	not verified	Database presence and linked PMIDs do not establish exact-pair direct binding or perturbation, effect direction, or species/context scope.	Conservative source lead only; source_registry=TRRUST; database_ref_count=1; ref_head=10231376; no promotion asserted.
human	FOXF1	GH2	TRRUST|TRRUST_v2_snapshot_2026-08-25|human|trrust:human:002214	database_only_unverified	22B	database_curated_unverified	database_assertion	unknown			none_identified	none_claimed	not verified; source database only	not verified	Database presence and linked PMIDs do not establish exact-pair direct binding or perturbation, effect direction, or species/context scope.	Conservative source lead only; source_registry=TRRUST; database_ref_count=1; ref_head=16772323; no promotion asserted.
mouse	Foxi1	Slc4a9	TRRUST|TRRUST_v2_snapshot_2026-08-25|mouse|trrust:mouse:001422	database_only_unverified	22B	database_curated_unverified	database_assertion	unknown			none_identified	none_claimed	not verified; source database only	not verified	Database presence and linked PMIDs do not establish exact-pair direct binding or perturbation, effect direction, or species/context scope.	Conservative source lead only; source_registry=TRRUST; database_ref_count=1; ref_head=16159312; no promotion asserted.
mouse	Foxj1	Foxa1	TRRUST|TRRUST_v2_snapshot_2026-08-25|mouse|trrust:mouse:001424	database_only_unverified	22B	database_curated_unverified	database_assertion	unknown			none_identified	none_claimed	not verified; source database only	not verified	Database presence and linked PMIDs do not establish exact-pair direct binding or perturbation, effect direction, or species/context scope.	Conservative source lead only; source_registry=TRRUST; database_ref_count=1; ref_head=9096351; no promotion asserted.
mouse	Foxn1	Notch1	TRRUST|TRRUST_v2_snapshot_2026-08-25|mouse|trrust:mouse:001456	database_only_unverified	22B	database_curated_unverified	database_assertion	unknown			none_identified	none_claimed	not verified; source database only	not verified	Database presence and linked PMIDs do not establish exact-pair direct binding or perturbation, effect direction, or species/context scope.	Conservative source lead only; source_registry=TRRUST; database_ref_count=1; ref_head=19103190; no promotion asserted.
mouse	Hes6	Htr1a	TRRUST|TRRUST_v2_snapshot_2026-08-25|mouse|trrust:mouse:001829	database_only_unverified	22B	database_curated_unverified	database_assertion	unknown			none_identified	none_claimed	not verified; source database only	not verified	Database presence and linked PMIDs do not establish exact-pair direct binding or perturbation, effect direction, or species/context scope.	Conservative source lead only; source_registry=TRRUST; database_ref_count=1; ref_head=18499474; no promotion asserted.
mouse	Hivep2	Pparg	TRRUST|TRRUST_v2_snapshot_2026-08-25|mouse|trrust:mouse:001882	database_only_unverified	22B	database_curated_unverified	database_assertion	unknown			none_identified	none_claimed	not verified; source database only	not verified	Database presence and linked PMIDs do not establish exact-pair direct binding or perturbation, effect direction, or species/context scope.	Conservative source lead only; source_registry=TRRUST; database_ref_count=1; ref_head=16580992; no promotion asserted.
mouse	Hmgb2	Runx2	TRRUST|TRRUST_v2_snapshot_2026-08-25|mouse|trrust:mouse:001900	database_only_unverified	22B	database_curated_unverified	database_assertion	unknown			none_identified	none_claimed	not verified; source database only	not verified	Database presence and linked PMIDs do not establish exact-pair direct binding or perturbation, effect direction, or species/context scope.	Conservative source lead only; source_registry=TRRUST; database_ref_count=1; ref_head=21890638; no promotion asserted.
mouse	Hnrnpd	Thy1	TRRUST|TRRUST_v2_snapshot_2026-08-25|mouse|trrust:mouse:001981	database_only_unverified	22B	database_curated_unverified	database_assertion	unknown			none_identified	none_claimed	not verified; source database only	not verified	Database presence and linked PMIDs do not establish exact-pair direct binding or perturbation, effect direction, or species/context scope.	Conservative source lead only; source_registry=TRRUST; database_ref_count=1; ref_head=20412850; no promotion asserted.
mouse	Hoxa11	Myod1	TRRUST|TRRUST_v2_snapshot_2026-08-25|mouse|trrust:mouse:001992	database_only_unverified	22B	database_curated_unverified	database_assertion	unknown			none_identified	none_claimed	not verified; source database only	not verified	Database presence and linked PMIDs do not establish exact-pair direct binding or perturbation, effect direction, or species/context scope.	Conservative source lead only; source_registry=TRRUST; database_ref_count=1; ref_head=14706073; no promotion asserted.
mouse	Hoxb1	Phox2b	TRRUST|TRRUST_v2_snapshot_2026-08-25|mouse|trrust:mouse:002009	database_only_unverified	22B	database_curated_unverified	database_assertion	unknown			none_identified	none_claimed	not verified; source database only	not verified	Database presence and linked PMIDs do not establish exact-pair direct binding or perturbation, effect direction, or species/context scope.	Conservative source lead only; source_registry=TRRUST; database_ref_count=1; ref_head=15289435; no promotion asserted.
mouse	Hoxb13	A0A0J9YTU7	OmniPath_DoRothEA|OmniPath_DoRothEA_snapshot_2026-08-25|mouse|omnipath_dorothea:mouse:004170:020e0bfe811c	database_only_unverified	22B	database_curated_unverified	database_assertion	unknown			none_identified	none_claimed	not verified; source database only	not verified	Database presence and linked PMIDs do not establish exact-pair direct binding or perturbation, effect direction, or species/context scope.	Conservative source lead only; source_registry=OmniPath_DoRothEA; database_ref_count=2; ref_head=15126340;15928669; no promotion asserted.
human	HOXC11	S100B	TRRUST|TRRUST_v2_snapshot_2026-08-25|human|trrust:human:003131	database_only_unverified	22B	database_curated_unverified	database_assertion	unknown			none_identified	none_claimed	not verified; source database only	not verified	Database presence and linked PMIDs do not establish exact-pair direct binding or perturbation, effect direction, or species/context scope.	Conservative source lead only; source_registry=TRRUST; database_ref_count=1; ref_head=20145129; no promotion asserted.
mouse	Hoxd13	Runx2	TRRUST|TRRUST_v2_snapshot_2026-08-25|mouse|trrust:mouse:002033	database_only_unverified	22B	database_curated_unverified	database_assertion	unknown			none_identified	none_claimed	not verified; source database only	not verified	Database presence and linked PMIDs do not establish exact-pair direct binding or perturbation, effect direction, or species/context scope.	Conservative source lead only; source_registry=TRRUST; database_ref_count=1; ref_head=20458143; no promotion asserted.
human	HTATIP2	SPP1	TRRUST|TRRUST_v2_snapshot_2026-08-25|human|trrust:human:003194	database_only_unverified	22B	database_curated_unverified	database_assertion	unknown			none_identified	none_claimed	not verified; source database only	not verified	Database presence and linked PMIDs do not establish exact-pair direct binding or perturbation, effect direction, or species/context scope.	Conservative source lead only; source_registry=TRRUST; database_ref_count=2; ref_head=18537194;19349353; no promotion asserted.
mouse	Klf16	Klf16	TRRUST|TRRUST_v2_snapshot_2026-08-25|mouse|trrust:mouse:002454	database_only_unverified	22B	database_curated_unverified	database_assertion	unknown			none_identified	none_claimed	not verified; source database only	not verified	Database presence and linked PMIDs do not establish exact-pair direct binding or perturbation, effect direction, or species/context scope.	Conservative source lead only; source_registry=TRRUST; database_ref_count=1; ref_head=18472212; no promotion asserted.
mouse	Klf7	Ntrk1	TRRUST|TRRUST_v2_snapshot_2026-08-25|mouse|trrust:mouse:002502	database_only_unverified	22B	database_curated_unverified	database_assertion	unknown			none_identified	none_claimed	not verified; source database only	not verified	Database presence and linked PMIDs do not establish exact-pair direct binding or perturbation, effect direction, or species/context scope.	Conservative source lead only; source_registry=TRRUST; database_ref_count=1; ref_head=11245580; no promotion asserted.
mouse	Maff	Oxtr	OmniPath_DoRothEA|OmniPath_DoRothEA_snapshot_2026-08-25|mouse|omnipath_dorothea:mouse:001921:1c1e12e3a189	database_only_unverified	22B	database_curated_unverified	database_assertion	unknown			none_identified	none_claimed	not verified; source database only	not verified	Database presence and linked PMIDs do not establish exact-pair direct binding or perturbation, effect direction, or species/context scope.	Conservative source lead only; source_registry=OmniPath_DoRothEA; database_ref_count=2; ref_head=10527846;16549056; no promotion asserted.
mouse	Mta2	Fshr	TRRUST|TRRUST_v2_snapshot_2026-08-25|mouse|trrust:mouse:002833	database_only_unverified	22B	database_curated_unverified	database_assertion	unknown			none_identified	none_claimed	not verified; source database only	not verified	Database presence and linked PMIDs do not establish exact-pair direct binding or perturbation, effect direction, or species/context scope.	Conservative source lead only; source_registry=TRRUST; database_ref_count=1; ref_head=23086931; no promotion asserted.
human	NFE2L1	NQO1	TRRUST|TRRUST_v2_snapshot_2026-08-25|human|trrust:human:004429	database_only_unverified	22B	database_curated_unverified	database_assertion	unknown			none_identified	none_claimed	not verified; source database only	not verified	Database presence and linked PMIDs do not establish exact-pair direct binding or perturbation, effect direction, or species/context scope.	Conservative source lead only; source_registry=TRRUST; database_ref_count=1; ref_head=11013233; no promotion asserted.
mouse	Nfix	Fam89b	TRRUST|TRRUST_v2_snapshot_2026-08-25|mouse|trrust:mouse:003300	database_only_unverified	22B	database_curated_unverified	database_assertion	unknown			none_identified	none_claimed	not verified; source database only	not verified	Database presence and linked PMIDs do not establish exact-pair direct binding or perturbation, effect direction, or species/context scope.	Conservative source lead only; source_registry=TRRUST; database_ref_count=1; ref_head=9056636; no promotion asserted.
mouse	Nr2e3	Rho	TRRUST|TRRUST_v2_snapshot_2026-08-25|mouse|trrust:mouse:003784	database_only_unverified	22B	database_curated_unverified	database_assertion	unknown			none_identified	none_claimed	not verified; source database only	not verified	Database presence and linked PMIDs do not establish exact-pair direct binding or perturbation, effect direction, or species/context scope.	Conservative source lead only; source_registry=TRRUST; database_ref_count=1; ref_head=15689355; no promotion asserted.
mouse	Nr4a3	Ucp1	TRRUST|TRRUST_v2_snapshot_2026-08-25|mouse|trrust:mouse:003862	database_only_unverified	22B	database_curated_unverified	database_assertion	unknown			none_identified	none_claimed	not verified; source database only	not verified	Database presence and linked PMIDs do not establish exact-pair direct binding or perturbation, effect direction, or species/context scope.	Conservative source lead only; source_registry=TRRUST; database_ref_count=1; ref_head=18238829; no promotion asserted.
human	ONECUT2	SYTL4	TRRUST|TRRUST_v2_snapshot_2026-08-25|human|trrust:human:005280	database_only_unverified	22B	database_curated_unverified	database_assertion	unknown			none_identified	none_claimed	not verified; source database only	not verified	Database presence and linked PMIDs do not establish exact-pair direct binding or perturbation, effect direction, or species/context scope.	Conservative source lead only; source_registry=TRRUST; database_ref_count=1; ref_head=16831872; no promotion asserted.
mouse	Pias4	Ccl20	TRRUST|TRRUST_v2_snapshot_2026-08-25|mouse|trrust:mouse:004182	database_only_unverified	22B	database_curated_unverified	database_assertion	unknown			none_identified	none_claimed	not verified; source database only	not verified	Database presence and linked PMIDs do not establish exact-pair direct binding or perturbation, effect direction, or species/context scope.	Conservative source lead only; source_registry=TRRUST; database_ref_count=1; ref_head=20054338; no promotion asserted.
mouse	Pou3f4	Otx2	TRRUST|TRRUST_v2_snapshot_2026-08-25|mouse|trrust:mouse:004314	database_only_unverified	22B	database_curated_unverified	database_assertion	unknown			none_identified	none_claimed	not verified; source database only	not verified	Database presence and linked PMIDs do not establish exact-pair direct binding or perturbation, effect direction, or species/context scope.	Conservative source lead only; source_registry=TRRUST; database_ref_count=1; ref_head=22566684; no promotion asserted.
mouse	Runx1t1	Tcf12	TRRUST|TRRUST_v2_snapshot_2026-08-25|mouse|trrust:mouse:004908	database_only_unverified	22B	database_curated_unverified	database_assertion	unknown			none_identified	none_claimed	not verified; source database only	not verified	Database presence and linked PMIDs do not establish exact-pair direct binding or perturbation, effect direction, or species/context scope.	Conservative source lead only; source_registry=TRRUST; database_ref_count=1; ref_head=19043539; no promotion asserted.
mouse	Satb2	Upf3b	TRRUST|TRRUST_v2_snapshot_2026-08-25|mouse|trrust:mouse:005023	database_only_unverified	22B	database_curated_unverified	database_assertion	unknown			none_identified	none_claimed	not verified; source database only	not verified	Database presence and linked PMIDs do not establish exact-pair direct binding or perturbation, effect direction, or species/context scope.	Conservative source lead only; source_registry=TRRUST; database_ref_count=1; ref_head=23925499; no promotion asserted.
mouse	Setbp1	Hoxa10	TRRUST|TRRUST_v2_snapshot_2026-08-25|mouse|trrust:mouse:005027	database_only_unverified	22B	database_curated_unverified	database_assertion	unknown			none_identified	none_claimed	not verified; source database only	not verified	Database presence and linked PMIDs do not establish exact-pair direct binding or perturbation, effect direction, or species/context scope.	Conservative source lead only; source_registry=TRRUST; database_ref_count=1; ref_head=22566606; no promotion asserted.
mouse	Sim2	Otp	TRRUST|TRRUST_v2_snapshot_2026-08-25|mouse|trrust:mouse:005054	database_only_unverified	22B	database_curated_unverified	database_assertion	unknown			none_identified	none_claimed	not verified; source database only	not verified	Database presence and linked PMIDs do not establish exact-pair direct binding or perturbation, effect direction, or species/context scope.	Conservative source lead only; source_registry=TRRUST; database_ref_count=1; ref_head=11071765; no promotion asserted.
mouse	Sla2	Csf1r	TRRUST|TRRUST_v2_snapshot_2026-08-25|mouse|trrust:mouse:005128	database_only_unverified	22B	database_curated_unverified	database_assertion	unknown			none_identified	none_claimed	not verified; source database only	not verified	Database presence and linked PMIDs do not establish exact-pair direct binding or perturbation, effect direction, or species/context scope.	Conservative source lead only; source_registry=TRRUST; database_ref_count=1; ref_head=17353186; no promotion asserted.
mouse	Spen	Col2a1	TRRUST|TRRUST_v2_snapshot_2026-08-25|mouse|trrust:mouse:005946	database_only_unverified	22B	database_curated_unverified	database_assertion	unknown			none_identified	none_claimed	not verified; source database only	not verified	Database presence and linked PMIDs do not establish exact-pair direct binding or perturbation, effect direction, or species/context scope.	Conservative source lead only; source_registry=TRRUST; database_ref_count=1; ref_head=15778499; no promotion asserted.
mouse	Tef	Bik	TRRUST|TRRUST_v2_snapshot_2026-08-25|mouse|trrust:mouse:006462	database_only_unverified	22B	database_curated_unverified	database_assertion	unknown			none_identified	none_claimed	not verified; source database only	not verified	Database presence and linked PMIDs do not establish exact-pair direct binding or perturbation, effect direction, or species/context scope.	Conservative source lead only; source_registry=TRRUST; database_ref_count=1; ref_head=19219069; no promotion asserted.
mouse	Tle3	Nkx2-2	TRRUST|TRRUST_v2_snapshot_2026-08-25|mouse|trrust:mouse:006521	database_only_unverified	22B	database_curated_unverified	database_assertion	unknown			none_identified	none_claimed	not verified; source database only	not verified	Database presence and linked PMIDs do not establish exact-pair direct binding or perturbation, effect direction, or species/context scope.	Conservative source lead only; source_registry=TRRUST; database_ref_count=1; ref_head=17202186; no promotion asserted.
mouse	Trrap	Mitf	TRRUST|TRRUST_v2_snapshot_2026-08-25|mouse|trrust:mouse:006770	database_only_unverified	22B	database_curated_unverified	database_assertion	unknown			none_identified	none_claimed	not verified; source database only	not verified	Database presence and linked PMIDs do not establish exact-pair direct binding or perturbation, effect direction, or species/context scope.	Conservative source lead only; source_registry=TRRUST; database_ref_count=1; ref_head=15581068; no promotion asserted.
mouse	Ttf2	Tpo	TRRUST|TRRUST_v2_snapshot_2026-08-25|mouse|trrust:mouse:006775	database_only_unverified	22B	database_curated_unverified	database_assertion	unknown			none_identified	none_claimed	not verified; source database only	not verified	Database presence and linked PMIDs do not establish exact-pair direct binding or perturbation, effect direction, or species/context scope.	Conservative source lead only; source_registry=TRRUST; database_ref_count=1; ref_head=9214635; no promotion asserted.
mouse	Zbtb2	Trp53	TRRUST|TRRUST_v2_snapshot_2026-08-25|mouse|trrust:mouse:006967	database_only_unverified	22B	database_curated_unverified	database_assertion	unknown			none_identified	none_claimed	not verified; source database only	not verified	Database presence and linked PMIDs do not establish exact-pair direct binding or perturbation, effect direction, or species/context scope.	Conservative source lead only; source_registry=TRRUST; database_ref_count=1; ref_head=19380588; no promotion asserted.
mouse	Zic3	Nanog	TRRUST|TRRUST_v2_snapshot_2026-08-25|mouse|trrust:mouse:007054	database_only_unverified	22B	database_curated_unverified	database_assertion	unknown			none_identified	none_claimed	not verified; source database only	not verified	Database presence and linked PMIDs do not establish exact-pair direct binding or perturbation, effect direction, or species/context scope.	Conservative source lead only; source_registry=TRRUST; database_ref_count=2; ref_head=20872845;23421367; no promotion asserted.
mouse	Arntl2	Thbd	TRRUST|TRRUST_v2_snapshot_2026-08-25|mouse|trrust:mouse:000099	database_only_unverified	22B	database_curated_unverified	database_assertion	unknown			none_identified	none_claimed	not verified; source database only	not verified	Database presence and linked PMIDs do not establish exact-pair direct binding or perturbation, effect direction, or species/context scope.	Conservative source lead only; source_registry=TRRUST; database_ref_count=1; ref_head=17848551; no promotion asserted.
mouse	Ash1l	Timp1	TRRUST|TRRUST_v2_snapshot_2026-08-25|mouse|trrust:mouse:000112	database_only_unverified	22B	database_curated_unverified	database_assertion	unknown			none_identified	none_claimed	not verified; source database only	not verified	Database presence and linked PMIDs do not establish exact-pair direct binding or perturbation, effect direction, or species/context scope.	Conservative source lead only; source_registry=TRRUST; database_ref_count=1; ref_head=22488473; no promotion asserted.
mouse	Asxl1	Fabp4	TRRUST|TRRUST_v2_snapshot_2026-08-25|mouse|trrust:mouse:000113	database_only_unverified	22B	database_curated_unverified	database_assertion	unknown			none_identified	none_claimed	not verified; source database only	not verified	Database presence and linked PMIDs do not establish exact-pair direct binding or perturbation, effect direction, or species/context scope.	Conservative source lead only; source_registry=TRRUST; database_ref_count=1; ref_head=21047783; no promotion asserted.
human	BATF	CD2	TRRUST|TRRUST_v2_snapshot_2026-08-25|human|trrust:human:000416	database_only_unverified	22B	database_curated_unverified	database_assertion	unknown			none_identified	none_claimed	not verified; source database only	not verified	Database presence and linked PMIDs do not establish exact-pair direct binding or perturbation, effect direction, or species/context scope.	Conservative source lead only; source_registry=TRRUST; database_ref_count=1; ref_head=22592317; no promotion asserted.
mouse	Bhlhe40	Il2ra	TRRUST|TRRUST_v2_snapshot_2026-08-25|mouse|trrust:mouse:000227	database_only_unverified	22B	database_curated_unverified	database_assertion	unknown			none_identified	none_claimed	not verified; source database only	not verified	Database presence and linked PMIDs do not establish exact-pair direct binding or perturbation, effect direction, or species/context scope.	Conservative source lead only; source_registry=TRRUST; database_ref_count=1; ref_head=21057086; no promotion asserted.
mouse	Cnot7	Tob1	TRRUST|TRRUST_v2_snapshot_2026-08-25|mouse|trrust:mouse:000405	database_only_unverified	22B	database_curated_unverified	database_assertion	unknown			none_identified	none_claimed	not verified; source database only	not verified	Database presence and linked PMIDs do not establish exact-pair direct binding or perturbation, effect direction, or species/context scope.	Conservative source lead only; source_registry=TRRUST; database_ref_count=1; ref_head=17451368; no promotion asserted.
mouse	Creb3l4	Edem1	TRRUST|TRRUST_v2_snapshot_2026-08-25|mouse|trrust:mouse:000448	database_only_unverified	22B	database_curated_unverified	database_assertion	unknown			none_identified	none_claimed	not verified; source database only	not verified	Database presence and linked PMIDs do not establish exact-pair direct binding or perturbation, effect direction, or species/context scope.	Conservative source lead only; source_registry=TRRUST; database_ref_count=1; ref_head=15938716; no promotion asserted.
mouse	Crtc1	Creb1	TRRUST|TRRUST_v2_snapshot_2026-08-25|mouse|trrust:mouse:000494	database_only_unverified	22B	database_curated_unverified	database_assertion	unknown			none_identified	none_claimed	not verified; source database only	not verified	Database presence and linked PMIDs do not establish exact-pair direct binding or perturbation, effect direction, or species/context scope.	Conservative source lead only; source_registry=TRRUST; database_ref_count=1; ref_head=18495750; no promotion asserted.
mouse	Ctcfl	Gal3st1	TRRUST|TRRUST_v2_snapshot_2026-08-25|mouse|trrust:mouse:000521	database_only_unverified	22B	database_curated_unverified	database_assertion	unknown			none_identified	none_claimed	not verified; source database only	not verified	Database presence and linked PMIDs do not establish exact-pair direct binding or perturbation, effect direction, or species/context scope.	Conservative source lead only; source_registry=TRRUST; database_ref_count=1; ref_head=20231363; no promotion asserted.
mouse	Ddx5	Igf2	TRRUST|TRRUST_v2_snapshot_2026-08-25|mouse|trrust:mouse:000625	database_only_unverified	22B	database_curated_unverified	database_assertion	unknown			none_identified	none_claimed	not verified; source database only	not verified	Database presence and linked PMIDs do not establish exact-pair direct binding or perturbation, effect direction, or species/context scope.	Conservative source lead only; source_registry=TRRUST; database_ref_count=1; ref_head=20966046; no promotion asserted.
mouse	Foxl1	Wnt7b	TRRUST|TRRUST_v2_snapshot_2026-08-25|mouse|trrust:mouse:001428	database_only_unverified	22B	database_curated_unverified	database_assertion	unknown			none_identified	none_claimed	not verified; source database only	not verified	Database presence and linked PMIDs do not establish exact-pair direct binding or perturbation, effect direction, or species/context scope.	Conservative source lead only; source_registry=TRRUST; database_ref_count=1; ref_head=19841618; no promotion asserted.
mouse	Foxn4	Dll4	TRRUST|TRRUST_v2_snapshot_2026-08-25|mouse|trrust:mouse:001457	database_only_unverified	22B	database_curated_unverified	database_assertion	unknown			none_identified	none_claimed	not verified; source database only	not verified	Database presence and linked PMIDs do not establish exact-pair direct binding or perturbation, effect direction, or species/context scope.	Conservative source lead only; source_registry=TRRUST; database_ref_count=1; ref_head=24257627; no promotion asserted.
mouse	Gabpb1	Sod3	TRRUST|TRRUST_v2_snapshot_2026-08-25|mouse|trrust:mouse:001565	database_only_unverified	22B	database_curated_unverified	database_assertion	unknown			none_identified	none_claimed	not verified; source database only	not verified	Database presence and linked PMIDs do not establish exact-pair direct binding or perturbation, effect direction, or species/context scope.	Conservative source lead only; source_registry=TRRUST; database_ref_count=1; ref_head=12374566; no promotion asserted.
mouse	Glis3	Neurog3	TRRUST|TRRUST_v2_snapshot_2026-08-25|mouse|trrust:mouse:001723	database_only_unverified	22B	database_curated_unverified	database_assertion	unknown			none_identified	none_claimed	not verified; source database only	not verified	Database presence and linked PMIDs do not establish exact-pair direct binding or perturbation, effect direction, or species/context scope.	Conservative source lead only; source_registry=TRRUST; database_ref_count=1; ref_head=21786021; no promotion asserted.
mouse	Gtf2a1	Tnp1	TRRUST|TRRUST_v2_snapshot_2026-08-25|mouse|trrust:mouse:001732	database_only_unverified	22B	database_curated_unverified	database_assertion	unknown			none_identified	none_claimed	not verified; source database only	not verified	Database presence and linked PMIDs do not establish exact-pair direct binding or perturbation, effect direction, or species/context scope.	Conservative source lead only; source_registry=TRRUST; database_ref_count=1; ref_head=24176642; no promotion asserted.
mouse	Gtf2b	Hspb1	TRRUST|TRRUST_v2_snapshot_2026-08-25|mouse|trrust:mouse:001734	database_only_unverified	22B	database_curated_unverified	database_assertion	unknown			none_identified	none_claimed	not verified; source database only	not verified	Database presence and linked PMIDs do not establish exact-pair direct binding or perturbation, effect direction, or species/context scope.	Conservative source lead only; source_registry=TRRUST; database_ref_count=1; ref_head=17994014; no promotion asserted.
mouse	Gzf1	Hoxa10	TRRUST|TRRUST_v2_snapshot_2026-08-25|mouse|trrust:mouse:001759	database_only_unverified	22B	database_curated_unverified	database_assertion	unknown			none_identified	none_claimed	not verified; source database only	not verified	Database presence and linked PMIDs do not establish exact-pair direct binding or perturbation, effect direction, or species/context scope.	Conservative source lead only; source_registry=TRRUST; database_ref_count=1; ref_head=16049025; no promotion asserted.
mouse	Heyl	Nppa	TRRUST|TRRUST_v2_snapshot_2026-08-25|mouse|trrust:mouse:001852	database_only_unverified	22B	database_curated_unverified	database_assertion	unknown			none_identified	none_claimed	not verified; source database only	not verified	Database presence and linked PMIDs do not establish exact-pair direct binding or perturbation, effect direction, or species/context scope.	Conservative source lead only; source_registry=TRRUST; database_ref_count=1; ref_head=16199874; no promotion asserted.
mouse	Hltf	Scgb3a1	TRRUST|TRRUST_v2_snapshot_2026-08-25|mouse|trrust:mouse:001885	database_only_unverified	22B	database_curated_unverified	database_assertion	unknown			none_identified	none_claimed	not verified; source database only	not verified	Database presence and linked PMIDs do not establish exact-pair direct binding or perturbation, effect direction, or species/context scope.	Conservative source lead only; source_registry=TRRUST; database_ref_count=1; ref_head=23826137; no promotion asserted.
mouse	Hlx	Il12b	TRRUST|TRRUST_v2_snapshot_2026-08-25|mouse|trrust:mouse:001887	database_only_unverified	22B	database_curated_unverified	database_assertion	unknown			none_identified	none_claimed	not verified; source database only	not verified	Database presence and linked PMIDs do not establish exact-pair direct binding or perturbation, effect direction, or species/context scope.	Conservative source lead only; source_registry=TRRUST; database_ref_count=1; ref_head=21419047; no promotion asserted.
mouse	Hoxa4	Th	TRRUST|TRRUST_v2_snapshot_2026-08-25|mouse|trrust:mouse:001998	database_only_unverified	22B	database_curated_unverified	database_assertion	unknown			none_identified	none_claimed	not verified; source database only	not verified	Database presence and linked PMIDs do not establish exact-pair direct binding or perturbation, effect direction, or species/context scope.	Conservative source lead only; source_registry=TRRUST; database_ref_count=1; ref_head=12670698; no promotion asserted.
mouse	Hoxc6	Ncam1	TRRUST|TRRUST_v2_snapshot_2026-08-25|mouse|trrust:mouse:002024	database_only_unverified	22B	database_curated_unverified	database_assertion	unknown			none_identified	none_claimed	not verified; source database only	not verified	Database presence and linked PMIDs do not establish exact-pair direct binding or perturbation, effect direction, or species/context scope.	Conservative source lead only; source_registry=TRRUST; database_ref_count=1; ref_head=8393570; no promotion asserted.
mouse	Hr	Dlx3	TRRUST|TRRUST_v2_snapshot_2026-08-25|mouse|trrust:mouse:002034	database_only_unverified	22B	database_curated_unverified	database_assertion	unknown			none_identified	none_claimed	not verified; source database only	not verified	Database presence and linked PMIDs do not establish exact-pair direct binding or perturbation, effect direction, or species/context scope.	Conservative source lead only; source_registry=TRRUST; database_ref_count=1; ref_head=22442153; no promotion asserted.
mouse	Irf6	Nectin4	TRRUST|TRRUST_v2_snapshot_2026-08-25|mouse|trrust:mouse:002188	database_only_unverified	22B	database_curated_unverified	database_assertion	unknown			none_identified	none_claimed	not verified; source database only	not verified	Database presence and linked PMIDs do not establish exact-pair direct binding or perturbation, effect direction, or species/context scope.	Conservative source lead only; source_registry=TRRUST; database_ref_count=1; ref_head=25387952; no promotion asserted.
human	KDM5B	DNAJB12	OmniPath_DoRothEA|OmniPath_DoRothEA_snapshot_2026-08-25|human|omnipath_dorothea:human:005196:fb8bcef0b90d	database_only_unverified	22B	database_curated_unverified	database_assertion	unknown			none_identified	none_claimed	not verified; source database only	not verified	Database presence and linked PMIDs do not establish exact-pair direct binding or perturbation, effect direction, or species/context scope.	Conservative source lead only; source_registry=OmniPath_DoRothEA; database_ref_count=1; ref_head=24937458; no promotion asserted.
mouse	Mdm2	Trp53	TRRUST|TRRUST_v2_snapshot_2026-08-25|mouse|trrust:mouse:002630	database_only_unverified	22B	database_curated_unverified	database_assertion	unknown			none_identified	none_claimed	not verified; source database only	not verified	Database presence and linked PMIDs do not establish exact-pair direct binding or perturbation, effect direction, or species/context scope.	Conservative source lead only; source_registry=TRRUST; database_ref_count=1; ref_head=11781307; no promotion asserted.
mouse	Med23	Egr2	TRRUST|TRRUST_v2_snapshot_2026-08-25|mouse|trrust:mouse:002655	database_only_unverified	22B	database_curated_unverified	database_assertion	unknown			none_identified	none_claimed	not verified; source database only	not verified	Database presence and linked PMIDs do not establish exact-pair direct binding or perturbation, effect direction, or species/context scope.	Conservative source lead only; source_registry=TRRUST; database_ref_count=1; ref_head=25054639; no promotion asserted.
mouse	Mybbp1a	Per2	TRRUST|TRRUST_v2_snapshot_2026-08-25|mouse|trrust:mouse:002865	database_only_unverified	22B	database_curated_unverified	database_assertion	unknown			none_identified	none_claimed	not verified; source database only	not verified	Database presence and linked PMIDs do not establish exact-pair direct binding or perturbation, effect direction, or species/context scope.	Conservative source lead only; source_registry=TRRUST; database_ref_count=1; ref_head=19129230; no promotion asserted.
mouse	Nkx2-3	Madcam1	TRRUST|TRRUST_v2_snapshot_2026-08-25|mouse|trrust:mouse:003606	database_only_unverified	22B	database_curated_unverified	database_assertion	unknown			none_identified	none_claimed	not verified; source database only	not verified	Database presence and linked PMIDs do not establish exact-pair direct binding or perturbation, effect direction, or species/context scope.	Conservative source lead only; source_registry=TRRUST; database_ref_count=1; ref_head=25320278; no promotion asserted.
mouse	Sertad1	Tfdp1	TRRUST|TRRUST_v2_snapshot_2026-08-25|mouse|trrust:mouse:005026	database_only_unverified	22B	database_curated_unverified	database_assertion	unknown			none_identified	none_claimed	not verified; source database only	not verified	Database presence and linked PMIDs do not establish exact-pair direct binding or perturbation, effect direction, or species/context scope.	Conservative source lead only; source_registry=TRRUST; database_ref_count=1; ref_head=18940248; no promotion asserted.
mouse	Snd1	E2f1	TRRUST|TRRUST_v2_snapshot_2026-08-25|mouse|trrust:mouse:005372	database_only_unverified	22B	database_curated_unverified	database_assertion	unknown			none_identified	none_claimed	not verified; source database only	not verified	Database presence and linked PMIDs do not establish exact-pair direct binding or perturbation, effect direction, or species/context scope.	Conservative source lead only; source_registry=TRRUST; database_ref_count=1; ref_head=25627688; no promotion asserted.
mouse	Tbr1	Auts2	TRRUST|TRRUST_v2_snapshot_2026-08-25|mouse|trrust:mouse:006307	database_only_unverified	22B	database_curated_unverified	database_assertion	unknown			none_identified	none_claimed	not verified; source database only	not verified	Database presence and linked PMIDs do not establish exact-pair direct binding or perturbation, effect direction, or species/context scope.	Conservative source lead only; source_registry=TRRUST; database_ref_count=1; ref_head=20615956; no promotion asserted.
mouse	Tcf19	Ccne1	TRRUST|TRRUST_v2_snapshot_2026-08-25|mouse|trrust:mouse:006372	database_only_unverified	22B	database_curated_unverified	database_assertion	unknown			none_identified	none_claimed	not verified; source database only	not verified	Database presence and linked PMIDs do not establish exact-pair direct binding or perturbation, effect direction, or species/context scope.	Conservative source lead only; source_registry=TRRUST; database_ref_count=1; ref_head=15051733; no promotion asserted.
mouse	Tcfl5	Tcfl5	TRRUST|TRRUST_v2_snapshot_2026-08-25|mouse|trrust:mouse:006454	database_only_unverified	22B	database_curated_unverified	database_assertion	unknown			none_identified	none_claimed	not verified; source database only	not verified	Database presence and linked PMIDs do not establish exact-pair direct binding or perturbation, effect direction, or species/context scope.	Conservative source lead only; source_registry=TRRUST; database_ref_count=1; ref_head=15585666; no promotion asserted.
mouse	Thap11	Tmem115	OmniPath_DoRothEA|OmniPath_DoRothEA_snapshot_2026-08-25|mouse|omnipath_dorothea:mouse:013504:7b4776cc9985	database_only_unverified	22B	database_curated_unverified	database_assertion	unknown			none_identified	none_claimed	not verified; source database only	not verified	Database presence and linked PMIDs do not establish exact-pair direct binding or perturbation, effect direction, or species/context scope.	Conservative source lead only; source_registry=OmniPath_DoRothEA; database_ref_count=0; ref_head=; no promotion asserted.
mouse	Tial1	Thy1	TRRUST|TRRUST_v2_snapshot_2026-08-25|mouse|trrust:mouse:006515	database_only_unverified	22B	database_curated_unverified	database_assertion	unknown			none_identified	none_claimed	not verified; source database only	not verified	Database presence and linked PMIDs do not establish exact-pair direct binding or perturbation, effect direction, or species/context scope.	Conservative source lead only; source_registry=TRRUST; database_ref_count=1; ref_head=20412850; no promotion asserted.
mouse	Tob1	Ccnd1	TRRUST|TRRUST_v2_snapshot_2026-08-25|mouse|trrust:mouse:006530	database_only_unverified	22B	database_curated_unverified	database_assertion	unknown			none_identified	none_claimed	not verified; source database only	not verified	Database presence and linked PMIDs do not establish exact-pair direct binding or perturbation, effect direction, or species/context scope.	Conservative source lead only; source_registry=TRRUST; database_ref_count=1; ref_head=12756225; no promotion asserted.
mouse	Utf1	Tcf3	TRRUST|TRRUST_v2_snapshot_2026-08-25|mouse|trrust:mouse:006855	database_only_unverified	22B	database_curated_unverified	database_assertion	unknown			none_identified	none_claimed	not verified; source database only	not verified	Database presence and linked PMIDs do not establish exact-pair direct binding or perturbation, effect direction, or species/context scope.	Conservative source lead only; source_registry=TRRUST; database_ref_count=1; ref_head=9524124; no promotion asserted.
mouse	Grhl2	Liph	OmniPath_DoRothEA|OmniPath_DoRothEA_snapshot_2026-08-25|mouse|omnipath_dorothea:mouse:010637:7ed0b7bf2541	database_only_unverified	22B	database_curated_unverified	database_assertion	unknown			none_identified	none_claimed	not verified; source database only	not verified	Database presence and linked PMIDs do not establish exact-pair direct binding or perturbation, effect direction, or species/context scope.	Conservative source lead only; source_registry=OmniPath_DoRothEA; database_ref_count=0; ref_head=; no promotion asserted.
mouse	Sox13	Lrp5	OmniPath_DoRothEA|OmniPath_DoRothEA_snapshot_2026-08-25|mouse|omnipath_dorothea:mouse:011895:4d8e0bf5b4d1	database_only_unverified	22B	database_curated_unverified	database_assertion	unknown			none_identified	none_claimed	not verified; source database only	not verified	Database presence and linked PMIDs do not establish exact-pair direct binding or perturbation, effect direction, or species/context scope.	Conservative source lead only; source_registry=OmniPath_DoRothEA; database_ref_count=0; ref_head=; no promotion asserted.
mouse	Thap1	Fam20b	OmniPath_DoRothEA|OmniPath_DoRothEA_snapshot_2026-08-25|mouse|omnipath_dorothea:mouse:013498:674a76f4ae72	database_only_unverified	22B	database_curated_unverified	database_assertion	unknown			none_identified	none_claimed	not verified; source database only	not verified	Database presence and linked PMIDs do not establish exact-pair direct binding or perturbation, effect direction, or species/context scope.	Conservative source lead only; source_registry=OmniPath_DoRothEA; database_ref_count=0; ref_head=; no promotion asserted.
mouse	Znf740	Setd1b	OmniPath_DoRothEA|OmniPath_DoRothEA_snapshot_2026-08-25|mouse|omnipath_dorothea:mouse:014076:ab60e5655d93	database_only_unverified	22B	database_curated_unverified	database_assertion	unknown			none_identified	none_claimed	not verified; source database only	not verified	Database presence and linked PMIDs do not establish exact-pair direct binding or perturbation, effect direction, or species/context scope.	Conservative source lead only; source_registry=OmniPath_DoRothEA; database_ref_count=0; ref_head=; no promotion asserted.
mouse	F6Y2T6	E9QNX9	OmniPath_DoRothEA|OmniPath_DoRothEA_snapshot_2026-08-25|mouse|omnipath_dorothea:mouse:000283:63f787331cff	database_only_unverified	22B	database_curated_unverified	database_assertion	unknown			none_identified	none_claimed	not verified; source database only	not verified	Database presence and linked PMIDs do not establish exact-pair direct binding or perturbation, effect direction, or species/context scope.	Conservative source lead only; source_registry=OmniPath_DoRothEA; database_ref_count=26; ref_head=7497000;7791758;8184747;8390684;8702614; no promotion asserted.
mouse	A4QPD3	Il2	OmniPath_DoRothEA|OmniPath_DoRothEA_snapshot_2026-08-25|mouse|omnipath_dorothea:mouse:000736:6422994aa69f	database_only_unverified	22B	database_curated_unverified	database_assertion	unknown			none_identified	none_claimed	not verified; source database only	not verified	Database presence and linked PMIDs do not establish exact-pair direct binding or perturbation, effect direction, or species/context scope.	Conservative source lead only; source_registry=OmniPath_DoRothEA; database_ref_count=45; ref_head=7623820;7649478;7744006;7969133;7982907; no promotion asserted.
mouse	E9QQ91	Myc	OmniPath_DoRothEA|OmniPath_DoRothEA_snapshot_2026-08-25|mouse|omnipath_dorothea:mouse:003832:01515ab2d431	database_only_unverified	22B	database_curated_unverified	database_assertion	unknown			none_identified	none_claimed	not verified; source database only	not verified	Database presence and linked PMIDs do not establish exact-pair direct binding or perturbation, effect direction, or species/context scope.	Conservative source lead only; source_registry=OmniPath_DoRothEA; database_ref_count=38; ref_head=9727977;11973610;12095419;12591729;12622871; no promotion asserted.
mouse	Notch1	Gata2	TRRUST|TRRUST_v2_snapshot_2026-08-25|mouse|trrust:mouse:003652	database_only_unverified	22B	database_curated_unverified	database_assertion	unknown			none_identified	none_claimed	not verified; source database only	not verified	Database presence and linked PMIDs do not establish exact-pair direct binding or perturbation, effect direction, or species/context scope.	Conservative source lead only; source_registry=TRRUST; database_ref_count=2; ref_head=11719365;23267012; no promotion asserted.
mouse	A2A5C3	Erbb2	OmniPath_DoRothEA|OmniPath_DoRothEA_snapshot_2026-08-25|mouse|omnipath_dorothea:mouse:000713:ba824047c0de	database_only_unverified	22B	database_curated_unverified	database_assertion	unknown			none_identified	none_claimed	not verified; source database only	not verified	Database presence and linked PMIDs do not establish exact-pair direct binding or perturbation, effect direction, or species/context scope.	Conservative source lead only; source_registry=OmniPath_DoRothEA; database_ref_count=21; ref_head=7914192;9380403;10655108;11175365;11774202; no promotion asserted.
mouse	B5B2N2	Il2	OmniPath_DoRothEA|OmniPath_DoRothEA_snapshot_2026-08-25|mouse|omnipath_dorothea:mouse:001183:004b2ecf337e	database_only_unverified	22B	database_curated_unverified	database_assertion	unknown			none_identified	none_claimed	not verified; source database only	not verified	Database presence and linked PMIDs do not establish exact-pair direct binding or perturbation, effect direction, or species/context scope.	Conservative source lead only; source_registry=OmniPath_DoRothEA; database_ref_count=33; ref_head=7730629;7739550;8202141;8543769;8631809; no promotion asserted.
mouse	Tgfb1	Tbx21	TRRUST|TRRUST_v2_snapshot_2026-08-25|mouse|trrust:mouse:006499	database_only_unverified	22B	database_curated_unverified	database_assertion	unknown			none_identified	none_claimed	not verified; source database only	not verified	Database presence and linked PMIDs do not establish exact-pair direct binding or perturbation, effect direction, or species/context scope.	Conservative source lead only; source_registry=TRRUST; database_ref_count=1; ref_head=16237056; no promotion asserted.
mouse	Notch2	Tcf3	TRRUST|TRRUST_v2_snapshot_2026-08-25|mouse|trrust:mouse:003670	database_only_unverified	22B	database_curated_unverified	database_assertion	unknown			none_identified	none_claimed	not verified; source database only	not verified	Database presence and linked PMIDs do not establish exact-pair direct binding or perturbation, effect direction, or species/context scope.	Conservative source lead only; source_registry=TRRUST; database_ref_count=1; ref_head=9528794; no promotion asserted.
mouse	Nfatc4	Ptgs2	TRRUST|TRRUST_v2_snapshot_2026-08-25|mouse|trrust:mouse:003192	database_only_unverified	22B	database_curated_unverified	database_assertion	unknown			none_identified	none_claimed	not verified; source database only	not verified	Database presence and linked PMIDs do not establish exact-pair direct binding or perturbation, effect direction, or species/context scope.	Conservative source lead only; source_registry=TRRUST; database_ref_count=1; ref_head=16718377; no promotion asserted.
mouse	Tnf	Mmp9	TRRUST|TRRUST_v2_snapshot_2026-08-25|mouse|trrust:mouse:006527	database_only_unverified	22B	database_curated_unverified	database_assertion	unknown			none_identified	none_claimed	not verified; source database only	not verified	Database presence and linked PMIDs do not establish exact-pair direct binding or perturbation, effect direction, or species/context scope.	Conservative source lead only; source_registry=TRRUST; database_ref_count=1; ref_head=20332214; no promotion asserted.
mouse	Wnt1	Coro1a	TRRUST|TRRUST_v2_snapshot_2026-08-25|mouse|trrust:mouse:006880	database_only_unverified	22B	database_curated_unverified	database_assertion	unknown			none_identified	none_claimed	not verified; source database only	not verified	Database presence and linked PMIDs do not establish exact-pair direct binding or perturbation, effect direction, or species/context scope.	Conservative source lead only; source_registry=TRRUST; database_ref_count=1; ref_head=14557550; no promotion asserted.
mouse	Bmp4	Chst11	TRRUST|TRRUST_v2_snapshot_2026-08-25|mouse|trrust:mouse:000244	database_only_unverified	22B	database_curated_unverified	database_assertion	unknown			none_identified	none_claimed	not verified; source database only	not verified	Database presence and linked PMIDs do not establish exact-pair direct binding or perturbation, effect direction, or species/context scope.	Conservative source lead only; source_registry=TRRUST; database_ref_count=1; ref_head=25511584; no promotion asserted.
mouse	Bmp6	Mycn	TRRUST|TRRUST_v2_snapshot_2026-08-25|mouse|trrust:mouse:000245	database_only_unverified	22B	database_curated_unverified	database_assertion	unknown			none_identified	none_claimed	not verified; source database only	not verified	Database presence and linked PMIDs do not establish exact-pair direct binding or perturbation, effect direction, or species/context scope.	Conservative source lead only; source_registry=TRRUST; database_ref_count=1; ref_head=16931907; no promotion asserted.
mouse	Ccnd1	Cdkn2a	TRRUST|TRRUST_v2_snapshot_2026-08-25|mouse|trrust:mouse:000260	database_only_unverified	22B	database_curated_unverified	database_assertion	unknown			none_identified	none_claimed	not verified; source database only	not verified	Database presence and linked PMIDs do not establish exact-pair direct binding or perturbation, effect direction, or species/context scope.	Conservative source lead only; source_registry=TRRUST; database_ref_count=1; ref_head=23938323; no promotion asserted.
mouse	Cd7	Nfkb1	TRRUST|TRRUST_v2_snapshot_2026-08-25|mouse|trrust:mouse:000261	database_only_unverified	22B	database_curated_unverified	database_assertion	unknown			none_identified	none_claimed	not verified; source database only	not verified	Database presence and linked PMIDs do not establish exact-pair direct binding or perturbation, effect direction, or species/context scope.	Conservative source lead only; source_registry=TRRUST; database_ref_count=1; ref_head=18355446; no promotion asserted.
mouse	Csf2	Itgb3	TRRUST|TRRUST_v2_snapshot_2026-08-25|mouse|trrust:mouse:000512	database_only_unverified	22B	database_curated_unverified	database_assertion	unknown			none_identified	none_claimed	not verified; source database only	not verified	Database presence and linked PMIDs do not establish exact-pair direct binding or perturbation, effect direction, or species/context scope.	Conservative source lead only; source_registry=TRRUST; database_ref_count=1; ref_head=11241672; no promotion asserted.
mouse	Ctf1	Tgfb1	TRRUST|TRRUST_v2_snapshot_2026-08-25|mouse|trrust:mouse:000522	database_only_unverified	22B	database_curated_unverified	database_assertion	unknown			none_identified	none_claimed	not verified; source database only	not verified	Database presence and linked PMIDs do not establish exact-pair direct binding or perturbation, effect direction, or species/context scope.	Conservative source lead only; source_registry=TRRUST; database_ref_count=1; ref_head=8543151; no promotion asserted.
mouse	Dmp1	Trp53	TRRUST|TRRUST_v2_snapshot_2026-08-25|mouse|trrust:mouse:000656	database_only_unverified	22B	database_curated_unverified	database_assertion	unknown			none_identified	none_claimed	not verified; source database only	not verified	Database presence and linked PMIDs do not establish exact-pair direct binding or perturbation, effect direction, or species/context scope.	Conservative source lead only; source_registry=TRRUST; database_ref_count=1; ref_head=22331460; no promotion asserted.
mouse	Edn1	Ren1	TRRUST|TRRUST_v2_snapshot_2026-08-25|mouse|trrust:mouse:000780	database_only_unverified	22B	database_curated_unverified	database_assertion	unknown			none_identified	none_claimed	not verified; source database only	not verified	Database presence and linked PMIDs do not establish exact-pair direct binding or perturbation, effect direction, or species/context scope.	Conservative source lead only; source_registry=TRRUST; database_ref_count=1; ref_head=14761860; no promotion asserted.
human	EGF	STAT1	TRRUST|TRRUST_v2_snapshot_2026-08-25|human|trrust:human:001402	database_only_unverified	22B	database_curated_unverified	database_assertion	unknown			none_identified	none_claimed	not verified; source database only	not verified	Database presence and linked PMIDs do not establish exact-pair direct binding or perturbation, effect direction, or species/context scope.	Conservative source lead only; source_registry=TRRUST; database_ref_count=1; ref_head=11939722; no promotion asserted.
mouse	Epo	Osm	TRRUST|TRRUST_v2_snapshot_2026-08-25|mouse|trrust:mouse:001020	database_only_unverified	22B	database_curated_unverified	database_assertion	unknown			none_identified	none_claimed	not verified; source database only	not verified	Database presence and linked PMIDs do not establish exact-pair direct binding or perturbation, effect direction, or species/context scope.	Conservative source lead only; source_registry=TRRUST; database_ref_count=1; ref_head=8605875; no promotion asserted.
mouse	Epor	Cish	TRRUST|TRRUST_v2_snapshot_2026-08-25|mouse|trrust:mouse:001021	database_only_unverified	22B	database_curated_unverified	database_assertion	unknown			none_identified	none_claimed	not verified; source database only	not verified	Database presence and linked PMIDs do not establish exact-pair direct binding or perturbation, effect direction, or species/context scope.	Conservative source lead only; source_registry=TRRUST; database_ref_count=1; ref_head=9129017; no promotion asserted.
mouse	Gnrh1	Lhb	TRRUST|TRRUST_v2_snapshot_2026-08-25|mouse|trrust:mouse:001724	database_only_unverified	22B	database_curated_unverified	database_assertion	unknown			none_identified	none_claimed	not verified; source database only	not verified	Database presence and linked PMIDs do not establish exact-pair direct binding or perturbation, effect direction, or species/context scope.	Conservative source lead only; source_registry=TRRUST; database_ref_count=1; ref_head=17244763; no promotion asserted.
mouse	H3BJ24	Csf1r	OmniPath_DoRothEA|OmniPath_DoRothEA_snapshot_2026-08-25|mouse|omnipath_dorothea:mouse:005026:a03070012c8e	database_only_unverified	22B	database_curated_unverified	database_assertion	unknown			none_identified	none_claimed	not verified; source database only	not verified	Database presence and linked PMIDs do not establish exact-pair direct binding or perturbation, effect direction, or species/context scope.	Conservative source lead only; source_registry=OmniPath_DoRothEA; database_ref_count=3; ref_head=15286807;16781947;18799727; no promotion asserted.
mouse	Havcr2	Nelfcd	TRRUST|TRRUST_v2_snapshot_2026-08-25|mouse|trrust:mouse:001766	database_only_unverified	22B	database_curated_unverified	database_assertion	unknown			none_identified	none_claimed	not verified; source database only	not verified	Database presence and linked PMIDs do not establish exact-pair direct binding or perturbation, effect direction, or species/context scope.	Conservative source lead only; source_registry=TRRUST; database_ref_count=1; ref_head=23487424; no promotion asserted.
mouse	Hgf	Met	TRRUST|TRRUST_v2_snapshot_2026-08-25|mouse|trrust:mouse:001853	database_only_unverified	22B	database_curated_unverified	database_assertion	unknown			none_identified	none_claimed	not verified; source database only	not verified	Database presence and linked PMIDs do not establish exact-pair direct binding or perturbation, effect direction, or species/context scope.	Conservative source lead only; source_registry=TRRUST; database_ref_count=1; ref_head=10713700; no promotion asserted.
mouse	Il10	Foxc1	TRRUST|TRRUST_v2_snapshot_2026-08-25|mouse|trrust:mouse:002109	database_only_unverified	22B	database_curated_unverified	database_assertion	unknown			none_identified	none_claimed	not verified; source database only	not verified	Database presence and linked PMIDs do not establish exact-pair direct binding or perturbation, effect direction, or species/context scope.	Conservative source lead only; source_registry=TRRUST; database_ref_count=1; ref_head=19782461; no promotion asserted.
mouse	Il4	Itgb3	TRRUST|TRRUST_v2_snapshot_2026-08-25|mouse|trrust:mouse:002112	database_only_unverified	22B	database_curated_unverified	database_assertion	unknown			none_identified	none_claimed	not verified; source database only	not verified	Database presence and linked PMIDs do not establish exact-pair direct binding or perturbation, effect direction, or species/context scope.	Conservative source lead only; source_registry=TRRUST; database_ref_count=1; ref_head=11241672; no promotion asserted.
mouse	Notch4	Hey1	TRRUST|TRRUST_v2_snapshot_2026-08-25|mouse|trrust:mouse:003677	database_only_unverified	22B	database_curated_unverified	database_assertion	unknown			none_identified	none_claimed	not verified; source database only	not verified	Database presence and linked PMIDs do not establish exact-pair direct binding or perturbation, effect direction, or species/context scope.	Conservative source lead only; source_registry=TRRUST; database_ref_count=1; ref_head=23237809; no promotion asserted.
mouse	Prl	Csn2	TRRUST|TRRUST_v2_snapshot_2026-08-25|mouse|trrust:mouse:004517	database_only_unverified	22B	database_curated_unverified	database_assertion	unknown			none_identified	none_claimed	not verified; source database only	not verified	Database presence and linked PMIDs do not establish exact-pair direct binding or perturbation, effect direction, or species/context scope.	Conservative source lead only; source_registry=TRRUST; database_ref_count=1; ref_head=12060651; no promotion asserted.
mouse	Pth	Ccnd1	TRRUST|TRRUST_v2_snapshot_2026-08-25|mouse|trrust:mouse:004545	database_only_unverified	22B	database_curated_unverified	database_assertion	unknown			none_identified	none_claimed	not verified; source database only	not verified	Database presence and linked PMIDs do not establish exact-pair direct binding or perturbation, effect direction, or species/context scope.	Conservative source lead only; source_registry=TRRUST; database_ref_count=1; ref_head=17501623; no promotion asserted.
mouse	Pthlh	Cdk1	TRRUST|TRRUST_v2_snapshot_2026-08-25|mouse|trrust:mouse:004547	database_only_unverified	22B	database_curated_unverified	database_assertion	unknown			none_identified	none_claimed	not verified; source database only	not verified	Database presence and linked PMIDs do not establish exact-pair direct binding or perturbation, effect direction, or species/context scope.	Conservative source lead only; source_registry=TRRUST; database_ref_count=1; ref_head=17501623; no promotion asserted.
mouse	Shh	Gli1	TRRUST|TRRUST_v2_snapshot_2026-08-25|mouse|trrust:mouse:005047	database_only_unverified	22B	database_curated_unverified	database_assertion	unknown			none_identified	none_claimed	not verified; source database only	not verified	Database presence and linked PMIDs do not establish exact-pair direct binding or perturbation, effect direction, or species/context scope.	Conservative source lead only; source_registry=TRRUST; database_ref_count=1; ref_head=9438426; no promotion asserted.
human	STAT5	BCL6	TRRUST|TRRUST_v2_snapshot_2026-08-25|human|trrust:human:008120	database_only_unverified	22B	database_curated_unverified	database_assertion	unknown			none_identified	none_claimed	not verified; source database only	not verified	Database presence and linked PMIDs do not establish exact-pair direct binding or perturbation, effect direction, or species/context scope.	Conservative source lead only; source_registry=TRRUST; database_ref_count=1; ref_head=23716595; no promotion asserted.
mouse	Tlr4	Csf3	TRRUST|TRRUST_v2_snapshot_2026-08-25|mouse|trrust:mouse:006522	database_only_unverified	22B	database_curated_unverified	database_assertion	unknown			none_identified	none_claimed	not verified; source database only	not verified	Database presence and linked PMIDs do not establish exact-pair direct binding or perturbation, effect direction, or species/context scope.	Conservative source lead only; source_registry=TRRUST; database_ref_count=1; ref_head=21455770; no promotion asserted.
mouse	Wnt5a	Ret	TRRUST|TRRUST_v2_snapshot_2026-08-25|mouse|trrust:mouse:006882	database_only_unverified	22B	database_curated_unverified	database_assertion	unknown			none_identified	none_claimed	not verified; source database only	not verified	Database presence and linked PMIDs do not establish exact-pair direct binding or perturbation, effect direction, or species/context scope.	Conservative source lead only; source_registry=TRRUST; database_ref_count=1; ref_head=14557550; no promotion asserted.
human	RORC	IL17A	OmniPath_DoRothEA|OmniPath_DoRothEA_snapshot_2026-08-25|human|omnipath_dorothea:human:004587:3b02d743927b	database_only_unverified	22B	database_curated_unverified	database_assertion	unknown			none_identified	none_claimed	not verified; source database only	not verified	Database presence and linked PMIDs do not establish exact-pair direct binding or perturbation, effect direction, or species/context scope.	Conservative source lead only; source_registry=OmniPath_DoRothEA; database_ref_count=28; ref_head=16990136;18164222;18434325;18504307;18585065; no promotion asserted.
mouse	E9PZJ2	Irf7	OmniPath_DoRothEA|OmniPath_DoRothEA_snapshot_2026-08-25|mouse|omnipath_dorothea:mouse:005016:cda6dcd6a0ab	database_only_unverified	22B	database_curated_unverified	database_assertion	unknown			none_identified	none_claimed	not verified; source database only	not verified	Database presence and linked PMIDs do not establish exact-pair direct binding or perturbation, effect direction, or species/context scope.	Conservative source lead only; source_registry=OmniPath_DoRothEA; database_ref_count=9; ref_head=9877175;10924517;11877397;12768031;15664995; no promotion asserted.
mouse	Trp73	Trp53	TRRUST|TRRUST_v2_snapshot_2026-08-25|mouse|trrust:mouse:006764	database_only_unverified	22B	database_curated_unverified	database_assertion	unknown			none_identified	none_claimed	not verified; source database only	not verified	Database presence and linked PMIDs do not establish exact-pair direct binding or perturbation, effect direction, or species/context scope.	Conservative source lead only; source_registry=TRRUST; database_ref_count=2; ref_head=10894779;12897129; no promotion asserted.
human	HDAC9	MEF2A	TRRUST|TRRUST_v2_snapshot_2026-08-25|human|trrust:human:002789	database_only_unverified	22B	database_curated_unverified	database_assertion	unknown			none_identified	none_claimed	not verified; source database only	not verified	Database presence and linked PMIDs do not establish exact-pair direct binding or perturbation, effect direction, or species/context scope.	Conservative source lead only; source_registry=TRRUST; database_ref_count=2; ref_head=12242305;15194749; no promotion asserted.
mouse	G3X8Q7	F6Y2T6	OmniPath_DoRothEA|OmniPath_DoRothEA_snapshot_2026-08-25|mouse|omnipath_dorothea:mouse:002462:eda005f3fbf3	database_only_unverified	22B	database_curated_unverified	database_assertion	unknown			none_identified	none_claimed	not verified; source database only	not verified	Database presence and linked PMIDs do not establish exact-pair direct binding or perturbation, effect direction, or species/context scope.	Conservative source lead only; source_registry=OmniPath_DoRothEA; database_ref_count=11; ref_head=8760285;9178767;9336463;9916932;11850818; no promotion asserted.
human	HDAC7	MMP10	TRRUST|TRRUST_v2_snapshot_2026-08-25|human|trrust:human:002777	database_only_unverified	22B	database_curated_unverified	database_assertion	unknown			none_identified	none_claimed	not verified; source database only	not verified	Database presence and linked PMIDs do not establish exact-pair direct binding or perturbation, effect direction, or species/context scope.	Conservative source lead only; source_registry=TRRUST; database_ref_count=2; ref_head=16873063;20693714; no promotion asserted.
human	NPM1	USP7	TRRUST|TRRUST_v2_snapshot_2026-08-25|human|trrust:human:005029	database_only_unverified	22B	database_curated_unverified	database_assertion	unknown			none_identified	none_claimed	not verified; source database only	not verified	Database presence and linked PMIDs do not establish exact-pair direct binding or perturbation, effect direction, or species/context scope.	Conservative source lead only; source_registry=TRRUST; database_ref_count=1; ref_head=23183427; no promotion asserted.
human	ENO1	MYC	TRRUST|TRRUST_v2_snapshot_2026-08-25|human|trrust:human:001589	database_only_unverified	22B	database_curated_unverified	database_assertion	unknown			none_identified	none_claimed	not verified; source database only	not verified	Database presence and linked PMIDs do not establish exact-pair direct binding or perturbation, effect direction, or species/context scope.	Conservative source lead only; source_registry=TRRUST; database_ref_count=5; ref_head=7880838;10528225;10802057;18490439;20412594; no promotion asserted.
human	HIPK2	VEGFA	TRRUST|TRRUST_v2_snapshot_2026-08-25|human|trrust:human:002946	database_only_unverified	22B	database_curated_unverified	database_assertion	unknown			none_identified	none_claimed	not verified; source database only	not verified	Database presence and linked PMIDs do not establish exact-pair direct binding or perturbation, effect direction, or species/context scope.	Conservative source lead only; source_registry=TRRUST; database_ref_count=2; ref_head=18644116;19046997; no promotion asserted.
mouse	Tbx1	Fgf10	TRRUST|TRRUST_v2_snapshot_2026-08-25|mouse|trrust:mouse:006309	database_only_unverified	22B	database_curated_unverified	database_assertion	unknown			none_identified	none_claimed	not verified; source database only	not verified	Database presence and linked PMIDs do not establish exact-pair direct binding or perturbation, effect direction, or species/context scope.	Conservative source lead only; source_registry=TRRUST; database_ref_count=2; ref_head=15175244;23093675; no promotion asserted.
human	TFAP4	MDM2	OmniPath_DoRothEA|OmniPath_DoRothEA_snapshot_2026-08-25|human|omnipath_dorothea:human:001459:0f144f054e6c	database_only_unverified	22B	database_curated_unverified	database_assertion	unknown			none_identified	none_claimed	not verified; source database only	not verified	Database presence and linked PMIDs do not establish exact-pair direct binding or perturbation, effect direction, or species/context scope.	Conservative source lead only; source_registry=OmniPath_DoRothEA; database_ref_count=2; ref_head=14990790;19505873; no promotion asserted.
mouse	Trp63	Vegfa	TRRUST|TRRUST_v2_snapshot_2026-08-25|mouse|trrust:mouse:006745	database_only_unverified	22B	database_curated_unverified	database_assertion	unknown			none_identified	none_claimed	not verified; source database only	not verified	Database presence and linked PMIDs do not establish exact-pair direct binding or perturbation, effect direction, or species/context scope.	Conservative source lead only; source_registry=TRRUST; database_ref_count=1; ref_head=11971180; no promotion asserted.
mouse	E9QPS1	Akr1c6	OmniPath_DoRothEA|OmniPath_DoRothEA_snapshot_2026-08-25|mouse|omnipath_dorothea:mouse:003406:e24ad03c857a	database_only_unverified	22B	database_curated_unverified	database_assertion	unknown			none_identified	none_claimed	not verified; source database only	not verified	Database presence and linked PMIDs do not establish exact-pair direct binding or perturbation, effect direction, or species/context scope.	Conservative source lead only; source_registry=OmniPath_DoRothEA; database_ref_count=4; ref_head=2044952;11284743;12220531;12544512; no promotion asserted.
human	HDAC5	YY1	TRRUST|TRRUST_v2_snapshot_2026-08-25|human|trrust:human:002764	database_only_unverified	22B	database_curated_unverified	database_assertion	unknown			none_identified	none_claimed	not verified; source database only	not verified	Database presence and linked PMIDs do not establish exact-pair direct binding or perturbation, effect direction, or species/context scope.	Conservative source lead only; source_registry=TRRUST; database_ref_count=1; ref_head=18632988; no promotion asserted.
human	HNF4G	AKR1C4	OmniPath_DoRothEA|OmniPath_DoRothEA_snapshot_2026-08-25|human|omnipath_dorothea:human:003414:a6867ef37fbe	database_only_unverified	22B	database_curated_unverified	database_assertion	unknown			none_identified	none_claimed	not verified; source database only	not verified	Database presence and linked PMIDs do not establish exact-pair direct binding or perturbation, effect direction, or species/context scope.	Conservative source lead only; source_registry=OmniPath_DoRothEA; database_ref_count=4; ref_head=2044952;11284743;12220531;12544512; no promotion asserted.
mouse	Myf5	Trp73	TRRUST|TRRUST_v2_snapshot_2026-08-25|mouse|trrust:mouse:002955	database_only_unverified	22B	database_curated_unverified	database_assertion	unknown			none_identified	none_claimed	not verified; source database only	not verified	Database presence and linked PMIDs do not establish exact-pair direct binding or perturbation, effect direction, or species/context scope.	Conservative source lead only; source_registry=TRRUST; database_ref_count=1; ref_head=16007124; no promotion asserted.
mouse	G3UYV8	A0A0R4J0U3	OmniPath_DoRothEA|OmniPath_DoRothEA_snapshot_2026-08-25|mouse|omnipath_dorothea:mouse:000825:1a1a92047a37	database_only_unverified	22B	database_curated_unverified	database_assertion	unknown			none_identified	none_claimed	not verified; source database only	not verified	Database presence and linked PMIDs do not establish exact-pair direct binding or perturbation, effect direction, or species/context scope.	Conservative source lead only; source_registry=OmniPath_DoRothEA; database_ref_count=7; ref_head=11441147;16636276;17660446;22039518;24099911; no promotion asserted.
human	TEAD1	SRF	TRRUST|TRRUST_v2_snapshot_2026-08-25|human|trrust:human:008314	database_only_unverified	22B	database_curated_unverified	database_assertion	unknown			none_identified	none_claimed	not verified; source database only	not verified	Database presence and linked PMIDs do not establish exact-pair direct binding or perturbation, effect direction, or species/context scope.	Conservative source lead only; source_registry=TRRUST; database_ref_count=1; ref_head=24344135; no promotion asserted.
human	TLX1	ALDH1A1	OmniPath_DoRothEA|OmniPath_DoRothEA_snapshot_2026-08-25|human|omnipath_dorothea:human:001202:555c636a0d9f	database_only_unverified	22B	database_curated_unverified	database_assertion	unknown			none_identified	none_claimed	not verified; source database only	not verified	Database presence and linked PMIDs do not establish exact-pair direct binding or perturbation, effect direction, or species/context scope.	Conservative source lead only; source_registry=OmniPath_DoRothEA; database_ref_count=6; ref_head=9819390;12586625;16357834;18073142;18082256; no promotion asserted.
human	ZNF202	ABCA1	OmniPath_DoRothEA|OmniPath_DoRothEA_snapshot_2026-08-25|human|omnipath_dorothea:human:003926:dfd6e8fc80d3	database_only_unverified	22B	database_curated_unverified	database_assertion	unknown			none_identified	none_claimed	not verified; source database only	not verified	Database presence and linked PMIDs do not establish exact-pair direct binding or perturbation, effect direction, or species/context scope.	Conservative source lead only; source_registry=OmniPath_DoRothEA; database_ref_count=6; ref_head=11279031;12611910;15262183;15922656;22498566; no promotion asserted.
mouse	E9QKT0	Jun	OmniPath_DoRothEA|OmniPath_DoRothEA_snapshot_2026-08-25|mouse|omnipath_dorothea:mouse:001040:1520d3dc154f	database_only_unverified	22B	database_curated_unverified	database_assertion	unknown			none_identified	none_claimed	not verified; source database only	not verified	Database presence and linked PMIDs do not establish exact-pair direct binding or perturbation, effect direction, or species/context scope.	Conservative source lead only; source_registry=OmniPath_DoRothEA; database_ref_count=6; ref_head=7760790;8798771;9252389;12054430;12075451; no promotion asserted.
mouse	Pax7	Pax3	TRRUST|TRRUST_v2_snapshot_2026-08-25|mouse|trrust:mouse:004095	database_only_unverified	22B	database_curated_unverified	database_assertion	unknown			none_identified	none_claimed	not verified; source database only	not verified	Database presence and linked PMIDs do not establish exact-pair direct binding or perturbation, effect direction, or species/context scope.	Conservative source lead only; source_registry=TRRUST; database_ref_count=1; ref_head=18513381; no promotion asserted.
mouse	Bcl11b	Zbtb7b	TRRUST|TRRUST_v2_snapshot_2026-08-25|mouse|trrust:mouse:000189	database_only_unverified	22B	database_curated_unverified	database_assertion	unknown			none_identified	none_claimed	not verified; source database only	not verified	Database presence and linked PMIDs do not establish exact-pair direct binding or perturbation, effect direction, or species/context scope.	Conservative source lead only; source_registry=TRRUST; database_ref_count=1; ref_head=20544728; no promotion asserted.
mouse	Dmtf1	Cdkn2a	TRRUST|TRRUST_v2_snapshot_2026-08-25|mouse|trrust:mouse:000661	database_only_unverified	22B	database_curated_unverified	database_assertion	unknown			none_identified	none_claimed	not verified; source database only	not verified	Database presence and linked PMIDs do not establish exact-pair direct binding or perturbation, effect direction, or species/context scope.	Conservative source lead only; source_registry=TRRUST; database_ref_count=2; ref_head=17546045;23938323; no promotion asserted.
mouse	E9Q2D3	Abca1	OmniPath_DoRothEA|OmniPath_DoRothEA_snapshot_2026-08-25|mouse|omnipath_dorothea:mouse:003861:9ac40ecd525a	database_only_unverified	22B	database_curated_unverified	database_assertion	unknown			none_identified	none_claimed	not verified; source database only	not verified	Database presence and linked PMIDs do not establish exact-pair direct binding or perturbation, effect direction, or species/context scope.	Conservative source lead only; source_registry=OmniPath_DoRothEA; database_ref_count=6; ref_head=11279031;12611910;15262183;15922656;22498566; no promotion asserted.
mouse	Etv2	Tek	TRRUST|TRRUST_v2_snapshot_2026-08-25|mouse|trrust:mouse:001196	database_only_unverified	22B	database_curated_unverified	database_assertion	unknown			none_identified	none_claimed	not verified; source database only	not verified	Database presence and linked PMIDs do not establish exact-pair direct binding or perturbation, effect direction, or species/context scope.	Conservative source lead only; source_registry=TRRUST; database_ref_count=1; ref_head=19129488; no promotion asserted.
mouse	Rnf2	Zfp42	TRRUST|TRRUST_v2_snapshot_2026-08-25|mouse|trrust:mouse:004876	database_only_unverified	22B	database_curated_unverified	database_assertion	unknown			none_identified	none_claimed	not verified; source database only	not verified	Database presence and linked PMIDs do not establish exact-pair direct binding or perturbation, effect direction, or species/context scope.	Conservative source lead only; source_registry=TRRUST; database_ref_count=1; ref_head=18493325; no promotion asserted.
mouse	Six3	Wnt1	TRRUST|TRRUST_v2_snapshot_2026-08-25|mouse|trrust:mouse:005114	database_only_unverified	22B	database_curated_unverified	database_assertion	unknown			none_identified	none_claimed	not verified; source database only	not verified	Database presence and linked PMIDs do not establish exact-pair direct binding or perturbation, effect direction, or species/context scope.	Conservative source lead only; source_registry=TRRUST; database_ref_count=2; ref_head=18094027;20682799; no promotion asserted.
mouse	Tbx6	Mesp2	TRRUST|TRRUST_v2_snapshot_2026-08-25|mouse|trrust:mouse:006361	database_only_unverified	22B	database_curated_unverified	database_assertion	unknown			none_identified	none_claimed	not verified; source database only	not verified	Database presence and linked PMIDs do not establish exact-pair direct binding or perturbation, effect direction, or species/context scope.	Conservative source lead only; source_registry=TRRUST; database_ref_count=2; ref_head=18849530;20346937; no promotion asserted.
mouse	Dlx2	Pagr1a	TRRUST|TRRUST_v2_snapshot_2026-08-25|mouse|trrust:mouse:000635	database_only_unverified	22B	database_curated_unverified	database_assertion	unknown			none_identified	none_claimed	not verified; source database only	not verified	Database presence and linked PMIDs do not establish exact-pair direct binding or perturbation, effect direction, or species/context scope.	Conservative source lead only; source_registry=TRRUST; database_ref_count=1; ref_head=21098571; no promotion asserted.
human	DR1	TBP	TRRUST|TRRUST_v2_snapshot_2026-08-25|human|trrust:human:001179	database_only_unverified	22B	database_curated_unverified	database_assertion	unknown			none_identified	none_claimed	not verified; source database only	not verified	Database presence and linked PMIDs do not establish exact-pair direct binding or perturbation, effect direction, or species/context scope.	Conservative source lead only; source_registry=TRRUST; database_ref_count=1; ref_head=8670811; no promotion asserted.
mouse	E9PVV1	Cdk6	OmniPath_DoRothEA|OmniPath_DoRothEA_snapshot_2026-08-25|mouse|omnipath_dorothea:mouse:004669:9a370f9c449a	database_only_unverified	22B	database_curated_unverified	database_assertion	unknown			none_identified	none_claimed	not verified; source database only	not verified	Database presence and linked PMIDs do not establish exact-pair direct binding or perturbation, effect direction, or species/context scope.	Conservative source lead only; source_registry=OmniPath_DoRothEA; database_ref_count=3; ref_head=16782810;21536647;21788410; no promotion asserted.
mouse	E9Q1A8	Mif	OmniPath_DoRothEA|OmniPath_DoRothEA_snapshot_2026-08-25|mouse|omnipath_dorothea:mouse:002603:45251c1ab182	database_only_unverified	22B	database_curated_unverified	database_assertion	unknown			none_identified	none_claimed	not verified; source database only	not verified	Database presence and linked PMIDs do not establish exact-pair direct binding or perturbation, effect direction, or species/context scope.	Conservative source lead only; source_registry=OmniPath_DoRothEA; database_ref_count=3; ref_head=20383199;28935967;34013373; no promotion asserted.
human	ERCC2	XPA	TRRUST|TRRUST_v2_snapshot_2026-08-25|human|trrust:human:001671	database_only_unverified	22B	database_curated_unverified	database_assertion	unknown			none_identified	none_claimed	not verified; source database only	not verified	Database presence and linked PMIDs do not establish exact-pair direct binding or perturbation, effect direction, or species/context scope.	Conservative source lead only; source_registry=TRRUST; database_ref_count=1; ref_head=24953096; no promotion asserted.
mouse	Neurog2	Sema3c	TRRUST|TRRUST_v2_snapshot_2026-08-25|mouse|trrust:mouse:003133	database_only_unverified	22B	database_curated_unverified	database_assertion	unknown			none_identified	none_claimed	not verified; source database only	not verified	Database presence and linked PMIDs do not establish exact-pair direct binding or perturbation, effect direction, or species/context scope.	Conservative source lead only; source_registry=TRRUST; database_ref_count=1; ref_head=15328020; no promotion asserted.
mouse	Smad6	Map3k7	TRRUST|TRRUST_v2_snapshot_2026-08-25|mouse|trrust:mouse:005282	database_only_unverified	22B	database_curated_unverified	database_assertion	unknown			none_identified	none_claimed	not verified; source database only	not verified	Database presence and linked PMIDs do not establish exact-pair direct binding or perturbation, effect direction, or species/context scope.	Conservative source lead only; source_registry=TRRUST; database_ref_count=1; ref_head=10748100; no promotion asserted.
human	TAF1	TBP	TRRUST|TRRUST_v2_snapshot_2026-08-25|human|trrust:human:008194	database_only_unverified	22B	database_curated_unverified	database_assertion	unknown			none_identified	none_claimed	not verified; source database only	not verified	Database presence and linked PMIDs do not establish exact-pair direct binding or perturbation, effect direction, or species/context scope.	Conservative source lead only; source_registry=TRRUST; database_ref_count=1; ref_head=16858867; no promotion asserted.
mouse	Tgfb1i1	Tpt1	TRRUST|TRRUST_v2_snapshot_2026-08-25|mouse|trrust:mouse:006504	database_only_unverified	22B	database_curated_unverified	database_assertion	unknown			none_identified	none_claimed	not verified; source database only	not verified	Database presence and linked PMIDs do not establish exact-pair direct binding or perturbation, effect direction, or species/context scope.	Conservative source lead only; source_registry=TRRUST; database_ref_count=1; ref_head=14755691; no promotion asserted.
human	UHRF1	VEGFA	TRRUST|TRRUST_v2_snapshot_2026-08-25|human|trrust:human:008812	database_only_unverified	22B	database_curated_unverified	database_assertion	unknown			none_identified	none_claimed	not verified; source database only	not verified	Database presence and linked PMIDs do not establish exact-pair direct binding or perturbation, effect direction, or species/context scope.	Conservative source lead only; source_registry=TRRUST; database_ref_count=1; ref_head=17934516; no promotion asserted.
human	ZFHX3	CDKN1A	TRRUST|TRRUST_v2_snapshot_2026-08-25|human|trrust:human:009314	database_only_unverified	22B	database_curated_unverified	database_assertion	unknown			none_identified	none_claimed	not verified; source database only	not verified	Database presence and linked PMIDs do not establish exact-pair direct binding or perturbation, effect direction, or species/context scope.	Conservative source lead only; source_registry=TRRUST; database_ref_count=3; ref_head=14978340;15750593;20599712; no promotion asserted.
mouse	Zfp148	Gata1	TRRUST|TRRUST_v2_snapshot_2026-08-25|mouse|trrust:mouse:007007	database_only_unverified	22B	database_curated_unverified	database_assertion	unknown			none_identified	none_claimed	not verified; source database only	not verified	Database presence and linked PMIDs do not establish exact-pair direct binding or perturbation, effect direction, or species/context scope.	Conservative source lead only; source_registry=TRRUST; database_ref_count=2; ref_head=19723625;24549639; no promotion asserted.
human	ZNF24	VEGFA	TRRUST|TRRUST_v2_snapshot_2026-08-25|human|trrust:human:009366	database_only_unverified	22B	database_curated_unverified	database_assertion	unknown			none_identified	none_claimed	not verified; source database only	not verified	Database presence and linked PMIDs do not establish exact-pair direct binding or perturbation, effect direction, or species/context scope.	Conservative source lead only; source_registry=TRRUST; database_ref_count=2; ref_head=20510677;23212515; no promotion asserted.
mouse	B1AUF1	Smad7	OmniPath_DoRothEA|OmniPath_DoRothEA_snapshot_2026-08-25|mouse|omnipath_dorothea:mouse:003787:5cccf825dd59	database_only_unverified	22B	database_curated_unverified	database_assertion	unknown			none_identified	none_claimed	not verified; source database only	not verified	Database presence and linked PMIDs do not establish exact-pair direct binding or perturbation, effect direction, or species/context scope.	Conservative source lead only; source_registry=OmniPath_DoRothEA; database_ref_count=5; ref_head=15128733;16442497;19032343;19875456;28652077; no promotion asserted.
human	CTBP1	KRT18	TRRUST|TRRUST_v2_snapshot_2026-08-25|human|trrust:human:001002	database_only_unverified	22B	database_curated_unverified	database_assertion	unknown			none_identified	none_claimed	not verified; source database only	not verified	Database presence and linked PMIDs do not establish exact-pair direct binding or perturbation, effect direction, or species/context scope.	Conservative source lead only; source_registry=TRRUST; database_ref_count=1; ref_head=15831101; no promotion asserted.
human	DEK	PRDX5	TRRUST|TRRUST_v2_snapshot_2026-08-25|human|trrust:human:001119	database_only_unverified	22B	database_curated_unverified	database_assertion	unknown			none_identified	none_claimed	not verified; source database only	not verified	Database presence and linked PMIDs do not establish exact-pair direct binding or perturbation, effect direction, or species/context scope.	Conservative source lead only; source_registry=TRRUST; database_ref_count=1; ref_head=19229864; no promotion asserted.
human	EAPP	MAOB	TRRUST|TRRUST_v2_snapshot_2026-08-25|human|trrust:human:001397	database_only_unverified	22B	database_curated_unverified	database_assertion	unknown			none_identified	none_claimed	not verified; source database only	not verified	Database presence and linked PMIDs do not establish exact-pair direct binding or perturbation, effect direction, or species/context scope.	Conservative source lead only; source_registry=TRRUST; database_ref_count=1; ref_head=20980443; no promotion asserted.
human	GCM1	ERVW-1	TRRUST|TRRUST_v2_snapshot_2026-08-25|human|trrust:human:002507	database_only_unverified	22B	database_curated_unverified	database_assertion	unknown			none_identified	none_claimed	not verified; source database only	not verified	Database presence and linked PMIDs do not establish exact-pair direct binding or perturbation, effect direction, or species/context scope.	Conservative source lead only; source_registry=TRRUST; database_ref_count=2; ref_head=19692500;24478419; no promotion asserted.
human	GTF3A	STAT1	TRRUST|TRRUST_v2_snapshot_2026-08-25|human|trrust:human:002575	database_only_unverified	22B	database_curated_unverified	database_assertion	unknown			none_identified	none_claimed	not verified; source database only	not verified	Database presence and linked PMIDs do not establish exact-pair direct binding or perturbation, effect direction, or species/context scope.	Conservative source lead only; source_registry=TRRUST; database_ref_count=1; ref_head=12364590; no promotion asserted.
mouse	Hoxa2	Six2	TRRUST|TRRUST_v2_snapshot_2026-08-25|mouse|trrust:mouse:001996	database_only_unverified	22B	database_curated_unverified	database_assertion	unknown			none_identified	none_claimed	not verified; source database only	not verified	Database presence and linked PMIDs do not establish exact-pair direct binding or perturbation, effect direction, or species/context scope.	Conservative source lead only; source_registry=TRRUST; database_ref_count=1; ref_head=15634706; no promotion asserted.
human	IFI16	WT1	TRRUST|TRRUST_v2_snapshot_2026-08-25|human|trrust:human:003207	database_only_unverified	22B	database_curated_unverified	database_assertion	unknown			none_identified	none_claimed	not verified; source database only	not verified	Database presence and linked PMIDs do not establish exact-pair direct binding or perturbation, effect direction, or species/context scope.	Conservative source lead only; source_registry=TRRUST; database_ref_count=1; ref_head=18231640; no promotion asserted.
human	PA2G4	KLK3	TRRUST|TRRUST_v2_snapshot_2026-08-25|human|trrust:human:005300	database_only_unverified	22B	database_curated_unverified	database_assertion	unknown			none_identified	none_claimed	not verified; source database only	not verified	Database presence and linked PMIDs do not establish exact-pair direct binding or perturbation, effect direction, or species/context scope.	Conservative source lead only; source_registry=TRRUST; database_ref_count=1; ref_head=16254079; no promotion asserted.
mouse	Prrx1	Tnc	TRRUST|TRRUST_v2_snapshot_2026-08-25|mouse|trrust:mouse:004538	database_only_unverified	22B	database_curated_unverified	database_assertion	unknown			none_identified	none_claimed	not verified; source database only	not verified	Database presence and linked PMIDs do not establish exact-pair direct binding or perturbation, effect direction, or species/context scope.	Conservative source lead only; source_registry=TRRUST; database_ref_count=1; ref_head=11244566; no promotion asserted.
mouse	Smarca2	Tmem50a	TRRUST|TRRUST_v2_snapshot_2026-08-25|mouse|trrust:mouse:005297	database_only_unverified	22B	database_curated_unverified	database_assertion	unknown			none_identified	none_claimed	not verified; source database only	not verified	Database presence and linked PMIDs do not establish exact-pair direct binding or perturbation, effect direction, or species/context scope.	Conservative source lead only; source_registry=TRRUST; database_ref_count=1; ref_head=24042015; no promotion asserted.
mouse	Sp8	Nr2f1	TRRUST|TRRUST_v2_snapshot_2026-08-25|mouse|trrust:mouse:005938	database_only_unverified	22B	database_curated_unverified	database_assertion	unknown			none_identified	none_claimed	not verified; source database only	not verified	Database presence and linked PMIDs do not establish exact-pair direct binding or perturbation, effect direction, or species/context scope.	Conservative source lead only; source_registry=TRRUST; database_ref_count=1; ref_head=23307639; no promotion asserted.
mouse	Tcf21	Nr5a1	TRRUST|TRRUST_v2_snapshot_2026-08-25|mouse|trrust:mouse:006377	database_only_unverified	22B	database_curated_unverified	database_assertion	unknown			none_identified	none_claimed	not verified; source database only	not verified	Database presence and linked PMIDs do not establish exact-pair direct binding or perturbation, effect direction, or species/context scope.	Conservative source lead only; source_registry=TRRUST; database_ref_count=2; ref_head=11287187;23313103; no promotion asserted.
mouse	Zfpm1	Ms4a2	TRRUST|TRRUST_v2_snapshot_2026-08-25|mouse|trrust:mouse:007040	database_only_unverified	22B	database_curated_unverified	database_assertion	unknown			none_identified	none_claimed	not verified; source database only	not verified	Database presence and linked PMIDs do not establish exact-pair direct binding or perturbation, effect direction, or species/context scope.	Conservative source lead only; source_registry=TRRUST; database_ref_count=1; ref_head=16522818; no promotion asserted.
human	ZNF224	ALDOA	OmniPath_DoRothEA|OmniPath_DoRothEA_snapshot_2026-08-25|human|omnipath_dorothea:human:001829:187adb78a037	database_only_unverified	22B	database_curated_unverified	database_assertion	unknown			none_identified	none_claimed	not verified; source database only	not verified	Database presence and linked PMIDs do not establish exact-pair direct binding or perturbation, effect direction, or species/context scope.	Conservative source lead only; source_registry=OmniPath_DoRothEA; database_ref_count=4; ref_head=12527367;16150558;17900823;19741270; no promotion asserted.
human	ZNF350	TRIM28	TRRUST|TRRUST_v2_snapshot_2026-08-25|human|trrust:human:009377	database_only_unverified	22B	database_curated_unverified	database_assertion	unknown			none_identified	none_claimed	not verified; source database only	not verified	Database presence and linked PMIDs do not establish exact-pair direct binding or perturbation, effect direction, or species/context scope.	Conservative source lead only; source_registry=TRRUST; database_ref_count=1; ref_head=22975076; no promotion asserted.
human	BRD7	E2F3	TRRUST|TRRUST_v2_snapshot_2026-08-25|human|trrust:human:000522	database_only_unverified	22B	database_curated_unverified	database_assertion	unknown			none_identified	none_claimed	not verified; source database only	not verified	Database presence and linked PMIDs do not establish exact-pair direct binding or perturbation, effect direction, or species/context scope.	Conservative source lead only; source_registry=TRRUST; database_ref_count=1; ref_head=15137061; no promotion asserted.
human	BTAF1	TBP	TRRUST|TRRUST_v2_snapshot_2026-08-25|human|trrust:human:000529	database_only_unverified	22B	database_curated_unverified	database_assertion	unknown			none_identified	none_claimed	not verified; source database only	not verified	Database presence and linked PMIDs do not establish exact-pair direct binding or perturbation, effect direction, or species/context scope.	Conservative source lead only; source_registry=TRRUST; database_ref_count=3; ref_head=14988402;15509807;16858867; no promotion asserted.
human	CREB5	TNFRSF11B	TRRUST|TRRUST_v2_snapshot_2026-08-25|human|trrust:human:000935	database_only_unverified	22B	database_curated_unverified	database_assertion	unknown			none_identified	none_claimed	not verified; source database only	not verified	Database presence and linked PMIDs do not establish exact-pair direct binding or perturbation, effect direction, or species/context scope.	Conservative source lead only; source_registry=TRRUST; database_ref_count=1; ref_head=21132541; no promotion asserted.
mouse	D3Z4G2	A0A0R4J0H3	OmniPath_DoRothEA|OmniPath_DoRothEA_snapshot_2026-08-25|mouse|omnipath_dorothea:mouse:003746:b649d8075e17	database_only_unverified	22B	database_curated_unverified	database_assertion	unknown			none_identified	none_claimed	not verified; source database only	not verified	Database presence and linked PMIDs do not establish exact-pair direct binding or perturbation, effect direction, or species/context scope.	Conservative source lead only; source_registry=OmniPath_DoRothEA; database_ref_count=4; ref_head=10354480;10372988;18628516;19965921; no promotion asserted.
mouse	Hesx1	Prop1	TRRUST|TRRUST_v2_snapshot_2026-08-25|mouse|trrust:mouse:001837	database_only_unverified	22B	database_curated_unverified	database_assertion	unknown			none_identified	none_claimed	not verified; source database only	not verified	Database presence and linked PMIDs do not establish exact-pair direct binding or perturbation, effect direction, or species/context scope.	Conservative source lead only; source_registry=TRRUST; database_ref_count=1; ref_head=17445765; no promotion asserted.
human	HOXA7	VIM	TRRUST|TRRUST_v2_snapshot_2026-08-25|human|trrust:human:003106	database_only_unverified	22B	database_curated_unverified	database_assertion	unknown			none_identified	none_claimed	not verified; source database only	not verified	Database presence and linked PMIDs do not establish exact-pair direct binding or perturbation, effect direction, or species/context scope.	Conservative source lead only; source_registry=TRRUST; database_ref_count=1; ref_head=11742062; no promotion asserted.
human	KDM4B	WEE1	TRRUST|TRRUST_v2_snapshot_2026-08-25|human|trrust:human:003641	database_only_unverified	22B	database_curated_unverified	database_assertion	unknown			none_identified	none_claimed	not verified; source database only	not verified	Database presence and linked PMIDs do not establish exact-pair direct binding or perturbation, effect direction, or species/context scope.	Conservative source lead only; source_registry=TRRUST; database_ref_count=1; ref_head=20682797; no promotion asserted.
mouse	Meox1	Uncx	TRRUST|TRRUST_v2_snapshot_2026-08-25|mouse|trrust:mouse:002723	database_only_unverified	22B	database_curated_unverified	database_assertion	unknown			none_identified	none_claimed	not verified; source database only	not verified	Database presence and linked PMIDs do not establish exact-pair direct binding or perturbation, effect direction, or species/context scope.	Conservative source lead only; source_registry=TRRUST; database_ref_count=1; ref_head=19520072; no promotion asserted.
mouse	Mixl1	Gsc	TRRUST|TRRUST_v2_snapshot_2026-08-25|mouse|trrust:mouse:002755	database_only_unverified	22B	database_curated_unverified	database_assertion	unknown			none_identified	none_claimed	not verified; source database only	not verified	Database presence and linked PMIDs do not establish exact-pair direct binding or perturbation, effect direction, or species/context scope.	Conservative source lead only; source_registry=TRRUST; database_ref_count=2; ref_head=19711456;22164283; no promotion asserted.
mouse	Ndn	Myc	TRRUST|TRRUST_v2_snapshot_2026-08-25|mouse|trrust:mouse:003112	database_only_unverified	22B	database_curated_unverified	database_assertion	unknown			none_identified	none_claimed	not verified; source database only	not verified	Database presence and linked PMIDs do not establish exact-pair direct binding or perturbation, effect direction, or species/context scope.	Conservative source lead only; source_registry=TRRUST; database_ref_count=1; ref_head=11470523; no promotion asserted.
human	PTMA	TLR9	TRRUST|TRRUST_v2_snapshot_2026-08-25|human|trrust:human:005817	database_only_unverified	22B	database_curated_unverified	database_assertion	unknown			none_identified	none_claimed	not verified; source database only	not verified	Database presence and linked PMIDs do not establish exact-pair direct binding or perturbation, effect direction, or species/context scope.	Conservative source lead only; source_registry=TRRUST; database_ref_count=2; ref_head=21176371;21575365; no promotion asserted.
human	RB1CC1	RB1	TRRUST|TRRUST_v2_snapshot_2026-08-25|human|trrust:human:005912	database_only_unverified	22B	database_curated_unverified	database_assertion	unknown			none_identified	none_claimed	not verified; source database only	not verified	Database presence and linked PMIDs do not establish exact-pair direct binding or perturbation, effect direction, or species/context scope.	Conservative source lead only; source_registry=TRRUST; database_ref_count=2; ref_head=14533007;20614030; no promotion asserted.
human	SHOX	NPPB	TRRUST|TRRUST_v2_snapshot_2026-08-25|human|trrust:human:006649	database_only_unverified	22B	database_curated_unverified	database_assertion	unknown			none_identified	none_claimed	not verified; source database only	not verified	Database presence and linked PMIDs do not establish exact-pair direct binding or perturbation, effect direction, or species/context scope.	Conservative source lead only; source_registry=TRRUST; database_ref_count=1; ref_head=24421874; no promotion asserted.
human	TRAF6	TICAM1	TRRUST|TRRUST_v2_snapshot_2026-08-25|human|trrust:human:008704	database_only_unverified	22B	database_curated_unverified	database_assertion	unknown			none_identified	none_claimed	not verified; source database only	not verified	Database presence and linked PMIDs do not establish exact-pair direct binding or perturbation, effect direction, or species/context scope.	Conservative source lead only; source_registry=TRRUST; database_ref_count=2; ref_head=14530355;20047764; no promotion asserted.
mouse	Trp53bp1	Hc1	TRRUST|TRRUST_v2_snapshot_2026-08-25|mouse|trrust:mouse:006735	database_only_unverified	22B	database_curated_unverified	database_assertion	unknown			none_identified	none_claimed	not verified; source database only	not verified	Database presence and linked PMIDs do not establish exact-pair direct binding or perturbation, effect direction, or species/context scope.	Conservative source lead only; source_registry=TRRUST; database_ref_count=1; ref_head=23969417; no promotion asserted.
human	ZHX2	HNF1A	TRRUST|TRRUST_v2_snapshot_2026-08-25|human|trrust:human:009330	database_only_unverified	22B	database_curated_unverified	database_assertion	unknown			none_identified	none_claimed	not verified; source database only	not verified	Database presence and linked PMIDs do not establish exact-pair direct binding or perturbation, effect direction, or species/context scope.	Conservative source lead only; source_registry=TRRUST; database_ref_count=1; ref_head=18194454; no promotion asserted.
mouse	A3KN90	Atp1b1	OmniPath_DoRothEA|OmniPath_DoRothEA_snapshot_2026-08-25|mouse|omnipath_dorothea:mouse:003445:33790fdb819b	database_only_unverified	22B	database_curated_unverified	database_assertion	unknown			none_identified	none_claimed	not verified; source database only	not verified	Database presence and linked PMIDs do not establish exact-pair direct binding or perturbation, effect direction, or species/context scope.	Conservative source lead only; source_registry=OmniPath_DoRothEA; database_ref_count=3; ref_head=9694812;10329476;11216640; no promotion asserted.
mouse	A5D6P6	Mmp2	OmniPath_DoRothEA|OmniPath_DoRothEA_snapshot_2026-08-25|mouse|omnipath_dorothea:mouse:004711:b82c2e81b69c	database_only_unverified	22B	database_curated_unverified	database_assertion	unknown			none_identified	none_claimed	not verified; source database only	not verified	Database presence and linked PMIDs do not establish exact-pair direct binding or perturbation, effect direction, or species/context scope.	Conservative source lead only; source_registry=OmniPath_DoRothEA; database_ref_count=2; ref_head=20646316;30556860; no promotion asserted.
human	AIP	TFF1	TRRUST|TRRUST_v2_snapshot_2026-08-25|human|trrust:human:000051	database_only_unverified	22B	database_curated_unverified	database_assertion	unknown			none_identified	none_claimed	not verified; source database only	not verified	Database presence and linked PMIDs do not establish exact-pair direct binding or perturbation, effect direction, or species/context scope.	Conservative source lead only; source_registry=TRRUST; database_ref_count=1; ref_head=21984905; no promotion asserted.
human	BTF3	SSPN	TRRUST|TRRUST_v2_snapshot_2026-08-25|human|trrust:human:000538	database_only_unverified	22B	database_curated_unverified	database_assertion	unknown			none_identified	none_claimed	not verified; source database only	not verified	Database presence and linked PMIDs do not establish exact-pair direct binding or perturbation, effect direction, or species/context scope.	Conservative source lead only; source_registry=TRRUST; database_ref_count=1; ref_head=17312387; no promotion asserted.
human	CBFB	RUNX3	TRRUST|TRRUST_v2_snapshot_2026-08-25|human|trrust:human:000548	database_only_unverified	22B	database_curated_unverified	database_assertion	unknown			none_identified	none_claimed	not verified; source database only	not verified	Database presence and linked PMIDs do not establish exact-pair direct binding or perturbation, effect direction, or species/context scope.	Conservative source lead only; source_registry=TRRUST; database_ref_count=1; ref_head=24648201; no promotion asserted.
mouse	Chd7	Sox4	TRRUST|TRRUST_v2_snapshot_2026-08-25|mouse|trrust:mouse:000366	database_only_unverified	22B	database_curated_unverified	database_assertion	unknown			none_identified	none_claimed	not verified; source database only	not verified	Database presence and linked PMIDs do not establish exact-pair direct binding or perturbation, effect direction, or species/context scope.	Conservative source lead only; source_registry=TRRUST; database_ref_count=1; ref_head=23827709; no promotion asserted.
human	CTNNBIP1	STMN2	TRRUST|TRRUST_v2_snapshot_2026-08-25|human|trrust:human:001068	database_only_unverified	22B	database_curated_unverified	database_assertion	unknown			none_identified	none_claimed	not verified; source database only	not verified	Database presence and linked PMIDs do not establish exact-pair direct binding or perturbation, effect direction, or species/context scope.	Conservative source lead only; source_registry=TRRUST; database_ref_count=1; ref_head=16712787; no promotion asserted.
human	DDB2	XPA	TRRUST|TRRUST_v2_snapshot_2026-08-25|human|trrust:human:001088	database_only_unverified	22B	database_curated_unverified	database_assertion	unknown			none_identified	none_claimed	not verified; source database only	not verified	Database presence and linked PMIDs do not establish exact-pair direct binding or perturbation, effect direction, or species/context scope.	Conservative source lead only; source_registry=TRRUST; database_ref_count=1; ref_head=24953096; no promotion asserted.
mouse	Egr4	Slc12a5	TRRUST|TRRUST_v2_snapshot_2026-08-25|mouse|trrust:mouse:000878	database_only_unverified	22B	database_curated_unverified	database_assertion	unknown			none_identified	none_claimed	not verified; source database only	not verified	Database presence and linked PMIDs do not establish exact-pair direct binding or perturbation, effect direction, or species/context scope.	Conservative source lead only; source_registry=TRRUST; database_ref_count=2; ref_head=17192429;21837281; no promotion asserted.
human	ELL	MDM2	TRRUST|TRRUST_v2_snapshot_2026-08-25|human|trrust:human:001585	database_only_unverified	22B	database_curated_unverified	database_assertion	unknown			none_identified	none_claimed	not verified; source database only	not verified	Database presence and linked PMIDs do not establish exact-pair direct binding or perturbation, effect direction, or species/context scope.	Conservative source lead only; source_registry=TRRUST; database_ref_count=1; ref_head=15851483; no promotion asserted.
human	FOXE1	TPO	TRRUST|TRRUST_v2_snapshot_2026-08-25|human|trrust:human:002212	database_only_unverified	22B	database_curated_unverified	database_assertion	unknown			none_identified	none_claimed	not verified; source database only	not verified	Database presence and linked PMIDs do not establish exact-pair direct binding or perturbation, effect direction, or species/context scope.	Conservative source lead only; source_registry=TRRUST; database_ref_count=2; ref_head=10329730;20094846; no promotion asserted.
human	FOXF2	WASF2	TRRUST|TRRUST_v2_snapshot_2026-08-25|human|trrust:human:002222	database_only_unverified	22B	database_curated_unverified	database_assertion	unknown			none_identified	none_claimed	not verified; source database only	not verified	Database presence and linked PMIDs do not establish exact-pair direct binding or perturbation, effect direction, or species/context scope.	Conservative source lead only; source_registry=TRRUST; database_ref_count=1; ref_head=19562724; no promotion asserted.
human	FUBP1	MYC	TRRUST|TRRUST_v2_snapshot_2026-08-25|human|trrust:human:002336	database_only_unverified	22B	database_curated_unverified	database_assertion	unknown			none_identified	none_claimed	not verified; source database only	not verified	Database presence and linked PMIDs do not establish exact-pair direct binding or perturbation, effect direction, or species/context scope.	Conservative source lead only; source_registry=TRRUST; database_ref_count=3; ref_head=11239393;18193062;24117486; no promotion asserted.
mouse	G3UW90	Runx2	OmniPath_DoRothEA|OmniPath_DoRothEA_snapshot_2026-08-25|mouse|omnipath_dorothea:mouse:001800:2292427a6644	database_only_unverified	22B	database_curated_unverified	database_assertion	unknown			none_identified	none_claimed	not verified; source database only	not verified	Database presence and linked PMIDs do not establish exact-pair direct binding or perturbation, effect direction, or species/context scope.	Conservative source lead only; source_registry=OmniPath_DoRothEA; database_ref_count=3; ref_head=16140555;18424451;36990068; no promotion asserted.
human	ING2	TMEM71	TRRUST|TRRUST_v2_snapshot_2026-08-25|human|trrust:human:003235	database_only_unverified	22B	database_curated_unverified	database_assertion	unknown			none_identified	none_claimed	not verified; source database only	not verified	Database presence and linked PMIDs do not establish exact-pair direct binding or perturbation, effect direction, or species/context scope.	Conservative source lead only; source_registry=TRRUST; database_ref_count=1; ref_head=20676127; no promotion asserted.
human	PAWR	BCL2	TRRUST|TRRUST_v2_snapshot_2026-08-25|human|trrust:human:005328	database_only_unverified	22B	database_curated_unverified	database_assertion	unknown			none_identified	none_claimed	not verified; source database only	not verified	Database presence and linked PMIDs do not establish exact-pair direct binding or perturbation, effect direction, or species/context scope.	Conservative source lead only; source_registry=TRRUST; database_ref_count=2; ref_head=9989812;11912153; no promotion asserted.
mouse	Ppargc1b	Mfn2	TRRUST|TRRUST_v2_snapshot_2026-08-25|mouse|trrust:mouse:004497	database_only_unverified	22B	database_curated_unverified	database_assertion	unknown			none_identified	none_claimed	not verified; source database only	not verified	Database presence and linked PMIDs do not establish exact-pair direct binding or perturbation, effect direction, or species/context scope.	Conservative source lead only; source_registry=TRRUST; database_ref_count=1; ref_head=18974884; no promotion asserted.
human	RFX2	IL5RA	TRRUST|TRRUST_v2_snapshot_2026-08-25|human|trrust:human:006410	database_only_unverified	22B	database_curated_unverified	database_assertion	unknown			none_identified	none_claimed	not verified; source database only	not verified	Database presence and linked PMIDs do not establish exact-pair direct binding or perturbation, effect direction, or species/context scope.	Conservative source lead only; source_registry=TRRUST; database_ref_count=2; ref_head=10330134;10706293; no promotion asserted.
human	SNW1	VDR	TRRUST|TRRUST_v2_snapshot_2026-08-25|human|trrust:human:006843	database_only_unverified	22B	database_curated_unverified	database_assertion	unknown			none_identified	none_claimed	not verified; source database only	not verified	Database presence and linked PMIDs do not establish exact-pair direct binding or perturbation, effect direction, or species/context scope.	Conservative source lead only; source_registry=TRRUST; database_ref_count=1; ref_head=15225769; no promotion asserted.
mouse	Sox18	Prox1	TRRUST|TRRUST_v2_snapshot_2026-08-25|mouse|trrust:mouse:005409	database_only_unverified	22B	database_curated_unverified	database_assertion	unknown			none_identified	none_claimed	not verified; source database only	not verified	Database presence and linked PMIDs do not establish exact-pair direct binding or perturbation, effect direction, or species/context scope.	Conservative source lead only; source_registry=TRRUST; database_ref_count=1; ref_head=20360386; no promotion asserted.
mouse	Sox7	Sox4	TRRUST|TRRUST_v2_snapshot_2026-08-25|mouse|trrust:mouse:005463	database_only_unverified	22B	database_curated_unverified	database_assertion	unknown			none_identified	none_claimed	not verified; source database only	not verified	Database presence and linked PMIDs do not establish exact-pair direct binding or perturbation, effect direction, or species/context scope.	Conservative source lead only; source_registry=TRRUST; database_ref_count=1; ref_head=22231735; no promotion asserted.
human	SP100	ETS1	OmniPath_DoRothEA|OmniPath_DoRothEA_snapshot_2026-08-25|human|omnipath_dorothea:human:004662:0ed081d463c1	database_only_unverified	22B	database_curated_unverified	database_assertion	unknown			none_identified	none_claimed	not verified; source database only	not verified	Database presence and linked PMIDs do not establish exact-pair direct binding or perturbation, effect direction, or species/context scope.	Conservative source lead only; source_registry=OmniPath_DoRothEA; database_ref_count=3; ref_head=11909962;15247905;15592518; no promotion asserted.
mouse	Sufu	Gli3	TRRUST|TRRUST_v2_snapshot_2026-08-25|mouse|trrust:mouse:006269	database_only_unverified	22B	database_curated_unverified	database_assertion	unknown			none_identified	none_claimed	not verified; source database only	not verified	Database presence and linked PMIDs do not establish exact-pair direct binding or perturbation, effect direction, or species/context scope.	Conservative source lead only; source_registry=TRRUST; database_ref_count=1; ref_head=20360384; no promotion asserted.
mouse	Tlx3	Ret	TRRUST|TRRUST_v2_snapshot_2026-08-25|mouse|trrust:mouse:006525	database_only_unverified	22B	database_curated_unverified	database_assertion	unknown			none_identified	none_claimed	not verified; source database only	not verified	Database presence and linked PMIDs do not establish exact-pair direct binding or perturbation, effect direction, or species/context scope.	Conservative source lead only; source_registry=TRRUST; database_ref_count=1; ref_head=23804090; no promotion asserted.
human	TRERF1	LILRB4	TRRUST|TRRUST_v2_snapshot_2026-08-25|human|trrust:human:008712	database_only_unverified	22B	database_curated_unverified	database_assertion	unknown			none_identified	none_claimed	not verified; source database only	not verified	Database presence and linked PMIDs do not establish exact-pair direct binding or perturbation, effect direction, or species/context scope.	Conservative source lead only; source_registry=TRRUST; database_ref_count=1; ref_head=18652845; no promotion asserted.
human	TRIB3	ATF4	TRRUST|TRRUST_v2_snapshot_2026-08-25|human|trrust:human:008713	database_only_unverified	22B	database_curated_unverified	database_assertion	unknown			none_identified	none_claimed	not verified; source database only	not verified	Database presence and linked PMIDs do not establish exact-pair direct binding or perturbation, effect direction, or species/context scope.	Conservative source lead only; source_registry=TRRUST; database_ref_count=2; ref_head=15781252;17707795; no promotion asserted.
human	TSC22D3	FOXO4	TRRUST|TRRUST_v2_snapshot_2026-08-25|human|trrust:human:008735	database_only_unverified	22B	database_curated_unverified	database_assertion	unknown			none_identified	none_claimed	not verified; source database only	not verified	Database presence and linked PMIDs do not establish exact-pair direct binding or perturbation, effect direction, or species/context scope.	Conservative source lead only; source_registry=TRRUST; database_ref_count=1; ref_head=20018851; no promotion asserted.
mouse	Ttf1	Sftpc	TRRUST|TRRUST_v2_snapshot_2026-08-25|mouse|trrust:mouse:006773	database_only_unverified	22B	database_curated_unverified	database_assertion	unknown			none_identified	none_claimed	not verified; source database only	not verified	Database presence and linked PMIDs do not establish exact-pair direct binding or perturbation, effect direction, or species/context scope.	Conservative source lead only; source_registry=TRRUST; database_ref_count=3; ref_head=11733512;14645514;16613858; no promotion asserted.
mouse	Vsx2	Vsx1	TRRUST|TRRUST_v2_snapshot_2026-08-25|mouse|trrust:mouse:006875	database_only_unverified	22B	database_curated_unverified	database_assertion	unknown			none_identified	none_claimed	not verified; source database only	not verified	Database presence and linked PMIDs do not establish exact-pair direct binding or perturbation, effect direction, or species/context scope.	Conservative source lead only; source_registry=TRRUST; database_ref_count=1; ref_head=17919464; no promotion asserted.
mouse	Zfp385a	Trp53	TRRUST|TRRUST_v2_snapshot_2026-08-25|mouse|trrust:mouse:007021	database_only_unverified	22B	database_curated_unverified	database_assertion	unknown			none_identified	none_claimed	not verified; source database only	not verified	Database presence and linked PMIDs do not establish exact-pair direct binding or perturbation, effect direction, or species/context scope.	Conservative source lead only; source_registry=TRRUST; database_ref_count=1; ref_head=21402775; no promotion asserted.
mouse	Zfp423	Smad4	TRRUST|TRRUST_v2_snapshot_2026-08-25|mouse|trrust:mouse:007027	database_only_unverified	22B	database_curated_unverified	database_assertion	unknown			none_identified	none_claimed	not verified; source database only	not verified	Database presence and linked PMIDs do not establish exact-pair direct binding or perturbation, effect direction, or species/context scope.	Conservative source lead only; source_registry=TRRUST; database_ref_count=1; ref_head=16943432; no promotion asserted.
mouse	Zfpm2	Sox9	TRRUST|TRRUST_v2_snapshot_2026-08-25|mouse|trrust:mouse:007043	database_only_unverified	22B	database_curated_unverified	database_assertion	unknown			none_identified	none_claimed	not verified; source database only	not verified	Database presence and linked PMIDs do not establish exact-pair direct binding or perturbation, effect direction, or species/context scope.	Conservative source lead only; source_registry=TRRUST; database_ref_count=1; ref_head=17540364; no promotion asserted.
human	ARID1A	SMAD3	TRRUST|TRRUST_v2_snapshot_2026-08-25|human|trrust:human:000182	database_only_unverified	22B	database_curated_unverified	database_assertion	unknown			none_identified	none_claimed	not verified; source database only	not verified	Database presence and linked PMIDs do not establish exact-pair direct binding or perturbation, effect direction, or species/context scope.	Conservative source lead only; source_registry=TRRUST; database_ref_count=1; ref_head=21900401; no promotion asserted.
human	ATF7	TAF12	TRRUST|TRRUST_v2_snapshot_2026-08-25|human|trrust:human:000378	database_only_unverified	22B	database_curated_unverified	database_assertion	unknown			none_identified	none_claimed	not verified; source database only	not verified	Database presence and linked PMIDs do not establish exact-pair direct binding or perturbation, effect direction, or species/context scope.	Conservative source lead only; source_registry=TRRUST; database_ref_count=1; ref_head=15735663; no promotion asserted.
human	BHLHE41	MLH1	TRRUST|TRRUST_v2_snapshot_2026-08-25|human|trrust:human:000447	database_only_unverified	22B	database_curated_unverified	database_assertion	unknown			none_identified	none_claimed	not verified; source database only	not verified	Database presence and linked PMIDs do not establish exact-pair direct binding or perturbation, effect direction, or species/context scope.	Conservative source lead only; source_registry=TRRUST; database_ref_count=1; ref_head=24165159; no promotion asserted.
human	BRIP1	MLH1	TRRUST|TRRUST_v2_snapshot_2026-08-25|human|trrust:human:000524	database_only_unverified	22B	database_curated_unverified	database_assertion	unknown			none_identified	none_claimed	not verified; source database only	not verified	Database presence and linked PMIDs do not establish exact-pair direct binding or perturbation, effect direction, or species/context scope.	Conservative source lead only; source_registry=TRRUST; database_ref_count=1; ref_head=24351291; no promotion asserted.
human	CBX7	CDH1	TRRUST|TRRUST_v2_snapshot_2026-08-25|human|trrust:human:000550	database_only_unverified	22B	database_curated_unverified	database_assertion	unknown			none_identified	none_claimed	not verified; source database only	not verified	Database presence and linked PMIDs do not establish exact-pair direct binding or perturbation, effect direction, or species/context scope.	Conservative source lead only; source_registry=TRRUST; database_ref_count=1; ref_head=19706751; no promotion asserted.
mouse	Creb3l3	Smurf1	TRRUST|TRRUST_v2_snapshot_2026-08-25|mouse|trrust:mouse:000447	database_only_unverified	22B	database_curated_unverified	database_assertion	unknown			none_identified	none_claimed	not verified; source database only	not verified	Database presence and linked PMIDs do not establish exact-pair direct binding or perturbation, effect direction, or species/context scope.	Conservative source lead only; source_registry=TRRUST; database_ref_count=1; ref_head=25873397; no promotion asserted.
mouse	Dnmt3b	Vtn	TRRUST|TRRUST_v2_snapshot_2026-08-25|mouse|trrust:mouse:000685	database_only_unverified	22B	database_curated_unverified	database_assertion	unknown			none_identified	none_claimed	not verified; source database only	not verified	Database presence and linked PMIDs do not establish exact-pair direct binding or perturbation, effect direction, or species/context scope.	Conservative source lead only; source_registry=TRRUST; database_ref_count=1; ref_head=17579209; no promotion asserted.
mouse	Dot1l	Scnn1a	TRRUST|TRRUST_v2_snapshot_2026-08-25|mouse|trrust:mouse:000686	database_only_unverified	22B	database_curated_unverified	database_assertion	unknown			none_identified	none_claimed	not verified; source database only	not verified	Database presence and linked PMIDs do not establish exact-pair direct binding or perturbation, effect direction, or species/context scope.	Conservative source lead only; source_registry=TRRUST; database_ref_count=2; ref_head=17332896;19491102; no promotion asserted.
mouse	Elf5	Stat5a	TRRUST|TRRUST_v2_snapshot_2026-08-25|mouse|trrust:mouse:000912	database_only_unverified	22B	database_curated_unverified	database_assertion	unknown			none_identified	none_claimed	not verified; source database only	not verified	Database presence and linked PMIDs do not establish exact-pair direct binding or perturbation, effect direction, or species/context scope.	Conservative source lead only; source_registry=TRRUST; database_ref_count=1; ref_head=19269284; no promotion asserted.
mouse	Emx2	Pax6	TRRUST|TRRUST_v2_snapshot_2026-08-25|mouse|trrust:mouse:000930	database_only_unverified	22B	database_curated_unverified	database_assertion	unknown			none_identified	none_claimed	not verified; source database only	not verified	Database presence and linked PMIDs do not establish exact-pair direct binding or perturbation, effect direction, or species/context scope.	Conservative source lead only; source_registry=TRRUST; database_ref_count=1; ref_head=15294144; no promotion asserted.
mouse	F8VPV3	Apoe	OmniPath_DoRothEA|OmniPath_DoRothEA_snapshot_2026-08-25|mouse|omnipath_dorothea:mouse:000624:20aadbacfa17	database_only_unverified	22B	database_curated_unverified	database_assertion	unknown			none_identified	none_claimed	not verified; source database only	not verified	Database presence and linked PMIDs do not establish exact-pair direct binding or perturbation, effect direction, or species/context scope.	Conservative source lead only; source_registry=OmniPath_DoRothEA; database_ref_count=1; ref_head=11038359; no promotion asserted.
mouse	Foxd1	Pgf	TRRUST|TRRUST_v2_snapshot_2026-08-25|mouse|trrust:mouse:001406	database_only_unverified	22B	database_curated_unverified	database_assertion	unknown			none_identified	none_claimed	not verified; source database only	not verified	Database presence and linked PMIDs do not establish exact-pair direct binding or perturbation, effect direction, or species/context scope.	Conservative source lead only; source_registry=TRRUST; database_ref_count=1; ref_head=13678594; no promotion asserted.
human	FOXK2	SIN3A	TRRUST|TRRUST_v2_snapshot_2026-08-25|human|trrust:human:002230	database_only_unverified	22B	database_curated_unverified	database_assertion	unknown			none_identified	none_claimed	not verified; source database only	not verified	Database presence and linked PMIDs do not establish exact-pair direct binding or perturbation, effect direction, or species/context scope.	Conservative source lead only; source_registry=TRRUST; database_ref_count=1; ref_head=24748658; no promotion asserted.
mouse	Gcgr	G6pc	TRRUST|TRRUST_v2_snapshot_2026-08-25|mouse|trrust:mouse:001666	database_only_unverified	22B	database_curated_unverified	database_assertion	unknown			none_identified	none_claimed	not verified; source database only	not verified	Database presence and linked PMIDs do not establish exact-pair direct binding or perturbation, effect direction, or species/context scope.	Conservative source lead only; source_registry=TRRUST; database_ref_count=1; ref_head=18847435; no promotion asserted.
mouse	Gtf2ird1	Tgfbr2	TRRUST|TRRUST_v2_snapshot_2026-08-25|mouse|trrust:mouse:001758	database_only_unverified	22B	database_curated_unverified	database_assertion	unknown			none_identified	none_claimed	not verified; source database only	not verified	Database presence and linked PMIDs do not establish exact-pair direct binding or perturbation, effect direction, or species/context scope.	Conservative source lead only; source_registry=TRRUST; database_ref_count=1; ref_head=17041962; no promotion asserted.
mouse	Hcls1	Ighg2b	TRRUST|TRRUST_v2_snapshot_2026-08-25|mouse|trrust:mouse:001771	database_only_unverified	22B	database_curated_unverified	database_assertion	unknown			none_identified	none_claimed	not verified; source database only	not verified	Database presence and linked PMIDs do not establish exact-pair direct binding or perturbation, effect direction, or species/context scope.	Conservative source lead only; source_registry=TRRUST; database_ref_count=1; ref_head=11544313; no promotion asserted.
mouse	Hes7	Mesp2	TRRUST|TRRUST_v2_snapshot_2026-08-25|mouse|trrust:mouse:001831	database_only_unverified	22B	database_curated_unverified	database_assertion	unknown			none_identified	none_claimed	not verified; source database only	not verified	Database presence and linked PMIDs do not establish exact-pair direct binding or perturbation, effect direction, or species/context scope.	Conservative source lead only; source_registry=TRRUST; database_ref_count=1; ref_head=23465881; no promotion asserted.
human	HMGN1	TFF1	TRRUST|TRRUST_v2_snapshot_2026-08-25|human|trrust:human:002989	database_only_unverified	22B	database_curated_unverified	database_assertion	unknown			none_identified	none_claimed	not verified; source database only	not verified	Database presence and linked PMIDs do not establish exact-pair direct binding or perturbation, effect direction, or species/context scope.	Conservative source lead only; source_registry=TRRUST; database_ref_count=1; ref_head=17938209; no promotion asserted.
human	HOPX	LOR	TRRUST|TRRUST_v2_snapshot_2026-08-25|human|trrust:human:003072	database_only_unverified	22B	database_curated_unverified	database_assertion	unknown			none_identified	none_claimed	not verified; source database only	not verified	Database presence and linked PMIDs do not establish exact-pair direct binding or perturbation, effect direction, or species/context scope.	Conservative source lead only; source_registry=TRRUST; database_ref_count=1; ref_head=21256618; no promotion asserted.
mouse	Hoxb2	Phox2b	TRRUST|TRRUST_v2_snapshot_2026-08-25|mouse|trrust:mouse:002011	database_only_unverified	22B	database_curated_unverified	database_assertion	unknown			none_identified	none_claimed	not verified; source database only	not verified	Database presence and linked PMIDs do not establish exact-pair direct binding or perturbation, effect direction, or species/context scope.	Conservative source lead only; source_registry=TRRUST; database_ref_count=1; ref_head=15289435; no promotion asserted.
mouse	Ikzf2	Rc3h1	TRRUST|TRRUST_v2_snapshot_2026-08-25|mouse|trrust:mouse:002106	database_only_unverified	22B	database_curated_unverified	database_assertion	unknown			none_identified	none_claimed	not verified; source database only	not verified	Database presence and linked PMIDs do not establish exact-pair direct binding or perturbation, effect direction, or species/context scope.	Conservative source lead only; source_registry=TRRUST; database_ref_count=1; ref_head=25062971; no promotion asserted.
mouse	Ikzf3	Myc	TRRUST|TRRUST_v2_snapshot_2026-08-25|mouse|trrust:mouse:002108	database_only_unverified	22B	database_curated_unverified	database_assertion	unknown			none_identified	none_claimed	not verified; source database only	not verified	Database presence and linked PMIDs do not establish exact-pair direct binding or perturbation, effect direction, or species/context scope.	Conservative source lead only; source_registry=TRRUST; database_ref_count=1; ref_head=20566697; no promotion asserted.
human	KAT6A	HOXA9	TRRUST|TRRUST_v2_snapshot_2026-08-25|human|trrust:human:003630	database_only_unverified	22B	database_curated_unverified	database_assertion	unknown			none_identified	none_claimed	not verified; source database only	not verified	Database presence and linked PMIDs do not establish exact-pair direct binding or perturbation, effect direction, or species/context scope.	Conservative source lead only; source_registry=TRRUST; database_ref_count=2; ref_head=22713874;23994619; no promotion asserted.
human	KDM2A	SOX2	TRRUST|TRRUST_v2_snapshot_2026-08-25|human|trrust:human:003636	database_only_unverified	22B	database_curated_unverified	database_assertion	unknown			none_identified	none_claimed	not verified; source database only	not verified	Database presence and linked PMIDs do not establish exact-pair direct binding or perturbation, effect direction, or species/context scope.	Conservative source lead only; source_registry=TRRUST; database_ref_count=1; ref_head=23872478; no promotion asserted.
human	L3MBTL1	RUNX1	TRRUST|TRRUST_v2_snapshot_2026-08-25|human|trrust:human:003779	database_only_unverified	22B	database_curated_unverified	database_assertion	unknown			none_identified	none_claimed	not verified; source database only	not verified	Database presence and linked PMIDs do not establish exact-pair direct binding or perturbation, effect direction, or species/context scope.	Conservative source lead only; source_registry=TRRUST; database_ref_count=1; ref_head=18474616; no promotion asserted.
mouse	Lbx1	Satb2	TRRUST|TRRUST_v2_snapshot_2026-08-25|mouse|trrust:mouse:002509	database_only_unverified	22B	database_curated_unverified	database_assertion	unknown			none_identified	none_claimed	not verified; source database only	not verified	Database presence and linked PMIDs do not establish exact-pair direct binding or perturbation, effect direction, or species/context scope.	Conservative source lead only; source_registry=TRRUST; database_ref_count=1; ref_head=15733084; no promotion asserted.
human	LRRFIP1	TNF	TRRUST|TRRUST_v2_snapshot_2026-08-25|human|trrust:human:003851	database_only_unverified	22B	database_curated_unverified	database_assertion	unknown			none_identified	none_claimed	not verified; source database only	not verified	Database presence and linked PMIDs do not establish exact-pair direct binding or perturbation, effect direction, or species/context scope.	Conservative source lead only; source_registry=TRRUST; database_ref_count=1; ref_head=16199883; no promotion asserted.
human	MAML1	TNFRSF12A	TRRUST|TRRUST_v2_snapshot_2026-08-25|human|trrust:human:003874	database_only_unverified	22B	database_curated_unverified	database_assertion	unknown			none_identified	none_claimed	not verified; source database only	not verified	Database presence and linked PMIDs do not establish exact-pair direct binding or perturbation, effect direction, or species/context scope.	Conservative source lead only; source_registry=TRRUST; database_ref_count=1; ref_head=18503747; no promotion asserted.
mouse	Mkx	Tgfb2	TRRUST|TRRUST_v2_snapshot_2026-08-25|mouse|trrust:mouse:002765	database_only_unverified	22B	database_curated_unverified	database_assertion	unknown			none_identified	none_claimed	not verified; source database only	not verified	Database presence and linked PMIDs do not establish exact-pair direct binding or perturbation, effect direction, or species/context scope.	Conservative source lead only; source_registry=TRRUST; database_ref_count=1; ref_head=25332192; no promotion asserted.
mouse	Mtf2	Shh	TRRUST|TRRUST_v2_snapshot_2026-08-25|mouse|trrust:mouse:002842	database_only_unverified	22B	database_curated_unverified	database_assertion	unknown			none_identified	none_claimed	not verified; source database only	not verified	Database presence and linked PMIDs do not establish exact-pair direct binding or perturbation, effect direction, or species/context scope.	Conservative source lead only; source_registry=TRRUST; database_ref_count=1; ref_head=15294861; no promotion asserted.
human	NELFB	TFF1	TRRUST|TRRUST_v2_snapshot_2026-08-25|human|trrust:human:004382	database_only_unverified	22B	database_curated_unverified	database_assertion	unknown			none_identified	none_claimed	not verified; source database only	not verified	Database presence and linked PMIDs do not establish exact-pair direct binding or perturbation, effect direction, or species/context scope.	Conservative source lead only; source_registry=TRRUST; database_ref_count=1; ref_head=17043641; no promotion asserted.
mouse	Neurod6	Ybx1	TRRUST|TRRUST_v2_snapshot_2026-08-25|mouse|trrust:mouse:003125	database_only_unverified	22B	database_curated_unverified	database_assertion	unknown			none_identified	none_claimed	not verified; source database only	not verified	Database presence and linked PMIDs do not establish exact-pair direct binding or perturbation, effect direction, or species/context scope.	Conservative source lead only; source_registry=TRRUST; database_ref_count=1; ref_head=19225866; no promotion asserted.
mouse	Neurog1	Dll3	TRRUST|TRRUST_v2_snapshot_2026-08-25|mouse|trrust:mouse:003127	database_only_unverified	22B	database_curated_unverified	database_assertion	unknown			none_identified	none_claimed	not verified; source database only	not verified	Database presence and linked PMIDs do not establish exact-pair direct binding or perturbation, effect direction, or species/context scope.	Conservative source lead only; source_registry=TRRUST; database_ref_count=1; ref_head=19389376; no promotion asserted.
mouse	Nkx3-2	Runx2	TRRUST|TRRUST_v2_snapshot_2026-08-25|mouse|trrust:mouse:003639	database_only_unverified	22B	database_curated_unverified	database_assertion	unknown			none_identified	none_claimed	not verified; source database only	not verified	Database presence and linked PMIDs do not establish exact-pair direct binding or perturbation, effect direction, or species/context scope.	Conservative source lead only; source_registry=TRRUST; database_ref_count=1; ref_head=15703179; no promotion asserted.
mouse	Nr2c1	Gata1	TRRUST|TRRUST_v2_snapshot_2026-08-25|mouse|trrust:mouse:003779	database_only_unverified	22B	database_curated_unverified	database_assertion	unknown			none_identified	none_claimed	not verified; source database only	not verified	Database presence and linked PMIDs do not establish exact-pair direct binding or perturbation, effect direction, or species/context scope.	Conservative source lead only; source_registry=TRRUST; database_ref_count=1; ref_head=17974920; no promotion asserted.
mouse	Pax9	Bmp4	TRRUST|TRRUST_v2_snapshot_2026-08-25|mouse|trrust:mouse:004102	database_only_unverified	22B	database_curated_unverified	database_assertion	unknown			none_identified	none_claimed	not verified; source database only	not verified	Database presence and linked PMIDs do not establish exact-pair direct binding or perturbation, effect direction, or species/context scope.	Conservative source lead only; source_registry=TRRUST; database_ref_count=1; ref_head=26136503; no promotion asserted.
mouse	Pelp1	Srf	TRRUST|TRRUST_v2_snapshot_2026-08-25|mouse|trrust:mouse:004140	database_only_unverified	22B	database_curated_unverified	database_assertion	unknown			none_identified	none_claimed	not verified; source database only	not verified	Database presence and linked PMIDs do not establish exact-pair direct binding or perturbation, effect direction, or species/context scope.	Conservative source lead only; source_registry=TRRUST; database_ref_count=1; ref_head=15456770; no promotion asserted.
human	PHB2	BTG2	TRRUST|TRRUST_v2_snapshot_2026-08-25|human|trrust:human:005444	database_only_unverified	22B	database_curated_unverified	database_assertion	unknown			none_identified	none_claimed	not verified; source database only	not verified	Database presence and linked PMIDs do not establish exact-pair direct binding or perturbation, effect direction, or species/context scope.	Conservative source lead only; source_registry=TRRUST; database_ref_count=1; ref_head=19117054; no promotion asserted.
human	PLAGL1	SDHB	TRRUST|TRRUST_v2_snapshot_2026-08-25|human|trrust:human:005513	database_only_unverified	22B	database_curated_unverified	database_assertion	unknown			none_identified	none_claimed	not verified; source database only	not verified	Database presence and linked PMIDs do not establish exact-pair direct binding or perturbation, effect direction, or species/context scope.	Conservative source lead only; source_registry=TRRUST; database_ref_count=1; ref_head=19423711; no promotion asserted.
mouse	Prdm16	Rbl1	TRRUST|TRRUST_v2_snapshot_2026-08-25|mouse|trrust:mouse:004513	database_only_unverified	22B	database_curated_unverified	database_assertion	unknown			none_identified	none_claimed	not verified; source database only	not verified	Database presence and linked PMIDs do not establish exact-pair direct binding or perturbation, effect direction, or species/context scope.	Conservative source lead only; source_registry=TRRUST; database_ref_count=1; ref_head=24449206; no promotion asserted.
human	PREB	PRL	TRRUST|TRRUST_v2_snapshot_2026-08-25|human|trrust:human:005801	database_only_unverified	22B	database_curated_unverified	database_assertion	unknown			none_identified	none_claimed	not verified; source database only	not verified	Database presence and linked PMIDs do not establish exact-pair direct binding or perturbation, effect direction, or species/context scope.	Conservative source lead only; source_registry=TRRUST; database_ref_count=1; ref_head=20411477; no promotion asserted.
mouse	Prop1	Notch2	TRRUST|TRRUST_v2_snapshot_2026-08-25|mouse|trrust:mouse:004519	database_only_unverified	22B	database_curated_unverified	database_assertion	unknown			none_identified	none_claimed	not verified; source database only	not verified	Database presence and linked PMIDs do not establish exact-pair direct binding or perturbation, effect direction, or species/context scope.	Conservative source lead only; source_registry=TRRUST; database_ref_count=1; ref_head=14732396; no promotion asserted.
mouse	Prrx2	Tnc	TRRUST|TRRUST_v2_snapshot_2026-08-25|mouse|trrust:mouse:004540	database_only_unverified	22B	database_curated_unverified	database_assertion	unknown			none_identified	none_claimed	not verified; source database only	not verified	Database presence and linked PMIDs do not establish exact-pair direct binding or perturbation, effect direction, or species/context scope.	Conservative source lead only; source_registry=TRRUST; database_ref_count=1; ref_head=11244566; no promotion asserted.
human	RFWD2	COP1	TRRUST|TRRUST_v2_snapshot_2026-08-25|human|trrust:human:006393	database_only_unverified	22B	database_curated_unverified	database_assertion	unknown			none_identified	none_claimed	not verified; source database only	not verified	Database presence and linked PMIDs do not establish exact-pair direct binding or perturbation, effect direction, or species/context scope.	Conservative source lead only; source_registry=TRRUST; database_ref_count=1; ref_head=20062082; no promotion asserted.
mouse	Sall2	Cdkn1a	TRRUST|TRRUST_v2_snapshot_2026-08-25|mouse|trrust:mouse:005010	database_only_unverified	22B	database_curated_unverified	database_assertion	unknown			none_identified	none_claimed	not verified; source database only	not verified	Database presence and linked PMIDs do not establish exact-pair direct binding or perturbation, effect direction, or species/context scope.	Conservative source lead only; source_registry=TRRUST; database_ref_count=1; ref_head=15082782; no promotion asserted.
human	SALL3	HDAC9	TRRUST|TRRUST_v2_snapshot_2026-08-25|human|trrust:human:006591	database_only_unverified	22B	database_curated_unverified	database_assertion	unknown			none_identified	none_claimed	not verified; source database only	not verified	Database presence and linked PMIDs do not establish exact-pair direct binding or perturbation, effect direction, or species/context scope.	Conservative source lead only; source_registry=TRRUST; database_ref_count=1; ref_head=18332107; no promotion asserted.
human	SIRT2	NEDD4	TRRUST|TRRUST_v2_snapshot_2026-08-25|human|trrust:human:006709	database_only_unverified	22B	database_curated_unverified	database_assertion	unknown			none_identified	none_claimed	not verified; source database only	not verified	Database presence and linked PMIDs do not establish exact-pair direct binding or perturbation, effect direction, or species/context scope.	Conservative source lead only; source_registry=TRRUST; database_ref_count=1; ref_head=23175188; no promotion asserted.
mouse	Smad9	Id2	TRRUST|TRRUST_v2_snapshot_2026-08-25|mouse|trrust:mouse:005292	database_only_unverified	22B	database_curated_unverified	database_assertion	unknown			none_identified	none_claimed	not verified; source database only	not verified	Database presence and linked PMIDs do not establish exact-pair direct binding or perturbation, effect direction, or species/context scope.	Conservative source lead only; source_registry=TRRUST; database_ref_count=1; ref_head=22421219; no promotion asserted.
mouse	Smarcc1	Psat1	TRRUST|TRRUST_v2_snapshot_2026-08-25|mouse|trrust:mouse:005321	database_only_unverified	22B	database_curated_unverified	database_assertion	unknown			none_identified	none_claimed	not verified; source database only	not verified	Database presence and linked PMIDs do not establish exact-pair direct binding or perturbation, effect direction, or species/context scope.	Conservative source lead only; source_registry=TRRUST; database_ref_count=1; ref_head=15923603; no promotion asserted.
human	SNIP1	MYC	TRRUST|TRRUST_v2_snapshot_2026-08-25|human|trrust:human:006840	database_only_unverified	22B	database_curated_unverified	database_assertion	unknown			none_identified	none_claimed	not verified; source database only	not verified	Database presence and linked PMIDs do not establish exact-pair direct binding or perturbation, effect direction, or species/context scope.	Conservative source lead only; source_registry=TRRUST; database_ref_count=1; ref_head=17157259; no promotion asserted.
mouse	Sox15	Hrc	TRRUST|TRRUST_v2_snapshot_2026-08-25|mouse|trrust:mouse:005393	database_only_unverified	22B	database_curated_unverified	database_assertion	unknown			none_identified	none_claimed	not verified; source database only	not verified	Database presence and linked PMIDs do not establish exact-pair direct binding or perturbation, effect direction, or species/context scope.	Conservative source lead only; source_registry=TRRUST; database_ref_count=1; ref_head=15863505; no promotion asserted.
human	SRCAP	PCK2	TRRUST|TRRUST_v2_snapshot_2026-08-25|human|trrust:human:007722	database_only_unverified	22B	database_curated_unverified	database_assertion	unknown			none_identified	none_claimed	not verified; source database only	not verified	Database presence and linked PMIDs do not establish exact-pair direct binding or perturbation, effect direction, or species/context scope.	Conservative source lead only; source_registry=TRRUST; database_ref_count=1; ref_head=11522779; no promotion asserted.
human	SRSF1	NFKB1	TRRUST|TRRUST_v2_snapshot_2026-08-25|human|trrust:human:007803	database_only_unverified	22B	database_curated_unverified	database_assertion	unknown			none_identified	none_claimed	not verified; source database only	not verified	Database presence and linked PMIDs do not establish exact-pair direct binding or perturbation, effect direction, or species/context scope.	Conservative source lead only; source_registry=TRRUST; database_ref_count=1; ref_head=19183244; no promotion asserted.
mouse	Syt1	Myc	TRRUST|TRRUST_v2_snapshot_2026-08-25|mouse|trrust:mouse:006275	database_only_unverified	22B	database_curated_unverified	database_assertion	unknown			none_identified	none_claimed	not verified; source database only	not verified	Database presence and linked PMIDs do not establish exact-pair direct binding or perturbation, effect direction, or species/context scope.	Conservative source lead only; source_registry=TRRUST; database_ref_count=1; ref_head=12783888; no promotion asserted.
human	TAF4	CDKN1A	TRRUST|TRRUST_v2_snapshot_2026-08-25|human|trrust:human:008196	database_only_unverified	22B	database_curated_unverified	database_assertion	unknown			none_identified	none_claimed	not verified; source database only	not verified	Database presence and linked PMIDs do not establish exact-pair direct binding or perturbation, effect direction, or species/context scope.	Conservative source lead only; source_registry=TRRUST; database_ref_count=1; ref_head=17996705; no promotion asserted.
mouse	Tardbp	Ran	TRRUST|TRRUST_v2_snapshot_2026-08-25|mouse|trrust:mouse:006294	database_only_unverified	22B	database_curated_unverified	database_assertion	unknown			none_identified	none_claimed	not verified; source database only	not verified	Database presence and linked PMIDs do not establish exact-pair direct binding or perturbation, effect direction, or species/context scope.	Conservative source lead only; source_registry=TRRUST; database_ref_count=1; ref_head=25155018; no promotion asserted.
human	TFDP3	MAP1LC3B	TRRUST|TRRUST_v2_snapshot_2026-08-25|human|trrust:human:008442	database_only_unverified	22B	database_curated_unverified	database_assertion	unknown			none_identified	none_claimed	not verified; source database only	not verified	Database presence and linked PMIDs do not establish exact-pair direct binding or perturbation, effect direction, or species/context scope.	Conservative source lead only; source_registry=TRRUST; database_ref_count=1; ref_head=22482402; no promotion asserted.
mouse	Tfe3	Txnip	TRRUST|TRRUST_v2_snapshot_2026-08-25|mouse|trrust:mouse:006494	database_only_unverified	22B	database_curated_unverified	database_assertion	unknown			none_identified	none_claimed	not verified; source database only	not verified	Database presence and linked PMIDs do not establish exact-pair direct binding or perturbation, effect direction, or species/context scope.	Conservative source lead only; source_registry=TRRUST; database_ref_count=1; ref_head=24037087; no promotion asserted.
human	TGIF1	SOX3	TRRUST|TRRUST_v2_snapshot_2026-08-25|human|trrust:human:008448	database_only_unverified	22B	database_curated_unverified	database_assertion	unknown			none_identified	none_claimed	not verified; source database only	not verified	Database presence and linked PMIDs do not establish exact-pair direct binding or perturbation, effect direction, or species/context scope.	Conservative source lead only; source_registry=TRRUST; database_ref_count=1; ref_head=22293114; no promotion asserted.
mouse	Tle2	Nkx6-1	TRRUST|TRRUST_v2_snapshot_2026-08-25|mouse|trrust:mouse:006519	database_only_unverified	22B	database_curated_unverified	database_assertion	unknown			none_identified	none_claimed	not verified; source database only	not verified	Database presence and linked PMIDs do not establish exact-pair direct binding or perturbation, effect direction, or species/context scope.	Conservative source lead only; source_registry=TRRUST; database_ref_count=1; ref_head=18778483; no promotion asserted.
human	TP53BP1	BRCA1	TRRUST|TRRUST_v2_snapshot_2026-08-25|human|trrust:human:008671	database_only_unverified	22B	database_curated_unverified	database_assertion	unknown			none_identified	none_claimed	not verified; source database only	not verified	Database presence and linked PMIDs do not establish exact-pair direct binding or perturbation, effect direction, or species/context scope.	Conservative source lead only; source_registry=TRRUST; database_ref_count=1; ref_head=21914189; no promotion asserted.
mouse	Trim13	Ppig	TRRUST|TRRUST_v2_snapshot_2026-08-25|mouse|trrust:mouse:006532	database_only_unverified	22B	database_curated_unverified	database_assertion	unknown			none_identified	none_claimed	not verified; source database only	not verified	Database presence and linked PMIDs do not establish exact-pair direct binding or perturbation, effect direction, or species/context scope.	Conservative source lead only; source_registry=TRRUST; database_ref_count=1; ref_head=10757780; no promotion asserted.
human	TRIM16	VIM	TRRUST|TRRUST_v2_snapshot_2026-08-25|human|trrust:human:008717	database_only_unverified	22B	database_curated_unverified	database_assertion	unknown			none_identified	none_claimed	not verified; source database only	not verified	Database presence and linked PMIDs do not establish exact-pair direct binding or perturbation, effect direction, or species/context scope.	Conservative source lead only; source_registry=TRRUST; database_ref_count=1; ref_head=22009481; no promotion asserted.
human	UPF1	SLBP	TRRUST|TRRUST_v2_snapshot_2026-08-25|human|trrust:human:008814	database_only_unverified	22B	database_curated_unverified	database_assertion	unknown			none_identified	none_claimed	not verified; source database only	not verified	Database presence and linked PMIDs do not establish exact-pair direct binding or perturbation, effect direction, or species/context scope.	Conservative source lead only; source_registry=TRRUST; database_ref_count=1; ref_head=25016523; no promotion asserted.
human	WHSC1	ID1	TRRUST|TRRUST_v2_snapshot_2026-08-25|human|trrust:human:009023	database_only_unverified	22B	database_curated_unverified	database_assertion	unknown			none_identified	none_claimed	not verified; source database only	not verified	Database presence and linked PMIDs do not establish exact-pair direct binding or perturbation, effect direction, or species/context scope.	Conservative source lead only; source_registry=TRRUST; database_ref_count=1; ref_head=16115125; no promotion asserted.
mouse	Zfp143	Tcp1	TRRUST|TRRUST_v2_snapshot_2026-08-25|mouse|trrust:mouse:007005	database_only_unverified	22B	database_curated_unverified	database_assertion	unknown			none_identified	none_claimed	not verified; source database only	not verified	Database presence and linked PMIDs do not establish exact-pair direct binding or perturbation, effect direction, or species/context scope.	Conservative source lead only; source_registry=TRRUST; database_ref_count=1; ref_head=10893243; no promotion asserted.
mouse	Zfp513	Sp4	TRRUST|TRRUST_v2_snapshot_2026-08-25|mouse|trrust:mouse:007032	database_only_unverified	22B	database_curated_unverified	database_assertion	unknown			none_identified	none_claimed	not verified; source database only	not verified	Database presence and linked PMIDs do not establish exact-pair direct binding or perturbation, effect direction, or species/context scope.	Conservative source lead only; source_registry=TRRUST; database_ref_count=1; ref_head=20797688; no promotion asserted.
human	ZNF267	MMP10	OmniPath_DoRothEA|OmniPath_DoRothEA_snapshot_2026-08-25|human|omnipath_dorothea:human:001802:5ddf81247e15	database_only_unverified	22B	database_curated_unverified	database_assertion	unknown			none_identified	none_claimed	not verified; source database only	not verified	Database presence and linked PMIDs do not establish exact-pair direct binding or perturbation, effect direction, or species/context scope.	Conservative source lead only; source_registry=OmniPath_DoRothEA; database_ref_count=2; ref_head=15814297;16054593; no promotion asserted.
human	ZNF300	MYC	TRRUST|TRRUST_v2_snapshot_2026-08-25|human|trrust:human:009372	database_only_unverified	22B	database_curated_unverified	database_assertion	unknown			none_identified	none_claimed	not verified; source database only	not verified	Database presence and linked PMIDs do not establish exact-pair direct binding or perturbation, effect direction, or species/context scope.	Conservative source lead only; source_registry=TRRUST; database_ref_count=1; ref_head=21777376; no promotion asserted.
human	ZNF76	TALDO1	TRRUST|TRRUST_v2_snapshot_2026-08-25|human|trrust:human:009394	database_only_unverified	22B	database_curated_unverified	database_assertion	unknown			none_identified	none_claimed	not verified; source database only	not verified	Database presence and linked PMIDs do not establish exact-pair direct binding or perturbation, effect direction, or species/context scope.	Conservative source lead only; source_registry=TRRUST; database_ref_count=1; ref_head=14702349; no promotion asserted.
human	ZNRD1	BCL2	TRRUST|TRRUST_v2_snapshot_2026-08-25|human|trrust:human:009396	database_only_unverified	22B	database_curated_unverified	database_assertion	unknown			none_identified	none_claimed	not verified; source database only	not verified	Database presence and linked PMIDs do not establish exact-pair direct binding or perturbation, effect direction, or species/context scope.	Conservative source lead only; source_registry=TRRUST; database_ref_count=2; ref_head=16373708;16609701; no promotion asserted.
mouse	Zscan10	Pou5f1	TRRUST|TRRUST_v2_snapshot_2026-08-25|mouse|trrust:mouse:007057	database_only_unverified	22B	database_curated_unverified	database_assertion	unknown			none_identified	none_claimed	not verified; source database only	not verified	Database presence and linked PMIDs do not establish exact-pair direct binding or perturbation, effect direction, or species/context scope.	Conservative source lead only; source_registry=TRRUST; database_ref_count=1; ref_head=19740739; no promotion asserted.
mouse	Aebp2	Snai2	TRRUST|TRRUST_v2_snapshot_2026-08-25|mouse|trrust:mouse:000010	database_only_unverified	22B	database_curated_unverified	database_assertion	unknown			none_identified	none_claimed	not verified; source database only	not verified	Database presence and linked PMIDs do not establish exact-pair direct binding or perturbation, effect direction, or species/context scope.	Conservative source lead only; source_registry=TRRUST; database_ref_count=1; ref_head=25451679; no promotion asserted.
mouse	Alx4	Fgf10	TRRUST|TRRUST_v2_snapshot_2026-08-25|mouse|trrust:mouse:000039	database_only_unverified	22B	database_curated_unverified	database_assertion	unknown			none_identified	none_claimed	not verified; source database only	not verified	Database presence and linked PMIDs do not establish exact-pair direct binding or perturbation, effect direction, or species/context scope.	Conservative source lead only; source_registry=TRRUST; database_ref_count=1; ref_head=25673119; no promotion asserted.
human	ARID1B	IGH	TRRUST|TRRUST_v2_snapshot_2026-08-25|human|trrust:human:000183	database_only_unverified	22B	database_curated_unverified	database_assertion	unknown			none_identified	none_claimed	not verified; source database only	not verified	Database presence and linked PMIDs do not establish exact-pair direct binding or perturbation, effect direction, or species/context scope.	Conservative source lead only; source_registry=TRRUST; database_ref_count=1; ref_head=18981111; no promotion asserted.
mouse	Arid3b	Igh	TRRUST|TRRUST_v2_snapshot_2026-08-25|mouse|trrust:mouse:000074	database_only_unverified	22B	database_curated_unverified	database_assertion	unknown			none_identified	none_claimed	not verified; source database only	not verified	Database presence and linked PMIDs do not establish exact-pair direct binding or perturbation, effect direction, or species/context scope.	Conservative source lead only; source_registry=TRRUST; database_ref_count=1; ref_head=21955986; no promotion asserted.
mouse	Arid5b	Sox9	TRRUST|TRRUST_v2_snapshot_2026-08-25|mouse|trrust:mouse:000075	database_only_unverified	22B	database_curated_unverified	database_assertion	unknown			none_identified	none_claimed	not verified; source database only	not verified	Database presence and linked PMIDs do not establish exact-pair direct binding or perturbation, effect direction, or species/context scope.	Conservative source lead only; source_registry=TRRUST; database_ref_count=1; ref_head=24276541; no promotion asserted.
mouse	Arl6ip5	Xrcc1	TRRUST|TRRUST_v2_snapshot_2026-08-25|mouse|trrust:mouse:000077	database_only_unverified	22B	database_curated_unverified	database_assertion	unknown			none_identified	none_claimed	not verified; source database only	not verified	Database presence and linked PMIDs do not establish exact-pair direct binding or perturbation, effect direction, or species/context scope.	Conservative source lead only; source_registry=TRRUST; database_ref_count=1; ref_head=17462538; no promotion asserted.
human	ATRX	HBA2	TRRUST|TRRUST_v2_snapshot_2026-08-25|human|trrust:human:000407	database_only_unverified	22B	database_curated_unverified	database_assertion	unknown			none_identified	none_claimed	not verified; source database only	not verified	Database presence and linked PMIDs do not establish exact-pair direct binding or perturbation, effect direction, or species/context scope.	Conservative source lead only; source_registry=TRRUST; database_ref_count=1; ref_head=7697714; no promotion asserted.
human	BARD1	ESR1	TRRUST|TRRUST_v2_snapshot_2026-08-25|human|trrust:human:000414	database_only_unverified	22B	database_curated_unverified	database_assertion	unknown			none_identified	none_claimed	not verified; source database only	not verified	Database presence and linked PMIDs do not establish exact-pair direct binding or perturbation, effect direction, or species/context scope.	Conservative source lead only; source_registry=TRRUST; database_ref_count=1; ref_head=20060929; no promotion asserted.
mouse	Batf2	Tnf	TRRUST|TRRUST_v2_snapshot_2026-08-25|mouse|trrust:mouse:000178	database_only_unverified	22B	database_curated_unverified	database_assertion	unknown			none_identified	none_claimed	not verified; source database only	not verified	Database presence and linked PMIDs do not establish exact-pair direct binding or perturbation, effect direction, or species/context scope.	Conservative source lead only; source_registry=TRRUST; database_ref_count=1; ref_head=25957166; no promotion asserted.
mouse	Batf3	Irf8	TRRUST|TRRUST_v2_snapshot_2026-08-25|mouse|trrust:mouse:000179	database_only_unverified	22B	database_curated_unverified	database_assertion	unknown			none_identified	none_claimed	not verified; source database only	not verified	Database presence and linked PMIDs do not establish exact-pair direct binding or perturbation, effect direction, or species/context scope.	Conservative source lead only; source_registry=TRRUST; database_ref_count=1; ref_head=26054719; no promotion asserted.
mouse	Bcl6b	Rbpj	TRRUST|TRRUST_v2_snapshot_2026-08-25|mouse|trrust:mouse:000226	database_only_unverified	22B	database_curated_unverified	database_assertion	unknown			none_identified	none_claimed	not verified; source database only	not verified	Database presence and linked PMIDs do not establish exact-pair direct binding or perturbation, effect direction, or species/context scope.	Conservative source lead only; source_registry=TRRUST; database_ref_count=1; ref_head=22279058; no promotion asserted.
human	BDP1	TP53	TRRUST|TRRUST_v2_snapshot_2026-08-25|human|trrust:human:000445	database_only_unverified	22B	database_curated_unverified	database_assertion	unknown			none_identified	none_claimed	not verified; source database only	not verified	Database presence and linked PMIDs do not establish exact-pair direct binding or perturbation, effect direction, or species/context scope.	Conservative source lead only; source_registry=TRRUST; database_ref_count=1; ref_head=12734418; no promotion asserted.
human	BIN1	MYC	TRRUST|TRRUST_v2_snapshot_2026-08-25|human|trrust:human:000448	database_only_unverified	22B	database_curated_unverified	database_assertion	unknown			none_identified	none_claimed	not verified; source database only	not verified	Database presence and linked PMIDs do not establish exact-pair direct binding or perturbation, effect direction, or species/context scope.	Conservative source lead only; source_registry=TRRUST; database_ref_count=1; ref_head=9797456; no promotion asserted.
human	BPTF	HOXC8	TRRUST|TRRUST_v2_snapshot_2026-08-25|human|trrust:human:000450	database_only_unverified	22B	database_curated_unverified	database_assertion	unknown			none_identified	none_claimed	not verified; source database only	not verified	Database presence and linked PMIDs do not establish exact-pair direct binding or perturbation, effect direction, or species/context scope.	Conservative source lead only; source_registry=TRRUST; database_ref_count=1; ref_head=16728976; no promotion asserted.
human	BRPF1	MEAF6	TRRUST|TRRUST_v2_snapshot_2026-08-25|human|trrust:human:000526	database_only_unverified	22B	database_curated_unverified	database_assertion	unknown			none_identified	none_claimed	not verified; source database only	not verified	Database presence and linked PMIDs do not establish exact-pair direct binding or perturbation, effect direction, or species/context scope.	Conservative source lead only; source_registry=TRRUST; database_ref_count=1; ref_head=18794358; no promotion asserted.
mouse	Bub3	Apod	TRRUST|TRRUST_v2_snapshot_2026-08-25|mouse|trrust:mouse:000257	database_only_unverified	22B	database_curated_unverified	database_assertion	unknown			none_identified	none_claimed	not verified; source database only	not verified	Database presence and linked PMIDs do not establish exact-pair direct binding or perturbation, effect direction, or species/context scope.	Conservative source lead only; source_registry=TRRUST; database_ref_count=1; ref_head=20493910; no promotion asserted.
mouse	Cbx6	Ccne1	TRRUST|TRRUST_v2_snapshot_2026-08-25|mouse|trrust:mouse:000259	database_only_unverified	22B	database_curated_unverified	database_assertion	unknown			none_identified	none_claimed	not verified; source database only	not verified	Database presence and linked PMIDs do not establish exact-pair direct binding or perturbation, effect direction, or species/context scope.	Conservative source lead only; source_registry=TRRUST; database_ref_count=1; ref_head=22214847; no promotion asserted.
human	CBX8	CDKN1A	TRRUST|TRRUST_v2_snapshot_2026-08-25|human|trrust:human:000551	database_only_unverified	22B	database_curated_unverified	database_assertion	unknown			none_identified	none_claimed	not verified; source database only	not verified	Database presence and linked PMIDs do not establish exact-pair direct binding or perturbation, effect direction, or species/context scope.	Conservative source lead only; source_registry=TRRUST; database_ref_count=1; ref_head=23474493; no promotion asserted.
human	CDC5L	PLRG1	TRRUST|TRRUST_v2_snapshot_2026-08-25|human|trrust:human:000552	database_only_unverified	22B	database_curated_unverified	database_assertion	unknown			none_identified	none_claimed	not verified; source database only	not verified	Database presence and linked PMIDs do not establish exact-pair direct binding or perturbation, effect direction, or species/context scope.	Conservative source lead only; source_registry=TRRUST; database_ref_count=1; ref_head=11544257; no promotion asserted.
human	CDCA7L	MAOB	TRRUST|TRRUST_v2_snapshot_2026-08-25|human|trrust:human:000553	database_only_unverified	22B	database_curated_unverified	database_assertion	unknown			none_identified	none_claimed	not verified; source database only	not verified	Database presence and linked PMIDs do not establish exact-pair direct binding or perturbation, effect direction, or species/context scope.	Conservative source lead only; source_registry=TRRUST; database_ref_count=1; ref_head=20980443; no promotion asserted.
mouse	Cdx4	Hoxa9	TRRUST|TRRUST_v2_snapshot_2026-08-25|mouse|trrust:mouse:000279	database_only_unverified	22B	database_curated_unverified	database_assertion	unknown			none_identified	none_claimed	not verified; source database only	not verified	Database presence and linked PMIDs do not establish exact-pair direct binding or perturbation, effect direction, or species/context scope.	Conservative source lead only; source_registry=TRRUST; database_ref_count=1; ref_head=17183676; no promotion asserted.
mouse	Chd1	Ubtfl1	TRRUST|TRRUST_v2_snapshot_2026-08-25|mouse|trrust:mouse:000357	database_only_unverified	22B	database_curated_unverified	database_assertion	unknown			none_identified	none_claimed	not verified; source database only	not verified	Database presence and linked PMIDs do not establish exact-pair direct binding or perturbation, effect direction, or species/context scope.	Conservative source lead only; source_registry=TRRUST; database_ref_count=1; ref_head=26092847; no promotion asserted.
human	CNBP	MYC	TRRUST|TRRUST_v2_snapshot_2026-08-25|human|trrust:human:000817	database_only_unverified	22B	database_curated_unverified	database_assertion	unknown			none_identified	none_claimed	not verified; source database only	not verified	Database presence and linked PMIDs do not establish exact-pair direct binding or perturbation, effect direction, or species/context scope.	Conservative source lead only; source_registry=TRRUST; database_ref_count=1; ref_head=23774591; no promotion asserted.
mouse	Cnot3	Zfx	TRRUST|TRRUST_v2_snapshot_2026-08-25|mouse|trrust:mouse:000404	database_only_unverified	22B	database_curated_unverified	database_assertion	unknown			none_identified	none_claimed	not verified; source database only	not verified	Database presence and linked PMIDs do not establish exact-pair direct binding or perturbation, effect direction, or species/context scope.	Conservative source lead only; source_registry=TRRUST; database_ref_count=1; ref_head=19339689; no promotion asserted.
human	CNOT8	PMP22	TRRUST|TRRUST_v2_snapshot_2026-08-25|human|trrust:human:000821	database_only_unverified	22B	database_curated_unverified	database_assertion	unknown			none_identified	none_claimed	not verified; source database only	not verified	Database presence and linked PMIDs do not establish exact-pair direct binding or perturbation, effect direction, or species/context scope.	Conservative source lead only; source_registry=TRRUST; database_ref_count=1; ref_head=15937477; no promotion asserted.
human	CRABP2	RARA	TRRUST|TRRUST_v2_snapshot_2026-08-25|human|trrust:human:000824	database_only_unverified	22B	database_curated_unverified	database_assertion	unknown			none_identified	none_claimed	not verified; source database only	not verified	Database presence and linked PMIDs do not establish exact-pair direct binding or perturbation, effect direction, or species/context scope.	Conservative source lead only; source_registry=TRRUST; database_ref_count=1; ref_head=16166294; no promotion asserted.
mouse	Crebzf	Adipoq	TRRUST|TRRUST_v2_snapshot_2026-08-25|mouse|trrust:mouse:000492	database_only_unverified	22B	database_curated_unverified	database_assertion	unknown			none_identified	none_claimed	not verified; source database only	not verified	Database presence and linked PMIDs do not establish exact-pair direct binding or perturbation, effect direction, or species/context scope.	Conservative source lead only; source_registry=TRRUST; database_ref_count=1; ref_head=25896661; no promotion asserted.
human	CREG1	HSPA4	TRRUST|TRRUST_v2_snapshot_2026-08-25|human|trrust:human:000961	database_only_unverified	22B	database_curated_unverified	database_assertion	unknown			none_identified	none_claimed	not verified; source database only	not verified	Database presence and linked PMIDs do not establish exact-pair direct binding or perturbation, effect direction, or species/context scope.	Conservative source lead only; source_registry=TRRUST; database_ref_count=1; ref_head=9710587; no promotion asserted.
mouse	Cry1	Per2	TRRUST|TRRUST_v2_snapshot_2026-08-25|mouse|trrust:mouse:000510	database_only_unverified	22B	database_curated_unverified	database_assertion	unknown			none_identified	none_claimed	not verified; source database only	not verified	Database presence and linked PMIDs do not establish exact-pair direct binding or perturbation, effect direction, or species/context scope.	Conservative source lead only; source_registry=TRRUST; database_ref_count=1; ref_head=19129230; no promotion asserted.
mouse	Csf1	Cd36	TRRUST|TRRUST_v2_snapshot_2026-08-25|mouse|trrust:mouse:000511	database_only_unverified	22B	database_curated_unverified	database_assertion	unknown			none_identified	none_claimed	not verified; source database only	not verified	Database presence and linked PMIDs do not establish exact-pair direct binding or perturbation, effect direction, or species/context scope.	Conservative source lead only; source_registry=TRRUST; database_ref_count=1; ref_head=10787429; no promotion asserted.
mouse	Ctr9	Il6	TRRUST|TRRUST_v2_snapshot_2026-08-25|mouse|trrust:mouse:000591	database_only_unverified	22B	database_curated_unverified	database_assertion	unknown			none_identified	none_claimed	not verified; source database only	not verified	Database presence and linked PMIDs do not establish exact-pair direct binding or perturbation, effect direction, or species/context scope.	Conservative source lead only; source_registry=TRRUST; database_ref_count=1; ref_head=17911113; no promotion asserted.
mouse	Cux2	Cdkn1b	TRRUST|TRRUST_v2_snapshot_2026-08-25|mouse|trrust:mouse:000605	database_only_unverified	22B	database_curated_unverified	database_assertion	unknown			none_identified	none_claimed	not verified; source database only	not verified	Database presence and linked PMIDs do not establish exact-pair direct binding or perturbation, effect direction, or species/context scope.	Conservative source lead only; source_registry=TRRUST; database_ref_count=1; ref_head=18223201; no promotion asserted.
mouse	D3YU76	Cd8b	OmniPath_DoRothEA|OmniPath_DoRothEA_snapshot_2026-08-25|mouse|omnipath_dorothea:mouse:003786:276c691386b4	database_only_unverified	22B	database_curated_unverified	database_assertion	unknown			none_identified	none_claimed	not verified; source database only	not verified	Database presence and linked PMIDs do not establish exact-pair direct binding or perturbation, effect direction, or species/context scope.	Conservative source lead only; source_registry=OmniPath_DoRothEA; database_ref_count=1; ref_head=11937547; no promotion asserted.
mouse	Dab2	Axin1	TRRUST|TRRUST_v2_snapshot_2026-08-25|mouse|trrust:mouse:000606	database_only_unverified	22B	database_curated_unverified	database_assertion	unknown			none_identified	none_claimed	not verified; source database only	not verified	Database presence and linked PMIDs do not establish exact-pair direct binding or perturbation, effect direction, or species/context scope.	Conservative source lead only; source_registry=TRRUST; database_ref_count=1; ref_head=19581931; no promotion asserted.
mouse	Dach2	Myog	TRRUST|TRRUST_v2_snapshot_2026-08-25|mouse|trrust:mouse:000614	database_only_unverified	22B	database_curated_unverified	database_assertion	unknown			none_identified	none_claimed	not verified; source database only	not verified	Database presence and linked PMIDs do not establish exact-pair direct binding or perturbation, effect direction, or species/context scope.	Conservative source lead only; source_registry=TRRUST; database_ref_count=1; ref_head=17075071; no promotion asserted.
human	DDB1	CDKN2A	TRRUST|TRRUST_v2_snapshot_2026-08-25|human|trrust:human:001085	database_only_unverified	22B	database_curated_unverified	database_assertion	unknown			none_identified	none_claimed	not verified; source database only	not verified	Database presence and linked PMIDs do not establish exact-pair direct binding or perturbation, effect direction, or species/context scope.	Conservative source lead only; source_registry=TRRUST; database_ref_count=1; ref_head=19208841; no promotion asserted.
mouse	Ddx54	Mbp	TRRUST|TRRUST_v2_snapshot_2026-08-25|mouse|trrust:mouse:000626	database_only_unverified	22B	database_curated_unverified	database_assertion	unknown			none_identified	none_claimed	not verified; source database only	not verified	Database presence and linked PMIDs do not establish exact-pair direct binding or perturbation, effect direction, or species/context scope.	Conservative source lead only; source_registry=TRRUST; database_ref_count=1; ref_head=23239230; no promotion asserted.
mouse	Ddx58	Ifnb1	TRRUST|TRRUST_v2_snapshot_2026-08-25|mouse|trrust:mouse:000627	database_only_unverified	22B	database_curated_unverified	database_assertion	unknown			none_identified	none_claimed	not verified; source database only	not verified	Database presence and linked PMIDs do not establish exact-pair direct binding or perturbation, effect direction, or species/context scope.	Conservative source lead only; source_registry=TRRUST; database_ref_count=1; ref_head=19108859; no promotion asserted.
human	DEDD	FADD	TRRUST|TRRUST_v2_snapshot_2026-08-25|human|trrust:human:001114	database_only_unverified	22B	database_curated_unverified	database_assertion	unknown			none_identified	none_claimed	not verified; source database only	not verified	Database presence and linked PMIDs do not establish exact-pair direct binding or perturbation, effect direction, or species/context scope.	Conservative source lead only; source_registry=TRRUST; database_ref_count=1; ref_head=17193921; no promotion asserted.
human	DENND4A	ERBB2	TRRUST|TRRUST_v2_snapshot_2026-08-25|human|trrust:human:001120	database_only_unverified	22B	database_curated_unverified	database_assertion	unknown			none_identified	none_claimed	not verified; source database only	not verified	Database presence and linked PMIDs do not establish exact-pair direct binding or perturbation, effect direction, or species/context scope.	Conservative source lead only; source_registry=TRRUST; database_ref_count=1; ref_head=23421821; no promotion asserted.
mouse	Dlx1	Arx	TRRUST|TRRUST_v2_snapshot_2026-08-25|mouse|trrust:mouse:000629	database_only_unverified	22B	database_curated_unverified	database_assertion	unknown			none_identified	none_claimed	not verified; source database only	not verified	Database presence and linked PMIDs do not establish exact-pair direct binding or perturbation, effect direction, or species/context scope.	Conservative source lead only; source_registry=TRRUST; database_ref_count=1; ref_head=15682394; no promotion asserted.
human	DLX4	BRCA1	TRRUST|TRRUST_v2_snapshot_2026-08-25|human|trrust:human:001122	database_only_unverified	22B	database_curated_unverified	database_assertion	unknown			none_identified	none_claimed	not verified; source database only	not verified	Database presence and linked PMIDs do not establish exact-pair direct binding or perturbation, effect direction, or species/context scope.	Conservative source lead only; source_registry=TRRUST; database_ref_count=1; ref_head=20877436; no promotion asserted.
mouse	Dmbx1	Otx2	TRRUST|TRRUST_v2_snapshot_2026-08-25|mouse|trrust:mouse:000655	database_only_unverified	22B	database_curated_unverified	database_assertion	unknown			none_identified	none_claimed	not verified; source database only	not verified	Database presence and linked PMIDs do not establish exact-pair direct binding or perturbation, effect direction, or species/context scope.	Conservative source lead only; source_registry=TRRUST; database_ref_count=1; ref_head=12055180; no promotion asserted.
mouse	Dmrt1	Sox2	TRRUST|TRRUST_v2_snapshot_2026-08-25|mouse|trrust:mouse:000657	database_only_unverified	22B	database_curated_unverified	database_assertion	unknown			none_identified	none_claimed	not verified; source database only	not verified	Database presence and linked PMIDs do not establish exact-pair direct binding or perturbation, effect direction, or species/context scope.	Conservative source lead only; source_registry=TRRUST; database_ref_count=1; ref_head=24029916; no promotion asserted.
mouse	Dmrt2	Myf5	TRRUST|TRRUST_v2_snapshot_2026-08-25|mouse|trrust:mouse:000658	database_only_unverified	22B	database_curated_unverified	database_assertion	unknown			none_identified	none_claimed	not verified; source database only	not verified	Database presence and linked PMIDs do not establish exact-pair direct binding or perturbation, effect direction, or species/context scope.	Conservative source lead only; source_registry=TRRUST; database_ref_count=1; ref_head=20368965; no promotion asserted.
mouse	Dnajc2	Id1	TRRUST|TRRUST_v2_snapshot_2026-08-25|mouse|trrust:mouse:000668	database_only_unverified	22B	database_curated_unverified	database_assertion	unknown			none_identified	none_claimed	not verified; source database only	not verified	Database presence and linked PMIDs do not establish exact-pair direct binding or perturbation, effect direction, or species/context scope.	Conservative source lead only; source_registry=TRRUST; database_ref_count=1; ref_head=25361733; no promotion asserted.
human	DNMT3L	TDG	TRRUST|TRRUST_v2_snapshot_2026-08-25|human|trrust:human:001174	database_only_unverified	22B	database_curated_unverified	database_assertion	unknown			none_identified	none_claimed	not verified; source database only	not verified	Database presence and linked PMIDs do not establish exact-pair direct binding or perturbation, effect direction, or species/context scope.	Conservative source lead only; source_registry=TRRUST; database_ref_count=1; ref_head=20428781; no promotion asserted.
human	DRAP1	TBP	TRRUST|TRRUST_v2_snapshot_2026-08-25|human|trrust:human:001180	database_only_unverified	22B	database_curated_unverified	database_assertion	unknown			none_identified	none_claimed	not verified; source database only	not verified	Database presence and linked PMIDs do not establish exact-pair direct binding or perturbation, effect direction, or species/context scope.	Conservative source lead only; source_registry=TRRUST; database_ref_count=1; ref_head=15509807; no promotion asserted.
mouse	Dtx1	Smarcc1	TRRUST|TRRUST_v2_snapshot_2026-08-25|mouse|trrust:mouse:000687	database_only_unverified	22B	database_curated_unverified	database_assertion	unknown			none_identified	none_claimed	not verified; source database only	not verified	Database presence and linked PMIDs do not establish exact-pair direct binding or perturbation, effect direction, or species/context scope.	Conservative source lead only; source_registry=TRRUST; database_ref_count=1; ref_head=16341126; no promotion asserted.
human	DUX4	HEY1	TRRUST|TRRUST_v2_snapshot_2026-08-25|human|trrust:human:001181	database_only_unverified	22B	database_curated_unverified	database_assertion	unknown			none_identified	none_claimed	not verified; source database only	not verified	Database presence and linked PMIDs do not establish exact-pair direct binding or perturbation, effect direction, or species/context scope.	Conservative source lead only; source_registry=TRRUST; database_ref_count=1; ref_head=24278031; no promotion asserted.
human	EAF1	ELL	TRRUST|TRRUST_v2_snapshot_2026-08-25|human|trrust:human:001393	database_only_unverified	22B	database_curated_unverified	database_assertion	unknown			none_identified	none_claimed	not verified; source database only	not verified	Database presence and linked PMIDs do not establish exact-pair direct binding or perturbation, effect direction, or species/context scope.	Conservative source lead only; source_registry=TRRUST; database_ref_count=1; ref_head=16006523; no promotion asserted.
human	EBF3	CDKN1A	TRRUST|TRRUST_v2_snapshot_2026-08-25|human|trrust:human:001399	database_only_unverified	22B	database_curated_unverified	database_assertion	unknown			none_identified	none_claimed	not verified; source database only	not verified	Database presence and linked PMIDs do not establish exact-pair direct binding or perturbation, effect direction, or species/context scope.	Conservative source lead only; source_registry=TRRUST; database_ref_count=1; ref_head=19934318; no promotion asserted.
human	ECD	GCGR	TRRUST|TRRUST_v2_snapshot_2026-08-25|human|trrust:human:001400	database_only_unverified	22B	database_curated_unverified	database_assertion	unknown			none_identified	none_claimed	not verified; source database only	not verified	Database presence and linked PMIDs do not establish exact-pair direct binding or perturbation, effect direction, or species/context scope.	Conservative source lead only; source_registry=TRRUST; database_ref_count=1; ref_head=22908259; no promotion asserted.
human	EED	CPEB1	TRRUST|TRRUST_v2_snapshot_2026-08-25|human|trrust:human:001401	database_only_unverified	22B	database_curated_unverified	database_assertion	unknown			none_identified	none_claimed	not verified; source database only	not verified	Database presence and linked PMIDs do not establish exact-pair direct binding or perturbation, effect direction, or species/context scope.	Conservative source lead only; source_registry=TRRUST; database_ref_count=1; ref_head=23788032; no promotion asserted.
mouse	Ehmt1	Ccnd1	TRRUST|TRRUST_v2_snapshot_2026-08-25|mouse|trrust:mouse:000880	database_only_unverified	22B	database_curated_unverified	database_assertion	unknown			none_identified	none_claimed	not verified; source database only	not verified	Database presence and linked PMIDs do not establish exact-pair direct binding or perturbation, effect direction, or species/context scope.	Conservative source lead only; source_registry=TRRUST; database_ref_count=1; ref_head=19010785; no promotion asserted.
mouse	Ell3	Zeb2	TRRUST|TRRUST_v2_snapshot_2026-08-25|mouse|trrust:mouse:000926	database_only_unverified	22B	database_curated_unverified	database_assertion	unknown			none_identified	none_claimed	not verified; source database only	not verified	Database presence and linked PMIDs do not establish exact-pair direct binding or perturbation, effect direction, or species/context scope.	Conservative source lead only; source_registry=TRRUST; database_ref_count=1; ref_head=22768269; no promotion asserted.
mouse	Elp2	Pou5f1	TRRUST|TRRUST_v2_snapshot_2026-08-25|mouse|trrust:mouse:000927	database_only_unverified	22B	database_curated_unverified	database_assertion	unknown			none_identified	none_claimed	not verified; source database only	not verified	Database presence and linked PMIDs do not establish exact-pair direct binding or perturbation, effect direction, or species/context scope.	Conservative source lead only; source_registry=TRRUST; database_ref_count=1; ref_head=10692469; no promotion asserted.
mouse	Elp3	Pou5f1	TRRUST|TRRUST_v2_snapshot_2026-08-25|mouse|trrust:mouse:000928	database_only_unverified	22B	database_curated_unverified	database_assertion	unknown			none_identified	none_claimed	not verified; source database only	not verified	Database presence and linked PMIDs do not establish exact-pair direct binding or perturbation, effect direction, or species/context scope.	Conservative source lead only; source_registry=TRRUST; database_ref_count=1; ref_head=10692469; no promotion asserted.
mouse	En2	Pax5	TRRUST|TRRUST_v2_snapshot_2026-08-25|mouse|trrust:mouse:000935	database_only_unverified	22B	database_curated_unverified	database_assertion	unknown			none_identified	none_claimed	not verified; source database only	not verified	Database presence and linked PMIDs do not establish exact-pair direct binding or perturbation, effect direction, or species/context scope.	Conservative source lead only; source_registry=TRRUST; database_ref_count=1; ref_head=11124114; no promotion asserted.
mouse	Epc1	Tagln	TRRUST|TRRUST_v2_snapshot_2026-08-25|mouse|trrust:mouse:001019	database_only_unverified	22B	database_curated_unverified	database_assertion	unknown			none_identified	none_claimed	not verified; source database only	not verified	Database presence and linked PMIDs do not establish exact-pair direct binding or perturbation, effect direction, or species/context scope.	Conservative source lead only; source_registry=TRRUST; database_ref_count=1; ref_head=22398275; no promotion asserted.
human	ETV7	ETV6	TRRUST|TRRUST_v2_snapshot_2026-08-25|human|trrust:human:001982	database_only_unverified	22B	database_curated_unverified	database_assertion	unknown			none_identified	none_claimed	not verified; source database only	not verified	Database presence and linked PMIDs do not establish exact-pair direct binding or perturbation, effect direction, or species/context scope.	Conservative source lead only; source_registry=TRRUST; database_ref_count=1; ref_head=22615925; no promotion asserted.
human	EVX1	GSC	TRRUST|TRRUST_v2_snapshot_2026-08-25|human|trrust:human:001983	database_only_unverified	22B	database_curated_unverified	database_assertion	unknown			none_identified	none_claimed	not verified; source database only	not verified	Database presence and linked PMIDs do not establish exact-pair direct binding or perturbation, effect direction, or species/context scope.	Conservative source lead only; source_registry=TRRUST; database_ref_count=1; ref_head=22178155; no promotion asserted.
mouse	Eya1	Atoh1	TRRUST|TRRUST_v2_snapshot_2026-08-25|mouse|trrust:mouse:001224	database_only_unverified	22B	database_curated_unverified	database_assertion	unknown			none_identified	none_claimed	not verified; source database only	not verified	Database presence and linked PMIDs do not establish exact-pair direct binding or perturbation, effect direction, or species/context scope.	Conservative source lead only; source_registry=TRRUST; database_ref_count=1; ref_head=22340499; no promotion asserted.
mouse	Eya2	Mtor	TRRUST|TRRUST_v2_snapshot_2026-08-25|mouse|trrust:mouse:001225	database_only_unverified	22B	database_curated_unverified	database_assertion	unknown			none_identified	none_claimed	not verified; source database only	not verified	Database presence and linked PMIDs do not establish exact-pair direct binding or perturbation, effect direction, or species/context scope.	Conservative source lead only; source_registry=TRRUST; database_ref_count=1; ref_head=22197309; no promotion asserted.
mouse	Ezh1	Tollip	TRRUST|TRRUST_v2_snapshot_2026-08-25|mouse|trrust:mouse:001226	database_only_unverified	22B	database_curated_unverified	database_assertion	unknown			none_identified	none_claimed	not verified; source database only	not verified	Database presence and linked PMIDs do not establish exact-pair direct binding or perturbation, effect direction, or species/context scope.	Conservative source lead only; source_registry=TRRUST; database_ref_count=1; ref_head=25687760; no promotion asserted.
human	FIGLA	TCF3	TRRUST|TRRUST_v2_snapshot_2026-08-25|human|trrust:human:002041	database_only_unverified	22B	database_curated_unverified	database_assertion	unknown			none_identified	none_claimed	not verified; source database only	not verified	Database presence and linked PMIDs do not establish exact-pair direct binding or perturbation, effect direction, or species/context scope.	Conservative source lead only; source_registry=TRRUST; database_ref_count=1; ref_head=18499083; no promotion asserted.
mouse	Fmr1	Rac1	TRRUST|TRRUST_v2_snapshot_2026-08-25|mouse|trrust:mouse:001257	database_only_unverified	22B	database_curated_unverified	database_assertion	unknown			none_identified	none_claimed	not verified; source database only	not verified	Database presence and linked PMIDs do not establish exact-pair direct binding or perturbation, effect direction, or species/context scope.	Conservative source lead only; source_registry=TRRUST; database_ref_count=1; ref_head=21645877; no promotion asserted.
mouse	Foxj3	Mef2c	TRRUST|TRRUST_v2_snapshot_2026-08-25|mouse|trrust:mouse:001425	database_only_unverified	22B	database_curated_unverified	database_assertion	unknown			none_identified	none_claimed	not verified; source database only	not verified	Database presence and linked PMIDs do not establish exact-pair direct binding or perturbation, effect direction, or species/context scope.	Conservative source lead only; source_registry=TRRUST; database_ref_count=1; ref_head=19914232; no promotion asserted.
human	FUBP3	FGF9	TRRUST|TRRUST_v2_snapshot_2026-08-25|human|trrust:human:002337	database_only_unverified	22B	database_curated_unverified	database_assertion	unknown			none_identified	none_claimed	not verified; source database only	not verified	Database presence and linked PMIDs do not establish exact-pair direct binding or perturbation, effect direction, or species/context scope.	Conservative source lead only; source_registry=TRRUST; database_ref_count=1; ref_head=21252297; no promotion asserted.
human	GABPB2	RPS3A	TRRUST|TRRUST_v2_snapshot_2026-08-25|human|trrust:human:002348	database_only_unverified	22B	database_curated_unverified	database_assertion	unknown			none_identified	none_claimed	not verified; source database only	not verified	Database presence and linked PMIDs do not establish exact-pair direct binding or perturbation, effect direction, or species/context scope.	Conservative source lead only; source_registry=TRRUST; database_ref_count=1; ref_head=12463423; no promotion asserted.
human	GATA5	SLC5A1	TRRUST|TRRUST_v2_snapshot_2026-08-25|human|trrust:human:002494	database_only_unverified	22B	database_curated_unverified	database_assertion	unknown			none_identified	none_claimed	not verified; source database only	not verified	Database presence and linked PMIDs do not establish exact-pair direct binding or perturbation, effect direction, or species/context scope.	Conservative source lead only; source_registry=TRRUST; database_ref_count=1; ref_head=18656622; no promotion asserted.
mouse	Gcfc2	Egfr	TRRUST|TRRUST_v2_snapshot_2026-08-25|mouse|trrust:mouse:001664	database_only_unverified	22B	database_curated_unverified	database_assertion	unknown			none_identified	none_claimed	not verified; source database only	not verified	Database presence and linked PMIDs do not establish exact-pair direct binding or perturbation, effect direction, or species/context scope.	Conservative source lead only; source_registry=TRRUST; database_ref_count=1; ref_head=8494791; no promotion asserted.
mouse	Glis2	Ins2	TRRUST|TRRUST_v2_snapshot_2026-08-25|mouse|trrust:mouse:001722	database_only_unverified	22B	database_curated_unverified	database_assertion	unknown			none_identified	none_claimed	not verified; source database only	not verified	Database presence and linked PMIDs do not establish exact-pair direct binding or perturbation, effect direction, or species/context scope.	Conservative source lead only; source_registry=TRRUST; database_ref_count=1; ref_head=21127075; no promotion asserted.
human	GRHL1	CYP11A1	TRRUST|TRRUST_v2_snapshot_2026-08-25|human|trrust:human:002563	database_only_unverified	22B	database_curated_unverified	database_assertion	unknown			none_identified	none_claimed	not verified; source database only	not verified	Database presence and linked PMIDs do not establish exact-pair direct binding or perturbation, effect direction, or species/context scope.	Conservative source lead only; source_registry=TRRUST; database_ref_count=1; ref_head=18004979; no promotion asserted.
mouse	Grin1	Cox4i1	TRRUST|TRRUST_v2_snapshot_2026-08-25|mouse|trrust:mouse:001725	database_only_unverified	22B	database_curated_unverified	database_assertion	unknown			none_identified	none_claimed	not verified; source database only	not verified	Database presence and linked PMIDs do not establish exact-pair direct binding or perturbation, effect direction, or species/context scope.	Conservative source lead only; source_registry=TRRUST; database_ref_count=1; ref_head=19144849; no promotion asserted.
mouse	Gsx2	Ppp1r1b	TRRUST|TRRUST_v2_snapshot_2026-08-25|mouse|trrust:mouse:001730	database_only_unverified	22B	database_curated_unverified	database_assertion	unknown			none_identified	none_claimed	not verified; source database only	not verified	Database presence and linked PMIDs do not establish exact-pair direct binding or perturbation, effect direction, or species/context scope.	Conservative source lead only; source_registry=TRRUST; database_ref_count=1; ref_head=15269172; no promotion asserted.
mouse	Gtf2a2	Bglap	TRRUST|TRRUST_v2_snapshot_2026-08-25|mouse|trrust:mouse:001733	database_only_unverified	22B	database_curated_unverified	database_assertion	unknown			none_identified	none_claimed	not verified; source database only	not verified	Database presence and linked PMIDs do not establish exact-pair direct binding or perturbation, effect direction, or species/context scope.	Conservative source lead only; source_registry=TRRUST; database_ref_count=1; ref_head=18171674; no promotion asserted.
human	GTF2F1	BGLAP	TRRUST|TRRUST_v2_snapshot_2026-08-25|human|trrust:human:002567	database_only_unverified	22B	database_curated_unverified	database_assertion	unknown			none_identified	none_claimed	not verified; source database only	not verified	Database presence and linked PMIDs do not establish exact-pair direct binding or perturbation, effect direction, or species/context scope.	Conservative source lead only; source_registry=TRRUST; database_ref_count=1; ref_head=9265625; no promotion asserted.
mouse	Gtf2h1	Keap1	TRRUST|TRRUST_v2_snapshot_2026-08-25|mouse|trrust:mouse:001735	database_only_unverified	22B	database_curated_unverified	database_assertion	unknown			none_identified	none_claimed	not verified; source database only	not verified	Database presence and linked PMIDs do not establish exact-pair direct binding or perturbation, effect direction, or species/context scope.	Conservative source lead only; source_registry=TRRUST; database_ref_count=1; ref_head=20173742; no promotion asserted.
human	HAX1	ATP2A2	TRRUST|TRRUST_v2_snapshot_2026-08-25|human|trrust:human:002581	database_only_unverified	22B	database_curated_unverified	database_assertion	unknown			none_identified	none_claimed	not verified; source database only	not verified	Database presence and linked PMIDs do not establish exact-pair direct binding or perturbation, effect direction, or species/context scope.	Conservative source lead only; source_registry=TRRUST; database_ref_count=1; ref_head=18971376; no promotion asserted.
human	HDAC10	TXNIP	TRRUST|TRRUST_v2_snapshot_2026-08-25|human|trrust:human:002671	database_only_unverified	22B	database_curated_unverified	database_assertion	unknown			none_identified	none_claimed	not verified; source database only	not verified	Database presence and linked PMIDs do not establish exact-pair direct binding or perturbation, effect direction, or species/context scope.	Conservative source lead only; source_registry=TRRUST; database_ref_count=1; ref_head=20680488; no promotion asserted.
human	HIF3A	HIF1A	TRRUST|TRRUST_v2_snapshot_2026-08-25|human|trrust:human:002937	database_only_unverified	22B	database_curated_unverified	database_assertion	unknown			none_identified	none_claimed	not verified; source database only	not verified	Database presence and linked PMIDs do not establish exact-pair direct binding or perturbation, effect direction, or species/context scope.	Conservative source lead only; source_registry=TRRUST; database_ref_count=1; ref_head=19755485; no promotion asserted.
human	HINFP	MBD2	TRRUST|TRRUST_v2_snapshot_2026-08-25|human|trrust:human:002938	database_only_unverified	22B	database_curated_unverified	database_assertion	unknown			none_identified	none_claimed	not verified; source database only	not verified	Database presence and linked PMIDs do not establish exact-pair direct binding or perturbation, effect direction, or species/context scope.	Conservative source lead only; source_registry=TRRUST; database_ref_count=1; ref_head=11553631; no promotion asserted.
human	HIRA	PLB1	TRRUST|TRRUST_v2_snapshot_2026-08-25|human|trrust:human:002948	database_only_unverified	22B	database_curated_unverified	database_assertion	unknown			none_identified	none_claimed	not verified; source database only	not verified	Database presence and linked PMIDs do not establish exact-pair direct binding or perturbation, effect direction, or species/context scope.	Conservative source lead only; source_registry=TRRUST; database_ref_count=1; ref_head=9809417; no promotion asserted.
human	HMG20B	BRCA2	TRRUST|TRRUST_v2_snapshot_2026-08-25|human|trrust:human:002961	database_only_unverified	22B	database_curated_unverified	database_assertion	unknown			none_identified	none_claimed	not verified; source database only	not verified	Database presence and linked PMIDs do not establish exact-pair direct binding or perturbation, effect direction, or species/context scope.	Conservative source lead only; source_registry=TRRUST; database_ref_count=1; ref_head=21399666; no promotion asserted.
mouse	Hmgn3	Slc2a2	TRRUST|TRRUST_v2_snapshot_2026-08-25|mouse|trrust:mouse:001901	database_only_unverified	22B	database_curated_unverified	database_assertion	unknown			none_identified	none_claimed	not verified; source database only	not verified	Database presence and linked PMIDs do not establish exact-pair direct binding or perturbation, effect direction, or species/context scope.	Conservative source lead only; source_registry=TRRUST; database_ref_count=1; ref_head=19651901; no promotion asserted.
mouse	Hnrnpk	Slc1a2	TRRUST|TRRUST_v2_snapshot_2026-08-25|mouse|trrust:mouse:001982	database_only_unverified	22B	database_curated_unverified	database_assertion	unknown			none_identified	none_claimed	not verified; source database only	not verified	Database presence and linked PMIDs do not establish exact-pair direct binding or perturbation, effect direction, or species/context scope.	Conservative source lead only; source_registry=TRRUST; database_ref_count=1; ref_head=19323997; no promotion asserted.
human	HNRNPR	ASCL1	TRRUST|TRRUST_v2_snapshot_2026-08-25|human|trrust:human:003069	database_only_unverified	22B	database_curated_unverified	database_assertion	unknown			none_identified	none_claimed	not verified; source database only	not verified	Database presence and linked PMIDs do not establish exact-pair direct binding or perturbation, effect direction, or species/context scope.	Conservative source lead only; source_registry=TRRUST; database_ref_count=1; ref_head=25124043; no promotion asserted.
mouse	Hoxa3	Hoxd3	TRRUST|TRRUST_v2_snapshot_2026-08-25|mouse|trrust:mouse:001997	database_only_unverified	22B	database_curated_unverified	database_assertion	unknown			none_identified	none_claimed	not verified; source database only	not verified	Database presence and linked PMIDs do not establish exact-pair direct binding or perturbation, effect direction, or species/context scope.	Conservative source lead only; source_registry=TRRUST; database_ref_count=1; ref_head=9441667; no promotion asserted.
mouse	Hoxb3	Hoxb1	TRRUST|TRRUST_v2_snapshot_2026-08-25|mouse|trrust:mouse:002012	database_only_unverified	22B	database_curated_unverified	database_assertion	unknown			none_identified	none_claimed	not verified; source database only	not verified	Database presence and linked PMIDs do not establish exact-pair direct binding or perturbation, effect direction, or species/context scope.	Conservative source lead only; source_registry=TRRUST; database_ref_count=1; ref_head=21320481; no promotion asserted.
mouse	Hoxb5	Foxd3	TRRUST|TRRUST_v2_snapshot_2026-08-25|mouse|trrust:mouse:002017	database_only_unverified	22B	database_curated_unverified	database_assertion	unknown			none_identified	none_claimed	not verified; source database only	not verified	Database presence and linked PMIDs do not establish exact-pair direct binding or perturbation, effect direction, or species/context scope.	Conservative source lead only; source_registry=TRRUST; database_ref_count=1; ref_head=25220476; no promotion asserted.
mouse	Hoxb8	Tagln	TRRUST|TRRUST_v2_snapshot_2026-08-25|mouse|trrust:mouse:002020	database_only_unverified	22B	database_curated_unverified	database_assertion	unknown			none_identified	none_claimed	not verified; source database only	not verified	Database presence and linked PMIDs do not establish exact-pair direct binding or perturbation, effect direction, or species/context scope.	Conservative source lead only; source_registry=TRRUST; database_ref_count=1; ref_head=15886193; no promotion asserted.
human	HOXC10	HOXB8	TRRUST|TRRUST_v2_snapshot_2026-08-25|human|trrust:human:003129	database_only_unverified	22B	database_curated_unverified	database_assertion	unknown			none_identified	none_claimed	not verified; source database only	not verified	Database presence and linked PMIDs do not establish exact-pair direct binding or perturbation, effect direction, or species/context scope.	Conservative source lead only; source_registry=TRRUST; database_ref_count=1; ref_head=18534812; no promotion asserted.
human	HOXC9	HOXB8	TRRUST|TRRUST_v2_snapshot_2026-08-25|human|trrust:human:003137	database_only_unverified	22B	database_curated_unverified	database_assertion	unknown			none_identified	none_claimed	not verified; source database only	not verified	Database presence and linked PMIDs do not establish exact-pair direct binding or perturbation, effect direction, or species/context scope.	Conservative source lead only; source_registry=TRRUST; database_ref_count=1; ref_head=18534812; no promotion asserted.
human	HOXD1	ITGB1	TRRUST|TRRUST_v2_snapshot_2026-08-25|human|trrust:human:003138	database_only_unverified	22B	database_curated_unverified	database_assertion	unknown			none_identified	none_claimed	not verified; source database only	not verified	Database presence and linked PMIDs do not establish exact-pair direct binding or perturbation, effect direction, or species/context scope.	Conservative source lead only; source_registry=TRRUST; database_ref_count=1; ref_head=21501586; no promotion asserted.
human	HOXD9	HOXD9	TRRUST|TRRUST_v2_snapshot_2026-08-25|human|trrust:human:003145	database_only_unverified	22B	database_curated_unverified	database_assertion	unknown			none_identified	none_claimed	not verified; source database only	not verified	Database presence and linked PMIDs do not establish exact-pair direct binding or perturbation, effect direction, or species/context scope.	Conservative source lead only; source_registry=TRRUST; database_ref_count=1; ref_head=7926763; no promotion asserted.
mouse	Hspb1	Cdkn1a	TRRUST|TRRUST_v2_snapshot_2026-08-25|mouse|trrust:mouse:002037	database_only_unverified	22B	database_curated_unverified	database_assertion	unknown			none_identified	none_claimed	not verified; source database only	not verified	Database presence and linked PMIDs do not establish exact-pair direct binding or perturbation, effect direction, or species/context scope.	Conservative source lead only; source_registry=TRRUST; database_ref_count=1; ref_head=12038984; no promotion asserted.
mouse	Ifi204	Bglap2	TRRUST|TRRUST_v2_snapshot_2026-08-25|mouse|trrust:mouse:002073	database_only_unverified	22B	database_curated_unverified	database_assertion	unknown			none_identified	none_claimed	not verified; source database only	not verified	Database presence and linked PMIDs do not establish exact-pair direct binding or perturbation, effect direction, or species/context scope.	Conservative source lead only; source_registry=TRRUST; database_ref_count=1; ref_head=17439944; no promotion asserted.
mouse	Ifih1	Ifnb1	TRRUST|TRRUST_v2_snapshot_2026-08-25|mouse|trrust:mouse:002074	database_only_unverified	22B	database_curated_unverified	database_assertion	unknown			none_identified	none_claimed	not verified; source database only	not verified	Database presence and linked PMIDs do not establish exact-pair direct binding or perturbation, effect direction, or species/context scope.	Conservative source lead only; source_registry=TRRUST; database_ref_count=1; ref_head=19108859; no promotion asserted.
mouse	Il17a	Tnf	TRRUST|TRRUST_v2_snapshot_2026-08-25|mouse|trrust:mouse:002111	database_only_unverified	22B	database_curated_unverified	database_assertion	unknown			none_identified	none_claimed	not verified; source database only	not verified	Database presence and linked PMIDs do not establish exact-pair direct binding or perturbation, effect direction, or species/context scope.	Conservative source lead only; source_registry=TRRUST; database_ref_count=1; ref_head=16798734; no promotion asserted.
mouse	Ilk	Mmp9	TRRUST|TRRUST_v2_snapshot_2026-08-25|mouse|trrust:mouse:002117	database_only_unverified	22B	database_curated_unverified	database_assertion	unknown			none_identified	none_claimed	not verified; source database only	not verified	Database presence and linked PMIDs do not establish exact-pair direct binding or perturbation, effect direction, or species/context scope.	Conservative source lead only; source_registry=TRRUST; database_ref_count=1; ref_head=11114721; no promotion asserted.
mouse	Irx3	Gja1	TRRUST|TRRUST_v2_snapshot_2026-08-25|mouse|trrust:mouse:002225	database_only_unverified	22B	database_curated_unverified	database_assertion	unknown			none_identified	none_claimed	not verified; source database only	not verified	Database presence and linked PMIDs do not establish exact-pair direct binding or perturbation, effect direction, or species/context scope.	Conservative source lead only; source_registry=TRRUST; database_ref_count=1; ref_head=21825130; no promotion asserted.
mouse	Irx5	Kcnd2	TRRUST|TRRUST_v2_snapshot_2026-08-25|mouse|trrust:mouse:002226	database_only_unverified	22B	database_curated_unverified	database_assertion	unknown			none_identified	none_claimed	not verified; source database only	not verified	Database presence and linked PMIDs do not establish exact-pair direct binding or perturbation, effect direction, or species/context scope.	Conservative source lead only; source_registry=TRRUST; database_ref_count=1; ref_head=23573265; no promotion asserted.
mouse	Jazf1	Myf6	TRRUST|TRRUST_v2_snapshot_2026-08-25|mouse|trrust:mouse:002238	database_only_unverified	22B	database_curated_unverified	database_assertion	unknown			none_identified	none_claimed	not verified; source database only	not verified	Database presence and linked PMIDs do not establish exact-pair direct binding or perturbation, effect direction, or species/context scope.	Conservative source lead only; source_registry=TRRUST; database_ref_count=1; ref_head=26101156; no promotion asserted.
mouse	Jmjd1c	Cyp17a1	TRRUST|TRRUST_v2_snapshot_2026-08-25|mouse|trrust:mouse:002243	database_only_unverified	22B	database_curated_unverified	database_assertion	unknown			none_identified	none_claimed	not verified; source database only	not verified	Database presence and linked PMIDs do not establish exact-pair direct binding or perturbation, effect direction, or species/context scope.	Conservative source lead only; source_registry=TRRUST; database_ref_count=1; ref_head=20530532; no promotion asserted.
human	KDM4C	JAG1	TRRUST|TRRUST_v2_snapshot_2026-08-25|human|trrust:human:003642	database_only_unverified	22B	database_curated_unverified	database_assertion	unknown			none_identified	none_claimed	not verified; source database only	not verified	Database presence and linked PMIDs do not establish exact-pair direct binding or perturbation, effect direction, or species/context scope.	Conservative source lead only; source_registry=TRRUST; database_ref_count=1; ref_head=23698634; no promotion asserted.
mouse	Kdm6b	Eomes	TRRUST|TRRUST_v2_snapshot_2026-08-25|mouse|trrust:mouse:002432	database_only_unverified	22B	database_curated_unverified	database_assertion	unknown			none_identified	none_claimed	not verified; source database only	not verified	Database presence and linked PMIDs do not establish exact-pair direct binding or perturbation, effect direction, or species/context scope.	Conservative source lead only; source_registry=TRRUST; database_ref_count=1; ref_head=23584530; no promotion asserted.
mouse	Keap1	Nfe2l2	TRRUST|TRRUST_v2_snapshot_2026-08-25|mouse|trrust:mouse:002433	database_only_unverified	22B	database_curated_unverified	database_assertion	unknown			none_identified	none_claimed	not verified; source database only	not verified	Database presence and linked PMIDs do not establish exact-pair direct binding or perturbation, effect direction, or species/context scope.	Conservative source lead only; source_registry=TRRUST; database_ref_count=1; ref_head=20416283; no promotion asserted.
human	KHSRP	RPL3	TRRUST|TRRUST_v2_snapshot_2026-08-25|human|trrust:human:003646	database_only_unverified	22B	database_curated_unverified	database_assertion	unknown			none_identified	none_claimed	not verified; source database only	not verified	Database presence and linked PMIDs do not establish exact-pair direct binding or perturbation, effect direction, or species/context scope.	Conservative source lead only; source_registry=TRRUST; database_ref_count=1; ref_head=21705779; no promotion asserted.
human	KLF14	TGFBR2	TRRUST|TRRUST_v2_snapshot_2026-08-25|human|trrust:human:003664	database_only_unverified	22B	database_curated_unverified	database_assertion	unknown			none_identified	none_claimed	not verified; source database only	not verified	Database presence and linked PMIDs do not establish exact-pair direct binding or perturbation, effect direction, or species/context scope.	Conservative source lead only; source_registry=TRRUST; database_ref_count=1; ref_head=19088080; no promotion asserted.
mouse	Kpna2	Klf4	TRRUST|TRRUST_v2_snapshot_2026-08-25|mouse|trrust:mouse:002506	database_only_unverified	22B	database_curated_unverified	database_assertion	unknown			none_identified	none_claimed	not verified; source database only	not verified	Database presence and linked PMIDs do not establish exact-pair direct binding or perturbation, effect direction, or species/context scope.	Conservative source lead only; source_registry=TRRUST; database_ref_count=1; ref_head=21664354; no promotion asserted.
human	LCOR	CDKN1A	TRRUST|TRRUST_v2_snapshot_2026-08-25|human|trrust:human:003781	database_only_unverified	22B	database_curated_unverified	database_assertion	unknown			none_identified	none_claimed	not verified; source database only	not verified	Database presence and linked PMIDs do not establish exact-pair direct binding or perturbation, effect direction, or species/context scope.	Conservative source lead only; source_registry=TRRUST; database_ref_count=1; ref_head=22277651; no promotion asserted.
mouse	Ldb2	Fgf10	TRRUST|TRRUST_v2_snapshot_2026-08-25|mouse|trrust:mouse:002521	database_only_unverified	22B	database_curated_unverified	database_assertion	unknown			none_identified	none_claimed	not verified; source database only	not verified	Database presence and linked PMIDs do not establish exact-pair direct binding or perturbation, effect direction, or species/context scope.	Conservative source lead only; source_registry=TRRUST; database_ref_count=1; ref_head=22411555; no promotion asserted.
mouse	Lhx9	Rig1	TRRUST|TRRUST_v2_snapshot_2026-08-25|mouse|trrust:mouse:002563	database_only_unverified	22B	database_curated_unverified	database_assertion	unknown			none_identified	none_claimed	not verified; source database only	not verified	Database presence and linked PMIDs do not establish exact-pair direct binding or perturbation, effect direction, or species/context scope.	Conservative source lead only; source_registry=TRRUST; database_ref_count=1; ref_head=18701067; no promotion asserted.
human	LIMD1	HIF1A	TRRUST|TRRUST_v2_snapshot_2026-08-25|human|trrust:human:003821	database_only_unverified	22B	database_curated_unverified	database_assertion	unknown			none_identified	none_claimed	not verified; source database only	not verified	Database presence and linked PMIDs do not establish exact-pair direct binding or perturbation, effect direction, or species/context scope.	Conservative source lead only; source_registry=TRRUST; database_ref_count=1; ref_head=22286099; no promotion asserted.
human	LIN28A	CDC25A	TRRUST|TRRUST_v2_snapshot_2026-08-25|human|trrust:human:003823	database_only_unverified	22B	database_curated_unverified	database_assertion	unknown			none_identified	none_claimed	not verified; source database only	not verified	Database presence and linked PMIDs do not establish exact-pair direct binding or perturbation, effect direction, or species/context scope.	Conservative source lead only; source_registry=TRRUST; database_ref_count=1; ref_head=22467868; no promotion asserted.
human	LMO3	HES1	TRRUST|TRRUST_v2_snapshot_2026-08-25|human|trrust:human:003836	database_only_unverified	22B	database_curated_unverified	database_assertion	unknown			none_identified	none_claimed	not verified; source database only	not verified	Database presence and linked PMIDs do not establish exact-pair direct binding or perturbation, effect direction, or species/context scope.	Conservative source lead only; source_registry=TRRUST; database_ref_count=1; ref_head=21573214; no promotion asserted.
mouse	Lmo7	Pax3	TRRUST|TRRUST_v2_snapshot_2026-08-25|mouse|trrust:mouse:002572	database_only_unverified	22B	database_curated_unverified	database_assertion	unknown			none_identified	none_claimed	not verified; source database only	not verified	Database presence and linked PMIDs do not establish exact-pair direct binding or perturbation, effect direction, or species/context scope.	Conservative source lead only; source_registry=TRRUST; database_ref_count=1; ref_head=21525034; no promotion asserted.
human	LRF	COMP	TRRUST|TRRUST_v2_snapshot_2026-08-25|human|trrust:human:003849	database_only_unverified	22B	database_curated_unverified	database_assertion	unknown			none_identified	none_claimed	not verified; source database only	not verified	Database presence and linked PMIDs do not establish exact-pair direct binding or perturbation, effect direction, or species/context scope.	Conservative source lead only; source_registry=TRRUST; database_ref_count=1; ref_head=15337766; no promotion asserted.
human	MAL	MYL9	TRRUST|TRRUST_v2_snapshot_2026-08-25|human|trrust:human:003871	database_only_unverified	22B	database_curated_unverified	database_assertion	unknown			none_identified	none_claimed	not verified; source database only	not verified	Database presence and linked PMIDs do not establish exact-pair direct binding or perturbation, effect direction, or species/context scope.	Conservative source lead only; source_registry=TRRUST; database_ref_count=1; ref_head=19724058; no promotion asserted.
mouse	Map3k7	Nfkb1	TRRUST|TRRUST_v2_snapshot_2026-08-25|mouse|trrust:mouse:002610	database_only_unverified	22B	database_curated_unverified	database_assertion	unknown			none_identified	none_claimed	not verified; source database only	not verified	Database presence and linked PMIDs do not establish exact-pair direct binding or perturbation, effect direction, or species/context scope.	Conservative source lead only; source_registry=TRRUST; database_ref_count=1; ref_head=16186825; no promotion asserted.
mouse	Mapk1	Egr1	TRRUST|TRRUST_v2_snapshot_2026-08-25|mouse|trrust:mouse:002611	database_only_unverified	22B	database_curated_unverified	database_assertion	unknown			none_identified	none_claimed	not verified; source database only	not verified	Database presence and linked PMIDs do not establish exact-pair direct binding or perturbation, effect direction, or species/context scope.	Conservative source lead only; source_registry=TRRUST; database_ref_count=1; ref_head=17327421; no promotion asserted.
mouse	Mapk14	Egr1	TRRUST|TRRUST_v2_snapshot_2026-08-25|mouse|trrust:mouse:002612	database_only_unverified	22B	database_curated_unverified	database_assertion	unknown			none_identified	none_claimed	not verified; source database only	not verified	Database presence and linked PMIDs do not establish exact-pair direct binding or perturbation, effect direction, or species/context scope.	Conservative source lead only; source_registry=TRRUST; database_ref_count=1; ref_head=17327421; no promotion asserted.
human	MCM2	SNF8	TRRUST|TRRUST_v2_snapshot_2026-08-25|human|trrust:human:003906	database_only_unverified	22B	database_curated_unverified	database_assertion	unknown			none_identified	none_claimed	not verified; source database only	not verified	Database presence and linked PMIDs do not establish exact-pair direct binding or perturbation, effect direction, or species/context scope.	Conservative source lead only; source_registry=TRRUST; database_ref_count=1; ref_head=19819239; no promotion asserted.
mouse	Mcm3	Il4	TRRUST|TRRUST_v2_snapshot_2026-08-25|mouse|trrust:mouse:002628	database_only_unverified	22B	database_curated_unverified	database_assertion	unknown			none_identified	none_claimed	not verified; source database only	not verified	Database presence and linked PMIDs do not establish exact-pair direct binding or perturbation, effect direction, or species/context scope.	Conservative source lead only; source_registry=TRRUST; database_ref_count=1; ref_head=10069428; no promotion asserted.
human	MCM5	STAT1	TRRUST|TRRUST_v2_snapshot_2026-08-25|human|trrust:human:003907	database_only_unverified	22B	database_curated_unverified	database_assertion	unknown			none_identified	none_claimed	not verified; source database only	not verified	Database presence and linked PMIDs do not establish exact-pair direct binding or perturbation, effect direction, or species/context scope.	Conservative source lead only; source_registry=TRRUST; database_ref_count=1; ref_head=11248027; no promotion asserted.
mouse	Mcm6	Cd40	TRRUST|TRRUST_v2_snapshot_2026-08-25|mouse|trrust:mouse:002629	database_only_unverified	22B	database_curated_unverified	database_assertion	unknown			none_identified	none_claimed	not verified; source database only	not verified	Database presence and linked PMIDs do not establish exact-pair direct binding or perturbation, effect direction, or species/context scope.	Conservative source lead only; source_registry=TRRUST; database_ref_count=1; ref_head=21538324; no promotion asserted.
human	MED15	NCF2	TRRUST|TRRUST_v2_snapshot_2026-08-25|human|trrust:human:003927	database_only_unverified	22B	database_curated_unverified	database_assertion	unknown			none_identified	none_claimed	not verified; source database only	not verified	Database presence and linked PMIDs do not establish exact-pair direct binding or perturbation, effect direction, or species/context scope.	Conservative source lead only; source_registry=TRRUST; database_ref_count=1; ref_head=20025940; no promotion asserted.
mouse	Med6	Fabp4	TRRUST|TRRUST_v2_snapshot_2026-08-25|mouse|trrust:mouse:002656	database_only_unverified	22B	database_curated_unverified	database_assertion	unknown			none_identified	none_claimed	not verified; source database only	not verified	Database presence and linked PMIDs do not establish exact-pair direct binding or perturbation, effect direction, or species/context scope.	Conservative source lead only; source_registry=TRRUST; database_ref_count=1; ref_head=20194623; no promotion asserted.
mouse	Med8	Fabp4	TRRUST|TRRUST_v2_snapshot_2026-08-25|mouse|trrust:mouse:002657	database_only_unverified	22B	database_curated_unverified	database_assertion	unknown			none_identified	none_claimed	not verified; source database only	not verified	Database presence and linked PMIDs do not establish exact-pair direct binding or perturbation, effect direction, or species/context scope.	Conservative source lead only; source_registry=TRRUST; database_ref_count=1; ref_head=20194623; no promotion asserted.
human	MEF2B	BCL6	TRRUST|TRRUST_v2_snapshot_2026-08-25|human|trrust:human:003943	database_only_unverified	22B	database_curated_unverified	database_assertion	unknown			none_identified	none_claimed	not verified; source database only	not verified	Database presence and linked PMIDs do not establish exact-pair direct binding or perturbation, effect direction, or species/context scope.	Conservative source lead only; source_registry=TRRUST; database_ref_count=1; ref_head=23974956; no promotion asserted.
mouse	Meox2	Myf5	TRRUST|TRRUST_v2_snapshot_2026-08-25|mouse|trrust:mouse:002724	database_only_unverified	22B	database_curated_unverified	database_assertion	unknown			none_identified	none_claimed	not verified; source database only	not verified	Database presence and linked PMIDs do not establish exact-pair direct binding or perturbation, effect direction, or species/context scope.	Conservative source lead only; source_registry=TRRUST; database_ref_count=1; ref_head=17301086; no promotion asserted.
human	MLL2	HOXC6	TRRUST|TRRUST_v2_snapshot_2026-08-25|human|trrust:human:004010	database_only_unverified	22B	database_curated_unverified	database_assertion	unknown			none_identified	none_claimed	not verified; source database only	not verified	Database presence and linked PMIDs do not establish exact-pair direct binding or perturbation, effect direction, or species/context scope.	Conservative source lead only; source_registry=TRRUST; database_ref_count=1; ref_head=21683083; no promotion asserted.
human	MLL3	HOXC6	TRRUST|TRRUST_v2_snapshot_2026-08-25|human|trrust:human:004011	database_only_unverified	22B	database_curated_unverified	database_assertion	unknown			none_identified	none_claimed	not verified; source database only	not verified	Database presence and linked PMIDs do not establish exact-pair direct binding or perturbation, effect direction, or species/context scope.	Conservative source lead only; source_registry=TRRUST; database_ref_count=1; ref_head=21683083; no promotion asserted.
human	MLL4	COX1	TRRUST|TRRUST_v2_snapshot_2026-08-25|human|trrust:human:004012	database_only_unverified	22B	database_curated_unverified	database_assertion	unknown			none_identified	none_claimed	not verified; source database only	not verified	Database presence and linked PMIDs do not establish exact-pair direct binding or perturbation, effect direction, or species/context scope.	Conservative source lead only; source_registry=TRRUST; database_ref_count=1; ref_head=19570036; no promotion asserted.
human	MLLT10	MDM2	TRRUST|TRRUST_v2_snapshot_2026-08-25|human|trrust:human:004015	database_only_unverified	22B	database_curated_unverified	database_assertion	unknown			none_identified	none_claimed	not verified; source database only	not verified	Database presence and linked PMIDs do not establish exact-pair direct binding or perturbation, effect direction, or species/context scope.	Conservative source lead only; source_registry=TRRUST; database_ref_count=1; ref_head=15851483; no promotion asserted.
human	MLX	ODC1	TRRUST|TRRUST_v2_snapshot_2026-08-25|human|trrust:human:004020	database_only_unverified	22B	database_curated_unverified	database_assertion	unknown			none_identified	none_claimed	not verified; source database only	not verified	Database presence and linked PMIDs do not establish exact-pair direct binding or perturbation, effect direction, or species/context scope.	Conservative source lead only; source_registry=TRRUST; database_ref_count=1; ref_head=19960435; no promotion asserted.
mouse	Mmp9	Jun	TRRUST|TRRUST_v2_snapshot_2026-08-25|mouse|trrust:mouse:002786	database_only_unverified	22B	database_curated_unverified	database_assertion	unknown			none_identified	none_claimed	not verified; source database only	not verified	Database presence and linked PMIDs do not establish exact-pair direct binding or perturbation, effect direction, or species/context scope.	Conservative source lead only; source_registry=TRRUST; database_ref_count=1; ref_head=23720741; no promotion asserted.
human	MTA3	SNAI1	TRRUST|TRRUST_v2_snapshot_2026-08-25|human|trrust:human:004074	database_only_unverified	22B	database_curated_unverified	database_assertion	unknown			none_identified	none_claimed	not verified; source database only	not verified	Database presence and linked PMIDs do not establish exact-pair direct binding or perturbation, effect direction, or species/context scope.	Conservative source lead only; source_registry=TRRUST; database_ref_count=1; ref_head=23510993; no promotion asserted.
human	MXD4	ODC1	TRRUST|TRRUST_v2_snapshot_2026-08-25|human|trrust:human:004087	database_only_unverified	22B	database_curated_unverified	database_assertion	unknown			none_identified	none_claimed	not verified; source database only	not verified	Database presence and linked PMIDs do not establish exact-pair direct binding or perturbation, effect direction, or species/context scope.	Conservative source lead only; source_registry=TRRUST; database_ref_count=1; ref_head=19789310; no promotion asserted.
mouse	Myef2	Myl2	TRRUST|TRRUST_v2_snapshot_2026-08-25|mouse|trrust:mouse:002945	database_only_unverified	22B	database_curated_unverified	database_assertion	unknown			none_identified	none_claimed	not verified; source database only	not verified	Database presence and linked PMIDs do not establish exact-pair direct binding or perturbation, effect direction, or species/context scope.	Conservative source lead only; source_registry=TRRUST; database_ref_count=1; ref_head=8589760; no promotion asserted.
mouse	Ncoa5	Myc	TRRUST|TRRUST_v2_snapshot_2026-08-25|mouse|trrust:mouse:003096	database_only_unverified	22B	database_curated_unverified	database_assertion	unknown			none_identified	none_claimed	not verified; source database only	not verified	Database presence and linked PMIDs do not establish exact-pair direct binding or perturbation, effect direction, or species/context scope.	Conservative source lead only; source_registry=TRRUST; database_ref_count=1; ref_head=15073177; no promotion asserted.
human	NEAT1	CXCL8	TRRUST|TRRUST_v2_snapshot_2026-08-25|human|trrust:human:004380	database_only_unverified	22B	database_curated_unverified	database_assertion	unknown			none_identified	none_claimed	not verified; source database only	not verified	Database presence and linked PMIDs do not establish exact-pair direct binding or perturbation, effect direction, or species/context scope.	Conservative source lead only; source_registry=TRRUST; database_ref_count=1; ref_head=24507715; no promotion asserted.
human	NELFCD	CTNNB1	TRRUST|TRRUST_v2_snapshot_2026-08-25|human|trrust:human:004385	database_only_unverified	22B	database_curated_unverified	database_assertion	unknown			none_identified	none_claimed	not verified; source database only	not verified	Database presence and linked PMIDs do not establish exact-pair direct binding or perturbation, effect direction, or species/context scope.	Conservative source lead only; source_registry=TRRUST; database_ref_count=1; ref_head=20735431; no promotion asserted.
mouse	Nfatc2ip	Il2	TRRUST|TRRUST_v2_snapshot_2026-08-25|mouse|trrust:mouse:003185	database_only_unverified	22B	database_curated_unverified	database_assertion	unknown			none_identified	none_claimed	not verified; source database only	not verified	Database presence and linked PMIDs do not establish exact-pair direct binding or perturbation, effect direction, or species/context scope.	Conservative source lead only; source_registry=TRRUST; database_ref_count=1; ref_head=9547358; no promotion asserted.
mouse	Nfe2l3	Pla2g7	TRRUST|TRRUST_v2_snapshot_2026-08-25|mouse|trrust:mouse:003266	database_only_unverified	22B	database_curated_unverified	database_assertion	unknown			none_identified	none_claimed	not verified; source database only	not verified	Database presence and linked PMIDs do not establish exact-pair direct binding or perturbation, effect direction, or species/context scope.	Conservative source lead only; source_registry=TRRUST; database_ref_count=1; ref_head=22247257; no promotion asserted.
human	NFKBIB	IFNB1	TRRUST|TRRUST_v2_snapshot_2026-08-25|human|trrust:human:004926	database_only_unverified	22B	database_curated_unverified	database_assertion	unknown			none_identified	none_claimed	not verified; source database only	not verified	Database presence and linked PMIDs do not establish exact-pair direct binding or perturbation, effect direction, or species/context scope.	Conservative source lead only; source_registry=TRRUST; database_ref_count=1; ref_head=10074115; no promotion asserted.
human	NFRKB	JUN	TRRUST|TRRUST_v2_snapshot_2026-08-25|human|trrust:human:004928	database_only_unverified	22B	database_curated_unverified	database_assertion	unknown			none_identified	none_claimed	not verified; source database only	not verified	Database presence and linked PMIDs do not establish exact-pair direct binding or perturbation, effect direction, or species/context scope.	Conservative source lead only; source_registry=TRRUST; database_ref_count=1; ref_head=22291976; no promotion asserted.
mouse	Nkx2-9	Akip1	TRRUST|TRRUST_v2_snapshot_2026-08-25|mouse|trrust:mouse:003634	database_only_unverified	22B	database_curated_unverified	database_assertion	unknown			none_identified	none_claimed	not verified; source database only	not verified	Database presence and linked PMIDs do not establish exact-pair direct binding or perturbation, effect direction, or species/context scope.	Conservative source lead only; source_registry=TRRUST; database_ref_count=1; ref_head=23604637; no promotion asserted.
mouse	Nkx6-1	Mafa	TRRUST|TRRUST_v2_snapshot_2026-08-25|mouse|trrust:mouse:003640	database_only_unverified	22B	database_curated_unverified	database_assertion	unknown			none_identified	none_claimed	not verified; source database only	not verified	Database presence and linked PMIDs do not establish exact-pair direct binding or perturbation, effect direction, or species/context scope.	Conservative source lead only; source_registry=TRRUST; database_ref_count=1; ref_head=20584984; no promotion asserted.
mouse	Npas1	Th	TRRUST|TRRUST_v2_snapshot_2026-08-25|mouse|trrust:mouse:003678	database_only_unverified	22B	database_curated_unverified	database_assertion	unknown			none_identified	none_claimed	not verified; source database only	not verified	Database presence and linked PMIDs do not establish exact-pair direct binding or perturbation, effect direction, or species/context scope.	Conservative source lead only; source_registry=TRRUST; database_ref_count=1; ref_head=17457889; no promotion asserted.
human	NPAS3	VGF	TRRUST|TRRUST_v2_snapshot_2026-08-25|human|trrust:human:005018	database_only_unverified	22B	database_curated_unverified	database_assertion	unknown			none_identified	none_claimed	not verified; source database only	not verified	Database presence and linked PMIDs do not establish exact-pair direct binding or perturbation, effect direction, or species/context scope.	Conservative source lead only; source_registry=TRRUST; database_ref_count=1; ref_head=21709683; no promotion asserted.
mouse	Nr1d2	Gja1	TRRUST|TRRUST_v2_snapshot_2026-08-25|mouse|trrust:mouse:003720	database_only_unverified	22B	database_curated_unverified	database_assertion	unknown			none_identified	none_claimed	not verified; source database only	not verified	Database presence and linked PMIDs do not establish exact-pair direct binding or perturbation, effect direction, or species/context scope.	Conservative source lead only; source_registry=TRRUST; database_ref_count=1; ref_head=22549838; no promotion asserted.
mouse	Olig1	Smad3	TRRUST|TRRUST_v2_snapshot_2026-08-25|mouse|trrust:mouse:003952	database_only_unverified	22B	database_curated_unverified	database_assertion	unknown			none_identified	none_claimed	not verified; source database only	not verified	Database presence and linked PMIDs do not establish exact-pair direct binding or perturbation, effect direction, or species/context scope.	Conservative source lead only; source_registry=TRRUST; database_ref_count=1; ref_head=23720758; no promotion asserted.
human	OTX1	BEST1	TRRUST|TRRUST_v2_snapshot_2026-08-25|human|trrust:human:005281	database_only_unverified	22B	database_curated_unverified	database_assertion	unknown			none_identified	none_claimed	not verified; source database only	not verified	Database presence and linked PMIDs do not establish exact-pair direct binding or perturbation, effect direction, or species/context scope.	Conservative source lead only; source_registry=TRRUST; database_ref_count=1; ref_head=18849347; no promotion asserted.
mouse	Ovol1	Ovol2	TRRUST|TRRUST_v2_snapshot_2026-08-25|mouse|trrust:mouse:003972	database_only_unverified	22B	database_curated_unverified	database_assertion	unknown			none_identified	none_claimed	not verified; source database only	not verified	Database presence and linked PMIDs do not establish exact-pair direct binding or perturbation, effect direction, or species/context scope.	Conservative source lead only; source_registry=TRRUST; database_ref_count=1; ref_head=17049212; no promotion asserted.
mouse	Pbrm1	Il10	TRRUST|TRRUST_v2_snapshot_2026-08-25|mouse|trrust:mouse:004103	database_only_unverified	22B	database_curated_unverified	database_assertion	unknown			none_identified	none_claimed	not verified; source database only	not verified	Database presence and linked PMIDs do not establish exact-pair direct binding or perturbation, effect direction, or species/context scope.	Conservative source lead only; source_registry=TRRUST; database_ref_count=1; ref_head=22336179; no promotion asserted.
mouse	Pbx4	Pgk2	TRRUST|TRRUST_v2_snapshot_2026-08-25|mouse|trrust:mouse:004120	database_only_unverified	22B	database_curated_unverified	database_assertion	unknown			none_identified	none_claimed	not verified; source database only	not verified	Database presence and linked PMIDs do not establish exact-pair direct binding or perturbation, effect direction, or species/context scope.	Conservative source lead only; source_registry=TRRUST; database_ref_count=1; ref_head=17875925; no promotion asserted.
human	PCBD1	FXYD2	TRRUST|TRRUST_v2_snapshot_2026-08-25|human|trrust:human:005403	database_only_unverified	22B	database_curated_unverified	database_assertion	unknown			none_identified	none_claimed	not verified; source database only	not verified	Database presence and linked PMIDs do not establish exact-pair direct binding or perturbation, effect direction, or species/context scope.	Conservative source lead only; source_registry=TRRUST; database_ref_count=1; ref_head=24204001; no promotion asserted.
mouse	Pcbp2	Trp53	TRRUST|TRRUST_v2_snapshot_2026-08-25|mouse|trrust:mouse:004121	database_only_unverified	22B	database_curated_unverified	database_assertion	unknown			none_identified	none_claimed	not verified; source database only	not verified	Database presence and linked PMIDs do not establish exact-pair direct binding or perturbation, effect direction, or species/context scope.	Conservative source lead only; source_registry=TRRUST; database_ref_count=1; ref_head=22198284; no promotion asserted.
human	PDCD11	FASLG	TRRUST|TRRUST_v2_snapshot_2026-08-25|human|trrust:human:005408	database_only_unverified	22B	database_curated_unverified	database_assertion	unknown			none_identified	none_claimed	not verified; source database only	not verified	Database presence and linked PMIDs do not establish exact-pair direct binding or perturbation, effect direction, or species/context scope.	Conservative source lead only; source_registry=TRRUST; database_ref_count=1; ref_head=14563113; no promotion asserted.
mouse	Peg3	Zim1	TRRUST|TRRUST_v2_snapshot_2026-08-25|mouse|trrust:mouse:004135	database_only_unverified	22B	database_curated_unverified	database_assertion	unknown			none_identified	none_claimed	not verified; source database only	not verified	Database presence and linked PMIDs do not establish exact-pair direct binding or perturbation, effect direction, or species/context scope.	Conservative source lead only; source_registry=TRRUST; database_ref_count=1; ref_head=25265264; no promotion asserted.
human	PHF10	CASP3	TRRUST|TRRUST_v2_snapshot_2026-08-25|human|trrust:human:005445	database_only_unverified	22B	database_curated_unverified	database_assertion	unknown			none_identified	none_claimed	not verified; source database only	not verified	Database presence and linked PMIDs do not establish exact-pair direct binding or perturbation, effect direction, or species/context scope.	Conservative source lead only; source_registry=TRRUST; database_ref_count=1; ref_head=20530714; no promotion asserted.
mouse	Phf12	Lgals4	TRRUST|TRRUST_v2_snapshot_2026-08-25|mouse|trrust:mouse:004167	database_only_unverified	22B	database_curated_unverified	database_assertion	unknown			none_identified	none_claimed	not verified; source database only	not verified	Database presence and linked PMIDs do not establish exact-pair direct binding or perturbation, effect direction, or species/context scope.	Conservative source lead only; source_registry=TRRUST; database_ref_count=1; ref_head=11390640; no promotion asserted.
mouse	Phf2	Sox9	TRRUST|TRRUST_v2_snapshot_2026-08-25|mouse|trrust:mouse:004168	database_only_unverified	22B	database_curated_unverified	database_assertion	unknown			none_identified	none_claimed	not verified; source database only	not verified	Database presence and linked PMIDs do not establish exact-pair direct binding or perturbation, effect direction, or species/context scope.	Conservative source lead only; source_registry=TRRUST; database_ref_count=1; ref_head=24276541; no promotion asserted.
human	PHF8	CDC20	TRRUST|TRRUST_v2_snapshot_2026-08-25|human|trrust:human:005446	database_only_unverified	22B	database_curated_unverified	database_assertion	unknown			none_identified	none_claimed	not verified; source database only	not verified	Database presence and linked PMIDs do not establish exact-pair direct binding or perturbation, effect direction, or species/context scope.	Conservative source lead only; source_registry=TRRUST; database_ref_count=1; ref_head=23979597; no promotion asserted.
human	PIR	NFKB1	TRRUST|TRRUST_v2_snapshot_2026-08-25|human|trrust:human:005473	database_only_unverified	22B	database_curated_unverified	database_assertion	unknown			none_identified	none_claimed	not verified; source database only	not verified	Database presence and linked PMIDs do not establish exact-pair direct binding or perturbation, effect direction, or species/context scope.	Conservative source lead only; source_registry=TRRUST; database_ref_count=1; ref_head=14573596; no promotion asserted.
mouse	Pnn	Cdx2	TRRUST|TRRUST_v2_snapshot_2026-08-25|mouse|trrust:mouse:004234	database_only_unverified	22B	database_curated_unverified	database_assertion	unknown			none_identified	none_claimed	not verified; source database only	not verified	Database presence and linked PMIDs do not establish exact-pair direct binding or perturbation, effect direction, or species/context scope.	Conservative source lead only; source_registry=TRRUST; database_ref_count=1; ref_head=20637749; no promotion asserted.
human	POLR1A	E2F1	TRRUST|TRRUST_v2_snapshot_2026-08-25|human|trrust:human:005537	database_only_unverified	22B	database_curated_unverified	database_assertion	unknown			none_identified	none_claimed	not verified; source database only	not verified	Database presence and linked PMIDs do not establish exact-pair direct binding or perturbation, effect direction, or species/context scope.	Conservative source lead only; source_registry=TRRUST; database_ref_count=1; ref_head=21878508; no promotion asserted.
mouse	Pou3f3	Otx2	TRRUST|TRRUST_v2_snapshot_2026-08-25|mouse|trrust:mouse:004312	database_only_unverified	22B	database_curated_unverified	database_assertion	unknown			none_identified	none_claimed	not verified; source database only	not verified	Database presence and linked PMIDs do not establish exact-pair direct binding or perturbation, effect direction, or species/context scope.	Conservative source lead only; source_registry=TRRUST; database_ref_count=1; ref_head=22566684; no promotion asserted.
mouse	Pou4f3	Myo6	TRRUST|TRRUST_v2_snapshot_2026-08-25|mouse|trrust:mouse:004324	database_only_unverified	22B	database_curated_unverified	database_assertion	unknown			none_identified	none_claimed	not verified; source database only	not verified	Database presence and linked PMIDs do not establish exact-pair direct binding or perturbation, effect direction, or species/context scope.	Conservative source lead only; source_registry=TRRUST; database_ref_count=1; ref_head=24535414; no promotion asserted.
mouse	Prdm13	Tlx3	TRRUST|TRRUST_v2_snapshot_2026-08-25|mouse|trrust:mouse:004511	database_only_unverified	22B	database_curated_unverified	database_assertion	unknown			none_identified	none_claimed	not verified; source database only	not verified	Database presence and linked PMIDs do not establish exact-pair direct binding or perturbation, effect direction, or species/context scope.	Conservative source lead only; source_registry=TRRUST; database_ref_count=1; ref_head=23639443; no promotion asserted.
human	PRDM2	KMT5A	TRRUST|TRRUST_v2_snapshot_2026-08-25|human|trrust:human:005799	database_only_unverified	22B	database_curated_unverified	database_assertion	unknown			none_identified	none_claimed	not verified; source database only	not verified	Database presence and linked PMIDs do not establish exact-pair direct binding or perturbation, effect direction, or species/context scope.	Conservative source lead only; source_registry=TRRUST; database_ref_count=1; ref_head=24423864; no promotion asserted.
mouse	Prdm5	Col1a1	TRRUST|TRRUST_v2_snapshot_2026-08-25|mouse|trrust:mouse:004514	database_only_unverified	22B	database_curated_unverified	database_assertion	unknown			none_identified	none_claimed	not verified; source database only	not verified	Database presence and linked PMIDs do not establish exact-pair direct binding or perturbation, effect direction, or species/context scope.	Conservative source lead only; source_registry=TRRUST; database_ref_count=1; ref_head=22589746; no promotion asserted.
mouse	Prdm8	Cdh11	TRRUST|TRRUST_v2_snapshot_2026-08-25|mouse|trrust:mouse:004516	database_only_unverified	22B	database_curated_unverified	database_assertion	unknown			none_identified	none_claimed	not verified; source database only	not verified	Database presence and linked PMIDs do not establish exact-pair direct binding or perturbation, effect direction, or species/context scope.	Conservative source lead only; source_registry=TRRUST; database_ref_count=1; ref_head=22284184; no promotion asserted.
mouse	Pwp1	Stat3	TRRUST|TRRUST_v2_snapshot_2026-08-25|mouse|trrust:mouse:004551	database_only_unverified	22B	database_curated_unverified	database_assertion	unknown			none_identified	none_claimed	not verified; source database only	not verified	Database presence and linked PMIDs do not establish exact-pair direct binding or perturbation, effect direction, or species/context scope.	Conservative source lead only; source_registry=TRRUST; database_ref_count=1; ref_head=25335925; no promotion asserted.
mouse	Pygo2	Pax6	TRRUST|TRRUST_v2_snapshot_2026-08-25|mouse|trrust:mouse:004552	database_only_unverified	22B	database_curated_unverified	database_assertion	unknown			none_identified	none_claimed	not verified; source database only	not verified	Database presence and linked PMIDs do not establish exact-pair direct binding or perturbation, effect direction, or species/context scope.	Conservative source lead only; source_registry=TRRUST; database_ref_count=1; ref_head=17428831; no promotion asserted.
human	RAD51	SP1	TRRUST|TRRUST_v2_snapshot_2026-08-25|human|trrust:human:005838	database_only_unverified	22B	database_curated_unverified	database_assertion	unknown			none_identified	none_claimed	not verified; source database only	not verified	Database presence and linked PMIDs do not establish exact-pair direct binding or perturbation, effect direction, or species/context scope.	Conservative source lead only; source_registry=TRRUST; database_ref_count=1; ref_head=18769160; no promotion asserted.
mouse	Raf1	Mapk1	TRRUST|TRRUST_v2_snapshot_2026-08-25|mouse|trrust:mouse:004553	database_only_unverified	22B	database_curated_unverified	database_assertion	unknown			none_identified	none_claimed	not verified; source database only	not verified	Database presence and linked PMIDs do not establish exact-pair direct binding or perturbation, effect direction, or species/context scope.	Conservative source lead only; source_registry=TRRUST; database_ref_count=1; ref_head=8007980; no promotion asserted.
mouse	Rala	Fos	TRRUST|TRRUST_v2_snapshot_2026-08-25|mouse|trrust:mouse:004554	database_only_unverified	22B	database_curated_unverified	database_assertion	unknown			none_identified	none_claimed	not verified; source database only	not verified	Database presence and linked PMIDs do not establish exact-pair direct binding or perturbation, effect direction, or species/context scope.	Conservative source lead only; source_registry=TRRUST; database_ref_count=1; ref_head=9053849; no promotion asserted.
mouse	Rax	Otx2	TRRUST|TRRUST_v2_snapshot_2026-08-25|mouse|trrust:mouse:004573	database_only_unverified	22B	database_curated_unverified	database_assertion	unknown			none_identified	none_claimed	not verified; source database only	not verified	Database presence and linked PMIDs do not establish exact-pair direct binding or perturbation, effect direction, or species/context scope.	Conservative source lead only; source_registry=TRRUST; database_ref_count=1; ref_head=22090505; no promotion asserted.
human	RBBP7	CDH1	TRRUST|TRRUST_v2_snapshot_2026-08-25|human|trrust:human:005913	database_only_unverified	22B	database_curated_unverified	database_assertion	unknown			none_identified	none_claimed	not verified; source database only	not verified	Database presence and linked PMIDs do not establish exact-pair direct binding or perturbation, effect direction, or species/context scope.	Conservative source lead only; source_registry=TRRUST; database_ref_count=1; ref_head=20714342; no promotion asserted.
mouse	Rere	Rarb	TRRUST|TRRUST_v2_snapshot_2026-08-25|mouse|trrust:mouse:004823	database_only_unverified	22B	database_curated_unverified	database_assertion	unknown			none_identified	none_claimed	not verified; source database only	not verified	Database presence and linked PMIDs do not establish exact-pair direct binding or perturbation, effect direction, or species/context scope.	Conservative source lead only; source_registry=TRRUST; database_ref_count=1; ref_head=20164929; no promotion asserted.
mouse	Rfx4	Msi1	TRRUST|TRRUST_v2_snapshot_2026-08-25|mouse|trrust:mouse:004844	database_only_unverified	22B	database_curated_unverified	database_assertion	unknown			none_identified	none_claimed	not verified; source database only	not verified	Database presence and linked PMIDs do not establish exact-pair direct binding or perturbation, effect direction, or species/context scope.	Conservative source lead only; source_registry=TRRUST; database_ref_count=1; ref_head=25058468; no promotion asserted.
human	RNF14	CCND1	TRRUST|TRRUST_v2_snapshot_2026-08-25|human|trrust:human:006462	database_only_unverified	22B	database_curated_unverified	database_assertion	unknown			none_identified	none_claimed	not verified; source database only	not verified	Database presence and linked PMIDs do not establish exact-pair direct binding or perturbation, effect direction, or species/context scope.	Conservative source lead only; source_registry=TRRUST; database_ref_count=1; ref_head=17510080; no promotion asserted.
mouse	Rps6ka5	Fos	TRRUST|TRRUST_v2_snapshot_2026-08-25|mouse|trrust:mouse:004888	database_only_unverified	22B	database_curated_unverified	database_assertion	unknown			none_identified	none_claimed	not verified; source database only	not verified	Database presence and linked PMIDs do not establish exact-pair direct binding or perturbation, effect direction, or species/context scope.	Conservative source lead only; source_registry=TRRUST; database_ref_count=1; ref_head=21282660; no promotion asserted.
human	RUVBL1	TP53	TRRUST|TRRUST_v2_snapshot_2026-08-25|human|trrust:human:006568	database_only_unverified	22B	database_curated_unverified	database_assertion	unknown			none_identified	none_claimed	not verified; source database only	not verified	Database presence and linked PMIDs do not establish exact-pair direct binding or perturbation, effect direction, or species/context scope.	Conservative source lead only; source_registry=TRRUST; database_ref_count=1; ref_head=21617703; no promotion asserted.
mouse	Ruvbl2	Cdkn2c	TRRUST|TRRUST_v2_snapshot_2026-08-25|mouse|trrust:mouse:004989	database_only_unverified	22B	database_curated_unverified	database_assertion	unknown			none_identified	none_claimed	not verified; source database only	not verified	Database presence and linked PMIDs do not establish exact-pair direct binding or perturbation, effect direction, or species/context scope.	Conservative source lead only; source_registry=TRRUST; database_ref_count=1; ref_head=24167278; no promotion asserted.
mouse	Rxrb	Pcx	TRRUST|TRRUST_v2_snapshot_2026-08-25|mouse|trrust:mouse:005006	database_only_unverified	22B	database_curated_unverified	database_assertion	unknown			none_identified	none_claimed	not verified; source database only	not verified	Database presence and linked PMIDs do not establish exact-pair direct binding or perturbation, effect direction, or species/context scope.	Conservative source lead only; source_registry=TRRUST; database_ref_count=1; ref_head=15917242; no promotion asserted.
mouse	Sall1	Kif26b	TRRUST|TRRUST_v2_snapshot_2026-08-25|mouse|trrust:mouse:005007	database_only_unverified	22B	database_curated_unverified	database_assertion	unknown			none_identified	none_claimed	not verified; source database only	not verified	Database presence and linked PMIDs do not establish exact-pair direct binding or perturbation, effect direction, or species/context scope.	Conservative source lead only; source_registry=TRRUST; database_ref_count=1; ref_head=22768111; no promotion asserted.
human	SALL4A	ABCG2	TRRUST|TRRUST_v2_snapshot_2026-08-25|human|trrust:human:006600	database_only_unverified	22B	database_curated_unverified	database_assertion	unknown			none_identified	none_claimed	not verified; source database only	not verified	Database presence and linked PMIDs do not establish exact-pair direct binding or perturbation, effect direction, or species/context scope.	Conservative source lead only; source_registry=TRRUST; database_ref_count=1; ref_head=21526180; no promotion asserted.
human	SCAND1	ZNF202	TRRUST|TRRUST_v2_snapshot_2026-08-25|human|trrust:human:006619	database_only_unverified	22B	database_curated_unverified	database_assertion	unknown			none_identified	none_claimed	not verified; source database only	not verified	Database presence and linked PMIDs do not establish exact-pair direct binding or perturbation, effect direction, or species/context scope.	Conservative source lead only; source_registry=TRRUST; database_ref_count=1; ref_head=12444922; no promotion asserted.
human	SCD5	EGR2	TRRUST|TRRUST_v2_snapshot_2026-08-25|human|trrust:human:006620	database_only_unverified	22B	database_curated_unverified	database_assertion	unknown			none_identified	none_claimed	not verified; source database only	not verified	Database presence and linked PMIDs do not establish exact-pair direct binding or perturbation, effect direction, or species/context scope.	Conservative source lead only; source_registry=TRRUST; database_ref_count=1; ref_head=22510410; no promotion asserted.
mouse	Scx	Col2a1	TRRUST|TRRUST_v2_snapshot_2026-08-25|mouse|trrust:mouse:005024	database_only_unverified	22B	database_curated_unverified	database_assertion	unknown			none_identified	none_claimed	not verified; source database only	not verified	Database presence and linked PMIDs do not establish exact-pair direct binding or perturbation, effect direction, or species/context scope.	Conservative source lead only; source_registry=TRRUST; database_ref_count=1; ref_head=19828133; no promotion asserted.
human	SEC14L2	PSMB9	TRRUST|TRRUST_v2_snapshot_2026-08-25|human|trrust:human:006621	database_only_unverified	22B	database_curated_unverified	database_assertion	unknown			none_identified	none_claimed	not verified; source database only	not verified	Database presence and linked PMIDs do not establish exact-pair direct binding or perturbation, effect direction, or species/context scope.	Conservative source lead only; source_registry=TRRUST; database_ref_count=1; ref_head=7699330; no promotion asserted.
mouse	Sim1	Pou3f2	TRRUST|TRRUST_v2_snapshot_2026-08-25|mouse|trrust:mouse:005052	database_only_unverified	22B	database_curated_unverified	database_assertion	unknown			none_identified	none_claimed	not verified; source database only	not verified	Database presence and linked PMIDs do not establish exact-pair direct binding or perturbation, effect direction, or species/context scope.	Conservative source lead only; source_registry=TRRUST; database_ref_count=1; ref_head=9784500; no promotion asserted.
mouse	Sin3b	Bmi1	TRRUST|TRRUST_v2_snapshot_2026-08-25|mouse|trrust:mouse:005062	database_only_unverified	22B	database_curated_unverified	database_assertion	unknown			none_identified	none_claimed	not verified; source database only	not verified	Database presence and linked PMIDs do not establish exact-pair direct binding or perturbation, effect direction, or species/context scope.	Conservative source lead only; source_registry=TRRUST; database_ref_count=1; ref_head=25263442; no promotion asserted.
human	SIRT3	FOXO3	TRRUST|TRRUST_v2_snapshot_2026-08-25|human|trrust:human:006710	database_only_unverified	22B	database_curated_unverified	database_assertion	unknown			none_identified	none_claimed	not verified; source database only	not verified	Database presence and linked PMIDs do not establish exact-pair direct binding or perturbation, effect direction, or species/context scope.	Conservative source lead only; source_registry=TRRUST; database_ref_count=1; ref_head=23665396; no promotion asserted.
mouse	Sirt5	Hmgcs2	TRRUST|TRRUST_v2_snapshot_2026-08-25|mouse|trrust:mouse:005091	database_only_unverified	22B	database_curated_unverified	database_assertion	unknown			none_identified	none_claimed	not verified; source database only	not verified	Database presence and linked PMIDs do not establish exact-pair direct binding or perturbation, effect direction, or species/context scope.	Conservative source lead only; source_registry=TRRUST; database_ref_count=1; ref_head=24315375; no promotion asserted.
mouse	Six4	Myf5	TRRUST|TRRUST_v2_snapshot_2026-08-25|mouse|trrust:mouse:005116	database_only_unverified	22B	database_curated_unverified	database_assertion	unknown			none_identified	none_claimed	not verified; source database only	not verified	Database presence and linked PMIDs do not establish exact-pair direct binding or perturbation, effect direction, or species/context scope.	Conservative source lead only; source_registry=TRRUST; database_ref_count=1; ref_head=17592144; no promotion asserted.
mouse	Six5	Igfbp5	TRRUST|TRRUST_v2_snapshot_2026-08-25|mouse|trrust:mouse:005117	database_only_unverified	22B	database_curated_unverified	database_assertion	unknown			none_identified	none_claimed	not verified; source database only	not verified	Database presence and linked PMIDs do not establish exact-pair direct binding or perturbation, effect direction, or species/context scope.	Conservative source lead only; source_registry=TRRUST; database_ref_count=1; ref_head=11978764; no promotion asserted.
mouse	Six6	Cdkn1b	TRRUST|TRRUST_v2_snapshot_2026-08-25|mouse|trrust:mouse:005118	database_only_unverified	22B	database_curated_unverified	database_assertion	unknown			none_identified	none_claimed	not verified; source database only	not verified	Database presence and linked PMIDs do not establish exact-pair direct binding or perturbation, effect direction, or species/context scope.	Conservative source lead only; source_registry=TRRUST; database_ref_count=1; ref_head=12130660; no promotion asserted.
human	SLC2A4RG	SLC2A4	TRRUST|TRRUST_v2_snapshot_2026-08-25|human|trrust:human:006718	database_only_unverified	22B	database_curated_unverified	database_assertion	unknown			none_identified	none_claimed	not verified; source database only	not verified	Database presence and linked PMIDs do not establish exact-pair direct binding or perturbation, effect direction, or species/context scope.	Conservative source lead only; source_registry=TRRUST; database_ref_count=1; ref_head=14630949; no promotion asserted.
human	SMARCA1	CDKN2A	TRRUST|TRRUST_v2_snapshot_2026-08-25|human|trrust:human:006798	database_only_unverified	22B	database_curated_unverified	database_assertion	unknown			none_identified	none_claimed	not verified; source database only	not verified	Database presence and linked PMIDs do not establish exact-pair direct binding or perturbation, effect direction, or species/context scope.	Conservative source lead only; source_registry=TRRUST; database_ref_count=1; ref_head=14604992; no promotion asserted.
mouse	Smarca5	Dido1	TRRUST|TRRUST_v2_snapshot_2026-08-25|mouse|trrust:mouse:005319	database_only_unverified	22B	database_curated_unverified	database_assertion	unknown			none_identified	none_claimed	not verified; source database only	not verified	Database presence and linked PMIDs do not establish exact-pair direct binding or perturbation, effect direction, or species/context scope.	Conservative source lead only; source_registry=TRRUST; database_ref_count=1; ref_head=16917504; no promotion asserted.
human	SMARCB1	CDKN2A	TRRUST|TRRUST_v2_snapshot_2026-08-25|human|trrust:human:006809	database_only_unverified	22B	database_curated_unverified	database_assertion	unknown			none_identified	none_claimed	not verified; source database only	not verified	Database presence and linked PMIDs do not establish exact-pair direct binding or perturbation, effect direction, or species/context scope.	Conservative source lead only; source_registry=TRRUST; database_ref_count=1; ref_head=14604992; no promotion asserted.
mouse	Smarcd1	G6pc	TRRUST|TRRUST_v2_snapshot_2026-08-25|mouse|trrust:mouse:005323	database_only_unverified	22B	database_curated_unverified	database_assertion	unknown			none_identified	none_claimed	not verified; source database only	not verified	Database presence and linked PMIDs do not establish exact-pair direct binding or perturbation, effect direction, or species/context scope.	Conservative source lead only; source_registry=TRRUST; database_ref_count=1; ref_head=21725993; no promotion asserted.
mouse	Smarce1	Nanog	TRRUST|TRRUST_v2_snapshot_2026-08-25|mouse|trrust:mouse:005324	database_only_unverified	22B	database_curated_unverified	database_assertion	unknown			none_identified	none_claimed	not verified; source database only	not verified	Database presence and linked PMIDs do not establish exact-pair direct binding or perturbation, effect direction, or species/context scope.	Conservative source lead only; source_registry=TRRUST; database_ref_count=1; ref_head=19785031; no promotion asserted.
human	SMG6	UPF1	TRRUST|TRRUST_v2_snapshot_2026-08-25|human|trrust:human:006810	database_only_unverified	22B	database_curated_unverified	database_assertion	unknown			none_identified	none_claimed	not verified; source database only	not verified	Database presence and linked PMIDs do not establish exact-pair direct binding or perturbation, effect direction, or species/context scope.	Conservative source lead only; source_registry=TRRUST; database_ref_count=1; ref_head=25053839; no promotion asserted.
mouse	Smurf1	Smad6	TRRUST|TRRUST_v2_snapshot_2026-08-25|mouse|trrust:mouse:005325	database_only_unverified	22B	database_curated_unverified	database_assertion	unknown			none_identified	none_claimed	not verified; source database only	not verified	Database presence and linked PMIDs do not establish exact-pair direct binding or perturbation, effect direction, or species/context scope.	Conservative source lead only; source_registry=TRRUST; database_ref_count=1; ref_head=17215250; no promotion asserted.
mouse	Smyd1	Hand2	TRRUST|TRRUST_v2_snapshot_2026-08-25|mouse|trrust:mouse:005329	database_only_unverified	22B	database_curated_unverified	database_assertion	unknown			none_identified	none_claimed	not verified; source database only	not verified	Database presence and linked PMIDs do not establish exact-pair direct binding or perturbation, effect direction, or species/context scope.	Conservative source lead only; source_registry=TRRUST; database_ref_count=1; ref_head=11923873; no promotion asserted.
mouse	Sox14	Calb2	TRRUST|TRRUST_v2_snapshot_2026-08-25|mouse|trrust:mouse:005391	database_only_unverified	22B	database_curated_unverified	database_assertion	unknown			none_identified	none_claimed	not verified; source database only	not verified	Database presence and linked PMIDs do not establish exact-pair direct binding or perturbation, effect direction, or species/context scope.	Conservative source lead only; source_registry=TRRUST; database_ref_count=1; ref_head=24929424; no promotion asserted.
mouse	Sox21	Hes5	TRRUST|TRRUST_v2_snapshot_2026-08-25|mouse|trrust:mouse:005444	database_only_unverified	22B	database_curated_unverified	database_assertion	unknown			none_identified	none_claimed	not verified; source database only	not verified	Database presence and linked PMIDs do not establish exact-pair direct binding or perturbation, effect direction, or species/context scope.	Conservative source lead only; source_registry=TRRUST; database_ref_count=1; ref_head=22956844; no promotion asserted.
mouse	Sp5	Cdkn1a	TRRUST|TRRUST_v2_snapshot_2026-08-25|mouse|trrust:mouse:005914	database_only_unverified	22B	database_curated_unverified	database_assertion	unknown			none_identified	none_claimed	not verified; source database only	not verified	Database presence and linked PMIDs do not establish exact-pair direct binding or perturbation, effect direction, or species/context scope.	Conservative source lead only; source_registry=TRRUST; database_ref_count=1; ref_head=17090534; no promotion asserted.
mouse	Sp9	Fgf8	TRRUST|TRRUST_v2_snapshot_2026-08-25|mouse|trrust:mouse:005939	database_only_unverified	22B	database_curated_unverified	database_assertion	unknown			none_identified	none_claimed	not verified; source database only	not verified	Database presence and linked PMIDs do not establish exact-pair direct binding or perturbation, effect direction, or species/context scope.	Conservative source lead only; source_registry=TRRUST; database_ref_count=1; ref_head=15358670; no promotion asserted.
mouse	Srrt	Sox2	TRRUST|TRRUST_v2_snapshot_2026-08-25|mouse|trrust:mouse:006070	database_only_unverified	22B	database_curated_unverified	database_assertion	unknown			none_identified	none_claimed	not verified; source database only	not verified	Database presence and linked PMIDs do not establish exact-pair direct binding or perturbation, effect direction, or species/context scope.	Conservative source lead only; source_registry=TRRUST; database_ref_count=1; ref_head=22198669; no promotion asserted.
human	SSX2	MMP2	TRRUST|TRRUST_v2_snapshot_2026-08-25|human|trrust:human:007814	database_only_unverified	22B	database_curated_unverified	database_assertion	unknown			none_identified	none_claimed	not verified; source database only	not verified	Database presence and linked PMIDs do not establish exact-pair direct binding or perturbation, effect direction, or species/context scope.	Conservative source lead only; source_registry=TRRUST; database_ref_count=1; ref_head=15781633; no promotion asserted.
human	SUGP1	IL1B	TRRUST|TRRUST_v2_snapshot_2026-08-25|human|trrust:human:008184	database_only_unverified	22B	database_curated_unverified	database_assertion	unknown			none_identified	none_claimed	not verified; source database only	not verified	Database presence and linked PMIDs do not establish exact-pair direct binding or perturbation, effect direction, or species/context scope.	Conservative source lead only; source_registry=TRRUST; database_ref_count=1; ref_head=9878621; no promotion asserted.
human	SUPT3H	NEDD4L	TRRUST|TRRUST_v2_snapshot_2026-08-25|human|trrust:human:008185	database_only_unverified	22B	database_curated_unverified	database_assertion	unknown			none_identified	none_claimed	not verified; source database only	not verified	Database presence and linked PMIDs do not establish exact-pair direct binding or perturbation, effect direction, or species/context scope.	Conservative source lead only; source_registry=TRRUST; database_ref_count=1; ref_head=8649367; no promotion asserted.
mouse	Taf12	Cyp24a1	TRRUST|TRRUST_v2_snapshot_2026-08-25|mouse|trrust:mouse:006276	database_only_unverified	22B	database_curated_unverified	database_assertion	unknown			none_identified	none_claimed	not verified; source database only	not verified	Database presence and linked PMIDs do not establish exact-pair direct binding or perturbation, effect direction, or species/context scope.	Conservative source lead only; source_registry=TRRUST; database_ref_count=1; ref_head=23426901; no promotion asserted.
mouse	Taf4b	Stra8	TRRUST|TRRUST_v2_snapshot_2026-08-25|mouse|trrust:mouse:006279	database_only_unverified	22B	database_curated_unverified	database_assertion	unknown			none_identified	none_claimed	not verified; source database only	not verified	Database presence and linked PMIDs do not establish exact-pair direct binding or perturbation, effect direction, or species/context scope.	Conservative source lead only; source_registry=TRRUST; database_ref_count=1; ref_head=15774719; no promotion asserted.
human	TAF5	CDKN1A	TRRUST|TRRUST_v2_snapshot_2026-08-25|human|trrust:human:008197	database_only_unverified	22B	database_curated_unverified	database_assertion	unknown			none_identified	none_claimed	not verified; source database only	not verified	Database presence and linked PMIDs do not establish exact-pair direct binding or perturbation, effect direction, or species/context scope.	Conservative source lead only; source_registry=TRRUST; database_ref_count=1; ref_head=17996705; no promotion asserted.
mouse	Taf9	Trp53	TRRUST|TRRUST_v2_snapshot_2026-08-25|mouse|trrust:mouse:006280	database_only_unverified	22B	database_curated_unverified	database_assertion	unknown			none_identified	none_claimed	not verified; source database only	not verified	Database presence and linked PMIDs do not establish exact-pair direct binding or perturbation, effect direction, or species/context scope.	Conservative source lead only; source_registry=TRRUST; database_ref_count=1; ref_head=11278372; no promotion asserted.
mouse	Tax1bp3	Myod1	TRRUST|TRRUST_v2_snapshot_2026-08-25|mouse|trrust:mouse:006295	database_only_unverified	22B	database_curated_unverified	database_assertion	unknown			none_identified	none_claimed	not verified; source database only	not verified	Database presence and linked PMIDs do not establish exact-pair direct binding or perturbation, effect direction, or species/context scope.	Conservative source lead only; source_registry=TRRUST; database_ref_count=1; ref_head=11751456; no promotion asserted.
human	TBC1D22A	ACBD3	TRRUST|TRRUST_v2_snapshot_2026-08-25|human|trrust:human:008208	database_only_unverified	22B	database_curated_unverified	database_assertion	unknown			none_identified	none_claimed	not verified; source database only	not verified	Database presence and linked PMIDs do not establish exact-pair direct binding or perturbation, effect direction, or species/context scope.	Conservative source lead only; source_registry=TRRUST; database_ref_count=1; ref_head=23572552; no promotion asserted.
human	TBL1X	MYC	TRRUST|TRRUST_v2_snapshot_2026-08-25|human|trrust:human:008209	database_only_unverified	22B	database_curated_unverified	database_assertion	unknown			none_identified	none_claimed	not verified; source database only	not verified	Database presence and linked PMIDs do not establish exact-pair direct binding or perturbation, effect direction, or species/context scope.	Conservative source lead only; source_registry=TRRUST; database_ref_count=1; ref_head=20493879; no promotion asserted.
mouse	Tbx18	Snai2	TRRUST|TRRUST_v2_snapshot_2026-08-25|mouse|trrust:mouse:006317	database_only_unverified	22B	database_curated_unverified	database_assertion	unknown			none_identified	none_claimed	not verified; source database only	not verified	Database presence and linked PMIDs do not establish exact-pair direct binding or perturbation, effect direction, or species/context scope.	Conservative source lead only; source_registry=TRRUST; database_ref_count=1; ref_head=23469079; no promotion asserted.
mouse	Tbx19	Pomc	TRRUST|TRRUST_v2_snapshot_2026-08-25|mouse|trrust:mouse:006318	database_only_unverified	22B	database_curated_unverified	database_assertion	unknown			none_identified	none_claimed	not verified; source database only	not verified	Database presence and linked PMIDs do not establish exact-pair direct binding or perturbation, effect direction, or species/context scope.	Conservative source lead only; source_registry=TRRUST; database_ref_count=1; ref_head=11290323; no promotion asserted.
mouse	Tbx4	Shox2	TRRUST|TRRUST_v2_snapshot_2026-08-25|mouse|trrust:mouse:006353	database_only_unverified	22B	database_curated_unverified	database_assertion	unknown			none_identified	none_claimed	not verified; source database only	not verified	Database presence and linked PMIDs do not establish exact-pair direct binding or perturbation, effect direction, or species/context scope.	Conservative source lead only; source_registry=TRRUST; database_ref_count=1; ref_head=24347445; no promotion asserted.
mouse	Tcf20	Mmp3	TRRUST|TRRUST_v2_snapshot_2026-08-25|mouse|trrust:mouse:006373	database_only_unverified	22B	database_curated_unverified	database_assertion	unknown			none_identified	none_claimed	not verified; source database only	not verified	Database presence and linked PMIDs do not establish exact-pair direct binding or perturbation, effect direction, or species/context scope.	Conservative source lead only; source_registry=TRRUST; database_ref_count=1; ref_head=10995766; no promotion asserted.
mouse	Tfap2d	Pou4f3	TRRUST|TRRUST_v2_snapshot_2026-08-25|mouse|trrust:mouse:006486	database_only_unverified	22B	database_curated_unverified	database_assertion	unknown			none_identified	none_claimed	not verified; source database only	not verified	Database presence and linked PMIDs do not establish exact-pair direct binding or perturbation, effect direction, or species/context scope.	Conservative source lead only; source_registry=TRRUST; database_ref_count=1; ref_head=21858141; no promotion asserted.
human	TFCP2L1	CYP11A1	TRRUST|TRRUST_v2_snapshot_2026-08-25|human|trrust:human:008430	database_only_unverified	22B	database_curated_unverified	database_assertion	unknown			none_identified	none_claimed	not verified; source database only	not verified	Database presence and linked PMIDs do not establish exact-pair direct binding or perturbation, effect direction, or species/context scope.	Conservative source lead only; source_registry=TRRUST; database_ref_count=1; ref_head=18004979; no promotion asserted.
human	TFEB	TYRP1	TRRUST|TRRUST_v2_snapshot_2026-08-25|human|trrust:human:008444	database_only_unverified	22B	database_curated_unverified	database_assertion	unknown			none_identified	none_claimed	not verified; source database only	not verified	Database presence and linked PMIDs do not establish exact-pair direct binding or perturbation, effect direction, or species/context scope.	Conservative source lead only; source_registry=TRRUST; database_ref_count=1; ref_head=10707962; no promotion asserted.
human	TFPT	EAF2	TRRUST|TRRUST_v2_snapshot_2026-08-25|human|trrust:human:008446	database_only_unverified	22B	database_curated_unverified	database_assertion	unknown			none_identified	none_claimed	not verified; source database only	not verified	Database presence and linked PMIDs do not establish exact-pair direct binding or perturbation, effect direction, or species/context scope.	Conservative source lead only; source_registry=TRRUST; database_ref_count=1; ref_head=17395368; no promotion asserted.
mouse	Thrap3	Pparg	TRRUST|TRRUST_v2_snapshot_2026-08-25|mouse|trrust:mouse:006509	database_only_unverified	22B	database_curated_unverified	database_assertion	unknown			none_identified	none_claimed	not verified; source database only	not verified	Database presence and linked PMIDs do not establish exact-pair direct binding or perturbation, effect direction, or species/context scope.	Conservative source lead only; source_registry=TRRUST; database_ref_count=1; ref_head=23525231; no promotion asserted.
human	TOP2B	RUNX1	TRRUST|TRRUST_v2_snapshot_2026-08-25|human|trrust:human:008468	database_only_unverified	22B	database_curated_unverified	database_assertion	unknown			none_identified	none_claimed	not verified; source database only	not verified	Database presence and linked PMIDs do not establish exact-pair direct binding or perturbation, effect direction, or species/context scope.	Conservative source lead only; source_registry=TRRUST; database_ref_count=1; ref_head=24327541; no promotion asserted.
human	TP65	CDK6	TRRUST|TRRUST_v2_snapshot_2026-08-25|human|trrust:human:008688	database_only_unverified	22B	database_curated_unverified	database_assertion	unknown			none_identified	none_claimed	not verified; source database only	not verified	Database presence and linked PMIDs do not establish exact-pair direct binding or perturbation, effect direction, or species/context scope.	Conservative source lead only; source_registry=TRRUST; database_ref_count=1; ref_head=24389100; no promotion asserted.
human	TRIM22	RELA	TRRUST|TRRUST_v2_snapshot_2026-08-25|human|trrust:human:008719	database_only_unverified	22B	database_curated_unverified	database_assertion	unknown			none_identified	none_claimed	not verified; source database only	not verified	Database presence and linked PMIDs do not establish exact-pair direct binding or perturbation, effect direction, or species/context scope.	Conservative source lead only; source_registry=TRRUST; database_ref_count=1; ref_head=21651891; no promotion asserted.
mouse	Trim24	Stat1	TRRUST|TRRUST_v2_snapshot_2026-08-25|mouse|trrust:mouse:006533	database_only_unverified	22B	database_curated_unverified	database_assertion	unknown			none_identified	none_claimed	not verified; source database only	not verified	Database presence and linked PMIDs do not establish exact-pair direct binding or perturbation, effect direction, or species/context scope.	Conservative source lead only; source_registry=TRRUST; database_ref_count=1; ref_head=21768647; no promotion asserted.
human	TRIM25	DDX58	TRRUST|TRRUST_v2_snapshot_2026-08-25|human|trrust:human:008720	database_only_unverified	22B	database_curated_unverified	database_assertion	unknown			none_identified	none_claimed	not verified; source database only	not verified	Database presence and linked PMIDs do not establish exact-pair direct binding or perturbation, effect direction, or species/context scope.	Conservative source lead only; source_registry=TRRUST; database_ref_count=1; ref_head=21292167; no promotion asserted.
mouse	Trim32	Ccl20	TRRUST|TRRUST_v2_snapshot_2026-08-25|mouse|trrust:mouse:006538	database_only_unverified	22B	database_curated_unverified	database_assertion	unknown			none_identified	none_claimed	not verified; source database only	not verified	Database presence and linked PMIDs do not establish exact-pair direct binding or perturbation, effect direction, or species/context scope.	Conservative source lead only; source_registry=TRRUST; database_ref_count=1; ref_head=20054338; no promotion asserted.
human	TRIP6	CDK6	TRRUST|TRRUST_v2_snapshot_2026-08-25|human|trrust:human:008725	database_only_unverified	22B	database_curated_unverified	database_assertion	unknown			none_identified	none_claimed	not verified; source database only	not verified	Database presence and linked PMIDs do not establish exact-pair direct binding or perturbation, effect direction, or species/context scope.	Conservative source lead only; source_registry=TRRUST; database_ref_count=1; ref_head=24389100; no promotion asserted.
human	TSC22D1	CNP	TRRUST|TRRUST_v2_snapshot_2026-08-25|human|trrust:human:008730	database_only_unverified	22B	database_curated_unverified	database_assertion	unknown			none_identified	none_claimed	not verified; source database only	not verified	Database presence and linked PMIDs do not establish exact-pair direct binding or perturbation, effect direction, or species/context scope.	Conservative source lead only; source_registry=TRRUST; database_ref_count=1; ref_head=20802130; no promotion asserted.
mouse	Tshz3	Myog	TRRUST|TRRUST_v2_snapshot_2026-08-25|mouse|trrust:mouse:006772	database_only_unverified	22B	database_curated_unverified	database_assertion	unknown			none_identified	none_claimed	not verified; source database only	not verified	Database presence and linked PMIDs do not establish exact-pair direct binding or perturbation, effect direction, or species/context scope.	Conservative source lead only; source_registry=TRRUST; database_ref_count=1; ref_head=21543328; no promotion asserted.
mouse	Ube2k	Nfe2l2	TRRUST|TRRUST_v2_snapshot_2026-08-25|mouse|trrust:mouse:006815	database_only_unverified	22B	database_curated_unverified	database_assertion	unknown			none_identified	none_claimed	not verified; source database only	not verified	Database presence and linked PMIDs do not establish exact-pair direct binding or perturbation, effect direction, or species/context scope.	Conservative source lead only; source_registry=TRRUST; database_ref_count=1; ref_head=23441843; no promotion asserted.
human	UBP1	CYP11A1	TRRUST|TRRUST_v2_snapshot_2026-08-25|human|trrust:human:008806	database_only_unverified	22B	database_curated_unverified	database_assertion	unknown			none_identified	none_claimed	not verified; source database only	not verified	Database presence and linked PMIDs do not establish exact-pair direct binding or perturbation, effect direction, or species/context scope.	Conservative source lead only; source_registry=TRRUST; database_ref_count=1; ref_head=18004979; no promotion asserted.
human	UBTF	TAF1B	TRRUST|TRRUST_v2_snapshot_2026-08-25|human|trrust:human:008807	database_only_unverified	22B	database_curated_unverified	database_assertion	unknown			none_identified	none_claimed	not verified; source database only	not verified	Database presence and linked PMIDs do not establish exact-pair direct binding or perturbation, effect direction, or species/context scope.	Conservative source lead only; source_registry=TRRUST; database_ref_count=1; ref_head=10082553; no promotion asserted.
human	UPF2	UPF1	TRRUST|TRRUST_v2_snapshot_2026-08-25|human|trrust:human:008815	database_only_unverified	22B	database_curated_unverified	database_assertion	unknown			none_identified	none_claimed	not verified; source database only	not verified	Database presence and linked PMIDs do not establish exact-pair direct binding or perturbation, effect direction, or species/context scope.	Conservative source lead only; source_registry=TRRUST; database_ref_count=1; ref_head=19095803; no promotion asserted.
human	URI1	AR	TRRUST|TRRUST_v2_snapshot_2026-08-25|human|trrust:human:008816	database_only_unverified	22B	database_curated_unverified	database_assertion	unknown			none_identified	none_claimed	not verified; source database only	not verified	Database presence and linked PMIDs do not establish exact-pair direct binding or perturbation, effect direction, or species/context scope.	Conservative source lead only; source_registry=TRRUST; database_ref_count=1; ref_head=21730289; no promotion asserted.
mouse	Vax2	Pax6	TRRUST|TRRUST_v2_snapshot_2026-08-25|mouse|trrust:mouse:006856	database_only_unverified	22B	database_curated_unverified	database_assertion	unknown			none_identified	none_claimed	not verified; source database only	not verified	Database presence and linked PMIDs do not establish exact-pair direct binding or perturbation, effect direction, or species/context scope.	Conservative source lead only; source_registry=TRRUST; database_ref_count=1; ref_head=17043310; no promotion asserted.
human	WDR5	MYC	TRRUST|TRRUST_v2_snapshot_2026-08-25|human|trrust:human:009021	database_only_unverified	22B	database_curated_unverified	database_assertion	unknown			none_identified	none_claimed	not verified; source database only	not verified	Database presence and linked PMIDs do not establish exact-pair direct binding or perturbation, effect direction, or species/context scope.	Conservative source lead only; source_registry=TRRUST; database_ref_count=1; ref_head=24782528; no promotion asserted.
mouse	Whsc1l1	Cyp17a1	TRRUST|TRRUST_v2_snapshot_2026-08-25|mouse|trrust:mouse:006876	database_only_unverified	22B	database_curated_unverified	database_assertion	unknown			none_identified	none_claimed	not verified; source database only	not verified	Database presence and linked PMIDs do not establish exact-pair direct binding or perturbation, effect direction, or species/context scope.	Conservative source lead only; source_registry=TRRUST; database_ref_count=1; ref_head=20530532; no promotion asserted.
human	YEATS4	TP53	TRRUST|TRRUST_v2_snapshot_2026-08-25|human|trrust:human:009160	database_only_unverified	22B	database_curated_unverified	database_assertion	unknown			none_identified	none_claimed	not verified; source database only	not verified	Database presence and linked PMIDs do not establish exact-pair direct binding or perturbation, effect direction, or species/context scope.	Conservative source lead only; source_registry=TRRUST; database_ref_count=1; ref_head=18214854; no promotion asserted.
human	ZBTB14	FHL2	TRRUST|TRRUST_v2_snapshot_2026-08-25|human|trrust:human:009266	database_only_unverified	22B	database_curated_unverified	database_assertion	unknown			none_identified	none_claimed	not verified; source database only	not verified	Database presence and linked PMIDs do not establish exact-pair direct binding or perturbation, effect direction, or species/context scope.	Conservative source lead only; source_registry=TRRUST; database_ref_count=1; ref_head=21540083; no promotion asserted.
mouse	Zbtb20	Sox9	TRRUST|TRRUST_v2_snapshot_2026-08-25|mouse|trrust:mouse:006968	database_only_unverified	22B	database_curated_unverified	database_assertion	unknown			none_identified	none_claimed	not verified; source database only	not verified	Database presence and linked PMIDs do not establish exact-pair direct binding or perturbation, effect direction, or species/context scope.	Conservative source lead only; source_registry=TRRUST; database_ref_count=1; ref_head=25564625; no promotion asserted.
mouse	Zbtb32	Ciita	TRRUST|TRRUST_v2_snapshot_2026-08-25|mouse|trrust:mouse:006969	database_only_unverified	22B	database_curated_unverified	database_assertion	unknown			none_identified	none_claimed	not verified; source database only	not verified	Database presence and linked PMIDs do not establish exact-pair direct binding or perturbation, effect direction, or species/context scope.	Conservative source lead only; source_registry=TRRUST; database_ref_count=1; ref_head=22851713; no promotion asserted.
mouse	Zbtb38	Myog	TRRUST|TRRUST_v2_snapshot_2026-08-25|mouse|trrust:mouse:006976	database_only_unverified	22B	database_curated_unverified	database_assertion	unknown			none_identified	none_claimed	not verified; source database only	not verified	Database presence and linked PMIDs do not establish exact-pair direct binding or perturbation, effect direction, or species/context scope.	Conservative source lead only; source_registry=TRRUST; database_ref_count=1; ref_head=21625269; no promotion asserted.
human	ZBTB5	CDKN1A	TRRUST|TRRUST_v2_snapshot_2026-08-25|human|trrust:human:009285	database_only_unverified	22B	database_curated_unverified	database_assertion	unknown			none_identified	none_claimed	not verified; source database only	not verified	Database presence and linked PMIDs do not establish exact-pair direct binding or perturbation, effect direction, or species/context scope.	Conservative source lead only; source_registry=TRRUST; database_ref_count=1; ref_head=19491398; no promotion asserted.
mouse	Zfp13	Mpv17l	TRRUST|TRRUST_v2_snapshot_2026-08-25|mouse|trrust:mouse:007003	database_only_unverified	22B	database_curated_unverified	database_assertion	unknown			none_identified	none_claimed	not verified; source database only	not verified	Database presence and linked PMIDs do not establish exact-pair direct binding or perturbation, effect direction, or species/context scope.	Conservative source lead only; source_registry=TRRUST; database_ref_count=1; ref_head=20231359; no promotion asserted.
mouse	Zfp263	Col11a2	TRRUST|TRRUST_v2_snapshot_2026-08-25|mouse|trrust:mouse:007012	database_only_unverified	22B	database_curated_unverified	database_assertion	unknown			none_identified	none_claimed	not verified; source database only	not verified	Database presence and linked PMIDs do not establish exact-pair direct binding or perturbation, effect direction, or species/context scope.	Conservative source lead only; source_registry=TRRUST; database_ref_count=1; ref_head=12024037; no promotion asserted.
mouse	Zfp277	Cdkn2a	TRRUST|TRRUST_v2_snapshot_2026-08-25|mouse|trrust:mouse:007013	database_only_unverified	22B	database_curated_unverified	database_assertion	unknown			none_identified	none_claimed	not verified; source database only	not verified	Database presence and linked PMIDs do not establish exact-pair direct binding or perturbation, effect direction, or species/context scope.	Conservative source lead only; source_registry=TRRUST; database_ref_count=1; ref_head=20808772; no promotion asserted.
mouse	Zfp281	Nanog	TRRUST|TRRUST_v2_snapshot_2026-08-25|mouse|trrust:mouse:007014	database_only_unverified	22B	database_curated_unverified	database_assertion	unknown			none_identified	none_claimed	not verified; source database only	not verified	Database presence and linked PMIDs do not establish exact-pair direct binding or perturbation, effect direction, or species/context scope.	Conservative source lead only; source_registry=TRRUST; database_ref_count=1; ref_head=18757296; no promotion asserted.
mouse	Zfp335	Rest	TRRUST|TRRUST_v2_snapshot_2026-08-25|mouse|trrust:mouse:007015	database_only_unverified	22B	database_curated_unverified	database_assertion	unknown			none_identified	none_claimed	not verified; source database only	not verified	Database presence and linked PMIDs do not establish exact-pair direct binding or perturbation, effect direction, or species/context scope.	Conservative source lead only; source_registry=TRRUST; database_ref_count=1; ref_head=23178126; no promotion asserted.
human	ZFP36L1	VEGFA	TRRUST|TRRUST_v2_snapshot_2026-08-25|human|trrust:human:009326	database_only_unverified	22B	database_curated_unverified	database_assertion	unknown			none_identified	none_claimed	not verified; source database only	not verified	Database presence and linked PMIDs do not establish exact-pair direct binding or perturbation, effect direction, or species/context scope.	Conservative source lead only; source_registry=TRRUST; database_ref_count=1; ref_head=19801654; no promotion asserted.
mouse	Zfp384	Nfkb1	TRRUST|TRRUST_v2_snapshot_2026-08-25|mouse|trrust:mouse:007018	database_only_unverified	22B	database_curated_unverified	database_assertion	unknown			none_identified	none_claimed	not verified; source database only	not verified	Database presence and linked PMIDs do not establish exact-pair direct binding or perturbation, effect direction, or species/context scope.	Conservative source lead only; source_registry=TRRUST; database_ref_count=1; ref_head=12061770; no promotion asserted.
mouse	Zfp410	Mmp1a	TRRUST|TRRUST_v2_snapshot_2026-08-25|mouse|trrust:mouse:007022	database_only_unverified	22B	database_curated_unverified	database_assertion	unknown			none_identified	none_claimed	not verified; source database only	not verified	Database presence and linked PMIDs do not establish exact-pair direct binding or perturbation, effect direction, or species/context scope.	Conservative source lead only; source_registry=TRRUST; database_ref_count=1; ref_head=12370286; no promotion asserted.
mouse	Zfp42	Tsix	TRRUST|TRRUST_v2_snapshot_2026-08-25|mouse|trrust:mouse:007023	database_only_unverified	22B	database_curated_unverified	database_assertion	unknown			none_identified	none_claimed	not verified; source database only	not verified	Database presence and linked PMIDs do not establish exact-pair direct binding or perturbation, effect direction, or species/context scope.	Conservative source lead only; source_registry=TRRUST; database_ref_count=1; ref_head=21085182; no promotion asserted.
mouse	Zfp488	Olig1	TRRUST|TRRUST_v2_snapshot_2026-08-25|mouse|trrust:mouse:007028	database_only_unverified	22B	database_curated_unverified	database_assertion	unknown			none_identified	none_claimed	not verified; source database only	not verified	Database presence and linked PMIDs do not establish exact-pair direct binding or perturbation, effect direction, or species/context scope.	Conservative source lead only; source_registry=TRRUST; database_ref_count=1; ref_head=22355521; no promotion asserted.
mouse	Zfp523	Tcp1	TRRUST|TRRUST_v2_snapshot_2026-08-25|mouse|trrust:mouse:007033	database_only_unverified	22B	database_curated_unverified	database_assertion	unknown			none_identified	none_claimed	not verified; source database only	not verified	Database presence and linked PMIDs do not establish exact-pair direct binding or perturbation, effect direction, or species/context scope.	Conservative source lead only; source_registry=TRRUST; database_ref_count=1; ref_head=10893243; no promotion asserted.
mouse	Zfp64	Hey1	TRRUST|TRRUST_v2_snapshot_2026-08-25|mouse|trrust:mouse:007035	database_only_unverified	22B	database_curated_unverified	database_assertion	unknown			none_identified	none_claimed	not verified; source database only	not verified	Database presence and linked PMIDs do not establish exact-pair direct binding or perturbation, effect direction, or species/context scope.	Conservative source lead only; source_registry=TRRUST; database_ref_count=1; ref_head=18430783; no promotion asserted.
mouse	Zhx3	Zhx2	TRRUST|TRRUST_v2_snapshot_2026-08-25|mouse|trrust:mouse:007046	database_only_unverified	22B	database_curated_unverified	database_assertion	unknown			none_identified	none_claimed	not verified; source database only	not verified	Database presence and linked PMIDs do not establish exact-pair direct binding or perturbation, effect direction, or species/context scope.	Conservative source lead only; source_registry=TRRUST; database_ref_count=1; ref_head=17056598; no promotion asserted.
human	ZMYND11	IL6	TRRUST|TRRUST_v2_snapshot_2026-08-25|human|trrust:human:009338	database_only_unverified	22B	database_curated_unverified	database_assertion	unknown			none_identified	none_claimed	not verified; source database only	not verified	Database presence and linked PMIDs do not establish exact-pair direct binding or perturbation, effect direction, or species/context scope.	Conservative source lead only; source_registry=TRRUST; database_ref_count=1; ref_head=19379743; no promotion asserted.
human	ZNF160	TLR4	TRRUST|TRRUST_v2_snapshot_2026-08-25|human|trrust:human:009353	database_only_unverified	22B	database_curated_unverified	database_assertion	unknown			none_identified	none_claimed	not verified; source database only	not verified	Database presence and linked PMIDs do not establish exact-pair direct binding or perturbation, effect direction, or species/context scope.	Conservative source lead only; source_registry=TRRUST; database_ref_count=1; ref_head=19846881; no promotion asserted.
human	ZNF175	NTF3	TRRUST|TRRUST_v2_snapshot_2026-08-25|human|trrust:human:009354	database_only_unverified	22B	database_curated_unverified	database_assertion	unknown			none_identified	none_claimed	not verified; source database only	not verified	Database presence and linked PMIDs do not establish exact-pair direct binding or perturbation, effect direction, or species/context scope.	Conservative source lead only; source_registry=TRRUST; database_ref_count=1; ref_head=19247725; no promotion asserted.
human	ZNF217	CDH1	TRRUST|TRRUST_v2_snapshot_2026-08-25|human|trrust:human:009358	database_only_unverified	22B	database_curated_unverified	database_assertion	unknown			none_identified	none_claimed	not verified; source database only	not verified	Database presence and linked PMIDs do not establish exact-pair direct binding or perturbation, effect direction, or species/context scope.	Conservative source lead only; source_registry=TRRUST; database_ref_count=1; ref_head=17130829; no promotion asserted.
human	ZNF239	RBP3	TRRUST|TRRUST_v2_snapshot_2026-08-25|human|trrust:human:009361	database_only_unverified	22B	database_curated_unverified	database_assertion	unknown			none_identified	none_claimed	not verified; source database only	not verified	Database presence and linked PMIDs do not establish exact-pair direct binding or perturbation, effect direction, or species/context scope.	Conservative source lead only; source_registry=TRRUST; database_ref_count=1; ref_head=12409453; no promotion asserted.
human	ZNF335	REST	TRRUST|TRRUST_v2_snapshot_2026-08-25|human|trrust:human:009373	database_only_unverified	22B	database_curated_unverified	database_assertion	unknown			none_identified	none_claimed	not verified; source database only	not verified	Database presence and linked PMIDs do not establish exact-pair direct binding or perturbation, effect direction, or species/context scope.	Conservative source lead only; source_registry=TRRUST; database_ref_count=1; ref_head=23178126; no promotion asserted.
human	ZNF383	JUN	TRRUST|TRRUST_v2_snapshot_2026-08-25|human|trrust:human:009388	database_only_unverified	22B	database_curated_unverified	database_assertion	unknown			none_identified	none_claimed	not verified; source database only	not verified	Database presence and linked PMIDs do not establish exact-pair direct binding or perturbation, effect direction, or species/context scope.	Conservative source lead only; source_registry=TRRUST; database_ref_count=1; ref_head=15964543; no promotion asserted.
human	ZNF410	MMP1	TRRUST|TRRUST_v2_snapshot_2026-08-25|human|trrust:human:009389	database_only_unverified	22B	database_curated_unverified	database_assertion	unknown			none_identified	none_claimed	not verified; source database only	not verified	Database presence and linked PMIDs do not establish exact-pair direct binding or perturbation, effect direction, or species/context scope.	Conservative source lead only; source_registry=TRRUST; database_ref_count=1; ref_head=12370286; no promotion asserted.
human	ZNF423	BRCA1	TRRUST|TRRUST_v2_snapshot_2026-08-25|human|trrust:human:009390	database_only_unverified	22B	database_curated_unverified	database_assertion	unknown			none_identified	none_claimed	not verified; source database only	not verified	Database presence and linked PMIDs do not establish exact-pair direct binding or perturbation, effect direction, or species/context scope.	Conservative source lead only; source_registry=TRRUST; database_ref_count=1; ref_head=23764426; no promotion asserted.
human	ZNF444	SCARF1	TRRUST|TRRUST_v2_snapshot_2026-08-25|human|trrust:human:009391	database_only_unverified	22B	database_curated_unverified	database_assertion	unknown			none_identified	none_claimed	not verified; source database only	not verified	Database presence and linked PMIDs do not establish exact-pair direct binding or perturbation, effect direction, or species/context scope.	Conservative source lead only; source_registry=TRRUST; database_ref_count=1; ref_head=11978792; no promotion asserted.
mouse	D3Z1J4	Tnfrsf10b	OmniPath_DoRothEA|OmniPath_DoRothEA_snapshot_2026-08-25|mouse|omnipath_dorothea:mouse:014072:3b51af206e80	database_only_unverified	22B	database_curated_unverified	database_assertion	unknown			none_identified	none_claimed	not verified; source database only	not verified	Database presence and linked PMIDs do not establish exact-pair direct binding or perturbation, effect direction, or species/context scope.	Conservative source lead only; source_registry=OmniPath_DoRothEA; database_ref_count=0; ref_head=; no promotion asserted.
mouse	E0CYW8	Prpf31	OmniPath_DoRothEA|OmniPath_DoRothEA_snapshot_2026-08-25|mouse|omnipath_dorothea:mouse:007291:91d8ba8493de	database_only_unverified	22B	database_curated_unverified	database_assertion	unknown			none_identified	none_claimed	not verified; source database only	not verified	Database presence and linked PMIDs do not establish exact-pair direct binding or perturbation, effect direction, or species/context scope.	Conservative source lead only; source_registry=OmniPath_DoRothEA; database_ref_count=0; ref_head=; no promotion asserted.
mouse	E9Q1A5	Pank2	OmniPath_DoRothEA|OmniPath_DoRothEA_snapshot_2026-08-25|mouse|omnipath_dorothea:mouse:014074:39a178960ca8	database_only_unverified	22B	database_curated_unverified	database_assertion	unknown			none_identified	none_claimed	not verified; source database only	not verified	Database presence and linked PMIDs do not establish exact-pair direct binding or perturbation, effect direction, or species/context scope.	Conservative source lead only; source_registry=OmniPath_DoRothEA; database_ref_count=0; ref_head=; no promotion asserted.
human	FOXJ2	SUN1	OmniPath_DoRothEA|OmniPath_DoRothEA_snapshot_2026-08-25|human|omnipath_dorothea:human:010389:422721a9865c	database_only_unverified	22B	database_curated_unverified	database_assertion	unknown			none_identified	none_claimed	not verified; source database only	not verified	Database presence and linked PMIDs do not establish exact-pair direct binding or perturbation, effect direction, or species/context scope.	Conservative source lead only; source_registry=OmniPath_DoRothEA; database_ref_count=0; ref_head=; no promotion asserted.
mouse	H3BKM3	Pde8a	OmniPath_DoRothEA|OmniPath_DoRothEA_snapshot_2026-08-25|mouse|omnipath_dorothea:mouse:010669:70a90f15a21d	database_only_unverified	22B	database_curated_unverified	database_assertion	unknown			none_identified	none_claimed	not verified; source database only	not verified	Database presence and linked PMIDs do not establish exact-pair direct binding or perturbation, effect direction, or species/context scope.	Conservative source lead only; source_registry=OmniPath_DoRothEA; database_ref_count=0; ref_head=; no promotion asserted.
human	HMBOX1	PDE8A	OmniPath_DoRothEA|OmniPath_DoRothEA_snapshot_2026-08-25|human|omnipath_dorothea:human:011395:2f88ca3786bc	database_only_unverified	22B	database_curated_unverified	database_assertion	unknown			none_identified	none_claimed	not verified; source database only	not verified	Database presence and linked PMIDs do not establish exact-pair direct binding or perturbation, effect direction, or species/context scope.	Conservative source lead only; source_registry=OmniPath_DoRothEA; database_ref_count=0; ref_head=; no promotion asserted.
human	PBX3	PBX1	OmniPath_DoRothEA|OmniPath_DoRothEA_snapshot_2026-08-25|human|omnipath_dorothea:human:012326:c44828eb90ec	database_only_unverified	22B	database_curated_unverified	database_assertion	unknown			none_identified	none_claimed	not verified; source database only	not verified	Database presence and linked PMIDs do not establish exact-pair direct binding or perturbation, effect direction, or species/context scope.	Conservative source lead only; source_registry=OmniPath_DoRothEA; database_ref_count=0; ref_head=; no promotion asserted.
human	ZNF274	ZNF577	OmniPath_DoRothEA|OmniPath_DoRothEA_snapshot_2026-08-25|human|omnipath_dorothea:human:015265:7ef34c2b9f6f	database_only_unverified	22B	database_curated_unverified	database_assertion	unknown			none_identified	none_claimed	not verified; source database only	not verified	Database presence and linked PMIDs do not establish exact-pair direct binding or perturbation, effect direction, or species/context scope.	Conservative source lead only; source_registry=OmniPath_DoRothEA; database_ref_count=0; ref_head=; no promotion asserted.
human	ZNF384	PANK2	OmniPath_DoRothEA|OmniPath_DoRothEA_snapshot_2026-08-25|human|omnipath_dorothea:human:015266:d1b511a5ade1	database_only_unverified	22B	database_curated_unverified	database_assertion	unknown			none_identified	none_claimed	not verified; source database only	not verified	Database presence and linked PMIDs do not establish exact-pair direct binding or perturbation, effect direction, or species/context scope.	Conservative source lead only; source_registry=OmniPath_DoRothEA; database_ref_count=0; ref_head=; no promotion asserted.
