tf_key	display_symbols	species_scopes	source_registries	reported_contributor_labels	human_current_sets	mouse_current_sets	vertebrate_profile_current_sets	human_status	mouse_status	vertebrate_profile_status	current_entity_ids	species_scope_count	current_any_species	new_species_scopes	dedupe_status	notes
a0a087wpa7	A0A087WPA7	mouse	OmniPath_DoRothEA	ARACNe-GTEx_DoRothEA;CollecTRI;CollecTRI2;DoRothEA;DoRothEA-A_CollecTRI;DoRothEA-A_CollecTRI2;ExTRI2_CollecTRI2;ExTRI_CollecTRI;FANTOM4_DoRothEA;GEREDB_CollecTRI;GEREDB_CollecTRI2;GOA_CollecTRI;GOA_CollecTRI2;HOCOMOCO_DoRothEA;HTRI_CollecTRI;HTRIdb;HTRIdb_CollecTRI2;HTRIdb_DoRothEA;IntAct_DoRothEA;JASPAR_DoRothEA;NTNU.Curated_CollecTRI;NTNUcuration_CollecTRI2;ORegAnno;ORegAnno_DoRothEA;Pavlidis2021_CollecTRI;Pavlidis_CollecTRI2;ReMap_DoRothEA;RegNetwork_DoRothEA;SIGNOR;SIGNOR_CollecTRI;SIGNOR_CollecTRI2;TFactS_CollecTRI;TFactS_DoRothEA;TRED_DoRothEA;TRRUST;TRRUST_CollecTRI;TRRUST_CollecTRI2;TRRUST_DoRothEA;TfactS_CollecTRI2					existing_public_pair_union			1	false		existing_or_canonical	
a0a087wr05	A0A087WR05	mouse	OmniPath_DoRothEA	ARACNe-GTEx_DoRothEA;CollecTRI;CollecTRI2;CytReg_CollecTRI;CytReg_CollecTRI2;DoRothEA;DoRothEA-A_CollecTRI;DoRothEA-A_CollecTRI2;ExTRI2_CollecTRI2;ExTRI_CollecTRI;GEREDB_CollecTRI;GEREDB_CollecTRI2;GOA_CollecTRI;GOA_CollecTRI2;HOCOMOCO_DoRothEA;HTRI_CollecTRI;HTRIdb;HTRIdb_CollecTRI2;HTRIdb_DoRothEA;IntAct_CollecTRI;IntAct_CollecTRI2;IntAct_DoRothEA;JASPAR_DoRothEA;NTNU.Curated_CollecTRI;NTNUcuration_CollecTRI2;PAZAR;PAZAR_DoRothEA;Pavlidis2021_CollecTRI;Pavlidis_CollecTRI2;ReMap_DoRothEA;SIGNOR_CollecTRI;SIGNOR_CollecTRI2;TFactS_CollecTRI;TFactS_DoRothEA;TRRUST;TRRUST_CollecTRI;TRRUST_CollecTRI2;TRRUST_DoRothEA;TfactS_CollecTRI2					existing_public_pair_union			1	false		existing_or_canonical	
a0a087wsp5	A0A087WSP5	mouse	OmniPath_DoRothEA	ARACNe-GTEx_DoRothEA;CollecTRI;CollecTRI2;CytReg_CollecTRI;CytReg_CollecTRI2;DoRothEA;DoRothEA-A_CollecTRI;DoRothEA-A_CollecTRI2;ENCODE-distal;ENCODE-proximal;ExTRI2_CollecTRI2;ExTRI_CollecTRI;FANTOM4_DoRothEA;GEREDB_CollecTRI;GEREDB_CollecTRI2;HOCOMOCO_DoRothEA;HTRI_CollecTRI;HTRIdb;HTRIdb_CollecTRI2;HTRIdb_DoRothEA;IntAct_CollecTRI;IntAct_CollecTRI2;IntAct_DoRothEA;JASPAR_DoRothEA;KEGG-MEDICUS;NTNU.Curated_CollecTRI;NTNUcuration_CollecTRI2;ORegAnno;ORegAnno_DoRothEA;PAZAR;PAZAR_DoRothEA;Pavlidis2021_CollecTRI;Pavlidis_CollecTRI2;ReMap_DoRothEA;RegNetwork_DoRothEA;SIGNOR;SIGNOR_CollecTRI;SIGNOR_CollecTRI2;TFactS_CollecTRI;TFactS_DoRothEA;TRED_DoRothEA;TRRUST;TRRUST_CollecTRI;TRRUST_CollecTRI2;TRRUST_DoRothEA;TfactS_CollecTRI2					existing_public_pair_union			1	false		existing_or_canonical	
a0a0a6ywe3	A0A0A6YWE3	mouse	OmniPath_DoRothEA	CollecTRI;CollecTRI2;DoRothEA;DoRothEA-A_CollecTRI;DoRothEA-A_CollecTRI2;ExTRI2_CollecTRI2;HTRI_CollecTRI;HTRIdb;HTRIdb_CollecTRI2;HTRIdb_DoRothEA;SIGNOR_CollecTRI;SIGNOR_CollecTRI2;TRRUST;TRRUST_CollecTRI;TRRUST_CollecTRI2;TRRUST_DoRothEA					existing_public_pair_union			1	false		existing_or_canonical	
a0a0a6ywq4	A0A0A6YWQ4	mouse	OmniPath_DoRothEA	CollecTRI;CollecTRI2;DoRothEA;DoRothEA-A_CollecTRI;DoRothEA-A_CollecTRI2;HTRI_CollecTRI;HTRIdb;HTRIdb_CollecTRI2;HTRIdb_DoRothEA;SIGNOR_CollecTRI;SIGNOR_CollecTRI2;TRRUST;TRRUST_CollecTRI;TRRUST_CollecTRI2;TRRUST_DoRothEA					existing_public_pair_union			1	false		existing_or_canonical	
a0a0g2jem8	A0A0G2JEM8	mouse	OmniPath_DoRothEA	ARACNe-GTEx_DoRothEA;CollecTRI;CollecTRI2;DoRothEA;DoRothEA-A_CollecTRI2;ENCODE-proximal;ExTRI2_CollecTRI2;ExTRI_CollecTRI;FANTOM4_DoRothEA;GEREDB_CollecTRI;GEREDB_CollecTRI2;GOA_CollecTRI;GOA_CollecTRI2;HOCOMOCO_DoRothEA;JASPAR_DoRothEA;NTNU.Curated_CollecTRI;NTNUcuration_CollecTRI2;Pavlidis2021_CollecTRI;Pavlidis_CollecTRI2;ReMap_DoRothEA;SIGNOR_CollecTRI;SIGNOR_CollecTRI2;TRRUST;TRRUST_CollecTRI;TRRUST_CollecTRI2;TRRUST_DoRothEA					existing_public_pair_union			1	false		existing_or_canonical	
a0a0j9ytu7	A0A0J9YTU7	mouse	OmniPath_DoRothEA	ARACNe-GTEx_DoRothEA;CollecTRI;CollecTRI2;DoRothEA;DoRothEA-A_CollecTRI2;ENCODE-proximal;ExTRI2_CollecTRI2;GEREDB_CollecTRI;GEREDB_CollecTRI2;HOCOMOCO_DoRothEA;JASPAR_DoRothEA;ReMap_DoRothEA;SIGNOR_CollecTRI;SIGNOR_CollecTRI2;TRRUST;TRRUST_CollecTRI;TRRUST_CollecTRI2;TRRUST_DoRothEA					existing_public_pair_union			1	false		existing_or_canonical	
a0a0r4j021	A0A0R4J021	mouse	OmniPath_DoRothEA	CollecTRI;CollecTRI2;DoRothEA;DoRothEA-A_CollecTRI2;ExTRI2_CollecTRI2;ExTRI_CollecTRI;KEGG-MEDICUS;SIGNOR_CollecTRI;SIGNOR_CollecTRI2;TRRUST;TRRUST_CollecTRI;TRRUST_CollecTRI2;TRRUST_DoRothEA					existing_public_pair_union			1	false		existing_or_canonical	
a0a0r4j046	A0A0R4J046	mouse	OmniPath_DoRothEA	CollecTRI;CollecTRI2;DoRothEA;DoRothEA-A_CollecTRI;DoRothEA-A_CollecTRI2;ExTRI2_CollecTRI2;HTRI_CollecTRI;HTRIdb;HTRIdb_CollecTRI2;HTRIdb_DoRothEA;NTNU.Curated_CollecTRI;NTNUcuration_CollecTRI2;TRRUST;TRRUST_CollecTRI;TRRUST_CollecTRI2;TRRUST_DoRothEA					existing_public_pair_union			1	false		existing_or_canonical	
a0a0r4j082	A0A0R4J082	mouse	OmniPath_DoRothEA	CollecTRI;CollecTRI2;DoRothEA;DoRothEA-A_CollecTRI2;ExTRI2_CollecTRI2;GEREDB_CollecTRI;GEREDB_CollecTRI2;JASPAR_DoRothEA;TRRUST;TRRUST_CollecTRI;TRRUST_CollecTRI2;TRRUST_DoRothEA					existing_public_pair_union			1	false		existing_or_canonical	
a0a0r4j096	A0A0R4J096	mouse	OmniPath_DoRothEA	CollecTRI;CollecTRI2;CytReg_CollecTRI;CytReg_CollecTRI2;DoRothEA;DoRothEA-A_CollecTRI;DoRothEA-A_CollecTRI2;ExTRI2_CollecTRI2;SIGNOR;SIGNOR_CollecTRI;SIGNOR_CollecTRI2;TRRUST;TRRUST_CollecTRI;TRRUST_CollecTRI2;TRRUST_DoRothEA					existing_public_pair_union			1	false		existing_or_canonical	
a0a0r4j0i0	A0A0R4J0I0	mouse	OmniPath_DoRothEA	CollecTRI;CollecTRI2;DoRothEA;DoRothEA-A_CollecTRI2;ExTRI2_CollecTRI2;ExTRI_CollecTRI;FANTOM4_DoRothEA;TRRUST;TRRUST_CollecTRI;TRRUST_CollecTRI2;TRRUST_DoRothEA					existing_public_pair_union			1	false		existing_or_canonical	
a0a0r4j0y5	A0A0R4J0Y5	mouse	OmniPath_DoRothEA	ARACNe-GTEx_DoRothEA;CollecTRI;CollecTRI2;DoRothEA;DoRothEA-A_CollecTRI;DoRothEA-A_CollecTRI2;ExTRI2_CollecTRI2;ExTRI_CollecTRI;HTRI_CollecTRI;HTRIdb;HTRIdb_CollecTRI2;HTRIdb_DoRothEA;NTNU.Curated_CollecTRI;NTNUcuration_CollecTRI2;ReMap_DoRothEA;TRRUST;TRRUST_CollecTRI;TRRUST_CollecTRI2;TRRUST_DoRothEA					existing_public_pair_union			1	false		existing_or_canonical	
a0a0r4j193	A0A0R4J193	mouse	OmniPath_DoRothEA	CollecTRI;CollecTRI2;DoRothEA;DoRothEA-A_CollecTRI2;ExTRI2_CollecTRI2;RegNetwork_DoRothEA;TRED_DoRothEA;TRRUST;TRRUST_CollecTRI;TRRUST_CollecTRI2;TRRUST_DoRothEA;TfactS_CollecTRI2					existing_public_pair_union			1	false		existing_or_canonical	
a0a0r4j1z4	A0A0R4J1Z4	mouse	OmniPath_DoRothEA	CollecTRI;CollecTRI2;CytReg_CollecTRI;CytReg_CollecTRI2;DoRothEA;DoRothEA-A_CollecTRI;DoRothEA-A_CollecTRI2;ExTRI2_CollecTRI2;ExTRI_CollecTRI;FANTOM4_DoRothEA;GEREDB_CollecTRI;GEREDB_CollecTRI2;HTRI_CollecTRI;HTRIdb;HTRIdb_CollecTRI2;HTRIdb_DoRothEA;JASPAR_DoRothEA;NTNU.Curated_CollecTRI;NTNUcuration_CollecTRI2;PAZAR_DoRothEA;ReMap_DoRothEA;RegNetwork_DoRothEA;SIGNOR_CollecTRI;SIGNOR_CollecTRI2;TFactS_CollecTRI;TFactS_DoRothEA;TRED_DoRothEA;TRRUST;TRRUST_CollecTRI;TRRUST_CollecTRI2;TRRUST_DoRothEA;TfactS_CollecTRI2					existing_public_pair_union			1	false		existing_or_canonical	
a0a0r4j249	A0A0R4J249	mouse	OmniPath_DoRothEA	ARACNe-GTEx_DoRothEA;DoRothEA;HOCOMOCO_DoRothEA;ReMap_DoRothEA					existing_public_pair_union			1	false		existing_or_canonical	
a0a0r4j292	A0A0R4J292	mouse	OmniPath_DoRothEA	CollecTRI;CollecTRI2;DoRothEA;DoRothEA-A_CollecTRI;DoRothEA-A_CollecTRI2;ExTRI2_CollecTRI2;ExTRI_CollecTRI;HTRI_CollecTRI;HTRIdb;HTRIdb_CollecTRI2;HTRIdb_DoRothEA;NTNU.Curated_CollecTRI;NTNUcuration_CollecTRI2;SIGNOR_CollecTRI;SIGNOR_CollecTRI2;TRRUST;TRRUST_CollecTRI;TRRUST_CollecTRI2;TRRUST_DoRothEA					existing_public_pair_union			1	false		existing_or_canonical	
a0a0u1rnl9	A0A0U1RNL9	mouse	OmniPath_DoRothEA	ARACNe-GTEx_DoRothEA;CollecTRI;CollecTRI2;DoRothEA;DoRothEA-A_CollecTRI;DoRothEA-A_CollecTRI2;ExTRI2_CollecTRI2;ExTRI_CollecTRI;FANTOM4_DoRothEA;HOCOMOCO_DoRothEA;IntAct_DoRothEA;NTNU.Curated_CollecTRI;NTNUcuration_CollecTRI2;PAZAR;PAZAR_DoRothEA;ReMap_DoRothEA;TRRUST;TRRUST_CollecTRI;TRRUST_CollecTRI2;TRRUST_DoRothEA;TfactS_CollecTRI2					existing_public_pair_union			1	false		existing_or_canonical	
a0a1y7vjr5	A0A1Y7VJR5	mouse	OmniPath_DoRothEA	ARACNe-GTEx_DoRothEA;CollecTRI;CollecTRI2;DoRothEA;DoRothEA-A_CollecTRI;DoRothEA-A_CollecTRI2;ExTRI2_CollecTRI2;ExTRI_CollecTRI;HOCOMOCO_DoRothEA;HTRI_CollecTRI;HTRIdb;HTRIdb_CollecTRI2;HTRIdb_DoRothEA;NTNU.Curated_CollecTRI;NTNUcuration_CollecTRI2;ReMap_DoRothEA;RegNetwork_DoRothEA;TRED_DoRothEA;TRRUST;TRRUST_CollecTRI;TRRUST_CollecTRI2;TRRUST_DoRothEA;TfactS_CollecTRI2					existing_public_pair_union			1	false		existing_or_canonical	
a0a1y7vml1	A0A1Y7VML1	mouse	OmniPath_DoRothEA	ARACNe-GTEx_DoRothEA;CollecTRI;CollecTRI2;DoRothEA;DoRothEA-A_CollecTRI;DoRothEA-A_CollecTRI2;ExTRI2_CollecTRI2;ExTRI_CollecTRI;GEREDB_CollecTRI;GEREDB_CollecTRI2;HOCOMOCO_DoRothEA;HTRI_CollecTRI;HTRIdb;HTRIdb_CollecTRI2;HTRIdb_DoRothEA;JASPAR_DoRothEA;NTNU.Curated_CollecTRI;NTNUcuration_CollecTRI2;RegNetwork_DoRothEA;TFactS_CollecTRI;TFactS_DoRothEA;TRED_DoRothEA;TRRUST;TRRUST_CollecTRI;TRRUST_CollecTRI2;TRRUST_DoRothEA;TfactS_CollecTRI2					existing_public_pair_union			1	false		existing_or_canonical	
a0a286ydi1	A0A286YDI1	mouse	OmniPath_DoRothEA	ARACNe-GTEx_DoRothEA;CollecTRI;CollecTRI2;DoRothEA;DoRothEA-A_CollecTRI2;ExTRI_CollecTRI;TRRUST;TRRUST_CollecTRI;TRRUST_CollecTRI2;TRRUST_DoRothEA					existing_public_pair_union			1	false		existing_or_canonical	
a0a2r8w6r9	A0A2R8W6R9	mouse	OmniPath_DoRothEA	ARACNe-GTEx_DoRothEA;CollecTRI;CollecTRI2;DoRothEA;DoRothEA-A_CollecTRI;DoRothEA-A_CollecTRI2;ExTRI2_CollecTRI2;ExTRI_CollecTRI;GEREDB_CollecTRI;GEREDB_CollecTRI2;IntAct_DoRothEA;JASPAR_DoRothEA;NFIRegulomeDB_DoRothEA;PAZAR;PAZAR_DoRothEA;ReMap_DoRothEA;SIGNOR_CollecTRI;SIGNOR_CollecTRI2;TRRUST;TRRUST_CollecTRI;TRRUST_CollecTRI2;TRRUST_DoRothEA;TfactS_CollecTRI2					existing_public_pair_union			1	false		existing_or_canonical	
a0a5k1vvq7	A0A5K1VVQ7	mouse	OmniPath_DoRothEA	ARACNe-GTEx_DoRothEA;CollecTRI;CollecTRI2;DoRothEA;DoRothEA-A_CollecTRI2;ExTRI2_CollecTRI2;HOCOMOCO_DoRothEA;JASPAR_DoRothEA;ReMap_DoRothEA;TFactS_CollecTRI;TFactS_DoRothEA;TRRUST;TRRUST_CollecTRI;TRRUST_CollecTRI2;TRRUST_DoRothEA;TfactS_CollecTRI2					existing_public_pair_union			1	false		existing_or_canonical	
a0a6i8mwy6	A0A6I8MWY6	mouse	OmniPath_DoRothEA	ARACNe-GTEx_DoRothEA;CollecTRI;CollecTRI2;DoRothEA;ExTRI2_CollecTRI2;ExTRI_CollecTRI;GEREDB_CollecTRI;GEREDB_CollecTRI2;HOCOMOCO_DoRothEA;JASPAR_DoRothEA;NTNU.Curated_CollecTRI;NTNUcuration_CollecTRI2;ReMap_DoRothEA;SIGNOR_CollecTRI;SIGNOR_CollecTRI2;TRRUST;TRRUST_CollecTRI;TRRUST_CollecTRI2;TRRUST_DoRothEA					existing_public_pair_union			1	false		existing_or_canonical	
a0a979hlr9	A0A979HLR9	mouse	OmniPath_DoRothEA	ARACNe-GTEx_DoRothEA;CollecTRI;CollecTRI2;CytReg_CollecTRI;CytReg_CollecTRI2;DoRothEA;DoRothEA-A_CollecTRI;DoRothEA-A_CollecTRI2;ENCODE-distal;ENCODE-proximal;ExTRI2_CollecTRI2;ExTRI_CollecTRI;FANTOM4_DoRothEA;GEREDB_CollecTRI;GEREDB_CollecTRI2;GOA_CollecTRI;GOA_CollecTRI2;HOCOMOCO_DoRothEA;HTRI_CollecTRI;HTRIdb;HTRIdb_CollecTRI2;HTRIdb_DoRothEA;IntAct_DoRothEA;JASPAR_DoRothEA;NFIRegulomeDB_DoRothEA;NTNU.Curated_CollecTRI;NTNUcuration_CollecTRI2;ORegAnno;ORegAnno_DoRothEA;PAZAR;PAZAR_DoRothEA;Pavlidis2021_CollecTRI;Pavlidis_CollecTRI2;ReMap_DoRothEA;RegNetwork_DoRothEA;SIGNOR;SIGNOR_CollecTRI;SIGNOR_CollecTRI2;TFactS_CollecTRI;TFactS_DoRothEA;TRED_DoRothEA;TRRD_DoRothEA;TRRUST;TRRUST_CollecTRI;TRRUST_CollecTRI2;TRRUST_DoRothEA;TfactS_CollecTRI2					existing_public_pair_union			1	false		existing_or_canonical	
a2a5c3	A2A5C3	mouse	OmniPath_DoRothEA	CollecTRI;CollecTRI2;DoRothEA;DoRothEA-A_CollecTRI;DoRothEA-A_CollecTRI2;ExTRI2_CollecTRI2;ExTRI_CollecTRI;FANTOM4_DoRothEA;GEREDB_CollecTRI;GEREDB_CollecTRI2;GOA_CollecTRI;GOA_CollecTRI2;HOCOMOCO_DoRothEA;HTRI_CollecTRI;HTRIdb;HTRIdb_CollecTRI2;HTRIdb_DoRothEA;JASPAR_DoRothEA;NTNU.Curated_CollecTRI;NTNUcuration_CollecTRI2;ReMap_DoRothEA;RegNetwork_DoRothEA;SIGNOR_CollecTRI;SIGNOR_CollecTRI2;TRED_DoRothEA;TRRUST;TRRUST_CollecTRI;TRRUST_CollecTRI2;TRRUST_DoRothEA;TfactS_CollecTRI2					existing_public_pair_union			1	false		existing_or_canonical	
a3kn90	A3KN90	mouse	OmniPath_DoRothEA	CollecTRI;CollecTRI2;DoRothEA;DoRothEA-A_CollecTRI;DoRothEA-A_CollecTRI2;GEREDB_CollecTRI;GEREDB_CollecTRI2;HTRI_CollecTRI;HTRIdb;HTRIdb_CollecTRI2;HTRIdb_DoRothEA;SIGNOR_CollecTRI;SIGNOR_CollecTRI2;TRRUST;TRRUST_CollecTRI;TRRUST_CollecTRI2;TRRUST_DoRothEA					existing_public_pair_union			1	false		existing_or_canonical	
a430033k04rik	A430033K04Rik	mouse	AnimalTFDB3						new_candidate			1	false	mouse	new_candidate	
a4qpd3	A4QPD3	mouse	OmniPath_DoRothEA	ARACNe-GTEx_DoRothEA;CollecTRI;CollecTRI2;CytReg_CollecTRI;CytReg_CollecTRI2;DoRothEA;DoRothEA-A_CollecTRI;DoRothEA-A_CollecTRI2;ExTRI2_CollecTRI2;ExTRI_CollecTRI;FANTOM4_DoRothEA;GEREDB_CollecTRI;GEREDB_CollecTRI2;HTRI_CollecTRI;HTRIdb;HTRIdb_CollecTRI2;HTRIdb_DoRothEA;JASPAR_DoRothEA;NTNU.Curated_CollecTRI;NTNUcuration_CollecTRI2;RegNetwork_DoRothEA;SIGNOR_CollecTRI;SIGNOR_CollecTRI2;TFactS_CollecTRI;TFactS_DoRothEA;TRED_DoRothEA;TRRD_DoRothEA;TRRUST;TRRUST_CollecTRI;TRRUST_CollecTRI2;TRRUST_DoRothEA;TfactS_CollecTRI2					existing_public_pair_union			1	false		existing_or_canonical	
a5d6p6	A5D6P6	mouse	OmniPath_DoRothEA	ARACNe-GTEx_DoRothEA;CollecTRI;CollecTRI2;DoRothEA;DoRothEA-A_CollecTRI2;ExTRI2_CollecTRI2;JASPAR_DoRothEA;SIGNOR_CollecTRI;SIGNOR_CollecTRI2;TRRUST;TRRUST_CollecTRI;TRRUST_CollecTRI2;TRRUST_DoRothEA					existing_public_pair_union			1	false		existing_or_canonical	
aatf	AATF;Aatf	human;mouse	TFLink;TRRUST	TRRUST				existing_public_pair_union	existing_public_pair_union			2	false		existing_or_canonical	Cross-species inventory collapse only; retain species-specific evidence records separately.
abcc9	Abcc9	mouse	TFLink						new_candidate			1	false	mouse	new_candidate	
abl1	ABL1;Abl1	human;mouse	TFLink;TRRUST	TRRUST				existing_public_pair_union	existing_public_pair_union			2	false		existing_or_canonical	Cross-species inventory collapse only; retain species-specific evidence records separately.
ac002310.5	AC002310.5	human	AnimalTFDB3					new_candidate				1	false	human	new_candidate	
ac004080.3	AC004080.3	human	AnimalTFDB3					new_candidate				1	false	human	new_candidate	
ac005324.4	AC005324.4	human	AnimalTFDB3					new_candidate				1	false	human	new_candidate	
ac008758.1	AC008758.1	human	AnimalTFDB3					new_candidate				1	false	human	new_candidate	
ac008770.2	AC008770.2	human	AnimalTFDB3					new_candidate				1	false	human	new_candidate	
ac008770.3	AC008770.3	human	Lambert_HumanTFs					new_candidate				1	false	human	new_candidate	
ac010422.6	AC010422.6	human	AnimalTFDB3					new_candidate				1	false	human	new_candidate	
ac010487.3	AC010487.3	human	AnimalTFDB3					new_candidate				1	false	human	new_candidate	
ac010616.1	AC010616.1	human	AnimalTFDB3					new_candidate				1	false	human	new_candidate	
ac012531.3	AC012531.3	human	AnimalTFDB3					new_candidate				1	false	human	new_candidate	
ac019117.3	AC019117.3	human	AnimalTFDB3					new_candidate				1	false	human	new_candidate	
ac020909.1	AC020909.1	human	AnimalTFDB3					new_candidate				1	false	human	new_candidate	
ac022167.5	AC022167.5	human	AnimalTFDB3					new_candidate				1	false	human	new_candidate	
ac023509.3	AC023509.3	human	AnimalTFDB3;Lambert_HumanTFs					new_candidate				1	false	human	new_candidate	
ac025287.4	AC025287.4	human	AnimalTFDB3					new_candidate				1	false	human	new_candidate	
ac067968.1	AC067968.1	human	AnimalTFDB3					new_candidate				1	false	human	new_candidate	
ac073111.3	AC073111.3	human	AnimalTFDB3					new_candidate				1	false	human	new_candidate	
ac073111.5	AC073111.5	human	AnimalTFDB3					new_candidate				1	false	human	new_candidate	
ac073612.1	AC073612.1	human	AnimalTFDB3					new_candidate				1	false	human	new_candidate	
ac092329.3	AC092329.3	human	AnimalTFDB3					new_candidate				1	false	human	new_candidate	
ac092835.1	AC092835.1	human	AnimalTFDB3;Lambert_HumanTFs					new_candidate				1	false	human	new_candidate	
ac105001.2	AC105001.2	human	AnimalTFDB3					new_candidate				1	false	human	new_candidate	
ac113536.1	AC113536.1	mouse	AnimalTFDB3						new_candidate			1	false	mouse	new_candidate	
ac115220.1	AC115220.1	human	AnimalTFDB3					new_candidate				1	false	human	new_candidate	
ac118549	AC118549	human	AnimalTFDB3					new_candidate				1	false	human	new_candidate	
ac138696.1	AC138696.1	human	AnimalTFDB3;Lambert_HumanTFs					new_candidate				1	false	human	new_candidate	
ac153379	AC153379	mouse	AnimalTFDB3						new_candidate			1	false	mouse	new_candidate	
ac166164	AC166164	mouse	AnimalTFDB3						new_candidate			1	false	mouse	new_candidate	
ac168977.1	AC168977.1	mouse	AnimalTFDB3						new_candidate			1	false	mouse	new_candidate	
ac170751.2	AC170751.2	mouse	AnimalTFDB3						new_candidate			1	false	mouse	new_candidate	
ac187653.1	AC187653.1	human	AnimalTFDB3					new_candidate				1	false	human	new_candidate	
acss2	Acss2	mouse	TFLink						new_candidate			1	false	mouse	new_candidate	
acvr1	Acvr1	mouse	TFLink						new_candidate			1	false	mouse	new_candidate	
ada2	ADA2	human	TFLink					new_candidate				1	false	human	new_candidate	
adcyap1	ADCYAP1	human	TFLink					new_candidate				1	false	human	new_candidate	
adnp	ADNP;Adnp	human;mouse	AnimalTFDB3;Lambert_HumanTFs;TFLink					new_candidate	new_candidate			2	false	human;mouse	new_candidate	Cross-species inventory collapse only; retain species-specific evidence records separately.
adnp2	ADNP2;Adnp2	human;mouse	AnimalTFDB3;Lambert_HumanTFs					new_candidate	new_candidate			2	false	human;mouse	new_candidate	Cross-species inventory collapse only; retain species-specific evidence records separately.
aebp1	AEBP1	human	Lambert_HumanTFs					new_candidate				1	false	human	new_candidate	
aebp2	AEBP2;Aebp2	human;mouse	AnimalTFDB3;Lambert_HumanTFs;TFLink;TRRUST	TRRUST				new_candidate	existing_public_pair_union			2	false	human	existing_or_canonical	Cross-species inventory collapse only; retain species-specific evidence records separately.
aes	AES;Aes	human;mouse	TRRUST	TRRUST				existing_public_pair_union	existing_public_pair_union			2	false		existing_or_canonical	Cross-species inventory collapse only; retain species-specific evidence records separately.
aff1	AFF1;Aff1	human;mouse	AnimalTFDB3;TFLink					new_candidate	new_candidate			2	false	human;mouse	new_candidate	Cross-species inventory collapse only; retain species-specific evidence records separately.
aff2	AFF2;Aff2	human;mouse	AnimalTFDB3					new_candidate	new_candidate			2	false	human;mouse	new_candidate	Cross-species inventory collapse only; retain species-specific evidence records separately.
aff3	AFF3;Aff3	human;mouse	AnimalTFDB3;TFLink					new_candidate	new_candidate			2	false	human;mouse	new_candidate	Cross-species inventory collapse only; retain species-specific evidence records separately.
aff4	AFF4;Aff4	human;mouse	AnimalTFDB3;TFLink					new_candidate	new_candidate			2	false	human;mouse	new_candidate	Cross-species inventory collapse only; retain species-specific evidence records separately.
ago1	AGO1	human	TFLink					new_candidate				1	false	human	new_candidate	
ago2	AGO2	human	TFLink					new_candidate				1	false	human	new_candidate	
ahctf1	AHCTF1;Ahctf1	human;mouse	AnimalTFDB3;Lambert_HumanTFs					new_candidate	new_candidate			2	false	human;mouse	new_candidate	Cross-species inventory collapse only; retain species-specific evidence records separately.
ahcy	Ahcy	mouse	TFLink						new_candidate			1	false	mouse	new_candidate	
ahdc1	AHDC1	human	Lambert_HumanTFs					new_candidate				1	false	human	new_candidate	
ahr	AHR;Ahr	human;mouse	AnimalTFDB3;Lambert_HumanTFs;OmniPath_DoRothEA;TFLink;TRRUST	ARACNe-GTEx_DoRothEA;CollecTRI;CollecTRI2;DoRothEA;DoRothEA-A_CollecTRI;DoRothEA-A_CollecTRI2;ExTRI2_CollecTRI2;ExTRI_CollecTRI;FANTOM4_DoRothEA;GEREDB_CollecTRI;GEREDB_CollecTRI2;HOCOMOCO_DoRothEA;HTRI_CollecTRI;HTRIdb;HTRIdb_CollecTRI2;HTRIdb_DoRothEA;NTNU.Curated_CollecTRI;NTNUcuration_CollecTRI2;Pavlidis2021_CollecTRI;Pavlidis_CollecTRI2;ReMap_DoRothEA;SIGNOR;SIGNOR_CollecTRI;SIGNOR_CollecTRI2;TRRUST;TRRUST_CollecTRI;TRRUST_CollecTRI2;TRRUST_DoRothEA	canonical_tf_edge;canonical_tf_role;module_22B_regulon	canonical_tf_edge;canonical_tf_role;module_22B_regulon		existing_public_pair_union	existing_public_pair_union		16799	2	true		existing_or_canonical	Cross-species inventory collapse only; retain species-specific evidence records separately.
ahrr	AHRR;Ahrr	human;mouse	AnimalTFDB3;Lambert_HumanTFs;TFLink					new_candidate	new_candidate			2	false	human;mouse	new_candidate	Cross-species inventory collapse only; retain species-specific evidence records separately.
ai854703	AI854703	mouse	AnimalTFDB3						new_candidate			1	false	mouse	new_candidate	
ai987944	AI987944	mouse	AnimalTFDB3						new_candidate			1	false	mouse	new_candidate	
aip	AIP	human	TFLink;TRRUST	TRRUST				existing_public_pair_union				1	false		existing_or_canonical	
aire	AIRE;Aire	human;mouse	AnimalTFDB3;Lambert_HumanTFs;TFLink;TRRUST	TRRUST				existing_public_pair_union	existing_public_pair_union			2	false		existing_or_canonical	Cross-species inventory collapse only; retain species-specific evidence records separately.
akap8	AKAP8	human	Lambert_HumanTFs					new_candidate				1	false	human	new_candidate	
akap8l	AKAP8L	human	Lambert_HumanTFs					new_candidate				1	false	human	new_candidate	
akna	AKNA;Akna	human;mouse	AnimalTFDB3;Lambert_HumanTFs					new_candidate	new_candidate			2	false	human;mouse	new_candidate	Cross-species inventory collapse only; retain species-specific evidence records separately.
al033529.1	AL033529.1	human	AnimalTFDB3					new_candidate				1	false	human	new_candidate	
al590629.2	AL590629.2	mouse	AnimalTFDB3						new_candidate			1	false	mouse	new_candidate	
al590629.4	AL590629.4	mouse	AnimalTFDB3						new_candidate			1	false	mouse	new_candidate	
al593853.1	AL593853.1	mouse	AnimalTFDB3						new_candidate			1	false	mouse	new_candidate	
alkbh3	ALKBH3	human	TFLink					new_candidate				1	false	human	new_candidate	
alx1	ALX1;Alx1	human;mouse;vertebrates	AnimalTFDB3;JASPAR_CORE;Lambert_HumanTFs					new_candidate	new_candidate	new_candidate		3	false	human;mouse;vertebrates	new_candidate	Cross-species inventory collapse only; retain species-specific evidence records separately.; Vertebrate JASPAR/profile scope is not treated as human/mouse evidence.
alx3	ALX3;Alx3	human;mouse;vertebrates	AnimalTFDB3;JASPAR_CORE;Lambert_HumanTFs					new_candidate	new_candidate	new_candidate		3	false	human;mouse;vertebrates	new_candidate	Cross-species inventory collapse only; retain species-specific evidence records separately.; Vertebrate JASPAR/profile scope is not treated as human/mouse evidence.
alx4	ALX4;Alx4	human;mouse;vertebrates	AnimalTFDB3;JASPAR_CORE;Lambert_HumanTFs;TFLink;TRRUST	TRRUST				new_candidate	existing_public_pair_union	new_candidate		3	false	human;vertebrates	existing_or_canonical	Cross-species inventory collapse only; retain species-specific evidence records separately.; Vertebrate JASPAR/profile scope is not treated as human/mouse evidence.
amh	AMH	human	TFLink					new_candidate				1	false	human	new_candidate	
anhx	ANHX	human	AnimalTFDB3;Lambert_HumanTFs					new_candidate				1	false	human	new_candidate	
ankrd1	ANKRD1;Ankrd1	human;mouse	TFLink;TRRUST	TRRUST				existing_public_pair_union	existing_public_pair_union			2	false		existing_or_canonical	Cross-species inventory collapse only; retain species-specific evidence records separately.
ankrd30a	ANKRD30A	human	AnimalTFDB3					new_candidate				1	false	human	new_candidate	
ankzf1	ANKZF1	human	Lambert_HumanTFs					new_candidate				1	false	human	new_candidate	
anp32e	Anp32e	mouse	TFLink						new_candidate			1	false	mouse	new_candidate	
anpep	Anpep	mouse	TFLink						new_candidate			1	false	mouse	new_candidate	
apbb1	APBB1;Apbb1	human;mouse	TFLink;TRRUST	TRRUST				existing_public_pair_union	existing_public_pair_union			2	false		existing_or_canonical	Cross-species inventory collapse only; retain species-specific evidence records separately.
apc	APC;Apc	human;mouse	TFLink;TRRUST	TRRUST	canonical_tf_edge;canonical_tf_role;module_22B_regulon	canonical_tf_edge;canonical_tf_role;module_22B_regulon		existing_public_pair_union	existing_public_pair_union		16936	2	true		existing_or_canonical	Cross-species inventory collapse only; retain species-specific evidence records separately.
apex1	APEX1;Apex1	human;mouse	TFLink;TRRUST	TRRUST				existing_public_pair_union	existing_public_pair_union			2	false		existing_or_canonical	Cross-species inventory collapse only; retain species-specific evidence records separately.
apobec3b	APOBEC3B	human	TFLink					new_candidate				1	false	human	new_candidate	
ar	AR;Ar	human;mouse;vertebrates	AnimalTFDB3;JASPAR_CORE;Lambert_HumanTFs;OmniPath_DoRothEA;TFLink;TRRUST	ARACNe-GTEx_DoRothEA;CollecTRI;CollecTRI2;DoRothEA;DoRothEA-A_CollecTRI;DoRothEA-A_CollecTRI2;DoRothEA-reviews_DoRothEA;ExTRI2_CollecTRI2;ExTRI_CollecTRI;FANTOM4_DoRothEA;GEREDB_CollecTRI;GEREDB_CollecTRI2;GOA_CollecTRI;GOA_CollecTRI2;HOCOMOCO_DoRothEA;HTRI_CollecTRI;HTRIdb;HTRIdb_CollecTRI2;HTRIdb_DoRothEA;IntAct_DoRothEA;JASPAR_DoRothEA;KEGG-MEDICUS;NTNU.Curated_CollecTRI;NTNUcuration_CollecTRI2;PAZAR_DoRothEA;ReMap_DoRothEA;RegNetwork_DoRothEA;SIGNOR;SIGNOR_CollecTRI;SIGNOR_CollecTRI2;TFactS_CollecTRI;TFactS_DoRothEA;TRED_DoRothEA;TRRUST;TRRUST_CollecTRI;TRRUST_CollecTRI2;TRRUST_DoRothEA;TfactS_CollecTRI2	canonical_tf_edge;canonical_tf_role;module_22B_regulon	canonical_tf_edge;canonical_tf_role;module_22B_regulon	canonical_tf_edge;canonical_tf_role;module_22B_regulon	existing_public_pair_union	existing_public_pair_union	canonical_name_or_species_scope_match	11197	3	true		existing_or_canonical	Cross-species inventory collapse only; retain species-specific evidence records separately.; Vertebrate JASPAR/profile scope is not treated as human/mouse evidence.
argfx	ARGFX	human;vertebrates	AnimalTFDB3;JASPAR_CORE;Lambert_HumanTFs					new_candidate		new_candidate		2	false	human;vertebrates	new_candidate	Cross-species inventory collapse only; retain species-specific evidence records separately.; Vertebrate JASPAR/profile scope is not treated as human/mouse evidence.
arhgap35	ARHGAP35	human	Lambert_HumanTFs;TFLink					new_candidate				1	false	human	new_candidate	
arid1a	ARID1A;Arid1a	human;mouse	AnimalTFDB3;TFLink;TRRUST	TRRUST				existing_public_pair_union	new_candidate			2	false	mouse	existing_or_canonical	Cross-species inventory collapse only; retain species-specific evidence records separately.
arid1b	ARID1B;Arid1b	human;mouse	AnimalTFDB3;TFLink;TRRUST	TRRUST				existing_public_pair_union	new_candidate			2	false	mouse	existing_or_canonical	Cross-species inventory collapse only; retain species-specific evidence records separately.
arid2	ARID2;Arid2	human;mouse	AnimalTFDB3;Lambert_HumanTFs;TFLink					new_candidate	new_candidate			2	false	human;mouse	new_candidate	Cross-species inventory collapse only; retain species-specific evidence records separately.
arid3a	ARID3A;Arid3a	human;mouse;vertebrates	AnimalTFDB3;JASPAR_CORE;Lambert_HumanTFs;OmniPath_DoRothEA;TFLink;TRRUST	CollecTRI2;DoRothEA;DoRothEA-A_CollecTRI2;TFe_DoRothEA;TRRUST	canonical_tf_edge;canonical_tf_role;module_22B_regulon	canonical_tf_edge;canonical_tf_role;module_22B_regulon	canonical_tf_edge;canonical_tf_role;module_22B_regulon	existing_public_pair_union	existing_public_pair_union	canonical_name_or_species_scope_match	16937	3	true		existing_or_canonical	Cross-species inventory collapse only; retain species-specific evidence records separately.; Vertebrate JASPAR/profile scope is not treated as human/mouse evidence.
arid3b	ARID3B;Arid3b	human;mouse;vertebrates	AnimalTFDB3;JASPAR_CORE;Lambert_HumanTFs;TFLink;TRRUST	TRRUST				new_candidate	existing_public_pair_union	new_candidate		3	false	human;vertebrates	existing_or_canonical	Cross-species inventory collapse only; retain species-specific evidence records separately.; Vertebrate JASPAR/profile scope is not treated as human/mouse evidence.
arid3c	ARID3C;Arid3c	human;mouse	AnimalTFDB3;Lambert_HumanTFs					new_candidate	new_candidate			2	false	human;mouse	new_candidate	Cross-species inventory collapse only; retain species-specific evidence records separately.
arid4a	ARID4A;Arid4a	human;mouse	AnimalTFDB3					new_candidate	new_candidate			2	false	human;mouse	new_candidate	Cross-species inventory collapse only; retain species-specific evidence records separately.
arid4b	ARID4B;Arid4b	human;mouse	AnimalTFDB3;TFLink					new_candidate	new_candidate			2	false	human;mouse	new_candidate	Cross-species inventory collapse only; retain species-specific evidence records separately.
arid5a	ARID5A;Arid5a	human;mouse;vertebrates	AnimalTFDB3;JASPAR_CORE;Lambert_HumanTFs					new_candidate	new_candidate	new_candidate		3	false	human;mouse;vertebrates	new_candidate	Cross-species inventory collapse only; retain species-specific evidence records separately.; Vertebrate JASPAR/profile scope is not treated as human/mouse evidence.
arid5b	ARID5B;Arid5b	human;mouse	AnimalTFDB3;Lambert_HumanTFs;TFLink;TRRUST	TRRUST				new_candidate	existing_public_pair_union			2	false	human	existing_or_canonical	Cross-species inventory collapse only; retain species-specific evidence records separately.
arl6ip5	Arl6ip5	mouse	TFLink;TRRUST	TRRUST					existing_public_pair_union			1	false		existing_or_canonical	
arnt	ARNT;Arnt	human;mouse;vertebrates	AnimalTFDB3;JASPAR_CORE;Lambert_HumanTFs;OmniPath_DoRothEA;TFLink;TRRUST	CollecTRI;CollecTRI2;DoRothEA;DoRothEA-A_CollecTRI;DoRothEA-A_CollecTRI2;ExTRI2_CollecTRI2;ExTRI_CollecTRI;FANTOM4_DoRothEA;GEREDB_CollecTRI;GEREDB_CollecTRI2;HTRI_CollecTRI;HTRIdb;HTRIdb_CollecTRI2;HTRIdb_DoRothEA;IntAct_DoRothEA;KEGG-MEDICUS;NTNU.Curated_CollecTRI;NTNUcuration_CollecTRI2;PAZAR;ReMap_DoRothEA;SIGNOR_CollecTRI;SIGNOR_CollecTRI2;TRRUST;TRRUST_CollecTRI;TRRUST_CollecTRI2;TRRUST_DoRothEA;TfactS_CollecTRI2	canonical_tf_edge;canonical_tf_role;module_22B_regulon	canonical_tf_edge;canonical_tf_role;module_22B_regulon	canonical_tf_edge;canonical_tf_role;module_22B_regulon	existing_public_pair_union	existing_public_pair_union	canonical_name_or_species_scope_match	16800	3	true		existing_or_canonical	Cross-species inventory collapse only; retain species-specific evidence records separately.; Vertebrate JASPAR/profile scope is not treated as human/mouse evidence.
arnt2	ARNT2;Arnt2	human;mouse;vertebrates	AnimalTFDB3;JASPAR_CORE;Lambert_HumanTFs;TFLink					new_candidate	new_candidate	new_candidate		3	false	human;mouse;vertebrates	new_candidate	Cross-species inventory collapse only; retain species-specific evidence records separately.; Vertebrate JASPAR/profile scope is not treated as human/mouse evidence.
arntl	ARNTL;Arntl	human;mouse;vertebrates	AnimalTFDB3;JASPAR_CORE;Lambert_HumanTFs;TFLink;TRRUST	TRRUST				existing_public_pair_union	existing_public_pair_union	new_candidate		3	false	vertebrates	existing_or_canonical	Cross-species inventory collapse only; retain species-specific evidence records separately.; Vertebrate JASPAR/profile scope is not treated as human/mouse evidence.
arntl2	ARNTL2;Arntl2	human;mouse	AnimalTFDB3;Lambert_HumanTFs;TFLink;TRRUST	TRRUST				existing_public_pair_union	existing_public_pair_union			2	false		existing_or_canonical	Cross-species inventory collapse only; retain species-specific evidence records separately.
arrb1	ARRB1	human	TFLink					new_candidate				1	false	human	new_candidate	
arx	ARX;Arx	human;mouse;vertebrates	AnimalTFDB3;JASPAR_CORE;Lambert_HumanTFs;TFLink;TRRUST	TRRUST				existing_public_pair_union	existing_public_pair_union	new_candidate		3	false	vertebrates	existing_or_canonical	Cross-species inventory collapse only; retain species-specific evidence records separately.; Vertebrate JASPAR/profile scope is not treated as human/mouse evidence.
ascl1	ASCL1;Ascl1	human;mouse;vertebrates	AnimalTFDB3;JASPAR_CORE;Lambert_HumanTFs;OmniPath_DoRothEA;TFLink;TRRUST	CollecTRI;CollecTRI2;DoRothEA;DoRothEA-A_CollecTRI;DoRothEA-A_CollecTRI2;ExTRI2_CollecTRI2;GEREDB_CollecTRI;GEREDB_CollecTRI2;GOA_CollecTRI;GOA_CollecTRI2;HTRI_CollecTRI;HTRIdb;HTRIdb_CollecTRI2;HTRIdb_DoRothEA;Pavlidis2021_CollecTRI;Pavlidis_CollecTRI2;ReMap_DoRothEA;TRRUST;TRRUST_CollecTRI;TRRUST_CollecTRI2;TRRUST_DoRothEA				existing_public_pair_union	existing_public_pair_union	new_candidate		3	false	vertebrates	existing_or_canonical	Cross-species inventory collapse only; retain species-specific evidence records separately.; Vertebrate JASPAR/profile scope is not treated as human/mouse evidence.
ascl2	ASCL2;Ascl2	human;mouse;vertebrates	AnimalTFDB3;JASPAR_CORE;Lambert_HumanTFs;TFLink					new_candidate	new_candidate	new_candidate		3	false	human;mouse;vertebrates	new_candidate	Cross-species inventory collapse only; retain species-specific evidence records separately.; Vertebrate JASPAR/profile scope is not treated as human/mouse evidence.
ascl3	ASCL3;Ascl3	human;mouse	AnimalTFDB3;Lambert_HumanTFs					new_candidate	new_candidate			2	false	human;mouse	new_candidate	Cross-species inventory collapse only; retain species-specific evidence records separately.
ascl4	ASCL4;Ascl4	human;mouse	AnimalTFDB3;Lambert_HumanTFs					new_candidate	new_candidate			2	false	human;mouse	new_candidate	Cross-species inventory collapse only; retain species-specific evidence records separately.
ascl5	ASCL5;Ascl5	human;mouse	AnimalTFDB3;Lambert_HumanTFs					new_candidate	new_candidate			2	false	human;mouse	new_candidate	Cross-species inventory collapse only; retain species-specific evidence records separately.
asf1a	ASF1A	human	TFLink					new_candidate				1	false	human	new_candidate	
ash1l	ASH1L;Ash1l	human;mouse	Lambert_HumanTFs;TFLink;TRRUST	TRRUST				existing_public_pair_union	existing_public_pair_union			2	false		existing_or_canonical	Cross-species inventory collapse only; retain species-specific evidence records separately.
ash2l	ASH2L;Ash2l	human;mouse	TFLink					new_candidate	new_candidate			2	false	human;mouse	new_candidate	Cross-species inventory collapse only; retain species-specific evidence records separately.
asxl1	ASXL1;Asxl1	human;mouse	TFLink;TRRUST	TRRUST				existing_public_pair_union	existing_public_pair_union			2	false		existing_or_canonical	Cross-species inventory collapse only; retain species-specific evidence records separately.
asxl2	ASXL2	human	TFLink					new_candidate				1	false	human	new_candidate	
atad2	Atad2	mouse	TFLink						new_candidate			1	false	mouse	new_candidate	
atf1	ATF1;Atf1	human;mouse;vertebrates	AnimalTFDB3;JASPAR_CORE;Lambert_HumanTFs;OmniPath_DoRothEA;TFLink;TRRUST	ARACNe-GTEx_DoRothEA;CollecTRI;CollecTRI2;CytReg_CollecTRI;CytReg_CollecTRI2;DoRothEA;DoRothEA-A_CollecTRI;DoRothEA-A_CollecTRI2;ExTRI2_CollecTRI2;ExTRI_CollecTRI;FANTOM4_DoRothEA;GEREDB_CollecTRI;GEREDB_CollecTRI2;HOCOMOCO_DoRothEA;HTRI_CollecTRI;HTRIdb;HTRIdb_CollecTRI2;HTRIdb_DoRothEA;JASPAR_DoRothEA;NTNU.Curated_CollecTRI;NTNUcuration_CollecTRI2;PAZAR;ReMap_DoRothEA;RegNetwork_DoRothEA;SIGNOR_CollecTRI;SIGNOR_CollecTRI2;TRED_DoRothEA;TRRUST;TRRUST_CollecTRI;TRRUST_CollecTRI2;TRRUST_DoRothEA;TfactS_CollecTRI2				existing_public_pair_union	existing_public_pair_union	new_candidate		3	false	vertebrates	existing_or_canonical	Cross-species inventory collapse only; retain species-specific evidence records separately.; Vertebrate JASPAR/profile scope is not treated as human/mouse evidence.
atf2	ATF2;Atf2	human;mouse;vertebrates	AnimalTFDB3;JASPAR_CORE;Lambert_HumanTFs;OmniPath_DoRothEA;TFLink;TRRUST	ARACNe-GTEx_DoRothEA;CollecTRI;CollecTRI2;CytReg_CollecTRI;CytReg_CollecTRI2;DoRothEA;DoRothEA-A_CollecTRI;DoRothEA-A_CollecTRI2;ExTRI2_CollecTRI2;ExTRI_CollecTRI;FANTOM4_DoRothEA;GEREDB_CollecTRI;GEREDB_CollecTRI2;GOA_CollecTRI2;HOCOMOCO_DoRothEA;HTRI_CollecTRI;HTRIdb;HTRIdb_CollecTRI2;HTRIdb_DoRothEA;IntAct_DoRothEA;KEGG-MEDICUS;NTNU.Curated_CollecTRI;NTNUcuration_CollecTRI2;ORegAnno;ORegAnno_DoRothEA;ReMap_DoRothEA;RegNetwork_DoRothEA;SIGNOR_CollecTRI;SIGNOR_CollecTRI2;TFe_DoRothEA;TRED_DoRothEA;TRRUST;TRRUST_CollecTRI;TRRUST_CollecTRI2;TRRUST_DoRothEA;TfactS_CollecTRI2	canonical_tf_edge;canonical_tf_role;module_22B_regulon	canonical_tf_edge;canonical_tf_role;module_22B_regulon	canonical_tf_edge;canonical_tf_role;module_22B_regulon	existing_public_pair_union	existing_public_pair_union	canonical_name_or_species_scope_match	11199	3	true		existing_or_canonical	Cross-species inventory collapse only; retain species-specific evidence records separately.; Vertebrate JASPAR/profile scope is not treated as human/mouse evidence.
atf3	ATF3;Atf3	human;mouse;vertebrates	AnimalTFDB3;JASPAR_CORE;Lambert_HumanTFs;OmniPath_DoRothEA;TFLink;TRRUST	ARACNe-GTEx_DoRothEA;CollecTRI;CollecTRI2;CytReg_CollecTRI;CytReg_CollecTRI2;DoRothEA;DoRothEA-A_CollecTRI;DoRothEA-A_CollecTRI2;ExTRI2_CollecTRI2;ExTRI_CollecTRI;FANTOM4_DoRothEA;GOA_CollecTRI;GOA_CollecTRI2;HTRI_CollecTRI;HTRIdb;HTRIdb_CollecTRI2;HTRIdb_DoRothEA;IntAct_DoRothEA;NTNU.Curated_CollecTRI;NTNUcuration_CollecTRI2;ReMap_DoRothEA;RegNetwork_DoRothEA;SIGNOR;SIGNOR_CollecTRI;SIGNOR_CollecTRI2;TFactS_CollecTRI;TFactS_DoRothEA;TRED_DoRothEA;TRRUST;TRRUST_CollecTRI;TRRUST_CollecTRI2;TRRUST_DoRothEA;TfactS_CollecTRI2	canonical_tf_edge;canonical_tf_role;module_22B_regulon	canonical_tf_edge;canonical_tf_role;module_22B_regulon	canonical_tf_edge;canonical_tf_role;module_22B_regulon	existing_public_pair_union	existing_public_pair_union	canonical_name_or_species_scope_match	16728	3	true		existing_or_canonical	Cross-species inventory collapse only; retain species-specific evidence records separately.; Vertebrate JASPAR/profile scope is not treated as human/mouse evidence.
atf4	ATF4;Atf4	human;mouse;vertebrates	AnimalTFDB3;JASPAR_CORE;Lambert_HumanTFs;OmniPath_DoRothEA;TFLink;TRRUST	ARACNe-GTEx_DoRothEA;CollecTRI;CollecTRI2;CytReg_CollecTRI;CytReg_CollecTRI2;DoRothEA;DoRothEA-A_CollecTRI;DoRothEA-A_CollecTRI2;ExTRI2_CollecTRI2;ExTRI_CollecTRI;FANTOM4_DoRothEA;GEREDB_CollecTRI;GEREDB_CollecTRI2;GOA_CollecTRI;GOA_CollecTRI2;HOCOMOCO_DoRothEA;HTRI_CollecTRI;HTRIdb;HTRIdb_CollecTRI2;HTRIdb_DoRothEA;JASPAR_DoRothEA;KEGG-MEDICUS;NTNU.Curated_CollecTRI;NTNUcuration_CollecTRI2;Pavlidis2021_CollecTRI;Pavlidis_CollecTRI2;ReMap_DoRothEA;RegNetwork_DoRothEA;SIGNOR;SIGNOR_CollecTRI;SIGNOR_CollecTRI2;TRED_DoRothEA;TRRUST;TRRUST_CollecTRI;TRRUST_CollecTRI2;TRRUST_DoRothEA;TfactS_CollecTRI2	canonical_tf_edge;canonical_tf_role;module_22B_regulon	canonical_tf_edge;canonical_tf_role;module_22B_regulon	canonical_tf_edge;canonical_tf_role;module_22B_regulon	existing_public_pair_union	existing_public_pair_union	canonical_name_or_species_scope_match	16801	3	true		existing_or_canonical	Cross-species inventory collapse only; retain species-specific evidence records separately.; Vertebrate JASPAR/profile scope is not treated as human/mouse evidence.
atf5	ATF5;Atf5	human;mouse	AnimalTFDB3;Lambert_HumanTFs;OmniPath_DoRothEA;TFLink;TRRUST	CollecTRI;CollecTRI2;DoRothEA;DoRothEA-A_CollecTRI2;RegNetwork_DoRothEA;TRED_DoRothEA;TRRUST;TRRUST_CollecTRI;TRRUST_CollecTRI2;TRRUST_DoRothEA;TfactS_CollecTRI2				existing_public_pair_union	existing_public_pair_union			2	false		existing_or_canonical	Cross-species inventory collapse only; retain species-specific evidence records separately.
atf6	ATF6;Atf6	human;mouse;vertebrates	AnimalTFDB3;JASPAR_CORE;Lambert_HumanTFs;OmniPath_DoRothEA;TFLink;TRRUST	ARACNe-GTEx_DoRothEA;CollecTRI;CollecTRI2;DoRothEA;DoRothEA-A_CollecTRI;DoRothEA-A_CollecTRI2;ExTRI2_CollecTRI2;ExTRI_CollecTRI;GEREDB_CollecTRI;GEREDB_CollecTRI2;GOA_CollecTRI;GOA_CollecTRI2;KEGG-MEDICUS;NTNU.Curated_CollecTRI;NTNUcuration_CollecTRI2;RegNetwork_DoRothEA;SIGNOR;SIGNOR_CollecTRI;SIGNOR_CollecTRI2;TFactS_CollecTRI;TFactS_DoRothEA;TRED_DoRothEA;TRRUST;TRRUST_CollecTRI;TRRUST_CollecTRI2;TRRUST_DoRothEA;TfactS_CollecTRI2				existing_public_pair_union	existing_public_pair_union	new_candidate		3	false	vertebrates	existing_or_canonical	Cross-species inventory collapse only; retain species-specific evidence records separately.; Vertebrate JASPAR/profile scope is not treated as human/mouse evidence.
atf6b	ATF6B;Atf6b	human;mouse	AnimalTFDB3;Lambert_HumanTFs					new_candidate	new_candidate			2	false	human;mouse	new_candidate	Cross-species inventory collapse only; retain species-specific evidence records separately.
atf7	ATF7;Atf7	human;mouse;vertebrates	AnimalTFDB3;JASPAR_CORE;Lambert_HumanTFs;TFLink;TRRUST	TRRUST				existing_public_pair_union	new_candidate	new_candidate		3	false	mouse;vertebrates	existing_or_canonical	Cross-species inventory collapse only; retain species-specific evidence records separately.; Vertebrate JASPAR/profile scope is not treated as human/mouse evidence.
atf7ip	ATF7IP	human	TFLink					new_candidate				1	false	human	new_candidate	
atm	ATM;Atm	human;mouse	TFLink;TRRUST	TRRUST				existing_public_pair_union	existing_public_pair_union			2	false		existing_or_canonical	Cross-species inventory collapse only; retain species-specific evidence records separately.
atmin	ATMIN	human	AnimalTFDB3;Lambert_HumanTFs					new_candidate				1	false	human	new_candidate	
atoh1	ATOH1;Atoh1	human;mouse;vertebrates	AnimalTFDB3;JASPAR_CORE;Lambert_HumanTFs;OmniPath_DoRothEA;TFLink;TRRUST	CollecTRI;CollecTRI2;DoRothEA;DoRothEA-A_CollecTRI2;ExTRI2_CollecTRI2;ExTRI_CollecTRI;GEREDB_CollecTRI;GEREDB_CollecTRI2;GOA_CollecTRI;GOA_CollecTRI2;HOCOMOCO_DoRothEA;NTNU.Curated_CollecTRI;NTNUcuration_CollecTRI2;SIGNOR_CollecTRI;SIGNOR_CollecTRI2;TRRUST;TRRUST_CollecTRI;TRRUST_CollecTRI2;TRRUST_DoRothEA				existing_public_pair_union	existing_public_pair_union	new_candidate		3	false	vertebrates	existing_or_canonical	Cross-species inventory collapse only; retain species-specific evidence records separately.; Vertebrate JASPAR/profile scope is not treated as human/mouse evidence.
atoh7	ATOH7;Atoh7	human;mouse;vertebrates	AnimalTFDB3;JASPAR_CORE;Lambert_HumanTFs					new_candidate	new_candidate	new_candidate		3	false	human;mouse;vertebrates	new_candidate	Cross-species inventory collapse only; retain species-specific evidence records separately.; Vertebrate JASPAR/profile scope is not treated as human/mouse evidence.
atoh8	ATOH8;Atoh8	human;mouse	AnimalTFDB3;Lambert_HumanTFs					new_candidate	new_candidate			2	false	human;mouse	new_candidate	Cross-species inventory collapse only; retain species-specific evidence records separately.
atrx	ATRX;Atrx	human;mouse	TFLink;TRRUST	TRRUST				existing_public_pair_union	new_candidate			2	false	mouse	existing_or_canonical	Cross-species inventory collapse only; retain species-specific evidence records separately.
au041133	AU041133	mouse	AnimalTFDB3						new_candidate			1	false	mouse	new_candidate	
aurkaip1	AURKAIP1	human	TFLink					new_candidate				1	false	human	new_candidate	
aurkb	Aurkb	mouse	TFLink						new_candidate			1	false	mouse	new_candidate	
auts2	AUTS2;Auts2	human;mouse	TFLink					new_candidate	new_candidate			2	false	human;mouse	new_candidate	Cross-species inventory collapse only; retain species-specific evidence records separately.
aw146154	AW146154	mouse	AnimalTFDB3						new_candidate			1	false	mouse	new_candidate	
aw822073	AW822073	mouse	AnimalTFDB3						new_candidate			1	false	mouse	new_candidate	
b020011l13rik	B020011L13Rik	mouse	AnimalTFDB3						new_candidate			1	false	mouse	new_candidate	
b1auf1	B1AUF1	mouse	OmniPath_DoRothEA	CollecTRI;CollecTRI2;DoRothEA;DoRothEA-A_CollecTRI;DoRothEA-A_CollecTRI2;ExTRI2_CollecTRI2;HTRI_CollecTRI;HTRIdb;HTRIdb_CollecTRI2;HTRIdb_DoRothEA;IntAct_CollecTRI;IntAct_CollecTRI2;IntAct_DoRothEA					existing_public_pair_union			1	false		existing_or_canonical	
b5b2n2	B5B2N2	mouse	OmniPath_DoRothEA	ARACNe-GTEx_DoRothEA;CollecTRI;CollecTRI2;CytReg_CollecTRI;CytReg_CollecTRI2;DoRothEA;DoRothEA-A_CollecTRI;DoRothEA-A_CollecTRI2;ExTRI2_CollecTRI2;ExTRI_CollecTRI;FANTOM4_DoRothEA;GEREDB_CollecTRI;GEREDB_CollecTRI2;HOCOMOCO_DoRothEA;HTRI_CollecTRI;HTRIdb;HTRIdb_CollecTRI2;HTRIdb_DoRothEA;IntAct_DoRothEA;JASPAR_DoRothEA;NTNU.Curated_CollecTRI;NTNUcuration_CollecTRI2;PAZAR;ReMap_DoRothEA;SIGNOR;SIGNOR_CollecTRI2;TFactS_CollecTRI;TFactS_DoRothEA;TRRUST;TRRUST_CollecTRI;TRRUST_CollecTRI2;TRRUST_DoRothEA;TfactS_CollecTRI2					existing_public_pair_union			1	false		existing_or_canonical	
bach1	BACH1;Bach1	human;mouse;vertebrates	AnimalTFDB3;JASPAR_CORE;Lambert_HumanTFs;OmniPath_DoRothEA;TFLink;TRRUST	ARACNe-GTEx_DoRothEA;CollecTRI;CollecTRI2;DoRothEA;DoRothEA-A_CollecTRI;DoRothEA-A_CollecTRI2;ExTRI2_CollecTRI2;ExTRI_CollecTRI;GEREDB_CollecTRI;GEREDB_CollecTRI2;GOA_CollecTRI2;HOCOMOCO_DoRothEA;NTNU.Curated_CollecTRI;NTNUcuration_CollecTRI2;PAZAR_DoRothEA;ReMap_DoRothEA;SIGNOR;SIGNOR_CollecTRI;SIGNOR_CollecTRI2;TRRUST;TRRUST_CollecTRI;TRRUST_CollecTRI2;TRRUST_DoRothEA	canonical_tf_edge;canonical_tf_role;module_22B_regulon	canonical_tf_edge;canonical_tf_role;module_22B_regulon	canonical_tf_edge;canonical_tf_role;module_22B_regulon	existing_public_pair_union	existing_public_pair_union	canonical_name_or_species_scope_match	16802	3	true		existing_or_canonical	Cross-species inventory collapse only; retain species-specific evidence records separately.; Vertebrate JASPAR/profile scope is not treated as human/mouse evidence.
bach2	BACH2;Bach2	human;mouse;vertebrates	AnimalTFDB3;JASPAR_CORE;Lambert_HumanTFs;OmniPath_DoRothEA;TFLink;TRRUST	ARACNe-GTEx_DoRothEA;CollecTRI;CollecTRI2;CytReg_CollecTRI;CytReg_CollecTRI2;DoRothEA;DoRothEA-A_CollecTRI2;ExTRI2_CollecTRI2;ExTRI_CollecTRI;HOCOMOCO_DoRothEA;IntAct_DoRothEA;NTNU.Curated_CollecTRI;NTNUcuration_CollecTRI2;ReMap_DoRothEA;TRRUST;TRRUST_CollecTRI;TRRUST_CollecTRI2;TRRUST_DoRothEA	canonical_tf_edge;canonical_tf_role;module_22B_regulon	canonical_tf_edge;canonical_tf_role;module_22B_regulon	canonical_tf_edge;canonical_tf_role;module_22B_regulon	existing_public_pair_union	existing_public_pair_union	canonical_name_or_species_scope_match	16938	3	true		existing_or_canonical	Cross-species inventory collapse only; retain species-specific evidence records separately.; Vertebrate JASPAR/profile scope is not treated as human/mouse evidence.
bahd1	BAHD1	human	TFLink					new_candidate				1	false	human	new_candidate	
banp	BANP;Banp	human;vertebrates	JASPAR_CORE;TFLink					new_candidate		new_candidate		2	false	human;vertebrates	new_candidate	Cross-species inventory collapse only; retain species-specific evidence records separately.; Vertebrate JASPAR/profile scope is not treated as human/mouse evidence.
bap1	BAP1	human	TFLink					new_candidate				1	false	human	new_candidate	
bap18	BAP18	human	TFLink					new_candidate				1	false	human	new_candidate	
bard1	BARD1	human	TFLink;TRRUST	TRRUST				existing_public_pair_union				1	false		existing_or_canonical	
barhl1	BARHL1;Barhl1	human;mouse;vertebrates	AnimalTFDB3;JASPAR_CORE;Lambert_HumanTFs;TFLink					new_candidate	new_candidate	new_candidate		3	false	human;mouse;vertebrates	new_candidate	Cross-species inventory collapse only; retain species-specific evidence records separately.; Vertebrate JASPAR/profile scope is not treated as human/mouse evidence.
barhl2	BARHL2;Barhl2	human;mouse;vertebrates	AnimalTFDB3;JASPAR_CORE;Lambert_HumanTFs					new_candidate	new_candidate	new_candidate		3	false	human;mouse;vertebrates	new_candidate	Cross-species inventory collapse only; retain species-specific evidence records separately.; Vertebrate JASPAR/profile scope is not treated as human/mouse evidence.
barx1	BARX1;Barx1	human;mouse;vertebrates	AnimalTFDB3;JASPAR_CORE;Lambert_HumanTFs;TFLink					new_candidate	new_candidate	new_candidate		3	false	human;mouse;vertebrates	new_candidate	Cross-species inventory collapse only; retain species-specific evidence records separately.; Vertebrate JASPAR/profile scope is not treated as human/mouse evidence.
barx2	BARX2;Barx2	human;mouse;vertebrates	AnimalTFDB3;JASPAR_CORE;Lambert_HumanTFs;TFLink;TRRUST	TRRUST				existing_public_pair_union	existing_public_pair_union	new_candidate		3	false	vertebrates	existing_or_canonical	Cross-species inventory collapse only; retain species-specific evidence records separately.; Vertebrate JASPAR/profile scope is not treated as human/mouse evidence.
batf	BATF;Batf	human;mouse;vertebrates	AnimalTFDB3;JASPAR_CORE;Lambert_HumanTFs;OmniPath_DoRothEA;TFLink;TRRUST	ARACNe-GTEx_DoRothEA;DoRothEA;ENCODE-proximal;HOCOMOCO_DoRothEA;ReMap_DoRothEA;TRRUST				existing_public_pair_union	existing_public_pair_union	new_candidate		3	false	vertebrates	existing_or_canonical	Cross-species inventory collapse only; retain species-specific evidence records separately.; Vertebrate JASPAR/profile scope is not treated as human/mouse evidence.
batf2	BATF2;Batf2	human;mouse	AnimalTFDB3;Lambert_HumanTFs;TFLink;TRRUST	TRRUST				new_candidate	existing_public_pair_union			2	false	human	existing_or_canonical	Cross-species inventory collapse only; retain species-specific evidence records separately.
batf3	BATF3;Batf3	human;mouse;vertebrates	AnimalTFDB3;JASPAR_CORE;Lambert_HumanTFs;TFLink;TRRUST	TRRUST				new_candidate	existing_public_pair_union	new_candidate		3	false	human;vertebrates	existing_or_canonical	Cross-species inventory collapse only; retain species-specific evidence records separately.; Vertebrate JASPAR/profile scope is not treated as human/mouse evidence.
baz1a	Baz1a	mouse	TFLink						new_candidate			1	false	mouse	new_candidate	
baz1b	Baz1b	mouse	TFLink						new_candidate			1	false	mouse	new_candidate	
baz2a	BAZ2A;Baz2a	human;mouse	AnimalTFDB3;Lambert_HumanTFs					new_candidate	new_candidate			2	false	human;mouse	new_candidate	Cross-species inventory collapse only; retain species-specific evidence records separately.
baz2b	BAZ2B;Baz2b	human;mouse	AnimalTFDB3;Lambert_HumanTFs					new_candidate	new_candidate			2	false	human;mouse	new_candidate	Cross-species inventory collapse only; retain species-specific evidence records separately.
bbx	BBX;Bbx	human;mouse	AnimalTFDB3;Lambert_HumanTFs;TFLink					new_candidate	new_candidate			2	false	human;mouse	new_candidate	Cross-species inventory collapse only; retain species-specific evidence records separately.
bc024063	BC024063	mouse	AnimalTFDB3						new_candidate			1	false	mouse	new_candidate	
bc025920	BC025920	mouse	AnimalTFDB3						new_candidate			1	false	mouse	new_candidate	
bche	BCHE	human	TFLink					new_candidate				1	false	human	new_candidate	
bcl11a	BCL11A;Bcl11a	human;mouse;vertebrates	AnimalTFDB3;JASPAR_CORE;Lambert_HumanTFs;TFLink;TRRUST	TRRUST				existing_public_pair_union	existing_public_pair_union	new_candidate		3	false	vertebrates	existing_or_canonical	Cross-species inventory collapse only; retain species-specific evidence records separately.; Vertebrate JASPAR/profile scope is not treated as human/mouse evidence.
bcl11b	BCL11B;Bcl11B;Bcl11b	human;mouse;vertebrates	AnimalTFDB3;JASPAR_CORE;Lambert_HumanTFs;TFLink;TRRUST	TRRUST				new_candidate	existing_public_pair_union	new_candidate		3	false	human;vertebrates	existing_or_canonical	Cross-species inventory collapse only; retain species-specific evidence records separately.; Vertebrate JASPAR/profile scope is not treated as human/mouse evidence.
bcl3	BCL3;Bcl3	human;mouse	TFLink;TRRUST	TRRUST				existing_public_pair_union	existing_public_pair_union			2	false		existing_or_canonical	Cross-species inventory collapse only; retain species-specific evidence records separately.
bcl6	BCL6;Bcl6	human;mouse;vertebrates	AnimalTFDB3;JASPAR_CORE;Lambert_HumanTFs;OmniPath_DoRothEA;TFLink;TRRUST	ARACNe-GTEx_DoRothEA;CollecTRI;CollecTRI2;DoRothEA;DoRothEA-A_CollecTRI2;ExTRI2_CollecTRI2;ExTRI_CollecTRI;GEREDB_CollecTRI;GEREDB_CollecTRI2;HOCOMOCO_DoRothEA;IntAct_DoRothEA;JASPAR_DoRothEA;NTNU.Curated_CollecTRI;NTNUcuration_CollecTRI2;ReMap_DoRothEA;RegNetwork_DoRothEA;SIGNOR_CollecTRI;SIGNOR_CollecTRI2;TRED_DoRothEA;TRRUST;TRRUST_CollecTRI;TRRUST_CollecTRI2;TRRUST_DoRothEA	canonical_tf_edge;canonical_tf_role;module_22B_regulon	canonical_tf_edge;canonical_tf_role;module_22B_regulon	canonical_tf_edge;canonical_tf_role;module_22B_regulon	existing_public_pair_union	existing_public_pair_union	canonical_name_or_species_scope_match	16803	3	true		existing_or_canonical	Cross-species inventory collapse only; retain species-specific evidence records separately.; Vertebrate JASPAR/profile scope is not treated as human/mouse evidence.
bcl6b	BCL6B;Bcl6b	human;mouse;vertebrates	AnimalTFDB3;JASPAR_CORE;Lambert_HumanTFs;TFLink;TRRUST	TRRUST				new_candidate	existing_public_pair_union	new_candidate		3	false	human;vertebrates	existing_or_canonical	Cross-species inventory collapse only; retain species-specific evidence records separately.; Vertebrate JASPAR/profile scope is not treated as human/mouse evidence.
bclaf1	BCLAF1;Bclaf1	human;mouse	AnimalTFDB3;TFLink					new_candidate	new_candidate			2	false	human;mouse	new_candidate	Cross-species inventory collapse only; retain species-specific evidence records separately.
bcor	BCOR;Bcor	human;mouse	TFLink					new_candidate	new_candidate			2	false	human;mouse	new_candidate	Cross-species inventory collapse only; retain species-specific evidence records separately.
bdp1	BDP1	human	TFLink;TRRUST	TRRUST				existing_public_pair_union				1	false		existing_or_canonical	
bhlha15	BHLHA15;Bhlha15	human;mouse;vertebrates	AnimalTFDB3;JASPAR_CORE;Lambert_HumanTFs;TFLink					new_candidate	new_candidate	new_candidate		3	false	human;mouse;vertebrates	new_candidate	Cross-species inventory collapse only; retain species-specific evidence records separately.; Vertebrate JASPAR/profile scope is not treated as human/mouse evidence.
bhlha9	BHLHA9;Bhlha9	human;mouse	AnimalTFDB3;Lambert_HumanTFs					new_candidate	new_candidate			2	false	human;mouse	new_candidate	Cross-species inventory collapse only; retain species-specific evidence records separately.
bhlhe22	BHLHE22;Bhlhe22	human;mouse;vertebrates	AnimalTFDB3;JASPAR_CORE;Lambert_HumanTFs;TFLink					new_candidate	new_candidate	new_candidate		3	false	human;mouse;vertebrates	new_candidate	Cross-species inventory collapse only; retain species-specific evidence records separately.; Vertebrate JASPAR/profile scope is not treated as human/mouse evidence.
bhlhe23	BHLHE23;Bhlhe23	human;mouse;vertebrates	AnimalTFDB3;JASPAR_CORE;Lambert_HumanTFs					new_candidate	new_candidate	new_candidate		3	false	human;mouse;vertebrates	new_candidate	Cross-species inventory collapse only; retain species-specific evidence records separately.; Vertebrate JASPAR/profile scope is not treated as human/mouse evidence.
bhlhe40	BHLHE40;Bhlhe40	human;mouse;vertebrates	AnimalTFDB3;JASPAR_CORE;Lambert_HumanTFs;OmniPath_DoRothEA;TFLink;TRRUST	ARACNe-GTEx_DoRothEA;DoRothEA;HOCOMOCO_DoRothEA;ReMap_DoRothEA;TRRUST				existing_public_pair_union	existing_public_pair_union	new_candidate		3	false	vertebrates	existing_or_canonical	Cross-species inventory collapse only; retain species-specific evidence records separately.; Vertebrate JASPAR/profile scope is not treated as human/mouse evidence.
bhlhe41	BHLHE41;Bhlhe41	human;mouse;vertebrates	AnimalTFDB3;JASPAR_CORE;Lambert_HumanTFs;TFLink;TRRUST	TRRUST				existing_public_pair_union	new_candidate	new_candidate		3	false	mouse;vertebrates	existing_or_canonical	Cross-species inventory collapse only; retain species-specific evidence records separately.; Vertebrate JASPAR/profile scope is not treated as human/mouse evidence.
bhmg1	BHMG1	human	AnimalTFDB3					new_candidate				1	false	human	new_candidate	
bicra	BICRA	human	TFLink					new_candidate				1	false	human	new_candidate	
bin1	BIN1	human	TFLink;TRRUST	TRRUST				existing_public_pair_union				1	false		existing_or_canonical	
blzf1	BLZF1;Blzf1	human;mouse	AnimalTFDB3					new_candidate	new_candidate			2	false	human;mouse	new_candidate	Cross-species inventory collapse only; retain species-specific evidence records separately.
bmal1	BMAL1;Bmal1	human;mouse	OmniPath_DoRothEA	ARACNe-GTEx_DoRothEA;CollecTRI;CollecTRI2;DoRothEA;DoRothEA-A_CollecTRI2;ExTRI2_CollecTRI2;ExTRI_CollecTRI;GEREDB_CollecTRI;GEREDB_CollecTRI2;NTNU.Curated_CollecTRI;NTNUcuration_CollecTRI2;Pavlidis2021_CollecTRI;Pavlidis_CollecTRI2;ReMap_DoRothEA;SIGNOR_CollecTRI;SIGNOR_CollecTRI2;TFe_DoRothEA;TRRUST;TRRUST_CollecTRI;TRRUST_CollecTRI2;TRRUST_DoRothEA	canonical_tf_edge;canonical_tf_role;module_22B_regulon	canonical_tf_edge;canonical_tf_role;module_22B_regulon		existing_public_pair_union	existing_public_pair_union		16804	2	true		existing_or_canonical	Cross-species inventory collapse only; retain species-specific evidence records separately.
bmal2	BMAL2;Bmal2	human;mouse	OmniPath_DoRothEA	ARACNe-GTEx_DoRothEA;CollecTRI;CollecTRI2;DoRothEA;DoRothEA-A_CollecTRI2;ExTRI2_CollecTRI2;ExTRI_CollecTRI;GEREDB_CollecTRI;GEREDB_CollecTRI2;NTNUcuration_CollecTRI2;TRRUST;TRRUST_CollecTRI;TRRUST_CollecTRI2;TRRUST_DoRothEA				existing_public_pair_union	existing_public_pair_union			2	false		existing_or_canonical	Cross-species inventory collapse only; retain species-specific evidence records separately.
bmi1	BMI1;Bmi1	human;mouse	TFLink;TRRUST	TRRUST				existing_public_pair_union	existing_public_pair_union			2	false		existing_or_canonical	Cross-species inventory collapse only; retain species-specific evidence records separately.
bmp4	Bmp4	mouse	TFLink;TRRUST	TRRUST					existing_public_pair_union			1	false		existing_or_canonical	
bmp6	Bmp6	mouse	TFLink;TRRUST	TRRUST					existing_public_pair_union			1	false		existing_or_canonical	
bmpr1a	BMPR1A	human	TFLink					new_candidate				1	false	human	new_candidate	
bnc1	BNC1;Bnc1	human;mouse	AnimalTFDB3;Lambert_HumanTFs					new_candidate	new_candidate			2	false	human;mouse	new_candidate	Cross-species inventory collapse only; retain species-specific evidence records separately.
bnc2	BNC2;Bnc2	human;mouse;vertebrates	AnimalTFDB3;JASPAR_CORE;Lambert_HumanTFs					new_candidate	new_candidate	new_candidate		3	false	human;mouse;vertebrates	new_candidate	Cross-species inventory collapse only; retain species-specific evidence records separately.; Vertebrate JASPAR/profile scope is not treated as human/mouse evidence.
borcs8-mef2b	BORCS8-MEF2B	human	AnimalTFDB3;Lambert_HumanTFs					new_candidate				1	false	human	new_candidate	
bptf	BPTF	human	Lambert_HumanTFs;TFLink;TRRUST	TRRUST				existing_public_pair_union				1	false		existing_or_canonical	
brca1	BRCA1;Brca1	human;mouse	TFLink;TRRUST	TRRUST	canonical_tf_edge;canonical_tf_role;module_22B_regulon	canonical_tf_edge;canonical_tf_role;module_22B_regulon		existing_public_pair_union	existing_public_pair_union		16730	2	true		existing_or_canonical	Cross-species inventory collapse only; retain species-specific evidence records separately.
brca2	BRCA2;Brca2	human;mouse	TFLink;TRRUST	TRRUST	canonical_tf_edge;canonical_tf_role;module_22B_regulon	canonical_tf_edge;canonical_tf_role;module_22B_regulon		existing_public_pair_union	existing_public_pair_union		16805	2	true		existing_or_canonical	Cross-species inventory collapse only; retain species-specific evidence records separately.
brd1	BRD1	human	TFLink					new_candidate				1	false	human	new_candidate	
brd2	BRD2;Brd2	human;mouse	TFLink					new_candidate	new_candidate			2	false	human;mouse	new_candidate	Cross-species inventory collapse only; retain species-specific evidence records separately.
brd3	BRD3;Brd3	human;mouse	TFLink					new_candidate	new_candidate			2	false	human;mouse	new_candidate	Cross-species inventory collapse only; retain species-specific evidence records separately.
brd4	BRD4;Brd4	human;mouse	TFLink					new_candidate	new_candidate			2	false	human;mouse	new_candidate	Cross-species inventory collapse only; retain species-specific evidence records separately.
brd7	BRD7	human	TFLink;TRRUST	TRRUST				existing_public_pair_union				1	false		existing_or_canonical	
brd9	BRD9;Brd9	human;mouse	TFLink					new_candidate	new_candidate			2	false	human;mouse	new_candidate	Cross-species inventory collapse only; retain species-specific evidence records separately.
brf1	BRF1	human	TFLink					new_candidate				1	false	human	new_candidate	
brf2	BRF2	human	Lambert_HumanTFs;TFLink					new_candidate				1	false	human	new_candidate	
brip1	BRIP1;Brip1	human;mouse	TFLink;TRRUST	TRRUST				existing_public_pair_union	new_candidate			2	false	mouse	existing_or_canonical	Cross-species inventory collapse only; retain species-specific evidence records separately.
brpf1	BRPF1	human	TFLink;TRRUST	TRRUST				existing_public_pair_union				1	false		existing_or_canonical	
brpf3	BRPF3	human	TFLink					new_candidate				1	false	human	new_candidate	
brwd1	Brwd1	mouse	TFLink						new_candidate			1	false	mouse	new_candidate	
bsx	BSX;Bsx	human;mouse;vertebrates	AnimalTFDB3;JASPAR_CORE;Lambert_HumanTFs					new_candidate	new_candidate	new_candidate		3	false	human;mouse;vertebrates	new_candidate	Cross-species inventory collapse only; retain species-specific evidence records separately.; Vertebrate JASPAR/profile scope is not treated as human/mouse evidence.
btaf1	BTAF1;Btaf1	human;mouse	TFLink;TRRUST	TRRUST	canonical_tf_edge;canonical_tf_role;module_22B_regulon	canonical_tf_edge;canonical_tf_role;module_22B_regulon		existing_public_pair_union	canonical_name_or_species_scope_match		16806	2	true		existing_or_canonical	Cross-species inventory collapse only; retain species-specific evidence records separately.
btf3	BTF3	human	TFLink;TRRUST	TRRUST				existing_public_pair_union				1	false		existing_or_canonical	
btg2	BTG2;Btg2	human;mouse	TFLink;TRRUST	TRRUST				existing_public_pair_union	existing_public_pair_union			2	false		existing_or_canonical	Cross-species inventory collapse only; retain species-specific evidence records separately.
btn3a2	BTN3A2	human	TFLink					new_candidate				1	false	human	new_candidate	
btn3a3	BTN3A3	human	TFLink					new_candidate				1	false	human	new_candidate	
bub3	Bub3	mouse	TFLink;TRRUST	TRRUST					existing_public_pair_union			1	false		existing_or_canonical	
c-myc	c-myc	human	TFLink					new_candidate				1	false	human	new_candidate	
c11orf95	C11orf95	human	AnimalTFDB3;Lambert_HumanTFs					new_candidate				1	false	human	new_candidate	
caaa01180111	CAAA01180111	mouse	AnimalTFDB3						new_candidate			1	false	mouse	new_candidate	
camta1	CAMTA1;Camta1	human;mouse	AnimalTFDB3;Lambert_HumanTFs					new_candidate	new_candidate			2	false	human;mouse	new_candidate	Cross-species inventory collapse only; retain species-specific evidence records separately.
camta2	CAMTA2;Camta2	human;mouse	AnimalTFDB3;Lambert_HumanTFs					new_candidate	new_candidate			2	false	human;mouse	new_candidate	Cross-species inventory collapse only; retain species-specific evidence records separately.
capg	Capg	mouse	TFLink						new_candidate			1	false	mouse	new_candidate	
capn15	CAPN15;Capn15	human;mouse	AnimalTFDB3					new_candidate	new_candidate			2	false	human;mouse	new_candidate	Cross-species inventory collapse only; retain species-specific evidence records separately.
carf	CARF;Carf	human;mouse	AnimalTFDB3;Lambert_HumanTFs					new_candidate	new_candidate			2	false	human;mouse	new_candidate	Cross-species inventory collapse only; retain species-specific evidence records separately.
carhsp1	CARHSP1;Carhsp1	human;mouse	AnimalTFDB3					new_candidate	new_candidate			2	false	human;mouse	new_candidate	Cross-species inventory collapse only; retain species-specific evidence records separately.
carm1	CARM1;Carm1	human;mouse	TFLink					new_candidate	new_candidate			2	false	human;mouse	new_candidate	Cross-species inventory collapse only; retain species-specific evidence records separately.
casp8ap2	CASP8AP2	human	TFLink					new_candidate				1	false	human	new_candidate	
casz1	CASZ1;Casz1	human;mouse;vertebrates	AnimalTFDB3;JASPAR_CORE;Lambert_HumanTFs;TFLink					new_candidate	new_candidate	new_candidate		3	false	human;mouse;vertebrates	new_candidate	Cross-species inventory collapse only; retain species-specific evidence records separately.; Vertebrate JASPAR/profile scope is not treated as human/mouse evidence.
cat	CAT;Cat	human;mouse	TFLink					new_candidate	new_candidate			2	false	human;mouse	new_candidate	Cross-species inventory collapse only; retain species-specific evidence records separately.
cavin1	CAVIN1	human	TFLink					new_candidate				1	false	human	new_candidate	
cbfa2t2	CBFA2T2	human	TFLink					new_candidate				1	false	human	new_candidate	
cbfa2t3	CBFA2T3;Cbfa2t3	human;mouse	TFLink;TRRUST	TRRUST				existing_public_pair_union	existing_public_pair_union			2	false		existing_or_canonical	Cross-species inventory collapse only; retain species-specific evidence records separately.
cbfb	CBFB;Cbfb	human;mouse	AnimalTFDB3;TFLink;TRRUST	TRRUST				existing_public_pair_union	new_candidate			2	false	mouse	existing_or_canonical	Cross-species inventory collapse only; retain species-specific evidence records separately.
cbll2	CBLL2	human	TFLink					new_candidate				1	false	human	new_candidate	
cbx1	CBX1;Cbx1	human;mouse	TFLink					new_candidate	new_candidate			2	false	human;mouse	new_candidate	Cross-species inventory collapse only; retain species-specific evidence records separately.
cbx2	CBX2;Cbx2	human;mouse	Lambert_HumanTFs;TFLink					new_candidate	new_candidate			2	false	human;mouse	new_candidate	Cross-species inventory collapse only; retain species-specific evidence records separately.
cbx3	CBX3;Cbx3	human;mouse	TFLink					new_candidate	new_candidate			2	false	human;mouse	new_candidate	Cross-species inventory collapse only; retain species-specific evidence records separately.
cbx4	CBX4	human	TFLink					new_candidate				1	false	human	new_candidate	
cbx5	CBX5	human	TFLink					new_candidate				1	false	human	new_candidate	
cbx6	CBX6;Cbx6	human;mouse	TFLink;TRRUST	TRRUST				new_candidate	existing_public_pair_union			2	false	human	existing_or_canonical	Cross-species inventory collapse only; retain species-specific evidence records separately.
cbx7	CBX7;Cbx7	human;mouse	TFLink;TRRUST	TRRUST				existing_public_pair_union	new_candidate			2	false	mouse	existing_or_canonical	Cross-species inventory collapse only; retain species-specific evidence records separately.
cbx8	CBX8;Cbx8	human;mouse	TFLink;TRRUST	TRRUST				existing_public_pair_union	new_candidate			2	false	mouse	existing_or_canonical	Cross-species inventory collapse only; retain species-specific evidence records separately.
cc2d1a	CC2D1A;Cc2d1a	human;mouse	AnimalTFDB3;Lambert_HumanTFs;TFLink					new_candidate	new_candidate			2	false	human;mouse	new_candidate	Cross-species inventory collapse only; retain species-specific evidence records separately.
ccar2	CCAR2	human	TFLink					new_candidate				1	false	human	new_candidate	
ccdc169-sohlh2	CCDC169-SOHLH2	human	AnimalTFDB3;Lambert_HumanTFs					new_candidate				1	false	human	new_candidate	
ccdc17	CCDC17	human	Lambert_HumanTFs					new_candidate				1	false	human	new_candidate	
ccdc88a	CCDC88A	human	AnimalTFDB3					new_candidate				1	false	human	new_candidate	
ccl5	Ccl5	mouse	TFLink						new_candidate			1	false	mouse	new_candidate	
ccnd1	Ccnd1	mouse	TFLink;TRRUST	TRRUST					existing_public_pair_union			1	false		existing_or_canonical	
ccnd2	CCND2	human	TFLink					new_candidate				1	false	human	new_candidate	
ccnt2	CCNT2	human	TFLink					new_candidate				1	false	human	new_candidate	
ccny	Ccny	mouse	TFLink						new_candidate			1	false	mouse	new_candidate	
cd7	Cd7	mouse	TFLink;TRRUST	TRRUST					existing_public_pair_union			1	false		existing_or_canonical	
cd8a	CD8A	human	TFLink					new_candidate				1	false	human	new_candidate	
cdc5l	CDC5L;Cdc5l	human;mouse	AnimalTFDB3;Lambert_HumanTFs;TFLink;TRRUST	TRRUST				existing_public_pair_union	new_candidate			2	false	mouse	existing_or_canonical	Cross-species inventory collapse only; retain species-specific evidence records separately.
cdc73	CDC73	human	TFLink					new_candidate				1	false	human	new_candidate	
cdca7l	CDCA7L	human	TFLink;TRRUST	TRRUST				existing_public_pair_union				1	false		existing_or_canonical	
cdip1	CDIP1;Cdip1	human;mouse	AnimalTFDB3					new_candidate	new_candidate			2	false	human;mouse	new_candidate	Cross-species inventory collapse only; retain species-specific evidence records separately.
cdk12	CDK12	human	TFLink					new_candidate				1	false	human	new_candidate	
cdk2	CDK2	human	TFLink					new_candidate				1	false	human	new_candidate	
cdk6	CDK6;Cdk6	human;mouse	TFLink					new_candidate	new_candidate			2	false	human;mouse	new_candidate	Cross-species inventory collapse only; retain species-specific evidence records separately.
cdk7	CDK7;Cdk7	human;mouse	TFLink					new_candidate	new_candidate			2	false	human;mouse	new_candidate	Cross-species inventory collapse only; retain species-specific evidence records separately.
cdk8	CDK8;Cdk8	human;mouse	TFLink					new_candidate	new_candidate			2	false	human;mouse	new_candidate	Cross-species inventory collapse only; retain species-specific evidence records separately.
cdk9	CDK9;Cdk9	human;mouse	TFLink					new_candidate	new_candidate			2	false	human;mouse	new_candidate	Cross-species inventory collapse only; retain species-specific evidence records separately.
cdkn1b	CDKN1B	human	TFLink					new_candidate				1	false	human	new_candidate	
cdx1	CDX1;Cdx1	human;mouse;vertebrates	AnimalTFDB3;JASPAR_CORE;Lambert_HumanTFs;OmniPath_DoRothEA;TFLink;TRRUST	CollecTRI;CollecTRI2;DoRothEA;DoRothEA-A_CollecTRI;DoRothEA-A_CollecTRI2;ExTRI2_CollecTRI2;ExTRI_CollecTRI;HTRI_CollecTRI;HTRIdb;HTRIdb_CollecTRI2;HTRIdb_DoRothEA;NFIRegulomeDB_DoRothEA;NTNU.Curated_CollecTRI;NTNUcuration_CollecTRI2;PAZAR;PAZAR_DoRothEA;TFactS_CollecTRI;TFactS_DoRothEA;TRRUST;TRRUST_CollecTRI;TRRUST_CollecTRI2;TRRUST_DoRothEA;TfactS_CollecTRI2				existing_public_pair_union	existing_public_pair_union	new_candidate		3	false	vertebrates	existing_or_canonical	Cross-species inventory collapse only; retain species-specific evidence records separately.; Vertebrate JASPAR/profile scope is not treated as human/mouse evidence.
cdx2	CDX2;Cdx2	human;mouse;vertebrates	AnimalTFDB3;JASPAR_CORE;Lambert_HumanTFs;OmniPath_DoRothEA;TFLink;TRRUST	ARACNe-GTEx_DoRothEA;CollecTRI;CollecTRI2;DoRothEA;DoRothEA-A_CollecTRI;DoRothEA-A_CollecTRI2;ExTRI2_CollecTRI2;ExTRI_CollecTRI;GEREDB_CollecTRI;GEREDB_CollecTRI2;HOCOMOCO_DoRothEA;HTRI_CollecTRI;HTRIdb;HTRIdb_CollecTRI2;HTRIdb_DoRothEA;IntAct_CollecTRI;IntAct_CollecTRI2;IntAct_DoRothEA;JASPAR_DoRothEA;NTNU.Curated_CollecTRI;NTNUcuration_CollecTRI2;PAZAR;Pavlidis2021_CollecTRI;Pavlidis_CollecTRI2;ReMap_DoRothEA;SIGNOR;SIGNOR_CollecTRI;SIGNOR_CollecTRI2;TFactS_CollecTRI;TFactS_DoRothEA;TFe_DoRothEA;TRRD_DoRothEA;TRRUST;TRRUST_CollecTRI;TRRUST_CollecTRI2;TRRUST_DoRothEA;TfactS_CollecTRI2	canonical_tf_edge;canonical_tf_role;module_22B_regulon	canonical_tf_edge;canonical_tf_role;module_22B_regulon	canonical_tf_edge;canonical_tf_role;module_22B_regulon	existing_public_pair_union	existing_public_pair_union	canonical_name_or_species_scope_match	16807	3	true		existing_or_canonical	Cross-species inventory collapse only; retain species-specific evidence records separately.; Vertebrate JASPAR/profile scope is not treated as human/mouse evidence.
cdx4	CDX4;Cdx4	human;mouse;vertebrates	AnimalTFDB3;JASPAR_CORE;Lambert_HumanTFs;TFLink;TRRUST	TRRUST				new_candidate	existing_public_pair_union	new_candidate		3	false	human;vertebrates	existing_or_canonical	Cross-species inventory collapse only; retain species-specific evidence records separately.; Vertebrate JASPAR/profile scope is not treated as human/mouse evidence.
cdyl	Cdyl	mouse	TFLink						new_candidate			1	false	mouse	new_candidate	
cebpa	CEBPA;Cebpa	human;mouse;vertebrates	AnimalTFDB3;JASPAR_CORE;Lambert_HumanTFs;OmniPath_DoRothEA;TFLink;TRRUST	ARACNe-GTEx_DoRothEA;CollecTRI;CollecTRI2;CytReg_CollecTRI;CytReg_CollecTRI2;DoRothEA;DoRothEA-A_CollecTRI;DoRothEA-A_CollecTRI2;ExTRI2_CollecTRI2;ExTRI_CollecTRI;FANTOM4_DoRothEA;GEREDB_CollecTRI;GEREDB_CollecTRI2;GOA_CollecTRI;GOA_CollecTRI2;HOCOMOCO_DoRothEA;HTRI_CollecTRI;HTRIdb;HTRIdb_CollecTRI2;HTRIdb_DoRothEA;IntAct_CollecTRI;IntAct_CollecTRI2;IntAct_DoRothEA;JASPAR_DoRothEA;KEGG-MEDICUS;NTNU.Curated_CollecTRI;NTNUcuration_CollecTRI2;ORegAnno;ORegAnno_DoRothEA;PAZAR;PAZAR_DoRothEA;ReMap_DoRothEA;RegNetwork_DoRothEA;SIGNOR;SIGNOR_CollecTRI;SIGNOR_CollecTRI2;TFactS_CollecTRI;TFactS_DoRothEA;TRED_DoRothEA;TRRUST;TRRUST_CollecTRI;TRRUST_CollecTRI2;TRRUST_DoRothEA;TfactS_CollecTRI2	canonical_tf_edge;canonical_tf_role;module_22B_regulon	canonical_tf_edge;canonical_tf_role;module_22B_regulon	canonical_tf_edge;canonical_tf_role;module_22B_regulon	existing_public_pair_union	existing_public_pair_union	canonical_name_or_species_scope_match	16808	3	true		existing_or_canonical	Cross-species inventory collapse only; retain species-specific evidence records separately.; Vertebrate JASPAR/profile scope is not treated as human/mouse evidence.
cebpb	CEBPB;Cebpb	human;mouse;vertebrates	AnimalTFDB3;JASPAR_CORE;Lambert_HumanTFs;OmniPath_DoRothEA;TFLink;TRRUST	ARACNe-GTEx_DoRothEA;CollecTRI;CollecTRI2;CytReg_CollecTRI;CytReg_CollecTRI2;DoRothEA;DoRothEA-A_CollecTRI;DoRothEA-A_CollecTRI2;ENCODE-distal;ENCODE-proximal;ExTRI2_CollecTRI2;ExTRI_CollecTRI;FANTOM4_DoRothEA;GEREDB_CollecTRI;GEREDB_CollecTRI2;HOCOMOCO_DoRothEA;HTRI_CollecTRI;HTRIdb;HTRIdb_CollecTRI2;HTRIdb_DoRothEA;IntAct_DoRothEA;JASPAR_DoRothEA;KEGG-MEDICUS;NTNU.Curated_CollecTRI;NTNUcuration_CollecTRI2;ORegAnno;ORegAnno_DoRothEA;PAZAR;ReMap_DoRothEA;RegNetwork_DoRothEA;SIGNOR;SIGNOR_CollecTRI;SIGNOR_CollecTRI2;TFactS_CollecTRI;TFactS_DoRothEA;TRED_DoRothEA;TRRUST;TRRUST_CollecTRI;TRRUST_CollecTRI2;TRRUST_DoRothEA;TfactS_CollecTRI2				existing_public_pair_union	existing_public_pair_union	new_candidate		3	false	vertebrates	existing_or_canonical	Cross-species inventory collapse only; retain species-specific evidence records separately.; Vertebrate JASPAR/profile scope is not treated as human/mouse evidence.
cebpd	CEBPD;Cebpd	human;mouse;vertebrates	AnimalTFDB3;JASPAR_CORE;Lambert_HumanTFs;OmniPath_DoRothEA;TFLink;TRRUST	ARACNe-GTEx_DoRothEA;CollecTRI;CollecTRI2;CytReg_CollecTRI;CytReg_CollecTRI2;DoRothEA;DoRothEA-A_CollecTRI;DoRothEA-A_CollecTRI2;ExTRI2_CollecTRI2;ExTRI_CollecTRI;GEREDB_CollecTRI;GEREDB_CollecTRI2;HOCOMOCO_DoRothEA;HTRI_CollecTRI;HTRIdb;HTRIdb_CollecTRI2;HTRIdb_DoRothEA;JASPAR_DoRothEA;NTNU.Curated_CollecTRI;NTNUcuration_CollecTRI2;ReMap_DoRothEA;RegNetwork_DoRothEA;TFactS_CollecTRI;TRED_DoRothEA;TRRUST;TRRUST_CollecTRI;TRRUST_CollecTRI2;TRRUST_DoRothEA;TfactS_CollecTRI2	canonical_tf_edge;canonical_tf_role;module_22B_regulon	canonical_tf_edge;canonical_tf_role;module_22B_regulon	canonical_tf_edge;canonical_tf_role;module_22B_regulon	existing_public_pair_union	existing_public_pair_union	canonical_name_or_species_scope_match	16809	3	true		existing_or_canonical	Cross-species inventory collapse only; retain species-specific evidence records separately.; Vertebrate JASPAR/profile scope is not treated as human/mouse evidence.
cebpe	CEBPE;Cebpe	human;mouse;vertebrates	AnimalTFDB3;JASPAR_CORE;Lambert_HumanTFs;OmniPath_DoRothEA;TFLink;TRRUST	CollecTRI;CollecTRI2;DoRothEA;DoRothEA-A_CollecTRI;DoRothEA-A_CollecTRI2;ExTRI2_CollecTRI2;ExTRI_CollecTRI;GEREDB_CollecTRI;GEREDB_CollecTRI2;ORegAnno;ORegAnno_DoRothEA;RegNetwork_DoRothEA;SIGNOR_CollecTRI;SIGNOR_CollecTRI2;TRED_DoRothEA;TRRUST;TRRUST_CollecTRI;TRRUST_CollecTRI2;TRRUST_DoRothEA;TfactS_CollecTRI2				existing_public_pair_union	existing_public_pair_union	new_candidate		3	false	vertebrates	existing_or_canonical	Cross-species inventory collapse only; retain species-specific evidence records separately.; Vertebrate JASPAR/profile scope is not treated as human/mouse evidence.
cebpg	CEBPG;Cebpg	human;mouse;vertebrates	AnimalTFDB3;JASPAR_CORE;Lambert_HumanTFs;OmniPath_DoRothEA;TFLink;TRRUST	CollecTRI;CollecTRI2;DoRothEA;DoRothEA-A_CollecTRI;DoRothEA-A_CollecTRI2;ExTRI_CollecTRI;RegNetwork_DoRothEA;SIGNOR;SIGNOR_CollecTRI;SIGNOR_CollecTRI2;TRED_DoRothEA;TRRUST;TRRUST_CollecTRI;TRRUST_CollecTRI2;TRRUST_DoRothEA;TfactS_CollecTRI2				existing_public_pair_union	existing_public_pair_union	new_candidate		3	false	vertebrates	existing_or_canonical	Cross-species inventory collapse only; retain species-specific evidence records separately.; Vertebrate JASPAR/profile scope is not treated as human/mouse evidence.
cebpz	CEBPZ;Cebpz	human;mouse	AnimalTFDB3;Lambert_HumanTFs;OmniPath_DoRothEA;TFLink;TRRUST	CollecTRI;CollecTRI2;DoRothEA;DoRothEA-A_CollecTRI;DoRothEA-A_CollecTRI2;ExTRI2_CollecTRI2;HTRI_CollecTRI;HTRIdb;HTRIdb_CollecTRI2;HTRIdb_DoRothEA;NTNU.Curated_CollecTRI;NTNUcuration_CollecTRI2;TRRUST;TRRUST_CollecTRI;TRRUST_CollecTRI2;TRRUST_DoRothEA				existing_public_pair_union	existing_public_pair_union			2	false		existing_or_canonical	Cross-species inventory collapse only; retain species-specific evidence records separately.
cenpa	CENPA;Cenpa	human;mouse	AnimalTFDB3;Lambert_HumanTFs;TFLink					new_candidate	new_candidate			2	false	human;mouse	new_candidate	Cross-species inventory collapse only; retain species-specific evidence records separately.
cenpb	CENPB	human	Lambert_HumanTFs					new_candidate				1	false	human	new_candidate	
cenpbd1	CENPBD1	human	Lambert_HumanTFs					new_candidate				1	false	human	new_candidate	
cenps	CENPS;Cenps	human;mouse	AnimalTFDB3;Lambert_HumanTFs					new_candidate	new_candidate			2	false	human;mouse	new_candidate	Cross-species inventory collapse only; retain species-specific evidence records separately.
cenpt	CENPT;Cenpt	human;mouse	AnimalTFDB3;Lambert_HumanTFs;TFLink					new_candidate	new_candidate			2	false	human;mouse	new_candidate	Cross-species inventory collapse only; retain species-specific evidence records separately.
cenpx	CENPX	human	AnimalTFDB3;Lambert_HumanTFs					new_candidate				1	false	human	new_candidate	
cgas	Cgas	mouse	TFLink						new_candidate			1	false	mouse	new_candidate	
cggbp1	CGGBP1	human;vertebrates	JASPAR_CORE;Lambert_HumanTFs					new_candidate		new_candidate		2	false	human;vertebrates	new_candidate	Cross-species inventory collapse only; retain species-specific evidence records separately.; Vertebrate JASPAR/profile scope is not treated as human/mouse evidence.
chaf1a	CHAF1A;Chaf1a	human;mouse	TFLink					new_candidate	new_candidate			2	false	human;mouse	new_candidate	Cross-species inventory collapse only; retain species-specific evidence records separately.
chaf1b	CHAF1B;Chaf1b	human;mouse	TFLink					new_candidate	new_candidate			2	false	human;mouse	new_candidate	Cross-species inventory collapse only; retain species-specific evidence records separately.
champ1	CHAMP1	human	Lambert_HumanTFs;TFLink					new_candidate				1	false	human	new_candidate	
chchd3	CHCHD3	human	Lambert_HumanTFs					new_candidate				1	false	human	new_candidate	
chd1	CHD1;Chd1	human;mouse	TFLink;TRRUST	TRRUST				new_candidate	existing_public_pair_union			2	false	human	existing_or_canonical	Cross-species inventory collapse only; retain species-specific evidence records separately.
chd2	CHD2;Chd2	human;mouse	TFLink					new_candidate	new_candidate			2	false	human;mouse	new_candidate	Cross-species inventory collapse only; retain species-specific evidence records separately.
chd4	CHD4;Chd4	human;mouse	TFLink;TRRUST	TRRUST				existing_public_pair_union	existing_public_pair_union			2	false		existing_or_canonical	Cross-species inventory collapse only; retain species-specific evidence records separately.
chd7	CHD7;Chd7	human;mouse	TFLink;TRRUST	TRRUST				new_candidate	existing_public_pair_union			2	false	human	existing_or_canonical	Cross-species inventory collapse only; retain species-specific evidence records separately.
chd8	CHD8;Chd8	human;mouse	TFLink;TRRUST	TRRUST				existing_public_pair_union	existing_public_pair_union			2	false		existing_or_canonical	Cross-species inventory collapse only; retain species-specific evidence records separately.
cic	CIC;Cic	human;mouse	AnimalTFDB3;Lambert_HumanTFs;TFLink					new_candidate	new_candidate			2	false	human;mouse	new_candidate	Cross-species inventory collapse only; retain species-specific evidence records separately.
ciita	CIITA;Ciita	human;mouse	TFLink;TRRUST	TRRUST	canonical_tf_edge;canonical_tf_role;module_22B_regulon	canonical_tf_edge;canonical_tf_role;module_22B_regulon		existing_public_pair_union	existing_public_pair_union		16740	2	true		existing_or_canonical	Cross-species inventory collapse only; retain species-specific evidence records separately.
cited2	CITED2;Cited2	human;mouse	TFLink;TRRUST	TRRUST				existing_public_pair_union	existing_public_pair_union			2	false		existing_or_canonical	Cross-species inventory collapse only; retain species-specific evidence records separately.
ciz1	CIZ1;Ciz1	human;mouse	AnimalTFDB3					new_candidate	new_candidate			2	false	human;mouse	new_candidate	Cross-species inventory collapse only; retain species-specific evidence records separately.
clock	CLOCK;Clock	human;mouse;vertebrates	AnimalTFDB3;JASPAR_CORE;Lambert_HumanTFs;OmniPath_DoRothEA;TFLink;TRRUST	CollecTRI;CollecTRI2;DoRothEA;DoRothEA-A_CollecTRI2;ExTRI2_CollecTRI2;ExTRI_CollecTRI;FANTOM4_DoRothEA;GEREDB_CollecTRI;GEREDB_CollecTRI2;GOA_CollecTRI;GOA_CollecTRI2;JASPAR_DoRothEA;NTNU.Curated_CollecTRI;NTNUcuration_CollecTRI2;Pavlidis2021_CollecTRI;Pavlidis_CollecTRI2;ReMap_DoRothEA;SIGNOR_CollecTRI;SIGNOR_CollecTRI2;TFe_DoRothEA;TRRUST;TRRUST_CollecTRI;TRRUST_CollecTRI2;TRRUST_DoRothEA	canonical_tf_edge;canonical_tf_role;module_22B_regulon	canonical_tf_edge;canonical_tf_role;module_22B_regulon	canonical_tf_edge;canonical_tf_role;module_22B_regulon	existing_public_pair_union	existing_public_pair_union	canonical_name_or_species_scope_match	16939	3	true		existing_or_canonical	Cross-species inventory collapse only; retain species-specific evidence records separately.; Vertebrate JASPAR/profile scope is not treated as human/mouse evidence.
cnbp	CNBP;Cnbp	human;mouse	AnimalTFDB3;TFLink;TRRUST	TRRUST				existing_public_pair_union	new_candidate			2	false	mouse	existing_or_canonical	Cross-species inventory collapse only; retain species-specific evidence records separately.
cnot3	CNOT3;Cnot3	human;mouse	TFLink;TRRUST	TRRUST				new_candidate	existing_public_pair_union			2	false	human	existing_or_canonical	Cross-species inventory collapse only; retain species-specific evidence records separately.
cnot7	CNOT7;Cnot7	human;mouse	TFLink;TRRUST	TRRUST				existing_public_pair_union	existing_public_pair_union			2	false		existing_or_canonical	Cross-species inventory collapse only; retain species-specific evidence records separately.
cnot8	CNOT8	human	TFLink;TRRUST	TRRUST				existing_public_pair_union				1	false		existing_or_canonical	
cobll1	COBLL1	human	TFLink					new_candidate				1	false	human	new_candidate	
coil	COIL	human	TFLink					new_candidate				1	false	human	new_candidate	
cop1	COP1	human	TFLink					new_candidate				1	false	human	new_candidate	
cops2	COPS2	human	TFLink					new_candidate				1	false	human	new_candidate	
cops5	COPS5;Cops5	human;mouse	TFLink;TRRUST	TRRUST				existing_public_pair_union	existing_public_pair_union			2	false		existing_or_canonical	Cross-species inventory collapse only; retain species-specific evidence records separately.
cpeb1	CPEB1;Cpeb1	human;mouse	AnimalTFDB3;Lambert_HumanTFs					new_candidate	new_candidate			2	false	human;mouse	new_candidate	Cross-species inventory collapse only; retain species-specific evidence records separately.
cphx1	Cphx1	mouse	AnimalTFDB3						new_candidate			1	false	mouse	new_candidate	
cphx2	Cphx2	mouse	AnimalTFDB3						new_candidate			1	false	mouse	new_candidate	
cphx3	Cphx3	mouse	AnimalTFDB3						new_candidate			1	false	mouse	new_candidate	
cphxl	CPHXL	human	AnimalTFDB3					new_candidate				1	false	human	new_candidate	
cpsf3	CPSF3	human	TFLink					new_candidate				1	false	human	new_candidate	
cpxcr1	CPXCR1	human	Lambert_HumanTFs					new_candidate				1	false	human	new_candidate	
crabp2	CRABP2	human	TFLink;TRRUST	TRRUST				existing_public_pair_union				1	false		existing_or_canonical	
creb1	CREB1;Creb1	human;mouse;vertebrates	AnimalTFDB3;JASPAR_CORE;Lambert_HumanTFs;OmniPath_DoRothEA;TFLink;TRRUST	ARACNe-GTEx_DoRothEA;CollecTRI;CollecTRI2;CytReg_CollecTRI;CytReg_CollecTRI2;DoRothEA;DoRothEA-A_CollecTRI;DoRothEA-A_CollecTRI2;ExTRI2_CollecTRI2;ExTRI_CollecTRI;FANTOM4_DoRothEA;GEREDB_CollecTRI;GEREDB_CollecTRI2;HOCOMOCO_DoRothEA;HTRI_CollecTRI;HTRIdb;HTRIdb_CollecTRI2;HTRIdb_DoRothEA;IntAct_DoRothEA;JASPAR_DoRothEA;KEGG-MEDICUS;NTNU.Curated_CollecTRI;NTNUcuration_CollecTRI2;PAZAR;PAZAR_DoRothEA;Pavlidis2021_CollecTRI;Pavlidis_CollecTRI2;ReMap_DoRothEA;RegNetwork_DoRothEA;SIGNOR;SIGNOR_CollecTRI;SIGNOR_CollecTRI2;TFactS_CollecTRI;TFactS_DoRothEA;TRED_DoRothEA;TRRD_DoRothEA;TRRUST;TRRUST_CollecTRI;TRRUST_CollecTRI2;TRRUST_DoRothEA;TfactS_CollecTRI2	canonical_tf_edge;canonical_tf_role;module_22B_regulon	canonical_tf_edge;canonical_tf_role;module_22B_regulon	canonical_tf_edge;canonical_tf_role;module_22B_regulon	existing_public_pair_union	existing_public_pair_union	canonical_name_or_species_scope_match	16810	3	true		existing_or_canonical	Cross-species inventory collapse only; retain species-specific evidence records separately.; Vertebrate JASPAR/profile scope is not treated as human/mouse evidence.
creb3	CREB3;Creb3	human;mouse;vertebrates	AnimalTFDB3;JASPAR_CORE;Lambert_HumanTFs;OmniPath_DoRothEA;TFLink;TRRUST	ARACNe-GTEx_DoRothEA;DoRothEA;JASPAR_DoRothEA;ReMap_DoRothEA;TRRUST				existing_public_pair_union	existing_public_pair_union	new_candidate		3	false	vertebrates	existing_or_canonical	Cross-species inventory collapse only; retain species-specific evidence records separately.; Vertebrate JASPAR/profile scope is not treated as human/mouse evidence.
creb3l1	CREB3L1;Creb3l1	human;mouse;vertebrates	AnimalTFDB3;JASPAR_CORE;Lambert_HumanTFs;OmniPath_DoRothEA;TFLink;TRRUST	CollecTRI;CollecTRI2;DoRothEA;DoRothEA-A_CollecTRI2;ExTRI2_CollecTRI2;GEREDB_CollecTRI;GEREDB_CollecTRI2;JASPAR_DoRothEA;ReMap_DoRothEA;TRRUST;TRRUST_CollecTRI;TRRUST_CollecTRI2;TRRUST_DoRothEA				existing_public_pair_union	existing_public_pair_union	new_candidate		3	false	vertebrates	existing_or_canonical	Cross-species inventory collapse only; retain species-specific evidence records separately.; Vertebrate JASPAR/profile scope is not treated as human/mouse evidence.
creb3l2	CREB3L2;Creb3l2	human;mouse;vertebrates	AnimalTFDB3;JASPAR_CORE;Lambert_HumanTFs;TFLink					new_candidate	new_candidate	new_candidate		3	false	human;mouse;vertebrates	new_candidate	Cross-species inventory collapse only; retain species-specific evidence records separately.; Vertebrate JASPAR/profile scope is not treated as human/mouse evidence.
creb3l3	CREB3L3;Creb3l3	human;mouse;vertebrates	AnimalTFDB3;JASPAR_CORE;Lambert_HumanTFs;TFLink;TRRUST	TRRUST				new_candidate	existing_public_pair_union	new_candidate		3	false	human;vertebrates	existing_or_canonical	Cross-species inventory collapse only; retain species-specific evidence records separately.; Vertebrate JASPAR/profile scope is not treated as human/mouse evidence.
creb3l4	CREB3L4;Creb3l4	human;mouse;vertebrates	AnimalTFDB3;JASPAR_CORE;Lambert_HumanTFs;TFLink;TRRUST	TRRUST				existing_public_pair_union	existing_public_pair_union	new_candidate		3	false	vertebrates	existing_or_canonical	Cross-species inventory collapse only; retain species-specific evidence records separately.; Vertebrate JASPAR/profile scope is not treated as human/mouse evidence.
creb5	CREB5;Creb5	human;mouse;vertebrates	AnimalTFDB3;JASPAR_CORE;Lambert_HumanTFs;TFLink;TRRUST	TRRUST				existing_public_pair_union	new_candidate	new_candidate		3	false	mouse;vertebrates	existing_or_canonical	Cross-species inventory collapse only; retain species-specific evidence records separately.; Vertebrate JASPAR/profile scope is not treated as human/mouse evidence.
crebbp	CREBBP;Crebbp	human;mouse	TFLink;TRRUST	TRRUST				existing_public_pair_union	existing_public_pair_union			2	false		existing_or_canonical	Cross-species inventory collapse only; retain species-specific evidence records separately.
crebl2	CREBL2;Crebl2	human;mouse	AnimalTFDB3;Lambert_HumanTFs;TFLink					new_candidate	new_candidate			2	false	human;mouse	new_candidate	Cross-species inventory collapse only; retain species-specific evidence records separately.
crebrf	CREBRF;Crebrf	human;mouse	AnimalTFDB3					new_candidate	new_candidate			2	false	human;mouse	new_candidate	Cross-species inventory collapse only; retain species-specific evidence records separately.
crebzf	CREBZF;Crebzf	human;mouse	AnimalTFDB3;Lambert_HumanTFs;TFLink;TRRUST	TRRUST				new_candidate	existing_public_pair_union			2	false	human	existing_or_canonical	Cross-species inventory collapse only; retain species-specific evidence records separately.
creg1	CREG1	human	TFLink;TRRUST	TRRUST				existing_public_pair_union				1	false		existing_or_canonical	
creld1	Creld1	mouse	TFLink						new_candidate			1	false	mouse	new_candidate	
crem	CREM;Crem	human;mouse;vertebrates	AnimalTFDB3;JASPAR_CORE;Lambert_HumanTFs;OmniPath_DoRothEA;TFLink;TRRUST	ARACNe-GTEx_DoRothEA;CollecTRI;CollecTRI2;CytReg_CollecTRI;CytReg_CollecTRI2;DoRothEA;DoRothEA-A_CollecTRI;DoRothEA-A_CollecTRI2;ExTRI2_CollecTRI2;ExTRI_CollecTRI;FANTOM4_DoRothEA;GEREDB_CollecTRI;GEREDB_CollecTRI2;GOA_CollecTRI2;HOCOMOCO_DoRothEA;HTRI_CollecTRI;HTRIdb;HTRIdb_CollecTRI2;HTRIdb_DoRothEA;IntAct_DoRothEA;JASPAR_DoRothEA;NTNUcuration_CollecTRI2;ReMap_DoRothEA;SIGNOR;SIGNOR_CollecTRI;SIGNOR_CollecTRI2;TRRUST;TRRUST_CollecTRI;TRRUST_CollecTRI2;TRRUST_DoRothEA;TfactS_CollecTRI2	canonical_tf_edge;canonical_tf_role;module_22B_regulon	canonical_tf_edge;canonical_tf_role;module_22B_regulon	canonical_tf_edge;canonical_tf_role;module_22B_regulon	existing_public_pair_union	existing_public_pair_union	canonical_name_or_species_scope_match	16811	3	true		existing_or_canonical	Cross-species inventory collapse only; retain species-specific evidence records separately.; Vertebrate JASPAR/profile scope is not treated as human/mouse evidence.
crtc1	CRTC1;Crtc1	human;mouse	TFLink;TRRUST	TRRUST				existing_public_pair_union	existing_public_pair_union			2	false		existing_or_canonical	Cross-species inventory collapse only; retain species-specific evidence records separately.
crtc2	Crtc2	mouse	TFLink						new_candidate			1	false	mouse	new_candidate	
crx	CRX;Crx	human;mouse;vertebrates	AnimalTFDB3;JASPAR_CORE;Lambert_HumanTFs;TFLink;TRRUST	TRRUST				existing_public_pair_union	existing_public_pair_union	new_candidate		3	false	vertebrates	existing_or_canonical	Cross-species inventory collapse only; retain species-specific evidence records separately.; Vertebrate JASPAR/profile scope is not treated as human/mouse evidence.
crxos	Crxos	mouse	AnimalTFDB3						new_candidate			1	false	mouse	new_candidate	
cry1	CRY1;Cry1	human;mouse	TFLink;TRRUST	TRRUST				new_candidate	existing_public_pair_union			2	false	human	existing_or_canonical	Cross-species inventory collapse only; retain species-specific evidence records separately.
csdc2	CSDC2;Csdc2	human;mouse	AnimalTFDB3					new_candidate	new_candidate			2	false	human;mouse	new_candidate	Cross-species inventory collapse only; retain species-specific evidence records separately.
csde1	CSDE1;Csde1	human;mouse	AnimalTFDB3					new_candidate	new_candidate			2	false	human;mouse	new_candidate	Cross-species inventory collapse only; retain species-specific evidence records separately.
csf1	Csf1	mouse	TFLink;TRRUST	TRRUST					existing_public_pair_union			1	false		existing_or_canonical	
csf2	Csf2	mouse	TFLink;TRRUST	TRRUST					existing_public_pair_union			1	false		existing_or_canonical	
cshl1	CSHL1	human	TFLink					new_candidate				1	false	human	new_candidate	
csnk2a1	CSNK2A1	human	TFLink					new_candidate				1	false	human	new_candidate	
csrnp1	CSRNP1;Csrnp1	human;mouse	AnimalTFDB3;Lambert_HumanTFs					new_candidate	new_candidate			2	false	human;mouse	new_candidate	Cross-species inventory collapse only; retain species-specific evidence records separately.
csrnp2	CSRNP2;Csrnp2	human;mouse	AnimalTFDB3;Lambert_HumanTFs					new_candidate	new_candidate			2	false	human;mouse	new_candidate	Cross-species inventory collapse only; retain species-specific evidence records separately.
csrnp3	CSRNP3;Csrnp3	human;mouse	AnimalTFDB3;Lambert_HumanTFs					new_candidate	new_candidate			2	false	human;mouse	new_candidate	Cross-species inventory collapse only; retain species-specific evidence records separately.
ct573016.1	CT573016.1	mouse	AnimalTFDB3						new_candidate			1	false	mouse	new_candidate	
ctbp1	CTBP1	human	TFLink;TRRUST	TRRUST				existing_public_pair_union				1	false		existing_or_canonical	
ctbp2	CTBP2	human	TFLink					new_candidate				1	false	human	new_candidate	
ctcf	CTCF;Ctcf	human;mouse;vertebrates	AnimalTFDB3;JASPAR_CORE;Lambert_HumanTFs;OmniPath_DoRothEA;TFLink;TRRUST	ARACNe-GTEx_DoRothEA;CollecTRI;CollecTRI2;DoRothEA;DoRothEA-A_CollecTRI;DoRothEA-A_CollecTRI2;ENCODE-distal;ENCODE-proximal;ExTRI2_CollecTRI2;ExTRI_CollecTRI;FANTOM4_DoRothEA;GEREDB_CollecTRI;GEREDB_CollecTRI2;GOA_CollecTRI2;HOCOMOCO_DoRothEA;HTRI_CollecTRI;HTRIdb;HTRIdb_CollecTRI2;HTRIdb_DoRothEA;JASPAR_DoRothEA;NTNU.Curated_CollecTRI;NTNUcuration_CollecTRI2;ORegAnno;ORegAnno_DoRothEA;PAZAR;PAZAR_DoRothEA;ReMap_DoRothEA;SIGNOR;SIGNOR_CollecTRI;SIGNOR_CollecTRI2;TRRUST;TRRUST_CollecTRI;TRRUST_CollecTRI2;TRRUST_DoRothEA;TfactS_CollecTRI2	canonical_tf_edge;canonical_tf_role;module_22B_regulon	canonical_tf_edge;canonical_tf_role;module_22B_regulon	canonical_tf_edge;canonical_tf_role;module_22B_regulon	existing_public_pair_union	existing_public_pair_union	canonical_name_or_species_scope_match	16812	3	true		existing_or_canonical	Cross-species inventory collapse only; retain species-specific evidence records separately.; Vertebrate JASPAR/profile scope is not treated as human/mouse evidence.
ctcfl	CTCFL;Ctcfl	human;mouse;vertebrates	AnimalTFDB3;JASPAR_CORE;Lambert_HumanTFs;TFLink;TRRUST	TRRUST				existing_public_pair_union	existing_public_pair_union	new_candidate		3	false	vertebrates	existing_or_canonical	Cross-species inventory collapse only; retain species-specific evidence records separately.; Vertebrate JASPAR/profile scope is not treated as human/mouse evidence.
ctf1	Ctf1	mouse	TFLink;TRRUST	TRRUST					existing_public_pair_union			1	false		existing_or_canonical	
ctnnb1	CTNNB1;Ctnnb1	human;mouse	TFLink;TRRUST	TRRUST	canonical_tf_edge;canonical_tf_role;module_22B_regulon	canonical_tf_edge;canonical_tf_role;module_22B_regulon		existing_public_pair_union	existing_public_pair_union		11506	2	true		existing_or_canonical	Cross-species inventory collapse only; retain species-specific evidence records separately.
ctnnbip1	CTNNBIP1	human	TFLink;TRRUST	TRRUST				existing_public_pair_union				1	false		existing_or_canonical	
ctr9	CTR9;Ctr9	human;mouse	TFLink;TRRUST	TRRUST				new_candidate	existing_public_pair_union			2	false	human	existing_or_canonical	Cross-species inventory collapse only; retain species-specific evidence records separately.
cul4a	CUL4A	human	TFLink					new_candidate				1	false	human	new_candidate	
cux1	CUX1;Cux1	human;mouse;vertebrates	AnimalTFDB3;JASPAR_CORE;Lambert_HumanTFs;OmniPath_DoRothEA;TFLink;TRRUST	ARACNe-GTEx_DoRothEA;CollecTRI;CollecTRI2;DoRothEA;DoRothEA-A_CollecTRI;DoRothEA-A_CollecTRI2;ExTRI2_CollecTRI2;ExTRI_CollecTRI;HTRI_CollecTRI;HTRIdb;HTRIdb_CollecTRI2;JASPAR_DoRothEA;Pavlidis2021_CollecTRI;Pavlidis_CollecTRI2;ReMap_DoRothEA;TFactS_CollecTRI;TFactS_DoRothEA;TRRUST;TRRUST_CollecTRI;TRRUST_CollecTRI2;TRRUST_DoRothEA;TfactS_CollecTRI2	canonical_tf_edge;canonical_tf_role;module_22B_regulon	canonical_tf_edge;canonical_tf_role;module_22B_regulon	canonical_tf_edge;canonical_tf_role;module_22B_regulon	existing_public_pair_union	existing_public_pair_union	canonical_name_or_species_scope_match	16813	3	true		existing_or_canonical	Cross-species inventory collapse only; retain species-specific evidence records separately.; Vertebrate JASPAR/profile scope is not treated as human/mouse evidence.
cux2	CUX2;Cux2	human;mouse;vertebrates	AnimalTFDB3;JASPAR_CORE;Lambert_HumanTFs;TFLink;TRRUST	TRRUST				new_candidate	existing_public_pair_union	new_candidate		3	false	human;vertebrates	existing_or_canonical	Cross-species inventory collapse only; retain species-specific evidence records separately.; Vertebrate JASPAR/profile scope is not treated as human/mouse evidence.
cxxc1	CXXC1;Cxxc1	human;mouse	Lambert_HumanTFs;TFLink					new_candidate	new_candidate			2	false	human;mouse	new_candidate	Cross-species inventory collapse only; retain species-specific evidence records separately.
cxxc4	CXXC4	human	Lambert_HumanTFs;TFLink					new_candidate				1	false	human	new_candidate	
cxxc5	CXXC5	human	Lambert_HumanTFs					new_candidate				1	false	human	new_candidate	
d130040h23rik	D130040H23Rik	mouse	AnimalTFDB3						new_candidate			1	false	mouse	new_candidate	
d3ertd254e	D3Ertd254e	mouse	AnimalTFDB3						new_candidate			1	false	mouse	new_candidate	
d3yu76	D3YU76	mouse	OmniPath_DoRothEA	CollecTRI;CollecTRI2;DoRothEA;DoRothEA-A_CollecTRI;DoRothEA-A_CollecTRI2;ExTRI2_CollecTRI2;HTRI_CollecTRI;HTRIdb;HTRIdb_CollecTRI2;HTRIdb_DoRothEA;TRRUST;TRRUST_CollecTRI;TRRUST_CollecTRI2;TRRUST_DoRothEA					existing_public_pair_union			1	false		existing_or_canonical	
d3z1j4	D3Z1J4	mouse	OmniPath_DoRothEA	ARACNe-GTEx_DoRothEA;DoRothEA;HOCOMOCO_DoRothEA;ReMap_DoRothEA					existing_public_pair_union			1	false		existing_or_canonical	
d3z4g2	D3Z4G2	mouse	OmniPath_DoRothEA	CollecTRI;CollecTRI2;DoRothEA;DoRothEA-A_CollecTRI;DoRothEA-A_CollecTRI2;ExTRI2_CollecTRI2;HTRI_CollecTRI;HTRIdb;HTRIdb_CollecTRI2;HTRIdb_DoRothEA;SIGNOR_CollecTRI;SIGNOR_CollecTRI2;TRRUST;TRRUST_CollecTRI;TRRUST_CollecTRI2;TRRUST_DoRothEA					existing_public_pair_union			1	false		existing_or_canonical	
d630045j12rik	D630045J12Rik	mouse	AnimalTFDB3						new_candidate			1	false	mouse	new_candidate	
dab2	Dab2	mouse	TFLink;TRRUST	TRRUST					existing_public_pair_union			1	false		existing_or_canonical	
dach1	DACH1;Dach1	human;mouse	AnimalTFDB3;Lambert_HumanTFs;TFLink;TRRUST	TRRUST				existing_public_pair_union	existing_public_pair_union			2	false		existing_or_canonical	Cross-species inventory collapse only; retain species-specific evidence records separately.
dach2	DACH2;Dach2	human;mouse	AnimalTFDB3;Lambert_HumanTFs;TFLink;TRRUST	TRRUST				new_candidate	existing_public_pair_union			2	false	human	existing_or_canonical	Cross-species inventory collapse only; retain species-specific evidence records separately.
dand5	DAND5;Dand5	human;mouse	TFLink					new_candidate	new_candidate			2	false	human;mouse	new_candidate	Cross-species inventory collapse only; retain species-specific evidence records separately.
daxx	DAXX;Daxx	human;mouse	TFLink;TRRUST	TRRUST				existing_public_pair_union	existing_public_pair_union			2	false		existing_or_canonical	Cross-species inventory collapse only; retain species-specific evidence records separately.
dbp	DBP;Dbp	human;mouse;vertebrates	AnimalTFDB3;JASPAR_CORE;Lambert_HumanTFs;TFLink;TRRUST	TRRUST				existing_public_pair_union	existing_public_pair_union	new_candidate		3	false	vertebrates	existing_or_canonical	Cross-species inventory collapse only; retain species-specific evidence records separately.; Vertebrate JASPAR/profile scope is not treated as human/mouse evidence.
dbx1	DBX1;Dbx1	human;mouse	AnimalTFDB3;Lambert_HumanTFs					new_candidate	new_candidate			2	false	human;mouse	new_candidate	Cross-species inventory collapse only; retain species-specific evidence records separately.
dbx2	DBX2;Dbx2	human;mouse	AnimalTFDB3;Lambert_HumanTFs					new_candidate	new_candidate			2	false	human;mouse	new_candidate	Cross-species inventory collapse only; retain species-specific evidence records separately.
dcp1a	DCP1A	human	TFLink					new_candidate				1	false	human	new_candidate	
ddb1	DDB1	human	TFLink;TRRUST	TRRUST				existing_public_pair_union				1	false		existing_or_canonical	
ddb2	DDB2	human	TFLink;TRRUST	TRRUST				existing_public_pair_union				1	false		existing_or_canonical	
ddit3	DDIT3;Ddit3	human;mouse	AnimalTFDB3;Lambert_HumanTFs;OmniPath_DoRothEA;TFLink;TRRUST	ARACNe-GTEx_DoRothEA;CollecTRI;CollecTRI2;CytReg_CollecTRI;CytReg_CollecTRI2;DoRothEA;DoRothEA-A_CollecTRI;DoRothEA-A_CollecTRI2;ExTRI2_CollecTRI2;ExTRI_CollecTRI;GEREDB_CollecTRI;GEREDB_CollecTRI2;GOA_CollecTRI;GOA_CollecTRI2;HTRI_CollecTRI;HTRIdb;HTRIdb_CollecTRI2;HTRIdb_DoRothEA;NTNU.Curated_CollecTRI;NTNUcuration_CollecTRI2;ORegAnno;ORegAnno_DoRothEA;PAZAR;Pavlidis2021_CollecTRI;Pavlidis_CollecTRI2;SIGNOR_CollecTRI;SIGNOR_CollecTRI2;TRRUST;TRRUST_CollecTRI;TRRUST_CollecTRI2;TRRUST_DoRothEA;TfactS_CollecTRI2				existing_public_pair_union	existing_public_pair_union			2	false		existing_or_canonical	Cross-species inventory collapse only; retain species-specific evidence records separately.
ddx20	DDX20	human	TFLink					new_candidate				1	false	human	new_candidate	
ddx21	DDX21	human	TFLink					new_candidate				1	false	human	new_candidate	
ddx5	DDX5;Ddx5	human;mouse	TFLink;TRRUST	TRRUST				existing_public_pair_union	existing_public_pair_union			2	false		existing_or_canonical	Cross-species inventory collapse only; retain species-specific evidence records separately.
ddx54	Ddx54	mouse	TFLink;TRRUST	TRRUST					existing_public_pair_union			1	false		existing_or_canonical	
ddx58	Ddx58	mouse	TFLink;TRRUST	TRRUST					existing_public_pair_union			1	false		existing_or_canonical	
deaf1	DEAF1;Deaf1	human;mouse	AnimalTFDB3;Lambert_HumanTFs;TFLink;TRRUST	TRRUST				existing_public_pair_union	existing_public_pair_union			2	false		existing_or_canonical	Cross-species inventory collapse only; retain species-specific evidence records separately.
dedd	DEDD	human	TFLink;TRRUST	TRRUST				existing_public_pair_union				1	false		existing_or_canonical	
dek	DEK	human	TFLink;TRRUST	TRRUST				existing_public_pair_union				1	false		existing_or_canonical	
dennd4a	DENND4A	human	TFLink;TRRUST	TRRUST				existing_public_pair_union				1	false		existing_or_canonical	
dicer1	DICER1	human	TFLink					new_candidate				1	false	human	new_candidate	
dido1	DIDO1	human	TFLink					new_candidate				1	false	human	new_candidate	
dkk1	DKK1	human	TFLink					new_candidate				1	false	human	new_candidate	
dlx1	DLX1;Dlx1	human;mouse;vertebrates	AnimalTFDB3;JASPAR_CORE;Lambert_HumanTFs;TFLink;TRRUST	TRRUST				new_candidate	existing_public_pair_union	new_candidate		3	false	human;vertebrates	existing_or_canonical	Cross-species inventory collapse only; retain species-specific evidence records separately.; Vertebrate JASPAR/profile scope is not treated as human/mouse evidence.
dlx2	DLX2;Dlx2	human;mouse;vertebrates	AnimalTFDB3;JASPAR_CORE;Lambert_HumanTFs;TFLink;TRRUST	TRRUST				new_candidate	existing_public_pair_union	new_candidate		3	false	human;vertebrates	existing_or_canonical	Cross-species inventory collapse only; retain species-specific evidence records separately.; Vertebrate JASPAR/profile scope is not treated as human/mouse evidence.
dlx3	DLX3;Dlx3	human;mouse;vertebrates	AnimalTFDB3;JASPAR_CORE;Lambert_HumanTFs;TFLink;TRRUST	TRRUST				existing_public_pair_union	existing_public_pair_union	new_candidate		3	false	vertebrates	existing_or_canonical	Cross-species inventory collapse only; retain species-specific evidence records separately.; Vertebrate JASPAR/profile scope is not treated as human/mouse evidence.
dlx4	DLX4;Dlx4	human;mouse;vertebrates	AnimalTFDB3;JASPAR_CORE;Lambert_HumanTFs;TFLink;TRRUST	TRRUST				existing_public_pair_union	new_candidate	new_candidate		3	false	mouse;vertebrates	existing_or_canonical	Cross-species inventory collapse only; retain species-specific evidence records separately.; Vertebrate JASPAR/profile scope is not treated as human/mouse evidence.
dlx5	DLX5;Dlx5	human;mouse;vertebrates	AnimalTFDB3;JASPAR_CORE;Lambert_HumanTFs;TFLink;TRRUST	TRRUST	canonical_tf_edge;canonical_tf_role;module_22B_regulon	canonical_tf_edge;canonical_tf_role;module_22B_regulon	canonical_tf_edge;canonical_tf_role;module_22B_regulon	existing_public_pair_union	existing_public_pair_union	canonical_name_or_species_scope_match	16940	3	true		existing_or_canonical	Cross-species inventory collapse only; retain species-specific evidence records separately.; Vertebrate JASPAR/profile scope is not treated as human/mouse evidence.
dlx6	DLX6;Dlx6	human;mouse;vertebrates	AnimalTFDB3;JASPAR_CORE;Lambert_HumanTFs;TFLink					new_candidate	new_candidate	new_candidate		3	false	human;mouse;vertebrates	new_candidate	Cross-species inventory collapse only; retain species-specific evidence records separately.; Vertebrate JASPAR/profile scope is not treated as human/mouse evidence.
dmap1	DMAP1;Dmap1	human;mouse	TFLink;TRRUST	TRRUST				existing_public_pair_union	existing_public_pair_union			2	false		existing_or_canonical	Cross-species inventory collapse only; retain species-specific evidence records separately.
dmbx1	DMBX1;Dmbx1	human;mouse;vertebrates	AnimalTFDB3;JASPAR_CORE;Lambert_HumanTFs;TFLink;TRRUST	TRRUST				new_candidate	existing_public_pair_union	new_candidate		3	false	human;vertebrates	existing_or_canonical	Cross-species inventory collapse only; retain species-specific evidence records separately.; Vertebrate JASPAR/profile scope is not treated as human/mouse evidence.
dmc1	DMC1;Dmc1	human;mouse	TFLink					new_candidate	new_candidate			2	false	human;mouse	new_candidate	Cross-species inventory collapse only; retain species-specific evidence records separately.
dmp1	Dmp1	mouse	TFLink;TRRUST	TRRUST					existing_public_pair_union			1	false		existing_or_canonical	
dmrt1	DMRT1;Dmrt1	human;mouse;vertebrates	AnimalTFDB3;JASPAR_CORE;Lambert_HumanTFs;TFLink;TRRUST	TRRUST				new_candidate	existing_public_pair_union	new_candidate		3	false	human;vertebrates	existing_or_canonical	Cross-species inventory collapse only; retain species-specific evidence records separately.; Vertebrate JASPAR/profile scope is not treated as human/mouse evidence.
dmrt2	DMRT2;Dmrt2	human;mouse	AnimalTFDB3;Lambert_HumanTFs;TFLink;TRRUST	TRRUST				new_candidate	existing_public_pair_union			2	false	human	existing_or_canonical	Cross-species inventory collapse only; retain species-specific evidence records separately.
dmrt3	DMRT3;Dmrt3	human;mouse;vertebrates	AnimalTFDB3;JASPAR_CORE;Lambert_HumanTFs					new_candidate	new_candidate	new_candidate		3	false	human;mouse;vertebrates	new_candidate	Cross-species inventory collapse only; retain species-specific evidence records separately.; Vertebrate JASPAR/profile scope is not treated as human/mouse evidence.
dmrta1	DMRTA1;Dmrta1	human;mouse;vertebrates	AnimalTFDB3;JASPAR_CORE;Lambert_HumanTFs;TFLink					new_candidate	new_candidate	new_candidate		3	false	human;mouse;vertebrates	new_candidate	Cross-species inventory collapse only; retain species-specific evidence records separately.; Vertebrate JASPAR/profile scope is not treated as human/mouse evidence.
dmrta2	DMRTA2;Dmrta2	human;mouse;vertebrates	AnimalTFDB3;JASPAR_CORE;Lambert_HumanTFs					new_candidate	new_candidate	new_candidate		3	false	human;mouse;vertebrates	new_candidate	Cross-species inventory collapse only; retain species-specific evidence records separately.; Vertebrate JASPAR/profile scope is not treated as human/mouse evidence.
dmrtb1	DMRTB1;Dmrtb1	human;mouse;vertebrates	AnimalTFDB3;JASPAR_CORE;Lambert_HumanTFs;TFLink					new_candidate	new_candidate	new_candidate		3	false	human;mouse;vertebrates	new_candidate	Cross-species inventory collapse only; retain species-specific evidence records separately.; Vertebrate JASPAR/profile scope is not treated as human/mouse evidence.
dmrtc1	DMRTC1	human	AnimalTFDB3					new_candidate				1	false	human	new_candidate	
dmrtc1a	Dmrtc1a	mouse	AnimalTFDB3						new_candidate			1	false	mouse	new_candidate	
dmrtc1b	DMRTC1B	human	AnimalTFDB3					new_candidate				1	false	human	new_candidate	
dmrtc2	DMRTC2;Dmrtc2	human;mouse;vertebrates	AnimalTFDB3;JASPAR_CORE;Lambert_HumanTFs					new_candidate	new_candidate	new_candidate		3	false	human;mouse;vertebrates	new_candidate	Cross-species inventory collapse only; retain species-specific evidence records separately.; Vertebrate JASPAR/profile scope is not treated as human/mouse evidence.
dmtf1	DMTF1;Dmtf1	human;mouse;vertebrates	AnimalTFDB3;JASPAR_CORE;Lambert_HumanTFs;TFLink;TRRUST	TRRUST				new_candidate	existing_public_pair_union	new_candidate		3	false	human;vertebrates	existing_or_canonical	Cross-species inventory collapse only; retain species-specific evidence records separately.; Vertebrate JASPAR/profile scope is not treated as human/mouse evidence.
dnajc1	DNAJC1;Dnajc1	human;mouse	AnimalTFDB3					new_candidate	new_candidate			2	false	human;mouse	new_candidate	Cross-species inventory collapse only; retain species-specific evidence records separately.
dnajc2	DNAJC2;Dnajc2	human;mouse	AnimalTFDB3;TFLink;TRRUST	TRRUST				new_candidate	existing_public_pair_union			2	false	human	existing_or_canonical	Cross-species inventory collapse only; retain species-specific evidence records separately.
dnmt1	DNMT1;Dnmt1	human;mouse	Lambert_HumanTFs;OmniPath_DoRothEA;TFLink;TRRUST	ARACNe-GTEx_DoRothEA;CollecTRI;CollecTRI2;DoRothEA;DoRothEA-A_CollecTRI2;ExTRI2_CollecTRI2;ExTRI_CollecTRI;FANTOM4_DoRothEA;IntAct_DoRothEA;NTNUcuration_CollecTRI2;SIGNOR_CollecTRI;SIGNOR_CollecTRI2;TRRUST;TRRUST_CollecTRI;TRRUST_CollecTRI2;TRRUST_DoRothEA	canonical_tf_edge;canonical_tf_role;module_22B_regulon	canonical_tf_edge;canonical_tf_role;module_22B_regulon		existing_public_pair_union	existing_public_pair_union		16814	2	true		existing_or_canonical	Cross-species inventory collapse only; retain species-specific evidence records separately.
dnmt3a	DNMT3A;Dnmt3a	human;mouse	TFLink;TRRUST	TRRUST				existing_public_pair_union	existing_public_pair_union			2	false		existing_or_canonical	Cross-species inventory collapse only; retain species-specific evidence records separately.
dnmt3b	DNMT3B;Dnmt3b	human;mouse	TFLink;TRRUST	TRRUST				new_candidate	existing_public_pair_union			2	false	human	existing_or_canonical	Cross-species inventory collapse only; retain species-specific evidence records separately.
dnmt3l	DNMT3L	human	TFLink;TRRUST	TRRUST				existing_public_pair_union				1	false		existing_or_canonical	
dnttip1	DNTTIP1	human;vertebrates	JASPAR_CORE;Lambert_HumanTFs					new_candidate		new_candidate		2	false	human;vertebrates	new_candidate	Cross-species inventory collapse only; retain species-specific evidence records separately.; Vertebrate JASPAR/profile scope is not treated as human/mouse evidence.
dot1l	DOT1L;Dot1l	human;mouse	Lambert_HumanTFs;TFLink;TRRUST	TRRUST				new_candidate	existing_public_pair_union			2	false	human	existing_or_canonical	Cross-species inventory collapse only; retain species-specific evidence records separately.
dpep1	Dpep1	mouse	TFLink						new_candidate			1	false	mouse	new_candidate	
dpep2	Dpep2	mouse	TFLink						new_candidate			1	false	mouse	new_candidate	
dpep3	Dpep3	mouse	TFLink						new_candidate			1	false	mouse	new_candidate	
dpf1	DPF1	human	Lambert_HumanTFs					new_candidate				1	false	human	new_candidate	
dpf2	DPF2;Dpf2	human;mouse	TFLink					new_candidate	new_candidate			2	false	human;mouse	new_candidate	Cross-species inventory collapse only; retain species-specific evidence records separately.
dpf3	DPF3	human	Lambert_HumanTFs					new_candidate				1	false	human	new_candidate	
dppa2	Dppa2	mouse	TFLink						new_candidate			1	false	mouse	new_candidate	
dppa3	DPPA3	human	TFLink					new_candidate				1	false	human	new_candidate	
dppa4	Dppa4	mouse	TFLink						new_candidate			1	false	mouse	new_candidate	
dprx	DPRX	human;vertebrates	AnimalTFDB3;JASPAR_CORE;Lambert_HumanTFs					new_candidate		new_candidate		2	false	human;vertebrates	new_candidate	Cross-species inventory collapse only; retain species-specific evidence records separately.; Vertebrate JASPAR/profile scope is not treated as human/mouse evidence.
dpy30	Dpy30	mouse	TFLink						new_candidate			1	false	mouse	new_candidate	
dr1	DR1;Dr1	human;mouse	Lambert_HumanTFs;TFLink;TRRUST	TRRUST				existing_public_pair_union	new_candidate			2	false	mouse	existing_or_canonical	Cross-species inventory collapse only; retain species-specific evidence records separately.
drap1	DRAP1	human	Lambert_HumanTFs;TFLink;TRRUST	TRRUST				existing_public_pair_union				1	false		existing_or_canonical	
drgx	DRGX	human;vertebrates	AnimalTFDB3;JASPAR_CORE;Lambert_HumanTFs					new_candidate		new_candidate		2	false	human;vertebrates	new_candidate	Cross-species inventory collapse only; retain species-specific evidence records separately.; Vertebrate JASPAR/profile scope is not treated as human/mouse evidence.
drosha	DROSHA	human	TFLink					new_candidate				1	false	human	new_candidate	
dtl	DTL	human	TFLink					new_candidate				1	false	human	new_candidate	
dtx1	Dtx1	mouse	TFLink;TRRUST	TRRUST					existing_public_pair_union			1	false		existing_or_canonical	
dux	Dux	mouse;vertebrates	AnimalTFDB3;JASPAR_CORE;TFLink						new_candidate	new_candidate		2	false	mouse;vertebrates	new_candidate	Cross-species inventory collapse only; retain species-specific evidence records separately.; Vertebrate JASPAR/profile scope is not treated as human/mouse evidence.
dux1	DUX1	human	Lambert_HumanTFs					new_candidate				1	false	human	new_candidate	
dux3	DUX3	human	Lambert_HumanTFs					new_candidate				1	false	human	new_candidate	
dux4	DUX4	human;vertebrates	AnimalTFDB3;JASPAR_CORE;Lambert_HumanTFs;TFLink;TRRUST	TRRUST				existing_public_pair_union		new_candidate		2	false	vertebrates	existing_or_canonical	Cross-species inventory collapse only; retain species-specific evidence records separately.; Vertebrate JASPAR/profile scope is not treated as human/mouse evidence.
duxa	DUXA	human;vertebrates	AnimalTFDB3;JASPAR_CORE;Lambert_HumanTFs					new_candidate		new_candidate		2	false	human;vertebrates	new_candidate	Cross-species inventory collapse only; retain species-specific evidence records separately.; Vertebrate JASPAR/profile scope is not treated as human/mouse evidence.
duxb	DUXB	human	AnimalTFDB3					new_candidate				1	false	human	new_candidate	
duxbl1	Duxbl1	mouse;vertebrates	AnimalTFDB3;JASPAR_CORE						new_candidate	new_candidate		2	false	mouse;vertebrates	new_candidate	Cross-species inventory collapse only; retain species-specific evidence records separately.; Vertebrate JASPAR/profile scope is not treated as human/mouse evidence.
duxbl2	Duxbl2	mouse	AnimalTFDB3;TFLink						new_candidate			1	false	mouse	new_candidate	
duxbl3	Duxbl3	mouse	AnimalTFDB3						new_candidate			1	false	mouse	new_candidate	
duxf3	Duxf3	mouse	AnimalTFDB3						new_candidate			1	false	mouse	new_candidate	
dyrk1a	DYRK1A	human	TFLink					new_candidate				1	false	human	new_candidate	
dzip1	DZIP1	human	Lambert_HumanTFs					new_candidate				1	false	human	new_candidate	
dzip3	Dzip3	mouse	TFLink						new_candidate			1	false	mouse	new_candidate	
e0cyw8	E0CYW8	mouse	OmniPath_DoRothEA	ARACNe-GTEx_DoRothEA;DoRothEA;JASPAR_DoRothEA;ReMap_DoRothEA					existing_public_pair_union			1	false		existing_or_canonical	
e2f1	E2F1;E2f1	human;mouse;vertebrates	AnimalTFDB3;JASPAR_CORE;Lambert_HumanTFs;OmniPath_DoRothEA;TFLink;TRRUST	ARACNe-GTEx_DoRothEA;CollecTRI;CollecTRI2;CytReg_CollecTRI;CytReg_CollecTRI2;DoRothEA;DoRothEA-A_CollecTRI;DoRothEA-A_CollecTRI2;ENCODE-distal;ENCODE-proximal;ExTRI2_CollecTRI2;ExTRI_CollecTRI;FANTOM4_DoRothEA;GEREDB_CollecTRI;GEREDB_CollecTRI2;GOA_CollecTRI;GOA_CollecTRI2;HOCOMOCO_DoRothEA;HTRI_CollecTRI;HTRIdb;HTRIdb_CollecTRI2;HTRIdb_DoRothEA;IntAct_CollecTRI;IntAct_CollecTRI2;IntAct_DoRothEA;JASPAR_DoRothEA;KEGG-MEDICUS;NTNU.Curated_CollecTRI;NTNUcuration_CollecTRI2;ORegAnno;ORegAnno_DoRothEA;PAZAR;PAZAR_DoRothEA;Pavlidis2021_CollecTRI;Pavlidis_CollecTRI2;ReMap_DoRothEA;RegNetwork_DoRothEA;SIGNOR_CollecTRI;SIGNOR_CollecTRI2;TFactS_CollecTRI;TFactS_DoRothEA;TRED_DoRothEA;TRRUST;TRRUST_CollecTRI;TRRUST_CollecTRI2;TRRUST_DoRothEA;TfactS_CollecTRI2	canonical_tf_edge;canonical_tf_role;module_22B_regulon	canonical_tf_edge;canonical_tf_role;module_22B_regulon	canonical_tf_edge;canonical_tf_role;module_22B_regulon	existing_public_pair_union	existing_public_pair_union	canonical_name_or_species_scope_match	16747	3	true		existing_or_canonical	Cross-species inventory collapse only; retain species-specific evidence records separately.; Vertebrate JASPAR/profile scope is not treated as human/mouse evidence.
e2f2	E2F2;E2f2	human;mouse;vertebrates	AnimalTFDB3;JASPAR_CORE;Lambert_HumanTFs;OmniPath_DoRothEA;TFLink;TRRUST	ARACNe-GTEx_DoRothEA;CollecTRI;CollecTRI2;DoRothEA;DoRothEA-A_CollecTRI;DoRothEA-A_CollecTRI2;ExTRI2_CollecTRI2;ExTRI_CollecTRI;GEREDB_CollecTRI;GEREDB_CollecTRI2;HOCOMOCO_DoRothEA;HTRI_CollecTRI;HTRIdb;HTRIdb_CollecTRI2;HTRIdb_DoRothEA;NTNU.Curated_CollecTRI;NTNUcuration_CollecTRI2;TFactS_CollecTRI;TFactS_DoRothEA;TRRUST;TRRUST_CollecTRI;TRRUST_CollecTRI2;TRRUST_DoRothEA;TfactS_CollecTRI2				existing_public_pair_union	existing_public_pair_union	new_candidate		3	false	vertebrates	existing_or_canonical	Cross-species inventory collapse only; retain species-specific evidence records separately.; Vertebrate JASPAR/profile scope is not treated as human/mouse evidence.
e2f3	E2F3;E2f3	human;mouse;vertebrates	AnimalTFDB3;JASPAR_CORE;Lambert_HumanTFs;OmniPath_DoRothEA;TFLink;TRRUST	ARACNe-GTEx_DoRothEA;CollecTRI;CollecTRI2;DoRothEA;DoRothEA-A_CollecTRI;DoRothEA-A_CollecTRI2;ExTRI2_CollecTRI2;ExTRI_CollecTRI;GEREDB_CollecTRI;GEREDB_CollecTRI2;HOCOMOCO_DoRothEA;HTRI_CollecTRI;HTRIdb;HTRIdb_CollecTRI2;HTRIdb_DoRothEA;JASPAR_DoRothEA;NTNU.Curated_CollecTRI;NTNUcuration_CollecTRI2;RegNetwork_DoRothEA;TFactS_CollecTRI;TFactS_DoRothEA;TRED_DoRothEA;TRRUST;TRRUST_CollecTRI;TRRUST_CollecTRI2;TRRUST_DoRothEA;TfactS_CollecTRI2	canonical_tf_edge;canonical_tf_role;module_22B_regulon	canonical_tf_edge;canonical_tf_role;module_22B_regulon	canonical_tf_edge;canonical_tf_role;module_22B_regulon	existing_public_pair_union	existing_public_pair_union	canonical_name_or_species_scope_match	16815	3	true		existing_or_canonical	Cross-species inventory collapse only; retain species-specific evidence records separately.; Vertebrate JASPAR/profile scope is not treated as human/mouse evidence.
e2f4	E2F4;E2f4	human;mouse;vertebrates	AnimalTFDB3;JASPAR_CORE;Lambert_HumanTFs;OmniPath_DoRothEA;TFLink;TRRUST	ARACNe-GTEx_DoRothEA;CollecTRI;CollecTRI2;DoRothEA;DoRothEA-A_CollecTRI;DoRothEA-A_CollecTRI2;ENCODE-distal;ENCODE-proximal;ExTRI2_CollecTRI2;ExTRI_CollecTRI;FANTOM4_DoRothEA;GEREDB_CollecTRI;GEREDB_CollecTRI2;HOCOMOCO_DoRothEA;HTRI_CollecTRI;HTRIdb;HTRIdb_CollecTRI2;HTRIdb_DoRothEA;IntAct_DoRothEA;JASPAR_DoRothEA;NTNU.Curated_CollecTRI;NTNUcuration_CollecTRI2;ORegAnno;ORegAnno_DoRothEA;PAZAR;PAZAR_DoRothEA;Pavlidis2021_CollecTRI;Pavlidis_CollecTRI2;ReMap_DoRothEA;RegNetwork_DoRothEA;SIGNOR;SIGNOR_CollecTRI;SIGNOR_CollecTRI2;TFactS_CollecTRI;TFactS_DoRothEA;TRED_DoRothEA;TRRUST;TRRUST_CollecTRI;TRRUST_CollecTRI2;TRRUST_DoRothEA;TfactS_CollecTRI2	canonical_tf_edge;canonical_tf_role;module_22B_regulon	canonical_tf_edge;canonical_tf_role;module_22B_regulon	canonical_tf_edge;canonical_tf_role;module_22B_regulon	existing_public_pair_union	existing_public_pair_union	canonical_name_or_species_scope_match	16816	3	true		existing_or_canonical	Cross-species inventory collapse only; retain species-specific evidence records separately.; Vertebrate JASPAR/profile scope is not treated as human/mouse evidence.
e2f5	E2F5;E2f5	human;mouse	AnimalTFDB3;Lambert_HumanTFs;OmniPath_DoRothEA;TFLink;TRRUST	CollecTRI;CollecTRI2;DoRothEA;DoRothEA-A_CollecTRI2;ExTRI2_CollecTRI2;NTNU.Curated_CollecTRI;NTNUcuration_CollecTRI2;TRRUST;TRRUST_CollecTRI;TRRUST_CollecTRI2;TRRUST_DoRothEA				existing_public_pair_union	existing_public_pair_union			2	false		existing_or_canonical	Cross-species inventory collapse only; retain species-specific evidence records separately.
e2f6	E2F6;E2f6	human;mouse;vertebrates	AnimalTFDB3;JASPAR_CORE;Lambert_HumanTFs;OmniPath_DoRothEA;TFLink;TRRUST	ARACNe-GTEx_DoRothEA;CollecTRI;CollecTRI2;DoRothEA;DoRothEA-A_CollecTRI;DoRothEA-A_CollecTRI2;ENCODE-distal;ENCODE-proximal;ExTRI2_CollecTRI2;ExTRI_CollecTRI;GEREDB_CollecTRI;GEREDB_CollecTRI2;HOCOMOCO_DoRothEA;HTRI_CollecTRI;HTRIdb;HTRIdb_CollecTRI2;HTRIdb_DoRothEA;JASPAR_DoRothEA;NTNU.Curated_CollecTRI;NTNUcuration_CollecTRI2;ORegAnno_DoRothEA;ReMap_DoRothEA;TFactS_CollecTRI;TFactS_DoRothEA;TRRUST;TRRUST_CollecTRI;TRRUST_CollecTRI2;TRRUST_DoRothEA;TfactS_CollecTRI2	canonical_tf_edge;canonical_tf_role;module_22B_regulon	canonical_tf_edge;canonical_tf_role;module_22B_regulon	canonical_tf_edge;canonical_tf_role;module_22B_regulon	existing_public_pair_union	existing_public_pair_union	canonical_name_or_species_scope_match	16817	3	true		existing_or_canonical	Cross-species inventory collapse only; retain species-specific evidence records separately.; Vertebrate JASPAR/profile scope is not treated as human/mouse evidence.
e2f7	E2F7;E2f7	human;mouse;vertebrates	AnimalTFDB3;JASPAR_CORE;Lambert_HumanTFs;OmniPath_DoRothEA;TFLink;TRRUST	ARACNe-GTEx_DoRothEA;CollecTRI;CollecTRI2;DoRothEA;DoRothEA-A_CollecTRI;DoRothEA-A_CollecTRI2;ExTRI2_CollecTRI2;ExTRI_CollecTRI;HOCOMOCO_DoRothEA;HTRI_CollecTRI;HTRIdb;HTRIdb_CollecTRI2;HTRIdb_DoRothEA;IntAct_DoRothEA;JASPAR_DoRothEA;NTNU.Curated_CollecTRI;NTNUcuration_CollecTRI2;ReMap_DoRothEA;TFactS_CollecTRI;TFactS_DoRothEA;TRRUST;TRRUST_CollecTRI;TRRUST_CollecTRI2;TRRUST_DoRothEA;TfactS_CollecTRI2	canonical_tf_edge;canonical_tf_role;module_22B_regulon	canonical_tf_edge;canonical_tf_role;module_22B_regulon	canonical_tf_edge;canonical_tf_role;module_22B_regulon	existing_public_pair_union	existing_public_pair_union	canonical_name_or_species_scope_match	16941	3	true		existing_or_canonical	Cross-species inventory collapse only; retain species-specific evidence records separately.; Vertebrate JASPAR/profile scope is not treated as human/mouse evidence.
e2f8	E2F8;E2f8	human;mouse;vertebrates	AnimalTFDB3;JASPAR_CORE;Lambert_HumanTFs;OmniPath_DoRothEA;TFLink;TRRUST	ARACNe-GTEx_DoRothEA;CollecTRI;CollecTRI2;DoRothEA;DoRothEA-A_CollecTRI2;ExTRI2_CollecTRI2;GOA_CollecTRI2;TRRUST;TRRUST_CollecTRI;TRRUST_CollecTRI2;TRRUST_DoRothEA	canonical_tf_edge;canonical_tf_role;module_22B_regulon	canonical_tf_edge;canonical_tf_role;module_22B_regulon	canonical_tf_edge;canonical_tf_role;module_22B_regulon	existing_public_pair_union	existing_public_pair_union	canonical_name_or_species_scope_match	16818	3	true		existing_or_canonical	Cross-species inventory collapse only; retain species-specific evidence records separately.; Vertebrate JASPAR/profile scope is not treated as human/mouse evidence.
e430018j23rik	E430018J23Rik	mouse	AnimalTFDB3						new_candidate			1	false	mouse	new_candidate	
e4f1	E4F1;E4f1	human;mouse	AnimalTFDB3;Lambert_HumanTFs;OmniPath_DoRothEA;TFLink;TRRUST	CollecTRI;CollecTRI2;DoRothEA;DoRothEA-A_CollecTRI;DoRothEA-A_CollecTRI2;ExTRI2_CollecTRI2;ExTRI_CollecTRI;GOA_CollecTRI2;HTRI_CollecTRI;HTRIdb;HTRIdb_CollecTRI2;HTRIdb_DoRothEA;NTNUcuration_CollecTRI2;TRRUST;TRRUST_CollecTRI;TRRUST_CollecTRI2;TRRUST_DoRothEA				existing_public_pair_union	existing_public_pair_union			2	false		existing_or_canonical	Cross-species inventory collapse only; retain species-specific evidence records separately.
e9pvv1	E9PVV1	mouse	OmniPath_DoRothEA	ARACNe-GTEx_DoRothEA;CollecTRI;CollecTRI2;DoRothEA;DoRothEA-A_CollecTRI2;ExTRI2_CollecTRI2;HOCOMOCO_DoRothEA;JASPAR_DoRothEA;ReMap_DoRothEA;TRRUST;TRRUST_CollecTRI;TRRUST_CollecTRI2;TRRUST_DoRothEA					existing_public_pair_union			1	false		existing_or_canonical	
e9pzj2	E9PZJ2	mouse	OmniPath_DoRothEA	ARACNe-GTEx_DoRothEA;CollecTRI;CollecTRI2;CytReg_CollecTRI;CytReg_CollecTRI2;DoRothEA;DoRothEA-A_CollecTRI2;ExTRI2_CollecTRI2;ExTRI_CollecTRI;FANTOM4_DoRothEA;GEREDB_CollecTRI;GEREDB_CollecTRI2;HOCOMOCO_DoRothEA;JASPAR_DoRothEA;ReMap_DoRothEA;TFactS_CollecTRI;TFactS_DoRothEA;TRRUST;TRRUST_CollecTRI;TRRUST_CollecTRI2;TRRUST_DoRothEA;TfactS_CollecTRI2					existing_public_pair_union			1	false		existing_or_canonical	
e9q1a5	E9Q1A5	mouse	OmniPath_DoRothEA	ARACNe-GTEx_DoRothEA;DoRothEA;HOCOMOCO_DoRothEA;ReMap_DoRothEA					existing_public_pair_union			1	false		existing_or_canonical	
e9q1a8	E9Q1A8	mouse	OmniPath_DoRothEA	CollecTRI;CollecTRI2;DoRothEA;DoRothEA-A_CollecTRI;DoRothEA-A_CollecTRI2;ExTRI2_CollecTRI2;ExTRI_CollecTRI;GEREDB_CollecTRI;GEREDB_CollecTRI2;GOA_CollecTRI;GOA_CollecTRI2;ReMap_DoRothEA;SIGNOR;SIGNOR_CollecTRI;SIGNOR_CollecTRI2;TFactS_CollecTRI;TFactS_DoRothEA;TRRUST;TRRUST_CollecTRI;TRRUST_CollecTRI2;TRRUST_DoRothEA;TfactS_CollecTRI2					existing_public_pair_union			1	false		existing_or_canonical	
e9q2d3	E9Q2D3	mouse	OmniPath_DoRothEA	ARACNe-GTEx_DoRothEA;CollecTRI;CollecTRI2;DoRothEA;DoRothEA-A_CollecTRI;DoRothEA-A_CollecTRI2;ExTRI2_CollecTRI2;HTRI_CollecTRI;HTRIdb;HTRIdb_CollecTRI2;HTRIdb_DoRothEA;NTNU.Curated_CollecTRI;NTNUcuration_CollecTRI2;SIGNOR_CollecTRI;SIGNOR_CollecTRI2;TRRUST;TRRUST_CollecTRI;TRRUST_CollecTRI2;TRRUST_DoRothEA					existing_public_pair_union			1	false		existing_or_canonical	
e9qkt0	E9QKT0	mouse	OmniPath_DoRothEA	CollecTRI;CollecTRI2;DoRothEA;DoRothEA-A_CollecTRI2;ExTRI2_CollecTRI2;ExTRI_CollecTRI;GOA_CollecTRI;GOA_CollecTRI2;HOCOMOCO_DoRothEA;JASPAR_DoRothEA;TRRUST;TRRUST_CollecTRI;TRRUST_CollecTRI2;TRRUST_DoRothEA					existing_public_pair_union			1	false		existing_or_canonical	
e9qps1	E9QPS1	mouse	OmniPath_DoRothEA	ARACNe-GTEx_DoRothEA;CollecTRI;CollecTRI2;DoRothEA;DoRothEA-A_CollecTRI;DoRothEA-A_CollecTRI2;ENCODE-distal;ENCODE-proximal;ExTRI2_CollecTRI2;GEREDB_CollecTRI;GEREDB_CollecTRI2;HOCOMOCO_DoRothEA;HTRI_CollecTRI;HTRIdb;HTRIdb_CollecTRI2;HTRIdb_DoRothEA;JASPAR_DoRothEA;ReMap_DoRothEA;SIGNOR_CollecTRI;SIGNOR_CollecTRI2;TFactS_CollecTRI;TFactS_DoRothEA;TFe_DoRothEA;TRRUST;TRRUST_CollecTRI;TRRUST_CollecTRI2;TRRUST_DoRothEA;TfactS_CollecTRI2					existing_public_pair_union			1	false		existing_or_canonical	
e9qq91	E9QQ91	mouse	OmniPath_DoRothEA	ARACNe-GTEx_DoRothEA;CollecTRI;CollecTRI2;DoRothEA;DoRothEA-A_CollecTRI;DoRothEA-A_CollecTRI2;ExTRI2_CollecTRI2;ExTRI_CollecTRI;FANTOM4_DoRothEA;GEREDB_CollecTRI;GEREDB_CollecTRI2;HOCOMOCO_DoRothEA;HTRI_CollecTRI;HTRIdb;HTRIdb_CollecTRI2;HTRIdb_DoRothEA;IntAct_CollecTRI;IntAct_CollecTRI2;IntAct_DoRothEA;JASPAR_DoRothEA;KEGG-MEDICUS;NTNU.Curated_CollecTRI;NTNUcuration_CollecTRI2;Pavlidis2021_CollecTRI;Pavlidis_CollecTRI2;ReMap_DoRothEA;TFactS_CollecTRI;TFactS_DoRothEA;TRRUST;TRRUST_CollecTRI;TRRUST_CollecTRI2;TRRUST_DoRothEA;TfactS_CollecTRI2					existing_public_pair_union			1	false		existing_or_canonical	
eaf1	EAF1	human	TFLink;TRRUST	TRRUST				existing_public_pair_union				1	false		existing_or_canonical	
eapp	EAPP	human	TFLink;TRRUST	TRRUST				existing_public_pair_union				1	false		existing_or_canonical	
ebf1	EBF1;Ebf1	human;mouse;vertebrates	AnimalTFDB3;JASPAR_CORE;Lambert_HumanTFs;OmniPath_DoRothEA;TFLink;TRRUST	ARACNe-GTEx_DoRothEA;DoRothEA;ENCODE-proximal;HOCOMOCO_DoRothEA;JASPAR_DoRothEA;ReMap_DoRothEA;TRRUST	canonical_tf_edge;canonical_tf_role;module_22B_regulon	canonical_tf_edge;canonical_tf_role;module_22B_regulon	canonical_tf_edge;canonical_tf_role;module_22B_regulon	existing_public_pair_union	existing_public_pair_union	canonical_name_or_species_scope_match	16942	3	true		existing_or_canonical	Cross-species inventory collapse only; retain species-specific evidence records separately.; Vertebrate JASPAR/profile scope is not treated as human/mouse evidence.
ebf2	EBF2;Ebf2	human;mouse;vertebrates	AnimalTFDB3;JASPAR_CORE;Lambert_HumanTFs;TFLink					new_candidate	new_candidate	new_candidate		3	false	human;mouse;vertebrates	new_candidate	Cross-species inventory collapse only; retain species-specific evidence records separately.; Vertebrate JASPAR/profile scope is not treated as human/mouse evidence.
ebf3	EBF3;Ebf3	human;mouse;vertebrates	AnimalTFDB3;JASPAR_CORE;Lambert_HumanTFs;TFLink;TRRUST	TRRUST				existing_public_pair_union	new_candidate	new_candidate		3	false	mouse;vertebrates	existing_or_canonical	Cross-species inventory collapse only; retain species-specific evidence records separately.; Vertebrate JASPAR/profile scope is not treated as human/mouse evidence.
ebf4	EBF4;Ebf4	human;mouse;vertebrates	AnimalTFDB3;JASPAR_CORE;Lambert_HumanTFs					new_candidate	new_candidate	new_candidate		3	false	human;mouse;vertebrates	new_candidate	Cross-species inventory collapse only; retain species-specific evidence records separately.; Vertebrate JASPAR/profile scope is not treated as human/mouse evidence.
ebna1bp2	EBNA1BP2	human	TFLink					new_candidate				1	false	human	new_candidate	
ebp	EBP	human	TFLink					new_candidate				1	false	human	new_candidate	
ecd	ECD	human	TFLink;TRRUST	TRRUST				existing_public_pair_union				1	false		existing_or_canonical	
edn1	Edn1	mouse	TFLink;TRRUST	TRRUST					existing_public_pair_union			1	false		existing_or_canonical	
eea1	EEA1	human	Lambert_HumanTFs					new_candidate				1	false	human	new_candidate	
eed	EED;Eed	human;mouse	TFLink;TRRUST	TRRUST				existing_public_pair_union	new_candidate			2	false	mouse	existing_or_canonical	Cross-species inventory collapse only; retain species-specific evidence records separately.
eef1a1	Eef1a1	mouse	TFLink						new_candidate			1	false	mouse	new_candidate	
efna2	Efna2	mouse	TFLink						new_candidate			1	false	mouse	new_candidate	
efnb2	Efnb2	mouse	TFLink						new_candidate			1	false	mouse	new_candidate	
egf	EGF	human	TFLink;TRRUST	TRRUST				existing_public_pair_union				1	false		existing_or_canonical	
egfr	EGFR	human	TFLink					new_candidate				1	false	human	new_candidate	
egln2	EGLN2	human	TFLink					new_candidate				1	false	human	new_candidate	
egr1	EGR1;Egr1	human;mouse;vertebrates	AnimalTFDB3;JASPAR_CORE;Lambert_HumanTFs;OmniPath_DoRothEA;TFLink;TRRUST	ARACNe-GTEx_DoRothEA;CollecTRI;CollecTRI2;CytReg_CollecTRI;CytReg_CollecTRI2;DoRothEA;DoRothEA-A_CollecTRI;DoRothEA-A_CollecTRI2;ENCODE-distal;ENCODE-proximal;ExTRI2_CollecTRI2;ExTRI_CollecTRI;FANTOM4_DoRothEA;GEREDB_CollecTRI;GEREDB_CollecTRI2;GOA_CollecTRI;GOA_CollecTRI2;HOCOMOCO_DoRothEA;HTRI_CollecTRI;HTRIdb;HTRIdb_CollecTRI2;HTRIdb_DoRothEA;JASPAR_DoRothEA;NTNU.Curated_CollecTRI;NTNUcuration_CollecTRI2;ORegAnno;ORegAnno_DoRothEA;PAZAR;PAZAR_DoRothEA;Pavlidis2021_CollecTRI;Pavlidis_CollecTRI2;ReMap_DoRothEA;RegNetwork_DoRothEA;SIGNOR;SIGNOR_CollecTRI;SIGNOR_CollecTRI2;TFactS_CollecTRI;TFactS_DoRothEA;TRED_DoRothEA;TRRD_DoRothEA;TRRUST;TRRUST_CollecTRI;TRRUST_CollecTRI2;TRRUST_DoRothEA;TfactS_CollecTRI2	canonical_tf_edge;canonical_tf_role;module_22B_regulon	canonical_tf_edge;canonical_tf_role;module_22B_regulon	canonical_tf_edge;canonical_tf_role;module_22B_regulon	existing_public_pair_union	existing_public_pair_union	canonical_name_or_species_scope_match	11787;16943	3	true		existing_or_canonical	Cross-species inventory collapse only; retain species-specific evidence records separately.; Vertebrate JASPAR/profile scope is not treated as human/mouse evidence.
egr2	EGR2;Egr2	human;mouse;vertebrates	AnimalTFDB3;JASPAR_CORE;Lambert_HumanTFs;OmniPath_DoRothEA;TFLink;TRRUST	CollecTRI;CollecTRI2;DoRothEA;DoRothEA-A_CollecTRI;DoRothEA-A_CollecTRI2;ExTRI2_CollecTRI2;ExTRI_CollecTRI;GEREDB_CollecTRI;GEREDB_CollecTRI2;HTRI_CollecTRI;HTRIdb;HTRIdb_CollecTRI2;HTRIdb_DoRothEA;JASPAR_DoRothEA;TRRUST;TRRUST_CollecTRI;TRRUST_CollecTRI2;TRRUST_DoRothEA;TfactS_CollecTRI2				existing_public_pair_union	existing_public_pair_union	new_candidate		3	false	vertebrates	existing_or_canonical	Cross-species inventory collapse only; retain species-specific evidence records separately.; Vertebrate JASPAR/profile scope is not treated as human/mouse evidence.
egr3	EGR3;Egr3	human;mouse;vertebrates	AnimalTFDB3;JASPAR_CORE;Lambert_HumanTFs;OmniPath_DoRothEA;TFLink;TRRUST	CollecTRI;CollecTRI2;DoRothEA;DoRothEA-A_CollecTRI2;ExTRI2_CollecTRI2;ExTRI_CollecTRI;GEREDB_CollecTRI;GEREDB_CollecTRI2;JASPAR_DoRothEA;SIGNOR_CollecTRI;SIGNOR_CollecTRI2;TRRUST;TRRUST_CollecTRI;TRRUST_CollecTRI2;TRRUST_DoRothEA				existing_public_pair_union	existing_public_pair_union	new_candidate		3	false	vertebrates	existing_or_canonical	Cross-species inventory collapse only; retain species-specific evidence records separately.; Vertebrate JASPAR/profile scope is not treated as human/mouse evidence.
egr4	EGR4;Egr4	human;mouse;vertebrates	AnimalTFDB3;JASPAR_CORE;Lambert_HumanTFs;TFLink;TRRUST	TRRUST				new_candidate	existing_public_pair_union	new_candidate		3	false	human;vertebrates	existing_or_canonical	Cross-species inventory collapse only; retain species-specific evidence records separately.; Vertebrate JASPAR/profile scope is not treated as human/mouse evidence.
ehf	EHF;Ehf	human;mouse;vertebrates	AnimalTFDB3;JASPAR_CORE;Lambert_HumanTFs;OmniPath_DoRothEA;TFLink;TRRUST	ARACNe-GTEx_DoRothEA;CollecTRI;CollecTRI2;DoRothEA;DoRothEA-A_CollecTRI2;ExTRI2_CollecTRI2;ExTRI_CollecTRI;GEREDB_CollecTRI;GEREDB_CollecTRI2;HOCOMOCO_DoRothEA;ReMap_DoRothEA;SIGNOR_CollecTRI;SIGNOR_CollecTRI2;TRRUST;TRRUST_CollecTRI;TRRUST_CollecTRI2;TRRUST_DoRothEA				existing_public_pair_union	existing_public_pair_union	new_candidate		3	false	vertebrates	existing_or_canonical	Cross-species inventory collapse only; retain species-specific evidence records separately.; Vertebrate JASPAR/profile scope is not treated as human/mouse evidence.
ehmt1	Ehmt1	mouse	TFLink;TRRUST	TRRUST					existing_public_pair_union			1	false		existing_or_canonical	
ehmt2	EHMT2;Ehmt2	human;mouse	TFLink;TRRUST	TRRUST				existing_public_pair_union	existing_public_pair_union			2	false		existing_or_canonical	Cross-species inventory collapse only; retain species-specific evidence records separately.
eif2ak2	EIF2AK2;Eif2ak2	human;mouse	TFLink;TRRUST	TRRUST				existing_public_pair_union	existing_public_pair_union			2	false		existing_or_canonical	Cross-species inventory collapse only; retain species-specific evidence records separately.
elf1	ELF1;Elf1	human;mouse;vertebrates	AnimalTFDB3;JASPAR_CORE;Lambert_HumanTFs;OmniPath_DoRothEA;TFLink;TRRUST	CollecTRI;CollecTRI2;DoRothEA;DoRothEA-A_CollecTRI2;ENCODE-proximal;ExTRI2_CollecTRI2;ExTRI_CollecTRI;FANTOM4_DoRothEA;GEREDB_CollecTRI;GEREDB_CollecTRI2;HOCOMOCO_DoRothEA;JASPAR_DoRothEA;NTNU.Curated_CollecTRI;NTNUcuration_CollecTRI2;TRRUST;TRRUST_CollecTRI;TRRUST_CollecTRI2;TRRUST_DoRothEA	canonical_tf_edge;canonical_tf_role;module_22B_regulon	canonical_tf_edge;canonical_tf_role;module_22B_regulon	canonical_tf_edge;canonical_tf_role;module_22B_regulon	existing_public_pair_union	existing_public_pair_union	canonical_name_or_species_scope_match	16819	3	true		existing_or_canonical	Cross-species inventory collapse only; retain species-specific evidence records separately.; Vertebrate JASPAR/profile scope is not treated as human/mouse evidence.
elf2	ELF2;Elf2	human;mouse;vertebrates	AnimalTFDB3;JASPAR_CORE;Lambert_HumanTFs;OmniPath_DoRothEA;TFLink;TRRUST	CollecTRI;CollecTRI2;DoRothEA;DoRothEA-A_CollecTRI;DoRothEA-A_CollecTRI2;ExTRI2_CollecTRI2;ExTRI_CollecTRI;GEREDB_CollecTRI;GEREDB_CollecTRI2;HTRI_CollecTRI;HTRIdb;HTRIdb_CollecTRI2;HTRIdb_DoRothEA;SIGNOR_CollecTRI;SIGNOR_CollecTRI2;TRRUST;TRRUST_CollecTRI;TRRUST_CollecTRI2;TRRUST_DoRothEA	canonical_tf_edge;canonical_tf_role;module_22B_regulon	canonical_tf_edge;canonical_tf_role;module_22B_regulon	canonical_tf_edge;canonical_tf_role;module_22B_regulon	existing_public_pair_union	existing_public_pair_union	canonical_name_or_species_scope_match	16944	3	true		existing_or_canonical	Cross-species inventory collapse only; retain species-specific evidence records separately.; Vertebrate JASPAR/profile scope is not treated as human/mouse evidence.
elf3	ELF3;Elf3	human;mouse;vertebrates	AnimalTFDB3;JASPAR_CORE;Lambert_HumanTFs;OmniPath_DoRothEA;TFLink;TRRUST	ARACNe-GTEx_DoRothEA;CollecTRI;CollecTRI2;DoRothEA;DoRothEA-A_CollecTRI2;ExTRI2_CollecTRI2;ExTRI_CollecTRI;GEREDB_CollecTRI;GEREDB_CollecTRI2;GOA_CollecTRI2;HOCOMOCO_DoRothEA;ReMap_DoRothEA;SIGNOR_CollecTRI;SIGNOR_CollecTRI2;TRRUST;TRRUST_CollecTRI;TRRUST_CollecTRI2;TRRUST_DoRothEA				existing_public_pair_union	existing_public_pair_union	new_candidate		3	false	vertebrates	existing_or_canonical	Cross-species inventory collapse only; retain species-specific evidence records separately.; Vertebrate JASPAR/profile scope is not treated as human/mouse evidence.
elf4	ELF4;Elf4	human;mouse;vertebrates	AnimalTFDB3;JASPAR_CORE;Lambert_HumanTFs;TFLink;TRRUST	TRRUST				existing_public_pair_union	existing_public_pair_union	new_candidate		3	false	vertebrates	existing_or_canonical	Cross-species inventory collapse only; retain species-specific evidence records separately.; Vertebrate JASPAR/profile scope is not treated as human/mouse evidence.
elf5	ELF5;Elf5	human;mouse;vertebrates	AnimalTFDB3;JASPAR_CORE;Lambert_HumanTFs;TFLink;TRRUST	TRRUST				new_candidate	existing_public_pair_union	new_candidate		3	false	human;vertebrates	existing_or_canonical	Cross-species inventory collapse only; retain species-specific evidence records separately.; Vertebrate JASPAR/profile scope is not treated as human/mouse evidence.
elk1	ELK1;Elk1	human;mouse;vertebrates	AnimalTFDB3;JASPAR_CORE;Lambert_HumanTFs;OmniPath_DoRothEA;TFLink;TRRUST	ARACNe-GTEx_DoRothEA;CollecTRI;CollecTRI2;CytReg_CollecTRI;CytReg_CollecTRI2;DoRothEA;DoRothEA-A_CollecTRI;DoRothEA-A_CollecTRI2;DoRothEA-reviews_DoRothEA;ExTRI2_CollecTRI2;ExTRI_CollecTRI;FANTOM4_DoRothEA;GOA_CollecTRI;GOA_CollecTRI2;HOCOMOCO_DoRothEA;HTRI_CollecTRI;HTRIdb;HTRIdb_CollecTRI2;HTRIdb_DoRothEA;JASPAR_DoRothEA;NTNU.Curated_CollecTRI;NTNUcuration_CollecTRI2;Pavlidis2021_CollecTRI;Pavlidis_CollecTRI2;ReMap_DoRothEA;RegNetwork_DoRothEA;SIGNOR;SIGNOR_CollecTRI;SIGNOR_CollecTRI2;TRED_DoRothEA;TRRUST;TRRUST_CollecTRI;TRRUST_CollecTRI2;TRRUST_DoRothEA;TfactS_CollecTRI2	canonical_tf_edge;canonical_tf_role;module_22B_regulon	canonical_tf_edge;canonical_tf_role;module_22B_regulon	canonical_tf_edge;canonical_tf_role;module_22B_regulon	existing_public_pair_union	existing_public_pair_union	canonical_name_or_species_scope_match	11791	3	true		existing_or_canonical	Cross-species inventory collapse only; retain species-specific evidence records separately.; Vertebrate JASPAR/profile scope is not treated as human/mouse evidence.
elk3	ELK3;Elk3	human;mouse;vertebrates	AnimalTFDB3;JASPAR_CORE;Lambert_HumanTFs;OmniPath_DoRothEA;TFLink;TRRUST	CollecTRI;CollecTRI2;DoRothEA;DoRothEA-A_CollecTRI;DoRothEA-A_CollecTRI2;ExTRI2_CollecTRI2;ExTRI_CollecTRI;FANTOM4_DoRothEA;HTRI_CollecTRI;HTRIdb;HTRIdb_CollecTRI2;HTRIdb_DoRothEA;NTNU.Curated_CollecTRI;NTNUcuration_CollecTRI2;RegNetwork_DoRothEA;TRED_DoRothEA;TRRUST				existing_public_pair_union	existing_public_pair_union	new_candidate		3	false	vertebrates	existing_or_canonical	Cross-species inventory collapse only; retain species-specific evidence records separately.; Vertebrate JASPAR/profile scope is not treated as human/mouse evidence.
elk4	ELK4;Elk4	human;mouse;vertebrates	AnimalTFDB3;JASPAR_CORE;Lambert_HumanTFs;OmniPath_DoRothEA;TFLink;TRRUST	CollecTRI;CollecTRI2;DoRothEA;DoRothEA-A_CollecTRI2;ENCODE-proximal;ExTRI2_CollecTRI2;ExTRI_CollecTRI;FANTOM4_DoRothEA;GEREDB_CollecTRI;GEREDB_CollecTRI2;NTNU.Curated_CollecTRI;NTNUcuration_CollecTRI2;ReMap_DoRothEA;RegNetwork_DoRothEA;TRED_DoRothEA;TRRUST;TRRUST_CollecTRI;TRRUST_CollecTRI2;TRRUST_DoRothEA;TfactS_CollecTRI2	canonical_tf_edge;canonical_tf_role;module_22B_regulon	canonical_tf_edge;canonical_tf_role;module_22B_regulon	canonical_tf_edge;canonical_tf_role;module_22B_regulon	existing_public_pair_union	existing_public_pair_union	canonical_name_or_species_scope_match	16945	3	true		existing_or_canonical	Cross-species inventory collapse only; retain species-specific evidence records separately.; Vertebrate JASPAR/profile scope is not treated as human/mouse evidence.
ell	ELL;Ell	human;mouse	TFLink;TRRUST	TRRUST				existing_public_pair_union	new_candidate			2	false	mouse	existing_or_canonical	Cross-species inventory collapse only; retain species-specific evidence records separately.
ell2	ELL2;Ell2	human;mouse	TFLink					new_candidate	new_candidate			2	false	human;mouse	new_candidate	Cross-species inventory collapse only; retain species-specific evidence records separately.
ell3	Ell3	mouse	TFLink;TRRUST	TRRUST					existing_public_pair_union			1	false		existing_or_canonical	
elmsan1	ELMSAN1;Elmsan1	human;mouse	AnimalTFDB3					new_candidate	new_candidate			2	false	human;mouse	new_candidate	Cross-species inventory collapse only; retain species-specific evidence records separately.
elob	Elob	mouse	TFLink						new_candidate			1	false	mouse	new_candidate	
elp2	Elp2	mouse	TFLink;TRRUST	TRRUST					existing_public_pair_union			1	false		existing_or_canonical	
elp3	Elp3	mouse	TFLink;TRRUST	TRRUST					existing_public_pair_union			1	false		existing_or_canonical	
emsy	EMSY	human	TFLink					new_candidate				1	false	human	new_candidate	
emx1	EMX1;Emx1	human;mouse;vertebrates	AnimalTFDB3;JASPAR_CORE;Lambert_HumanTFs;TFLink					new_candidate	new_candidate	new_candidate		3	false	human;mouse;vertebrates	new_candidate	Cross-species inventory collapse only; retain species-specific evidence records separately.; Vertebrate JASPAR/profile scope is not treated as human/mouse evidence.
emx2	EMX2;Emx2	human;mouse;vertebrates	AnimalTFDB3;JASPAR_CORE;Lambert_HumanTFs;TFLink;TRRUST	TRRUST				new_candidate	existing_public_pair_union	new_candidate		3	false	human;vertebrates	existing_or_canonical	Cross-species inventory collapse only; retain species-specific evidence records separately.; Vertebrate JASPAR/profile scope is not treated as human/mouse evidence.
en1	EN1;En1	human;mouse;vertebrates	AnimalTFDB3;JASPAR_CORE;Lambert_HumanTFs;OmniPath_DoRothEA;TFLink;TRRUST	CollecTRI;CollecTRI2;DoRothEA;DoRothEA-A_CollecTRI;DoRothEA-A_CollecTRI2;ExTRI2_CollecTRI2;ExTRI_CollecTRI;HTRI_CollecTRI;HTRIdb;HTRIdb_CollecTRI2;HTRIdb_DoRothEA;TRRUST;TRRUST_CollecTRI;TRRUST_CollecTRI2;TRRUST_DoRothEA				existing_public_pair_union	existing_public_pair_union	new_candidate		3	false	vertebrates	existing_or_canonical	Cross-species inventory collapse only; retain species-specific evidence records separately.; Vertebrate JASPAR/profile scope is not treated as human/mouse evidence.
en2	EN2;En2	human;mouse;vertebrates	AnimalTFDB3;JASPAR_CORE;Lambert_HumanTFs;TFLink;TRRUST	TRRUST				new_candidate	existing_public_pair_union	new_candidate		3	false	human;vertebrates	existing_or_canonical	Cross-species inventory collapse only; retain species-specific evidence records separately.; Vertebrate JASPAR/profile scope is not treated as human/mouse evidence.
eno1	ENO1	human	TFLink;TRRUST	TRRUST				existing_public_pair_union				1	false		existing_or_canonical	
eomes	EOMES;Eomes	human;mouse;vertebrates	AnimalTFDB3;JASPAR_CORE;Lambert_HumanTFs;TFLink;TRRUST	TRRUST	canonical_tf_edge;canonical_tf_role;module_22B_regulon	canonical_tf_edge;canonical_tf_role;module_22B_regulon	canonical_tf_edge;canonical_tf_role;module_22B_regulon	existing_public_pair_union	existing_public_pair_union	canonical_name_or_species_scope_match	16946	3	true		existing_or_canonical	Cross-species inventory collapse only; retain species-specific evidence records separately.; Vertebrate JASPAR/profile scope is not treated as human/mouse evidence.
ep300	EP300;Ep300	human;mouse	TFLink;TRRUST	TRRUST				existing_public_pair_union	existing_public_pair_union			2	false		existing_or_canonical	Cross-species inventory collapse only; retain species-specific evidence records separately.
ep400	EP400;Ep400	human;mouse	TFLink					new_candidate	new_candidate			2	false	human;mouse	new_candidate	Cross-species inventory collapse only; retain species-specific evidence records separately.
epas1	EPAS1;Epas1	human;mouse;vertebrates	AnimalTFDB3;JASPAR_CORE;Lambert_HumanTFs;OmniPath_DoRothEA;TFLink;TRRUST	ARACNe-GTEx_DoRothEA;CollecTRI;CollecTRI2;DoRothEA;DoRothEA-A_CollecTRI;DoRothEA-A_CollecTRI2;ExTRI2_CollecTRI2;ExTRI_CollecTRI;GEREDB_CollecTRI;GEREDB_CollecTRI2;HOCOMOCO_DoRothEA;HTRI_CollecTRI;HTRIdb;HTRIdb_CollecTRI2;HTRIdb_DoRothEA;IntAct_DoRothEA;NTNU.Curated_CollecTRI;NTNUcuration_CollecTRI2;PAZAR;PAZAR_DoRothEA;ReMap_DoRothEA;RegNetwork_DoRothEA;TFe_DoRothEA;TRED_DoRothEA;TRRUST;TRRUST_CollecTRI;TRRUST_CollecTRI2;TRRUST_DoRothEA;TfactS_CollecTRI2				existing_public_pair_union	existing_public_pair_union	new_candidate		3	false	vertebrates	existing_or_canonical	Cross-species inventory collapse only; retain species-specific evidence records separately.; Vertebrate JASPAR/profile scope is not treated as human/mouse evidence.
epc1	EPC1;Epc1	human;mouse	TFLink;TRRUST	TRRUST				new_candidate	existing_public_pair_union			2	false	human	existing_or_canonical	Cross-species inventory collapse only; retain species-specific evidence records separately.
epo	Epo	mouse	TFLink;TRRUST	TRRUST					existing_public_pair_union			1	false		existing_or_canonical	
epop	Epop	mouse	TFLink						new_candidate			1	false	mouse	new_candidate	
epor	Epor	mouse	TFLink;TRRUST	TRRUST					existing_public_pair_union			1	false		existing_or_canonical	
ercc2	ERCC2	human	TFLink;TRRUST	TRRUST				existing_public_pair_union				1	false		existing_or_canonical	
ercc3	ERCC3	human	TFLink					new_candidate				1	false	human	new_candidate	
ercc6	ERCC6	human	TFLink					new_candidate				1	false	human	new_candidate	
ercc8	ERCC8	human	TFLink					new_candidate				1	false	human	new_candidate	
erf	ERF;Erf	human;mouse;vertebrates	AnimalTFDB3;JASPAR_CORE;Lambert_HumanTFs;OmniPath_DoRothEA;TFLink;TRRUST	CollecTRI;CollecTRI2;DoRothEA;DoRothEA-A_CollecTRI2;ExTRI2_CollecTRI2;ExTRI_CollecTRI;FANTOM4_DoRothEA;TRRUST;TRRUST_CollecTRI;TRRUST_CollecTRI2;TRRUST_DoRothEA				existing_public_pair_union	existing_public_pair_union	new_candidate		3	false	vertebrates	existing_or_canonical	Cross-species inventory collapse only; retain species-specific evidence records separately.; Vertebrate JASPAR/profile scope is not treated as human/mouse evidence.
erg	ERG;Erg	human;mouse;vertebrates	AnimalTFDB3;JASPAR_CORE;Lambert_HumanTFs;OmniPath_DoRothEA;TFLink;TRRUST	ARACNe-GTEx_DoRothEA;CollecTRI;CollecTRI2;DoRothEA;DoRothEA-A_CollecTRI;DoRothEA-A_CollecTRI2;ExTRI2_CollecTRI2;ExTRI_CollecTRI;GEREDB_CollecTRI;GEREDB_CollecTRI2;GOA_CollecTRI;GOA_CollecTRI2;HOCOMOCO_DoRothEA;HTRI_CollecTRI;HTRIdb;HTRIdb_CollecTRI2;HTRIdb_DoRothEA;IntAct_DoRothEA;NTNU.Curated_CollecTRI;NTNUcuration_CollecTRI2;Pavlidis2021_CollecTRI;Pavlidis_CollecTRI2;ReMap_DoRothEA;RegNetwork_DoRothEA;SIGNOR;SIGNOR_CollecTRI;SIGNOR_CollecTRI2;TRED_DoRothEA;TRRUST;TRRUST_CollecTRI;TRRUST_CollecTRI2;TRRUST_DoRothEA;TfactS_CollecTRI2	canonical_tf_edge;canonical_tf_role;module_22B_regulon	canonical_tf_edge;canonical_tf_role;module_22B_regulon	canonical_tf_edge;canonical_tf_role;module_22B_regulon	existing_public_pair_union	existing_public_pair_union	canonical_name_or_species_scope_match	16820	3	true		existing_or_canonical	Cross-species inventory collapse only; retain species-specific evidence records separately.; Vertebrate JASPAR/profile scope is not treated as human/mouse evidence.
esco2	ESCO2	human	TFLink					new_candidate				1	false	human	new_candidate	
esr1	ESR1;Esr1	human;mouse;vertebrates	AnimalTFDB3;JASPAR_CORE;Lambert_HumanTFs;OmniPath_DoRothEA;TFLink;TRRUST	ARACNe-GTEx_DoRothEA;CollecTRI;CollecTRI2;CytReg_CollecTRI;CytReg_CollecTRI2;DoRothEA;DoRothEA-A_CollecTRI;DoRothEA-A_CollecTRI2;ENCODE-proximal;ExTRI2_CollecTRI2;ExTRI_CollecTRI;FANTOM4_DoRothEA;GEREDB_CollecTRI;GEREDB_CollecTRI2;GOA_CollecTRI;GOA_CollecTRI2;HOCOMOCO_DoRothEA;HTRI_CollecTRI;HTRIdb;HTRIdb_CollecTRI2;HTRIdb_DoRothEA;IntAct_CollecTRI;IntAct_CollecTRI2;IntAct_DoRothEA;JASPAR_DoRothEA;KEGG-MEDICUS;NTNU.Curated_CollecTRI;NTNUcuration_CollecTRI2;ORegAnno;ORegAnno_DoRothEA;PAZAR;PAZAR_DoRothEA;Pavlidis2021_CollecTRI;Pavlidis_CollecTRI2;ReMap_DoRothEA;RegNetwork_DoRothEA;SIGNOR;SIGNOR_CollecTRI;SIGNOR_CollecTRI2;TFactS_CollecTRI;TFactS_DoRothEA;TFe_DoRothEA;TRED_DoRothEA;TRRUST;TRRUST_CollecTRI;TRRUST_CollecTRI2;TRRUST_DoRothEA;TfactS_CollecTRI2	canonical_tf_edge;canonical_tf_role;module_22B_regulon	canonical_tf_edge;canonical_tf_role;module_22B_regulon	canonical_tf_edge;canonical_tf_role;module_22B_regulon	existing_public_pair_union	existing_public_pair_union	canonical_name_or_species_scope_match	11807	3	true		existing_or_canonical	Cross-species inventory collapse only; retain species-specific evidence records separately.; Vertebrate JASPAR/profile scope is not treated as human/mouse evidence.
esr2	ESR2;Esr2	human;mouse;vertebrates	AnimalTFDB3;JASPAR_CORE;Lambert_HumanTFs;OmniPath_DoRothEA;TFLink;TRRUST	ARACNe-GTEx_DoRothEA;CollecTRI;CollecTRI2;DoRothEA;DoRothEA-A_CollecTRI;DoRothEA-A_CollecTRI2;ExTRI2_CollecTRI2;ExTRI_CollecTRI;GEREDB_CollecTRI;GEREDB_CollecTRI2;HOCOMOCO_DoRothEA;HTRI_CollecTRI;HTRIdb;HTRIdb_CollecTRI2;HTRIdb_DoRothEA;JASPAR_DoRothEA;NTNU.Curated_CollecTRI;NTNUcuration_CollecTRI2;PAZAR;ReMap_DoRothEA;RegNetwork_DoRothEA;SIGNOR_CollecTRI;SIGNOR_CollecTRI2;TFe_DoRothEA;TRED_DoRothEA;TRRUST;TRRUST_CollecTRI;TRRUST_CollecTRI2;TRRUST_DoRothEA;TfactS_CollecTRI2	canonical_tf_edge;canonical_tf_role	canonical_tf_edge;canonical_tf_role	canonical_tf_edge;canonical_tf_role	existing_public_pair_union	existing_public_pair_union	canonical_name_or_species_scope_match	11808	3	true		existing_or_canonical	Cross-species inventory collapse only; retain species-specific evidence records separately.; Vertebrate JASPAR/profile scope is not treated as human/mouse evidence.
esrra	ESRRA;Esrra	human;mouse;vertebrates	AnimalTFDB3;JASPAR_CORE;Lambert_HumanTFs;OmniPath_DoRothEA;TFLink;TRRUST	ARACNe-GTEx_DoRothEA;CollecTRI;CollecTRI2;DoRothEA;DoRothEA-A_CollecTRI;DoRothEA-A_CollecTRI2;ExTRI2_CollecTRI2;ExTRI_CollecTRI;HOCOMOCO_DoRothEA;HTRI_CollecTRI;HTRIdb;HTRIdb_CollecTRI2;HTRIdb_DoRothEA;JASPAR_DoRothEA;NTNU.Curated_CollecTRI;NTNUcuration_CollecTRI2;ReMap_DoRothEA;SIGNOR_CollecTRI;SIGNOR_CollecTRI2;TRRUST;TRRUST_CollecTRI;TRRUST_CollecTRI2;TRRUST_DoRothEA				existing_public_pair_union	existing_public_pair_union	new_candidate		3	false	vertebrates	existing_or_canonical	Cross-species inventory collapse only; retain species-specific evidence records separately.; Vertebrate JASPAR/profile scope is not treated as human/mouse evidence.
esrrb	ESRRB;Esrrb	human;mouse;vertebrates	AnimalTFDB3;JASPAR_CORE;Lambert_HumanTFs;TFLink;TRRUST	TRRUST				existing_public_pair_union	existing_public_pair_union	new_candidate		3	false	vertebrates	existing_or_canonical	Cross-species inventory collapse only; retain species-specific evidence records separately.; Vertebrate JASPAR/profile scope is not treated as human/mouse evidence.
esrrg	ESRRG;Esrrg	human;mouse;vertebrates	AnimalTFDB3;JASPAR_CORE;Lambert_HumanTFs;TFLink;TRRUST	TRRUST				existing_public_pair_union	existing_public_pair_union	new_candidate		3	false	vertebrates	existing_or_canonical	Cross-species inventory collapse only; retain species-specific evidence records separately.; Vertebrate JASPAR/profile scope is not treated as human/mouse evidence.
esx1	ESX1;Esx1	human;mouse;vertebrates	AnimalTFDB3;JASPAR_CORE;Lambert_HumanTFs;TFLink					new_candidate	new_candidate	new_candidate		3	false	human;mouse;vertebrates	new_candidate	Cross-species inventory collapse only; retain species-specific evidence records separately.; Vertebrate JASPAR/profile scope is not treated as human/mouse evidence.
ets1	ETS1;Ets1	human;mouse;vertebrates	AnimalTFDB3;JASPAR_CORE;Lambert_HumanTFs;OmniPath_DoRothEA;TFLink;TRRUST	ARACNe-GTEx_DoRothEA;CollecTRI;CollecTRI2;CytReg_CollecTRI;CytReg_CollecTRI2;DoRothEA;DoRothEA-A_CollecTRI;DoRothEA-A_CollecTRI2;ENCODE-distal;ENCODE-proximal;ExTRI2_CollecTRI2;ExTRI_CollecTRI;FANTOM4_DoRothEA;GEREDB_CollecTRI;GEREDB_CollecTRI2;GOA_CollecTRI;GOA_CollecTRI2;HOCOMOCO_DoRothEA;HTRI_CollecTRI;HTRIdb;HTRIdb_CollecTRI2;HTRIdb_DoRothEA;JASPAR_DoRothEA;NTNU.Curated_CollecTRI;NTNUcuration_CollecTRI2;PAZAR;PAZAR_DoRothEA;ReMap_DoRothEA;RegNetwork_DoRothEA;SIGNOR;SIGNOR_CollecTRI;SIGNOR_CollecTRI2;TFactS_CollecTRI;TFactS_DoRothEA;TRED_DoRothEA;TRRD_DoRothEA;TRRUST;TRRUST_CollecTRI;TRRUST_CollecTRI2;TRRUST_DoRothEA;TfactS_CollecTRI2	canonical_tf_edge;canonical_tf_role;module_22B_regulon	canonical_tf_edge;canonical_tf_role;module_22B_regulon	canonical_tf_edge;canonical_tf_role;module_22B_regulon	existing_public_pair_union	existing_public_pair_union	canonical_name_or_species_scope_match	16821;16947	3	true		existing_or_canonical	Cross-species inventory collapse only; retain species-specific evidence records separately.; Vertebrate JASPAR/profile scope is not treated as human/mouse evidence.
ets2	ETS2;Ets2	human;mouse;vertebrates	AnimalTFDB3;JASPAR_CORE;Lambert_HumanTFs;OmniPath_DoRothEA;TFLink;TRRUST	ARACNe-GTEx_DoRothEA;CollecTRI;CollecTRI2;CytReg_CollecTRI;CytReg_CollecTRI2;DoRothEA;DoRothEA-A_CollecTRI;DoRothEA-A_CollecTRI2;ExTRI2_CollecTRI2;ExTRI_CollecTRI;FANTOM4_DoRothEA;GEREDB_CollecTRI;GEREDB_CollecTRI2;GOA_CollecTRI;GOA_CollecTRI2;HOCOMOCO_DoRothEA;HTRI_CollecTRI;HTRIdb;HTRIdb_CollecTRI2;HTRIdb_DoRothEA;NTNU.Curated_CollecTRI;NTNUcuration_CollecTRI2;PAZAR;PAZAR_DoRothEA;RegNetwork_DoRothEA;TFactS_CollecTRI;TFactS_DoRothEA;TRED_DoRothEA;TRRD_DoRothEA;TRRUST;TRRUST_CollecTRI;TRRUST_CollecTRI2;TRRUST_DoRothEA;TfactS_CollecTRI2				existing_public_pair_union	existing_public_pair_union	new_candidate		3	false	vertebrates	existing_or_canonical	Cross-species inventory collapse only; retain species-specific evidence records separately.; Vertebrate JASPAR/profile scope is not treated as human/mouse evidence.
etv1	ETV1;Etv1	human;mouse;vertebrates	AnimalTFDB3;JASPAR_CORE;Lambert_HumanTFs;TFLink;TRRUST	TRRUST				existing_public_pair_union	existing_public_pair_union	new_candidate		3	false	vertebrates	existing_or_canonical	Cross-species inventory collapse only; retain species-specific evidence records separately.; Vertebrate JASPAR/profile scope is not treated as human/mouse evidence.
etv2	ETV2;Etv2	human;mouse;vertebrates	AnimalTFDB3;JASPAR_CORE;Lambert_HumanTFs;TFLink;TRRUST	TRRUST				new_candidate	existing_public_pair_union	new_candidate		3	false	human;vertebrates	existing_or_canonical	Cross-species inventory collapse only; retain species-specific evidence records separately.; Vertebrate JASPAR/profile scope is not treated as human/mouse evidence.
etv3	ETV3;Etv3	human;mouse;vertebrates	AnimalTFDB3;JASPAR_CORE;Lambert_HumanTFs;OmniPath_DoRothEA;TFLink;TRRUST	ARACNe-GTEx_DoRothEA;CollecTRI;CollecTRI2;DoRothEA;DoRothEA-A_CollecTRI2;TRRUST;TRRUST_CollecTRI;TRRUST_CollecTRI2;TRRUST_DoRothEA				existing_public_pair_union	existing_public_pair_union	new_candidate		3	false	vertebrates	existing_or_canonical	Cross-species inventory collapse only; retain species-specific evidence records separately.; Vertebrate JASPAR/profile scope is not treated as human/mouse evidence.
etv3l	ETV3L	human	AnimalTFDB3;Lambert_HumanTFs					new_candidate				1	false	human	new_candidate	
etv4	ETV4;Etv4	human;mouse;vertebrates	AnimalTFDB3;JASPAR_CORE;Lambert_HumanTFs;OmniPath_DoRothEA;TFLink;TRRUST	CollecTRI;CollecTRI2;DoRothEA;DoRothEA-A_CollecTRI;DoRothEA-A_CollecTRI2;ExTRI2_CollecTRI2;ExTRI_CollecTRI;FANTOM4_DoRothEA;GEREDB_CollecTRI;GEREDB_CollecTRI2;GOA_CollecTRI;GOA_CollecTRI2;HOCOMOCO_DoRothEA;HTRI_CollecTRI;HTRIdb;HTRIdb_CollecTRI2;HTRIdb_DoRothEA;JASPAR_DoRothEA;NTNU.Curated_CollecTRI;NTNUcuration_CollecTRI2;ReMap_DoRothEA;RegNetwork_DoRothEA;SIGNOR_CollecTRI;SIGNOR_CollecTRI2;TRED_DoRothEA;TRRUST;TRRUST_CollecTRI;TRRUST_CollecTRI2;TRRUST_DoRothEA;TfactS_CollecTRI2				existing_public_pair_union	existing_public_pair_union	new_candidate		3	false	vertebrates	existing_or_canonical	Cross-species inventory collapse only; retain species-specific evidence records separately.; Vertebrate JASPAR/profile scope is not treated as human/mouse evidence.
etv5	ETV5;Etv5	human;mouse;vertebrates	AnimalTFDB3;JASPAR_CORE;Lambert_HumanTFs;TFLink;TRRUST	TRRUST	canonical_tf_edge;canonical_tf_role;module_22B_regulon	canonical_tf_edge;canonical_tf_role;module_22B_regulon	canonical_tf_edge;canonical_tf_role;module_22B_regulon	existing_public_pair_union	existing_public_pair_union	canonical_name_or_species_scope_match	11811	3	true		existing_or_canonical	Cross-species inventory collapse only; retain species-specific evidence records separately.; Vertebrate JASPAR/profile scope is not treated as human/mouse evidence.
etv6	ETV6;Etv6	human;mouse;vertebrates	AnimalTFDB3;JASPAR_CORE;Lambert_HumanTFs;TFLink;TRRUST	TRRUST				existing_public_pair_union	existing_public_pair_union	new_candidate		3	false	vertebrates	existing_or_canonical	Cross-species inventory collapse only; retain species-specific evidence records separately.; Vertebrate JASPAR/profile scope is not treated as human/mouse evidence.
etv7	ETV7	human;vertebrates	AnimalTFDB3;JASPAR_CORE;Lambert_HumanTFs;TFLink;TRRUST	TRRUST				existing_public_pair_union		new_candidate		2	false	vertebrates	existing_or_canonical	Cross-species inventory collapse only; retain species-specific evidence records separately.; Vertebrate JASPAR/profile scope is not treated as human/mouse evidence.
evx1	EVX1;Evx1	human;mouse;vertebrates	AnimalTFDB3;JASPAR_CORE;Lambert_HumanTFs;TFLink;TRRUST	TRRUST				existing_public_pair_union	new_candidate	new_candidate		3	false	mouse;vertebrates	existing_or_canonical	Cross-species inventory collapse only; retain species-specific evidence records separately.; Vertebrate JASPAR/profile scope is not treated as human/mouse evidence.
evx2	EVX2;Evx2	human;mouse;vertebrates	AnimalTFDB3;JASPAR_CORE;Lambert_HumanTFs					new_candidate	new_candidate	new_candidate		3	false	human;mouse;vertebrates	new_candidate	Cross-species inventory collapse only; retain species-specific evidence records separately.; Vertebrate JASPAR/profile scope is not treated as human/mouse evidence.
ewsr1	EWSR1;Ewsr1	human;mouse	TFLink;TRRUST	TRRUST				existing_public_pair_union	existing_public_pair_union			2	false		existing_or_canonical	Cross-species inventory collapse only; retain species-specific evidence records separately.
ewsr1-fli1	EWSR1-FLI1	vertebrates	JASPAR_CORE							new_candidate		1	false	vertebrates	new_candidate	Vertebrate JASPAR/profile scope is not treated as human/mouse evidence.
eya1	Eya1	mouse	TFLink;TRRUST	TRRUST					existing_public_pair_union			1	false		existing_or_canonical	
eya2	Eya2	mouse	TFLink;TRRUST	TRRUST					existing_public_pair_union			1	false		existing_or_canonical	
ezh1	EZH1;Ezh1	human;mouse	TFLink;TRRUST	TRRUST				new_candidate	existing_public_pair_union			2	false	human	existing_or_canonical	Cross-species inventory collapse only; retain species-specific evidence records separately.
ezh2	EZH2;Ezh2	human;mouse	TFLink;TRRUST	TRRUST	canonical_tf_edge;canonical_tf_role;module_22B_regulon	canonical_tf_edge;canonical_tf_role;module_22B_regulon		existing_public_pair_union	existing_public_pair_union		16822	2	true		existing_or_canonical	Cross-species inventory collapse only; retain species-specific evidence records separately.
f10	F10	human	TFLink					new_candidate				1	false	human	new_candidate	
f6y2t6	F6Y2T6	mouse	OmniPath_DoRothEA	ARACNe-GTEx_DoRothEA;CollecTRI;CollecTRI2;DoRothEA;DoRothEA-A_CollecTRI;DoRothEA-A_CollecTRI2;ExTRI2_CollecTRI2;ExTRI_CollecTRI;FANTOM4_DoRothEA;GEREDB_CollecTRI;GEREDB_CollecTRI2;HOCOMOCO_DoRothEA;HTRI_CollecTRI;HTRIdb;HTRIdb_CollecTRI2;HTRIdb_DoRothEA;NTNU.Curated_CollecTRI;NTNUcuration_CollecTRI2;RegNetwork_DoRothEA;SIGNOR;SIGNOR_CollecTRI;SIGNOR_CollecTRI2;TFactS_CollecTRI;TRED_DoRothEA;TRRUST;TRRUST_CollecTRI;TRRUST_CollecTRI2;TRRUST_DoRothEA;TfactS_CollecTRI2					existing_public_pair_union			1	false		existing_or_canonical	
f8vpv3	F8VPV3	mouse	OmniPath_DoRothEA	CollecTRI;CollecTRI2;DoRothEA;DoRothEA-A_CollecTRI;DoRothEA-A_CollecTRI2;ExTRI2_CollecTRI2;ExTRI_CollecTRI;NTNU.Curated_CollecTRI;NTNUcuration_CollecTRI2;PAZAR;TFe_DoRothEA;TfactS_CollecTRI2					existing_public_pair_union			1	false		existing_or_canonical	
fabp4	Fabp4	mouse	TFLink						new_candidate			1	false	mouse	new_candidate	
fam170a	FAM170A;Fam170a	human;mouse	AnimalTFDB3;Lambert_HumanTFs					new_candidate	new_candidate			2	false	human;mouse	new_candidate	Cross-species inventory collapse only; retain species-specific evidence records separately.
fam200b	FAM200B	human;vertebrates	JASPAR_CORE;Lambert_HumanTFs					new_candidate		new_candidate		2	false	human;vertebrates	new_candidate	Cross-species inventory collapse only; retain species-specific evidence records separately.; Vertebrate JASPAR/profile scope is not treated as human/mouse evidence.
fancd2	FANCD2	human	TFLink					new_candidate				1	false	human	new_candidate	
fancl	FANCL	human	TFLink					new_candidate				1	false	human	new_candidate	
fbxl19	FBXL19;Fbxl19	human;mouse	Lambert_HumanTFs;TFLink					new_candidate	new_candidate			2	false	human;mouse	new_candidate	Cross-species inventory collapse only; retain species-specific evidence records separately.
ferd3l	FERD3L;Ferd3l	human;mouse;vertebrates	AnimalTFDB3;JASPAR_CORE;Lambert_HumanTFs					new_candidate	new_candidate	new_candidate		3	false	human;mouse;vertebrates	new_candidate	Cross-species inventory collapse only; retain species-specific evidence records separately.; Vertebrate JASPAR/profile scope is not treated as human/mouse evidence.
fev	FEV;Fev	human;mouse;vertebrates	AnimalTFDB3;JASPAR_CORE;Lambert_HumanTFs;TFLink					new_candidate	new_candidate	new_candidate		3	false	human;mouse;vertebrates	new_candidate	Cross-species inventory collapse only; retain species-specific evidence records separately.; Vertebrate JASPAR/profile scope is not treated as human/mouse evidence.
fezf1	FEZF1;Fezf1	human;mouse	AnimalTFDB3;Lambert_HumanTFs;TFLink					new_candidate	new_candidate			2	false	human;mouse	new_candidate	Cross-species inventory collapse only; retain species-specific evidence records separately.
fezf2	FEZF2;Fezf2	human;mouse;vertebrates	AnimalTFDB3;JASPAR_CORE;Lambert_HumanTFs;TFLink					new_candidate	new_candidate	new_candidate		3	false	human;mouse;vertebrates	new_candidate	Cross-species inventory collapse only; retain species-specific evidence records separately.; Vertebrate JASPAR/profile scope is not treated as human/mouse evidence.
fgf23	FGF23	human	TFLink					new_candidate				1	false	human	new_candidate	
fgfr1	FGFR1	human	TFLink					new_candidate				1	false	human	new_candidate	
fhl2	FHL2;Fhl2	human;mouse	TFLink;TRRUST	TRRUST				existing_public_pair_union	existing_public_pair_union			2	false		existing_or_canonical	Cross-species inventory collapse only; retain species-specific evidence records separately.
figla	FIGLA;Figla	human;mouse;vertebrates	AnimalTFDB3;JASPAR_CORE;Lambert_HumanTFs;TFLink;TRRUST	TRRUST				existing_public_pair_union	new_candidate	new_candidate		3	false	mouse;vertebrates	existing_or_canonical	Cross-species inventory collapse only; retain species-specific evidence records separately.; Vertebrate JASPAR/profile scope is not treated as human/mouse evidence.
fip1l1	FIP1L1	human	TFLink					new_candidate				1	false	human	new_candidate	
fiz1	FIZ1;Fiz1	human;mouse;vertebrates	AnimalTFDB3;JASPAR_CORE;Lambert_HumanTFs					new_candidate	new_candidate	new_candidate		3	false	human;mouse;vertebrates	new_candidate	Cross-species inventory collapse only; retain species-specific evidence records separately.; Vertebrate JASPAR/profile scope is not treated as human/mouse evidence.
fli1	FLI1;Fli1	human;mouse;vertebrates	AnimalTFDB3;JASPAR_CORE;Lambert_HumanTFs;OmniPath_DoRothEA;TFLink;TRRUST	ARACNe-GTEx_DoRothEA;CollecTRI;CollecTRI2;DoRothEA;DoRothEA-A_CollecTRI2;ExTRI2_CollecTRI2;ExTRI_CollecTRI;FANTOM4_DoRothEA;GEREDB_CollecTRI;GEREDB_CollecTRI2;JASPAR_DoRothEA;NTNU.Curated_CollecTRI;NTNUcuration_CollecTRI2;ReMap_DoRothEA;RegNetwork_DoRothEA;SIGNOR_CollecTRI;SIGNOR_CollecTRI2;TRED_DoRothEA;TRRUST;TRRUST_CollecTRI;TRRUST_CollecTRI2;TRRUST_DoRothEA;TfactS_CollecTRI2				existing_public_pair_union	existing_public_pair_union	new_candidate		3	false	vertebrates	existing_or_canonical	Cross-species inventory collapse only; retain species-specific evidence records separately.; Vertebrate JASPAR/profile scope is not treated as human/mouse evidence.
flii	Flii	mouse	TFLink						new_candidate			1	false	mouse	new_candidate	
flt1	FLT1	human	TFLink					new_candidate				1	false	human	new_candidate	
flywch1	FLYWCH1	human;vertebrates	JASPAR_CORE;Lambert_HumanTFs					new_candidate		new_candidate		2	false	human;vertebrates	new_candidate	Cross-species inventory collapse only; retain species-specific evidence records separately.; Vertebrate JASPAR/profile scope is not treated as human/mouse evidence.
fmr1	Fmr1	mouse	TFLink;TRRUST	TRRUST					existing_public_pair_union			1	false		existing_or_canonical	
fos	FOS;Fos	human;mouse;vertebrates	AnimalTFDB3;JASPAR_CORE;Lambert_HumanTFs;OmniPath_DoRothEA;TFLink;TRRUST	ARACNe-GTEx_DoRothEA;CollecTRI;CollecTRI2;CytReg_CollecTRI;CytReg_CollecTRI2;DoRothEA;DoRothEA-A_CollecTRI;DoRothEA-A_CollecTRI2;ENCODE-distal;ENCODE-proximal;ExTRI2_CollecTRI2;ExTRI_CollecTRI;FANTOM4_DoRothEA;GEREDB_CollecTRI;GEREDB_CollecTRI2;HOCOMOCO_DoRothEA;HTRI_CollecTRI;HTRIdb;HTRIdb_CollecTRI2;HTRIdb_DoRothEA;IntAct_CollecTRI;IntAct_CollecTRI2;IntAct_DoRothEA;JASPAR_DoRothEA;KEGG-MEDICUS;NTNU.Curated_CollecTRI;NTNUcuration_CollecTRI2;ORegAnno;ORegAnno_DoRothEA;PAZAR;PAZAR_DoRothEA;ReMap_DoRothEA;RegNetwork_DoRothEA;SIGNOR;SIGNOR_CollecTRI;SIGNOR_CollecTRI2;TFactS_CollecTRI;TFactS_DoRothEA;TRED_DoRothEA;TRRUST;TRRUST_CollecTRI;TRRUST_CollecTRI2;TRRUST_DoRothEA;TfactS_CollecTRI2	canonical_tf_edge;canonical_tf_role;module_22B_regulon	canonical_tf_edge;canonical_tf_role;module_22B_regulon	canonical_tf_edge;canonical_tf_role;module_22B_regulon	existing_public_pair_union	existing_public_pair_union	canonical_name_or_species_scope_match	11928	3	true		existing_or_canonical	Cross-species inventory collapse only; retain species-specific evidence records separately.; Vertebrate JASPAR/profile scope is not treated as human/mouse evidence.
fosb	FOSB;Fosb	human;mouse;vertebrates	AnimalTFDB3;JASPAR_CORE;Lambert_HumanTFs;TFLink;TRRUST	TRRUST				existing_public_pair_union	existing_public_pair_union	new_candidate		3	false	vertebrates	existing_or_canonical	Cross-species inventory collapse only; retain species-specific evidence records separately.; Vertebrate JASPAR/profile scope is not treated as human/mouse evidence.
fosl1	FOSL1;Fosl1	human;mouse;vertebrates	AnimalTFDB3;JASPAR_CORE;Lambert_HumanTFs;OmniPath_DoRothEA;TFLink;TRRUST	ARACNe-GTEx_DoRothEA;CollecTRI;CollecTRI2;CytReg_CollecTRI;CytReg_CollecTRI2;DoRothEA;DoRothEA-A_CollecTRI;DoRothEA-A_CollecTRI2;ENCODE-proximal;ExTRI2_CollecTRI2;ExTRI_CollecTRI;GEREDB_CollecTRI;GEREDB_CollecTRI2;HOCOMOCO_DoRothEA;HTRI_CollecTRI;HTRIdb;HTRIdb_CollecTRI2;HTRIdb_DoRothEA;JASPAR_DoRothEA;NTNU.Curated_CollecTRI;NTNUcuration_CollecTRI2;PAZAR;ReMap_DoRothEA;TFe_DoRothEA;TRRUST;TRRUST_CollecTRI;TRRUST_CollecTRI2;TRRUST_DoRothEA;TfactS_CollecTRI2				existing_public_pair_union	existing_public_pair_union	new_candidate		3	false	vertebrates	existing_or_canonical	Cross-species inventory collapse only; retain species-specific evidence records separately.; Vertebrate JASPAR/profile scope is not treated as human/mouse evidence.
fosl2	FOSL2;Fosl2	human;mouse;vertebrates	AnimalTFDB3;JASPAR_CORE;Lambert_HumanTFs;OmniPath_DoRothEA;TFLink;TRRUST	ARACNe-GTEx_DoRothEA;CollecTRI;CollecTRI2;DoRothEA;DoRothEA-A_CollecTRI;DoRothEA-A_CollecTRI2;ENCODE-distal;ENCODE-proximal;ExTRI2_CollecTRI2;FANTOM4_DoRothEA;GEREDB_CollecTRI;GEREDB_CollecTRI2;GOA_CollecTRI2;HOCOMOCO_DoRothEA;HTRI_CollecTRI;HTRIdb;HTRIdb_CollecTRI2;HTRIdb_DoRothEA;IntAct_DoRothEA;JASPAR_DoRothEA;NTNU.Curated_CollecTRI;NTNUcuration_CollecTRI2;ReMap_DoRothEA;SIGNOR;SIGNOR_CollecTRI;SIGNOR_CollecTRI2;TFactS_CollecTRI;TFactS_DoRothEA;TRRUST;TRRUST_CollecTRI;TRRUST_CollecTRI2;TRRUST_DoRothEA;TfactS_CollecTRI2				existing_public_pair_union	existing_public_pair_union	new_candidate		3	false	vertebrates	existing_or_canonical	Cross-species inventory collapse only; retain species-specific evidence records separately.; Vertebrate JASPAR/profile scope is not treated as human/mouse evidence.
foxa1	FOXA1;Foxa1	human;mouse;vertebrates	AnimalTFDB3;JASPAR_CORE;Lambert_HumanTFs;OmniPath_DoRothEA;TFLink;TRRUST	ARACNe-GTEx_DoRothEA;CollecTRI;CollecTRI2;DoRothEA;DoRothEA-A_CollecTRI;DoRothEA-A_CollecTRI2;ENCODE-distal;ENCODE-proximal;ExTRI2_CollecTRI2;ExTRI_CollecTRI;GEREDB_CollecTRI;GEREDB_CollecTRI2;HOCOMOCO_DoRothEA;HTRI_CollecTRI;HTRIdb;HTRIdb_CollecTRI2;HTRIdb_DoRothEA;IntAct_CollecTRI;IntAct_CollecTRI2;IntAct_DoRothEA;JASPAR_DoRothEA;NTNU.Curated_CollecTRI;NTNUcuration_CollecTRI2;ORegAnno_DoRothEA;PAZAR;PAZAR_DoRothEA;ReMap_DoRothEA;SIGNOR_CollecTRI;SIGNOR_CollecTRI2;TFe_DoRothEA;TRRUST;TRRUST_CollecTRI;TRRUST_CollecTRI2;TRRUST_DoRothEA;TfactS_CollecTRI2				existing_public_pair_union	existing_public_pair_union	new_candidate		3	false	vertebrates	existing_or_canonical	Cross-species inventory collapse only; retain species-specific evidence records separately.; Vertebrate JASPAR/profile scope is not treated as human/mouse evidence.
foxa2	FOXA2;Foxa2	human;mouse;vertebrates	AnimalTFDB3;JASPAR_CORE;Lambert_HumanTFs;OmniPath_DoRothEA;TFLink;TRRUST	ARACNe-GTEx_DoRothEA;CollecTRI;CollecTRI2;DoRothEA;DoRothEA-A_CollecTRI;DoRothEA-A_CollecTRI2;ENCODE-distal;ENCODE-proximal;ExTRI2_CollecTRI2;ExTRI_CollecTRI;GEREDB_CollecTRI;GEREDB_CollecTRI2;HOCOMOCO_DoRothEA;NTNU.Curated_CollecTRI;NTNUcuration_CollecTRI2;ORegAnno;ORegAnno_DoRothEA;PAZAR_DoRothEA;Pavlidis2021_CollecTRI;Pavlidis_CollecTRI2;ReMap_DoRothEA;TFactS_CollecTRI;TFactS_DoRothEA;TFe_DoRothEA;TRRUST;TRRUST_CollecTRI;TRRUST_CollecTRI2;TRRUST_DoRothEA;TfactS_CollecTRI2	canonical_tf_edge;canonical_tf_role;module_22B_regulon	canonical_tf_edge;canonical_tf_role;module_22B_regulon	canonical_tf_edge;canonical_tf_role;module_22B_regulon	existing_public_pair_union	existing_public_pair_union	canonical_name_or_species_scope_match	16948	3	true		existing_or_canonical	Cross-species inventory collapse only; retain species-specific evidence records separately.; Vertebrate JASPAR/profile scope is not treated as human/mouse evidence.
foxa3	FOXA3;Foxa3	human;mouse;vertebrates	AnimalTFDB3;JASPAR_CORE;Lambert_HumanTFs;OmniPath_DoRothEA;TFLink;TRRUST	CollecTRI2;DoRothEA;DoRothEA-A_CollecTRI2;ExTRI2_CollecTRI2;HOCOMOCO_DoRothEA;TFe_DoRothEA;TRRUST				existing_public_pair_union	existing_public_pair_union	new_candidate		3	false	vertebrates	existing_or_canonical	Cross-species inventory collapse only; retain species-specific evidence records separately.; Vertebrate JASPAR/profile scope is not treated as human/mouse evidence.
foxb1	FOXB1;Foxb1	human;mouse;vertebrates	AnimalTFDB3;JASPAR_CORE;Lambert_HumanTFs					new_candidate	new_candidate	new_candidate		3	false	human;mouse;vertebrates	new_candidate	Cross-species inventory collapse only; retain species-specific evidence records separately.; Vertebrate JASPAR/profile scope is not treated as human/mouse evidence.
foxb2	FOXB2;Foxb2	human;mouse	AnimalTFDB3;Lambert_HumanTFs					new_candidate	new_candidate			2	false	human;mouse	new_candidate	Cross-species inventory collapse only; retain species-specific evidence records separately.
foxc1	FOXC1;Foxc1	human;mouse;vertebrates	AnimalTFDB3;JASPAR_CORE;Lambert_HumanTFs;TFLink;TRRUST	TRRUST	canonical_tf_edge;canonical_tf_role;module_22B_regulon	canonical_tf_edge;canonical_tf_role;module_22B_regulon	canonical_tf_edge;canonical_tf_role;module_22B_regulon	existing_public_pair_union	existing_public_pair_union	canonical_name_or_species_scope_match	16949	3	true		existing_or_canonical	Cross-species inventory collapse only; retain species-specific evidence records separately.; Vertebrate JASPAR/profile scope is not treated as human/mouse evidence.
foxc2	FOXC2;Foxc2	human;mouse;vertebrates	AnimalTFDB3;JASPAR_CORE;Lambert_HumanTFs;TFLink;TRRUST	TRRUST				existing_public_pair_union	existing_public_pair_union	new_candidate		3	false	vertebrates	existing_or_canonical	Cross-species inventory collapse only; retain species-specific evidence records separately.; Vertebrate JASPAR/profile scope is not treated as human/mouse evidence.
foxd1	FOXD1;Foxd1	human;mouse;vertebrates	AnimalTFDB3;JASPAR_CORE;Lambert_HumanTFs;TFLink;TRRUST	TRRUST				new_candidate	existing_public_pair_union	new_candidate		3	false	human;vertebrates	existing_or_canonical	Cross-species inventory collapse only; retain species-specific evidence records separately.; Vertebrate JASPAR/profile scope is not treated as human/mouse evidence.
foxd2	FOXD2;Foxd2	human;mouse;vertebrates	AnimalTFDB3;JASPAR_CORE;Lambert_HumanTFs;TFLink					new_candidate	new_candidate	new_candidate		3	false	human;mouse;vertebrates	new_candidate	Cross-species inventory collapse only; retain species-specific evidence records separately.; Vertebrate JASPAR/profile scope is not treated as human/mouse evidence.
foxd3	FOXD3;Foxd3	human;mouse;vertebrates	AnimalTFDB3;JASPAR_CORE;Lambert_HumanTFs;OmniPath_DoRothEA;TFLink;TRRUST	CollecTRI;CollecTRI2;DoRothEA;DoRothEA-A_CollecTRI2;ExTRI2_CollecTRI2;ExTRI_CollecTRI;GEREDB_CollecTRI;GEREDB_CollecTRI2;NTNU.Curated_CollecTRI;NTNUcuration_CollecTRI2;TFactS_CollecTRI;TFactS_DoRothEA;TRRUST;TRRUST_CollecTRI;TRRUST_CollecTRI2;TRRUST_DoRothEA;TfactS_CollecTRI2				existing_public_pair_union	existing_public_pair_union	new_candidate		3	false	vertebrates	existing_or_canonical	Cross-species inventory collapse only; retain species-specific evidence records separately.; Vertebrate JASPAR/profile scope is not treated as human/mouse evidence.
foxd4	FOXD4;Foxd4	human;mouse	AnimalTFDB3;Lambert_HumanTFs					new_candidate	new_candidate			2	false	human;mouse	new_candidate	Cross-species inventory collapse only; retain species-specific evidence records separately.
foxd4l1	FOXD4L1	human	AnimalTFDB3;Lambert_HumanTFs					new_candidate				1	false	human	new_candidate	
foxd4l3	FOXD4L3	human	AnimalTFDB3;Lambert_HumanTFs					new_candidate				1	false	human	new_candidate	
foxd4l4	FOXD4L4	human	AnimalTFDB3;Lambert_HumanTFs					new_candidate				1	false	human	new_candidate	
foxd4l5	FOXD4L5	human	AnimalTFDB3;Lambert_HumanTFs					new_candidate				1	false	human	new_candidate	
foxd4l6	FOXD4L6	human	AnimalTFDB3;Lambert_HumanTFs					new_candidate				1	false	human	new_candidate	
foxe1	FOXE1;Foxe1	human;mouse;vertebrates	AnimalTFDB3;JASPAR_CORE;Lambert_HumanTFs;TFLink;TRRUST	TRRUST				existing_public_pair_union	new_candidate	new_candidate		3	false	mouse;vertebrates	existing_or_canonical	Cross-species inventory collapse only; retain species-specific evidence records separately.; Vertebrate JASPAR/profile scope is not treated as human/mouse evidence.
foxe3	FOXE3;Foxe3	human;mouse	AnimalTFDB3;Lambert_HumanTFs					new_candidate	new_candidate			2	false	human;mouse	new_candidate	Cross-species inventory collapse only; retain species-specific evidence records separately.
foxf1	FOXF1;Foxf1	human;mouse;vertebrates	AnimalTFDB3;JASPAR_CORE;Lambert_HumanTFs;OmniPath_DoRothEA;TFLink;TRRUST	CollecTRI;CollecTRI2;DoRothEA;DoRothEA-A_CollecTRI;DoRothEA-A_CollecTRI2;ExTRI2_CollecTRI2;ExTRI_CollecTRI;HTRI_CollecTRI;HTRIdb;HTRIdb_CollecTRI2;HTRIdb_DoRothEA;NTNU.Curated_CollecTRI;NTNUcuration_CollecTRI2;SIGNOR_CollecTRI;SIGNOR_CollecTRI2;TRRUST;TRRUST_CollecTRI;TRRUST_CollecTRI2;TRRUST_DoRothEA				existing_public_pair_union	existing_public_pair_union	new_candidate		3	false	vertebrates	existing_or_canonical	Cross-species inventory collapse only; retain species-specific evidence records separately.; Vertebrate JASPAR/profile scope is not treated as human/mouse evidence.
foxf2	FOXF2;Foxf2	human;mouse;vertebrates	AnimalTFDB3;JASPAR_CORE;Lambert_HumanTFs;TFLink;TRRUST	TRRUST				existing_public_pair_union	new_candidate	new_candidate		3	false	mouse;vertebrates	existing_or_canonical	Cross-species inventory collapse only; retain species-specific evidence records separately.; Vertebrate JASPAR/profile scope is not treated as human/mouse evidence.
foxg1	FOXG1;Foxg1	human;mouse;vertebrates	AnimalTFDB3;JASPAR_CORE;Lambert_HumanTFs;TFLink;TRRUST	TRRUST				existing_public_pair_union	existing_public_pair_union	new_candidate		3	false	vertebrates	existing_or_canonical	Cross-species inventory collapse only; retain species-specific evidence records separately.; Vertebrate JASPAR/profile scope is not treated as human/mouse evidence.
foxh1	FOXH1;Foxh1	human;mouse;vertebrates	AnimalTFDB3;JASPAR_CORE;Lambert_HumanTFs;TFLink;TRRUST	TRRUST				existing_public_pair_union	existing_public_pair_union	new_candidate		3	false	vertebrates	existing_or_canonical	Cross-species inventory collapse only; retain species-specific evidence records separately.; Vertebrate JASPAR/profile scope is not treated as human/mouse evidence.
foxi1	FOXI1;Foxi1	human;mouse;vertebrates	AnimalTFDB3;JASPAR_CORE;Lambert_HumanTFs;TFLink;TRRUST	TRRUST				existing_public_pair_union	existing_public_pair_union	new_candidate		3	false	vertebrates	existing_or_canonical	Cross-species inventory collapse only; retain species-specific evidence records separately.; Vertebrate JASPAR/profile scope is not treated as human/mouse evidence.
foxi2	FOXI2;Foxi2	human;mouse	AnimalTFDB3;Lambert_HumanTFs					new_candidate	new_candidate			2	false	human;mouse	new_candidate	Cross-species inventory collapse only; retain species-specific evidence records separately.
foxi3	FOXI3;Foxi3	human;mouse	AnimalTFDB3;Lambert_HumanTFs					new_candidate	new_candidate			2	false	human;mouse	new_candidate	Cross-species inventory collapse only; retain species-specific evidence records separately.
foxj1	FOXJ1;Foxj1	human;mouse	AnimalTFDB3;Lambert_HumanTFs;TFLink;TRRUST	TRRUST				existing_public_pair_union	existing_public_pair_union			2	false		existing_or_canonical	Cross-species inventory collapse only; retain species-specific evidence records separately.
foxj2	FOXJ2;Foxj2	human;mouse;vertebrates	AnimalTFDB3;JASPAR_CORE;Lambert_HumanTFs;OmniPath_DoRothEA;TFLink	ARACNe-GTEx_DoRothEA;DoRothEA;JASPAR_DoRothEA;ReMap_DoRothEA				existing_public_pair_union	new_candidate	new_candidate		3	false	mouse;vertebrates	existing_or_canonical	Cross-species inventory collapse only; retain species-specific evidence records separately.; Vertebrate JASPAR/profile scope is not treated as human/mouse evidence.
foxj3	FOXJ3;Foxj3	human;mouse;vertebrates	AnimalTFDB3;JASPAR_CORE;Lambert_HumanTFs;TFLink;TRRUST	TRRUST				new_candidate	existing_public_pair_union	new_candidate		3	false	human;vertebrates	existing_or_canonical	Cross-species inventory collapse only; retain species-specific evidence records separately.; Vertebrate JASPAR/profile scope is not treated as human/mouse evidence.
foxk1	FOXK1;Foxk1	human;mouse;vertebrates	AnimalTFDB3;JASPAR_CORE;Lambert_HumanTFs;TFLink					new_candidate	new_candidate	new_candidate		3	false	human;mouse;vertebrates	new_candidate	Cross-species inventory collapse only; retain species-specific evidence records separately.; Vertebrate JASPAR/profile scope is not treated as human/mouse evidence.
foxk2	FOXK2;Foxk2	human;mouse;vertebrates	AnimalTFDB3;JASPAR_CORE;Lambert_HumanTFs;TFLink;TRRUST	TRRUST				existing_public_pair_union	new_candidate	new_candidate		3	false	mouse;vertebrates	existing_or_canonical	Cross-species inventory collapse only; retain species-specific evidence records separately.; Vertebrate JASPAR/profile scope is not treated as human/mouse evidence.
foxl1	FOXL1;Foxl1	human;mouse;vertebrates	AnimalTFDB3;JASPAR_CORE;Lambert_HumanTFs;TFLink;TRRUST	TRRUST				existing_public_pair_union	existing_public_pair_union	new_candidate		3	false	vertebrates	existing_or_canonical	Cross-species inventory collapse only; retain species-specific evidence records separately.; Vertebrate JASPAR/profile scope is not treated as human/mouse evidence.
foxl2	FOXL2;Foxl2	human;mouse;vertebrates	AnimalTFDB3;JASPAR_CORE;Lambert_HumanTFs;OmniPath_DoRothEA;TFLink;TRRUST	ARACNe-GTEx_DoRothEA;CollecTRI;CollecTRI2;DoRothEA;DoRothEA-A_CollecTRI2;ExTRI2_CollecTRI2;ExTRI_CollecTRI;GEREDB_CollecTRI;GEREDB_CollecTRI2;NTNU.Curated_CollecTRI;NTNUcuration_CollecTRI2;SIGNOR_CollecTRI;SIGNOR_CollecTRI2;TFe_DoRothEA;TRRUST;TRRUST_CollecTRI;TRRUST_CollecTRI2;TRRUST_DoRothEA				existing_public_pair_union	existing_public_pair_union	new_candidate		3	false	vertebrates	existing_or_canonical	Cross-species inventory collapse only; retain species-specific evidence records separately.; Vertebrate JASPAR/profile scope is not treated as human/mouse evidence.
foxm1	FOXM1;Foxm1	human;mouse;vertebrates	AnimalTFDB3;JASPAR_CORE;Lambert_HumanTFs;OmniPath_DoRothEA;TFLink;TRRUST	ARACNe-GTEx_DoRothEA;CollecTRI;CollecTRI2;DoRothEA;DoRothEA-A_CollecTRI;DoRothEA-A_CollecTRI2;ExTRI2_CollecTRI2;ExTRI_CollecTRI;FANTOM4_DoRothEA;GEREDB_CollecTRI;GEREDB_CollecTRI2;HOCOMOCO_DoRothEA;IntAct_DoRothEA;NTNU.Curated_CollecTRI;NTNUcuration_CollecTRI2;ORegAnno;ORegAnno_DoRothEA;PAZAR;PAZAR_DoRothEA;ReMap_DoRothEA;TFe_DoRothEA;TRRUST;TRRUST_CollecTRI;TRRUST_CollecTRI2;TRRUST_DoRothEA;TfactS_CollecTRI2	canonical_tf_edge;canonical_tf_role;module_22B_regulon	canonical_tf_edge;canonical_tf_role;module_22B_regulon	canonical_tf_edge;canonical_tf_role;module_22B_regulon	existing_public_pair_union	existing_public_pair_union	canonical_name_or_species_scope_match	16823	3	true		existing_or_canonical	Cross-species inventory collapse only; retain species-specific evidence records separately.; Vertebrate JASPAR/profile scope is not treated as human/mouse evidence.
foxn1	FOXN1;Foxn1	human;mouse;vertebrates	AnimalTFDB3;JASPAR_CORE;Lambert_HumanTFs;TFLink;TRRUST	TRRUST				existing_public_pair_union	existing_public_pair_union	new_candidate		3	false	vertebrates	existing_or_canonical	Cross-species inventory collapse only; retain species-specific evidence records separately.; Vertebrate JASPAR/profile scope is not treated as human/mouse evidence.
foxn2	FOXN2;Foxn2	human;mouse	AnimalTFDB3;Lambert_HumanTFs					new_candidate	new_candidate			2	false	human;mouse	new_candidate	Cross-species inventory collapse only; retain species-specific evidence records separately.
foxn3	FOXN3;Foxn3	human;mouse;vertebrates	AnimalTFDB3;JASPAR_CORE;Lambert_HumanTFs;TFLink					new_candidate	new_candidate	new_candidate		3	false	human;mouse;vertebrates	new_candidate	Cross-species inventory collapse only; retain species-specific evidence records separately.; Vertebrate JASPAR/profile scope is not treated as human/mouse evidence.
foxn4	FOXN4;Foxn4	human;mouse	AnimalTFDB3;Lambert_HumanTFs;TFLink;TRRUST	TRRUST				existing_public_pair_union	existing_public_pair_union			2	false		existing_or_canonical	Cross-species inventory collapse only; retain species-specific evidence records separately.
foxo1	FOXO1;Foxo1	human;mouse;vertebrates	AnimalTFDB3;JASPAR_CORE;Lambert_HumanTFs;OmniPath_DoRothEA;TFLink;TRRUST	ARACNe-GTEx_DoRothEA;CollecTRI;CollecTRI2;CytReg_CollecTRI;CytReg_CollecTRI2;DoRothEA;DoRothEA-A_CollecTRI;DoRothEA-A_CollecTRI2;ExTRI2_CollecTRI2;ExTRI_CollecTRI;GEREDB_CollecTRI;GEREDB_CollecTRI2;HOCOMOCO_DoRothEA;HTRI_CollecTRI;HTRIdb;HTRIdb_CollecTRI2;HTRIdb_DoRothEA;IntAct_CollecTRI;IntAct_CollecTRI2;IntAct_DoRothEA;JASPAR_DoRothEA;NTNU.Curated_CollecTRI;NTNUcuration_CollecTRI2;Pavlidis2021_CollecTRI;Pavlidis_CollecTRI2;ReMap_DoRothEA;SIGNOR;SIGNOR_CollecTRI;SIGNOR_CollecTRI2;TFactS_CollecTRI;TFactS_DoRothEA;TFe_DoRothEA;TRRUST;TRRUST_CollecTRI;TRRUST_CollecTRI2;TRRUST_DoRothEA;TfactS_CollecTRI2				existing_public_pair_union	existing_public_pair_union	new_candidate		3	false	vertebrates	existing_or_canonical	Cross-species inventory collapse only; retain species-specific evidence records separately.; Vertebrate JASPAR/profile scope is not treated as human/mouse evidence.
foxo3	FOXO3;Foxo3	human;mouse;vertebrates	AnimalTFDB3;JASPAR_CORE;Lambert_HumanTFs;OmniPath_DoRothEA;TFLink;TRRUST	ARACNe-GTEx_DoRothEA;CollecTRI;CollecTRI2;CytReg_CollecTRI;CytReg_CollecTRI2;DoRothEA;DoRothEA-A_CollecTRI;DoRothEA-A_CollecTRI2;ExTRI2_CollecTRI2;ExTRI_CollecTRI;FANTOM4_DoRothEA;GEREDB_CollecTRI;GEREDB_CollecTRI2;HOCOMOCO_DoRothEA;HTRI_CollecTRI;HTRIdb;HTRIdb_CollecTRI2;HTRIdb_DoRothEA;IntAct_CollecTRI;IntAct_CollecTRI2;IntAct_DoRothEA;JASPAR_DoRothEA;NTNU.Curated_CollecTRI;NTNUcuration_CollecTRI2;ORegAnno;ORegAnno_DoRothEA;PAZAR;SIGNOR;SIGNOR_CollecTRI;SIGNOR_CollecTRI2;TFactS_CollecTRI;TFactS_DoRothEA;TFe_DoRothEA;TRRUST;TRRUST_CollecTRI;TRRUST_CollecTRI2;TRRUST_DoRothEA;TfactS_CollecTRI2				existing_public_pair_union	existing_public_pair_union	new_candidate		3	false	vertebrates	existing_or_canonical	Cross-species inventory collapse only; retain species-specific evidence records separately.; Vertebrate JASPAR/profile scope is not treated as human/mouse evidence.
foxo4	FOXO4;Foxo4	human;mouse;vertebrates	AnimalTFDB3;JASPAR_CORE;Lambert_HumanTFs;OmniPath_DoRothEA;TFLink;TRRUST	CollecTRI;CollecTRI2;DoRothEA;DoRothEA-A_CollecTRI;DoRothEA-A_CollecTRI2;ExTRI2_CollecTRI2;ExTRI_CollecTRI;GEREDB_CollecTRI;GEREDB_CollecTRI2;GOA_CollecTRI;GOA_CollecTRI2;HOCOMOCO_DoRothEA;NTNU.Curated_CollecTRI;NTNUcuration_CollecTRI2;PAZAR;TFactS_CollecTRI;TFactS_DoRothEA;TFe_DoRothEA;TRRUST;TRRUST_CollecTRI;TRRUST_CollecTRI2;TRRUST_DoRothEA;TfactS_CollecTRI2				existing_public_pair_union	existing_public_pair_union	new_candidate		3	false	vertebrates	existing_or_canonical	Cross-species inventory collapse only; retain species-specific evidence records separately.; Vertebrate JASPAR/profile scope is not treated as human/mouse evidence.
foxo6	FOXO6;Foxo6	human;mouse;vertebrates	AnimalTFDB3;JASPAR_CORE;Lambert_HumanTFs					new_candidate	new_candidate	new_candidate		3	false	human;mouse;vertebrates	new_candidate	Cross-species inventory collapse only; retain species-specific evidence records separately.; Vertebrate JASPAR/profile scope is not treated as human/mouse evidence.
foxp1	FOXP1;Foxp1	human;mouse;vertebrates	AnimalTFDB3;JASPAR_CORE;Lambert_HumanTFs;OmniPath_DoRothEA;TFLink;TRRUST	ARACNe-GTEx_DoRothEA;CollecTRI;CollecTRI2;DoRothEA;DoRothEA-A_CollecTRI;DoRothEA-A_CollecTRI2;ExTRI2_CollecTRI2;ExTRI_CollecTRI;HOCOMOCO_DoRothEA;JASPAR_DoRothEA;PAZAR;PAZAR_DoRothEA;Pavlidis2021_CollecTRI;Pavlidis_CollecTRI2;ReMap_DoRothEA;SIGNOR;SIGNOR_CollecTRI;SIGNOR_CollecTRI2;TFe_DoRothEA;TRRUST;TRRUST_CollecTRI;TRRUST_CollecTRI2;TRRUST_DoRothEA;TfactS_CollecTRI2				existing_public_pair_union	existing_public_pair_union	new_candidate		3	false	vertebrates	existing_or_canonical	Cross-species inventory collapse only; retain species-specific evidence records separately.; Vertebrate JASPAR/profile scope is not treated as human/mouse evidence.
foxp2	FOXP2;Foxp2	human;mouse;vertebrates	AnimalTFDB3;JASPAR_CORE;Lambert_HumanTFs;OmniPath_DoRothEA;TFLink;TRRUST	CollecTRI;CollecTRI2;DoRothEA;DoRothEA-A_CollecTRI;DoRothEA-A_CollecTRI2;ExTRI2_CollecTRI2;ExTRI_CollecTRI;HOCOMOCO_DoRothEA;HTRI_CollecTRI;HTRIdb;HTRIdb_CollecTRI2;HTRIdb_DoRothEA;SIGNOR;SIGNOR_CollecTRI;SIGNOR_CollecTRI2;TRRUST;TRRUST_CollecTRI;TRRUST_CollecTRI2;TRRUST_DoRothEA	canonical_tf_edge;canonical_tf_role;module_22B_regulon	canonical_tf_edge;canonical_tf_role;module_22B_regulon	canonical_tf_edge;canonical_tf_role;module_22B_regulon	existing_public_pair_union	existing_public_pair_union	canonical_name_or_species_scope_match	16824	3	true		existing_or_canonical	Cross-species inventory collapse only; retain species-specific evidence records separately.; Vertebrate JASPAR/profile scope is not treated as human/mouse evidence.
foxp3	FOXP3;Foxp3	human;mouse;vertebrates	AnimalTFDB3;JASPAR_CORE;Lambert_HumanTFs;OmniPath_DoRothEA;TFLink;TRRUST	ARACNe-GTEx_DoRothEA;CollecTRI;CollecTRI2;CytReg_CollecTRI;CytReg_CollecTRI2;DoRothEA;DoRothEA-A_CollecTRI;DoRothEA-A_CollecTRI2;ExTRI2_CollecTRI2;ExTRI_CollecTRI;HTRIdb;IntAct_CollecTRI;IntAct_CollecTRI2;IntAct_DoRothEA;NTNU.Curated_CollecTRI;NTNUcuration_CollecTRI2;TRRUST;TRRUST_CollecTRI;TRRUST_CollecTRI2;TRRUST_DoRothEA	canonical_tf_edge;canonical_tf_role;module_22B_regulon	canonical_tf_edge;canonical_tf_role;module_22B_regulon	canonical_tf_edge;canonical_tf_role;module_22B_regulon	existing_public_pair_union	existing_public_pair_union	canonical_name_or_species_scope_match	16950	3	true		existing_or_canonical	Cross-species inventory collapse only; retain species-specific evidence records separately.; Vertebrate JASPAR/profile scope is not treated as human/mouse evidence.
foxp4	FOXP4;Foxp4	human;mouse;vertebrates	AnimalTFDB3;JASPAR_CORE;Lambert_HumanTFs					new_candidate	new_candidate	new_candidate		3	false	human;mouse;vertebrates	new_candidate	Cross-species inventory collapse only; retain species-specific evidence records separately.; Vertebrate JASPAR/profile scope is not treated as human/mouse evidence.
foxq1	FOXQ1;Foxq1	human;mouse;vertebrates	AnimalTFDB3;JASPAR_CORE;Lambert_HumanTFs;TFLink;TRRUST	TRRUST				existing_public_pair_union	existing_public_pair_union	new_candidate		3	false	vertebrates	existing_or_canonical	Cross-species inventory collapse only; retain species-specific evidence records separately.; Vertebrate JASPAR/profile scope is not treated as human/mouse evidence.
foxr1	FOXR1	human	AnimalTFDB3;Lambert_HumanTFs					new_candidate				1	false	human	new_candidate	
foxr2	FOXR2;Foxr2	human;mouse	AnimalTFDB3;Lambert_HumanTFs;TFLink					new_candidate	new_candidate			2	false	human;mouse	new_candidate	Cross-species inventory collapse only; retain species-specific evidence records separately.
foxs1	FOXS1;Foxs1	human;mouse;vertebrates	AnimalTFDB3;JASPAR_CORE;Lambert_HumanTFs					new_candidate	new_candidate	new_candidate		3	false	human;mouse;vertebrates	new_candidate	Cross-species inventory collapse only; retain species-specific evidence records separately.; Vertebrate JASPAR/profile scope is not treated as human/mouse evidence.
fubp1	FUBP1	human	TFLink;TRRUST	TRRUST				existing_public_pair_union				1	false		existing_or_canonical	
fubp3	FUBP3	human	TFLink;TRRUST	TRRUST				existing_public_pair_union				1	false		existing_or_canonical	
fus	FUS;Fus	human;mouse	TFLink;TRRUST	TRRUST				existing_public_pair_union	existing_public_pair_union			2	false		existing_or_canonical	Cross-species inventory collapse only; retain species-specific evidence records separately.
fxr1	FXR1	human	TFLink					new_candidate				1	false	human	new_candidate	
fxr2	FXR2	human	TFLink					new_candidate				1	false	human	new_candidate	
g3uw90	G3UW90	mouse	OmniPath_DoRothEA	ARACNe-GTEx_DoRothEA;CollecTRI;CollecTRI2;DoRothEA;DoRothEA-A_CollecTRI2;ExTRI2_CollecTRI2;ExTRI_CollecTRI;FANTOM4_DoRothEA;NTNU.Curated_CollecTRI;NTNUcuration_CollecTRI2;TRRUST;TRRUST_CollecTRI;TRRUST_CollecTRI2;TRRUST_DoRothEA					existing_public_pair_union			1	false		existing_or_canonical	
g3uyv8	G3UYV8	mouse	OmniPath_DoRothEA	ARACNe-GTEx_DoRothEA;CollecTRI;CollecTRI2;DoRothEA;DoRothEA-A_CollecTRI2;ExTRI2_CollecTRI2;ExTRI_CollecTRI;GEREDB_CollecTRI;GEREDB_CollecTRI2;JASPAR_DoRothEA;TRRUST;TRRUST_CollecTRI;TRRUST_CollecTRI2;TRRUST_DoRothEA					existing_public_pair_union			1	false		existing_or_canonical	
g3x8q7	G3X8Q7	mouse	OmniPath_DoRothEA	CollecTRI;CollecTRI2;DoRothEA;DoRothEA-A_CollecTRI;DoRothEA-A_CollecTRI2;ExTRI2_CollecTRI2;ExTRI_CollecTRI;GEREDB_CollecTRI;GEREDB_CollecTRI2;JASPAR_DoRothEA;NTNU.Curated_CollecTRI;NTNUcuration_CollecTRI2;RegNetwork_DoRothEA;SIGNOR;SIGNOR_CollecTRI;SIGNOR_CollecTRI2;TRED_DoRothEA;TRRUST;TRRUST_CollecTRI;TRRUST_CollecTRI2;TRRUST_DoRothEA					existing_public_pair_union			1	false		existing_or_canonical	
gabpa	GABPA;Gabpa	human;mouse;vertebrates	AnimalTFDB3;JASPAR_CORE;Lambert_HumanTFs;OmniPath_DoRothEA;TFLink;TRRUST	ARACNe-GTEx_DoRothEA;CollecTRI;CollecTRI2;DoRothEA;DoRothEA-A_CollecTRI;DoRothEA-A_CollecTRI2;ENCODE-distal;ExTRI2_CollecTRI2;ExTRI_CollecTRI;FANTOM4_DoRothEA;GEREDB_CollecTRI;GEREDB_CollecTRI2;HOCOMOCO_DoRothEA;HTRI_CollecTRI;HTRIdb;HTRIdb_CollecTRI2;HTRIdb_DoRothEA;IntAct_DoRothEA;JASPAR_DoRothEA;ReMap_DoRothEA;TRRUST;TRRUST_CollecTRI;TRRUST_CollecTRI2;TRRUST_DoRothEA				existing_public_pair_union	existing_public_pair_union	new_candidate		3	false	vertebrates	existing_or_canonical	Cross-species inventory collapse only; retain species-specific evidence records separately.; Vertebrate JASPAR/profile scope is not treated as human/mouse evidence.
gabpb1	GABPB1;Gabpb1	human;mouse	AnimalTFDB3;TFLink;TRRUST	TRRUST				existing_public_pair_union	existing_public_pair_union			2	false		existing_or_canonical	Cross-species inventory collapse only; retain species-specific evidence records separately.
gabpb2	GABPB2;Gabpb2	human;mouse	AnimalTFDB3;TFLink;TRRUST	TRRUST				existing_public_pair_union	new_candidate			2	false	mouse	existing_or_canonical	Cross-species inventory collapse only; retain species-specific evidence records separately.
gadd45a	Gadd45a	mouse	TFLink						new_candidate			1	false	mouse	new_candidate	
gata1	GATA1;Gata1	human;mouse;vertebrates	AnimalTFDB3;JASPAR_CORE;Lambert_HumanTFs;OmniPath_DoRothEA;TFLink;TRRUST	ARACNe-GTEx_DoRothEA;CollecTRI;CollecTRI2;DoRothEA;DoRothEA-A_CollecTRI;DoRothEA-A_CollecTRI2;ENCODE-proximal;ExTRI2_CollecTRI2;ExTRI_CollecTRI;GEREDB_CollecTRI;GEREDB_CollecTRI2;HOCOMOCO_DoRothEA;HTRI_CollecTRI;HTRIdb;HTRIdb_CollecTRI2;HTRIdb_DoRothEA;IntAct_DoRothEA;JASPAR_DoRothEA;NTNU.Curated_CollecTRI;NTNUcuration_CollecTRI2;ORegAnno_DoRothEA;Pavlidis2021_CollecTRI;Pavlidis_CollecTRI2;ReMap_DoRothEA;SIGNOR;SIGNOR_CollecTRI;SIGNOR_CollecTRI2;TFactS_CollecTRI;TFactS_DoRothEA;TRRD_DoRothEA;TRRUST;TRRUST_CollecTRI;TRRUST_CollecTRI2;TRRUST_DoRothEA;TfactS_CollecTRI2	canonical_tf_edge;canonical_tf_role;module_22B_regulon	canonical_tf_edge;canonical_tf_role;module_22B_regulon	canonical_tf_edge;canonical_tf_role;module_22B_regulon	existing_public_pair_union	existing_public_pair_union	canonical_name_or_species_scope_match	16825	3	true		existing_or_canonical	Cross-species inventory collapse only; retain species-specific evidence records separately.; Vertebrate JASPAR/profile scope is not treated as human/mouse evidence.
gata2	GATA2;Gata2	human;mouse;vertebrates	AnimalTFDB3;JASPAR_CORE;Lambert_HumanTFs;OmniPath_DoRothEA;TFLink;TRRUST	ARACNe-GTEx_DoRothEA;CollecTRI;CollecTRI2;DoRothEA;DoRothEA-A_CollecTRI;DoRothEA-A_CollecTRI2;ENCODE-distal;ENCODE-proximal;ExTRI2_CollecTRI2;ExTRI_CollecTRI;FANTOM4_DoRothEA;GEREDB_CollecTRI;GEREDB_CollecTRI2;GOA_CollecTRI;GOA_CollecTRI2;HOCOMOCO_DoRothEA;HTRI_CollecTRI;HTRIdb;HTRIdb_CollecTRI2;HTRIdb_DoRothEA;JASPAR_DoRothEA;NTNU.Curated_CollecTRI;NTNUcuration_CollecTRI2;ORegAnno;ORegAnno_DoRothEA;PAZAR;PAZAR_DoRothEA;Pavlidis2021_CollecTRI;Pavlidis_CollecTRI2;ReMap_DoRothEA;SIGNOR;SIGNOR_CollecTRI;SIGNOR_CollecTRI2;TFactS_CollecTRI;TRRUST;TRRUST_CollecTRI;TRRUST_CollecTRI2;TRRUST_DoRothEA;TfactS_CollecTRI2				existing_public_pair_union	existing_public_pair_union	new_candidate		3	false	vertebrates	existing_or_canonical	Cross-species inventory collapse only; retain species-specific evidence records separately.; Vertebrate JASPAR/profile scope is not treated as human/mouse evidence.
gata3	GATA3;Gata3	human;mouse;vertebrates	AnimalTFDB3;JASPAR_CORE;Lambert_HumanTFs;OmniPath_DoRothEA;TFLink;TRRUST	ARACNe-GTEx_DoRothEA;CollecTRI;CollecTRI2;CytReg_CollecTRI;CytReg_CollecTRI2;DoRothEA;DoRothEA-A_CollecTRI;DoRothEA-A_CollecTRI2;ENCODE-proximal;ExTRI2_CollecTRI2;ExTRI_CollecTRI;GEREDB_CollecTRI;GEREDB_CollecTRI2;HOCOMOCO_DoRothEA;HTRI_CollecTRI;HTRIdb;HTRIdb_CollecTRI2;HTRIdb_DoRothEA;IntAct_CollecTRI;IntAct_CollecTRI2;IntAct_DoRothEA;JASPAR_DoRothEA;NTNU.Curated_CollecTRI;NTNUcuration_CollecTRI2;PAZAR;PAZAR_DoRothEA;ReMap_DoRothEA;SIGNOR_CollecTRI;SIGNOR_CollecTRI2;TFactS_CollecTRI;TRRUST;TRRUST_CollecTRI;TRRUST_CollecTRI2;TRRUST_DoRothEA;TfactS_CollecTRI2	canonical_tf_edge;canonical_tf_role;module_22B_regulon	canonical_tf_edge;canonical_tf_role;module_22B_regulon	canonical_tf_edge;canonical_tf_role;module_22B_regulon	existing_public_pair_union	existing_public_pair_union	canonical_name_or_species_scope_match	16826	3	true		existing_or_canonical	Cross-species inventory collapse only; retain species-specific evidence records separately.; Vertebrate JASPAR/profile scope is not treated as human/mouse evidence.
gata4	GATA4;Gata4	human;mouse;vertebrates	AnimalTFDB3;JASPAR_CORE;Lambert_HumanTFs;OmniPath_DoRothEA;TFLink;TRRUST	ARACNe-GTEx_DoRothEA;CollecTRI;CollecTRI2;CytReg_CollecTRI;CytReg_CollecTRI2;DoRothEA;DoRothEA-A_CollecTRI;DoRothEA-A_CollecTRI2;ExTRI2_CollecTRI2;ExTRI_CollecTRI;GEREDB_CollecTRI;GEREDB_CollecTRI2;GOA_CollecTRI2;HTRI_CollecTRI;HTRIdb;HTRIdb_CollecTRI2;HTRIdb_DoRothEA;NFIRegulomeDB_DoRothEA;NTNU.Curated_CollecTRI;NTNUcuration_CollecTRI2;PAZAR;PAZAR_DoRothEA;TFactS_CollecTRI;TRRUST;TRRUST_CollecTRI;TRRUST_CollecTRI2;TRRUST_DoRothEA;TfactS_CollecTRI2	canonical_tf_edge;canonical_tf_role;module_22B_regulon	canonical_tf_edge;canonical_tf_role;module_22B_regulon	canonical_tf_edge;canonical_tf_role;module_22B_regulon	existing_public_pair_union	existing_public_pair_union	canonical_name_or_species_scope_match	16827;16951	3	true		existing_or_canonical	Cross-species inventory collapse only; retain species-specific evidence records separately.; Vertebrate JASPAR/profile scope is not treated as human/mouse evidence.
gata5	GATA5;Gata5	human;mouse;vertebrates	AnimalTFDB3;JASPAR_CORE;Lambert_HumanTFs;TFLink;TRRUST	TRRUST				existing_public_pair_union	new_candidate	new_candidate		3	false	mouse;vertebrates	existing_or_canonical	Cross-species inventory collapse only; retain species-specific evidence records separately.; Vertebrate JASPAR/profile scope is not treated as human/mouse evidence.
gata6	GATA6;Gata6	human;mouse;vertebrates	AnimalTFDB3;JASPAR_CORE;Lambert_HumanTFs;OmniPath_DoRothEA;TFLink;TRRUST	ARACNe-GTEx_DoRothEA;CollecTRI;CollecTRI2;DoRothEA;DoRothEA-A_CollecTRI;DoRothEA-A_CollecTRI2;ExTRI2_CollecTRI2;ExTRI_CollecTRI;GEREDB_CollecTRI;GEREDB_CollecTRI2;HOCOMOCO_DoRothEA;HTRI_CollecTRI;HTRIdb;HTRIdb_CollecTRI2;HTRIdb_DoRothEA;JASPAR_DoRothEA;NFIRegulomeDB_DoRothEA;PAZAR;PAZAR_DoRothEA;ReMap_DoRothEA;SIGNOR_CollecTRI;SIGNOR_CollecTRI2;TRRUST;TRRUST_CollecTRI;TRRUST_CollecTRI2;TRRUST_DoRothEA				existing_public_pair_union	existing_public_pair_union	new_candidate		3	false	vertebrates	existing_or_canonical	Cross-species inventory collapse only; retain species-specific evidence records separately.; Vertebrate JASPAR/profile scope is not treated as human/mouse evidence.
gatad1	GATAD1;Gatad1	human;mouse	AnimalTFDB3;TFLink					new_candidate	new_candidate			2	false	human;mouse	new_candidate	Cross-species inventory collapse only; retain species-specific evidence records separately.
gatad2a	GATAD2A	human	AnimalTFDB3;Lambert_HumanTFs;TFLink					new_candidate				1	false	human	new_candidate	
gatad2b	GATAD2B;Gatad2b	human;mouse	AnimalTFDB3;Lambert_HumanTFs;TFLink					new_candidate	new_candidate			2	false	human;mouse	new_candidate	Cross-species inventory collapse only; retain species-specific evidence records separately.
gatd3b	GATD3B	human	TFLink					new_candidate				1	false	human	new_candidate	
gbx1	GBX1;Gbx1	human;mouse;vertebrates	AnimalTFDB3;JASPAR_CORE;Lambert_HumanTFs					new_candidate	new_candidate	new_candidate		3	false	human;mouse;vertebrates	new_candidate	Cross-species inventory collapse only; retain species-specific evidence records separately.; Vertebrate JASPAR/profile scope is not treated as human/mouse evidence.
gbx2	GBX2;Gbx2	human;mouse;vertebrates	AnimalTFDB3;JASPAR_CORE;Lambert_HumanTFs;TFLink;TRRUST	TRRUST				existing_public_pair_union	existing_public_pair_union	new_candidate		3	false	vertebrates	existing_or_canonical	Cross-species inventory collapse only; retain species-specific evidence records separately.; Vertebrate JASPAR/profile scope is not treated as human/mouse evidence.
gc	GC;Gc	human;mouse	TFLink					new_candidate	new_candidate			2	false	human;mouse	new_candidate	Cross-species inventory collapse only; retain species-specific evidence records separately.
gcfc2	GCFC2;Gcfc2	human;mouse	AnimalTFDB3;TFLink;TRRUST	TRRUST				new_candidate	existing_public_pair_union			2	false	human	existing_or_canonical	Cross-species inventory collapse only; retain species-specific evidence records separately.
gcgr	Gcgr	mouse	TFLink;TRRUST	TRRUST					existing_public_pair_union			1	false		existing_or_canonical	
gcm1	GCM1;Gcm1	human;mouse;vertebrates	AnimalTFDB3;JASPAR_CORE;Lambert_HumanTFs;TFLink;TRRUST	TRRUST				existing_public_pair_union	new_candidate	new_candidate		3	false	mouse;vertebrates	existing_or_canonical	Cross-species inventory collapse only; retain species-specific evidence records separately.; Vertebrate JASPAR/profile scope is not treated as human/mouse evidence.
gcm2	GCM2;Gcm2	human;mouse;vertebrates	AnimalTFDB3;JASPAR_CORE;Lambert_HumanTFs;OmniPath_DoRothEA;TFLink;TRRUST	CollecTRI;CollecTRI2;DoRothEA;DoRothEA-A_CollecTRI2;ExTRI2_CollecTRI2;ExTRI_CollecTRI;KEGG-MEDICUS;SIGNOR_CollecTRI;SIGNOR_CollecTRI2;TRRUST;TRRUST_CollecTRI;TRRUST_CollecTRI2;TRRUST_DoRothEA				existing_public_pair_union	existing_public_pair_union	new_candidate		3	false	vertebrates	existing_or_canonical	Cross-species inventory collapse only; retain species-specific evidence records separately.; Vertebrate JASPAR/profile scope is not treated as human/mouse evidence.
gfi1	GFI1;Gfi1	human;mouse;vertebrates	AnimalTFDB3;JASPAR_CORE;Lambert_HumanTFs;OmniPath_DoRothEA;TFLink;TRRUST	CollecTRI;CollecTRI2;DoRothEA;DoRothEA-A_CollecTRI;DoRothEA-A_CollecTRI2;ExTRI2_CollecTRI2;ExTRI_CollecTRI;FANTOM4_DoRothEA;HTRI_CollecTRI;HTRIdb;HTRIdb_CollecTRI2;HTRIdb_DoRothEA;NTNU.Curated_CollecTRI;NTNUcuration_CollecTRI2;SIGNOR_CollecTRI;SIGNOR_CollecTRI2;TRRUST;TRRUST_CollecTRI;TRRUST_CollecTRI2;TRRUST_DoRothEA	canonical_tf_edge;canonical_tf_role;module_22B_regulon	canonical_tf_edge;canonical_tf_role;module_22B_regulon	canonical_tf_edge;canonical_tf_role;module_22B_regulon	existing_public_pair_union	existing_public_pair_union	canonical_name_or_species_scope_match	16828	3	true		existing_or_canonical	Cross-species inventory collapse only; retain species-specific evidence records separately.; Vertebrate JASPAR/profile scope is not treated as human/mouse evidence.
gfi1b	GFI1B;Gfi1B;Gfi1b	human;mouse;vertebrates	AnimalTFDB3;JASPAR_CORE;Lambert_HumanTFs;OmniPath_DoRothEA;TFLink;TRRUST	CollecTRI;CollecTRI2;DoRothEA;DoRothEA-A_CollecTRI2;ExTRI2_CollecTRI2;Pavlidis2021_CollecTRI;Pavlidis_CollecTRI2;ReMap_DoRothEA;SIGNOR_CollecTRI;SIGNOR_CollecTRI2;TRRUST;TRRUST_CollecTRI;TRRUST_CollecTRI2;TRRUST_DoRothEA				existing_public_pair_union	existing_public_pair_union	new_candidate		3	false	vertebrates	existing_or_canonical	Cross-species inventory collapse only; retain species-specific evidence records separately.; Vertebrate JASPAR/profile scope is not treated as human/mouse evidence.
gli1	GLI1;Gli1	human;mouse;vertebrates	AnimalTFDB3;JASPAR_CORE;Lambert_HumanTFs;OmniPath_DoRothEA;TFLink;TRRUST	ARACNe-GTEx_DoRothEA;CollecTRI;CollecTRI2;DoRothEA;DoRothEA-A_CollecTRI2;ExTRI2_CollecTRI2;ExTRI_CollecTRI;GEREDB_CollecTRI;GEREDB_CollecTRI2;KEGG-MEDICUS;NTNU.Curated_CollecTRI;NTNUcuration_CollecTRI2;Pavlidis2021_CollecTRI;Pavlidis_CollecTRI2;RegNetwork_DoRothEA;SIGNOR_CollecTRI;SIGNOR_CollecTRI2;TFactS_CollecTRI;TFactS_DoRothEA;TRED_DoRothEA;TRRUST;TRRUST_CollecTRI;TRRUST_CollecTRI2;TRRUST_DoRothEA;TfactS_CollecTRI2	canonical_tf_edge;canonical_tf_role;module_22B_regulon	canonical_tf_edge;canonical_tf_role;module_22B_regulon	canonical_tf_edge;canonical_tf_role;module_22B_regulon	existing_public_pair_union	existing_public_pair_union	canonical_name_or_species_scope_match	12023	3	true		existing_or_canonical	Cross-species inventory collapse only; retain species-specific evidence records separately.; Vertebrate JASPAR/profile scope is not treated as human/mouse evidence.
gli2	GLI2;Gli2	human;mouse;vertebrates	AnimalTFDB3;JASPAR_CORE;Lambert_HumanTFs;OmniPath_DoRothEA;TFLink;TRRUST	ARACNe-GTEx_DoRothEA;CollecTRI;CollecTRI2;DoRothEA;DoRothEA-A_CollecTRI2;ExTRI2_CollecTRI2;ExTRI_CollecTRI;GEREDB_CollecTRI;GEREDB_CollecTRI2;JASPAR_DoRothEA;KEGG-MEDICUS;NTNU.Curated_CollecTRI;NTNUcuration_CollecTRI2;Pavlidis2021_CollecTRI;Pavlidis_CollecTRI2;RegNetwork_DoRothEA;SIGNOR_CollecTRI;SIGNOR_CollecTRI2;TFactS_CollecTRI;TFactS_DoRothEA;TRED_DoRothEA;TRRUST;TRRUST_CollecTRI;TRRUST_CollecTRI2;TRRUST_DoRothEA;TfactS_CollecTRI2	canonical_tf_edge;canonical_tf_role;module_22B_regulon	canonical_tf_edge;canonical_tf_role;module_22B_regulon	canonical_tf_edge;canonical_tf_role;module_22B_regulon	existing_public_pair_union	existing_public_pair_union	canonical_name_or_species_scope_match	16952	3	true		existing_or_canonical	Cross-species inventory collapse only; retain species-specific evidence records separately.; Vertebrate JASPAR/profile scope is not treated as human/mouse evidence.
gli3	GLI3;Gli3	human;mouse;vertebrates	AnimalTFDB3;JASPAR_CORE;Lambert_HumanTFs;OmniPath_DoRothEA;TFLink;TRRUST	CollecTRI;CollecTRI2;DoRothEA;DoRothEA-A_CollecTRI2;ExTRI2_CollecTRI2;HOCOMOCO_DoRothEA;KEGG-MEDICUS;TFactS_CollecTRI;TFactS_DoRothEA;TRRUST;TfactS_CollecTRI2	canonical_tf_edge;canonical_tf_role;module_22B_regulon	canonical_tf_edge;canonical_tf_role;module_22B_regulon	canonical_tf_edge;canonical_tf_role;module_22B_regulon	existing_public_pair_union	existing_public_pair_union	canonical_name_or_species_scope_match	16953	3	true		existing_or_canonical	Cross-species inventory collapse only; retain species-specific evidence records separately.; Vertebrate JASPAR/profile scope is not treated as human/mouse evidence.
gli4	GLI4	human	AnimalTFDB3;Lambert_HumanTFs;TFLink					new_candidate				1	false	human	new_candidate	
glis1	GLIS1;Glis1	human;mouse;vertebrates	AnimalTFDB3;JASPAR_CORE;Lambert_HumanTFs;TFLink					new_candidate	new_candidate	new_candidate		3	false	human;mouse;vertebrates	new_candidate	Cross-species inventory collapse only; retain species-specific evidence records separately.; Vertebrate JASPAR/profile scope is not treated as human/mouse evidence.
glis2	GLIS2;Glis2	human;mouse;vertebrates	AnimalTFDB3;JASPAR_CORE;Lambert_HumanTFs;TFLink;TRRUST	TRRUST				new_candidate	existing_public_pair_union	new_candidate		3	false	human;vertebrates	existing_or_canonical	Cross-species inventory collapse only; retain species-specific evidence records separately.; Vertebrate JASPAR/profile scope is not treated as human/mouse evidence.
glis3	GLIS3;Glis3	human;mouse;vertebrates	AnimalTFDB3;JASPAR_CORE;Lambert_HumanTFs;TFLink;TRRUST	TRRUST				existing_public_pair_union	existing_public_pair_union	new_candidate		3	false	vertebrates	existing_or_canonical	Cross-species inventory collapse only; retain species-specific evidence records separately.; Vertebrate JASPAR/profile scope is not treated as human/mouse evidence.
glmp	GLMP;Glmp	human;mouse	AnimalTFDB3;Lambert_HumanTFs					new_candidate	new_candidate			2	false	human;mouse	new_candidate	Cross-species inventory collapse only; retain species-specific evidence records separately.
glyr1	GLYR1	human	Lambert_HumanTFs;TFLink					new_candidate				1	false	human	new_candidate	
gm10139	Gm10139	mouse	AnimalTFDB3						new_candidate			1	false	mouse	new_candidate	
gm10226	Gm10226	mouse	AnimalTFDB3						new_candidate			1	false	mouse	new_candidate	
gm10324	Gm10324	mouse	AnimalTFDB3						new_candidate			1	false	mouse	new_candidate	
gm10509	Gm10509	mouse	AnimalTFDB3						new_candidate			1	false	mouse	new_candidate	
gm10770	Gm10770	mouse	AnimalTFDB3						new_candidate			1	false	mouse	new_candidate	
gm10772	Gm10772	mouse	AnimalTFDB3						new_candidate			1	false	mouse	new_candidate	
gm10778	Gm10778	mouse	AnimalTFDB3						new_candidate			1	false	mouse	new_candidate	
gm11007	Gm11007	mouse	AnimalTFDB3						new_candidate			1	false	mouse	new_candidate	
gm11009	Gm11009	mouse	AnimalTFDB3						new_candidate			1	false	mouse	new_candidate	
gm12258	Gm12258	mouse	AnimalTFDB3						new_candidate			1	false	mouse	new_candidate	
gm12845	Gm12845	mouse	AnimalTFDB3						new_candidate			1	false	mouse	new_candidate	
gm13212	Gm13212	mouse	AnimalTFDB3						new_candidate			1	false	mouse	new_candidate	
gm14124	Gm14124	mouse	AnimalTFDB3						new_candidate			1	false	mouse	new_candidate	
gm14139	Gm14139	mouse	AnimalTFDB3						new_candidate			1	false	mouse	new_candidate	
gm14295	Gm14295	mouse	AnimalTFDB3						new_candidate			1	false	mouse	new_candidate	
gm14296	Gm14296	mouse	AnimalTFDB3						new_candidate			1	false	mouse	new_candidate	
gm14305	Gm14305	mouse	AnimalTFDB3						new_candidate			1	false	mouse	new_candidate	
gm14308	Gm14308	mouse	AnimalTFDB3						new_candidate			1	false	mouse	new_candidate	
gm14322	Gm14322	mouse	AnimalTFDB3						new_candidate			1	false	mouse	new_candidate	
gm14325	Gm14325	mouse	AnimalTFDB3						new_candidate			1	false	mouse	new_candidate	
gm14326	Gm14326	mouse	AnimalTFDB3						new_candidate			1	false	mouse	new_candidate	
gm14391	Gm14391	mouse	AnimalTFDB3						new_candidate			1	false	mouse	new_candidate	
gm14393	Gm14393	mouse	AnimalTFDB3						new_candidate			1	false	mouse	new_candidate	
gm14399	Gm14399	mouse	AnimalTFDB3						new_candidate			1	false	mouse	new_candidate	
gm14401	Gm14401	mouse	AnimalTFDB3						new_candidate			1	false	mouse	new_candidate	
gm14403	Gm14403	mouse	AnimalTFDB3						new_candidate			1	false	mouse	new_candidate	
gm14406	Gm14406	mouse	AnimalTFDB3						new_candidate			1	false	mouse	new_candidate	
gm14408	Gm14408	mouse	AnimalTFDB3						new_candidate			1	false	mouse	new_candidate	
gm14409	Gm14409	mouse	AnimalTFDB3						new_candidate			1	false	mouse	new_candidate	
gm14410	Gm14410	mouse	AnimalTFDB3						new_candidate			1	false	mouse	new_candidate	
gm14412	Gm14412	mouse	AnimalTFDB3						new_candidate			1	false	mouse	new_candidate	
gm14418	Gm14418	mouse	AnimalTFDB3						new_candidate			1	false	mouse	new_candidate	
gm14419	Gm14419	mouse	AnimalTFDB3						new_candidate			1	false	mouse	new_candidate	
gm14434	Gm14434	mouse	AnimalTFDB3						new_candidate			1	false	mouse	new_candidate	
gm14443	Gm14443	mouse	AnimalTFDB3						new_candidate			1	false	mouse	new_candidate	
gm14444	Gm14444	mouse	AnimalTFDB3						new_candidate			1	false	mouse	new_candidate	
gm15446	Gm15446	mouse	AnimalTFDB3						new_candidate			1	false	mouse	new_candidate	
gm17067	Gm17067	mouse	AnimalTFDB3						new_candidate			1	false	mouse	new_candidate	
gm17655	Gm17655	mouse	AnimalTFDB3						new_candidate			1	false	mouse	new_candidate	
gm19965	Gm19965	mouse	AnimalTFDB3						new_candidate			1	false	mouse	new_candidate	
gm2004	Gm2004	mouse	AnimalTFDB3						new_candidate			1	false	mouse	new_candidate	
gm2007	Gm2007	mouse	AnimalTFDB3						new_candidate			1	false	mouse	new_candidate	
gm2026	Gm2026	mouse	AnimalTFDB3						new_candidate			1	false	mouse	new_candidate	
gm20422	Gm20422	mouse	AnimalTFDB3						new_candidate			1	false	mouse	new_candidate	
gm20939	Gm20939	mouse	AnimalTFDB3						new_candidate			1	false	mouse	new_candidate	
gm21060	Gm21060	mouse	AnimalTFDB3						new_candidate			1	false	mouse	new_candidate	
gm21836	Gm21836	mouse	AnimalTFDB3						new_candidate			1	false	mouse	new_candidate	
gm21994	Gm21994	mouse	AnimalTFDB3						new_candidate			1	false	mouse	new_candidate	
gm2381	Gm2381	mouse	AnimalTFDB3						new_candidate			1	false	mouse	new_candidate	
gm28047	Gm28047	mouse	AnimalTFDB3						new_candidate			1	false	mouse	new_candidate	
gm28168	Gm28168	mouse	AnimalTFDB3						new_candidate			1	false	mouse	new_candidate	
gm28360	Gm28360	mouse	AnimalTFDB3						new_candidate			1	false	mouse	new_candidate	
gm28363	Gm28363	mouse	AnimalTFDB3						new_candidate			1	false	mouse	new_candidate	
gm28557	Gm28557	mouse	AnimalTFDB3						new_candidate			1	false	mouse	new_candidate	
gm29106	Gm29106	mouse	AnimalTFDB3						new_candidate			1	false	mouse	new_candidate	
gm3055	Gm3055	mouse	AnimalTFDB3						new_candidate			1	false	mouse	new_candidate	
gm32687	Gm32687	mouse	AnimalTFDB3						new_candidate			1	false	mouse	new_candidate	
gm32717	Gm32717	mouse	AnimalTFDB3						new_candidate			1	false	mouse	new_candidate	
gm32802	Gm32802	mouse	AnimalTFDB3						new_candidate			1	false	mouse	new_candidate	
gm35315	Gm35315	mouse	AnimalTFDB3						new_candidate			1	false	mouse	new_candidate	
gm3604	Gm3604	mouse	AnimalTFDB3						new_candidate			1	false	mouse	new_candidate	
gm38394	Gm38394	mouse	AnimalTFDB3						new_candidate			1	false	mouse	new_candidate	
gm3854	Gm3854	mouse	AnimalTFDB3						new_candidate			1	false	mouse	new_candidate	
gm44973	Gm44973	mouse	AnimalTFDB3						new_candidate			1	false	mouse	new_candidate	
gm45871	Gm45871	mouse	AnimalTFDB3						new_candidate			1	false	mouse	new_candidate	
gm4631	Gm4631	mouse	AnimalTFDB3						new_candidate			1	false	mouse	new_candidate	
gm4724	Gm4724	mouse	AnimalTFDB3						new_candidate			1	false	mouse	new_candidate	
gm4767	Gm4767	mouse	AnimalTFDB3						new_candidate			1	false	mouse	new_candidate	
gm4881	Gm4881	mouse	AnimalTFDB3						new_candidate			1	false	mouse	new_candidate	
gm4924	Gm4924	mouse	AnimalTFDB3						new_candidate			1	false	mouse	new_candidate	
gm4969	Gm4969	mouse	AnimalTFDB3						new_candidate			1	false	mouse	new_candidate	
gm4981	Gm4981	mouse	AnimalTFDB3						new_candidate			1	false	mouse	new_candidate	
gm5141	Gm5141	mouse	AnimalTFDB3						new_candidate			1	false	mouse	new_candidate	
gm5294	Gm5294	mouse	AnimalTFDB3						new_candidate			1	false	mouse	new_candidate	
gm5767	Gm5767	mouse	AnimalTFDB3						new_candidate			1	false	mouse	new_candidate	
gm6020	Gm6020	mouse	AnimalTFDB3						new_candidate			1	false	mouse	new_candidate	
gm6710	Gm6710	mouse	AnimalTFDB3						new_candidate			1	false	mouse	new_candidate	
gm6871	Gm6871	mouse	AnimalTFDB3						new_candidate			1	false	mouse	new_candidate	
gm7145	Gm7145	mouse	AnimalTFDB3						new_candidate			1	false	mouse	new_candidate	
gm9040	Gm9040	mouse	AnimalTFDB3						new_candidate			1	false	mouse	new_candidate	
gm9044	Gm9044	mouse	AnimalTFDB3						new_candidate			1	false	mouse	new_candidate	
gm9045	Gm9045	mouse	AnimalTFDB3						new_candidate			1	false	mouse	new_candidate	
gm9046	Gm9046	mouse	AnimalTFDB3						new_candidate			1	false	mouse	new_candidate	
gm9048	Gm9048	mouse	AnimalTFDB3						new_candidate			1	false	mouse	new_candidate	
gm9049	Gm9049	mouse	AnimalTFDB3						new_candidate			1	false	mouse	new_candidate	
gm9376	Gm9376	mouse	AnimalTFDB3						new_candidate			1	false	mouse	new_candidate	
gm9772	Gm9772	mouse	AnimalTFDB3						new_candidate			1	false	mouse	new_candidate	
gm9805	Gm9805	mouse	AnimalTFDB3						new_candidate			1	false	mouse	new_candidate	
gmeb1	GMEB1;Gmeb1	human;mouse;vertebrates	AnimalTFDB3;JASPAR_CORE;Lambert_HumanTFs;TFLink					new_candidate	new_candidate	new_candidate		3	false	human;mouse;vertebrates	new_candidate	Cross-species inventory collapse only; retain species-specific evidence records separately.; Vertebrate JASPAR/profile scope is not treated as human/mouse evidence.
gmeb2	GMEB2;Gmeb2	human;mouse;vertebrates	AnimalTFDB3;JASPAR_CORE;Lambert_HumanTFs;TFLink					new_candidate	new_candidate	new_candidate		3	false	human;mouse;vertebrates	new_candidate	Cross-species inventory collapse only; retain species-specific evidence records separately.; Vertebrate JASPAR/profile scope is not treated as human/mouse evidence.
gnrh1	Gnrh1	mouse	TFLink;TRRUST	TRRUST					existing_public_pair_union			1	false		existing_or_canonical	
gon4l	GON4L;Gon4l	human;mouse	AnimalTFDB3					new_candidate	new_candidate			2	false	human;mouse	new_candidate	Cross-species inventory collapse only; retain species-specific evidence records separately.
gpbp1	GPBP1;Gpbp1	human;mouse	AnimalTFDB3;Lambert_HumanTFs					new_candidate	new_candidate			2	false	human;mouse	new_candidate	Cross-species inventory collapse only; retain species-specific evidence records separately.
gpbp1l1	GPBP1L1;Gpbp1l1	human;mouse	AnimalTFDB3;Lambert_HumanTFs					new_candidate	new_candidate			2	false	human;mouse	new_candidate	Cross-species inventory collapse only; retain species-specific evidence records separately.
gpihbp1	GPIHBP1;Gpihbp1	human;mouse	TFLink					new_candidate	new_candidate			2	false	human;mouse	new_candidate	Cross-species inventory collapse only; retain species-specific evidence records separately.
gps2	Gps2	mouse	TFLink						new_candidate			1	false	mouse	new_candidate	
greb1	GREB1	human	TFLink					new_candidate				1	false	human	new_candidate	
grhl1	GRHL1;Grhl1	human;mouse;vertebrates	AnimalTFDB3;JASPAR_CORE;Lambert_HumanTFs;TFLink;TRRUST	TRRUST				existing_public_pair_union	new_candidate	new_candidate		3	false	mouse;vertebrates	existing_or_canonical	Cross-species inventory collapse only; retain species-specific evidence records separately.; Vertebrate JASPAR/profile scope is not treated as human/mouse evidence.
grhl2	GRHL2;Grhl2	human;mouse;vertebrates	AnimalTFDB3;JASPAR_CORE;Lambert_HumanTFs;OmniPath_DoRothEA;TFLink	ARACNe-GTEx_DoRothEA;DoRothEA;HOCOMOCO_DoRothEA;JASPAR_DoRothEA;ReMap_DoRothEA				existing_public_pair_union	existing_public_pair_union	new_candidate		3	false	vertebrates	existing_or_canonical	Cross-species inventory collapse only; retain species-specific evidence records separately.; Vertebrate JASPAR/profile scope is not treated as human/mouse evidence.
grhl3	GRHL3;Grhl3	human;mouse	AnimalTFDB3;Lambert_HumanTFs;TFLink					new_candidate	new_candidate			2	false	human;mouse	new_candidate	Cross-species inventory collapse only; retain species-specific evidence records separately.
grin1	Grin1	mouse	TFLink;TRRUST	TRRUST					existing_public_pair_union			1	false		existing_or_canonical	
gsc	GSC;Gsc	human;mouse;vertebrates	AnimalTFDB3;JASPAR_CORE;Lambert_HumanTFs;TFLink;TRRUST	TRRUST				existing_public_pair_union	existing_public_pair_union	new_candidate		3	false	vertebrates	existing_or_canonical	Cross-species inventory collapse only; retain species-specific evidence records separately.; Vertebrate JASPAR/profile scope is not treated as human/mouse evidence.
gsc2	GSC2;Gsc2	human;mouse;vertebrates	AnimalTFDB3;JASPAR_CORE;Lambert_HumanTFs					new_candidate	new_candidate	new_candidate		3	false	human;mouse;vertebrates	new_candidate	Cross-species inventory collapse only; retain species-specific evidence records separately.; Vertebrate JASPAR/profile scope is not treated as human/mouse evidence.
gsk3b	Gsk3b	mouse	TFLink						new_candidate			1	false	mouse	new_candidate	
gspt2	GSPT2	human	TFLink					new_candidate				1	false	human	new_candidate	
gsx1	GSX1;Gsx1	human;mouse;vertebrates	AnimalTFDB3;JASPAR_CORE;Lambert_HumanTFs					new_candidate	new_candidate	new_candidate		3	false	human;mouse;vertebrates	new_candidate	Cross-species inventory collapse only; retain species-specific evidence records separately.; Vertebrate JASPAR/profile scope is not treated as human/mouse evidence.
gsx2	GSX2;Gsx2	human;mouse;vertebrates	AnimalTFDB3;JASPAR_CORE;Lambert_HumanTFs;TFLink;TRRUST	TRRUST				new_candidate	existing_public_pair_union	new_candidate		3	false	human;vertebrates	existing_or_canonical	Cross-species inventory collapse only; retain species-specific evidence records separately.; Vertebrate JASPAR/profile scope is not treated as human/mouse evidence.
gtf2a1	GTF2A1;Gtf2a1	human;mouse	TFLink;TRRUST	TRRUST				existing_public_pair_union	existing_public_pair_union			2	false		existing_or_canonical	Cross-species inventory collapse only; retain species-specific evidence records separately.
gtf2a2	GTF2A2;Gtf2a2	human;mouse	TFLink;TRRUST	TRRUST				new_candidate	existing_public_pair_union			2	false	human	existing_or_canonical	Cross-species inventory collapse only; retain species-specific evidence records separately.
gtf2b	GTF2B;Gtf2b	human;mouse	Lambert_HumanTFs;TFLink;TRRUST	TRRUST				existing_public_pair_union	existing_public_pair_union			2	false		existing_or_canonical	Cross-species inventory collapse only; retain species-specific evidence records separately.
gtf2e2	GTF2E2	human	TFLink					new_candidate				1	false	human	new_candidate	
gtf2f1	GTF2F1	human	TFLink;TRRUST	TRRUST				existing_public_pair_union				1	false		existing_or_canonical	
gtf2h1	Gtf2h1	mouse	TFLink;TRRUST	TRRUST					existing_public_pair_union			1	false		existing_or_canonical	
gtf2i	GTF2I;Gtf2i	human;mouse	AnimalTFDB3;Lambert_HumanTFs;OmniPath_DoRothEA;TFLink;TRRUST	CollecTRI;CollecTRI2;DoRothEA;DoRothEA-A_CollecTRI2;ExTRI2_CollecTRI2;ExTRI_CollecTRI;IntAct_DoRothEA;TRRUST;TRRUST_CollecTRI;TRRUST_CollecTRI2;TRRUST_DoRothEA				existing_public_pair_union	existing_public_pair_union			2	false		existing_or_canonical	Cross-species inventory collapse only; retain species-specific evidence records separately.
gtf2ird1	GTF2IRD1;Gtf2ird1	human;mouse	AnimalTFDB3;Lambert_HumanTFs;TFLink;TRRUST	TRRUST				new_candidate	existing_public_pair_union			2	false	human	existing_or_canonical	Cross-species inventory collapse only; retain species-specific evidence records separately.
gtf2ird2	GTF2IRD2;Gtf2ird2	human;mouse	AnimalTFDB3;Lambert_HumanTFs					new_candidate	new_candidate			2	false	human;mouse	new_candidate	Cross-species inventory collapse only; retain species-specific evidence records separately.
gtf2ird2b	GTF2IRD2B	human	AnimalTFDB3;Lambert_HumanTFs					new_candidate				1	false	human	new_candidate	
gtf3a	GTF3A;Gtf3a	human;mouse	AnimalTFDB3;Lambert_HumanTFs;TFLink;TRRUST	TRRUST				existing_public_pair_union	new_candidate			2	false	mouse	existing_or_canonical	Cross-species inventory collapse only; retain species-specific evidence records separately.
gtf3c1	Gtf3c1	mouse	TFLink						new_candidate			1	false	mouse	new_candidate	
gtf3c2	GTF3C2	human	TFLink					new_candidate				1	false	human	new_candidate	
gtf3c5	GTF3C5	human	TFLink					new_candidate				1	false	human	new_candidate	
gucy1b1	GUCY1B1	human	TFLink					new_candidate				1	false	human	new_candidate	
gzf1	GZF1;Gzf1	human;mouse	AnimalTFDB3;Lambert_HumanTFs;TFLink;TRRUST	TRRUST				existing_public_pair_union	existing_public_pair_union			2	false		existing_or_canonical	Cross-species inventory collapse only; retain species-specific evidence records separately.
h1-6	H1-6	human;mouse	TFLink					new_candidate	new_candidate			2	false	human;mouse	new_candidate	Cross-species inventory collapse only; retain species-specific evidence records separately.
h2az1	H2AZ1	human	TFLink					new_candidate				1	false	human	new_candidate	
h3bj24	H3BJ24	mouse	OmniPath_DoRothEA	ARACNe-GTEx_DoRothEA;CollecTRI;CollecTRI2;DoRothEA;DoRothEA-A_CollecTRI;DoRothEA-A_CollecTRI2;ExTRI2_CollecTRI2;ExTRI_CollecTRI;HOCOMOCO_DoRothEA;JASPAR_DoRothEA;PAZAR;PAZAR_DoRothEA;Pavlidis2021_CollecTRI;Pavlidis_CollecTRI2;ReMap_DoRothEA;SIGNOR;SIGNOR_CollecTRI;SIGNOR_CollecTRI2;TFe_DoRothEA;TRRUST;TRRUST_CollecTRI;TRRUST_CollecTRI2;TRRUST_DoRothEA;TfactS_CollecTRI2					existing_public_pair_union			1	false		existing_or_canonical	
h3bkm3	H3BKM3	mouse	OmniPath_DoRothEA	ARACNe-GTEx_DoRothEA;DoRothEA;JASPAR_DoRothEA;ReMap_DoRothEA					existing_public_pair_union			1	false		existing_or_canonical	
hand1	HAND1;Hand1	human;mouse;vertebrates	AnimalTFDB3;JASPAR_CORE;Lambert_HumanTFs;TFLink					new_candidate	new_candidate	new_candidate		3	false	human;mouse;vertebrates	new_candidate	Cross-species inventory collapse only; retain species-specific evidence records separately.; Vertebrate JASPAR/profile scope is not treated as human/mouse evidence.
hand2	HAND2;Hand2	human;mouse;vertebrates	AnimalTFDB3;JASPAR_CORE;Lambert_HumanTFs;TFLink;TRRUST	TRRUST				existing_public_pair_union	existing_public_pair_union	new_candidate		3	false	vertebrates	existing_or_canonical	Cross-species inventory collapse only; retain species-specific evidence records separately.; Vertebrate JASPAR/profile scope is not treated as human/mouse evidence.
havcr2	Havcr2	mouse	TFLink;TRRUST	TRRUST					existing_public_pair_union			1	false		existing_or_canonical	
hax1	HAX1	human	TFLink;TRRUST	TRRUST				existing_public_pair_union				1	false		existing_or_canonical	
hbp1	HBP1;Hbp1	human;mouse	AnimalTFDB3;Lambert_HumanTFs;OmniPath_DoRothEA;TFLink;TRRUST	CollecTRI;CollecTRI2;DoRothEA;DoRothEA-A_CollecTRI;DoRothEA-A_CollecTRI2;ExTRI2_CollecTRI2;ExTRI_CollecTRI;GEREDB_CollecTRI;GEREDB_CollecTRI2;GOA_CollecTRI;GOA_CollecTRI2;ReMap_DoRothEA;SIGNOR;SIGNOR_CollecTRI;SIGNOR_CollecTRI2;TFactS_CollecTRI;TFactS_DoRothEA;TRRUST;TRRUST_CollecTRI;TRRUST_CollecTRI2;TRRUST_DoRothEA;TfactS_CollecTRI2				existing_public_pair_union	existing_public_pair_union			2	false		existing_or_canonical	Cross-species inventory collapse only; retain species-specific evidence records separately.
hbz	HBZ	human	TFLink					new_candidate				1	false	human	new_candidate	
hcfc1	HCFC1;Hcfc1	human;mouse	TFLink;TRRUST	TRRUST				existing_public_pair_union	existing_public_pair_union			2	false		existing_or_canonical	Cross-species inventory collapse only; retain species-specific evidence records separately.
hcls1	Hcls1	mouse	TFLink;TRRUST	TRRUST					existing_public_pair_union			1	false		existing_or_canonical	
hdac1	HDAC1;Hdac1	human;mouse	TFLink;TRRUST	TRRUST				existing_public_pair_union	existing_public_pair_union			2	false		existing_or_canonical	Cross-species inventory collapse only; retain species-specific evidence records separately.
hdac10	HDAC10	human	TFLink;TRRUST	TRRUST				existing_public_pair_union				1	false		existing_or_canonical	
hdac11	HDAC11;Hdac11	human;mouse	TFLink;TRRUST	TRRUST				existing_public_pair_union	existing_public_pair_union			2	false		existing_or_canonical	Cross-species inventory collapse only; retain species-specific evidence records separately.
hdac2	HDAC2;Hdac2	human;mouse	TFLink;TRRUST	TRRUST	canonical_tf_edge;canonical_tf_role;module_22B_regulon	canonical_tf_edge;canonical_tf_role;module_22B_regulon		existing_public_pair_union	existing_public_pair_union		16829	2	true		existing_or_canonical	Cross-species inventory collapse only; retain species-specific evidence records separately.
hdac3	HDAC3;Hdac3	human;mouse	TFLink;TRRUST	TRRUST	canonical_tf_edge;canonical_tf_role;module_22B_regulon	canonical_tf_edge;canonical_tf_role;module_22B_regulon		existing_public_pair_union	existing_public_pair_union		16830	2	true		existing_or_canonical	Cross-species inventory collapse only; retain species-specific evidence records separately.
hdac4	HDAC4;Hdac4	human;mouse	TFLink;TRRUST	TRRUST				existing_public_pair_union	existing_public_pair_union			2	false		existing_or_canonical	Cross-species inventory collapse only; retain species-specific evidence records separately.
hdac5	HDAC5	human	TFLink;TRRUST	TRRUST				existing_public_pair_union				1	false		existing_or_canonical	
hdac6	HDAC6	human	TFLink					new_candidate				1	false	human	new_candidate	
hdac7	HDAC7	human	TFLink;TRRUST	TRRUST				existing_public_pair_union				1	false		existing_or_canonical	
hdac8	HDAC8	human	TFLink					new_candidate				1	false	human	new_candidate	
hdac9	HDAC9	human	TFLink;TRRUST	TRRUST				existing_public_pair_union				1	false		existing_or_canonical	
hdgf	HDGF;Hdgf	human;mouse	TFLink;TRRUST	TRRUST				existing_public_pair_union	existing_public_pair_union			2	false		existing_or_canonical	Cross-species inventory collapse only; retain species-specific evidence records separately.
hdgfl3	HDGFL3	human	TFLink					new_candidate				1	false	human	new_candidate	
hdx	HDX;Hdx	human;mouse	AnimalTFDB3;Lambert_HumanTFs					new_candidate	new_candidate			2	false	human;mouse	new_candidate	Cross-species inventory collapse only; retain species-specific evidence records separately.
helt	HELT;Helt	human;mouse;vertebrates	AnimalTFDB3;JASPAR_CORE;Lambert_HumanTFs					new_candidate	new_candidate	new_candidate		3	false	human;mouse;vertebrates	new_candidate	Cross-species inventory collapse only; retain species-specific evidence records separately.; Vertebrate JASPAR/profile scope is not treated as human/mouse evidence.
hes1	HES1;Hes1	human;mouse;vertebrates	AnimalTFDB3;JASPAR_CORE;Lambert_HumanTFs;OmniPath_DoRothEA;TFLink;TRRUST	CollecTRI;CollecTRI2;DoRothEA;DoRothEA-A_CollecTRI;DoRothEA-A_CollecTRI2;ExTRI2_CollecTRI2;ExTRI_CollecTRI;HTRI_CollecTRI;HTRIdb;HTRIdb_CollecTRI2;HTRIdb_DoRothEA;JASPAR_DoRothEA;NTNU.Curated_CollecTRI;NTNUcuration_CollecTRI2;Pavlidis2021_CollecTRI;Pavlidis_CollecTRI2;SIGNOR_CollecTRI;SIGNOR_CollecTRI2;TFactS_CollecTRI;TFactS_DoRothEA;TRRUST;TRRUST_CollecTRI;TRRUST_CollecTRI2;TRRUST_DoRothEA;TfactS_CollecTRI2				existing_public_pair_union	existing_public_pair_union	new_candidate		3	false	vertebrates	existing_or_canonical	Cross-species inventory collapse only; retain species-specific evidence records separately.; Vertebrate JASPAR/profile scope is not treated as human/mouse evidence.
hes2	HES2;Hes2	human;mouse;vertebrates	AnimalTFDB3;JASPAR_CORE;Lambert_HumanTFs;TFLink					new_candidate	new_candidate	new_candidate		3	false	human;mouse;vertebrates	new_candidate	Cross-species inventory collapse only; retain species-specific evidence records separately.; Vertebrate JASPAR/profile scope is not treated as human/mouse evidence.
hes3	HES3;Hes3	human;mouse	AnimalTFDB3;Lambert_HumanTFs					new_candidate	new_candidate			2	false	human;mouse	new_candidate	Cross-species inventory collapse only; retain species-specific evidence records separately.
hes4	HES4	human	AnimalTFDB3;Lambert_HumanTFs;TFLink					new_candidate				1	false	human	new_candidate	
hes5	HES5;Hes5	human;mouse;vertebrates	AnimalTFDB3;JASPAR_CORE;Lambert_HumanTFs;TFLink					new_candidate	new_candidate	new_candidate		3	false	human;mouse;vertebrates	new_candidate	Cross-species inventory collapse only; retain species-specific evidence records separately.; Vertebrate JASPAR/profile scope is not treated as human/mouse evidence.
hes6	HES6;Hes6	human;mouse;vertebrates	AnimalTFDB3;JASPAR_CORE;Lambert_HumanTFs;TFLink;TRRUST	TRRUST				existing_public_pair_union	existing_public_pair_union	new_candidate		3	false	vertebrates	existing_or_canonical	Cross-species inventory collapse only; retain species-specific evidence records separately.; Vertebrate JASPAR/profile scope is not treated as human/mouse evidence.
hes7	HES7;Hes7	human;mouse;vertebrates	AnimalTFDB3;JASPAR_CORE;Lambert_HumanTFs;TFLink;TRRUST	TRRUST				new_candidate	existing_public_pair_union	new_candidate		3	false	human;vertebrates	existing_or_canonical	Cross-species inventory collapse only; retain species-specific evidence records separately.; Vertebrate JASPAR/profile scope is not treated as human/mouse evidence.
hesx1	HESX1;Hesx1	human;mouse;vertebrates	AnimalTFDB3;JASPAR_CORE;Lambert_HumanTFs;TFLink;TRRUST	TRRUST				new_candidate	existing_public_pair_union	new_candidate		3	false	human;vertebrates	existing_or_canonical	Cross-species inventory collapse only; retain species-specific evidence records separately.; Vertebrate JASPAR/profile scope is not treated as human/mouse evidence.
hexim1	HEXIM1;Hexim1	human;mouse	TFLink;TRRUST	TRRUST				existing_public_pair_union	existing_public_pair_union			2	false		existing_or_canonical	Cross-species inventory collapse only; retain species-specific evidence records separately.
hey1	HEY1;Hey1	human;mouse;vertebrates	AnimalTFDB3;JASPAR_CORE;Lambert_HumanTFs;OmniPath_DoRothEA;TFLink;TRRUST	ARACNe-GTEx_DoRothEA;CollecTRI;CollecTRI2;DoRothEA;DoRothEA-A_CollecTRI2;ExTRI2_CollecTRI2;ExTRI_CollecTRI;GEREDB_CollecTRI;GEREDB_CollecTRI2;TRRUST;TRRUST_CollecTRI;TRRUST_CollecTRI2;TRRUST_DoRothEA				existing_public_pair_union	existing_public_pair_union	new_candidate		3	false	vertebrates	existing_or_canonical	Cross-species inventory collapse only; retain species-specific evidence records separately.; Vertebrate JASPAR/profile scope is not treated as human/mouse evidence.
hey2	HEY2;Hey2	human;mouse;vertebrates	AnimalTFDB3;JASPAR_CORE;Lambert_HumanTFs;OmniPath_DoRothEA;TFLink;TRRUST	ARACNe-GTEx_DoRothEA;CollecTRI;CollecTRI2;DoRothEA;DoRothEA-A_CollecTRI2;TRRUST;TRRUST_CollecTRI;TRRUST_CollecTRI2;TRRUST_DoRothEA				existing_public_pair_union	existing_public_pair_union	new_candidate		3	false	vertebrates	existing_or_canonical	Cross-species inventory collapse only; retain species-specific evidence records separately.; Vertebrate JASPAR/profile scope is not treated as human/mouse evidence.
heyl	HEYL;Heyl	human;mouse	AnimalTFDB3;Lambert_HumanTFs;TFLink;TRRUST	TRRUST				existing_public_pair_union	existing_public_pair_union			2	false		existing_or_canonical	Cross-species inventory collapse only; retain species-specific evidence records separately.
hgf	Hgf	mouse	TFLink;TRRUST	TRRUST					existing_public_pair_union			1	false		existing_or_canonical	
hhex	HHEX;Hhex	human;mouse	AnimalTFDB3;Lambert_HumanTFs;OmniPath_DoRothEA;TFLink;TRRUST	CollecTRI;CollecTRI2;DoRothEA;DoRothEA-A_CollecTRI2;ExTRI2_CollecTRI2;ExTRI_CollecTRI;ReMap_DoRothEA;TRRUST;TRRUST_CollecTRI;TRRUST_CollecTRI2;TRRUST_DoRothEA				existing_public_pair_union	existing_public_pair_union			2	false		existing_or_canonical	Cross-species inventory collapse only; retain species-specific evidence records separately.
hic1	HIC1;Hic1	human;mouse;vertebrates	AnimalTFDB3;JASPAR_CORE;Lambert_HumanTFs;OmniPath_DoRothEA;TFLink;TRRUST	ARACNe-GTEx_DoRothEA;CollecTRI;CollecTRI2;DoRothEA;DoRothEA-A_CollecTRI;DoRothEA-A_CollecTRI2;ExTRI2_CollecTRI2;ExTRI_CollecTRI;GEREDB_CollecTRI;GEREDB_CollecTRI2;HOCOMOCO_DoRothEA;NTNU.Curated_CollecTRI;NTNUcuration_CollecTRI2;PAZAR;SIGNOR_CollecTRI;SIGNOR_CollecTRI2;TFe_DoRothEA;TRRUST;TRRUST_CollecTRI;TRRUST_CollecTRI2;TRRUST_DoRothEA;TfactS_CollecTRI2	canonical_tf_edge;canonical_tf_role;module_22B_regulon	canonical_tf_edge;canonical_tf_role;module_22B_regulon	canonical_tf_edge;canonical_tf_role;module_22B_regulon	existing_public_pair_union	existing_public_pair_union	canonical_name_or_species_scope_match	16831	3	true		existing_or_canonical	Cross-species inventory collapse only; retain species-specific evidence records separately.; Vertebrate JASPAR/profile scope is not treated as human/mouse evidence.
hic2	HIC2;Hic2	human;mouse;vertebrates	AnimalTFDB3;JASPAR_CORE;Lambert_HumanTFs;TFLink					new_candidate	new_candidate	new_candidate		3	false	human;mouse;vertebrates	new_candidate	Cross-species inventory collapse only; retain species-specific evidence records separately.; Vertebrate JASPAR/profile scope is not treated as human/mouse evidence.
hif1a	HIF1A;Hif1a	human;mouse;vertebrates	AnimalTFDB3;JASPAR_CORE;Lambert_HumanTFs;OmniPath_DoRothEA;TFLink;TRRUST	ARACNe-GTEx_DoRothEA;CollecTRI;CollecTRI2;CytReg_CollecTRI;CytReg_CollecTRI2;DoRothEA;DoRothEA-A_CollecTRI;DoRothEA-A_CollecTRI2;ExTRI2_CollecTRI2;ExTRI_CollecTRI;FANTOM4_DoRothEA;GEREDB_CollecTRI;GEREDB_CollecTRI2;GOA_CollecTRI;GOA_CollecTRI2;HOCOMOCO_DoRothEA;HTRI_CollecTRI;HTRIdb;HTRIdb_CollecTRI2;HTRIdb_DoRothEA;IntAct_CollecTRI;IntAct_CollecTRI2;IntAct_DoRothEA;JASPAR_DoRothEA;KEGG-MEDICUS;NTNU.Curated_CollecTRI;NTNUcuration_CollecTRI2;PAZAR;PAZAR_DoRothEA;Pavlidis2021_CollecTRI;Pavlidis_CollecTRI2;ReMap_DoRothEA;RegNetwork_DoRothEA;SIGNOR;SIGNOR_CollecTRI;SIGNOR_CollecTRI2;TFactS_CollecTRI;TFactS_DoRothEA;TFe_DoRothEA;TRED_DoRothEA;TRRUST;TRRUST_CollecTRI;TRRUST_CollecTRI2;TRRUST_DoRothEA;TfactS_CollecTRI2	canonical_tf_edge;canonical_tf_role;module_22B_regulon	canonical_tf_edge;canonical_tf_role;module_22B_regulon	canonical_tf_edge;canonical_tf_role;module_22B_regulon	existing_public_pair_union	existing_public_pair_union	canonical_name_or_species_scope_match	12198;16954	3	true		existing_or_canonical	Cross-species inventory collapse only; retain species-specific evidence records separately.; Vertebrate JASPAR/profile scope is not treated as human/mouse evidence.
hif3a	HIF3A;Hif3a	human;mouse;vertebrates	AnimalTFDB3;JASPAR_CORE;Lambert_HumanTFs;TFLink;TRRUST	TRRUST				existing_public_pair_union	new_candidate	new_candidate		3	false	mouse;vertebrates	existing_or_canonical	Cross-species inventory collapse only; retain species-specific evidence records separately.; Vertebrate JASPAR/profile scope is not treated as human/mouse evidence.
hinfp	HINFP;Hinfp	human;mouse;vertebrates	AnimalTFDB3;JASPAR_CORE;Lambert_HumanTFs;TFLink;TRRUST	TRRUST				existing_public_pair_union	new_candidate	new_candidate		3	false	mouse;vertebrates	existing_or_canonical	Cross-species inventory collapse only; retain species-specific evidence records separately.; Vertebrate JASPAR/profile scope is not treated as human/mouse evidence.
hipk2	HIPK2	human	TFLink;TRRUST	TRRUST				existing_public_pair_union				1	false		existing_or_canonical	
hira	HIRA;Hira	human;mouse	TFLink;TRRUST	TRRUST				existing_public_pair_union	new_candidate			2	false	mouse	existing_or_canonical	Cross-species inventory collapse only; retain species-specific evidence records separately.
hivep1	HIVEP1;Hivep1	human;mouse	AnimalTFDB3;Lambert_HumanTFs;TFLink					new_candidate	new_candidate			2	false	human;mouse	new_candidate	Cross-species inventory collapse only; retain species-specific evidence records separately.
hivep2	HIVEP2;Hivep2	human;mouse	AnimalTFDB3;Lambert_HumanTFs;TFLink;TRRUST	TRRUST				existing_public_pair_union	existing_public_pair_union			2	false		existing_or_canonical	Cross-species inventory collapse only; retain species-specific evidence records separately.
hivep3	HIVEP3;Hivep3	human;mouse	AnimalTFDB3;Lambert_HumanTFs;TFLink					new_candidate	new_candidate			2	false	human;mouse	new_candidate	Cross-species inventory collapse only; retain species-specific evidence records separately.
hjurp	HJURP	human	TFLink					new_candidate				1	false	human	new_candidate	
hkr1	HKR1	human	AnimalTFDB3;Lambert_HumanTFs					new_candidate				1	false	human	new_candidate	
hlf	HLF;Hlf	human;mouse;vertebrates	AnimalTFDB3;JASPAR_CORE;Lambert_HumanTFs;OmniPath_DoRothEA;TFLink;TRRUST	ARACNe-GTEx_DoRothEA;CollecTRI;CollecTRI2;DoRothEA;DoRothEA-A_CollecTRI2;ExTRI2_CollecTRI2;ExTRI_CollecTRI;TRRUST;TRRUST_CollecTRI;TRRUST_CollecTRI2;TRRUST_DoRothEA;TfactS_CollecTRI2				existing_public_pair_union	existing_public_pair_union	new_candidate		3	false	vertebrates	existing_or_canonical	Cross-species inventory collapse only; retain species-specific evidence records separately.; Vertebrate JASPAR/profile scope is not treated as human/mouse evidence.
hltf	HLTF;Hltf	human;mouse	TFLink;TRRUST	TRRUST				existing_public_pair_union	existing_public_pair_union			2	false		existing_or_canonical	Cross-species inventory collapse only; retain species-specific evidence records separately.
hlx	HLX;Hlx	human;mouse	AnimalTFDB3;Lambert_HumanTFs;TFLink;TRRUST	TRRUST				existing_public_pair_union	existing_public_pair_union			2	false		existing_or_canonical	Cross-species inventory collapse only; retain species-specific evidence records separately.
hmbox1	HMBOX1;Hmbox1	human;mouse;vertebrates	AnimalTFDB3;JASPAR_CORE;Lambert_HumanTFs;OmniPath_DoRothEA;TFLink	ARACNe-GTEx_DoRothEA;DoRothEA;JASPAR_DoRothEA;ReMap_DoRothEA				existing_public_pair_union	new_candidate	new_candidate		3	false	mouse;vertebrates	existing_or_canonical	Cross-species inventory collapse only; retain species-specific evidence records separately.; Vertebrate JASPAR/profile scope is not treated as human/mouse evidence.
hmces	HMCES;Hmces	human;mouse	TFLink					new_candidate	new_candidate			2	false	human;mouse	new_candidate	Cross-species inventory collapse only; retain species-specific evidence records separately.
hmg20a	HMG20A;Hmg20a	human;mouse	AnimalTFDB3;Lambert_HumanTFs;TFLink					new_candidate	new_candidate			2	false	human;mouse	new_candidate	Cross-species inventory collapse only; retain species-specific evidence records separately.
hmg20b	HMG20B;Hmg20b	human;mouse	AnimalTFDB3;Lambert_HumanTFs;TFLink;TRRUST	TRRUST				existing_public_pair_union	new_candidate			2	false	mouse	existing_or_canonical	Cross-species inventory collapse only; retain species-specific evidence records separately.
hmga1	HMGA1;Hmga1	human;mouse;vertebrates	AnimalTFDB3;JASPAR_CORE;Lambert_HumanTFs;OmniPath_DoRothEA;TFLink;TRRUST	ARACNe-GTEx_DoRothEA;CollecTRI;CollecTRI2;DoRothEA;DoRothEA-A_CollecTRI2;ExTRI2_CollecTRI2;ExTRI_CollecTRI;GEREDB_CollecTRI;GEREDB_CollecTRI2;TRRUST;TRRUST_CollecTRI;TRRUST_CollecTRI2;TRRUST_DoRothEA	canonical_tf_edge;canonical_tf_role;module_22B_regulon	canonical_tf_edge;canonical_tf_role;module_22B_regulon	canonical_tf_edge;canonical_tf_role;module_22B_regulon	existing_public_pair_union	existing_public_pair_union	canonical_name_or_species_scope_match	16832	3	true		existing_or_canonical	Cross-species inventory collapse only; retain species-specific evidence records separately.; Vertebrate JASPAR/profile scope is not treated as human/mouse evidence.
hmga1b	Hmga1b	mouse	AnimalTFDB3						new_candidate			1	false	mouse	new_candidate	
hmga2	HMGA2;Hmga2	human;mouse	AnimalTFDB3;Lambert_HumanTFs;TFLink;TRRUST	TRRUST				existing_public_pair_union	existing_public_pair_union			2	false		existing_or_canonical	Cross-species inventory collapse only; retain species-specific evidence records separately.
hmgb1	HMGB1;Hmgb1	human;mouse	AnimalTFDB3;TFLink					new_candidate	new_candidate			2	false	human;mouse	new_candidate	Cross-species inventory collapse only; retain species-specific evidence records separately.
hmgb2	HMGB2;Hmgb2	human;mouse	AnimalTFDB3;TFLink;TRRUST	TRRUST				existing_public_pair_union	existing_public_pair_union			2	false		existing_or_canonical	Cross-species inventory collapse only; retain species-specific evidence records separately.
hmgb3	HMGB3;Hmgb3	human;mouse	AnimalTFDB3					new_candidate	new_candidate			2	false	human;mouse	new_candidate	Cross-species inventory collapse only; retain species-specific evidence records separately.
hmgb4	HMGB4;Hmgb4	human;mouse	AnimalTFDB3					new_candidate	new_candidate			2	false	human;mouse	new_candidate	Cross-species inventory collapse only; retain species-specific evidence records separately.
hmgn1	HMGN1	human	TFLink;TRRUST	TRRUST				existing_public_pair_union				1	false		existing_or_canonical	
hmgn3	HMGN3;Hmgn3	human;mouse	Lambert_HumanTFs;TFLink;TRRUST	TRRUST				new_candidate	existing_public_pair_union			2	false	human	existing_or_canonical	Cross-species inventory collapse only; retain species-specific evidence records separately.
hmgxb3	HMGXB3;Hmgxb3	human;mouse	AnimalTFDB3					new_candidate	new_candidate			2	false	human;mouse	new_candidate	Cross-species inventory collapse only; retain species-specific evidence records separately.
hmgxb4	HMGXB4;Hmgxb4	human;mouse	AnimalTFDB3;TFLink					new_candidate	new_candidate			2	false	human;mouse	new_candidate	Cross-species inventory collapse only; retain species-specific evidence records separately.
hmx1	HMX1;Hmx1	human;mouse;vertebrates	AnimalTFDB3;JASPAR_CORE;Lambert_HumanTFs					new_candidate	new_candidate	new_candidate		3	false	human;mouse;vertebrates	new_candidate	Cross-species inventory collapse only; retain species-specific evidence records separately.; Vertebrate JASPAR/profile scope is not treated as human/mouse evidence.
hmx2	HMX2;Hmx2	human;mouse;vertebrates	AnimalTFDB3;JASPAR_CORE;Lambert_HumanTFs					new_candidate	new_candidate	new_candidate		3	false	human;mouse;vertebrates	new_candidate	Cross-species inventory collapse only; retain species-specific evidence records separately.; Vertebrate JASPAR/profile scope is not treated as human/mouse evidence.
hmx3	HMX3;Hmx3	human;mouse;vertebrates	AnimalTFDB3;JASPAR_CORE;Lambert_HumanTFs					new_candidate	new_candidate	new_candidate		3	false	human;mouse;vertebrates	new_candidate	Cross-species inventory collapse only; retain species-specific evidence records separately.; Vertebrate JASPAR/profile scope is not treated as human/mouse evidence.
hnf1a	HNF1A;Hnf1A;Hnf1a	human;mouse;vertebrates	AnimalTFDB3;JASPAR_CORE;Lambert_HumanTFs;OmniPath_DoRothEA;TFLink;TRRUST	ARACNe-GTEx_DoRothEA;CollecTRI;CollecTRI2;DoRothEA;DoRothEA-A_CollecTRI;DoRothEA-A_CollecTRI2;ExTRI2_CollecTRI2;ExTRI_CollecTRI;GEREDB_CollecTRI;GEREDB_CollecTRI2;HOCOMOCO_DoRothEA;HTRI_CollecTRI;HTRIdb;HTRIdb_CollecTRI2;HTRIdb_DoRothEA;JASPAR_DoRothEA;NTNU.Curated_CollecTRI;NTNUcuration_CollecTRI2;ORegAnno;ORegAnno_DoRothEA;PAZAR;PAZAR_DoRothEA;SIGNOR;SIGNOR_CollecTRI;SIGNOR_CollecTRI2;TFactS_CollecTRI;TFactS_DoRothEA;TRRUST;TRRUST_CollecTRI;TRRUST_CollecTRI2;TRRUST_DoRothEA;TfactS_CollecTRI2				existing_public_pair_union	existing_public_pair_union	new_candidate		3	false	vertebrates	existing_or_canonical	Cross-species inventory collapse only; retain species-specific evidence records separately.; Vertebrate JASPAR/profile scope is not treated as human/mouse evidence.
hnf1b	HNF1B;Hnf1b	human;mouse;vertebrates	AnimalTFDB3;JASPAR_CORE;Lambert_HumanTFs;OmniPath_DoRothEA;TFLink;TRRUST	ARACNe-GTEx_DoRothEA;DoRothEA;JASPAR_DoRothEA;ReMap_DoRothEA;TRRUST				existing_public_pair_union	existing_public_pair_union	new_candidate		3	false	vertebrates	existing_or_canonical	Cross-species inventory collapse only; retain species-specific evidence records separately.; Vertebrate JASPAR/profile scope is not treated as human/mouse evidence.
hnf4a	HNF4A;Hnf4a	human;mouse;vertebrates	AnimalTFDB3;JASPAR_CORE;Lambert_HumanTFs;OmniPath_DoRothEA;TFLink;TRRUST	ARACNe-GTEx_DoRothEA;CollecTRI;CollecTRI2;DoRothEA;DoRothEA-A_CollecTRI;DoRothEA-A_CollecTRI2;ENCODE-distal;ENCODE-proximal;ExTRI2_CollecTRI2;ExTRI_CollecTRI;GEREDB_CollecTRI;GEREDB_CollecTRI2;HOCOMOCO_DoRothEA;HTRI_CollecTRI;HTRIdb;HTRIdb_CollecTRI2;HTRIdb_DoRothEA;IntAct_CollecTRI;IntAct_CollecTRI2;IntAct_DoRothEA;JASPAR_DoRothEA;NTNU.Curated_CollecTRI;NTNUcuration_CollecTRI2;ORegAnno;ORegAnno_DoRothEA;PAZAR;PAZAR_DoRothEA;ReMap_DoRothEA;SIGNOR_CollecTRI;SIGNOR_CollecTRI2;TFactS_CollecTRI;TFactS_DoRothEA;TFe_DoRothEA;TRRUST;TRRUST_CollecTRI;TRRUST_CollecTRI2;TRRUST_DoRothEA;TfactS_CollecTRI2	canonical_tf_edge;canonical_tf_role;module_22B_regulon	canonical_tf_edge;canonical_tf_role;module_22B_regulon	canonical_tf_edge;canonical_tf_role;module_22B_regulon	existing_public_pair_union	existing_public_pair_union	canonical_name_or_species_scope_match	16833	3	true		existing_or_canonical	Cross-species inventory collapse only; retain species-specific evidence records separately.; Vertebrate JASPAR/profile scope is not treated as human/mouse evidence.
hnf4g	HNF4G;Hnf4g	human;mouse;vertebrates	AnimalTFDB3;JASPAR_CORE;Lambert_HumanTFs;OmniPath_DoRothEA;TFLink;TRRUST	ARACNe-GTEx_DoRothEA;CollecTRI;CollecTRI2;DoRothEA;DoRothEA-A_CollecTRI;DoRothEA-A_CollecTRI2;ENCODE-distal;ENCODE-proximal;ExTRI2_CollecTRI2;GEREDB_CollecTRI;GEREDB_CollecTRI2;HOCOMOCO_DoRothEA;HTRI_CollecTRI;HTRIdb;HTRIdb_CollecTRI2;HTRIdb_DoRothEA;JASPAR_DoRothEA;ReMap_DoRothEA;SIGNOR_CollecTRI;SIGNOR_CollecTRI2;TFactS_CollecTRI;TFactS_DoRothEA;TFe_DoRothEA;TRRUST;TRRUST_CollecTRI;TRRUST_CollecTRI2;TRRUST_DoRothEA;TfactS_CollecTRI2				existing_public_pair_union	new_candidate	new_candidate		3	false	mouse;vertebrates	existing_or_canonical	Cross-species inventory collapse only; retain species-specific evidence records separately.; Vertebrate JASPAR/profile scope is not treated as human/mouse evidence.
hnrnpd	HNRNPD;Hnrnpd	human;mouse	TFLink;TRRUST	TRRUST				existing_public_pair_union	existing_public_pair_union			2	false		existing_or_canonical	Cross-species inventory collapse only; retain species-specific evidence records separately.
hnrnph1	HNRNPH1	human	TFLink					new_candidate				1	false	human	new_candidate	
hnrnpk	HNRNPK;Hnrnpk	human;mouse	TFLink;TRRUST	TRRUST				new_candidate	existing_public_pair_union			2	false	human	existing_or_canonical	Cross-species inventory collapse only; retain species-specific evidence records separately.
hnrnpl	HNRNPL	human	TFLink					new_candidate				1	false	human	new_candidate	
hnrnpll	HNRNPLL	human	TFLink					new_candidate				1	false	human	new_candidate	
hnrnpr	HNRNPR	human	TFLink;TRRUST	TRRUST				existing_public_pair_union				1	false		existing_or_canonical	
hnrnpu	Hnrnpu	mouse	TFLink						new_candidate			1	false	mouse	new_candidate	
hnrnpul1	HNRNPUL1	human	TFLink					new_candidate				1	false	human	new_candidate	
homez	HOMEZ;Homez	human;mouse;vertebrates	AnimalTFDB3;JASPAR_CORE;Lambert_HumanTFs;TFLink					new_candidate	new_candidate	new_candidate		3	false	human;mouse;vertebrates	new_candidate	Cross-species inventory collapse only; retain species-specific evidence records separately.; Vertebrate JASPAR/profile scope is not treated as human/mouse evidence.
hopx	HOPX;Hopx	human;mouse	AnimalTFDB3;TFLink;TRRUST	TRRUST				existing_public_pair_union	new_candidate			2	false	mouse	existing_or_canonical	Cross-species inventory collapse only; retain species-specific evidence records separately.
hoxa1	HOXA1;Hoxa1	human;mouse;vertebrates	AnimalTFDB3;JASPAR_CORE;Lambert_HumanTFs;TFLink;TRRUST	TRRUST				existing_public_pair_union	existing_public_pair_union	new_candidate		3	false	vertebrates	existing_or_canonical	Cross-species inventory collapse only; retain species-specific evidence records separately.; Vertebrate JASPAR/profile scope is not treated as human/mouse evidence.
hoxa10	HOXA10;Hoxa10	human;mouse;vertebrates	AnimalTFDB3;JASPAR_CORE;Lambert_HumanTFs;OmniPath_DoRothEA;TFLink;TRRUST	ARACNe-GTEx_DoRothEA;CollecTRI;CollecTRI2;DoRothEA;DoRothEA-A_CollecTRI2;ExTRI2_CollecTRI2;ExTRI_CollecTRI;GEREDB_CollecTRI;GEREDB_CollecTRI2;HOCOMOCO_DoRothEA;RegNetwork_DoRothEA;SIGNOR_CollecTRI;SIGNOR_CollecTRI2;TRED_DoRothEA;TRRUST;TRRUST_CollecTRI;TRRUST_CollecTRI2;TRRUST_DoRothEA;TfactS_CollecTRI2	canonical_tf_edge;canonical_tf_role;module_22B_regulon	canonical_tf_edge;canonical_tf_role;module_22B_regulon	canonical_tf_edge;canonical_tf_role;module_22B_regulon	existing_public_pair_union	existing_public_pair_union	canonical_name_or_species_scope_match	16834	3	true		existing_or_canonical	Cross-species inventory collapse only; retain species-specific evidence records separately.; Vertebrate JASPAR/profile scope is not treated as human/mouse evidence.
hoxa11	HOXA11;Hoxa11	human;mouse;vertebrates	AnimalTFDB3;JASPAR_CORE;Lambert_HumanTFs;OmniPath_DoRothEA;TFLink;TRRUST	ARACNe-GTEx_DoRothEA;CollecTRI;CollecTRI2;DoRothEA;DoRothEA-A_CollecTRI;DoRothEA-A_CollecTRI2;ExTRI2_CollecTRI2;ExTRI_CollecTRI;HTRI_CollecTRI;HTRIdb;HTRIdb_CollecTRI2;HTRIdb_DoRothEA;JASPAR_DoRothEA;SIGNOR_CollecTRI;SIGNOR_CollecTRI2;TRRUST;TRRUST_CollecTRI;TRRUST_CollecTRI2;TRRUST_DoRothEA				existing_public_pair_union	existing_public_pair_union	new_candidate		3	false	vertebrates	existing_or_canonical	Cross-species inventory collapse only; retain species-specific evidence records separately.; Vertebrate JASPAR/profile scope is not treated as human/mouse evidence.
hoxa13	HOXA13;Hoxa13	human;mouse;vertebrates	AnimalTFDB3;JASPAR_CORE;Lambert_HumanTFs;TFLink					new_candidate	new_candidate	new_candidate		3	false	human;mouse;vertebrates	new_candidate	Cross-species inventory collapse only; retain species-specific evidence records separately.; Vertebrate JASPAR/profile scope is not treated as human/mouse evidence.
hoxa2	HOXA2;Hoxa2	human;mouse;vertebrates	AnimalTFDB3;JASPAR_CORE;Lambert_HumanTFs;TFLink;TRRUST	TRRUST				new_candidate	existing_public_pair_union	new_candidate		3	false	human;vertebrates	existing_or_canonical	Cross-species inventory collapse only; retain species-specific evidence records separately.; Vertebrate JASPAR/profile scope is not treated as human/mouse evidence.
hoxa3	HOXA3;Hoxa3	human;mouse;vertebrates	AnimalTFDB3;JASPAR_CORE;Lambert_HumanTFs;TFLink;TRRUST	TRRUST				new_candidate	existing_public_pair_union	new_candidate		3	false	human;vertebrates	existing_or_canonical	Cross-species inventory collapse only; retain species-specific evidence records separately.; Vertebrate JASPAR/profile scope is not treated as human/mouse evidence.
hoxa4	HOXA4;Hoxa4	human;mouse;vertebrates	AnimalTFDB3;JASPAR_CORE;Lambert_HumanTFs;OmniPath_DoRothEA;TFLink;TRRUST	CollecTRI;CollecTRI2;DoRothEA;DoRothEA-A_CollecTRI2;ExTRI2_CollecTRI2;RegNetwork_DoRothEA;TRED_DoRothEA;TRRUST;TRRUST_CollecTRI;TRRUST_CollecTRI2;TRRUST_DoRothEA;TfactS_CollecTRI2				existing_public_pair_union	existing_public_pair_union	new_candidate		3	false	vertebrates	existing_or_canonical	Cross-species inventory collapse only; retain species-specific evidence records separately.; Vertebrate JASPAR/profile scope is not treated as human/mouse evidence.
hoxa5	HOXA5;Hoxa5	human;mouse;vertebrates	AnimalTFDB3;JASPAR_CORE;Lambert_HumanTFs;OmniPath_DoRothEA;TFLink;TRRUST	CollecTRI;CollecTRI2;DoRothEA;DoRothEA-A_CollecTRI;DoRothEA-A_CollecTRI2;ExTRI2_CollecTRI2;ExTRI_CollecTRI;FANTOM4_DoRothEA;GOA_CollecTRI2;HTRI_CollecTRI;HTRIdb;HTRIdb_CollecTRI2;HTRIdb_DoRothEA;NTNU.Curated_CollecTRI;NTNUcuration_CollecTRI2;PAZAR;RegNetwork_DoRothEA;TFactS_CollecTRI;TRED_DoRothEA;TRRUST;TRRUST_CollecTRI;TRRUST_CollecTRI2;TRRUST_DoRothEA;TfactS_CollecTRI2				existing_public_pair_union	existing_public_pair_union	new_candidate		3	false	vertebrates	existing_or_canonical	Cross-species inventory collapse only; retain species-specific evidence records separately.; Vertebrate JASPAR/profile scope is not treated as human/mouse evidence.
hoxa6	HOXA6;Hoxa6	human;mouse;vertebrates	AnimalTFDB3;JASPAR_CORE;Lambert_HumanTFs;TFLink					new_candidate	new_candidate	new_candidate		3	false	human;mouse;vertebrates	new_candidate	Cross-species inventory collapse only; retain species-specific evidence records separately.; Vertebrate JASPAR/profile scope is not treated as human/mouse evidence.
hoxa7	HOXA7;Hoxa7	human;mouse;vertebrates	AnimalTFDB3;JASPAR_CORE;Lambert_HumanTFs;TFLink;TRRUST	TRRUST				existing_public_pair_union	new_candidate	new_candidate		3	false	mouse;vertebrates	existing_or_canonical	Cross-species inventory collapse only; retain species-specific evidence records separately.; Vertebrate JASPAR/profile scope is not treated as human/mouse evidence.
hoxa9	HOXA9;Hoxa9	human;mouse;vertebrates	AnimalTFDB3;JASPAR_CORE;Lambert_HumanTFs;TFLink;TRRUST	TRRUST	canonical_tf_edge;canonical_tf_role;module_22B_regulon	canonical_tf_edge;canonical_tf_role;module_22B_regulon	canonical_tf_edge;canonical_tf_role;module_22B_regulon	existing_public_pair_union	existing_public_pair_union	canonical_name_or_species_scope_match	16955	3	true		existing_or_canonical	Cross-species inventory collapse only; retain species-specific evidence records separately.; Vertebrate JASPAR/profile scope is not treated as human/mouse evidence.
hoxb1	HOXB1;Hoxb1	human;mouse;vertebrates	AnimalTFDB3;JASPAR_CORE;Lambert_HumanTFs;TFLink;TRRUST	TRRUST				existing_public_pair_union	existing_public_pair_union	new_candidate		3	false	vertebrates	existing_or_canonical	Cross-species inventory collapse only; retain species-specific evidence records separately.; Vertebrate JASPAR/profile scope is not treated as human/mouse evidence.
hoxb13	HOXB13;Hoxb13	human;mouse;vertebrates	AnimalTFDB3;JASPAR_CORE;Lambert_HumanTFs;OmniPath_DoRothEA;TFLink;TRRUST	CollecTRI;CollecTRI2;DoRothEA;DoRothEA-A_CollecTRI2;ExTRI2_CollecTRI2;GEREDB_CollecTRI;GEREDB_CollecTRI2;JASPAR_DoRothEA;RegNetwork_DoRothEA;SIGNOR_CollecTRI;SIGNOR_CollecTRI2;TRED_DoRothEA;TRRUST;TRRUST_CollecTRI;TRRUST_CollecTRI2;TRRUST_DoRothEA				existing_public_pair_union	existing_public_pair_union	new_candidate		3	false	vertebrates	existing_or_canonical	Cross-species inventory collapse only; retain species-specific evidence records separately.; Vertebrate JASPAR/profile scope is not treated as human/mouse evidence.
hoxb2	HOXB2;Hoxb2	human;mouse;vertebrates	AnimalTFDB3;JASPAR_CORE;Lambert_HumanTFs;TFLink;TRRUST	TRRUST				new_candidate	existing_public_pair_union	new_candidate		3	false	human;vertebrates	existing_or_canonical	Cross-species inventory collapse only; retain species-specific evidence records separately.; Vertebrate JASPAR/profile scope is not treated as human/mouse evidence.
hoxb3	HOXB3;Hoxb3	human;mouse;vertebrates	AnimalTFDB3;JASPAR_CORE;Lambert_HumanTFs;TFLink;TRRUST	TRRUST				new_candidate	existing_public_pair_union	new_candidate		3	false	human;vertebrates	existing_or_canonical	Cross-species inventory collapse only; retain species-specific evidence records separately.; Vertebrate JASPAR/profile scope is not treated as human/mouse evidence.
hoxb4	HOXB4;Hoxb4	human;mouse;vertebrates	AnimalTFDB3;JASPAR_CORE;Lambert_HumanTFs;TFLink;TRRUST	TRRUST				existing_public_pair_union	existing_public_pair_union	new_candidate		3	false	vertebrates	existing_or_canonical	Cross-species inventory collapse only; retain species-specific evidence records separately.; Vertebrate JASPAR/profile scope is not treated as human/mouse evidence.
hoxb5	HOXB5;Hoxb5	human;mouse;vertebrates	AnimalTFDB3;JASPAR_CORE;Lambert_HumanTFs;TFLink;TRRUST	TRRUST				new_candidate	existing_public_pair_union	new_candidate		3	false	human;vertebrates	existing_or_canonical	Cross-species inventory collapse only; retain species-specific evidence records separately.; Vertebrate JASPAR/profile scope is not treated as human/mouse evidence.
hoxb6	HOXB6;Hoxb6	human;mouse;vertebrates	AnimalTFDB3;JASPAR_CORE;Lambert_HumanTFs;TFLink					new_candidate	new_candidate	new_candidate		3	false	human;mouse;vertebrates	new_candidate	Cross-species inventory collapse only; retain species-specific evidence records separately.; Vertebrate JASPAR/profile scope is not treated as human/mouse evidence.
hoxb7	HOXB7;Hoxb7	human;mouse;vertebrates	AnimalTFDB3;JASPAR_CORE;Lambert_HumanTFs;OmniPath_DoRothEA;TFLink;TRRUST	CollecTRI;CollecTRI2;DoRothEA;DoRothEA-A_CollecTRI;DoRothEA-A_CollecTRI2;ExTRI2_CollecTRI2;ExTRI_CollecTRI;GEREDB_CollecTRI;GEREDB_CollecTRI2;GOA_CollecTRI2;RegNetwork_DoRothEA;SIGNOR;SIGNOR_CollecTRI;SIGNOR_CollecTRI2;TRED_DoRothEA;TRRUST;TRRUST_CollecTRI;TRRUST_CollecTRI2;TRRUST_DoRothEA	canonical_tf_edge;canonical_tf_role;module_22B_regulon	canonical_tf_edge;canonical_tf_role;module_22B_regulon	canonical_tf_edge;canonical_tf_role;module_22B_regulon	existing_public_pair_union	existing_public_pair_union	canonical_name_or_species_scope_match	16835	3	true		existing_or_canonical	Cross-species inventory collapse only; retain species-specific evidence records separately.; Vertebrate JASPAR/profile scope is not treated as human/mouse evidence.
hoxb8	HOXB8;Hoxb8	human;mouse;vertebrates	AnimalTFDB3;JASPAR_CORE;Lambert_HumanTFs;TFLink;TRRUST	TRRUST				new_candidate	existing_public_pair_union	new_candidate		3	false	human;vertebrates	existing_or_canonical	Cross-species inventory collapse only; retain species-specific evidence records separately.; Vertebrate JASPAR/profile scope is not treated as human/mouse evidence.
hoxb9	HOXB9;Hoxb9	human;mouse;vertebrates	AnimalTFDB3;JASPAR_CORE;Lambert_HumanTFs;TFLink					new_candidate	new_candidate	new_candidate		3	false	human;mouse;vertebrates	new_candidate	Cross-species inventory collapse only; retain species-specific evidence records separately.; Vertebrate JASPAR/profile scope is not treated as human/mouse evidence.
hoxc10	HOXC10;Hoxc10	human;mouse;vertebrates	AnimalTFDB3;JASPAR_CORE;Lambert_HumanTFs;TFLink;TRRUST	TRRUST				existing_public_pair_union	new_candidate	new_candidate		3	false	mouse;vertebrates	existing_or_canonical	Cross-species inventory collapse only; retain species-specific evidence records separately.; Vertebrate JASPAR/profile scope is not treated as human/mouse evidence.
hoxc11	HOXC11;Hoxc11	human;mouse;vertebrates	AnimalTFDB3;JASPAR_CORE;Lambert_HumanTFs;OmniPath_DoRothEA;TFLink;TRRUST	CollecTRI;CollecTRI2;DoRothEA;DoRothEA-A_CollecTRI;DoRothEA-A_CollecTRI2;ExTRI2_CollecTRI2;ExTRI_CollecTRI;GEREDB_CollecTRI;GEREDB_CollecTRI2;GOA_CollecTRI;GOA_CollecTRI2;HTRI_CollecTRI;HTRIdb;HTRIdb_CollecTRI2;HTRIdb_DoRothEA;RegNetwork_DoRothEA;TRED_DoRothEA;TRRUST;TRRUST_CollecTRI;TRRUST_CollecTRI2;TRRUST_DoRothEA;TfactS_CollecTRI2				existing_public_pair_union	existing_public_pair_union	new_candidate		3	false	vertebrates	existing_or_canonical	Cross-species inventory collapse only; retain species-specific evidence records separately.; Vertebrate JASPAR/profile scope is not treated as human/mouse evidence.
hoxc12	HOXC12;Hoxc12	human;mouse;vertebrates	AnimalTFDB3;JASPAR_CORE;Lambert_HumanTFs;TFLink					new_candidate	new_candidate	new_candidate		3	false	human;mouse;vertebrates	new_candidate	Cross-species inventory collapse only; retain species-specific evidence records separately.; Vertebrate JASPAR/profile scope is not treated as human/mouse evidence.
hoxc13	HOXC13;Hoxc13	human;mouse;vertebrates	AnimalTFDB3;JASPAR_CORE;Lambert_HumanTFs;TFLink;TRRUST	TRRUST				existing_public_pair_union	existing_public_pair_union	new_candidate		3	false	vertebrates	existing_or_canonical	Cross-species inventory collapse only; retain species-specific evidence records separately.; Vertebrate JASPAR/profile scope is not treated as human/mouse evidence.
hoxc4	HOXC4;Hoxc4	human;mouse;vertebrates	AnimalTFDB3;JASPAR_CORE;Lambert_HumanTFs					new_candidate	new_candidate	new_candidate		3	false	human;mouse;vertebrates	new_candidate	Cross-species inventory collapse only; retain species-specific evidence records separately.; Vertebrate JASPAR/profile scope is not treated as human/mouse evidence.
hoxc5	HOXC5;Hoxc5	human;mouse	AnimalTFDB3;Lambert_HumanTFs;TFLink					new_candidate	new_candidate			2	false	human;mouse	new_candidate	Cross-species inventory collapse only; retain species-specific evidence records separately.
hoxc6	HOXC6;Hoxc6	human;mouse	AnimalTFDB3;Lambert_HumanTFs;TFLink;TRRUST	TRRUST				existing_public_pair_union	existing_public_pair_union			2	false		existing_or_canonical	Cross-species inventory collapse only; retain species-specific evidence records separately.
hoxc8	HOXC8;Hoxc8	human;mouse;vertebrates	AnimalTFDB3;JASPAR_CORE;Lambert_HumanTFs;OmniPath_DoRothEA;TFLink;TRRUST	CollecTRI;CollecTRI2;DoRothEA;DoRothEA-A_CollecTRI2;ExTRI2_CollecTRI2;RegNetwork_DoRothEA;TRED_DoRothEA;TRRUST;TRRUST_CollecTRI;TRRUST_CollecTRI2;TRRUST_DoRothEA;TfactS_CollecTRI2				existing_public_pair_union	existing_public_pair_union	new_candidate		3	false	vertebrates	existing_or_canonical	Cross-species inventory collapse only; retain species-specific evidence records separately.; Vertebrate JASPAR/profile scope is not treated as human/mouse evidence.
hoxc9	HOXC9;Hoxc9	human;mouse;vertebrates	AnimalTFDB3;JASPAR_CORE;Lambert_HumanTFs;TFLink;TRRUST	TRRUST				existing_public_pair_union	new_candidate	new_candidate		3	false	mouse;vertebrates	existing_or_canonical	Cross-species inventory collapse only; retain species-specific evidence records separately.; Vertebrate JASPAR/profile scope is not treated as human/mouse evidence.
hoxd1	HOXD1;Hoxd1	human;mouse;vertebrates	AnimalTFDB3;JASPAR_CORE;Lambert_HumanTFs;TFLink;TRRUST	TRRUST				existing_public_pair_union	new_candidate	new_candidate		3	false	mouse;vertebrates	existing_or_canonical	Cross-species inventory collapse only; retain species-specific evidence records separately.; Vertebrate JASPAR/profile scope is not treated as human/mouse evidence.
hoxd10	HOXD10;Hoxd10	human;mouse;vertebrates	AnimalTFDB3;JASPAR_CORE;Lambert_HumanTFs;TFLink					new_candidate	new_candidate	new_candidate		3	false	human;mouse;vertebrates	new_candidate	Cross-species inventory collapse only; retain species-specific evidence records separately.; Vertebrate JASPAR/profile scope is not treated as human/mouse evidence.
hoxd11	HOXD11;Hoxd11	human;mouse;vertebrates	AnimalTFDB3;JASPAR_CORE;Lambert_HumanTFs;TFLink					new_candidate	new_candidate	new_candidate		3	false	human;mouse;vertebrates	new_candidate	Cross-species inventory collapse only; retain species-specific evidence records separately.; Vertebrate JASPAR/profile scope is not treated as human/mouse evidence.
hoxd12	HOXD12;Hoxd12	human;mouse;vertebrates	AnimalTFDB3;JASPAR_CORE;Lambert_HumanTFs					new_candidate	new_candidate	new_candidate		3	false	human;mouse;vertebrates	new_candidate	Cross-species inventory collapse only; retain species-specific evidence records separately.; Vertebrate JASPAR/profile scope is not treated as human/mouse evidence.
hoxd13	HOXD13;Hoxd13	human;mouse;vertebrates	AnimalTFDB3;JASPAR_CORE;Lambert_HumanTFs;TFLink;TRRUST	TRRUST				existing_public_pair_union	existing_public_pair_union	new_candidate		3	false	vertebrates	existing_or_canonical	Cross-species inventory collapse only; retain species-specific evidence records separately.; Vertebrate JASPAR/profile scope is not treated as human/mouse evidence.
hoxd3	HOXD3;Hoxd3	human;mouse;vertebrates	AnimalTFDB3;JASPAR_CORE;Lambert_HumanTFs;OmniPath_DoRothEA;TFLink;TRRUST	CollecTRI;CollecTRI2;DoRothEA;DoRothEA-A_CollecTRI;DoRothEA-A_CollecTRI2;ExTRI2_CollecTRI2;ExTRI_CollecTRI;GEREDB_CollecTRI;GEREDB_CollecTRI2;GOA_CollecTRI;GOA_CollecTRI2;RegNetwork_DoRothEA;SIGNOR;SIGNOR_CollecTRI;SIGNOR_CollecTRI2;TRED_DoRothEA;TRRUST;TRRUST_CollecTRI;TRRUST_CollecTRI2;TRRUST_DoRothEA;TfactS_CollecTRI2	canonical_tf_edge;canonical_tf_role	canonical_tf_edge;canonical_tf_role	canonical_tf_edge;canonical_tf_role	existing_public_pair_union	existing_public_pair_union	canonical_name_or_species_scope_match	12204	3	true		existing_or_canonical	Cross-species inventory collapse only; retain species-specific evidence records separately.; Vertebrate JASPAR/profile scope is not treated as human/mouse evidence.
hoxd4	HOXD4;Hoxd4	human;mouse;vertebrates	AnimalTFDB3;JASPAR_CORE;Lambert_HumanTFs					new_candidate	new_candidate	new_candidate		3	false	human;mouse;vertebrates	new_candidate	Cross-species inventory collapse only; retain species-specific evidence records separately.; Vertebrate JASPAR/profile scope is not treated as human/mouse evidence.
hoxd8	HOXD8;Hoxd8	human;mouse;vertebrates	AnimalTFDB3;JASPAR_CORE;Lambert_HumanTFs;TFLink					new_candidate	new_candidate	new_candidate		3	false	human;mouse;vertebrates	new_candidate	Cross-species inventory collapse only; retain species-specific evidence records separately.; Vertebrate JASPAR/profile scope is not treated as human/mouse evidence.
hoxd9	HOXD9;Hoxd9	human;mouse;vertebrates	AnimalTFDB3;JASPAR_CORE;Lambert_HumanTFs;TFLink;TRRUST	TRRUST				existing_public_pair_union	new_candidate	new_candidate		3	false	mouse;vertebrates	existing_or_canonical	Cross-species inventory collapse only; retain species-specific evidence records separately.; Vertebrate JASPAR/profile scope is not treated as human/mouse evidence.
hr	HR;Hr	human;mouse	TFLink;TRRUST	TRRUST				existing_public_pair_union	existing_public_pair_union			2	false		existing_or_canonical	Cross-species inventory collapse only; retain species-specific evidence records separately.
hsd17b8	HSD17B8	human	TFLink					new_candidate				1	false	human	new_candidate	
hsf1	HSF1;Hsf1	human;mouse;vertebrates	AnimalTFDB3;JASPAR_CORE;Lambert_HumanTFs;OmniPath_DoRothEA;TFLink;TRRUST	ARACNe-GTEx_DoRothEA;CollecTRI;CollecTRI2;DoRothEA;DoRothEA-A_CollecTRI;DoRothEA-A_CollecTRI2;ENCODE-proximal;ExTRI2_CollecTRI2;ExTRI_CollecTRI;GEREDB_CollecTRI;GEREDB_CollecTRI2;HOCOMOCO_DoRothEA;HTRI_CollecTRI;HTRIdb;HTRIdb_CollecTRI2;HTRIdb_DoRothEA;JASPAR_DoRothEA;NTNU.Curated_CollecTRI;NTNUcuration_CollecTRI2;PAZAR;PAZAR_DoRothEA;Pavlidis2021_CollecTRI;Pavlidis_CollecTRI2;ReMap_DoRothEA;SIGNOR_CollecTRI;SIGNOR_CollecTRI2;TRRUST;TRRUST_CollecTRI;TRRUST_CollecTRI2;TRRUST_DoRothEA;TfactS_CollecTRI2	canonical_tf_edge;canonical_tf_role;module_22B_regulon	canonical_tf_edge;canonical_tf_role;module_22B_regulon	canonical_tf_edge;canonical_tf_role;module_22B_regulon	existing_public_pair_union	existing_public_pair_union	canonical_name_or_species_scope_match	16836	3	true		existing_or_canonical	Cross-species inventory collapse only; retain species-specific evidence records separately.; Vertebrate JASPAR/profile scope is not treated as human/mouse evidence.
hsf2	HSF2;Hsf2	human;mouse;vertebrates	AnimalTFDB3;JASPAR_CORE;Lambert_HumanTFs;OmniPath_DoRothEA;TFLink;TRRUST	ARACNe-GTEx_DoRothEA;CollecTRI;CollecTRI2;DoRothEA;DoRothEA-A_CollecTRI;DoRothEA-A_CollecTRI2;ExTRI2_CollecTRI2;ExTRI_CollecTRI;HTRI_CollecTRI;HTRIdb;HTRIdb_CollecTRI2;HTRIdb_DoRothEA;TRRUST;TRRUST_CollecTRI;TRRUST_CollecTRI2;TRRUST_DoRothEA				existing_public_pair_union	existing_public_pair_union	new_candidate		3	false	vertebrates	existing_or_canonical	Cross-species inventory collapse only; retain species-specific evidence records separately.; Vertebrate JASPAR/profile scope is not treated as human/mouse evidence.
hsf3	Hsf3	mouse	AnimalTFDB3						new_candidate			1	false	mouse	new_candidate	
hsf4	HSF4;Hsf4	human;mouse;vertebrates	AnimalTFDB3;JASPAR_CORE;Lambert_HumanTFs;TFLink;TRRUST	TRRUST				existing_public_pair_union	existing_public_pair_union	new_candidate		3	false	vertebrates	existing_or_canonical	Cross-species inventory collapse only; retain species-specific evidence records separately.; Vertebrate JASPAR/profile scope is not treated as human/mouse evidence.
hsf5	HSF5;Hsf5	human;mouse;vertebrates	AnimalTFDB3;JASPAR_CORE;Lambert_HumanTFs					new_candidate	new_candidate	new_candidate		3	false	human;mouse;vertebrates	new_candidate	Cross-species inventory collapse only; retain species-specific evidence records separately.; Vertebrate JASPAR/profile scope is not treated as human/mouse evidence.
hsfx1	HSFX1	human	AnimalTFDB3;Lambert_HumanTFs					new_candidate				1	false	human	new_candidate	
hsfx2	HSFX2	human	AnimalTFDB3;Lambert_HumanTFs					new_candidate				1	false	human	new_candidate	
hsfx3	HSFX3	human	AnimalTFDB3					new_candidate				1	false	human	new_candidate	
hsfx4	HSFX4	human	AnimalTFDB3					new_candidate				1	false	human	new_candidate	
hsfy1	HSFY1	human	AnimalTFDB3;Lambert_HumanTFs					new_candidate				1	false	human	new_candidate	
hsfy2	HSFY2;Hsfy2	human;mouse	AnimalTFDB3;Lambert_HumanTFs					new_candidate	new_candidate			2	false	human;mouse	new_candidate	Cross-species inventory collapse only; retain species-specific evidence records separately.
hspb1	Hspb1	mouse	TFLink;TRRUST	TRRUST					existing_public_pair_union			1	false		existing_or_canonical	
htatip2	HTATIP2;Htatip2	human;mouse	TFLink;TRRUST	TRRUST				existing_public_pair_union	existing_public_pair_union			2	false		existing_or_canonical	Cross-species inventory collapse only; retain species-specific evidence records separately.
htatsf1	Htatsf1	mouse	TFLink						new_candidate			1	false	mouse	new_candidate	
htt	Htt	mouse	TFLink						new_candidate			1	false	mouse	new_candidate	
ice1	ICE1	human	TFLink					new_candidate				1	false	human	new_candidate	
ice2	ICE2	human	TFLink					new_candidate				1	false	human	new_candidate	
id1	ID1;Id1	human;mouse	AnimalTFDB3;TFLink;TRRUST	TRRUST				existing_public_pair_union	existing_public_pair_union			2	false		existing_or_canonical	Cross-species inventory collapse only; retain species-specific evidence records separately.
id2	ID2;Id2	human;mouse	AnimalTFDB3;TFLink;TRRUST	TRRUST				existing_public_pair_union	existing_public_pair_union			2	false		existing_or_canonical	Cross-species inventory collapse only; retain species-specific evidence records separately.
id3	ID3;Id3	human;mouse	AnimalTFDB3;TFLink;TRRUST	TRRUST				existing_public_pair_union	existing_public_pair_union			2	false		existing_or_canonical	Cross-species inventory collapse only; retain species-specific evidence records separately.
id4	ID4;Id4	human;mouse	AnimalTFDB3;TFLink;TRRUST	TRRUST	canonical_tf_edge;canonical_tf_role;module_22B_regulon	canonical_tf_edge;canonical_tf_role;module_22B_regulon		existing_public_pair_union	existing_public_pair_union		16837	2	true		existing_or_canonical	Cross-species inventory collapse only; retain species-specific evidence records separately.
ifi16	IFI16	human	TFLink;TRRUST	TRRUST				existing_public_pair_union				1	false		existing_or_canonical	
ifi204	Ifi204	mouse	TFLink;TRRUST	TRRUST					existing_public_pair_union			1	false		existing_or_canonical	
ifih1	Ifih1	mouse	TFLink;TRRUST	TRRUST					existing_public_pair_union			1	false		existing_or_canonical	
igf1r	IGF1R	human	TFLink					new_candidate				1	false	human	new_candidate	
iglv5-37	IGLV5-37	human	TFLink					new_candidate				1	false	human	new_candidate	
ikbkb	IKBKB;Ikbkb	human;mouse	TFLink;TRRUST	TRRUST				existing_public_pair_union	existing_public_pair_union			2	false		existing_or_canonical	Cross-species inventory collapse only; retain species-specific evidence records separately.
ikzf1	IKZF1;Ikzf1	human;mouse;vertebrates	AnimalTFDB3;JASPAR_CORE;Lambert_HumanTFs;TFLink;TRRUST	TRRUST				existing_public_pair_union	existing_public_pair_union	new_candidate		3	false	vertebrates	existing_or_canonical	Cross-species inventory collapse only; retain species-specific evidence records separately.; Vertebrate JASPAR/profile scope is not treated as human/mouse evidence.
ikzf2	IKZF2;Ikzf2	human;mouse;vertebrates	AnimalTFDB3;JASPAR_CORE;Lambert_HumanTFs;TFLink;TRRUST	TRRUST				new_candidate	existing_public_pair_union	new_candidate		3	false	human;vertebrates	existing_or_canonical	Cross-species inventory collapse only; retain species-specific evidence records separately.; Vertebrate JASPAR/profile scope is not treated as human/mouse evidence.
ikzf3	IKZF3;Ikzf3	human;mouse;vertebrates	AnimalTFDB3;JASPAR_CORE;Lambert_HumanTFs;TFLink;TRRUST	TRRUST				new_candidate	existing_public_pair_union	new_candidate		3	false	human;vertebrates	existing_or_canonical	Cross-species inventory collapse only; retain species-specific evidence records separately.; Vertebrate JASPAR/profile scope is not treated as human/mouse evidence.
ikzf4	IKZF4;Ikzf4	human;mouse	AnimalTFDB3;Lambert_HumanTFs					new_candidate	new_candidate			2	false	human;mouse	new_candidate	Cross-species inventory collapse only; retain species-specific evidence records separately.
ikzf5	IKZF5;Ikzf5	human;mouse	AnimalTFDB3;Lambert_HumanTFs;TFLink					new_candidate	new_candidate			2	false	human;mouse	new_candidate	Cross-species inventory collapse only; retain species-specific evidence records separately.
il10	Il10	mouse	TFLink;TRRUST	TRRUST					existing_public_pair_union			1	false		existing_or_canonical	
il17a	Il17a	mouse	TFLink;TRRUST	TRRUST					existing_public_pair_union			1	false		existing_or_canonical	
il4	Il4	mouse	TFLink;TRRUST	TRRUST					existing_public_pair_union			1	false		existing_or_canonical	
ilf2	ILF2;Ilf2	human;mouse	TFLink;TRRUST	TRRUST				existing_public_pair_union	existing_public_pair_union			2	false		existing_or_canonical	Cross-species inventory collapse only; retain species-specific evidence records separately.
ilf3	ILF3;Ilf3	human;mouse	TFLink;TRRUST	TRRUST				existing_public_pair_union	existing_public_pair_union			2	false		existing_or_canonical	Cross-species inventory collapse only; retain species-specific evidence records separately.
ilk	ILK;Ilk	human;mouse	TFLink;TRRUST	TRRUST				new_candidate	existing_public_pair_union			2	false	human	existing_or_canonical	Cross-species inventory collapse only; retain species-specific evidence records separately.
ing1	ING1;Ing1	human;mouse	TFLink;TRRUST	TRRUST				existing_public_pair_union	existing_public_pair_union			2	false		existing_or_canonical	Cross-species inventory collapse only; retain species-specific evidence records separately.
ing2	ING2	human	TFLink;TRRUST	TRRUST				existing_public_pair_union				1	false		existing_or_canonical	
ing4	ING4;Ing4	human;mouse	TFLink;TRRUST	TRRUST				existing_public_pair_union	existing_public_pair_union			2	false		existing_or_canonical	Cross-species inventory collapse only; retain species-specific evidence records separately.
ing5	ING5	human	TFLink					new_candidate				1	false	human	new_candidate	
ino80	INO80;Ino80	human;mouse	TFLink					new_candidate	new_candidate			2	false	human;mouse	new_candidate	Cross-species inventory collapse only; retain species-specific evidence records separately.
insm1	INSM1;Insm1	human;mouse;vertebrates	AnimalTFDB3;JASPAR_CORE;Lambert_HumanTFs;OmniPath_DoRothEA;TFLink;TRRUST	ARACNe-GTEx_DoRothEA;CollecTRI;CollecTRI2;DoRothEA;DoRothEA-A_CollecTRI2;ExTRI2_CollecTRI2;ExTRI_CollecTRI;JASPAR_DoRothEA;Pavlidis2021_CollecTRI;Pavlidis_CollecTRI2;TFe_DoRothEA;TRRUST				existing_public_pair_union	existing_public_pair_union	new_candidate		3	false	vertebrates	existing_or_canonical	Cross-species inventory collapse only; retain species-specific evidence records separately.; Vertebrate JASPAR/profile scope is not treated as human/mouse evidence.
insm2	INSM2;Insm2	human;mouse	AnimalTFDB3;Lambert_HumanTFs;TFLink					new_candidate	new_candidate			2	false	human;mouse	new_candidate	Cross-species inventory collapse only; retain species-specific evidence records separately.
insr	INSR	human	TFLink					new_candidate				1	false	human	new_candidate	
ints11	INTS11	human	TFLink					new_candidate				1	false	human	new_candidate	
ints12	INTS12	human	TFLink					new_candidate				1	false	human	new_candidate	
ints13	INTS13	human	TFLink					new_candidate				1	false	human	new_candidate	
ints3	INTS3	human	TFLink					new_candidate				1	false	human	new_candidate	
irf1	IRF1;Irf1	human;mouse;vertebrates	AnimalTFDB3;JASPAR_CORE;Lambert_HumanTFs;OmniPath_DoRothEA;TFLink;TRRUST	ARACNe-GTEx_DoRothEA;CollecTRI;CollecTRI2;CytReg_CollecTRI;CytReg_CollecTRI2;DoRothEA;DoRothEA-A_CollecTRI;DoRothEA-A_CollecTRI2;ENCODE-distal;ENCODE-proximal;ExTRI2_CollecTRI2;ExTRI_CollecTRI;FANTOM4_DoRothEA;GEREDB_CollecTRI;GEREDB_CollecTRI2;HOCOMOCO_DoRothEA;HTRI_CollecTRI;HTRIdb;HTRIdb_CollecTRI2;HTRIdb_DoRothEA;IntAct_CollecTRI;IntAct_CollecTRI2;IntAct_DoRothEA;JASPAR_DoRothEA;KEGG-MEDICUS;NTNU.Curated_CollecTRI;NTNUcuration_CollecTRI2;ORegAnno_DoRothEA;PAZAR;ReMap_DoRothEA;SIGNOR;SIGNOR_CollecTRI;SIGNOR_CollecTRI2;TFe_DoRothEA;TRRUST;TRRUST_CollecTRI;TRRUST_CollecTRI2;TRRUST_DoRothEA	canonical_tf_edge;canonical_tf_role;module_22B_regulon	canonical_tf_edge;canonical_tf_role;module_22B_regulon	canonical_tf_edge;canonical_tf_role;module_22B_regulon	existing_public_pair_union	existing_public_pair_union	canonical_name_or_species_scope_match	16838;16956	3	true		existing_or_canonical	Cross-species inventory collapse only; retain species-specific evidence records separately.; Vertebrate JASPAR/profile scope is not treated as human/mouse evidence.
irf2	IRF2;Irf2	human;mouse;vertebrates	AnimalTFDB3;JASPAR_CORE;Lambert_HumanTFs;OmniPath_DoRothEA;TFLink;TRRUST	ARACNe-GTEx_DoRothEA;CollecTRI;CollecTRI2;DoRothEA;DoRothEA-A_CollecTRI2;ExTRI2_CollecTRI2;ExTRI_CollecTRI;FANTOM4_DoRothEA;HOCOMOCO_DoRothEA;HTRI_CollecTRI;HTRIdb;HTRIdb_CollecTRI2;HTRIdb_DoRothEA;JASPAR_DoRothEA;NTNU.Curated_CollecTRI;NTNUcuration_CollecTRI2;ReMap_DoRothEA;SIGNOR;SIGNOR_CollecTRI;SIGNOR_CollecTRI2;TRRUST;TRRUST_CollecTRI;TRRUST_CollecTRI2;TRRUST_DoRothEA				existing_public_pair_union	existing_public_pair_union	new_candidate		3	false	vertebrates	existing_or_canonical	Cross-species inventory collapse only; retain species-specific evidence records separately.; Vertebrate JASPAR/profile scope is not treated as human/mouse evidence.
irf3	IRF3;Irf3	human;mouse;vertebrates	AnimalTFDB3;JASPAR_CORE;Lambert_HumanTFs;OmniPath_DoRothEA;TFLink;TRRUST	ARACNe-GTEx_DoRothEA;CollecTRI;CollecTRI2;CytReg_CollecTRI;CytReg_CollecTRI2;DoRothEA;DoRothEA-A_CollecTRI;DoRothEA-A_CollecTRI2;ExTRI2_CollecTRI2;ExTRI_CollecTRI;FANTOM4_DoRothEA;GEREDB_CollecTRI;GEREDB_CollecTRI2;GOA_CollecTRI2;HOCOMOCO_DoRothEA;JASPAR_DoRothEA;KEGG-MEDICUS;NTNU.Curated_CollecTRI;NTNUcuration_CollecTRI2;ReMap_DoRothEA;SIGNOR;SIGNOR_CollecTRI;SIGNOR_CollecTRI2;TFactS_CollecTRI;TFactS_DoRothEA;TRRUST;TRRUST_CollecTRI;TRRUST_CollecTRI2;TRRUST_DoRothEA;TfactS_CollecTRI2	canonical_tf_edge;canonical_tf_role;module_22B_regulon	canonical_tf_edge;canonical_tf_role;module_22B_regulon	canonical_tf_edge;canonical_tf_role;module_22B_regulon	existing_public_pair_union	existing_public_pair_union	canonical_name_or_species_scope_match	12281	3	true		existing_or_canonical	Cross-species inventory collapse only; retain species-specific evidence records separately.; Vertebrate JASPAR/profile scope is not treated as human/mouse evidence.
irf4	IRF4;Irf4	human;mouse;vertebrates	AnimalTFDB3;JASPAR_CORE;Lambert_HumanTFs;OmniPath_DoRothEA;TFLink;TRRUST	ARACNe-GTEx_DoRothEA;CollecTRI;CollecTRI2;DoRothEA;DoRothEA-A_CollecTRI;DoRothEA-A_CollecTRI2;ENCODE-distal;ENCODE-proximal;ExTRI2_CollecTRI2;ExTRI_CollecTRI;FANTOM4_DoRothEA;GEREDB_CollecTRI;GEREDB_CollecTRI2;HOCOMOCO_DoRothEA;IntAct_DoRothEA;JASPAR_DoRothEA;NTNUcuration_CollecTRI2;PAZAR;ReMap_DoRothEA;SIGNOR_CollecTRI;SIGNOR_CollecTRI2;TRRUST;TRRUST_CollecTRI;TRRUST_CollecTRI2;TRRUST_DoRothEA;TfactS_CollecTRI2				existing_public_pair_union	existing_public_pair_union	new_candidate		3	false	vertebrates	existing_or_canonical	Cross-species inventory collapse only; retain species-specific evidence records separately.; Vertebrate JASPAR/profile scope is not treated as human/mouse evidence.
irf5	IRF5;Irf5	human;mouse;vertebrates	AnimalTFDB3;JASPAR_CORE;Lambert_HumanTFs;OmniPath_DoRothEA;TFLink;TRRUST	CollecTRI;CollecTRI2;CytReg_CollecTRI;CytReg_CollecTRI2;DoRothEA;DoRothEA-A_CollecTRI2;ExTRI2_CollecTRI2;GEREDB_CollecTRI;GEREDB_CollecTRI2;IntAct_CollecTRI;IntAct_CollecTRI2;IntAct_DoRothEA;SIGNOR_CollecTRI;SIGNOR_CollecTRI2;TRRUST;TRRUST_CollecTRI;TRRUST_CollecTRI2;TRRUST_DoRothEA	canonical_tf_edge;canonical_tf_role;module_22B_regulon	canonical_tf_edge;canonical_tf_role;module_22B_regulon	canonical_tf_edge;canonical_tf_role;module_22B_regulon	existing_public_pair_union	existing_public_pair_union	canonical_name_or_species_scope_match	16957	3	true		existing_or_canonical	Cross-species inventory collapse only; retain species-specific evidence records separately.; Vertebrate JASPAR/profile scope is not treated as human/mouse evidence.
irf6	IRF6;Irf6	human;mouse;vertebrates	AnimalTFDB3;JASPAR_CORE;Lambert_HumanTFs;TFLink;TRRUST	TRRUST				existing_public_pair_union	existing_public_pair_union	new_candidate		3	false	vertebrates	existing_or_canonical	Cross-species inventory collapse only; retain species-specific evidence records separately.; Vertebrate JASPAR/profile scope is not treated as human/mouse evidence.
irf7	IRF7;Irf7	human;mouse;vertebrates	AnimalTFDB3;JASPAR_CORE;Lambert_HumanTFs;OmniPath_DoRothEA;TFLink;TRRUST	CollecTRI;CollecTRI2;CytReg_CollecTRI;CytReg_CollecTRI2;DoRothEA;DoRothEA-A_CollecTRI2;ExTRI2_CollecTRI2;ExTRI_CollecTRI;GEREDB_CollecTRI;GEREDB_CollecTRI2;HOCOMOCO_DoRothEA;KEGG-MEDICUS;NTNU.Curated_CollecTRI;NTNUcuration_CollecTRI2;SIGNOR_CollecTRI;SIGNOR_CollecTRI2;TRRUST;TRRUST_CollecTRI;TRRUST_CollecTRI2;TRRUST_DoRothEA	canonical_tf_edge;canonical_tf_role;module_22B_regulon	canonical_tf_edge;canonical_tf_role;module_22B_regulon	canonical_tf_edge;canonical_tf_role;module_22B_regulon	existing_public_pair_union	existing_public_pair_union	canonical_name_or_species_scope_match	16763	3	true		existing_or_canonical	Cross-species inventory collapse only; retain species-specific evidence records separately.; Vertebrate JASPAR/profile scope is not treated as human/mouse evidence.
irf8	IRF8;Irf8	human;mouse;vertebrates	AnimalTFDB3;JASPAR_CORE;Lambert_HumanTFs;OmniPath_DoRothEA;TFLink;TRRUST	ARACNe-GTEx_DoRothEA;CollecTRI;CollecTRI2;CytReg_CollecTRI;CytReg_CollecTRI2;DoRothEA;DoRothEA-A_CollecTRI;DoRothEA-A_CollecTRI2;ExTRI2_CollecTRI2;ExTRI_CollecTRI;GEREDB_CollecTRI;GEREDB_CollecTRI2;HOCOMOCO_DoRothEA;HTRI_CollecTRI;HTRIdb;HTRIdb_CollecTRI2;HTRIdb_DoRothEA;JASPAR_DoRothEA;NTNU.Curated_CollecTRI;NTNUcuration_CollecTRI2;PAZAR;SIGNOR_CollecTRI;SIGNOR_CollecTRI2;TRRUST;TRRUST_CollecTRI;TRRUST_CollecTRI2;TRRUST_DoRothEA;TfactS_CollecTRI2				existing_public_pair_union	existing_public_pair_union	new_candidate		3	false	vertebrates	existing_or_canonical	Cross-species inventory collapse only; retain species-specific evidence records separately.; Vertebrate JASPAR/profile scope is not treated as human/mouse evidence.
irf9	IRF9;Irf9	human;mouse;vertebrates	AnimalTFDB3;JASPAR_CORE;Lambert_HumanTFs;OmniPath_DoRothEA;TFLink;TRRUST	ARACNe-GTEx_DoRothEA;CollecTRI;CollecTRI2;CytReg_CollecTRI;CytReg_CollecTRI2;DoRothEA;DoRothEA-A_CollecTRI2;ExTRI2_CollecTRI2;ExTRI_CollecTRI;FANTOM4_DoRothEA;GEREDB_CollecTRI;GEREDB_CollecTRI2;HOCOMOCO_DoRothEA;JASPAR_DoRothEA;ReMap_DoRothEA;TFactS_CollecTRI;TFactS_DoRothEA;TRRUST;TRRUST_CollecTRI;TRRUST_CollecTRI2;TRRUST_DoRothEA;TfactS_CollecTRI2				existing_public_pair_union	existing_public_pair_union	new_candidate		3	false	vertebrates	existing_or_canonical	Cross-species inventory collapse only; retain species-specific evidence records separately.; Vertebrate JASPAR/profile scope is not treated as human/mouse evidence.
irx1	IRX1;Irx1	human;mouse;vertebrates	AnimalTFDB3;JASPAR_CORE;Lambert_HumanTFs					new_candidate	new_candidate	new_candidate		3	false	human;mouse;vertebrates	new_candidate	Cross-species inventory collapse only; retain species-specific evidence records separately.; Vertebrate JASPAR/profile scope is not treated as human/mouse evidence.
irx2	IRX2;Irx2	human;mouse;vertebrates	AnimalTFDB3;JASPAR_CORE;Lambert_HumanTFs;TFLink					new_candidate	new_candidate	new_candidate		3	false	human;mouse;vertebrates	new_candidate	Cross-species inventory collapse only; retain species-specific evidence records separately.; Vertebrate JASPAR/profile scope is not treated as human/mouse evidence.
irx3	IRX3;Irx3	human;mouse	AnimalTFDB3;Lambert_HumanTFs;TFLink;TRRUST	TRRUST				new_candidate	existing_public_pair_union			2	false	human	existing_or_canonical	Cross-species inventory collapse only; retain species-specific evidence records separately.
irx4	IRX4;Irx4	human;mouse	AnimalTFDB3;Lambert_HumanTFs					new_candidate	new_candidate			2	false	human;mouse	new_candidate	Cross-species inventory collapse only; retain species-specific evidence records separately.
irx5	IRX5;Irx5	human;mouse;vertebrates	AnimalTFDB3;JASPAR_CORE;Lambert_HumanTFs;TFLink;TRRUST	TRRUST				new_candidate	existing_public_pair_union	new_candidate		3	false	human;vertebrates	existing_or_canonical	Cross-species inventory collapse only; retain species-specific evidence records separately.; Vertebrate JASPAR/profile scope is not treated as human/mouse evidence.
irx6	IRX6;Irx6	human;mouse	AnimalTFDB3;Lambert_HumanTFs					new_candidate	new_candidate			2	false	human;mouse	new_candidate	Cross-species inventory collapse only; retain species-specific evidence records separately.
isl1	ISL1;Isl1	human;mouse;vertebrates	AnimalTFDB3;JASPAR_CORE;Lambert_HumanTFs;TFLink;TRRUST	TRRUST				existing_public_pair_union	existing_public_pair_union	new_candidate		3	false	vertebrates	existing_or_canonical	Cross-species inventory collapse only; retain species-specific evidence records separately.; Vertebrate JASPAR/profile scope is not treated as human/mouse evidence.
isl2	ISL2;Isl2	human;mouse;vertebrates	AnimalTFDB3;JASPAR_CORE;Lambert_HumanTFs;TFLink					new_candidate	new_candidate	new_candidate		3	false	human;mouse;vertebrates	new_candidate	Cross-species inventory collapse only; retain species-specific evidence records separately.; Vertebrate JASPAR/profile scope is not treated as human/mouse evidence.
isx	ISX;Isx	human;mouse;vertebrates	AnimalTFDB3;JASPAR_CORE;Lambert_HumanTFs;TFLink					new_candidate	new_candidate	new_candidate		3	false	human;mouse;vertebrates	new_candidate	Cross-species inventory collapse only; retain species-specific evidence records separately.; Vertebrate JASPAR/profile scope is not treated as human/mouse evidence.
itgax	Itgax	mouse	TFLink						new_candidate			1	false	mouse	new_candidate	
ivns1abp	IVNS1ABP	human	TFLink					new_candidate				1	false	human	new_candidate	
jarid2	JARID2;Jarid2	human;mouse	AnimalTFDB3;TFLink;TRRUST	TRRUST	canonical_tf_edge;canonical_tf_role;module_22B_regulon	canonical_tf_edge;canonical_tf_role;module_22B_regulon		existing_public_pair_union	existing_public_pair_union		16958	2	true		existing_or_canonical	Cross-species inventory collapse only; retain species-specific evidence records separately.
jazf1	JAZF1;Jazf1	human;mouse	AnimalTFDB3;Lambert_HumanTFs;TFLink;TRRUST	TRRUST				new_candidate	existing_public_pair_union			2	false	human	existing_or_canonical	Cross-species inventory collapse only; retain species-specific evidence records separately.
jdp2	JDP2;Jdp2	human;mouse;vertebrates	AnimalTFDB3;JASPAR_CORE;Lambert_HumanTFs;TFLink;TRRUST	TRRUST	canonical_tf_edge;canonical_tf_role;module_22B_regulon	canonical_tf_edge;canonical_tf_role;module_22B_regulon	canonical_tf_edge;canonical_tf_role;module_22B_regulon	existing_public_pair_union	existing_public_pair_union	canonical_name_or_species_scope_match	16839	3	true		existing_or_canonical	Cross-species inventory collapse only; retain species-specific evidence records separately.; Vertebrate JASPAR/profile scope is not treated as human/mouse evidence.
jmjd1c	JMJD1C;Jmjd1c	human;mouse	TFLink;TRRUST	TRRUST				new_candidate	existing_public_pair_union			2	false	human	existing_or_canonical	Cross-species inventory collapse only; retain species-specific evidence records separately.
jmjd6	JMJD6	human	TFLink					new_candidate				1	false	human	new_candidate	
jph2	Jph2	mouse	TFLink						new_candidate			1	false	mouse	new_candidate	
jrk	JRK	human	Lambert_HumanTFs					new_candidate				1	false	human	new_candidate	
jrkl	JRKL	human	Lambert_HumanTFs					new_candidate				1	false	human	new_candidate	
jun	JUN;Jun	human;mouse;vertebrates	AnimalTFDB3;JASPAR_CORE;Lambert_HumanTFs;OmniPath_DoRothEA;TFLink;TRRUST	ARACNe-GTEx_DoRothEA;CollecTRI;CollecTRI2;CytReg_CollecTRI;CytReg_CollecTRI2;DoRothEA;DoRothEA-A_CollecTRI;DoRothEA-A_CollecTRI2;ENCODE-distal;ENCODE-proximal;ExTRI2_CollecTRI2;ExTRI_CollecTRI;FANTOM4_DoRothEA;GEREDB_CollecTRI;GEREDB_CollecTRI2;GOA_CollecTRI2;HOCOMOCO_DoRothEA;HTRI_CollecTRI;HTRIdb;HTRIdb_CollecTRI2;HTRIdb_DoRothEA;IntAct_DoRothEA;JASPAR_DoRothEA;KEGG-MEDICUS;NFIRegulomeDB_DoRothEA;NTNU.Curated_CollecTRI;NTNUcuration_CollecTRI2;ORegAnno;ORegAnno_DoRothEA;PAZAR;PAZAR_DoRothEA;Pavlidis2021_CollecTRI;Pavlidis_CollecTRI2;ReMap_DoRothEA;RegNetwork_DoRothEA;SIGNOR;SIGNOR_CollecTRI;SIGNOR_CollecTRI2;TFactS_CollecTRI;TFactS_DoRothEA;TRED_DoRothEA;TRRD_DoRothEA;TRRUST;TRRUST_CollecTRI;TRRUST_CollecTRI2;TRRUST_DoRothEA;TfactS_CollecTRI2	canonical_tf_edge;canonical_tf_role;module_22B_regulon	canonical_tf_edge;canonical_tf_role;module_22B_regulon	canonical_tf_edge;canonical_tf_role;module_22B_regulon	existing_public_pair_union	existing_public_pair_union	canonical_name_or_species_scope_match	12545;16959	3	true		existing_or_canonical	Cross-species inventory collapse only; retain species-specific evidence records separately.; Vertebrate JASPAR/profile scope is not treated as human/mouse evidence.
junb	JUNB;Junb	human;mouse;vertebrates	AnimalTFDB3;JASPAR_CORE;Lambert_HumanTFs;OmniPath_DoRothEA;TFLink;TRRUST	ARACNe-GTEx_DoRothEA;CollecTRI;CollecTRI2;DoRothEA;DoRothEA-A_CollecTRI;DoRothEA-A_CollecTRI2;ExTRI2_CollecTRI2;ExTRI_CollecTRI;GEREDB_CollecTRI;GEREDB_CollecTRI2;HOCOMOCO_DoRothEA;HTRI_CollecTRI;HTRIdb;HTRIdb_CollecTRI2;HTRIdb_DoRothEA;NTNU.Curated_CollecTRI;NTNUcuration_CollecTRI2;ReMap_DoRothEA;RegNetwork_DoRothEA;TRED_DoRothEA;TRRUST;TRRUST_CollecTRI;TRRUST_CollecTRI2;TRRUST_DoRothEA;TfactS_CollecTRI2				existing_public_pair_union	existing_public_pair_union	new_candidate		3	false	vertebrates	existing_or_canonical	Cross-species inventory collapse only; retain species-specific evidence records separately.; Vertebrate JASPAR/profile scope is not treated as human/mouse evidence.
jund	JUND;Jund	human;mouse;vertebrates	AnimalTFDB3;JASPAR_CORE;Lambert_HumanTFs;OmniPath_DoRothEA;TFLink;TRRUST	ARACNe-GTEx_DoRothEA;CollecTRI;CollecTRI2;CytReg_CollecTRI;CytReg_CollecTRI2;DoRothEA;DoRothEA-A_CollecTRI;DoRothEA-A_CollecTRI2;ENCODE-distal;ENCODE-proximal;ExTRI2_CollecTRI2;ExTRI_CollecTRI;FANTOM4_DoRothEA;GEREDB_CollecTRI;GEREDB_CollecTRI2;HOCOMOCO_DoRothEA;HTRI_CollecTRI;HTRIdb;HTRIdb_CollecTRI2;HTRIdb_DoRothEA;IntAct_DoRothEA;JASPAR_DoRothEA;NTNU.Curated_CollecTRI;NTNUcuration_CollecTRI2;PAZAR;ReMap_DoRothEA;RegNetwork_DoRothEA;SIGNOR;SIGNOR_CollecTRI;SIGNOR_CollecTRI2;TFactS_CollecTRI;TFactS_DoRothEA;TRED_DoRothEA;TRRUST;TRRUST_CollecTRI;TRRUST_CollecTRI2;TRRUST_DoRothEA;TfactS_CollecTRI2	canonical_tf_edge;canonical_tf_role	canonical_tf_edge;canonical_tf_role	canonical_tf_edge;canonical_tf_role	existing_public_pair_union	existing_public_pair_union	canonical_name_or_species_scope_match	12548	3	true		existing_or_canonical	Cross-species inventory collapse only; retain species-specific evidence records separately.; Vertebrate JASPAR/profile scope is not treated as human/mouse evidence.
kansl1	Kansl1	mouse	TFLink						new_candidate			1	false	mouse	new_candidate	
kansl3	Kansl3	mouse	TFLink						new_candidate			1	false	mouse	new_candidate	
kat2a	KAT2A;Kat2a	human;mouse	TFLink					new_candidate	new_candidate			2	false	human;mouse	new_candidate	Cross-species inventory collapse only; retain species-specific evidence records separately.
kat2b	KAT2B;Kat2b	human;mouse	TFLink;TRRUST	TRRUST				existing_public_pair_union	existing_public_pair_union			2	false		existing_or_canonical	Cross-species inventory collapse only; retain species-specific evidence records separately.
kat5	KAT5;Kat5	human;mouse	TFLink;TRRUST	TRRUST				existing_public_pair_union	existing_public_pair_union			2	false		existing_or_canonical	Cross-species inventory collapse only; retain species-specific evidence records separately.
kat6a	KAT6A	human	TFLink;TRRUST	TRRUST				existing_public_pair_union				1	false		existing_or_canonical	
kat7	KAT7	human	Lambert_HumanTFs;TFLink					new_candidate				1	false	human	new_candidate	
kat8	KAT8;Kat8	human;mouse	TFLink					new_candidate	new_candidate			2	false	human;mouse	new_candidate	Cross-species inventory collapse only; retain species-specific evidence records separately.
kcmf1	KCMF1	human	Lambert_HumanTFs					new_candidate				1	false	human	new_candidate	
kcnh2	KCNH2;Kcnh2	human;mouse	TFLink					new_candidate	new_candidate			2	false	human;mouse	new_candidate	Cross-species inventory collapse only; retain species-specific evidence records separately.
kcnip3	KCNIP3;Kcnip3	human;mouse	Lambert_HumanTFs;TFLink;TRRUST	TRRUST				existing_public_pair_union	existing_public_pair_union			2	false		existing_or_canonical	Cross-species inventory collapse only; retain species-specific evidence records separately.
kdm1a	KDM1A;Kdm1a	human;mouse	TFLink					new_candidate	new_candidate			2	false	human;mouse	new_candidate	Cross-species inventory collapse only; retain species-specific evidence records separately.
kdm1b	KDM1B	human	TFLink					new_candidate				1	false	human	new_candidate	
kdm2a	KDM2A;Kdm2a	human;mouse	Lambert_HumanTFs;TFLink;TRRUST	TRRUST				existing_public_pair_union	new_candidate			2	false	mouse	existing_or_canonical	Cross-species inventory collapse only; retain species-specific evidence records separately.
kdm2b	KDM2B;Kdm2b	human;mouse	Lambert_HumanTFs;TFLink					new_candidate	new_candidate			2	false	human;mouse	new_candidate	Cross-species inventory collapse only; retain species-specific evidence records separately.
kdm3a	KDM3A;Kdm3a	human;mouse	TFLink					new_candidate	new_candidate			2	false	human;mouse	new_candidate	Cross-species inventory collapse only; retain species-specific evidence records separately.
kdm3b	KDM3B	human	TFLink					new_candidate				1	false	human	new_candidate	
kdm4a	KDM4A;Kdm4a	human;mouse	TFLink					new_candidate	new_candidate			2	false	human;mouse	new_candidate	Cross-species inventory collapse only; retain species-specific evidence records separately.
kdm4b	KDM4B	human	TFLink;TRRUST	TRRUST				existing_public_pair_union				1	false		existing_or_canonical	
kdm4c	KDM4C;Kdm4c	human;mouse	TFLink;TRRUST	TRRUST				existing_public_pair_union	new_candidate			2	false	mouse	existing_or_canonical	Cross-species inventory collapse only; retain species-specific evidence records separately.
kdm4d	Kdm4d	mouse	TFLink						new_candidate			1	false	mouse	new_candidate	
kdm5a	KDM5A;Kdm5a	human;mouse	TFLink					new_candidate	new_candidate			2	false	human;mouse	new_candidate	Cross-species inventory collapse only; retain species-specific evidence records separately.
kdm5b	KDM5B;Kdm5b	human;mouse	Lambert_HumanTFs;OmniPath_DoRothEA;TFLink	CollecTRI;CollecTRI2;DoRothEA;IntAct_CollecTRI;IntAct_CollecTRI2;IntAct_DoRothEA;ReMap_DoRothEA				existing_public_pair_union	existing_public_pair_union			2	false		existing_or_canonical	Cross-species inventory collapse only; retain species-specific evidence records separately.
kdm5c	KDM5C;Kdm5c	human;mouse	TFLink					new_candidate	new_candidate			2	false	human;mouse	new_candidate	Cross-species inventory collapse only; retain species-specific evidence records separately.
kdm5d	KDM5D	human	TFLink					new_candidate				1	false	human	new_candidate	
kdm6a	KDM6A;Kdm6a	human;mouse	TFLink					new_candidate	new_candidate			2	false	human;mouse	new_candidate	Cross-species inventory collapse only; retain species-specific evidence records separately.
kdm6b	KDM6B;Kdm6b	human;mouse	TFLink;TRRUST	TRRUST				new_candidate	existing_public_pair_union			2	false	human	existing_or_canonical	Cross-species inventory collapse only; retain species-specific evidence records separately.
kdm7a	KDM7A	human	TFLink					new_candidate				1	false	human	new_candidate	
keap1	Keap1	mouse	TFLink;TRRUST	TRRUST					existing_public_pair_union			1	false		existing_or_canonical	
khdrbs1	KHDRBS1;Khdrbs1	human;mouse	TFLink;TRRUST	TRRUST				existing_public_pair_union	existing_public_pair_union			2	false		existing_or_canonical	Cross-species inventory collapse only; retain species-specific evidence records separately.
khsrp	KHSRP;Khsrp	human;mouse	AnimalTFDB3;TFLink;TRRUST	TRRUST				existing_public_pair_union	new_candidate			2	false	mouse	existing_or_canonical	Cross-species inventory collapse only; retain species-specific evidence records separately.
kiaa1549	KIAA1549	human	AnimalTFDB3					new_candidate				1	false	human	new_candidate	
kin	KIN	human	Lambert_HumanTFs					new_candidate				1	false	human	new_candidate	
klf1	KLF1;Klf1	human;mouse;vertebrates	AnimalTFDB3;JASPAR_CORE;Lambert_HumanTFs;OmniPath_DoRothEA;TFLink;TRRUST	ARACNe-GTEx_DoRothEA;CollecTRI;CollecTRI2;DoRothEA;ExTRI2_CollecTRI2;ExTRI_CollecTRI;GEREDB_CollecTRI;GEREDB_CollecTRI2;HOCOMOCO_DoRothEA;JASPAR_DoRothEA;NTNU.Curated_CollecTRI;NTNUcuration_CollecTRI2;ReMap_DoRothEA;SIGNOR_CollecTRI;SIGNOR_CollecTRI2;TRRUST;TRRUST_CollecTRI;TRRUST_CollecTRI2;TRRUST_DoRothEA	canonical_tf_edge;canonical_tf_role;module_22B_regulon	canonical_tf_edge;canonical_tf_role;module_22B_regulon	canonical_tf_edge;canonical_tf_role;module_22B_regulon	existing_public_pair_union	existing_public_pair_union	canonical_name_or_species_scope_match	16840	3	true		existing_or_canonical	Cross-species inventory collapse only; retain species-specific evidence records separately.; Vertebrate JASPAR/profile scope is not treated as human/mouse evidence.
klf10	KLF10;Klf10	human;mouse;vertebrates	AnimalTFDB3;JASPAR_CORE;Lambert_HumanTFs;OmniPath_DoRothEA;TFLink;TRRUST	ARACNe-GTEx_DoRothEA;CollecTRI;CollecTRI2;DoRothEA;DoRothEA-A_CollecTRI2;ExTRI2_CollecTRI2;TRRUST;TRRUST_CollecTRI;TRRUST_CollecTRI2;TRRUST_DoRothEA				existing_public_pair_union	existing_public_pair_union	new_candidate		3	false	vertebrates	existing_or_canonical	Cross-species inventory collapse only; retain species-specific evidence records separately.; Vertebrate JASPAR/profile scope is not treated as human/mouse evidence.
klf11	KLF11;Klf11	human;mouse;vertebrates	AnimalTFDB3;JASPAR_CORE;Lambert_HumanTFs;OmniPath_DoRothEA;TFLink;TRRUST	CollecTRI;CollecTRI2;DoRothEA;DoRothEA-A_CollecTRI;DoRothEA-A_CollecTRI2;ExTRI2_CollecTRI2;ExTRI_CollecTRI;HTRI_CollecTRI;HTRIdb;HTRIdb_CollecTRI2;HTRIdb_DoRothEA;PAZAR;TRRUST;TRRUST_CollecTRI;TRRUST_CollecTRI2;TRRUST_DoRothEA	canonical_tf_edge;canonical_tf_role;module_22B_regulon	canonical_tf_edge;canonical_tf_role;module_22B_regulon	canonical_tf_edge;canonical_tf_role;module_22B_regulon	existing_public_pair_union	existing_public_pair_union	canonical_name_or_species_scope_match	16841	3	true		existing_or_canonical	Cross-species inventory collapse only; retain species-specific evidence records separately.; Vertebrate JASPAR/profile scope is not treated as human/mouse evidence.
klf12	KLF12;Klf12	human;mouse;vertebrates	AnimalTFDB3;JASPAR_CORE;Lambert_HumanTFs;OmniPath_DoRothEA;TFLink;TRRUST	CollecTRI;CollecTRI2;DoRothEA;DoRothEA-A_CollecTRI2;ExTRI2_CollecTRI2;ExTRI_CollecTRI;FANTOM4_DoRothEA;TRRUST;TRRUST_CollecTRI;TRRUST_CollecTRI2;TRRUST_DoRothEA				existing_public_pair_union	existing_public_pair_union	new_candidate		3	false	vertebrates	existing_or_canonical	Cross-species inventory collapse only; retain species-specific evidence records separately.; Vertebrate JASPAR/profile scope is not treated as human/mouse evidence.
klf13	KLF13;Klf13	human;mouse;vertebrates	AnimalTFDB3;JASPAR_CORE;Lambert_HumanTFs;TFLink;TRRUST	TRRUST	canonical_tf_edge;canonical_tf_role;module_22B_regulon	canonical_tf_edge;canonical_tf_role;module_22B_regulon	canonical_tf_edge;canonical_tf_role;module_22B_regulon	existing_public_pair_union	existing_public_pair_union	canonical_name_or_species_scope_match	16842	3	true		existing_or_canonical	Cross-species inventory collapse only; retain species-specific evidence records separately.; Vertebrate JASPAR/profile scope is not treated as human/mouse evidence.
klf14	KLF14;Klf14	human;mouse;vertebrates	AnimalTFDB3;JASPAR_CORE;Lambert_HumanTFs;TFLink;TRRUST	TRRUST				existing_public_pair_union	new_candidate	new_candidate		3	false	mouse;vertebrates	existing_or_canonical	Cross-species inventory collapse only; retain species-specific evidence records separately.; Vertebrate JASPAR/profile scope is not treated as human/mouse evidence.
klf15	KLF15;Klf15	human;mouse;vertebrates	AnimalTFDB3;JASPAR_CORE;Lambert_HumanTFs;OmniPath_DoRothEA;TFLink;TRRUST	CollecTRI;CollecTRI2;DoRothEA;DoRothEA-A_CollecTRI;DoRothEA-A_CollecTRI2;ExTRI2_CollecTRI2;ExTRI_CollecTRI;GEREDB_CollecTRI;GEREDB_CollecTRI2;HTRI_CollecTRI;HTRIdb;HTRIdb_CollecTRI2;HTRIdb_DoRothEA;TRRUST;TRRUST_CollecTRI;TRRUST_CollecTRI2;TRRUST_DoRothEA				existing_public_pair_union	existing_public_pair_union	new_candidate		3	false	vertebrates	existing_or_canonical	Cross-species inventory collapse only; retain species-specific evidence records separately.; Vertebrate JASPAR/profile scope is not treated as human/mouse evidence.
klf16	KLF16;Klf16	human;mouse;vertebrates	AnimalTFDB3;JASPAR_CORE;Lambert_HumanTFs;TFLink;TRRUST	TRRUST				existing_public_pair_union	existing_public_pair_union	new_candidate		3	false	vertebrates	existing_or_canonical	Cross-species inventory collapse only; retain species-specific evidence records separately.; Vertebrate JASPAR/profile scope is not treated as human/mouse evidence.
klf17	KLF17;Klf17	human;mouse;vertebrates	AnimalTFDB3;JASPAR_CORE;Lambert_HumanTFs;TFLink					new_candidate	new_candidate	new_candidate		3	false	human;mouse;vertebrates	new_candidate	Cross-species inventory collapse only; retain species-specific evidence records separately.; Vertebrate JASPAR/profile scope is not treated as human/mouse evidence.
klf18	KLF18	human	AnimalTFDB3					new_candidate				1	false	human	new_candidate	
klf2	KLF2;Klf2	human;mouse;vertebrates	AnimalTFDB3;JASPAR_CORE;Lambert_HumanTFs;OmniPath_DoRothEA;TFLink;TRRUST	ARACNe-GTEx_DoRothEA;CollecTRI;CollecTRI2;DoRothEA;DoRothEA-A_CollecTRI2;ExTRI2_CollecTRI2;ExTRI_CollecTRI;GOA_CollecTRI;GOA_CollecTRI2;SIGNOR_CollecTRI;SIGNOR_CollecTRI2;TRRUST;TRRUST_CollecTRI;TRRUST_CollecTRI2;TRRUST_DoRothEA				existing_public_pair_union	existing_public_pair_union	new_candidate		3	false	vertebrates	existing_or_canonical	Cross-species inventory collapse only; retain species-specific evidence records separately.; Vertebrate JASPAR/profile scope is not treated as human/mouse evidence.
klf3	KLF3;Klf3	human;mouse;vertebrates	AnimalTFDB3;JASPAR_CORE;Lambert_HumanTFs;TFLink;TRRUST	TRRUST				existing_public_pair_union	existing_public_pair_union	new_candidate		3	false	vertebrates	existing_or_canonical	Cross-species inventory collapse only; retain species-specific evidence records separately.; Vertebrate JASPAR/profile scope is not treated as human/mouse evidence.
klf4	KLF4;Klf4	human;mouse;vertebrates	AnimalTFDB3;JASPAR_CORE;Lambert_HumanTFs;OmniPath_DoRothEA;TFLink;TRRUST	ARACNe-GTEx_DoRothEA;CollecTRI;CollecTRI2;DoRothEA;DoRothEA-A_CollecTRI;DoRothEA-A_CollecTRI2;ExTRI2_CollecTRI2;ExTRI_CollecTRI;GEREDB_CollecTRI;GEREDB_CollecTRI2;HOCOMOCO_DoRothEA;HTRI_CollecTRI;HTRIdb;HTRIdb_CollecTRI2;HTRIdb_DoRothEA;NTNU.Curated_CollecTRI;NTNUcuration_CollecTRI2;Pavlidis2021_CollecTRI;Pavlidis_CollecTRI2;ReMap_DoRothEA;SIGNOR_CollecTRI;SIGNOR_CollecTRI2;TFactS_CollecTRI;TFactS_DoRothEA;TRRUST;TRRUST_CollecTRI;TRRUST_CollecTRI2;TRRUST_DoRothEA;TfactS_CollecTRI2	canonical_tf_edge;canonical_tf_role;module_22B_regulon	canonical_tf_edge;canonical_tf_role;module_22B_regulon	canonical_tf_edge;canonical_tf_role;module_22B_regulon	existing_public_pair_union	existing_public_pair_union	canonical_name_or_species_scope_match	16843;16960	3	true		existing_or_canonical	Cross-species inventory collapse only; retain species-specific evidence records separately.; Vertebrate JASPAR/profile scope is not treated as human/mouse evidence.
klf5	KLF5;Klf5	human;mouse;vertebrates	AnimalTFDB3;JASPAR_CORE;Lambert_HumanTFs;OmniPath_DoRothEA;TFLink;TRRUST	ARACNe-GTEx_DoRothEA;CollecTRI;CollecTRI2;DoRothEA;DoRothEA-A_CollecTRI;DoRothEA-A_CollecTRI2;ExTRI2_CollecTRI2;ExTRI_CollecTRI;GEREDB_CollecTRI;GEREDB_CollecTRI2;GOA_CollecTRI2;HOCOMOCO_DoRothEA;HTRI_CollecTRI;HTRIdb;HTRIdb_CollecTRI2;HTRIdb_DoRothEA;JASPAR_DoRothEA;NTNU.Curated_CollecTRI;NTNUcuration_CollecTRI2;ReMap_DoRothEA;TRRUST;TRRUST_CollecTRI;TRRUST_CollecTRI2;TRRUST_DoRothEA	canonical_tf_edge;canonical_tf_role;module_22B_regulon	canonical_tf_edge;canonical_tf_role;module_22B_regulon	canonical_tf_edge;canonical_tf_role;module_22B_regulon	existing_public_pair_union	existing_public_pair_union	canonical_name_or_species_scope_match	16844	3	true		existing_or_canonical	Cross-species inventory collapse only; retain species-specific evidence records separately.; Vertebrate JASPAR/profile scope is not treated as human/mouse evidence.
klf6	KLF6;Klf6	human;mouse;vertebrates	AnimalTFDB3;JASPAR_CORE;Lambert_HumanTFs;OmniPath_DoRothEA;TFLink;TRRUST	ARACNe-GTEx_DoRothEA;CollecTRI;CollecTRI2;DoRothEA;DoRothEA-A_CollecTRI;DoRothEA-A_CollecTRI2;ExTRI2_CollecTRI2;ExTRI_CollecTRI;GEREDB_CollecTRI;GEREDB_CollecTRI2;GOA_CollecTRI;GOA_CollecTRI2;HTRI_CollecTRI;HTRIdb;HTRIdb_CollecTRI2;HTRIdb_DoRothEA;ORegAnno_DoRothEA;ReMap_DoRothEA;SIGNOR;SIGNOR_CollecTRI;SIGNOR_CollecTRI2;TFactS_CollecTRI;TFactS_DoRothEA;TRRUST;TRRUST_CollecTRI;TRRUST_CollecTRI2;TRRUST_DoRothEA;TfactS_CollecTRI2	canonical_tf_edge;canonical_tf_role;module_22B_regulon	canonical_tf_edge;canonical_tf_role;module_22B_regulon	canonical_tf_edge;canonical_tf_role;module_22B_regulon	existing_public_pair_union	existing_public_pair_union	canonical_name_or_species_scope_match	16845	3	true		existing_or_canonical	Cross-species inventory collapse only; retain species-specific evidence records separately.; Vertebrate JASPAR/profile scope is not treated as human/mouse evidence.
klf7	KLF7;Klf7	human;mouse;vertebrates	AnimalTFDB3;JASPAR_CORE;Lambert_HumanTFs;TFLink;TRRUST	TRRUST				existing_public_pair_union	existing_public_pair_union	new_candidate		3	false	vertebrates	existing_or_canonical	Cross-species inventory collapse only; retain species-specific evidence records separately.; Vertebrate JASPAR/profile scope is not treated as human/mouse evidence.
klf8	KLF8;Klf8	human;mouse;vertebrates	AnimalTFDB3;JASPAR_CORE;Lambert_HumanTFs;TFLink;TRRUST	TRRUST				existing_public_pair_union	existing_public_pair_union	new_candidate		3	false	vertebrates	existing_or_canonical	Cross-species inventory collapse only; retain species-specific evidence records separately.; Vertebrate JASPAR/profile scope is not treated as human/mouse evidence.
klf9	KLF9;Klf9	human;mouse;vertebrates	AnimalTFDB3;JASPAR_CORE;Lambert_HumanTFs;TFLink;TRRUST	TRRUST				existing_public_pair_union	existing_public_pair_union	new_candidate		3	false	vertebrates	existing_or_canonical	Cross-species inventory collapse only; retain species-specific evidence records separately.; Vertebrate JASPAR/profile scope is not treated as human/mouse evidence.
klrg1	KLRG1;Klrg1	human;mouse	TFLink					new_candidate	new_candidate			2	false	human;mouse	new_candidate	Cross-species inventory collapse only; retain species-specific evidence records separately.
kmt2a	KMT2A;Kmt2a	human;mouse	Lambert_HumanTFs;OmniPath_DoRothEA;TFLink	ARACNe-GTEx_DoRothEA;CollecTRI;CollecTRI2;DoRothEA;DoRothEA-A_CollecTRI2;ExTRI2_CollecTRI2;ExTRI_CollecTRI;GEREDB_CollecTRI;GEREDB_CollecTRI2;IntAct_DoRothEA;ReMap_DoRothEA;TFe_DoRothEA	canonical_tf_edge;canonical_tf_role;module_22B_regulon	canonical_tf_edge;canonical_tf_role;module_22B_regulon		existing_public_pair_union	existing_public_pair_union		16846	2	true		existing_or_canonical	Cross-species inventory collapse only; retain species-specific evidence records separately.
kmt2b	KMT2B;Kmt2b	human;mouse	Lambert_HumanTFs;TFLink					new_candidate	new_candidate			2	false	human;mouse	new_candidate	Cross-species inventory collapse only; retain species-specific evidence records separately.
kmt2c	KMT2C;Kmt2c	human;mouse	AnimalTFDB3;TFLink					new_candidate	new_candidate			2	false	human;mouse	new_candidate	Cross-species inventory collapse only; retain species-specific evidence records separately.
kmt2d	KMT2D;Kmt2d	human;mouse	TFLink					new_candidate	new_candidate			2	false	human;mouse	new_candidate	Cross-species inventory collapse only; retain species-specific evidence records separately.
kpna2	Kpna2	mouse	TFLink;TRRUST	TRRUST					existing_public_pair_union			1	false		existing_or_canonical	
krt3	KRT3	human	TFLink					new_candidate				1	false	human	new_candidate	
l3mbtl1	L3MBTL1;L3mbtl1	human;mouse	AnimalTFDB3;Lambert_HumanTFs;TFLink;TRRUST	TRRUST				existing_public_pair_union	new_candidate			2	false	mouse	existing_or_canonical	Cross-species inventory collapse only; retain species-specific evidence records separately.
l3mbtl2	L3MBTL2;L3mbtl2	human;mouse	TFLink					new_candidate	new_candidate			2	false	human;mouse	new_candidate	Cross-species inventory collapse only; retain species-specific evidence records separately.
l3mbtl3	L3MBTL3;L3mbtl3	human;mouse	AnimalTFDB3;Lambert_HumanTFs					new_candidate	new_candidate			2	false	human;mouse	new_candidate	Cross-species inventory collapse only; retain species-specific evidence records separately.
l3mbtl4	L3MBTL4;L3mbtl4	human;mouse	AnimalTFDB3;Lambert_HumanTFs;TFLink					new_candidate	new_candidate			2	false	human;mouse	new_candidate	Cross-species inventory collapse only; retain species-specific evidence records separately.
lamb3	LAMB3	human	TFLink					new_candidate				1	false	human	new_candidate	
larp7	LARP7	human	TFLink					new_candidate				1	false	human	new_candidate	
lbx1	LBX1;Lbx1	human;mouse;vertebrates	AnimalTFDB3;JASPAR_CORE;Lambert_HumanTFs;TFLink;TRRUST	TRRUST				new_candidate	existing_public_pair_union	new_candidate		3	false	human;vertebrates	existing_or_canonical	Cross-species inventory collapse only; retain species-specific evidence records separately.; Vertebrate JASPAR/profile scope is not treated as human/mouse evidence.
lbx2	LBX2;Lbx2	human;mouse;vertebrates	AnimalTFDB3;JASPAR_CORE;Lambert_HumanTFs					new_candidate	new_candidate	new_candidate		3	false	human;mouse;vertebrates	new_candidate	Cross-species inventory collapse only; retain species-specific evidence records separately.; Vertebrate JASPAR/profile scope is not treated as human/mouse evidence.
lcor	LCOR;Lcor	human;mouse	AnimalTFDB3;Lambert_HumanTFs;TFLink;TRRUST	TRRUST				existing_public_pair_union	new_candidate			2	false	mouse	existing_or_canonical	Cross-species inventory collapse only; retain species-specific evidence records separately.
lcorl	LCORL;Lcorl	human;mouse	AnimalTFDB3;Lambert_HumanTFs;TFLink					new_candidate	new_candidate			2	false	human;mouse	new_candidate	Cross-species inventory collapse only; retain species-specific evidence records separately.
ldb1	LDB1;Ldb1	human;mouse	TFLink;TRRUST	TRRUST				existing_public_pair_union	existing_public_pair_union			2	false		existing_or_canonical	Cross-species inventory collapse only; retain species-specific evidence records separately.
ldb2	Ldb2	mouse	TFLink;TRRUST	TRRUST					existing_public_pair_union			1	false		existing_or_canonical	
lef1	LEF1;Lef1	human;mouse;vertebrates	AnimalTFDB3;JASPAR_CORE;Lambert_HumanTFs;OmniPath_DoRothEA;TFLink;TRRUST	ARACNe-GTEx_DoRothEA;CollecTRI;CollecTRI2;CytReg_CollecTRI;CytReg_CollecTRI2;DoRothEA;DoRothEA-A_CollecTRI2;ExTRI2_CollecTRI2;ExTRI_CollecTRI;FANTOM4_DoRothEA;GEREDB_CollecTRI;GEREDB_CollecTRI2;GOA_CollecTRI;GOA_CollecTRI2;HOCOMOCO_DoRothEA;JASPAR_DoRothEA;KEGG-MEDICUS;NTNU.Curated_CollecTRI;NTNUcuration_CollecTRI2;Pavlidis2021_CollecTRI;Pavlidis_CollecTRI2;ReMap_DoRothEA;RegNetwork_DoRothEA;SIGNOR_CollecTRI;SIGNOR_CollecTRI2;TFactS_CollecTRI;TFactS_DoRothEA;TRED_DoRothEA;TRRUST;TRRUST_CollecTRI;TRRUST_CollecTRI2;TRRUST_DoRothEA;TfactS_CollecTRI2				existing_public_pair_union	existing_public_pair_union	new_candidate		3	false	vertebrates	existing_or_canonical	Cross-species inventory collapse only; retain species-specific evidence records separately.; Vertebrate JASPAR/profile scope is not treated as human/mouse evidence.
leo1	LEO1;Leo1	human;mouse	TFLink					new_candidate	new_candidate			2	false	human;mouse	new_candidate	Cross-species inventory collapse only; retain species-specific evidence records separately.
leutx	LEUTX	human;vertebrates	AnimalTFDB3;JASPAR_CORE;Lambert_HumanTFs					new_candidate		new_candidate		2	false	human;vertebrates	new_candidate	Cross-species inventory collapse only; retain species-specific evidence records separately.; Vertebrate JASPAR/profile scope is not treated as human/mouse evidence.
lhx1	LHX1;Lhx1	human;mouse;vertebrates	AnimalTFDB3;JASPAR_CORE;Lambert_HumanTFs;TFLink					new_candidate	new_candidate	new_candidate		3	false	human;mouse;vertebrates	new_candidate	Cross-species inventory collapse only; retain species-specific evidence records separately.; Vertebrate JASPAR/profile scope is not treated as human/mouse evidence.
lhx2	LHX2;Lhx2	human;mouse;vertebrates	AnimalTFDB3;JASPAR_CORE;Lambert_HumanTFs;TFLink;TRRUST	TRRUST				existing_public_pair_union	existing_public_pair_union	new_candidate		3	false	vertebrates	existing_or_canonical	Cross-species inventory collapse only; retain species-specific evidence records separately.; Vertebrate JASPAR/profile scope is not treated as human/mouse evidence.
lhx3	LHX3;Lhx3	human;mouse;vertebrates	AnimalTFDB3;JASPAR_CORE;Lambert_HumanTFs;OmniPath_DoRothEA;TFLink;TRRUST	ARACNe-GTEx_DoRothEA;CollecTRI;CollecTRI2;DoRothEA;DoRothEA-A_CollecTRI2;ExTRI2_CollecTRI2;ExTRI_CollecTRI;SIGNOR_CollecTRI;SIGNOR_CollecTRI2;TFe_DoRothEA;TRRUST;TRRUST_CollecTRI;TRRUST_CollecTRI2;TRRUST_DoRothEA;TfactS_CollecTRI2	canonical_tf_edge;canonical_tf_role;module_22B_regulon	canonical_tf_edge;canonical_tf_role;module_22B_regulon	canonical_tf_edge;canonical_tf_role;module_22B_regulon	existing_public_pair_union	existing_public_pair_union	canonical_name_or_species_scope_match	16847	3	true		existing_or_canonical	Cross-species inventory collapse only; retain species-specific evidence records separately.; Vertebrate JASPAR/profile scope is not treated as human/mouse evidence.
lhx4	LHX4;Lhx4	human;mouse;vertebrates	AnimalTFDB3;JASPAR_CORE;Lambert_HumanTFs;OmniPath_DoRothEA;TFLink;TRRUST	CollecTRI;CollecTRI2;DoRothEA;DoRothEA-A_CollecTRI;DoRothEA-A_CollecTRI2;ExTRI2_CollecTRI2;ExTRI_CollecTRI;GOA_CollecTRI;GOA_CollecTRI2;NTNU.Curated_CollecTRI;NTNUcuration_CollecTRI2;SIGNOR;SIGNOR_CollecTRI;SIGNOR_CollecTRI2;TFe_DoRothEA;TRRUST;TRRUST_CollecTRI;TRRUST_CollecTRI2;TRRUST_DoRothEA	canonical_tf_edge;canonical_tf_role;module_22B_regulon	canonical_tf_edge;canonical_tf_role;module_22B_regulon	canonical_tf_edge;canonical_tf_role;module_22B_regulon	existing_public_pair_union	existing_public_pair_union	canonical_name_or_species_scope_match	16961	3	true		existing_or_canonical	Cross-species inventory collapse only; retain species-specific evidence records separately.; Vertebrate JASPAR/profile scope is not treated as human/mouse evidence.
lhx5	LHX5;Lhx5	human;mouse;vertebrates	AnimalTFDB3;JASPAR_CORE;Lambert_HumanTFs;TFLink					new_candidate	new_candidate	new_candidate		3	false	human;mouse;vertebrates	new_candidate	Cross-species inventory collapse only; retain species-specific evidence records separately.; Vertebrate JASPAR/profile scope is not treated as human/mouse evidence.
lhx6	LHX6;Lhx6	human;mouse;vertebrates	AnimalTFDB3;JASPAR_CORE;Lambert_HumanTFs;TFLink					new_candidate	new_candidate	new_candidate		3	false	human;mouse;vertebrates	new_candidate	Cross-species inventory collapse only; retain species-specific evidence records separately.; Vertebrate JASPAR/profile scope is not treated as human/mouse evidence.
lhx8	LHX8;Lhx8	human;mouse;vertebrates	AnimalTFDB3;JASPAR_CORE;Lambert_HumanTFs					new_candidate	new_candidate	new_candidate		3	false	human;mouse;vertebrates	new_candidate	Cross-species inventory collapse only; retain species-specific evidence records separately.; Vertebrate JASPAR/profile scope is not treated as human/mouse evidence.
lhx9	LHX9;Lhx9	human;mouse;vertebrates	AnimalTFDB3;JASPAR_CORE;Lambert_HumanTFs;TFLink;TRRUST	TRRUST				new_candidate	existing_public_pair_union	new_candidate		3	false	human;vertebrates	existing_or_canonical	Cross-species inventory collapse only; retain species-specific evidence records separately.; Vertebrate JASPAR/profile scope is not treated as human/mouse evidence.
limd1	LIMD1	human	TFLink;TRRUST	TRRUST				existing_public_pair_union				1	false		existing_or_canonical	
lin28a	LIN28A;Lin28a	human;mouse	AnimalTFDB3;Lambert_HumanTFs;TFLink;TRRUST	TRRUST				existing_public_pair_union	new_candidate			2	false	mouse	existing_or_canonical	Cross-species inventory collapse only; retain species-specific evidence records separately.
lin28b	LIN28B;Lin28b	human;mouse	AnimalTFDB3;Lambert_HumanTFs					new_candidate	new_candidate			2	false	human;mouse	new_candidate	Cross-species inventory collapse only; retain species-specific evidence records separately.
lin54	LIN54	human;vertebrates	JASPAR_CORE;Lambert_HumanTFs					new_candidate		new_candidate		2	false	human;vertebrates	new_candidate	Cross-species inventory collapse only; retain species-specific evidence records separately.; Vertebrate JASPAR/profile scope is not treated as human/mouse evidence.
litaf	LITAF;Litaf	human;mouse	AnimalTFDB3;TFLink					new_candidate	new_candidate			2	false	human;mouse	new_candidate	Cross-species inventory collapse only; retain species-specific evidence records separately.
lmna	LMNA	human	TFLink					new_candidate				1	false	human	new_candidate	
lmnb1	LMNB1;Lmnb1	human;mouse	TFLink					new_candidate	new_candidate			2	false	human;mouse	new_candidate	Cross-species inventory collapse only; retain species-specific evidence records separately.
lmnb2	LMNB2	human	TFLink					new_candidate				1	false	human	new_candidate	
lmo1	LMO1	human	TFLink					new_candidate				1	false	human	new_candidate	
lmo2	LMO2;Lmo2	human;mouse	TFLink;TRRUST	TRRUST				existing_public_pair_union	existing_public_pair_union			2	false		existing_or_canonical	Cross-species inventory collapse only; retain species-specific evidence records separately.
lmo3	LMO3	human	TFLink;TRRUST	TRRUST				existing_public_pair_union				1	false		existing_or_canonical	
lmo4	LMO4;Lmo4	human;mouse	TFLink;TRRUST	TRRUST	canonical_tf_edge;canonical_tf_role;module_22B_regulon	canonical_tf_edge;canonical_tf_role;module_22B_regulon		existing_public_pair_union	existing_public_pair_union		16848	2	true		existing_or_canonical	Cross-species inventory collapse only; retain species-specific evidence records separately.
lmo7	Lmo7	mouse	TFLink;TRRUST	TRRUST					existing_public_pair_union			1	false		existing_or_canonical	
lmtk3	LMTK3	human	TFLink					new_candidate				1	false	human	new_candidate	
lmx1a	LMX1A;Lmx1a	human;mouse;vertebrates	AnimalTFDB3;JASPAR_CORE;Lambert_HumanTFs					new_candidate	new_candidate	new_candidate		3	false	human;mouse;vertebrates	new_candidate	Cross-species inventory collapse only; retain species-specific evidence records separately.; Vertebrate JASPAR/profile scope is not treated as human/mouse evidence.
lmx1b	LMX1B;Lmx1b	human;mouse;vertebrates	AnimalTFDB3;JASPAR_CORE;Lambert_HumanTFs;TFLink;TRRUST	TRRUST	canonical_tf_edge;canonical_tf_role;module_22B_regulon	canonical_tf_edge;canonical_tf_role;module_22B_regulon	canonical_tf_edge;canonical_tf_role;module_22B_regulon	existing_public_pair_union	existing_public_pair_union	canonical_name_or_species_scope_match	16849	3	true		existing_or_canonical	Cross-species inventory collapse only; retain species-specific evidence records separately.; Vertebrate JASPAR/profile scope is not treated as human/mouse evidence.
lo018689.1	LO018689.1	mouse	AnimalTFDB3						new_candidate			1	false	mouse	new_candidate	
lo018689.4	LO018689.4	mouse	AnimalTFDB3						new_candidate			1	false	mouse	new_candidate	
lrf	LRF	human	TRRUST	TRRUST				existing_public_pair_union				1	false		existing_or_canonical	
lrrfip1	LRRFIP1;Lrrfip1	human;mouse	AnimalTFDB3;TFLink;TRRUST	TRRUST				existing_public_pair_union	new_candidate			2	false	mouse	existing_or_canonical	Cross-species inventory collapse only; retain species-specific evidence records separately.
lrrfip2	LRRFIP2;Lrrfip2	human;mouse	AnimalTFDB3					new_candidate	new_candidate			2	false	human;mouse	new_candidate	Cross-species inventory collapse only; retain species-specific evidence records separately.
ltf	LTF;Ltf	human;mouse	AnimalTFDB3;Lambert_HumanTFs					new_candidate	new_candidate			2	false	human;mouse	new_candidate	Cross-species inventory collapse only; retain species-specific evidence records separately.
luzp1	Luzp1	mouse	TFLink						new_candidate			1	false	mouse	new_candidate	
lyar	LYAR;Lyar	human;mouse	AnimalTFDB3					new_candidate	new_candidate			2	false	human;mouse	new_candidate	Cross-species inventory collapse only; retain species-specific evidence records separately.
lyl1	LYL1;Lyl1	human;mouse	AnimalTFDB3;Lambert_HumanTFs;OmniPath_DoRothEA;TFLink;TRRUST	ARACNe-GTEx_DoRothEA;CollecTRI;CollecTRI2;DoRothEA;DoRothEA-A_CollecTRI2;ExTRI2_CollecTRI2;ExTRI_CollecTRI;HOCOMOCO_DoRothEA;NTNU.Curated_CollecTRI;NTNUcuration_CollecTRI2;ReMap_DoRothEA;SIGNOR_CollecTRI;SIGNOR_CollecTRI2;TRRUST;TRRUST_CollecTRI;TRRUST_CollecTRI2;TRRUST_DoRothEA				existing_public_pair_union	existing_public_pair_union			2	false		existing_or_canonical	Cross-species inventory collapse only; retain species-specific evidence records separately.
mael	MAEL;Mael	human;mouse	AnimalTFDB3					new_candidate	new_candidate			2	false	human;mouse	new_candidate	Cross-species inventory collapse only; retain species-specific evidence records separately.
maf	MAF;Maf	human;mouse;vertebrates	AnimalTFDB3;JASPAR_CORE;Lambert_HumanTFs;OmniPath_DoRothEA;TFLink;TRRUST	ARACNe-GTEx_DoRothEA;CollecTRI;CollecTRI2;CytReg_CollecTRI;CytReg_CollecTRI2;DoRothEA;DoRothEA-A_CollecTRI;DoRothEA-A_CollecTRI2;ExTRI2_CollecTRI2;ExTRI_CollecTRI;HOCOMOCO_DoRothEA;HTRI_CollecTRI;HTRIdb;HTRIdb_CollecTRI2;HTRIdb_DoRothEA;NFIRegulomeDB_DoRothEA;PAZAR;PAZAR_DoRothEA;Pavlidis2021_CollecTRI;Pavlidis_CollecTRI2;ReMap_DoRothEA;SIGNOR_CollecTRI;SIGNOR_CollecTRI2;TRRUST;TRRUST_CollecTRI;TRRUST_CollecTRI2;TRRUST_DoRothEA;TfactS_CollecTRI2				existing_public_pair_union	existing_public_pair_union	new_candidate		3	false	vertebrates	existing_or_canonical	Cross-species inventory collapse only; retain species-specific evidence records separately.; Vertebrate JASPAR/profile scope is not treated as human/mouse evidence.
maf1	MAF1;Maf1	human;mouse	AnimalTFDB3					new_candidate	new_candidate			2	false	human;mouse	new_candidate	Cross-species inventory collapse only; retain species-specific evidence records separately.
mafa	MAFA;Mafa	human;mouse;vertebrates	AnimalTFDB3;JASPAR_CORE;Lambert_HumanTFs;OmniPath_DoRothEA;TFLink;TRRUST	CollecTRI;CollecTRI2;DoRothEA;DoRothEA-A_CollecTRI2;ExTRI2_CollecTRI2;ExTRI_CollecTRI;NTNU.Curated_CollecTRI;NTNUcuration_CollecTRI2;Pavlidis2021_CollecTRI;Pavlidis_CollecTRI2;TRRUST;TRRUST_CollecTRI;TRRUST_CollecTRI2;TRRUST_DoRothEA	canonical_tf_edge;canonical_tf_role;module_22B_regulon	canonical_tf_edge;canonical_tf_role;module_22B_regulon	canonical_tf_edge;canonical_tf_role;module_22B_regulon	existing_public_pair_union	existing_public_pair_union	canonical_name_or_species_scope_match	16962	3	true		existing_or_canonical	Cross-species inventory collapse only; retain species-specific evidence records separately.; Vertebrate JASPAR/profile scope is not treated as human/mouse evidence.
mafb	MAFB;Mafb	human;mouse;vertebrates	AnimalTFDB3;JASPAR_CORE;Lambert_HumanTFs;OmniPath_DoRothEA;TFLink;TRRUST	ARACNe-GTEx_DoRothEA;DoRothEA;HOCOMOCO_DoRothEA;JASPAR_DoRothEA;ReMap_DoRothEA;TRRUST				existing_public_pair_union	existing_public_pair_union	new_candidate		3	false	vertebrates	existing_or_canonical	Cross-species inventory collapse only; retain species-specific evidence records separately.; Vertebrate JASPAR/profile scope is not treated as human/mouse evidence.
maff	MAFF;Maff	human;mouse;vertebrates	AnimalTFDB3;JASPAR_CORE;Lambert_HumanTFs;OmniPath_DoRothEA;TFLink;TRRUST	ARACNe-GTEx_DoRothEA;CollecTRI;CollecTRI2;DoRothEA;DoRothEA-A_CollecTRI;DoRothEA-A_CollecTRI2;ExTRI2_CollecTRI2;ExTRI_CollecTRI;HOCOMOCO_DoRothEA;HTRI_CollecTRI;HTRIdb;HTRIdb_CollecTRI2;HTRIdb_DoRothEA;ReMap_DoRothEA;TRRUST;TRRUST_CollecTRI;TRRUST_CollecTRI2;TRRUST_DoRothEA				existing_public_pair_union	existing_public_pair_union	new_candidate		3	false	vertebrates	existing_or_canonical	Cross-species inventory collapse only; retain species-specific evidence records separately.; Vertebrate JASPAR/profile scope is not treated as human/mouse evidence.
mafg	MAFG;Mafg	human;mouse;vertebrates	AnimalTFDB3;JASPAR_CORE;Lambert_HumanTFs;OmniPath_DoRothEA;TFLink;TRRUST	ARACNe-GTEx_DoRothEA;CollecTRI;CollecTRI2;DoRothEA;DoRothEA-A_CollecTRI;DoRothEA-A_CollecTRI2;ExTRI2_CollecTRI2;ExTRI_CollecTRI;GEREDB_CollecTRI;GEREDB_CollecTRI2;GOA_CollecTRI;GOA_CollecTRI2;HOCOMOCO_DoRothEA;HTRI_CollecTRI;HTRIdb;HTRIdb_CollecTRI2;HTRIdb_DoRothEA;JASPAR_DoRothEA;ReMap_DoRothEA;TRRUST;TRRUST_CollecTRI;TRRUST_CollecTRI2;TRRUST_DoRothEA				existing_public_pair_union	existing_public_pair_union	new_candidate		3	false	vertebrates	existing_or_canonical	Cross-species inventory collapse only; retain species-specific evidence records separately.; Vertebrate JASPAR/profile scope is not treated as human/mouse evidence.
mafk	MAFK;Mafk	human;mouse;vertebrates	AnimalTFDB3;JASPAR_CORE;Lambert_HumanTFs;OmniPath_DoRothEA;TFLink;TRRUST	CollecTRI;CollecTRI2;DoRothEA;DoRothEA-A_CollecTRI;DoRothEA-A_CollecTRI2;ExTRI2_CollecTRI2;ExTRI_CollecTRI;HTRI_CollecTRI;HTRIdb;HTRIdb_CollecTRI2;HTRIdb_DoRothEA;TRRUST;TRRUST_CollecTRI;TRRUST_CollecTRI2;TRRUST_DoRothEA				existing_public_pair_union	existing_public_pair_union	new_candidate		3	false	vertebrates	existing_or_canonical	Cross-species inventory collapse only; retain species-specific evidence records separately.; Vertebrate JASPAR/profile scope is not treated as human/mouse evidence.
magi1	Magi1	mouse	TFLink						new_candidate			1	false	mouse	new_candidate	
mal	MAL	human	TFLink;TRRUST	TRRUST				existing_public_pair_union				1	false		existing_or_canonical	
maml1	MAML1	human	TFLink;TRRUST	TRRUST				existing_public_pair_union				1	false		existing_or_canonical	
maml3	MAML3	human	TFLink					new_candidate				1	false	human	new_candidate	
map1lc3b	MAP1LC3B	human	TFLink					new_candidate				1	false	human	new_candidate	
map2k1	MAP2K1	human	TFLink					new_candidate				1	false	human	new_candidate	
map3k7	Map3k7	mouse	TFLink;TRRUST	TRRUST					existing_public_pair_union			1	false		existing_or_canonical	
mapk1	Mapk1	mouse	TFLink;TRRUST	TRRUST					existing_public_pair_union			1	false		existing_or_canonical	
mapk14	MAPK14;Mapk14	human;mouse	TFLink;TRRUST	TRRUST				new_candidate	existing_public_pair_union			2	false	human	existing_or_canonical	Cross-species inventory collapse only; retain species-specific evidence records separately.
mapk3	MAPK3	human	TFLink					new_candidate				1	false	human	new_candidate	
mau2	Mau2	mouse	TFLink						new_candidate			1	false	mouse	new_candidate	
max	MAX;Max	human;mouse;vertebrates	AnimalTFDB3;JASPAR_CORE;Lambert_HumanTFs;OmniPath_DoRothEA;TFLink;TRRUST	CollecTRI;CollecTRI2;DoRothEA;DoRothEA-A_CollecTRI;DoRothEA-A_CollecTRI2;ENCODE-distal;ENCODE-proximal;ExTRI2_CollecTRI2;ExTRI_CollecTRI;GEREDB_CollecTRI;GEREDB_CollecTRI2;HOCOMOCO_DoRothEA;HTRI_CollecTRI;HTRIdb;HTRIdb_CollecTRI2;HTRIdb_DoRothEA;JASPAR_DoRothEA;NTNU.Curated_CollecTRI;NTNUcuration_CollecTRI2;ORegAnno;ORegAnno_DoRothEA;ReMap_DoRothEA;TRRUST;TRRUST_CollecTRI;TRRUST_CollecTRI2;TRRUST_DoRothEA				existing_public_pair_union	existing_public_pair_union	new_candidate		3	false	vertebrates	existing_or_canonical	Cross-species inventory collapse only; retain species-specific evidence records separately.; Vertebrate JASPAR/profile scope is not treated as human/mouse evidence.
maz	MAZ;Maz	human;mouse;vertebrates	AnimalTFDB3;JASPAR_CORE;Lambert_HumanTFs;OmniPath_DoRothEA;TFLink;TRRUST	ARACNe-GTEx_DoRothEA;CollecTRI;CollecTRI2;DoRothEA;DoRothEA-A_CollecTRI;DoRothEA-A_CollecTRI2;ExTRI2_CollecTRI2;ExTRI_CollecTRI;FANTOM4_DoRothEA;HOCOMOCO_DoRothEA;IntAct_DoRothEA;NTNU.Curated_CollecTRI;NTNUcuration_CollecTRI2;PAZAR;PAZAR_DoRothEA;ReMap_DoRothEA;TRRUST;TRRUST_CollecTRI;TRRUST_CollecTRI2;TRRUST_DoRothEA;TfactS_CollecTRI2				existing_public_pair_union	existing_public_pair_union	new_candidate		3	false	vertebrates	existing_or_canonical	Cross-species inventory collapse only; retain species-specific evidence records separately.; Vertebrate JASPAR/profile scope is not treated as human/mouse evidence.
mbd1	MBD1;Mbd1	human;mouse	AnimalTFDB3;Lambert_HumanTFs;OmniPath_DoRothEA;TFLink;TRRUST	ARACNe-GTEx_DoRothEA;CollecTRI;CollecTRI2;DoRothEA;DoRothEA-A_CollecTRI2;ExTRI_CollecTRI;TRRUST;TRRUST_CollecTRI;TRRUST_CollecTRI2;TRRUST_DoRothEA				existing_public_pair_union	existing_public_pair_union			2	false		existing_or_canonical	Cross-species inventory collapse only; retain species-specific evidence records separately.
mbd2	MBD2;Mbd2	human;mouse	AnimalTFDB3;Lambert_HumanTFs;OmniPath_DoRothEA;TFLink;TRRUST	CollecTRI;CollecTRI2;DoRothEA;ExTRI2_CollecTRI2;ExTRI_CollecTRI;ReMap_DoRothEA;TRRUST;TRRUST_CollecTRI;TRRUST_CollecTRI2;TRRUST_DoRothEA	canonical_tf_edge;canonical_tf_role;module_22B_regulon	canonical_tf_edge;canonical_tf_role;module_22B_regulon		existing_public_pair_union	existing_public_pair_union		16850	2	true		existing_or_canonical	Cross-species inventory collapse only; retain species-specific evidence records separately.
mbd3	MBD3;Mbd3	human;mouse	AnimalTFDB3;Lambert_HumanTFs;OmniPath_DoRothEA;TFLink;TRRUST	CollecTRI2;DoRothEA;ExTRI2_CollecTRI2;FANTOM4_DoRothEA;ReMap_DoRothEA;TRRUST				existing_public_pair_union	existing_public_pair_union			2	false		existing_or_canonical	Cross-species inventory collapse only; retain species-specific evidence records separately.
mbd3l2	MBD3L2	human	TFLink					new_candidate				1	false	human	new_candidate	
mbd4	MBD4;Mbd4	human;mouse	AnimalTFDB3;Lambert_HumanTFs;TFLink					new_candidate	new_candidate			2	false	human;mouse	new_candidate	Cross-species inventory collapse only; retain species-specific evidence records separately.
mbd6	MBD6	human	Lambert_HumanTFs					new_candidate				1	false	human	new_candidate	
mbl2	MBL2	human	TFLink					new_candidate				1	false	human	new_candidate	
mbnl2	MBNL2	human	Lambert_HumanTFs					new_candidate				1	false	human	new_candidate	
mbtd1	MBTD1	human	TFLink					new_candidate				1	false	human	new_candidate	
mbtps2	MBTPS2;Mbtps2	human;mouse	AnimalTFDB3;TFLink					new_candidate	new_candidate			2	false	human;mouse	new_candidate	Cross-species inventory collapse only; retain species-specific evidence records separately.
mcm2	MCM2	human	TFLink;TRRUST	TRRUST				existing_public_pair_union				1	false		existing_or_canonical	
mcm3	MCM3;Mcm3	human;mouse	TFLink;TRRUST	TRRUST				new_candidate	existing_public_pair_union			2	false	human	existing_or_canonical	Cross-species inventory collapse only; retain species-specific evidence records separately.
mcm5	MCM5	human	TFLink;TRRUST	TRRUST				existing_public_pair_union				1	false		existing_or_canonical	
mcm6	Mcm6	mouse	TFLink;TRRUST	TRRUST					existing_public_pair_union			1	false		existing_or_canonical	
mcm7	MCM7	human	TFLink					new_candidate				1	false	human	new_candidate	
mcrs1	MCRS1;Mcrs1	human;mouse	TFLink					new_candidate	new_candidate			2	false	human;mouse	new_candidate	Cross-species inventory collapse only; retain species-specific evidence records separately.
mdm2	MDM2;Mdm2	human;mouse	TFLink;TRRUST	TRRUST				existing_public_pair_union	existing_public_pair_union			2	false		existing_or_canonical	Cross-species inventory collapse only; retain species-specific evidence records separately.
mdm4	MDM4;Mdm4	human;mouse	TFLink;TRRUST	TRRUST				existing_public_pair_union	existing_public_pair_union			2	false		existing_or_canonical	Cross-species inventory collapse only; retain species-specific evidence records separately.
me1	ME1	human	TFLink					new_candidate				1	false	human	new_candidate	
me3	ME3	human	TFLink					new_candidate				1	false	human	new_candidate	
mecom	MECOM;Mecom	human;mouse;vertebrates	AnimalTFDB3;JASPAR_CORE;Lambert_HumanTFs;TFLink					new_candidate	new_candidate	new_candidate		3	false	human;mouse;vertebrates	new_candidate	Cross-species inventory collapse only; retain species-specific evidence records separately.; Vertebrate JASPAR/profile scope is not treated as human/mouse evidence.
mecp2	MECP2;Mecp2	human;mouse	AnimalTFDB3;Lambert_HumanTFs;OmniPath_DoRothEA;TFLink;TRRUST	CollecTRI;CollecTRI2;DoRothEA;DoRothEA-A_CollecTRI2;ExTRI2_CollecTRI2;FANTOM4_DoRothEA;SIGNOR_CollecTRI;SIGNOR_CollecTRI2;TRRUST;TRRUST_CollecTRI;TRRUST_CollecTRI2;TRRUST_DoRothEA	canonical_tf_edge;canonical_tf_role;module_22B_regulon	canonical_tf_edge;canonical_tf_role;module_22B_regulon		existing_public_pair_union	existing_public_pair_union		16851	2	true		existing_or_canonical	Cross-species inventory collapse only; retain species-specific evidence records separately.
med1	MED1;Med1	human;mouse	TFLink;TRRUST	TRRUST				existing_public_pair_union	existing_public_pair_union			2	false		existing_or_canonical	Cross-species inventory collapse only; retain species-specific evidence records separately.
med12	MED12;Med12	human;mouse	TFLink					new_candidate	new_candidate			2	false	human;mouse	new_candidate	Cross-species inventory collapse only; retain species-specific evidence records separately.
med15	MED15	human	TFLink;TRRUST	TRRUST				existing_public_pair_union				1	false		existing_or_canonical	
med23	MED23;Med23	human;mouse	TFLink;TRRUST	TRRUST				existing_public_pair_union	existing_public_pair_union			2	false		existing_or_canonical	Cross-species inventory collapse only; retain species-specific evidence records separately.
med26	MED26;Med26	human;mouse	TFLink					new_candidate	new_candidate			2	false	human;mouse	new_candidate	Cross-species inventory collapse only; retain species-specific evidence records separately.
med6	Med6	mouse	TFLink;TRRUST	TRRUST					existing_public_pair_union			1	false		existing_or_canonical	
med8	Med8	mouse	TFLink;TRRUST	TRRUST					existing_public_pair_union			1	false		existing_or_canonical	
mef2a	MEF2A;Mef2a	human;mouse;vertebrates	AnimalTFDB3;JASPAR_CORE;Lambert_HumanTFs;OmniPath_DoRothEA;TFLink;TRRUST	ARACNe-GTEx_DoRothEA;CollecTRI;CollecTRI2;DoRothEA;DoRothEA-A_CollecTRI;DoRothEA-A_CollecTRI2;ENCODE-proximal;ExTRI2_CollecTRI2;ExTRI_CollecTRI;FANTOM4_DoRothEA;GEREDB_CollecTRI;GEREDB_CollecTRI2;GOA_CollecTRI;GOA_CollecTRI2;HOCOMOCO_DoRothEA;HTRI_CollecTRI;HTRIdb;HTRIdb_CollecTRI2;HTRIdb_DoRothEA;JASPAR_DoRothEA;NTNU.Curated_CollecTRI;NTNUcuration_CollecTRI2;PAZAR_DoRothEA;ReMap_DoRothEA;SIGNOR_CollecTRI;SIGNOR_CollecTRI2;TFactS_CollecTRI;TRRUST;TRRUST_CollecTRI;TRRUST_CollecTRI2;TRRUST_DoRothEA;TfactS_CollecTRI2	canonical_tf_edge;canonical_tf_role;module_22B_regulon	canonical_tf_edge;canonical_tf_role;module_22B_regulon	canonical_tf_edge;canonical_tf_role;module_22B_regulon	existing_public_pair_union	existing_public_pair_union	canonical_name_or_species_scope_match	16852	3	true		existing_or_canonical	Cross-species inventory collapse only; retain species-specific evidence records separately.; Vertebrate JASPAR/profile scope is not treated as human/mouse evidence.
mef2b	MEF2B;Mef2b	human;mouse;vertebrates	AnimalTFDB3;JASPAR_CORE;Lambert_HumanTFs;OmniPath_DoRothEA;TFLink;TRRUST	DoRothEA;ReMap_DoRothEA;TRRUST				existing_public_pair_union	new_candidate	new_candidate		3	false	mouse;vertebrates	existing_or_canonical	Cross-species inventory collapse only; retain species-specific evidence records separately.; Vertebrate JASPAR/profile scope is not treated as human/mouse evidence.
mef2c	MEF2C;Mef2c	human;mouse;vertebrates	AnimalTFDB3;JASPAR_CORE;Lambert_HumanTFs;OmniPath_DoRothEA;TFLink;TRRUST	ARACNe-GTEx_DoRothEA;CollecTRI;CollecTRI2;DoRothEA;DoRothEA-A_CollecTRI2;ENCODE-proximal;ExTRI2_CollecTRI2;ExTRI_CollecTRI;FANTOM4_DoRothEA;GEREDB_CollecTRI;GEREDB_CollecTRI2;GOA_CollecTRI;GOA_CollecTRI2;HOCOMOCO_DoRothEA;JASPAR_DoRothEA;NTNU.Curated_CollecTRI;NTNUcuration_CollecTRI2;Pavlidis2021_CollecTRI;Pavlidis_CollecTRI2;ReMap_DoRothEA;SIGNOR_CollecTRI;SIGNOR_CollecTRI2;TRRUST;TRRUST_CollecTRI;TRRUST_CollecTRI2;TRRUST_DoRothEA	canonical_tf_edge;canonical_tf_role;module_22B_regulon	canonical_tf_edge;canonical_tf_role;module_22B_regulon	canonical_tf_edge;canonical_tf_role;module_22B_regulon	existing_public_pair_union	existing_public_pair_union	canonical_name_or_species_scope_match	16853	3	true		existing_or_canonical	Cross-species inventory collapse only; retain species-specific evidence records separately.; Vertebrate JASPAR/profile scope is not treated as human/mouse evidence.
mef2d	MEF2D;Mef2d	human;mouse;vertebrates	AnimalTFDB3;JASPAR_CORE;Lambert_HumanTFs;OmniPath_DoRothEA;TFLink;TRRUST	CollecTRI;CollecTRI2;DoRothEA;DoRothEA-A_CollecTRI2;ExTRI2_CollecTRI2;ExTRI_CollecTRI;GOA_CollecTRI;GOA_CollecTRI2;HOCOMOCO_DoRothEA;JASPAR_DoRothEA;TRRUST;TRRUST_CollecTRI;TRRUST_CollecTRI2;TRRUST_DoRothEA	canonical_tf_edge;canonical_tf_role;module_22B_regulon	canonical_tf_edge;canonical_tf_role;module_22B_regulon	canonical_tf_edge;canonical_tf_role;module_22B_regulon	existing_public_pair_union	existing_public_pair_union	canonical_name_or_species_scope_match	16854	3	true		existing_or_canonical	Cross-species inventory collapse only; retain species-specific evidence records separately.; Vertebrate JASPAR/profile scope is not treated as human/mouse evidence.
meis1	MEIS1;Meis1	human;mouse;vertebrates	AnimalTFDB3;JASPAR_CORE;Lambert_HumanTFs;TFLink;TRRUST	TRRUST	canonical_tf_edge;canonical_tf_role;module_22B_regulon	canonical_tf_edge;canonical_tf_role;module_22B_regulon	canonical_tf_edge;canonical_tf_role;module_22B_regulon	existing_public_pair_union	existing_public_pair_union	canonical_name_or_species_scope_match	16769	3	true		existing_or_canonical	Cross-species inventory collapse only; retain species-specific evidence records separately.; Vertebrate JASPAR/profile scope is not treated as human/mouse evidence.
meis2	MEIS2;Meis2	human;mouse;vertebrates	AnimalTFDB3;JASPAR_CORE;Lambert_HumanTFs;OmniPath_DoRothEA;TFLink;TRRUST	ARACNe-GTEx_DoRothEA;DoRothEA;HOCOMOCO_DoRothEA;JASPAR_DoRothEA;ReMap_DoRothEA;TRRUST				existing_public_pair_union	existing_public_pair_union	new_candidate		3	false	vertebrates	existing_or_canonical	Cross-species inventory collapse only; retain species-specific evidence records separately.; Vertebrate JASPAR/profile scope is not treated as human/mouse evidence.
meis3	MEIS3;Meis3	human;mouse;vertebrates	AnimalTFDB3;JASPAR_CORE;Lambert_HumanTFs					new_candidate	new_candidate	new_candidate		3	false	human;mouse;vertebrates	new_candidate	Cross-species inventory collapse only; retain species-specific evidence records separately.; Vertebrate JASPAR/profile scope is not treated as human/mouse evidence.
men1	MEN1;Men1	human;mouse	TFLink;TRRUST	TRRUST				existing_public_pair_union	existing_public_pair_union			2	false		existing_or_canonical	Cross-species inventory collapse only; retain species-specific evidence records separately.
meox1	MEOX1;Meox1	human;mouse;vertebrates	AnimalTFDB3;JASPAR_CORE;Lambert_HumanTFs;TFLink;TRRUST	TRRUST				new_candidate	existing_public_pair_union	new_candidate		3	false	human;vertebrates	existing_or_canonical	Cross-species inventory collapse only; retain species-specific evidence records separately.; Vertebrate JASPAR/profile scope is not treated as human/mouse evidence.
meox2	MEOX2;Meox2	human;mouse;vertebrates	AnimalTFDB3;JASPAR_CORE;Lambert_HumanTFs;TFLink;TRRUST	TRRUST				new_candidate	existing_public_pair_union	new_candidate		3	false	human;vertebrates	existing_or_canonical	Cross-species inventory collapse only; retain species-specific evidence records separately.; Vertebrate JASPAR/profile scope is not treated as human/mouse evidence.
mesp1	MESP1;Mesp1	human;mouse	AnimalTFDB3;Lambert_HumanTFs					new_candidate	new_candidate			2	false	human;mouse	new_candidate	Cross-species inventory collapse only; retain species-specific evidence records separately.
mesp2	MESP2;Mesp2	human;mouse	AnimalTFDB3;Lambert_HumanTFs					new_candidate	new_candidate			2	false	human;mouse	new_candidate	Cross-species inventory collapse only; retain species-specific evidence records separately.
mettl14	METTL14	human	TFLink					new_candidate				1	false	human	new_candidate	
mettl3	METTL3	human	TFLink					new_candidate				1	false	human	new_candidate	
mfsd11	Mfsd11	mouse	TFLink						new_candidate			1	false	mouse	new_candidate	
mga	MGA;Mga	human;mouse;vertebrates	AnimalTFDB3;JASPAR_CORE;Lambert_HumanTFs;TFLink					new_candidate	new_candidate	new_candidate		3	false	human;mouse;vertebrates	new_candidate	Cross-species inventory collapse only; retain species-specific evidence records separately.; Vertebrate JASPAR/profile scope is not treated as human/mouse evidence.
mier1	MIER1;Mier1	human;mouse	AnimalTFDB3;TFLink					new_candidate	new_candidate			2	false	human;mouse	new_candidate	Cross-species inventory collapse only; retain species-specific evidence records separately.
mier2	MIER2;Mier2	human;mouse	AnimalTFDB3;TFLink					new_candidate	new_candidate			2	false	human;mouse	new_candidate	Cross-species inventory collapse only; retain species-specific evidence records separately.
mier3	MIER3;Mier3	human;mouse	AnimalTFDB3;TFLink					new_candidate	new_candidate			2	false	human;mouse	new_candidate	Cross-species inventory collapse only; retain species-specific evidence records separately.
mis18bp1	MIS18BP1;Mis18bp1	human;mouse	AnimalTFDB3					new_candidate	new_candidate			2	false	human;mouse	new_candidate	Cross-species inventory collapse only; retain species-specific evidence records separately.
mitf	MITF;Mitf	human;mouse;vertebrates	AnimalTFDB3;JASPAR_CORE;Lambert_HumanTFs;OmniPath_DoRothEA;TFLink;TRRUST	ARACNe-GTEx_DoRothEA;CollecTRI;CollecTRI2;DoRothEA;DoRothEA-A_CollecTRI;DoRothEA-A_CollecTRI2;ExTRI2_CollecTRI2;ExTRI_CollecTRI;GEREDB_CollecTRI;GEREDB_CollecTRI2;GOA_CollecTRI;GOA_CollecTRI2;HOCOMOCO_DoRothEA;HTRI_CollecTRI;HTRIdb;HTRIdb_CollecTRI2;HTRIdb_DoRothEA;JASPAR_DoRothEA;NTNU.Curated_CollecTRI;NTNUcuration_CollecTRI2;PAZAR;PAZAR_DoRothEA;ReMap_DoRothEA;SIGNOR;SIGNOR_CollecTRI;SIGNOR_CollecTRI2;TFactS_CollecTRI;TFactS_DoRothEA;TRRUST;TRRUST_CollecTRI;TRRUST_CollecTRI2;TRRUST_DoRothEA;TfactS_CollecTRI2	canonical_tf_edge;canonical_tf_role;module_22B_regulon	canonical_tf_edge;canonical_tf_role;module_22B_regulon	canonical_tf_edge;canonical_tf_role;module_22B_regulon	existing_public_pair_union	existing_public_pair_union	canonical_name_or_species_scope_match	16771	3	true		existing_or_canonical	Cross-species inventory collapse only; retain species-specific evidence records separately.; Vertebrate JASPAR/profile scope is not treated as human/mouse evidence.
mix-a	mix-a	vertebrates	JASPAR_CORE							new_candidate		1	false	vertebrates	new_candidate	Vertebrate JASPAR/profile scope is not treated as human/mouse evidence.
mixl1	MIXL1;Mixl1	human;mouse;vertebrates	AnimalTFDB3;JASPAR_CORE;Lambert_HumanTFs;TFLink;TRRUST	TRRUST	canonical_tf_edge;canonical_tf_role;module_22B_regulon	canonical_tf_edge;canonical_tf_role;module_22B_regulon	canonical_tf_edge;canonical_tf_role;module_22B_regulon	canonical_name_or_species_scope_match	existing_public_pair_union	canonical_name_or_species_scope_match	16963	3	true		existing_or_canonical	Cross-species inventory collapse only; retain species-specific evidence records separately.; Vertebrate JASPAR/profile scope is not treated as human/mouse evidence.
mkl1	MKL1;Mkl1	human;mouse	TRRUST	TRRUST	canonical_tf_edge;canonical_tf_role;module_22B_regulon	canonical_tf_edge;canonical_tf_role;module_22B_regulon		existing_public_pair_union	existing_public_pair_union		16855	2	true		existing_or_canonical	Cross-species inventory collapse only; retain species-specific evidence records separately.
mkrn2	Mkrn2	mouse	AnimalTFDB3						new_candidate			1	false	mouse	new_candidate	
mkx	MKX;Mkx	human;mouse;vertebrates	AnimalTFDB3;JASPAR_CORE;Lambert_HumanTFs;TFLink;TRRUST	TRRUST				new_candidate	existing_public_pair_union	new_candidate		3	false	human;vertebrates	existing_or_canonical	Cross-species inventory collapse only; retain species-specific evidence records separately.; Vertebrate JASPAR/profile scope is not treated as human/mouse evidence.
mll2	MLL2	human	TRRUST	TRRUST				existing_public_pair_union				1	false		existing_or_canonical	
mll3	MLL3	human	TRRUST	TRRUST				existing_public_pair_union				1	false		existing_or_canonical	
mll4	MLL4	human	TRRUST	TRRUST				existing_public_pair_union				1	false		existing_or_canonical	
mllt1	MLLT1	human	TFLink					new_candidate				1	false	human	new_candidate	
mllt10	MLLT10;Mllt10	human;mouse	AnimalTFDB3;TFLink;TRRUST	TRRUST				existing_public_pair_union	new_candidate			2	false	mouse	existing_or_canonical	Cross-species inventory collapse only; retain species-specific evidence records separately.
mllt3	MLLT3;Mllt3	human;mouse	TFLink;TRRUST	TRRUST				existing_public_pair_union	existing_public_pair_union			2	false		existing_or_canonical	Cross-species inventory collapse only; retain species-specific evidence records separately.
mlx	MLX;Mlx	human;mouse;vertebrates	AnimalTFDB3;JASPAR_CORE;Lambert_HumanTFs;TFLink;TRRUST	TRRUST				existing_public_pair_union	new_candidate	new_candidate		3	false	mouse;vertebrates	existing_or_canonical	Cross-species inventory collapse only; retain species-specific evidence records separately.; Vertebrate JASPAR/profile scope is not treated as human/mouse evidence.
mlxip	MLXIP;Mlxip	human;mouse;vertebrates	AnimalTFDB3;JASPAR_CORE;Lambert_HumanTFs;TFLink					new_candidate	new_candidate	new_candidate		3	false	human;mouse;vertebrates	new_candidate	Cross-species inventory collapse only; retain species-specific evidence records separately.; Vertebrate JASPAR/profile scope is not treated as human/mouse evidence.
mlxipl	MLXIPL;Mlxipl	human;mouse;vertebrates	AnimalTFDB3;JASPAR_CORE;Lambert_HumanTFs;TFLink;TRRUST	TRRUST				existing_public_pair_union	existing_public_pair_union	new_candidate		3	false	vertebrates	existing_or_canonical	Cross-species inventory collapse only; retain species-specific evidence records separately.; Vertebrate JASPAR/profile scope is not treated as human/mouse evidence.
mmp9	Mmp9	mouse	TFLink;TRRUST	TRRUST					existing_public_pair_union			1	false		existing_or_canonical	
mnt	MNT;Mnt	human;mouse;vertebrates	AnimalTFDB3;JASPAR_CORE;Lambert_HumanTFs;OmniPath_DoRothEA;TFLink;TRRUST	ARACNe-GTEx_DoRothEA;DoRothEA;JASPAR_DoRothEA;ReMap_DoRothEA;TRRUST				existing_public_pair_union	existing_public_pair_union	new_candidate		3	false	vertebrates	existing_or_canonical	Cross-species inventory collapse only; retain species-specific evidence records separately.; Vertebrate JASPAR/profile scope is not treated as human/mouse evidence.
mnx1	MNX1;Mnx1	human;mouse;vertebrates	AnimalTFDB3;JASPAR_CORE;Lambert_HumanTFs;TFLink					new_candidate	new_candidate	new_candidate		3	false	human;mouse;vertebrates	new_candidate	Cross-species inventory collapse only; retain species-specific evidence records separately.; Vertebrate JASPAR/profile scope is not treated as human/mouse evidence.
morc2	MORC2	human	TFLink					new_candidate				1	false	human	new_candidate	
morc3	Morc3	mouse	TFLink						new_candidate			1	false	mouse	new_candidate	
mphosph8	MPHOSPH8	human	TFLink					new_candidate				1	false	human	new_candidate	
mpnd	Mpnd	mouse	TFLink						new_candidate			1	false	mouse	new_candidate	
mrpl36	MRPL36	human	TFLink					new_candidate				1	false	human	new_candidate	
mrtfa	MRTFA;Mrtfa	human;mouse	TFLink					new_candidate	new_candidate			2	false	human;mouse	new_candidate	Cross-species inventory collapse only; retain species-specific evidence records separately.
msantd1	MSANTD1	human;vertebrates	JASPAR_CORE;Lambert_HumanTFs					new_candidate		new_candidate		2	false	human;vertebrates	new_candidate	Cross-species inventory collapse only; retain species-specific evidence records separately.; Vertebrate JASPAR/profile scope is not treated as human/mouse evidence.
msantd3	MSANTD3	human;vertebrates	JASPAR_CORE;Lambert_HumanTFs					new_candidate		new_candidate		2	false	human;vertebrates	new_candidate	Cross-species inventory collapse only; retain species-specific evidence records separately.; Vertebrate JASPAR/profile scope is not treated as human/mouse evidence.
msantd4	MSANTD4	human;vertebrates	JASPAR_CORE;Lambert_HumanTFs					new_candidate		new_candidate		2	false	human;vertebrates	new_candidate	Cross-species inventory collapse only; retain species-specific evidence records separately.; Vertebrate JASPAR/profile scope is not treated as human/mouse evidence.
msc	MSC;Msc	human;mouse;vertebrates	AnimalTFDB3;JASPAR_CORE;Lambert_HumanTFs;OmniPath_DoRothEA;TFLink;TRRUST	ARACNe-GTEx_DoRothEA;CollecTRI;CollecTRI2;DoRothEA;DoRothEA-A_CollecTRI2;JASPAR_DoRothEA;TRRUST;TRRUST_CollecTRI;TRRUST_CollecTRI2;TRRUST_DoRothEA				existing_public_pair_union	existing_public_pair_union	new_candidate		3	false	vertebrates	existing_or_canonical	Cross-species inventory collapse only; retain species-specific evidence records separately.; Vertebrate JASPAR/profile scope is not treated as human/mouse evidence.
msgn1	MSGN1;Msgn1	human;mouse;vertebrates	AnimalTFDB3;JASPAR_CORE;Lambert_HumanTFs;TFLink					new_candidate	new_candidate	new_candidate		3	false	human;mouse;vertebrates	new_candidate	Cross-species inventory collapse only; retain species-specific evidence records separately.; Vertebrate JASPAR/profile scope is not treated as human/mouse evidence.
msl1	Msl1	mouse	TFLink						new_candidate			1	false	mouse	new_candidate	
msl2	Msl2	mouse	TFLink						new_candidate			1	false	mouse	new_candidate	
msx1	MSX1;Msx1	human;mouse;vertebrates	AnimalTFDB3;JASPAR_CORE;Lambert_HumanTFs;TFLink;TRRUST	TRRUST	canonical_tf_edge;canonical_tf_role;module_22B_regulon	canonical_tf_edge;canonical_tf_role;module_22B_regulon	canonical_tf_edge;canonical_tf_role;module_22B_regulon	existing_public_pair_union	existing_public_pair_union	canonical_name_or_species_scope_match	16964	3	true		existing_or_canonical	Cross-species inventory collapse only; retain species-specific evidence records separately.; Vertebrate JASPAR/profile scope is not treated as human/mouse evidence.
msx2	MSX2;Msx2	human;mouse;vertebrates	AnimalTFDB3;JASPAR_CORE;Lambert_HumanTFs;TFLink;TRRUST	TRRUST	canonical_tf_edge;canonical_tf_role;module_22B_regulon	canonical_tf_edge;canonical_tf_role;module_22B_regulon	canonical_tf_edge;canonical_tf_role;module_22B_regulon	existing_public_pair_union	existing_public_pair_union	canonical_name_or_species_scope_match	16965	3	true		existing_or_canonical	Cross-species inventory collapse only; retain species-specific evidence records separately.; Vertebrate JASPAR/profile scope is not treated as human/mouse evidence.
msx3	Msx3	mouse;vertebrates	AnimalTFDB3;JASPAR_CORE						new_candidate	new_candidate		2	false	mouse;vertebrates	new_candidate	Cross-species inventory collapse only; retain species-specific evidence records separately.; Vertebrate JASPAR/profile scope is not treated as human/mouse evidence.
mta1	MTA1;Mta1	human;mouse	AnimalTFDB3;TFLink;TRRUST	TRRUST				existing_public_pair_union	existing_public_pair_union			2	false		existing_or_canonical	Cross-species inventory collapse only; retain species-specific evidence records separately.
mta2	MTA2;Mta2	human;mouse	AnimalTFDB3;TFLink;TRRUST	TRRUST				existing_public_pair_union	existing_public_pair_union			2	false		existing_or_canonical	Cross-species inventory collapse only; retain species-specific evidence records separately.
mta3	MTA3;Mta3	human;mouse	AnimalTFDB3;TFLink;TRRUST	TRRUST				existing_public_pair_union	new_candidate			2	false	mouse	existing_or_canonical	Cross-species inventory collapse only; retain species-specific evidence records separately.
mterf1	MTERF1	human	Lambert_HumanTFs					new_candidate				1	false	human	new_candidate	
mterf2	MTERF2	human	Lambert_HumanTFs					new_candidate				1	false	human	new_candidate	
mterf3	MTERF3	human	Lambert_HumanTFs					new_candidate				1	false	human	new_candidate	
mterf4	MTERF4	human	Lambert_HumanTFs					new_candidate				1	false	human	new_candidate	
mtf1	MTF1;Mtf1	human;mouse;vertebrates	AnimalTFDB3;JASPAR_CORE;Lambert_HumanTFs;TFLink;TRRUST	TRRUST	canonical_tf_edge;canonical_tf_role;module_22B_regulon	canonical_tf_edge;canonical_tf_role;module_22B_regulon	canonical_tf_edge;canonical_tf_role;module_22B_regulon	existing_public_pair_union	existing_public_pair_union	canonical_name_or_species_scope_match	16966	3	true		existing_or_canonical	Cross-species inventory collapse only; retain species-specific evidence records separately.; Vertebrate JASPAR/profile scope is not treated as human/mouse evidence.
mtf2	MTF2;Mtf2	human;mouse	Lambert_HumanTFs;TFLink;TRRUST	TRRUST				new_candidate	existing_public_pair_union			2	false	human	existing_or_canonical	Cross-species inventory collapse only; retain species-specific evidence records separately.
mthfd1	MTHFD1	human	TFLink					new_candidate				1	false	human	new_candidate	
mtor	MTOR	human	TFLink					new_candidate				1	false	human	new_candidate	
muc22	MUC22	human	TFLink					new_candidate				1	false	human	new_candidate	
mxd1	MXD1;Mxd1	human;mouse	AnimalTFDB3;Lambert_HumanTFs;OmniPath_DoRothEA;TFLink;TRRUST	CollecTRI;CollecTRI2;DoRothEA;DoRothEA-A_CollecTRI;DoRothEA-A_CollecTRI2;ExTRI2_CollecTRI2;ExTRI_CollecTRI;HTRI_CollecTRI;HTRIdb;HTRIdb_CollecTRI2;HTRIdb_DoRothEA;TRRUST;TRRUST_CollecTRI;TRRUST_CollecTRI2;TRRUST_DoRothEA				existing_public_pair_union	existing_public_pair_union			2	false		existing_or_canonical	Cross-species inventory collapse only; retain species-specific evidence records separately.
mxd3	MXD3;Mxd3	human;mouse	AnimalTFDB3;Lambert_HumanTFs;TFLink					new_candidate	new_candidate			2	false	human;mouse	new_candidate	Cross-species inventory collapse only; retain species-specific evidence records separately.
mxd4	MXD4;Mxd4	human;mouse	AnimalTFDB3;Lambert_HumanTFs;OmniPath_DoRothEA;TFLink;TRRUST	CollecTRI;CollecTRI2;DoRothEA;DoRothEA-A_CollecTRI;DoRothEA-A_CollecTRI2;HTRI_CollecTRI;HTRIdb;HTRIdb_CollecTRI2;HTRIdb_DoRothEA;TRRUST;TRRUST_CollecTRI;TRRUST_CollecTRI2;TRRUST_DoRothEA				existing_public_pair_union	new_candidate			2	false	mouse	existing_or_canonical	Cross-species inventory collapse only; retain species-specific evidence records separately.
mxi1	MXI1;Mxi1	human;mouse;vertebrates	AnimalTFDB3;JASPAR_CORE;Lambert_HumanTFs;OmniPath_DoRothEA;TFLink;TRRUST	ARACNe-GTEx_DoRothEA;DoRothEA;HOCOMOCO_DoRothEA;JASPAR_DoRothEA;ReMap_DoRothEA;TRRUST	canonical_tf_edge;canonical_tf_role;module_22B_regulon	canonical_tf_edge;canonical_tf_role;module_22B_regulon	canonical_tf_edge;canonical_tf_role;module_22B_regulon	existing_public_pair_union	existing_public_pair_union	canonical_name_or_species_scope_match	16967	3	true		existing_or_canonical	Cross-species inventory collapse only; retain species-specific evidence records separately.; Vertebrate JASPAR/profile scope is not treated as human/mouse evidence.
myb	MYB;Myb	human;mouse;vertebrates	AnimalTFDB3;JASPAR_CORE;Lambert_HumanTFs;OmniPath_DoRothEA;TFLink;TRRUST	ARACNe-GTEx_DoRothEA;CollecTRI;CollecTRI2;DoRothEA;DoRothEA-A_CollecTRI;DoRothEA-A_CollecTRI2;ExTRI2_CollecTRI2;ExTRI_CollecTRI;FANTOM4_DoRothEA;GEREDB_CollecTRI;GEREDB_CollecTRI2;GOA_CollecTRI;GOA_CollecTRI2;HOCOMOCO_DoRothEA;HTRI_CollecTRI;HTRIdb;HTRIdb_CollecTRI2;HTRIdb_DoRothEA;IntAct_DoRothEA;JASPAR_DoRothEA;NTNU.Curated_CollecTRI;NTNUcuration_CollecTRI2;ORegAnno;ORegAnno_DoRothEA;Pavlidis2021_CollecTRI;Pavlidis_CollecTRI2;ReMap_DoRothEA;RegNetwork_DoRothEA;SIGNOR;SIGNOR_CollecTRI;SIGNOR_CollecTRI2;TFactS_CollecTRI;TFactS_DoRothEA;TRED_DoRothEA;TRRUST;TRRUST_CollecTRI;TRRUST_CollecTRI2;TRRUST_DoRothEA;TfactS_CollecTRI2	canonical_tf_edge;canonical_tf_role;module_22B_regulon	canonical_tf_edge;canonical_tf_role;module_22B_regulon	canonical_tf_edge;canonical_tf_role;module_22B_regulon	existing_public_pair_union	existing_public_pair_union	canonical_name_or_species_scope_match	16856	3	true		existing_or_canonical	Cross-species inventory collapse only; retain species-specific evidence records separately.; Vertebrate JASPAR/profile scope is not treated as human/mouse evidence.
mybbp1a	MYBBP1A;Mybbp1a	human;mouse	TFLink;TRRUST	TRRUST				existing_public_pair_union	existing_public_pair_union			2	false		existing_or_canonical	Cross-species inventory collapse only; retain species-specific evidence records separately.
mybl1	MYBL1;Mybl1	human;mouse;vertebrates	AnimalTFDB3;JASPAR_CORE;Lambert_HumanTFs;OmniPath_DoRothEA;TFLink;TRRUST	CollecTRI;CollecTRI2;DoRothEA;DoRothEA-A_CollecTRI2;ExTRI2_CollecTRI2;ExTRI_CollecTRI;NTNU.Curated_CollecTRI;NTNUcuration_CollecTRI2;RegNetwork_DoRothEA;TRED_DoRothEA;TRRUST;TRRUST_CollecTRI;TRRUST_CollecTRI2;TRRUST_DoRothEA;TfactS_CollecTRI2				existing_public_pair_union	existing_public_pair_union	new_candidate		3	false	vertebrates	existing_or_canonical	Cross-species inventory collapse only; retain species-specific evidence records separately.; Vertebrate JASPAR/profile scope is not treated as human/mouse evidence.
mybl2	MYBL2;Mybl2	human;mouse;vertebrates	AnimalTFDB3;JASPAR_CORE;Lambert_HumanTFs;OmniPath_DoRothEA;TFLink;TRRUST	CollecTRI;CollecTRI2;DoRothEA;DoRothEA-A_CollecTRI;DoRothEA-A_CollecTRI2;ExTRI2_CollecTRI2;ExTRI_CollecTRI;FANTOM4_DoRothEA;GEREDB_CollecTRI;GEREDB_CollecTRI2;HTRI_CollecTRI;HTRIdb;HTRIdb_CollecTRI2;HTRIdb_DoRothEA;RegNetwork_DoRothEA;TRED_DoRothEA;TRRUST;TRRUST_CollecTRI;TRRUST_CollecTRI2;TRRUST_DoRothEA;TfactS_CollecTRI2				existing_public_pair_union	existing_public_pair_union	new_candidate		3	false	vertebrates	existing_or_canonical	Cross-species inventory collapse only; retain species-specific evidence records separately.; Vertebrate JASPAR/profile scope is not treated as human/mouse evidence.
myc	MYC;Myc	human;mouse;vertebrates	AnimalTFDB3;JASPAR_CORE;Lambert_HumanTFs;OmniPath_DoRothEA;TFLink;TRRUST	ARACNe-GTEx_DoRothEA;CollecTRI;CollecTRI2;DoRothEA;DoRothEA-A_CollecTRI;DoRothEA-A_CollecTRI2;DoRothEA-reviews_DoRothEA;ENCODE-distal;ENCODE-proximal;ExTRI2_CollecTRI2;ExTRI_CollecTRI;FANTOM4_DoRothEA;GEREDB_CollecTRI;GEREDB_CollecTRI2;GOA_CollecTRI;GOA_CollecTRI2;HOCOMOCO_DoRothEA;HTRI_CollecTRI;HTRIdb;HTRIdb_CollecTRI2;HTRIdb_DoRothEA;IntAct_CollecTRI;IntAct_CollecTRI2;IntAct_DoRothEA;JASPAR_DoRothEA;KEGG-MEDICUS;NTNU.Curated_CollecTRI;NTNUcuration_CollecTRI2;ORegAnno_DoRothEA;PAZAR_DoRothEA;Pavlidis2021_CollecTRI;Pavlidis_CollecTRI2;ReMap_DoRothEA;RegNetwork_DoRothEA;SIGNOR;SIGNOR_CollecTRI;SIGNOR_CollecTRI2;TFactS_CollecTRI;TFactS_DoRothEA;TRED_DoRothEA;TRRUST;TRRUST_CollecTRI;TRRUST_CollecTRI2;TRRUST_DoRothEA;TfactS_CollecTRI2	canonical_tf_edge;canonical_tf_role;module_22B_regulon	canonical_tf_edge;canonical_tf_role;module_22B_regulon	canonical_tf_edge;canonical_tf_role;module_22B_regulon	existing_public_pair_union	existing_public_pair_union	canonical_name_or_species_scope_match	12727	3	true		existing_or_canonical	Cross-species inventory collapse only; retain species-specific evidence records separately.; Vertebrate JASPAR/profile scope is not treated as human/mouse evidence.
mycl	MYCL;Mycl	human;mouse	AnimalTFDB3;Lambert_HumanTFs					new_candidate	new_candidate			2	false	human;mouse	new_candidate	Cross-species inventory collapse only; retain species-specific evidence records separately.
mycn	MYCN;Mycn	human;mouse;vertebrates	AnimalTFDB3;JASPAR_CORE;Lambert_HumanTFs;OmniPath_DoRothEA;TFLink;TRRUST	ARACNe-GTEx_DoRothEA;CollecTRI;CollecTRI2;DoRothEA;DoRothEA-A_CollecTRI;DoRothEA-A_CollecTRI2;ExTRI2_CollecTRI2;ExTRI_CollecTRI;GEREDB_CollecTRI;GEREDB_CollecTRI2;HOCOMOCO_DoRothEA;HTRI_CollecTRI;HTRIdb;HTRIdb_CollecTRI2;HTRIdb_DoRothEA;IntAct_DoRothEA;NTNU.Curated_CollecTRI;NTNUcuration_CollecTRI2;ReMap_DoRothEA;SIGNOR_CollecTRI;SIGNOR_CollecTRI2;TRRUST;TRRUST_CollecTRI;TRRUST_CollecTRI2;TRRUST_DoRothEA				existing_public_pair_union	existing_public_pair_union	new_candidate		3	false	vertebrates	existing_or_canonical	Cross-species inventory collapse only; retain species-specific evidence records separately.; Vertebrate JASPAR/profile scope is not treated as human/mouse evidence.
mycs	Mycs	mouse	AnimalTFDB3						new_candidate			1	false	mouse	new_candidate	
myef2	MYEF2;Myef2	human;mouse	AnimalTFDB3;TFLink;TRRUST	TRRUST				new_candidate	existing_public_pair_union			2	false	human	existing_or_canonical	Cross-species inventory collapse only; retain species-specific evidence records separately.
myf5	MYF5;Myf5	human;mouse;vertebrates	AnimalTFDB3;JASPAR_CORE;Lambert_HumanTFs;TFLink;TRRUST	TRRUST				new_candidate	existing_public_pair_union	new_candidate		3	false	human;vertebrates	existing_or_canonical	Cross-species inventory collapse only; retain species-specific evidence records separately.; Vertebrate JASPAR/profile scope is not treated as human/mouse evidence.
myf6	MYF6;Myf6	human;mouse;vertebrates	AnimalTFDB3;JASPAR_CORE;Lambert_HumanTFs;OmniPath_DoRothEA;TFLink;TRRUST	CollecTRI;CollecTRI2;DoRothEA;DoRothEA-A_CollecTRI;DoRothEA-A_CollecTRI2;ExTRI2_CollecTRI2;ExTRI_CollecTRI;GEREDB_CollecTRI;GEREDB_CollecTRI2;HTRI_CollecTRI;HTRIdb;HTRIdb_CollecTRI2;HTRIdb_DoRothEA;TRRUST;TRRUST_CollecTRI;TRRUST_CollecTRI2;TRRUST_DoRothEA				existing_public_pair_union	existing_public_pair_union	new_candidate		3	false	vertebrates	existing_or_canonical	Cross-species inventory collapse only; retain species-specific evidence records separately.; Vertebrate JASPAR/profile scope is not treated as human/mouse evidence.
myh11	MYH11	human	TFLink					new_candidate				1	false	human	new_candidate	
mynn	MYNN;Mynn	human;mouse	AnimalTFDB3;Lambert_HumanTFs;TFLink					new_candidate	new_candidate			2	false	human;mouse	new_candidate	Cross-species inventory collapse only; retain species-specific evidence records separately.
myo1c	Myo1c	mouse	TFLink						new_candidate			1	false	mouse	new_candidate	
myocd	MYOCD;Myocd	human;mouse	TFLink;TRRUST	TRRUST				existing_public_pair_union	existing_public_pair_union			2	false		existing_or_canonical	Cross-species inventory collapse only; retain species-specific evidence records separately.
myod1	MYOD1;Myod1	human;mouse;vertebrates	AnimalTFDB3;JASPAR_CORE;Lambert_HumanTFs;OmniPath_DoRothEA;TFLink;TRRUST	CollecTRI;CollecTRI2;DoRothEA;DoRothEA-A_CollecTRI;DoRothEA-A_CollecTRI2;ExTRI2_CollecTRI2;ExTRI_CollecTRI;GEREDB_CollecTRI;GEREDB_CollecTRI2;GOA_CollecTRI2;HTRI_CollecTRI;HTRIdb;HTRIdb_CollecTRI2;HTRIdb_DoRothEA;ORegAnno_DoRothEA;PAZAR;PAZAR_DoRothEA;TRRUST;TRRUST_CollecTRI;TRRUST_CollecTRI2;TRRUST_DoRothEA;TfactS_CollecTRI2				existing_public_pair_union	existing_public_pair_union	new_candidate		3	false	vertebrates	existing_or_canonical	Cross-species inventory collapse only; retain species-specific evidence records separately.; Vertebrate JASPAR/profile scope is not treated as human/mouse evidence.
myog	MYOG;Myog	human;mouse;vertebrates	AnimalTFDB3;JASPAR_CORE;Lambert_HumanTFs;OmniPath_DoRothEA;TFLink;TRRUST	CollecTRI;CollecTRI2;DoRothEA;DoRothEA-A_CollecTRI;DoRothEA-A_CollecTRI2;ExTRI2_CollecTRI2;GOA_CollecTRI2;HTRI_CollecTRI;HTRIdb;HTRIdb_CollecTRI2;HTRIdb_DoRothEA;TRRUST;TRRUST_CollecTRI;TRRUST_CollecTRI2;TRRUST_DoRothEA				existing_public_pair_union	existing_public_pair_union	new_candidate		3	false	vertebrates	existing_or_canonical	Cross-species inventory collapse only; retain species-specific evidence records separately.; Vertebrate JASPAR/profile scope is not treated as human/mouse evidence.
mypop	MYPOP	human;vertebrates	JASPAR_CORE;Lambert_HumanTFs					new_candidate		new_candidate		2	false	human;vertebrates	new_candidate	Cross-species inventory collapse only; retain species-specific evidence records separately.; Vertebrate JASPAR/profile scope is not treated as human/mouse evidence.
myrf	MYRF;Myrf	human;mouse	AnimalTFDB3;Lambert_HumanTFs;TFLink					new_candidate	new_candidate			2	false	human;mouse	new_candidate	Cross-species inventory collapse only; retain species-specific evidence records separately.
myrfl	MYRFL;Myrfl	human;mouse	AnimalTFDB3;Lambert_HumanTFs					new_candidate	new_candidate			2	false	human;mouse	new_candidate	Cross-species inventory collapse only; retain species-specific evidence records separately.
mysm1	MYSM1;Mysm1	human;mouse	AnimalTFDB3;Lambert_HumanTFs					new_candidate	new_candidate			2	false	human;mouse	new_candidate	Cross-species inventory collapse only; retain species-specific evidence records separately.
myt1	MYT1;Myt1	human;mouse;vertebrates	AnimalTFDB3;JASPAR_CORE;Lambert_HumanTFs;TFLink					new_candidate	new_candidate	new_candidate		3	false	human;mouse;vertebrates	new_candidate	Cross-species inventory collapse only; retain species-specific evidence records separately.; Vertebrate JASPAR/profile scope is not treated as human/mouse evidence.
myt1l	MYT1L;Myt1l	human;mouse;vertebrates	AnimalTFDB3;JASPAR_CORE;Lambert_HumanTFs;TFLink					new_candidate	new_candidate	new_candidate		3	false	human;mouse;vertebrates	new_candidate	Cross-species inventory collapse only; retain species-specific evidence records separately.; Vertebrate JASPAR/profile scope is not treated as human/mouse evidence.
mzf1	MZF1;Mzf1	human;mouse;vertebrates	AnimalTFDB3;JASPAR_CORE;Lambert_HumanTFs;OmniPath_DoRothEA;TFLink;TRRUST	CollecTRI;CollecTRI2;DoRothEA;DoRothEA-A_CollecTRI;DoRothEA-A_CollecTRI2;ExTRI2_CollecTRI2;ExTRI_CollecTRI;FANTOM4_DoRothEA;GEREDB_CollecTRI;GEREDB_CollecTRI2;HTRI_CollecTRI;HTRIdb;HTRIdb_CollecTRI2;HTRIdb_DoRothEA;NTNU.Curated_CollecTRI;NTNUcuration_CollecTRI2;PAZAR;PAZAR_DoRothEA;TRRUST;TRRUST_CollecTRI;TRRUST_CollecTRI2;TRRUST_DoRothEA;TfactS_CollecTRI2				existing_public_pair_union	existing_public_pair_union	new_candidate		3	false	vertebrates	existing_or_canonical	Cross-species inventory collapse only; retain species-specific evidence records separately.; Vertebrate JASPAR/profile scope is not treated as human/mouse evidence.
na	Na	mouse	TFLink						new_candidate			1	false	mouse	new_candidate	
naa10	Naa10	mouse	TFLink						new_candidate			1	false	mouse	new_candidate	
nab1	NAB1;Nab1	human;mouse	TFLink;TRRUST	TRRUST				existing_public_pair_union	existing_public_pair_union			2	false		existing_or_canonical	Cross-species inventory collapse only; retain species-specific evidence records separately.
nab2	NAB2;Nab2	human;mouse	TFLink;TRRUST	TRRUST				existing_public_pair_union	existing_public_pair_union			2	false		existing_or_canonical	Cross-species inventory collapse only; retain species-specific evidence records separately.
nacc1	Nacc1	mouse	TFLink						new_candidate			1	false	mouse	new_candidate	
nacc2	NACC2	human;vertebrates	JASPAR_CORE;Lambert_HumanTFs					new_candidate		new_candidate		2	false	human;vertebrates	new_candidate	Cross-species inventory collapse only; retain species-specific evidence records separately.; Vertebrate JASPAR/profile scope is not treated as human/mouse evidence.
naif1	NAIF1	human	Lambert_HumanTFs					new_candidate				1	false	human	new_candidate	
nanog	NANOG;Nanog	human;mouse;vertebrates	AnimalTFDB3;JASPAR_CORE;Lambert_HumanTFs;OmniPath_DoRothEA;TFLink;TRRUST	CollecTRI;CollecTRI2;DoRothEA;DoRothEA-A_CollecTRI;DoRothEA-A_CollecTRI2;ENCODE-proximal;ExTRI2_CollecTRI2;ExTRI_CollecTRI;GEREDB_CollecTRI;GEREDB_CollecTRI2;HOCOMOCO_DoRothEA;HTRI_CollecTRI;HTRIdb;HTRIdb_CollecTRI2;HTRIdb_DoRothEA;NTNU.Curated_CollecTRI;NTNUcuration_CollecTRI2;ReMap_DoRothEA;SIGNOR_CollecTRI;SIGNOR_CollecTRI2;TFactS_CollecTRI;TFactS_DoRothEA;TRRUST;TRRUST_CollecTRI;TRRUST_CollecTRI2;TRRUST_DoRothEA;TfactS_CollecTRI2				existing_public_pair_union	existing_public_pair_union	new_candidate		3	false	vertebrates	existing_or_canonical	Cross-species inventory collapse only; retain species-specific evidence records separately.; Vertebrate JASPAR/profile scope is not treated as human/mouse evidence.
nanognb	NANOGNB	human	AnimalTFDB3;Lambert_HumanTFs					new_candidate				1	false	human	new_candidate	
nanogp8	NANOGP8	human	AnimalTFDB3;Lambert_HumanTFs					new_candidate				1	false	human	new_candidate	
nbn	NBN;Nbn	human;mouse	TFLink					new_candidate	new_candidate			2	false	human;mouse	new_candidate	Cross-species inventory collapse only; retain species-specific evidence records separately.
ncapd3	Ncapd3	mouse	TFLink						new_candidate			1	false	mouse	new_candidate	
ncaph2	NCAPH2;Ncaph2	human;mouse	TFLink					new_candidate	new_candidate			2	false	human;mouse	new_candidate	Cross-species inventory collapse only; retain species-specific evidence records separately.
ncoa1	NCOA1;Ncoa1	human;mouse	AnimalTFDB3;Lambert_HumanTFs;TFLink;TRRUST	TRRUST				existing_public_pair_union	existing_public_pair_union			2	false		existing_or_canonical	Cross-species inventory collapse only; retain species-specific evidence records separately.
ncoa2	NCOA2;Ncoa2	human;mouse	Lambert_HumanTFs;TFLink;TRRUST	TRRUST				existing_public_pair_union	existing_public_pair_union			2	false		existing_or_canonical	Cross-species inventory collapse only; retain species-specific evidence records separately.
ncoa3	NCOA3;Ncoa3	human;mouse	Lambert_HumanTFs;OmniPath_DoRothEA;TFLink;TRRUST	CollecTRI;CollecTRI2;DoRothEA;DoRothEA-A_CollecTRI2;ExTRI2_CollecTRI2;TRRUST;TRRUST_CollecTRI;TRRUST_CollecTRI2;TRRUST_DoRothEA				existing_public_pair_union	existing_public_pair_union			2	false		existing_or_canonical	Cross-species inventory collapse only; retain species-specific evidence records separately.
ncoa4	NCOA4;Ncoa4	human;mouse	TFLink;TRRUST	TRRUST				existing_public_pair_union	existing_public_pair_union			2	false		existing_or_canonical	Cross-species inventory collapse only; retain species-specific evidence records separately.
ncoa5	Ncoa5	mouse	TFLink;TRRUST	TRRUST					existing_public_pair_union			1	false		existing_or_canonical	
ncoa6	NCOA6;Ncoa6	human;mouse	TFLink;TRRUST	TRRUST				existing_public_pair_union	existing_public_pair_union			2	false		existing_or_canonical	Cross-species inventory collapse only; retain species-specific evidence records separately.
ncor1	NCOR1;Ncor1	human;mouse	AnimalTFDB3;TFLink;TRRUST	TRRUST				existing_public_pair_union	existing_public_pair_union			2	false		existing_or_canonical	Cross-species inventory collapse only; retain species-specific evidence records separately.
ncor2	NCOR2;Ncor2	human;mouse	AnimalTFDB3;TFLink;TRRUST	TRRUST				existing_public_pair_union	existing_public_pair_union			2	false		existing_or_canonical	Cross-species inventory collapse only; retain species-specific evidence records separately.
ndn	Ndn	mouse	TFLink;TRRUST	TRRUST					existing_public_pair_union			1	false		existing_or_canonical	
ndufs2	Ndufs2	mouse	TFLink						new_candidate			1	false	mouse	new_candidate	
neat1	NEAT1	human	TRRUST	TRRUST				existing_public_pair_union				1	false		existing_or_canonical	
nelfa	NELFA;Nelfa	human;mouse	TFLink					new_candidate	new_candidate			2	false	human;mouse	new_candidate	Cross-species inventory collapse only; retain species-specific evidence records separately.
nelfb	NELFB;Nelfb	human;mouse	TFLink;TRRUST	TRRUST				existing_public_pair_union	new_candidate			2	false	mouse	existing_or_canonical	Cross-species inventory collapse only; retain species-specific evidence records separately.
nelfcd	NELFCD	human	TFLink;TRRUST	TRRUST				existing_public_pair_union				1	false		existing_or_canonical	
nelfe	NELFE;Nelfe	human;mouse	TFLink					new_candidate	new_candidate			2	false	human;mouse	new_candidate	Cross-species inventory collapse only; retain species-specific evidence records separately.
neo1	Neo1	mouse	TFLink						new_candidate			1	false	mouse	new_candidate	
neurod1	NEUROD1;Neurod1	human;mouse;vertebrates	AnimalTFDB3;JASPAR_CORE;Lambert_HumanTFs;OmniPath_DoRothEA;TFLink;TRRUST	ARACNe-GTEx_DoRothEA;CollecTRI;CollecTRI2;DoRothEA;DoRothEA-A_CollecTRI2;ExTRI2_CollecTRI2;ExTRI_CollecTRI;HOCOMOCO_DoRothEA;JASPAR_DoRothEA;NTNU.Curated_CollecTRI;NTNUcuration_CollecTRI2;Pavlidis2021_CollecTRI;Pavlidis_CollecTRI2;ReMap_DoRothEA;TRRUST;TRRUST_CollecTRI;TRRUST_CollecTRI2;TRRUST_DoRothEA				existing_public_pair_union	existing_public_pair_union	new_candidate		3	false	vertebrates	existing_or_canonical	Cross-species inventory collapse only; retain species-specific evidence records separately.; Vertebrate JASPAR/profile scope is not treated as human/mouse evidence.
neurod2	NEUROD2;Neurod2	human;mouse;vertebrates	AnimalTFDB3;JASPAR_CORE;Lambert_HumanTFs;TFLink					new_candidate	new_candidate	new_candidate		3	false	human;mouse;vertebrates	new_candidate	Cross-species inventory collapse only; retain species-specific evidence records separately.; Vertebrate JASPAR/profile scope is not treated as human/mouse evidence.
neurod4	NEUROD4;Neurod4	human;mouse	AnimalTFDB3;Lambert_HumanTFs					new_candidate	new_candidate			2	false	human;mouse	new_candidate	Cross-species inventory collapse only; retain species-specific evidence records separately.
neurod6	NEUROD6;Neurod6	human;mouse	AnimalTFDB3;Lambert_HumanTFs;TFLink;TRRUST	TRRUST				new_candidate	existing_public_pair_union			2	false	human	existing_or_canonical	Cross-species inventory collapse only; retain species-specific evidence records separately.
neurog1	NEUROG1;Neurog1	human;mouse;vertebrates	AnimalTFDB3;JASPAR_CORE;Lambert_HumanTFs;TFLink;TRRUST	TRRUST				new_candidate	existing_public_pair_union	new_candidate		3	false	human;vertebrates	existing_or_canonical	Cross-species inventory collapse only; retain species-specific evidence records separately.; Vertebrate JASPAR/profile scope is not treated as human/mouse evidence.
neurog2	NEUROG2;Neurog2	human;mouse;vertebrates	AnimalTFDB3;JASPAR_CORE;Lambert_HumanTFs;TFLink;TRRUST	TRRUST				new_candidate	existing_public_pair_union	new_candidate		3	false	human;vertebrates	existing_or_canonical	Cross-species inventory collapse only; retain species-specific evidence records separately.; Vertebrate JASPAR/profile scope is not treated as human/mouse evidence.
neurog3	NEUROG3;Neurog3	human;mouse	AnimalTFDB3;Lambert_HumanTFs;OmniPath_DoRothEA;TFLink;TRRUST	CollecTRI;CollecTRI2;DoRothEA;DoRothEA-A_CollecTRI2;ExTRI2_CollecTRI2;ExTRI_CollecTRI;SIGNOR_CollecTRI;SIGNOR_CollecTRI2;TRRUST;TRRUST_CollecTRI;TRRUST_CollecTRI2;TRRUST_DoRothEA	canonical_tf_edge;canonical_tf_role;module_22B_regulon	canonical_tf_edge;canonical_tf_role;module_22B_regulon		existing_public_pair_union	existing_public_pair_union		16857	2	true		existing_or_canonical	Cross-species inventory collapse only; retain species-specific evidence records separately.
nf1	NF1;Nf1	human;mouse	TFLink;TRRUST	TRRUST				existing_public_pair_union	existing_public_pair_union			2	false		existing_or_canonical	Cross-species inventory collapse only; retain species-specific evidence records separately.
nfam1	NFAM1;Nfam1	human;mouse	TFLink					new_candidate	new_candidate			2	false	human;mouse	new_candidate	Cross-species inventory collapse only; retain species-specific evidence records separately.
nfat5	NFAT5;Nfat5	human;mouse;vertebrates	AnimalTFDB3;JASPAR_CORE;Lambert_HumanTFs;OmniPath_DoRothEA;TFLink;TRRUST	CollecTRI;CollecTRI2;CytReg_CollecTRI;CytReg_CollecTRI2;DoRothEA;DoRothEA-A_CollecTRI;DoRothEA-A_CollecTRI2;ExTRI2_CollecTRI2;ExTRI_CollecTRI;GEREDB_CollecTRI;GEREDB_CollecTRI2;HTRI_CollecTRI;HTRIdb;HTRIdb_CollecTRI2;HTRIdb_DoRothEA;IntAct_DoRothEA;ORegAnno;SIGNOR;SIGNOR_CollecTRI2;TRRUST;TRRUST_CollecTRI;TRRUST_CollecTRI2;TRRUST_DoRothEA				existing_public_pair_union	existing_public_pair_union	new_candidate		3	false	vertebrates	existing_or_canonical	Cross-species inventory collapse only; retain species-specific evidence records separately.; Vertebrate JASPAR/profile scope is not treated as human/mouse evidence.
nfatc1	NFATC1;Nfatc1	human;mouse;vertebrates	AnimalTFDB3;JASPAR_CORE;Lambert_HumanTFs;OmniPath_DoRothEA;TFLink;TRRUST	ARACNe-GTEx_DoRothEA;CollecTRI;CollecTRI2;CytReg_CollecTRI;CytReg_CollecTRI2;DoRothEA;DoRothEA-A_CollecTRI;DoRothEA-A_CollecTRI2;ExTRI2_CollecTRI2;ExTRI_CollecTRI;FANTOM4_DoRothEA;GEREDB_CollecTRI;GEREDB_CollecTRI2;HOCOMOCO_DoRothEA;HTRI_CollecTRI;HTRIdb;HTRIdb_CollecTRI2;HTRIdb_DoRothEA;IntAct_DoRothEA;JASPAR_DoRothEA;NTNU.Curated_CollecTRI;NTNUcuration_CollecTRI2;PAZAR;ReMap_DoRothEA;SIGNOR;SIGNOR_CollecTRI2;TFactS_CollecTRI;TFactS_DoRothEA;TRRUST;TRRUST_CollecTRI;TRRUST_CollecTRI2;TRRUST_DoRothEA;TfactS_CollecTRI2				existing_public_pair_union	existing_public_pair_union	new_candidate		3	false	vertebrates	existing_or_canonical	Cross-species inventory collapse only; retain species-specific evidence records separately.; Vertebrate JASPAR/profile scope is not treated as human/mouse evidence.
nfatc2	NFATC2;Nfatc2	human;mouse;vertebrates	AnimalTFDB3;JASPAR_CORE;Lambert_HumanTFs;OmniPath_DoRothEA;TFLink;TRRUST	CollecTRI;CollecTRI2;CytReg_CollecTRI;CytReg_CollecTRI2;DoRothEA;DoRothEA-A_CollecTRI;DoRothEA-A_CollecTRI2;ExTRI2_CollecTRI2;ExTRI_CollecTRI;FANTOM4_DoRothEA;GEREDB_CollecTRI;GEREDB_CollecTRI2;GOA_CollecTRI;GOA_CollecTRI2;HOCOMOCO_DoRothEA;HTRI_CollecTRI;HTRIdb;HTRIdb_CollecTRI2;HTRIdb_DoRothEA;IntAct_CollecTRI;IntAct_CollecTRI2;IntAct_DoRothEA;NTNU.Curated_CollecTRI;NTNUcuration_CollecTRI2;PAZAR_DoRothEA;SIGNOR_CollecTRI;SIGNOR_CollecTRI2;TFactS_CollecTRI;TRRUST;TRRUST_CollecTRI;TRRUST_CollecTRI2;TRRUST_DoRothEA;TfactS_CollecTRI2	canonical_tf_edge;canonical_tf_role;module_22B_regulon	canonical_tf_edge;canonical_tf_role;module_22B_regulon	canonical_tf_edge;canonical_tf_role;module_22B_regulon	existing_public_pair_union	existing_public_pair_union	canonical_name_or_species_scope_match	16968	3	true		existing_or_canonical	Cross-species inventory collapse only; retain species-specific evidence records separately.; Vertebrate JASPAR/profile scope is not treated as human/mouse evidence.
nfatc2ip	Nfatc2ip	mouse	TFLink;TRRUST	TRRUST					existing_public_pair_union			1	false		existing_or_canonical	
nfatc3	NFATC3;Nfatc3	human;mouse;vertebrates	AnimalTFDB3;JASPAR_CORE;Lambert_HumanTFs;TFLink;TRRUST	TRRUST				existing_public_pair_union	existing_public_pair_union	new_candidate		3	false	vertebrates	existing_or_canonical	Cross-species inventory collapse only; retain species-specific evidence records separately.; Vertebrate JASPAR/profile scope is not treated as human/mouse evidence.
nfatc4	NFATC4;Nfatc4	human;mouse;vertebrates	AnimalTFDB3;JASPAR_CORE;Lambert_HumanTFs;TFLink;TRRUST	TRRUST	canonical_tf_edge;canonical_tf_role	canonical_tf_edge;canonical_tf_role	canonical_tf_edge;canonical_tf_role	canonical_name_or_species_scope_match	existing_public_pair_union	canonical_name_or_species_scope_match	12781	3	true		existing_or_canonical	Cross-species inventory collapse only; retain species-specific evidence records separately.; Vertebrate JASPAR/profile scope is not treated as human/mouse evidence.
nfe2	NFE2;Nfe2	human;mouse;vertebrates	AnimalTFDB3;JASPAR_CORE;Lambert_HumanTFs;OmniPath_DoRothEA;TFLink;TRRUST	ARACNe-GTEx_DoRothEA;CollecTRI;CollecTRI2;DoRothEA;DoRothEA-A_CollecTRI;DoRothEA-A_CollecTRI2;ExTRI2_CollecTRI2;ExTRI_CollecTRI;HTRI_CollecTRI;HTRIdb;HTRIdb_CollecTRI2;HTRIdb_DoRothEA;NTNU.Curated_CollecTRI;NTNUcuration_CollecTRI2;ReMap_DoRothEA;TRRUST;TRRUST_CollecTRI;TRRUST_CollecTRI2;TRRUST_DoRothEA				existing_public_pair_union	existing_public_pair_union	new_candidate		3	false	vertebrates	existing_or_canonical	Cross-species inventory collapse only; retain species-specific evidence records separately.; Vertebrate JASPAR/profile scope is not treated as human/mouse evidence.
nfe2l1	NFE2L1;Nfe2l1	human;mouse	AnimalTFDB3;Lambert_HumanTFs;OmniPath_DoRothEA;TFLink;TRRUST	ARACNe-GTEx_DoRothEA;DoRothEA;HOCOMOCO_DoRothEA;ReMap_DoRothEA;TRRUST				existing_public_pair_union	existing_public_pair_union			2	false		existing_or_canonical	Cross-species inventory collapse only; retain species-specific evidence records separately.
nfe2l2	NFE2L2;Nfe2l2	human;mouse;vertebrates	AnimalTFDB3;JASPAR_CORE;Lambert_HumanTFs;OmniPath_DoRothEA;TFLink;TRRUST	ARACNe-GTEx_DoRothEA;CollecTRI;CollecTRI2;DoRothEA;DoRothEA-A_CollecTRI;DoRothEA-A_CollecTRI2;ExTRI2_CollecTRI2;ExTRI_CollecTRI;GEREDB_CollecTRI;GEREDB_CollecTRI2;GOA_CollecTRI;GOA_CollecTRI2;HOCOMOCO_DoRothEA;IntAct_DoRothEA;JASPAR_DoRothEA;KEGG-MEDICUS;NTNU.Curated_CollecTRI;NTNUcuration_CollecTRI2;PAZAR;PAZAR_DoRothEA;Pavlidis2021_CollecTRI;Pavlidis_CollecTRI2;ReMap_DoRothEA;SIGNOR;SIGNOR_CollecTRI;SIGNOR_CollecTRI2;TFactS_CollecTRI;TFactS_DoRothEA;TRRUST;TRRUST_CollecTRI;TRRUST_CollecTRI2;TRRUST_DoRothEA;TfactS_CollecTRI2	canonical_tf_edge;canonical_tf_role;module_22B_regulon	canonical_tf_edge;canonical_tf_role;module_22B_regulon	canonical_tf_edge;canonical_tf_role;module_22B_regulon	existing_public_pair_union	existing_public_pair_union	canonical_name_or_species_scope_match	16969	3	true		existing_or_canonical	Cross-species inventory collapse only; retain species-specific evidence records separately.; Vertebrate JASPAR/profile scope is not treated as human/mouse evidence.
nfe2l3	NFE2L3;Nfe2l3	human;mouse	AnimalTFDB3;Lambert_HumanTFs;TFLink;TRRUST	TRRUST				new_candidate	existing_public_pair_union			2	false	human	existing_or_canonical	Cross-species inventory collapse only; retain species-specific evidence records separately.
nfe4	NFE4	human	Lambert_HumanTFs					new_candidate				1	false	human	new_candidate	
nfia	NFIA;Nfia	human;mouse;vertebrates	AnimalTFDB3;JASPAR_CORE;Lambert_HumanTFs;OmniPath_DoRothEA;TFLink;TRRUST	CollecTRI;CollecTRI2;DoRothEA;DoRothEA-A_CollecTRI;DoRothEA-A_CollecTRI2;ExTRI2_CollecTRI2;NTNU.Curated_CollecTRI;NTNUcuration_CollecTRI2;PAZAR_DoRothEA;RegNetwork_DoRothEA;TFactS_CollecTRI;TRED_DoRothEA;TRRUST;TRRUST_CollecTRI;TRRUST_CollecTRI2;TRRUST_DoRothEA;TfactS_CollecTRI2				existing_public_pair_union	existing_public_pair_union	new_candidate		3	false	vertebrates	existing_or_canonical	Cross-species inventory collapse only; retain species-specific evidence records separately.; Vertebrate JASPAR/profile scope is not treated as human/mouse evidence.
nfib	NFIB;Nfib	human;mouse;vertebrates	AnimalTFDB3;JASPAR_CORE;Lambert_HumanTFs;TFLink;TRRUST	TRRUST				existing_public_pair_union	existing_public_pair_union	new_candidate		3	false	vertebrates	existing_or_canonical	Cross-species inventory collapse only; retain species-specific evidence records separately.; Vertebrate JASPAR/profile scope is not treated as human/mouse evidence.
nfic	NFIC;Nfic	human;mouse;vertebrates	AnimalTFDB3;JASPAR_CORE;Lambert_HumanTFs;OmniPath_DoRothEA;TFLink;TRRUST	ARACNe-GTEx_DoRothEA;CollecTRI;CollecTRI2;DoRothEA;DoRothEA-A_CollecTRI;DoRothEA-A_CollecTRI2;ExTRI2_CollecTRI2;ExTRI_CollecTRI;FANTOM4_DoRothEA;GEREDB_CollecTRI;GEREDB_CollecTRI2;HOCOMOCO_DoRothEA;HTRI_CollecTRI;HTRIdb;HTRIdb_CollecTRI2;HTRIdb_DoRothEA;JASPAR_DoRothEA;NFIRegulomeDB_DoRothEA;ORegAnno;ORegAnno_DoRothEA;PAZAR;PAZAR_DoRothEA;ReMap_DoRothEA;RegNetwork_DoRothEA;TFactS_CollecTRI;TRED_DoRothEA;TRRUST;TRRUST_CollecTRI;TRRUST_CollecTRI2;TRRUST_DoRothEA;TfactS_CollecTRI2	canonical_tf_edge;canonical_tf_role;module_22B_regulon	canonical_tf_edge;canonical_tf_role;module_22B_regulon	canonical_tf_edge;canonical_tf_role;module_22B_regulon	existing_public_pair_union	existing_public_pair_union	canonical_name_or_species_scope_match	16858	3	true		existing_or_canonical	Cross-species inventory collapse only; retain species-specific evidence records separately.; Vertebrate JASPAR/profile scope is not treated as human/mouse evidence.
nfil3	NFIL3;Nfil3	human;mouse;vertebrates	AnimalTFDB3;JASPAR_CORE;Lambert_HumanTFs;OmniPath_DoRothEA;TFLink;TRRUST	CollecTRI;CollecTRI2;CytReg_CollecTRI;CytReg_CollecTRI2;DoRothEA;DoRothEA-A_CollecTRI;DoRothEA-A_CollecTRI2;ExTRI2_CollecTRI2;HTRI_CollecTRI;HTRIdb;HTRIdb_CollecTRI2;HTRIdb_DoRothEA;TRRUST;TRRUST_CollecTRI;TRRUST_CollecTRI2;TRRUST_DoRothEA	canonical_tf_edge;canonical_tf_role;module_22B_regulon	canonical_tf_edge;canonical_tf_role;module_22B_regulon	canonical_tf_edge;canonical_tf_role;module_22B_regulon	existing_public_pair_union	existing_public_pair_union	canonical_name_or_species_scope_match	16970	3	true		existing_or_canonical	Cross-species inventory collapse only; retain species-specific evidence records separately.; Vertebrate JASPAR/profile scope is not treated as human/mouse evidence.
nfix	NFIX;Nfix	human;mouse;vertebrates	AnimalTFDB3;JASPAR_CORE;Lambert_HumanTFs;TFLink;TRRUST	TRRUST				existing_public_pair_union	existing_public_pair_union	new_candidate		3	false	vertebrates	existing_or_canonical	Cross-species inventory collapse only; retain species-specific evidence records separately.; Vertebrate JASPAR/profile scope is not treated as human/mouse evidence.
nfkb1	NFKB1;Nfkb1	human;mouse;vertebrates	AnimalTFDB3;JASPAR_CORE;Lambert_HumanTFs;OmniPath_DoRothEA;TFLink;TRRUST	ARACNe-GTEx_DoRothEA;CollecTRI;CollecTRI2;CytReg_CollecTRI;CytReg_CollecTRI2;DoRothEA;DoRothEA-A_CollecTRI;DoRothEA-A_CollecTRI2;ENCODE-distal;ENCODE-proximal;ExTRI2_CollecTRI2;ExTRI_CollecTRI;FANTOM4_DoRothEA;GEREDB_CollecTRI;GEREDB_CollecTRI2;GOA_CollecTRI;GOA_CollecTRI2;HOCOMOCO_DoRothEA;HTRI_CollecTRI;HTRIdb;HTRIdb_CollecTRI2;HTRIdb_DoRothEA;IntAct_CollecTRI;IntAct_CollecTRI2;IntAct_DoRothEA;JASPAR_DoRothEA;NFIRegulomeDB_DoRothEA;NTNU.Curated_CollecTRI;NTNUcuration_CollecTRI2;ORegAnno;ORegAnno_DoRothEA;PAZAR;PAZAR_DoRothEA;Pavlidis2021_CollecTRI;Pavlidis_CollecTRI2;ReMap_DoRothEA;RegNetwork_DoRothEA;SIGNOR;SIGNOR_CollecTRI;SIGNOR_CollecTRI2;TFactS_CollecTRI;TFactS_DoRothEA;TRED_DoRothEA;TRRD_DoRothEA;TRRUST;TRRUST_CollecTRI;TRRUST_CollecTRI2;TRRUST_DoRothEA;TfactS_CollecTRI2	canonical_tf_edge;canonical_tf_role;module_22B_regulon	canonical_tf_edge;canonical_tf_role;module_22B_regulon	canonical_tf_edge;canonical_tf_role;module_22B_regulon	existing_public_pair_union	existing_public_pair_union	canonical_name_or_species_scope_match	13927	3	true		existing_or_canonical	Cross-species inventory collapse only; retain species-specific evidence records separately.; Vertebrate JASPAR/profile scope is not treated as human/mouse evidence.
nfkb2	NFKB2;Nfkb2	human;mouse;vertebrates	AnimalTFDB3;JASPAR_CORE;Lambert_HumanTFs;OmniPath_DoRothEA;TFLink;TRRUST	ARACNe-GTEx_DoRothEA;CollecTRI;CollecTRI2;CytReg_CollecTRI;CytReg_CollecTRI2;DoRothEA;DoRothEA-A_CollecTRI2;ExTRI2_CollecTRI2;ExTRI_CollecTRI;HOCOMOCO_DoRothEA;JASPAR_DoRothEA;NTNU.Curated_CollecTRI;NTNUcuration_CollecTRI2;ReMap_DoRothEA;RegNetwork_DoRothEA;TFactS_CollecTRI;TFactS_DoRothEA;TRED_DoRothEA;TRRUST;TRRUST_CollecTRI;TRRUST_CollecTRI2;TRRUST_DoRothEA;TfactS_CollecTRI2	canonical_tf_edge;canonical_tf_role;module_22B_regulon	canonical_tf_edge;canonical_tf_role;module_22B_regulon	canonical_tf_edge;canonical_tf_role;module_22B_regulon	existing_public_pair_union	existing_public_pair_union	canonical_name_or_species_scope_match	16859	3	true		existing_or_canonical	Cross-species inventory collapse only; retain species-specific evidence records separately.; Vertebrate JASPAR/profile scope is not treated as human/mouse evidence.
nfkbia	NFKBIA;Nfkbia	human;mouse	TFLink;TRRUST	TRRUST				existing_public_pair_union	existing_public_pair_union			2	false		existing_or_canonical	Cross-species inventory collapse only; retain species-specific evidence records separately.
nfkbib	NFKBIB	human	TFLink;TRRUST	TRRUST				existing_public_pair_union				1	false		existing_or_canonical	
nfkbiz	NFKBIZ;Nfkbiz	human;mouse	TFLink;TRRUST	TRRUST				existing_public_pair_union	existing_public_pair_union			2	false		existing_or_canonical	Cross-species inventory collapse only; retain species-specific evidence records separately.
nfrkb	NFRKB;Nfrkb	human;mouse	AnimalTFDB3;TFLink;TRRUST	TRRUST				existing_public_pair_union	new_candidate			2	false	mouse	existing_or_canonical	Cross-species inventory collapse only; retain species-specific evidence records separately.
nfx1	NFX1;Nfx1	human;mouse	AnimalTFDB3;Lambert_HumanTFs					new_candidate	new_candidate			2	false	human;mouse	new_candidate	Cross-species inventory collapse only; retain species-specific evidence records separately.
nfxl1	NFXL1;Nfxl1	human;mouse	AnimalTFDB3;Lambert_HumanTFs;TFLink					new_candidate	new_candidate			2	false	human;mouse	new_candidate	Cross-species inventory collapse only; retain species-specific evidence records separately.
nfya	NFYA;Nfya	human;mouse;vertebrates	AnimalTFDB3;JASPAR_CORE;Lambert_HumanTFs;OmniPath_DoRothEA;TFLink;TRRUST	ARACNe-GTEx_DoRothEA;CollecTRI;CollecTRI2;DoRothEA;DoRothEA-A_CollecTRI;DoRothEA-A_CollecTRI2;ExTRI2_CollecTRI2;ExTRI_CollecTRI;FANTOM4_DoRothEA;HOCOMOCO_DoRothEA;JASPAR_DoRothEA;NTNU.Curated_CollecTRI;NTNUcuration_CollecTRI2;ORegAnno;ORegAnno_DoRothEA;PAZAR;PAZAR_DoRothEA;ReMap_DoRothEA;TFactS_CollecTRI;TFactS_DoRothEA;TRRUST;TRRUST_CollecTRI;TRRUST_CollecTRI2;TRRUST_DoRothEA;TfactS_CollecTRI2				existing_public_pair_union	existing_public_pair_union	new_candidate		3	false	vertebrates	existing_or_canonical	Cross-species inventory collapse only; retain species-specific evidence records separately.; Vertebrate JASPAR/profile scope is not treated as human/mouse evidence.
nfyb	NFYB;Nfyb	human;mouse;vertebrates	AnimalTFDB3;JASPAR_CORE;Lambert_HumanTFs;OmniPath_DoRothEA;TFLink;TRRUST	ARACNe-GTEx_DoRothEA;CollecTRI;CollecTRI2;DoRothEA;DoRothEA-A_CollecTRI;DoRothEA-A_CollecTRI2;ENCODE-proximal;ExTRI_CollecTRI;HOCOMOCO_DoRothEA;IntAct_DoRothEA;JASPAR_DoRothEA;ORegAnno;ORegAnno_DoRothEA;PAZAR;ReMap_DoRothEA;TRRUST;TRRUST_CollecTRI;TRRUST_CollecTRI2;TRRUST_DoRothEA;TfactS_CollecTRI2				existing_public_pair_union	existing_public_pair_union	new_candidate		3	false	vertebrates	existing_or_canonical	Cross-species inventory collapse only; retain species-specific evidence records separately.; Vertebrate JASPAR/profile scope is not treated as human/mouse evidence.
nfyc	NFYC;Nfyc	human;mouse;vertebrates	AnimalTFDB3;JASPAR_CORE;Lambert_HumanTFs;TFLink;TRRUST	TRRUST				existing_public_pair_union	existing_public_pair_union	new_candidate		3	false	vertebrates	existing_or_canonical	Cross-species inventory collapse only; retain species-specific evidence records separately.; Vertebrate JASPAR/profile scope is not treated as human/mouse evidence.
nhlh1	NHLH1;Nhlh1	human;mouse;vertebrates	AnimalTFDB3;JASPAR_CORE;Lambert_HumanTFs					new_candidate	new_candidate	new_candidate		3	false	human;mouse;vertebrates	new_candidate	Cross-species inventory collapse only; retain species-specific evidence records separately.; Vertebrate JASPAR/profile scope is not treated as human/mouse evidence.
nhlh2	NHLH2;Nhlh2	human;mouse;vertebrates	AnimalTFDB3;JASPAR_CORE;Lambert_HumanTFs;TFLink;TRRUST	TRRUST				existing_public_pair_union	existing_public_pair_union	new_candidate		3	false	vertebrates	existing_or_canonical	Cross-species inventory collapse only; retain species-specific evidence records separately.; Vertebrate JASPAR/profile scope is not treated as human/mouse evidence.
nipbl	NIPBL;Nipbl	human;mouse	TFLink					new_candidate	new_candidate			2	false	human;mouse	new_candidate	Cross-species inventory collapse only; retain species-specific evidence records separately.
nkrf	NKRF;Nkrf	human;mouse	AnimalTFDB3;Lambert_HumanTFs					new_candidate	new_candidate			2	false	human;mouse	new_candidate	Cross-species inventory collapse only; retain species-specific evidence records separately.
nkx1-1	NKX1-1;Nkx1-1	human;mouse	AnimalTFDB3;Lambert_HumanTFs					new_candidate	new_candidate			2	false	human;mouse	new_candidate	Cross-species inventory collapse only; retain species-specific evidence records separately.
nkx1-2	NKX1-2;Nkx1-2	human;mouse	AnimalTFDB3;Lambert_HumanTFs					new_candidate	new_candidate			2	false	human;mouse	new_candidate	Cross-species inventory collapse only; retain species-specific evidence records separately.
nkx2-1	NKX2-1;Nkx2-1	human;mouse;vertebrates	AnimalTFDB3;JASPAR_CORE;Lambert_HumanTFs;OmniPath_DoRothEA;TFLink;TRRUST	ARACNe-GTEx_DoRothEA;CollecTRI;CollecTRI2;DoRothEA;DoRothEA-A_CollecTRI;DoRothEA-A_CollecTRI2;ExTRI2_CollecTRI2;ExTRI_CollecTRI;GEREDB_CollecTRI;GEREDB_CollecTRI2;GOA_CollecTRI;GOA_CollecTRI2;HOCOMOCO_DoRothEA;HTRI_CollecTRI;HTRIdb;HTRIdb_CollecTRI2;HTRIdb_DoRothEA;NTNU.Curated_CollecTRI;NTNUcuration_CollecTRI2;Pavlidis2021_CollecTRI;Pavlidis_CollecTRI2;SIGNOR_CollecTRI;SIGNOR_CollecTRI2;TRRUST;TRRUST_CollecTRI;TRRUST_CollecTRI2;TRRUST_DoRothEA				existing_public_pair_union	existing_public_pair_union	new_candidate		3	false	vertebrates	existing_or_canonical	Cross-species inventory collapse only; retain species-specific evidence records separately.; Vertebrate JASPAR/profile scope is not treated as human/mouse evidence.
nkx2-2	NKX2-2;Nkx2-2	human;mouse;vertebrates	AnimalTFDB3;JASPAR_CORE;Lambert_HumanTFs;TFLink;TRRUST	TRRUST				existing_public_pair_union	existing_public_pair_union	new_candidate		3	false	vertebrates	existing_or_canonical	Cross-species inventory collapse only; retain species-specific evidence records separately.; Vertebrate JASPAR/profile scope is not treated as human/mouse evidence.
nkx2-3	NKX2-3;Nkx2-3	human;mouse;vertebrates	AnimalTFDB3;JASPAR_CORE;Lambert_HumanTFs;TFLink;TRRUST	TRRUST				existing_public_pair_union	existing_public_pair_union	new_candidate		3	false	vertebrates	existing_or_canonical	Cross-species inventory collapse only; retain species-specific evidence records separately.; Vertebrate JASPAR/profile scope is not treated as human/mouse evidence.
nkx2-4	NKX2-4;Nkx2-4	human;mouse;vertebrates	AnimalTFDB3;JASPAR_CORE;Lambert_HumanTFs					new_candidate	new_candidate	new_candidate		3	false	human;mouse;vertebrates	new_candidate	Cross-species inventory collapse only; retain species-specific evidence records separately.; Vertebrate JASPAR/profile scope is not treated as human/mouse evidence.
nkx2-5	NKX2-5;Nkx2-5	human;mouse;vertebrates	AnimalTFDB3;JASPAR_CORE;Lambert_HumanTFs;OmniPath_DoRothEA;TFLink;TRRUST	ARACNe-GTEx_DoRothEA;CollecTRI;CollecTRI2;DoRothEA;DoRothEA-A_CollecTRI2;ExTRI2_CollecTRI2;GEREDB_CollecTRI;GEREDB_CollecTRI2;SIGNOR_CollecTRI;SIGNOR_CollecTRI2;TRRUST;TRRUST_CollecTRI;TRRUST_CollecTRI2;TRRUST_DoRothEA				existing_public_pair_union	existing_public_pair_union	new_candidate		3	false	vertebrates	existing_or_canonical	Cross-species inventory collapse only; retain species-specific evidence records separately.; Vertebrate JASPAR/profile scope is not treated as human/mouse evidence.
nkx2-6	NKX2-6;Nkx2-6	human;mouse	AnimalTFDB3;Lambert_HumanTFs					new_candidate	new_candidate			2	false	human;mouse	new_candidate	Cross-species inventory collapse only; retain species-specific evidence records separately.
nkx2-8	NKX2-8;Nkx2-8	human;mouse;vertebrates	AnimalTFDB3;JASPAR_CORE;Lambert_HumanTFs;TFLink					new_candidate	new_candidate	new_candidate		3	false	human;mouse;vertebrates	new_candidate	Cross-species inventory collapse only; retain species-specific evidence records separately.; Vertebrate JASPAR/profile scope is not treated as human/mouse evidence.
nkx2-9	Nkx2-9	mouse	AnimalTFDB3;TRRUST	TRRUST					existing_public_pair_union			1	false		existing_or_canonical	
nkx3-1	NKX3-1;Nkx3-1	human;mouse;vertebrates	AnimalTFDB3;JASPAR_CORE;Lambert_HumanTFs;TFLink;TRRUST	TRRUST				existing_public_pair_union	existing_public_pair_union	new_candidate		3	false	vertebrates	existing_or_canonical	Cross-species inventory collapse only; retain species-specific evidence records separately.; Vertebrate JASPAR/profile scope is not treated as human/mouse evidence.
nkx3-2	NKX3-2;Nkx3-2	human;mouse;vertebrates	AnimalTFDB3;JASPAR_CORE;Lambert_HumanTFs;TFLink;TRRUST	TRRUST				new_candidate	existing_public_pair_union	new_candidate		3	false	human;vertebrates	existing_or_canonical	Cross-species inventory collapse only; retain species-specific evidence records separately.; Vertebrate JASPAR/profile scope is not treated as human/mouse evidence.
nkx6-1	NKX6-1;Nkx6-1	human;mouse;vertebrates	AnimalTFDB3;JASPAR_CORE;Lambert_HumanTFs;TFLink;TRRUST	TRRUST				new_candidate	existing_public_pair_union	new_candidate		3	false	human;vertebrates	existing_or_canonical	Cross-species inventory collapse only; retain species-specific evidence records separately.; Vertebrate JASPAR/profile scope is not treated as human/mouse evidence.
nkx6-2	NKX6-2;Nkx6-2	human;mouse;vertebrates	AnimalTFDB3;JASPAR_CORE;Lambert_HumanTFs					new_candidate	new_candidate	new_candidate		3	false	human;mouse;vertebrates	new_candidate	Cross-species inventory collapse only; retain species-specific evidence records separately.; Vertebrate JASPAR/profile scope is not treated as human/mouse evidence.
nkx6-3	NKX6-3;Nkx6-3	human;mouse;vertebrates	AnimalTFDB3;JASPAR_CORE;Lambert_HumanTFs					new_candidate	new_candidate	new_candidate		3	false	human;mouse;vertebrates	new_candidate	Cross-species inventory collapse only; retain species-specific evidence records separately.; Vertebrate JASPAR/profile scope is not treated as human/mouse evidence.
nlrc5	Nlrc5	mouse	TFLink						new_candidate			1	false	mouse	new_candidate	
nme2	NME2;Nme2	human;mouse	AnimalTFDB3;Lambert_HumanTFs;OmniPath_DoRothEA;TFLink	CollecTRI;CollecTRI2;DoRothEA;DoRothEA-A_CollecTRI;DoRothEA-A_CollecTRI2;ExTRI2_CollecTRI2;FANTOM4_DoRothEA;GOA_CollecTRI;GOA_CollecTRI2;HTRI_CollecTRI;HTRIdb;HTRIdb_CollecTRI2;HTRIdb_DoRothEA	canonical_tf_edge;canonical_tf_role;module_22B_regulon	canonical_tf_edge;canonical_tf_role;module_22B_regulon		existing_public_pair_union	existing_public_pair_union		16860	2	true		existing_or_canonical	Cross-species inventory collapse only; retain species-specific evidence records separately.
nobox	NOBOX;Nobox	human;mouse;vertebrates	AnimalTFDB3;JASPAR_CORE;Lambert_HumanTFs;TFLink					new_candidate	new_candidate	new_candidate		3	false	human;mouse;vertebrates	new_candidate	Cross-species inventory collapse only; retain species-specific evidence records separately.; Vertebrate JASPAR/profile scope is not treated as human/mouse evidence.
nono	NONO;Nono	human;mouse	TFLink;TRRUST	TRRUST				existing_public_pair_union	existing_public_pair_union			2	false		existing_or_canonical	Cross-species inventory collapse only; retain species-specific evidence records separately.
notch1	NOTCH1;Notch1	human;mouse	TFLink;TRRUST	TRRUST				new_candidate	existing_public_pair_union			2	false	human	existing_or_canonical	Cross-species inventory collapse only; retain species-specific evidence records separately.
notch2	Notch2	mouse	TFLink;TRRUST	TRRUST					existing_public_pair_union			1	false		existing_or_canonical	
notch3	NOTCH3;Notch3	human;mouse	TFLink;TRRUST	TRRUST				existing_public_pair_union	existing_public_pair_union			2	false		existing_or_canonical	Cross-species inventory collapse only; retain species-specific evidence records separately.
notch4	Notch4	mouse	TFLink;TRRUST	TRRUST					existing_public_pair_union			1	false		existing_or_canonical	
noto	NOTO;Noto	human;mouse;vertebrates	AnimalTFDB3;JASPAR_CORE;Lambert_HumanTFs					new_candidate	new_candidate	new_candidate		3	false	human;mouse;vertebrates	new_candidate	Cross-species inventory collapse only; retain species-specific evidence records separately.; Vertebrate JASPAR/profile scope is not treated as human/mouse evidence.
npas1	NPAS1;Npas1	human;mouse	AnimalTFDB3;Lambert_HumanTFs;TFLink;TRRUST	TRRUST				new_candidate	existing_public_pair_union			2	false	human	existing_or_canonical	Cross-species inventory collapse only; retain species-specific evidence records separately.
npas2	NPAS2;Npas2	human;mouse;vertebrates	AnimalTFDB3;JASPAR_CORE;Lambert_HumanTFs;OmniPath_DoRothEA;TFLink;TRRUST	ARACNe-GTEx_DoRothEA;CollecTRI;CollecTRI2;DoRothEA;DoRothEA-A_CollecTRI2;ExTRI2_CollecTRI2;ExTRI_CollecTRI;GEREDB_CollecTRI;GEREDB_CollecTRI2;JASPAR_DoRothEA;TRRUST;TRRUST_CollecTRI;TRRUST_CollecTRI2;TRRUST_DoRothEA				existing_public_pair_union	existing_public_pair_union	new_candidate		3	false	vertebrates	existing_or_canonical	Cross-species inventory collapse only; retain species-specific evidence records separately.; Vertebrate JASPAR/profile scope is not treated as human/mouse evidence.
npas3	NPAS3;Npas3	human;mouse;vertebrates	AnimalTFDB3;JASPAR_CORE;Lambert_HumanTFs;TFLink;TRRUST	TRRUST				existing_public_pair_union	new_candidate	new_candidate		3	false	mouse;vertebrates	existing_or_canonical	Cross-species inventory collapse only; retain species-specific evidence records separately.; Vertebrate JASPAR/profile scope is not treated as human/mouse evidence.
npas4	NPAS4;Npas4	human;mouse;vertebrates	AnimalTFDB3;JASPAR_CORE;Lambert_HumanTFs;TFLink					new_candidate	new_candidate	new_candidate		3	false	human;mouse;vertebrates	new_candidate	Cross-species inventory collapse only; retain species-specific evidence records separately.; Vertebrate JASPAR/profile scope is not treated as human/mouse evidence.
npat	NPAT	human	TFLink					new_candidate				1	false	human	new_candidate	
npm1	NPM1	human	TFLink;TRRUST	TRRUST				existing_public_pair_union				1	false		existing_or_canonical	
nr0b1	NR0B1;Nr0b1	human;mouse	AnimalTFDB3;Lambert_HumanTFs;OmniPath_DoRothEA;TFLink;TRRUST	ARACNe-GTEx_DoRothEA;CollecTRI;CollecTRI2;DoRothEA;DoRothEA-A_CollecTRI2;ExTRI2_CollecTRI2;ExTRI_CollecTRI;GEREDB_CollecTRI;GEREDB_CollecTRI2;TRRUST;TRRUST_CollecTRI;TRRUST_CollecTRI2;TRRUST_DoRothEA	canonical_tf_edge;canonical_tf_role;module_22B_regulon	canonical_tf_edge;canonical_tf_role;module_22B_regulon		existing_public_pair_union	existing_public_pair_union		16971	2	true		existing_or_canonical	Cross-species inventory collapse only; retain species-specific evidence records separately.
nr0b2	NR0B2;Nr0b2	human;mouse	AnimalTFDB3;TFLink;TRRUST	TRRUST				existing_public_pair_union	existing_public_pair_union			2	false		existing_or_canonical	Cross-species inventory collapse only; retain species-specific evidence records separately.
nr1d1	NR1D1;Nr1d1	human;mouse;vertebrates	AnimalTFDB3;JASPAR_CORE;Lambert_HumanTFs;OmniPath_DoRothEA;TFLink;TRRUST	CollecTRI;CollecTRI2;DoRothEA;DoRothEA-A_CollecTRI2;ExTRI2_CollecTRI2;ExTRI_CollecTRI;GEREDB_CollecTRI;GEREDB_CollecTRI2;NTNU.Curated_CollecTRI;NTNUcuration_CollecTRI2;SIGNOR;SIGNOR_CollecTRI;SIGNOR_CollecTRI2;TRRUST;TRRUST_CollecTRI;TRRUST_CollecTRI2;TRRUST_DoRothEA				existing_public_pair_union	existing_public_pair_union	new_candidate		3	false	vertebrates	existing_or_canonical	Cross-species inventory collapse only; retain species-specific evidence records separately.; Vertebrate JASPAR/profile scope is not treated as human/mouse evidence.
nr1d2	NR1D2;Nr1d2	human;mouse;vertebrates	AnimalTFDB3;JASPAR_CORE;Lambert_HumanTFs;TFLink;TRRUST	TRRUST				new_candidate	existing_public_pair_union	new_candidate		3	false	human;vertebrates	existing_or_canonical	Cross-species inventory collapse only; retain species-specific evidence records separately.; Vertebrate JASPAR/profile scope is not treated as human/mouse evidence.
nr1h2	NR1H2;Nr1H2;Nr1h2	human;mouse;vertebrates	AnimalTFDB3;JASPAR_CORE;Lambert_HumanTFs;OmniPath_DoRothEA;TFLink;TRRUST	ARACNe-GTEx_DoRothEA;CollecTRI;CollecTRI2;DoRothEA;DoRothEA-A_CollecTRI2;ExTRI2_CollecTRI2;ExTRI_CollecTRI;FANTOM4_DoRothEA;GEREDB_CollecTRI;GEREDB_CollecTRI2;GOA_CollecTRI;GOA_CollecTRI2;IntAct_CollecTRI;IntAct_CollecTRI2;IntAct_DoRothEA;NTNU.Curated_CollecTRI;NTNUcuration_CollecTRI2;ReMap_DoRothEA;SIGNOR_CollecTRI;SIGNOR_CollecTRI2;TFactS_CollecTRI;TFactS_DoRothEA;TRRUST;TRRUST_CollecTRI;TRRUST_CollecTRI2;TRRUST_DoRothEA;TfactS_CollecTRI2	canonical_tf_edge;canonical_tf_role;module_22B_regulon	canonical_tf_edge;canonical_tf_role;module_22B_regulon	canonical_tf_edge;canonical_tf_role;module_22B_regulon	existing_public_pair_union	existing_public_pair_union	canonical_name_or_species_scope_match	16861	3	true		existing_or_canonical	Cross-species inventory collapse only; retain species-specific evidence records separately.; Vertebrate JASPAR/profile scope is not treated as human/mouse evidence.
nr1h3	NR1H3;Nr1h3	human;mouse;vertebrates	AnimalTFDB3;JASPAR_CORE;Lambert_HumanTFs;OmniPath_DoRothEA;TFLink;TRRUST	ARACNe-GTEx_DoRothEA;CollecTRI;CollecTRI2;DoRothEA;DoRothEA-A_CollecTRI;DoRothEA-A_CollecTRI2;ExTRI2_CollecTRI2;ExTRI_CollecTRI;GEREDB_CollecTRI;GEREDB_CollecTRI2;GOA_CollecTRI;GOA_CollecTRI2;HOCOMOCO_DoRothEA;HTRI_CollecTRI;HTRIdb;HTRIdb_CollecTRI2;HTRIdb_DoRothEA;IntAct_CollecTRI;IntAct_CollecTRI2;IntAct_DoRothEA;NTNU.Curated_CollecTRI;NTNUcuration_CollecTRI2;ReMap_DoRothEA;SIGNOR_CollecTRI;SIGNOR_CollecTRI2;TFactS_CollecTRI;TFactS_DoRothEA;TRRUST;TRRUST_CollecTRI;TRRUST_CollecTRI2;TRRUST_DoRothEA;TfactS_CollecTRI2				existing_public_pair_union	existing_public_pair_union	new_candidate		3	false	vertebrates	existing_or_canonical	Cross-species inventory collapse only; retain species-specific evidence records separately.; Vertebrate JASPAR/profile scope is not treated as human/mouse evidence.
nr1h4	NR1H4;Nr1H4;Nr1h4	human;mouse;vertebrates	AnimalTFDB3;JASPAR_CORE;Lambert_HumanTFs;OmniPath_DoRothEA;TFLink;TRRUST	ARACNe-GTEx_DoRothEA;CollecTRI;CollecTRI2;DoRothEA;DoRothEA-A_CollecTRI;DoRothEA-A_CollecTRI2;ExTRI2_CollecTRI2;ExTRI_CollecTRI;GEREDB_CollecTRI;GEREDB_CollecTRI2;HTRI_CollecTRI;HTRIdb;HTRIdb_CollecTRI2;HTRIdb_DoRothEA;IntAct_DoRothEA;JASPAR_DoRothEA;NTNU.Curated_CollecTRI;NTNUcuration_CollecTRI2;PAZAR;PAZAR_DoRothEA;SIGNOR_CollecTRI;SIGNOR_CollecTRI2;TRRUST;TRRUST_CollecTRI;TRRUST_CollecTRI2;TRRUST_DoRothEA;TfactS_CollecTRI2	canonical_tf_edge;canonical_tf_role	canonical_tf_edge;canonical_tf_role	canonical_tf_edge;canonical_tf_role	existing_public_pair_union	existing_public_pair_union	canonical_name_or_species_scope_match	12802	3	true		existing_or_canonical	Cross-species inventory collapse only; retain species-specific evidence records separately.; Vertebrate JASPAR/profile scope is not treated as human/mouse evidence.
nr1h5	Nr1h5	mouse	AnimalTFDB3						new_candidate			1	false	mouse	new_candidate	
nr1i2	NR1I2;Nr1i2	human;mouse;vertebrates	AnimalTFDB3;JASPAR_CORE;Lambert_HumanTFs;OmniPath_DoRothEA;TFLink;TRRUST	CollecTRI;CollecTRI2;DoRothEA;DoRothEA-A_CollecTRI;DoRothEA-A_CollecTRI2;ExTRI2_CollecTRI2;ExTRI_CollecTRI;HOCOMOCO_DoRothEA;HTRI_CollecTRI;HTRIdb;HTRIdb_CollecTRI2;HTRIdb_DoRothEA;NTNU.Curated_CollecTRI;NTNUcuration_CollecTRI2;SIGNOR_CollecTRI;SIGNOR_CollecTRI2;TRRUST;TRRUST_CollecTRI;TRRUST_CollecTRI2;TRRUST_DoRothEA	canonical_tf_edge;canonical_tf_role;module_22B_regulon	canonical_tf_edge;canonical_tf_role;module_22B_regulon	canonical_tf_edge;canonical_tf_role;module_22B_regulon	existing_public_pair_union	existing_public_pair_union	canonical_name_or_species_scope_match	16862	3	true		existing_or_canonical	Cross-species inventory collapse only; retain species-specific evidence records separately.; Vertebrate JASPAR/profile scope is not treated as human/mouse evidence.
nr1i3	NR1I3;Nr1i3	human;mouse;vertebrates	AnimalTFDB3;JASPAR_CORE;Lambert_HumanTFs;OmniPath_DoRothEA;TFLink;TRRUST	CollecTRI;CollecTRI2;DoRothEA;DoRothEA-A_CollecTRI;DoRothEA-A_CollecTRI2;ExTRI2_CollecTRI2;ExTRI_CollecTRI;HTRI_CollecTRI;HTRIdb;HTRIdb_CollecTRI2;HTRIdb_DoRothEA;SIGNOR_CollecTRI;SIGNOR_CollecTRI2;TRRUST;TRRUST_CollecTRI;TRRUST_CollecTRI2;TRRUST_DoRothEA	canonical_tf_edge;canonical_tf_role;module_22B_regulon	canonical_tf_edge;canonical_tf_role;module_22B_regulon	canonical_tf_edge;canonical_tf_role;module_22B_regulon	existing_public_pair_union	existing_public_pair_union	canonical_name_or_species_scope_match	16863	3	true		existing_or_canonical	Cross-species inventory collapse only; retain species-specific evidence records separately.; Vertebrate JASPAR/profile scope is not treated as human/mouse evidence.
nr2c1	NR2C1;Nr2c1	human;mouse;vertebrates	AnimalTFDB3;JASPAR_CORE;Lambert_HumanTFs;TFLink;TRRUST	TRRUST				new_candidate	existing_public_pair_union	new_candidate		3	false	human;vertebrates	existing_or_canonical	Cross-species inventory collapse only; retain species-specific evidence records separately.; Vertebrate JASPAR/profile scope is not treated as human/mouse evidence.
nr2c2	NR2C2;Nr2c2	human;mouse;vertebrates	AnimalTFDB3;JASPAR_CORE;Lambert_HumanTFs;OmniPath_DoRothEA;TFLink;TRRUST	ARACNe-GTEx_DoRothEA;DoRothEA;HOCOMOCO_DoRothEA;JASPAR_DoRothEA;ReMap_DoRothEA;TRRUST				existing_public_pair_union	existing_public_pair_union	new_candidate		3	false	vertebrates	existing_or_canonical	Cross-species inventory collapse only; retain species-specific evidence records separately.; Vertebrate JASPAR/profile scope is not treated as human/mouse evidence.
nr2e1	NR2E1;Nr2e1	human;mouse;vertebrates	AnimalTFDB3;JASPAR_CORE;Lambert_HumanTFs;OmniPath_DoRothEA;TFLink;TRRUST	CollecTRI;CollecTRI2;DoRothEA;DoRothEA-A_CollecTRI;DoRothEA-A_CollecTRI2;ExTRI2_CollecTRI2;ExTRI_CollecTRI;PAZAR;TFe_DoRothEA;TRRUST;TfactS_CollecTRI2	canonical_tf_edge;canonical_tf_role;module_22B_regulon	canonical_tf_edge;canonical_tf_role;module_22B_regulon	canonical_tf_edge;canonical_tf_role;module_22B_regulon	existing_public_pair_union	existing_public_pair_union	canonical_name_or_species_scope_match	16864	3	true		existing_or_canonical	Cross-species inventory collapse only; retain species-specific evidence records separately.; Vertebrate JASPAR/profile scope is not treated as human/mouse evidence.
nr2e3	NR2E3;Nr2e3	human;mouse;vertebrates	AnimalTFDB3;JASPAR_CORE;Lambert_HumanTFs;TFLink;TRRUST	TRRUST				existing_public_pair_union	existing_public_pair_union	new_candidate		3	false	vertebrates	existing_or_canonical	Cross-species inventory collapse only; retain species-specific evidence records separately.; Vertebrate JASPAR/profile scope is not treated as human/mouse evidence.
nr2f1	NR2F1;Nr2f1	human;mouse;vertebrates	AnimalTFDB3;JASPAR_CORE;Lambert_HumanTFs;OmniPath_DoRothEA;TFLink;TRRUST	CollecTRI;CollecTRI2;DoRothEA;DoRothEA-A_CollecTRI;DoRothEA-A_CollecTRI2;ExTRI2_CollecTRI2;ExTRI_CollecTRI;GOA_CollecTRI;GOA_CollecTRI2;HOCOMOCO_DoRothEA;HTRI_CollecTRI;HTRIdb;HTRIdb_CollecTRI2;HTRIdb_DoRothEA;JASPAR_DoRothEA;NTNUcuration_CollecTRI2;SIGNOR;SIGNOR_CollecTRI;SIGNOR_CollecTRI2;TFactS_CollecTRI;TFactS_DoRothEA;TRRD_DoRothEA;TRRUST;TRRUST_CollecTRI;TRRUST_CollecTRI2;TRRUST_DoRothEA;TfactS_CollecTRI2				existing_public_pair_union	existing_public_pair_union	new_candidate		3	false	vertebrates	existing_or_canonical	Cross-species inventory collapse only; retain species-specific evidence records separately.; Vertebrate JASPAR/profile scope is not treated as human/mouse evidence.
nr2f2	NR2F2;Nr2f2	human;mouse;vertebrates	AnimalTFDB3;JASPAR_CORE;Lambert_HumanTFs;OmniPath_DoRothEA;TFLink;TRRUST	ARACNe-GTEx_DoRothEA;CollecTRI;CollecTRI2;DoRothEA;DoRothEA-A_CollecTRI;DoRothEA-A_CollecTRI2;ExTRI2_CollecTRI2;ExTRI_CollecTRI;GEREDB_CollecTRI;GEREDB_CollecTRI2;HOCOMOCO_DoRothEA;HTRI_CollecTRI;HTRIdb;HTRIdb_CollecTRI2;HTRIdb_DoRothEA;JASPAR_DoRothEA;NTNU.Curated_CollecTRI;NTNUcuration_CollecTRI2;PAZAR;ReMap_DoRothEA;TFactS_CollecTRI;TFactS_DoRothEA;TFe_DoRothEA;TRRD_DoRothEA;TRRUST;TRRUST_CollecTRI;TRRUST_CollecTRI2;TRRUST_DoRothEA;TfactS_CollecTRI2				existing_public_pair_union	existing_public_pair_union	new_candidate		3	false	vertebrates	existing_or_canonical	Cross-species inventory collapse only; retain species-specific evidence records separately.; Vertebrate JASPAR/profile scope is not treated as human/mouse evidence.
nr2f6	NR2F6;Nr2F6;Nr2f6	human;mouse;vertebrates	AnimalTFDB3;JASPAR_CORE;Lambert_HumanTFs;OmniPath_DoRothEA;TFLink;TRRUST	ARACNe-GTEx_DoRothEA;CollecTRI;CollecTRI2;DoRothEA;DoRothEA-A_CollecTRI;DoRothEA-A_CollecTRI2;ExTRI2_CollecTRI2;ExTRI_CollecTRI;JASPAR_DoRothEA;ReMap_DoRothEA;SIGNOR;SIGNOR_CollecTRI;SIGNOR_CollecTRI2;TFactS_CollecTRI;TFactS_DoRothEA;TRRD_DoRothEA;TRRUST;TRRUST_CollecTRI;TRRUST_CollecTRI2;TRRUST_DoRothEA;TfactS_CollecTRI2				existing_public_pair_union	existing_public_pair_union	new_candidate		3	false	vertebrates	existing_or_canonical	Cross-species inventory collapse only; retain species-specific evidence records separately.; Vertebrate JASPAR/profile scope is not treated as human/mouse evidence.
nr3c1	NR3C1;Nr3c1	human;mouse;vertebrates	AnimalTFDB3;JASPAR_CORE;Lambert_HumanTFs;OmniPath_DoRothEA;TFLink;TRRUST	ARACNe-GTEx_DoRothEA;CollecTRI;CollecTRI2;DoRothEA;DoRothEA-A_CollecTRI;DoRothEA-A_CollecTRI2;ENCODE-proximal;ExTRI2_CollecTRI2;ExTRI_CollecTRI;FANTOM4_DoRothEA;GEREDB_CollecTRI;GEREDB_CollecTRI2;HOCOMOCO_DoRothEA;HTRI_CollecTRI;HTRIdb;HTRIdb_CollecTRI2;HTRIdb_DoRothEA;JASPAR_DoRothEA;NTNU.Curated_CollecTRI;NTNUcuration_CollecTRI2;ReMap_DoRothEA;SIGNOR;SIGNOR_CollecTRI;SIGNOR_CollecTRI2;TRRUST;TRRUST_CollecTRI;TRRUST_CollecTRI2;TRRUST_DoRothEA	canonical_tf_edge;canonical_tf_role	canonical_tf_edge;canonical_tf_role	canonical_tf_edge;canonical_tf_role	existing_public_pair_union	existing_public_pair_union	canonical_name_or_species_scope_match	12805	3	true		existing_or_canonical	Cross-species inventory collapse only; retain species-specific evidence records separately.; Vertebrate JASPAR/profile scope is not treated as human/mouse evidence.
nr3c2	NR3C2;Nr3c2	human;mouse;vertebrates	AnimalTFDB3;JASPAR_CORE;Lambert_HumanTFs;OmniPath_DoRothEA;TFLink;TRRUST	CollecTRI;CollecTRI2;DoRothEA;DoRothEA-A_CollecTRI;DoRothEA-A_CollecTRI2;GEREDB_CollecTRI;GEREDB_CollecTRI2;HTRI_CollecTRI;HTRIdb;HTRIdb_CollecTRI2;HTRIdb_DoRothEA;SIGNOR_CollecTRI;SIGNOR_CollecTRI2;TRRUST;TRRUST_CollecTRI;TRRUST_CollecTRI2;TRRUST_DoRothEA	canonical_tf_edge;canonical_tf_role	canonical_tf_edge;canonical_tf_role	canonical_tf_edge;canonical_tf_role	existing_public_pair_union	existing_public_pair_union	canonical_name_or_species_scope_match	12806	3	true		existing_or_canonical	Cross-species inventory collapse only; retain species-specific evidence records separately.; Vertebrate JASPAR/profile scope is not treated as human/mouse evidence.
nr4a1	NR4A1;Nr4a1	human;mouse;vertebrates	AnimalTFDB3;JASPAR_CORE;Lambert_HumanTFs;OmniPath_DoRothEA;TFLink;TRRUST	CollecTRI;CollecTRI2;DoRothEA;DoRothEA-A_CollecTRI2;ExTRI2_CollecTRI2;ExTRI_CollecTRI;FANTOM4_DoRothEA;GEREDB_CollecTRI;GEREDB_CollecTRI2;HOCOMOCO_DoRothEA;JASPAR_DoRothEA;NTNU.Curated_CollecTRI;NTNUcuration_CollecTRI2;SIGNOR_CollecTRI;SIGNOR_CollecTRI2;TFactS_CollecTRI;TFactS_DoRothEA;TRRUST;TRRUST_CollecTRI;TRRUST_CollecTRI2;TRRUST_DoRothEA;TfactS_CollecTRI2				existing_public_pair_union	existing_public_pair_union	new_candidate		3	false	vertebrates	existing_or_canonical	Cross-species inventory collapse only; retain species-specific evidence records separately.; Vertebrate JASPAR/profile scope is not treated as human/mouse evidence.
nr4a2	NR4A2;Nr4a2	human;mouse;vertebrates	AnimalTFDB3;JASPAR_CORE;Lambert_HumanTFs;TFLink;TRRUST	TRRUST				existing_public_pair_union	existing_public_pair_union	new_candidate		3	false	vertebrates	existing_or_canonical	Cross-species inventory collapse only; retain species-specific evidence records separately.; Vertebrate JASPAR/profile scope is not treated as human/mouse evidence.
nr4a3	NR4A3;Nr4a3	human;mouse	AnimalTFDB3;Lambert_HumanTFs;TFLink;TRRUST	TRRUST				existing_public_pair_union	existing_public_pair_union			2	false		existing_or_canonical	Cross-species inventory collapse only; retain species-specific evidence records separately.
nr5a1	NR5A1;Nr5a1	human;mouse;vertebrates	AnimalTFDB3;JASPAR_CORE;Lambert_HumanTFs;OmniPath_DoRothEA;TFLink;TRRUST	ARACNe-GTEx_DoRothEA;CollecTRI;CollecTRI2;DoRothEA;DoRothEA-A_CollecTRI;DoRothEA-A_CollecTRI2;ExTRI2_CollecTRI2;ExTRI_CollecTRI;GEREDB_CollecTRI;GEREDB_CollecTRI2;HOCOMOCO_DoRothEA;HTRI_CollecTRI;HTRIdb;HTRIdb_CollecTRI2;HTRIdb_DoRothEA;IntAct_DoRothEA;KEGG-MEDICUS;NTNU.Curated_CollecTRI;NTNUcuration_CollecTRI2;Pavlidis2021_CollecTRI;Pavlidis_CollecTRI2;SIGNOR;SIGNOR_CollecTRI;SIGNOR_CollecTRI2;TFactS_CollecTRI;TFactS_DoRothEA;TRRD_DoRothEA;TRRUST;TRRUST_CollecTRI;TRRUST_CollecTRI2;TRRUST_DoRothEA;TfactS_CollecTRI2	canonical_tf_edge;canonical_tf_role;module_22B_regulon	canonical_tf_edge;canonical_tf_role;module_22B_regulon	canonical_tf_edge;canonical_tf_role;module_22B_regulon	existing_public_pair_union	existing_public_pair_union	canonical_name_or_species_scope_match	16865	3	true		existing_or_canonical	Cross-species inventory collapse only; retain species-specific evidence records separately.; Vertebrate JASPAR/profile scope is not treated as human/mouse evidence.
nr5a2	NR5A2;Nr5a2	human;mouse;vertebrates	AnimalTFDB3;JASPAR_CORE;Lambert_HumanTFs;OmniPath_DoRothEA;TFLink;TRRUST	CollecTRI;CollecTRI2;DoRothEA;DoRothEA-A_CollecTRI;DoRothEA-A_CollecTRI2;HTRI_CollecTRI;HTRIdb;HTRIdb_CollecTRI2;HTRIdb_DoRothEA;SIGNOR_CollecTRI;SIGNOR_CollecTRI2;TRRUST;TRRUST_CollecTRI;TRRUST_CollecTRI2;TRRUST_DoRothEA	canonical_tf_edge;canonical_tf_role;module_22B_regulon	canonical_tf_edge;canonical_tf_role;module_22B_regulon	canonical_tf_edge;canonical_tf_role;module_22B_regulon	existing_public_pair_union	existing_public_pair_union	canonical_name_or_species_scope_match	16972	3	true		existing_or_canonical	Cross-species inventory collapse only; retain species-specific evidence records separately.; Vertebrate JASPAR/profile scope is not treated as human/mouse evidence.
nr6a1	NR6A1;Nr6a1	human;mouse;vertebrates	AnimalTFDB3;JASPAR_CORE;Lambert_HumanTFs;TFLink					new_candidate	new_candidate	new_candidate		3	false	human;mouse;vertebrates	new_candidate	Cross-species inventory collapse only; retain species-specific evidence records separately.; Vertebrate JASPAR/profile scope is not treated as human/mouse evidence.
nrdc	Nrdc	mouse	TFLink						new_candidate			1	false	mouse	new_candidate	
nrf1	NRF1;Nrf1	human;mouse;vertebrates	AnimalTFDB3;JASPAR_CORE;Lambert_HumanTFs;OmniPath_DoRothEA;TFLink;TRRUST	ARACNe-GTEx_DoRothEA;CollecTRI;CollecTRI2;DoRothEA;DoRothEA-A_CollecTRI;DoRothEA-A_CollecTRI2;ENCODE-proximal;ExTRI2_CollecTRI2;ExTRI_CollecTRI;FANTOM4_DoRothEA;HOCOMOCO_DoRothEA;HTRI_CollecTRI;HTRIdb;HTRIdb_CollecTRI2;HTRIdb_DoRothEA;JASPAR_DoRothEA;ReMap_DoRothEA;SIGNOR_CollecTRI;SIGNOR_CollecTRI2;TRRUST;TRRUST_CollecTRI;TRRUST_CollecTRI2;TRRUST_DoRothEA	canonical_tf_edge;canonical_tf_role;module_22B_regulon	canonical_tf_edge;canonical_tf_role;module_22B_regulon	canonical_tf_edge;canonical_tf_role;module_22B_regulon	existing_public_pair_union	existing_public_pair_union	canonical_name_or_species_scope_match	16866	3	true		existing_or_canonical	Cross-species inventory collapse only; retain species-specific evidence records separately.; Vertebrate JASPAR/profile scope is not treated as human/mouse evidence.
nrip1	NRIP1;Nrip1	human;mouse	TFLink;TRRUST	TRRUST				existing_public_pair_union	existing_public_pair_union			2	false		existing_or_canonical	Cross-species inventory collapse only; retain species-specific evidence records separately.
nrl	NRL;Nrl	human;mouse;vertebrates	AnimalTFDB3;JASPAR_CORE;Lambert_HumanTFs;OmniPath_DoRothEA;TFLink;TRRUST	CollecTRI;CollecTRI2;DoRothEA;DoRothEA-A_CollecTRI2;ExTRI2_CollecTRI2;ExTRI_CollecTRI;GEREDB_CollecTRI;GEREDB_CollecTRI2;NTNU.Curated_CollecTRI;NTNUcuration_CollecTRI2;PAZAR_DoRothEA;SIGNOR_CollecTRI;SIGNOR_CollecTRI2;TRRUST;TRRUST_CollecTRI;TRRUST_CollecTRI2;TRRUST_DoRothEA;TfactS_CollecTRI2				existing_public_pair_union	existing_public_pair_union	new_candidate		3	false	vertebrates	existing_or_canonical	Cross-species inventory collapse only; retain species-specific evidence records separately.; Vertebrate JASPAR/profile scope is not treated as human/mouse evidence.
nsd2	NSD2;Nsd2	human;mouse	AnimalTFDB3;TFLink					new_candidate	new_candidate			2	false	human;mouse	new_candidate	Cross-species inventory collapse only; retain species-specific evidence records separately.
nsd3	Nsd3	mouse	TFLink						new_candidate			1	false	mouse	new_candidate	
nucks1	Nucks1	mouse	TFLink						new_candidate			1	false	mouse	new_candidate	
nufip1	NUFIP1	human	TFLink					new_candidate				1	false	human	new_candidate	
nup153	NUP153	human	TFLink					new_candidate				1	false	human	new_candidate	
nup98	NUP98;Nup98	human;mouse	TFLink					new_candidate	new_candidate			2	false	human;mouse	new_candidate	Cross-species inventory collapse only; retain species-specific evidence records separately.
nupr1	NUPR1;Nupr1	human;mouse	TFLink;TRRUST	TRRUST				existing_public_pair_union	existing_public_pair_union			2	false		existing_or_canonical	Cross-species inventory collapse only; retain species-specific evidence records separately.
nvl	NVL;Nvl	human;mouse	TFLink					new_candidate	new_candidate			2	false	human;mouse	new_candidate	Cross-species inventory collapse only; retain species-specific evidence records separately.
nxf1	NXF1	human	TFLink					new_candidate				1	false	human	new_candidate	
obox1	Obox1	mouse	AnimalTFDB3						new_candidate			1	false	mouse	new_candidate	
obox3	Obox3	mouse	AnimalTFDB3						new_candidate			1	false	mouse	new_candidate	
obox5	Obox5	mouse	AnimalTFDB3						new_candidate			1	false	mouse	new_candidate	
obox6	Obox6	mouse	AnimalTFDB3						new_candidate			1	false	mouse	new_candidate	
obox7	Obox7	mouse	AnimalTFDB3						new_candidate			1	false	mouse	new_candidate	
obox8	Obox8	mouse	AnimalTFDB3						new_candidate			1	false	mouse	new_candidate	
oca2	OCA2	human	TFLink					new_candidate				1	false	human	new_candidate	
ogg1	OGG1	human	TFLink					new_candidate				1	false	human	new_candidate	
ogt	Ogt	mouse	TFLink						new_candidate			1	false	mouse	new_candidate	
olig1	OLIG1;Olig1	human;mouse;vertebrates	AnimalTFDB3;JASPAR_CORE;Lambert_HumanTFs;TFLink;TRRUST	TRRUST				new_candidate	existing_public_pair_union	new_candidate		3	false	human;vertebrates	existing_or_canonical	Cross-species inventory collapse only; retain species-specific evidence records separately.; Vertebrate JASPAR/profile scope is not treated as human/mouse evidence.
olig2	OLIG2;Olig2	human;mouse;vertebrates	AnimalTFDB3;JASPAR_CORE;Lambert_HumanTFs;TFLink;TRRUST	TRRUST				existing_public_pair_union	existing_public_pair_union	new_candidate		3	false	vertebrates	existing_or_canonical	Cross-species inventory collapse only; retain species-specific evidence records separately.; Vertebrate JASPAR/profile scope is not treated as human/mouse evidence.
olig3	OLIG3;Olig3	human;mouse;vertebrates	AnimalTFDB3;JASPAR_CORE;Lambert_HumanTFs					new_candidate	new_candidate	new_candidate		3	false	human;mouse;vertebrates	new_candidate	Cross-species inventory collapse only; retain species-specific evidence records separately.; Vertebrate JASPAR/profile scope is not treated as human/mouse evidence.
onecut1	ONECUT1;Onecut1	human;mouse;vertebrates	AnimalTFDB3;JASPAR_CORE;Lambert_HumanTFs;OmniPath_DoRothEA;TFLink;TRRUST	CollecTRI;CollecTRI2;DoRothEA;ReMap_DoRothEA;TRRUST;TRRUST_CollecTRI;TRRUST_CollecTRI2;TRRUST_DoRothEA				existing_public_pair_union	existing_public_pair_union	new_candidate		3	false	vertebrates	existing_or_canonical	Cross-species inventory collapse only; retain species-specific evidence records separately.; Vertebrate JASPAR/profile scope is not treated as human/mouse evidence.
onecut2	ONECUT2;Onecut2	human;mouse;vertebrates	AnimalTFDB3;JASPAR_CORE;Lambert_HumanTFs;OmniPath_DoRothEA;TFLink;TRRUST	CollecTRI;CollecTRI2;DoRothEA;DoRothEA-A_CollecTRI;DoRothEA-A_CollecTRI2;ExTRI_CollecTRI;HTRI_CollecTRI;HTRIdb;HTRIdb_CollecTRI2;HTRIdb_DoRothEA;TRRUST;TRRUST_CollecTRI;TRRUST_CollecTRI2;TRRUST_DoRothEA				existing_public_pair_union	existing_public_pair_union	new_candidate		3	false	vertebrates	existing_or_canonical	Cross-species inventory collapse only; retain species-specific evidence records separately.; Vertebrate JASPAR/profile scope is not treated as human/mouse evidence.
onecut3	ONECUT3;Onecut3	human;mouse;vertebrates	AnimalTFDB3;JASPAR_CORE;Lambert_HumanTFs					new_candidate	new_candidate	new_candidate		3	false	human;mouse;vertebrates	new_candidate	Cross-species inventory collapse only; retain species-specific evidence records separately.; Vertebrate JASPAR/profile scope is not treated as human/mouse evidence.
orc1	ORC1	human	TFLink					new_candidate				1	false	human	new_candidate	
orc2	ORC2	human	TFLink					new_candidate				1	false	human	new_candidate	
osr1	OSR1;Osr1	human;mouse;vertebrates	AnimalTFDB3;JASPAR_CORE;Lambert_HumanTFs;TFLink					new_candidate	new_candidate	new_candidate		3	false	human;mouse;vertebrates	new_candidate	Cross-species inventory collapse only; retain species-specific evidence records separately.; Vertebrate JASPAR/profile scope is not treated as human/mouse evidence.
osr2	OSR2;Osr2	human;mouse;vertebrates	AnimalTFDB3;JASPAR_CORE;Lambert_HumanTFs;TFLink					new_candidate	new_candidate	new_candidate		3	false	human;mouse;vertebrates	new_candidate	Cross-species inventory collapse only; retain species-specific evidence records separately.; Vertebrate JASPAR/profile scope is not treated as human/mouse evidence.
otp	OTP;Otp	human;mouse	AnimalTFDB3;Lambert_HumanTFs					new_candidate	new_candidate			2	false	human;mouse	new_candidate	Cross-species inventory collapse only; retain species-specific evidence records separately.
otx1	OTX1;Otx1	human;mouse;vertebrates	AnimalTFDB3;JASPAR_CORE;Lambert_HumanTFs;TFLink;TRRUST	TRRUST				existing_public_pair_union	new_candidate	new_candidate		3	false	mouse;vertebrates	existing_or_canonical	Cross-species inventory collapse only; retain species-specific evidence records separately.; Vertebrate JASPAR/profile scope is not treated as human/mouse evidence.
otx2	OTX2;Otx2	human;mouse;vertebrates	AnimalTFDB3;JASPAR_CORE;Lambert_HumanTFs;OmniPath_DoRothEA;TFLink;TRRUST	CollecTRI;CollecTRI2;DoRothEA;DoRothEA-A_CollecTRI;DoRothEA-A_CollecTRI2;ExTRI2_CollecTRI2;HTRI_CollecTRI;HTRIdb;HTRIdb_CollecTRI2;HTRIdb_DoRothEA;SIGNOR_CollecTRI;SIGNOR_CollecTRI2;TRRUST;TRRUST_CollecTRI;TRRUST_CollecTRI2;TRRUST_DoRothEA				existing_public_pair_union	existing_public_pair_union	new_candidate		3	false	vertebrates	existing_or_canonical	Cross-species inventory collapse only; retain species-specific evidence records separately.; Vertebrate JASPAR/profile scope is not treated as human/mouse evidence.
ovol1	OVOL1;Ovol1	human;mouse;vertebrates	AnimalTFDB3;JASPAR_CORE;Lambert_HumanTFs;TFLink;TRRUST	TRRUST				new_candidate	existing_public_pair_union	new_candidate		3	false	human;vertebrates	existing_or_canonical	Cross-species inventory collapse only; retain species-specific evidence records separately.; Vertebrate JASPAR/profile scope is not treated as human/mouse evidence.
ovol2	OVOL2;Ovol2	human;mouse;vertebrates	AnimalTFDB3;JASPAR_CORE;Lambert_HumanTFs;TFLink					new_candidate	new_candidate	new_candidate		3	false	human;mouse;vertebrates	new_candidate	Cross-species inventory collapse only; retain species-specific evidence records separately.; Vertebrate JASPAR/profile scope is not treated as human/mouse evidence.
ovol3	OVOL3;Ovol3	human;mouse	AnimalTFDB3;Lambert_HumanTFs;TFLink					new_candidate	new_candidate			2	false	human;mouse	new_candidate	Cross-species inventory collapse only; retain species-specific evidence records separately.
p65	p65	human	TFLink					new_candidate				1	false	human	new_candidate	
pa2g4	PA2G4	human	Lambert_HumanTFs;TFLink;TRRUST	TRRUST				existing_public_pair_union				1	false		existing_or_canonical	
padi2	PADI2	human	TFLink					new_candidate				1	false	human	new_candidate	
paf1	PAF1	human	TFLink					new_candidate				1	false	human	new_candidate	
palb2	PALB2	human	TFLink					new_candidate				1	false	human	new_candidate	
parp1	PARP1;Parp1	human;mouse	TFLink;TRRUST	TRRUST				existing_public_pair_union	existing_public_pair_union			2	false		existing_or_canonical	Cross-species inventory collapse only; retain species-specific evidence records separately.
parp12	PARP12;Parp12	human;mouse	AnimalTFDB3					new_candidate	new_candidate			2	false	human;mouse	new_candidate	Cross-species inventory collapse only; retain species-specific evidence records separately.
patz1	PATZ1;Patz1	human;mouse;vertebrates	AnimalTFDB3;JASPAR_CORE;Lambert_HumanTFs;TFLink					new_candidate	new_candidate	new_candidate		3	false	human;mouse;vertebrates	new_candidate	Cross-species inventory collapse only; retain species-specific evidence records separately.; Vertebrate JASPAR/profile scope is not treated as human/mouse evidence.
pawr	PAWR	human	TFLink;TRRUST	TRRUST				existing_public_pair_union				1	false		existing_or_canonical	
pax1	PAX1;Pax1	human;mouse;vertebrates	AnimalTFDB3;JASPAR_CORE;Lambert_HumanTFs;OmniPath_DoRothEA;TFLink;TRRUST	CollecTRI;CollecTRI2;DoRothEA;DoRothEA-A_CollecTRI2;ExTRI2_CollecTRI2;ExTRI_CollecTRI;GEREDB_CollecTRI;GEREDB_CollecTRI2;RegNetwork_DoRothEA;TRED_DoRothEA;TRRUST;TRRUST_CollecTRI;TRRUST_CollecTRI2;TRRUST_DoRothEA;TfactS_CollecTRI2				existing_public_pair_union	existing_public_pair_union	new_candidate		3	false	vertebrates	existing_or_canonical	Cross-species inventory collapse only; retain species-specific evidence records separately.; Vertebrate JASPAR/profile scope is not treated as human/mouse evidence.
pax2	PAX2;Pax2	human;mouse;vertebrates	AnimalTFDB3;JASPAR_CORE;Lambert_HumanTFs;OmniPath_DoRothEA;TFLink;TRRUST	CollecTRI;CollecTRI2;DoRothEA;DoRothEA-A_CollecTRI;DoRothEA-A_CollecTRI2;ExTRI2_CollecTRI2;ExTRI_CollecTRI;GEREDB_CollecTRI;GEREDB_CollecTRI2;JASPAR_DoRothEA;NTNU.Curated_CollecTRI;NTNUcuration_CollecTRI2;RegNetwork_DoRothEA;SIGNOR;SIGNOR_CollecTRI;SIGNOR_CollecTRI2;TRED_DoRothEA;TRRUST;TRRUST_CollecTRI;TRRUST_CollecTRI2;TRRUST_DoRothEA	canonical_tf_edge;canonical_tf_role;module_22B_regulon	canonical_tf_edge;canonical_tf_role;module_22B_regulon	canonical_tf_edge;canonical_tf_role;module_22B_regulon	existing_public_pair_union	existing_public_pair_union	canonical_name_or_species_scope_match	16867	3	true		existing_or_canonical	Cross-species inventory collapse only; retain species-specific evidence records separately.; Vertebrate JASPAR/profile scope is not treated as human/mouse evidence.
pax3	PAX3;Pax3	human;mouse;vertebrates	AnimalTFDB3;JASPAR_CORE;Lambert_HumanTFs;OmniPath_DoRothEA;TFLink;TRRUST	CollecTRI;CollecTRI2;DoRothEA;DoRothEA-A_CollecTRI2;ExTRI2_CollecTRI2;ExTRI_CollecTRI;FANTOM4_DoRothEA;GEREDB_CollecTRI;GEREDB_CollecTRI2;RegNetwork_DoRothEA;TRED_DoRothEA;TRRUST;TRRUST_CollecTRI;TRRUST_CollecTRI2;TRRUST_DoRothEA;TfactS_CollecTRI2	canonical_tf_edge;canonical_tf_role;module_22B_regulon	canonical_tf_edge;canonical_tf_role;module_22B_regulon	canonical_tf_edge;canonical_tf_role;module_22B_regulon	existing_public_pair_union	existing_public_pair_union	canonical_name_or_species_scope_match	16923	3	true		existing_or_canonical	Cross-species inventory collapse only; retain species-specific evidence records separately.; Vertebrate JASPAR/profile scope is not treated as human/mouse evidence.
pax4	PAX4;Pax4	human;mouse;vertebrates	AnimalTFDB3;JASPAR_CORE;Lambert_HumanTFs;OmniPath_DoRothEA;TFLink;TRRUST	CollecTRI;CollecTRI2;DoRothEA;DoRothEA-A_CollecTRI2;ExTRI2_CollecTRI2;ExTRI_CollecTRI;GEREDB_CollecTRI;GEREDB_CollecTRI2;NTNU.Curated_CollecTRI;NTNUcuration_CollecTRI2;RegNetwork_DoRothEA;TRED_DoRothEA;TRRUST;TRRUST_CollecTRI;TRRUST_CollecTRI2;TRRUST_DoRothEA;TfactS_CollecTRI2				existing_public_pair_union	existing_public_pair_union	new_candidate		3	false	vertebrates	existing_or_canonical	Cross-species inventory collapse only; retain species-specific evidence records separately.; Vertebrate JASPAR/profile scope is not treated as human/mouse evidence.
pax5	PAX5;Pax5	human;mouse;vertebrates	AnimalTFDB3;JASPAR_CORE;Lambert_HumanTFs;OmniPath_DoRothEA;TFLink;TRRUST	ARACNe-GTEx_DoRothEA;CollecTRI;CollecTRI2;DoRothEA;DoRothEA-A_CollecTRI;DoRothEA-A_CollecTRI2;ENCODE-distal;ENCODE-proximal;ExTRI2_CollecTRI2;ExTRI_CollecTRI;FANTOM4_DoRothEA;GEREDB_CollecTRI;GEREDB_CollecTRI2;HOCOMOCO_DoRothEA;HTRI_CollecTRI;HTRIdb;HTRIdb_CollecTRI2;HTRIdb_DoRothEA;JASPAR_DoRothEA;NTNU.Curated_CollecTRI;NTNUcuration_CollecTRI2;Pavlidis2021_CollecTRI;Pavlidis_CollecTRI2;ReMap_DoRothEA;SIGNOR;SIGNOR_CollecTRI2;TRRUST;TRRUST_CollecTRI;TRRUST_CollecTRI2;TRRUST_DoRothEA;TfactS_CollecTRI2	canonical_tf_edge;canonical_tf_role;module_22B_regulon	canonical_tf_edge;canonical_tf_role;module_22B_regulon	canonical_tf_edge;canonical_tf_role;module_22B_regulon	existing_public_pair_union	existing_public_pair_union	canonical_name_or_species_scope_match	16868	3	true		existing_or_canonical	Cross-species inventory collapse only; retain species-specific evidence records separately.; Vertebrate JASPAR/profile scope is not treated as human/mouse evidence.
pax6	PAX6;Pax6	human;mouse;vertebrates	AnimalTFDB3;JASPAR_CORE;Lambert_HumanTFs;OmniPath_DoRothEA;TFLink;TRRUST	CollecTRI;CollecTRI2;DoRothEA;DoRothEA-A_CollecTRI;DoRothEA-A_CollecTRI2;ExTRI2_CollecTRI2;ExTRI_CollecTRI;GEREDB_CollecTRI;GEREDB_CollecTRI2;GOA_CollecTRI;GOA_CollecTRI2;HOCOMOCO_DoRothEA;NTNUcuration_CollecTRI2;PAZAR;Pavlidis2021_CollecTRI;Pavlidis_CollecTRI2;ReMap_DoRothEA;RegNetwork_DoRothEA;SIGNOR_CollecTRI;SIGNOR_CollecTRI2;TFactS_CollecTRI;TFe_DoRothEA;TRED_DoRothEA;TRRUST;TRRUST_CollecTRI;TRRUST_CollecTRI2;TRRUST_DoRothEA;TfactS_CollecTRI2	canonical_tf_edge;canonical_tf_role;module_22B_regulon	canonical_tf_edge;canonical_tf_role;module_22B_regulon	canonical_tf_edge;canonical_tf_role;module_22B_regulon	existing_public_pair_union	existing_public_pair_union	canonical_name_or_species_scope_match	16869	3	true		existing_or_canonical	Cross-species inventory collapse only; retain species-specific evidence records separately.; Vertebrate JASPAR/profile scope is not treated as human/mouse evidence.
pax7	PAX7;Pax7	human;mouse;vertebrates	AnimalTFDB3;JASPAR_CORE;Lambert_HumanTFs;TFLink;TRRUST	TRRUST				new_candidate	existing_public_pair_union	new_candidate		3	false	human;vertebrates	existing_or_canonical	Cross-species inventory collapse only; retain species-specific evidence records separately.; Vertebrate JASPAR/profile scope is not treated as human/mouse evidence.
pax8	PAX8;Pax8	human;mouse;vertebrates	AnimalTFDB3;JASPAR_CORE;Lambert_HumanTFs;OmniPath_DoRothEA;TFLink;TRRUST	ARACNe-GTEx_DoRothEA;CollecTRI;CollecTRI2;DoRothEA;DoRothEA-A_CollecTRI;DoRothEA-A_CollecTRI2;ExTRI2_CollecTRI2;ExTRI_CollecTRI;FANTOM4_DoRothEA;GEREDB_CollecTRI;GEREDB_CollecTRI2;HTRI_CollecTRI;HTRIdb;HTRIdb_CollecTRI2;HTRIdb_DoRothEA;IntAct_DoRothEA;NTNU.Curated_CollecTRI;NTNUcuration_CollecTRI2;PAZAR;ReMap_DoRothEA;RegNetwork_DoRothEA;SIGNOR;SIGNOR_CollecTRI;SIGNOR_CollecTRI2;TFactS_CollecTRI;TFe_DoRothEA;TRED_DoRothEA;TRRUST;TRRUST_CollecTRI;TRRUST_CollecTRI2;TRRUST_DoRothEA;TfactS_CollecTRI2	canonical_tf_edge;canonical_tf_role;module_22B_regulon	canonical_tf_edge;canonical_tf_role;module_22B_regulon	canonical_tf_edge;canonical_tf_role;module_22B_regulon	existing_public_pair_union	existing_public_pair_union	canonical_name_or_species_scope_match	16870	3	true		existing_or_canonical	Cross-species inventory collapse only; retain species-specific evidence records separately.; Vertebrate JASPAR/profile scope is not treated as human/mouse evidence.
pax9	PAX9;Pax9	human;mouse;vertebrates	AnimalTFDB3;JASPAR_CORE;Lambert_HumanTFs;TFLink;TRRUST	TRRUST				new_candidate	existing_public_pair_union	new_candidate		3	false	human;vertebrates	existing_or_canonical	Cross-species inventory collapse only; retain species-specific evidence records separately.; Vertebrate JASPAR/profile scope is not treated as human/mouse evidence.
paxbp1	PAXBP1;Paxbp1	human;mouse	AnimalTFDB3					new_candidate	new_candidate			2	false	human;mouse	new_candidate	Cross-species inventory collapse only; retain species-specific evidence records separately.
pbrm1	PBRM1;Pbrm1	human;mouse	AnimalTFDB3;TFLink;TRRUST	TRRUST				new_candidate	existing_public_pair_union			2	false	human	existing_or_canonical	Cross-species inventory collapse only; retain species-specific evidence records separately.
pbx1	PBX1;Pbx1	human;mouse;vertebrates	AnimalTFDB3;JASPAR_CORE;Lambert_HumanTFs;OmniPath_DoRothEA;TFLink;TRRUST	CollecTRI;CollecTRI2;CytReg_CollecTRI;CytReg_CollecTRI2;DoRothEA;DoRothEA-A_CollecTRI2;ExTRI2_CollecTRI2;ExTRI_CollecTRI;GEREDB_CollecTRI;GEREDB_CollecTRI2;NTNU.Curated_CollecTRI;NTNUcuration_CollecTRI2;Pavlidis2021_CollecTRI;Pavlidis_CollecTRI2;TFactS_CollecTRI;TFactS_DoRothEA;TFe_DoRothEA;TRRUST;TRRUST_CollecTRI;TRRUST_CollecTRI2;TRRUST_DoRothEA;TfactS_CollecTRI2				existing_public_pair_union	existing_public_pair_union	new_candidate		3	false	vertebrates	existing_or_canonical	Cross-species inventory collapse only; retain species-specific evidence records separately.; Vertebrate JASPAR/profile scope is not treated as human/mouse evidence.
pbx2	PBX2;Pbx2	human;mouse;vertebrates	AnimalTFDB3;JASPAR_CORE;Lambert_HumanTFs;OmniPath_DoRothEA;TFLink;TRRUST	ARACNe-GTEx_DoRothEA;CollecTRI;CollecTRI2;DoRothEA;DoRothEA-A_CollecTRI;DoRothEA-A_CollecTRI2;ExTRI2_CollecTRI2;ExTRI_CollecTRI;HOCOMOCO_DoRothEA;HTRI_CollecTRI;HTRIdb;HTRIdb_CollecTRI2;HTRIdb_DoRothEA;NTNU.Curated_CollecTRI;NTNUcuration_CollecTRI2;ReMap_DoRothEA;TRRUST;TRRUST_CollecTRI;TRRUST_CollecTRI2;TRRUST_DoRothEA				existing_public_pair_union	existing_public_pair_union	new_candidate		3	false	vertebrates	existing_or_canonical	Cross-species inventory collapse only; retain species-specific evidence records separately.; Vertebrate JASPAR/profile scope is not treated as human/mouse evidence.
pbx3	PBX3;Pbx3	human;mouse;vertebrates	AnimalTFDB3;JASPAR_CORE;Lambert_HumanTFs;OmniPath_DoRothEA;TFLink	ARACNe-GTEx_DoRothEA;DoRothEA;HOCOMOCO_DoRothEA;JASPAR_DoRothEA;ReMap_DoRothEA				existing_public_pair_union	new_candidate	new_candidate		3	false	mouse;vertebrates	existing_or_canonical	Cross-species inventory collapse only; retain species-specific evidence records separately.; Vertebrate JASPAR/profile scope is not treated as human/mouse evidence.
pbx4	PBX4;Pbx4	human;mouse	AnimalTFDB3;Lambert_HumanTFs;TFLink;TRRUST	TRRUST				new_candidate	existing_public_pair_union			2	false	human	existing_or_canonical	Cross-species inventory collapse only; retain species-specific evidence records separately.
pbxip1	PBXIP1	human	TFLink					new_candidate				1	false	human	new_candidate	
pcbd1	PCBD1	human	TFLink;TRRUST	TRRUST				existing_public_pair_union				1	false		existing_or_canonical	
pcbp1	PCBP1	human	TFLink					new_candidate				1	false	human	new_candidate	
pcbp2	PCBP2;Pcbp2	human;mouse	TFLink;TRRUST	TRRUST				new_candidate	existing_public_pair_union			2	false	human	existing_or_canonical	Cross-species inventory collapse only; retain species-specific evidence records separately.
pcf11	PCF11	human	TFLink					new_candidate				1	false	human	new_candidate	
pcgf1	PCGF1;Pcgf1	human;mouse	TFLink					new_candidate	new_candidate			2	false	human;mouse	new_candidate	Cross-species inventory collapse only; retain species-specific evidence records separately.
pcgf2	PCGF2;Pcgf2	human;mouse	Lambert_HumanTFs;OmniPath_DoRothEA;TFLink;TRRUST	CollecTRI;CollecTRI2;DoRothEA;DoRothEA-A_CollecTRI2;ExTRI2_CollecTRI2;ReMap_DoRothEA;TRRUST;TRRUST_CollecTRI;TRRUST_CollecTRI2;TRRUST_DoRothEA				existing_public_pair_union	existing_public_pair_union			2	false		existing_or_canonical	Cross-species inventory collapse only; retain species-specific evidence records separately.
pcgf3	PcgF3	mouse	TFLink						new_candidate			1	false	mouse	new_candidate	
pcgf5	PCGF5	human	TFLink					new_candidate				1	false	human	new_candidate	
pcgf6	PCGF6;Pcgf6	human;mouse	Lambert_HumanTFs;TFLink					new_candidate	new_candidate			2	false	human;mouse	new_candidate	Cross-species inventory collapse only; retain species-specific evidence records separately.
pcna	Pcna	mouse	TFLink						new_candidate			1	false	mouse	new_candidate	
pdcd11	PDCD11	human	TFLink;TRRUST	TRRUST				existing_public_pair_union				1	false		existing_or_canonical	
pdhx	PDHX	human	TFLink					new_candidate				1	false	human	new_candidate	
pdx1	PDX1;Pdx1	human;mouse;vertebrates	AnimalTFDB3;JASPAR_CORE;Lambert_HumanTFs;OmniPath_DoRothEA;TFLink;TRRUST	CollecTRI;CollecTRI2;DoRothEA;DoRothEA-A_CollecTRI;DoRothEA-A_CollecTRI2;ExTRI2_CollecTRI2;ExTRI_CollecTRI;HTRI_CollecTRI;HTRIdb;HTRIdb_CollecTRI2;HTRIdb_DoRothEA;JASPAR_DoRothEA;NFIRegulomeDB_DoRothEA;NTNU.Curated_CollecTRI;NTNUcuration_CollecTRI2;PAZAR;PAZAR_DoRothEA;Pavlidis2021_CollecTRI;Pavlidis_CollecTRI2;SIGNOR;SIGNOR_CollecTRI;SIGNOR_CollecTRI2;TFactS_CollecTRI;TFactS_DoRothEA;TRRD_DoRothEA;TRRUST;TRRUST_CollecTRI;TRRUST_CollecTRI2;TRRUST_DoRothEA;TfactS_CollecTRI2				existing_public_pair_union	existing_public_pair_union	new_candidate		3	false	vertebrates	existing_or_canonical	Cross-species inventory collapse only; retain species-specific evidence records separately.; Vertebrate JASPAR/profile scope is not treated as human/mouse evidence.
peg10	PEG10	human	TFLink					new_candidate				1	false	human	new_candidate	
peg3	PEG3;Peg3	human;mouse	AnimalTFDB3;Lambert_HumanTFs;TFLink;TRRUST	TRRUST				new_candidate	existing_public_pair_union			2	false	human	existing_or_canonical	Cross-species inventory collapse only; retain species-specific evidence records separately.
pelp1	Pelp1	mouse	TFLink;TRRUST	TRRUST					existing_public_pair_union			1	false		existing_or_canonical	
per1	PER1;Per1	human;mouse	TFLink;TRRUST	TRRUST				existing_public_pair_union	existing_public_pair_union			2	false		existing_or_canonical	Cross-species inventory collapse only; retain species-specific evidence records separately.
per2	PER2;Per2	human;mouse	TFLink;TRRUST	TRRUST				existing_public_pair_union	existing_public_pair_union			2	false		existing_or_canonical	Cross-species inventory collapse only; retain species-specific evidence records separately.
pex2	PEX2;Pex2	human;mouse	TFLink					new_candidate	new_candidate			2	false	human;mouse	new_candidate	Cross-species inventory collapse only; retain species-specific evidence records separately.
pgbd5	PGBD5	human	TFLink					new_candidate				1	false	human	new_candidate	
pgr	PGR;Pgr	human;mouse;vertebrates	AnimalTFDB3;JASPAR_CORE;Lambert_HumanTFs;OmniPath_DoRothEA;TFLink;TRRUST	ARACNe-GTEx_DoRothEA;CollecTRI;CollecTRI2;DoRothEA;DoRothEA-A_CollecTRI;DoRothEA-A_CollecTRI2;ExTRI2_CollecTRI2;ExTRI_CollecTRI;FANTOM4_DoRothEA;GEREDB_CollecTRI;GEREDB_CollecTRI2;GOA_CollecTRI;GOA_CollecTRI2;HOCOMOCO_DoRothEA;HTRI_CollecTRI;HTRIdb;HTRIdb_CollecTRI2;HTRIdb_DoRothEA;IntAct_DoRothEA;KEGG-MEDICUS;NTNU.Curated_CollecTRI;NTNUcuration_CollecTRI2;ReMap_DoRothEA;RegNetwork_DoRothEA;TRED_DoRothEA;TRRUST;TRRUST_CollecTRI;TRRUST_CollecTRI2;TRRUST_DoRothEA;TfactS_CollecTRI2	canonical_tf_edge;canonical_tf_role;module_22B_regulon	canonical_tf_edge;canonical_tf_role;module_22B_regulon	canonical_tf_edge;canonical_tf_role;module_22B_regulon	existing_public_pair_union	existing_public_pair_union	canonical_name_or_species_scope_match	16781	3	true		existing_or_canonical	Cross-species inventory collapse only; retain species-specific evidence records separately.; Vertebrate JASPAR/profile scope is not treated as human/mouse evidence.
phb	PHB;Phb	human;mouse	AnimalTFDB3					new_candidate	new_candidate			2	false	human;mouse	new_candidate	Cross-species inventory collapse only; retain species-specific evidence records separately.
phb2	PHB2	human	TFLink;TRRUST	TRRUST				existing_public_pair_union				1	false		existing_or_canonical	
phc1	Phc1	mouse	TFLink						new_candidate			1	false	mouse	new_candidate	
phf1	PHF1	human	Lambert_HumanTFs					new_candidate				1	false	human	new_candidate	
phf10	PHF10	human	TFLink;TRRUST	TRRUST				existing_public_pair_union				1	false		existing_or_canonical	
phf12	Phf12	mouse	TFLink;TRRUST	TRRUST					existing_public_pair_union			1	false		existing_or_canonical	
phf19	PHF19;Phf19	human;mouse	Lambert_HumanTFs;TFLink					new_candidate	new_candidate			2	false	human;mouse	new_candidate	Cross-species inventory collapse only; retain species-specific evidence records separately.
phf2	PHF2;Phf2	human;mouse	TFLink;TRRUST	TRRUST				new_candidate	existing_public_pair_union			2	false	human	existing_or_canonical	Cross-species inventory collapse only; retain species-specific evidence records separately.
phf20	PHF20;Phf20	human;mouse	Lambert_HumanTFs;TFLink					new_candidate	new_candidate			2	false	human;mouse	new_candidate	Cross-species inventory collapse only; retain species-specific evidence records separately.
phf21a	PHF21A	human	Lambert_HumanTFs;TFLink					new_candidate				1	false	human	new_candidate	
phf5a	PHF5A;Phf5a	human;mouse	TFLink					new_candidate	new_candidate			2	false	human;mouse	new_candidate	Cross-species inventory collapse only; retain species-specific evidence records separately.
phf6	PHF6;Phf6	human;mouse	TFLink					new_candidate	new_candidate			2	false	human;mouse	new_candidate	Cross-species inventory collapse only; retain species-specific evidence records separately.
phf8	PHF8	human	TFLink;TRRUST	TRRUST				existing_public_pair_union				1	false		existing_or_canonical	
phox2a	PHOX2A;Phox2a	human;mouse;vertebrates	AnimalTFDB3;JASPAR_CORE;Lambert_HumanTFs;TFLink;TRRUST	TRRUST				existing_public_pair_union	existing_public_pair_union	new_candidate		3	false	vertebrates	existing_or_canonical	Cross-species inventory collapse only; retain species-specific evidence records separately.; Vertebrate JASPAR/profile scope is not treated as human/mouse evidence.
phox2b	PHOX2B;Phox2b	human;mouse;vertebrates	AnimalTFDB3;JASPAR_CORE;Lambert_HumanTFs;TFLink;TRRUST	TRRUST	canonical_tf_edge;canonical_tf_role;module_22B_regulon	canonical_tf_edge;canonical_tf_role;module_22B_regulon	canonical_tf_edge;canonical_tf_role;module_22B_regulon	existing_public_pair_union	existing_public_pair_union	canonical_name_or_species_scope_match	16871	3	true		existing_or_canonical	Cross-species inventory collapse only; retain species-specific evidence records separately.; Vertebrate JASPAR/profile scope is not treated as human/mouse evidence.
phrf1	Phrf1	mouse	TFLink						new_candidate			1	false	mouse	new_candidate	
phtf1	PHTF1;Phtf1	human;mouse	AnimalTFDB3					new_candidate	new_candidate			2	false	human;mouse	new_candidate	Cross-species inventory collapse only; retain species-specific evidence records separately.
pias1	PIAS1;Pias1	human;mouse	AnimalTFDB3;TFLink;TRRUST	TRRUST	canonical_tf_edge;canonical_tf_role;module_22B_regulon	canonical_tf_edge;canonical_tf_role;module_22B_regulon		existing_public_pair_union	existing_public_pair_union		16872	2	true		existing_or_canonical	Cross-species inventory collapse only; retain species-specific evidence records separately.
pias2	PIAS2;Pias2	human;mouse	AnimalTFDB3;TFLink;TRRUST	TRRUST				existing_public_pair_union	existing_public_pair_union			2	false		existing_or_canonical	Cross-species inventory collapse only; retain species-specific evidence records separately.
pias3	PIAS3;Pias3	human;mouse	AnimalTFDB3;TFLink;TRRUST	TRRUST				existing_public_pair_union	existing_public_pair_union			2	false		existing_or_canonical	Cross-species inventory collapse only; retain species-specific evidence records separately.
pias4	PIAS4;Pias4	human;mouse	AnimalTFDB3;TFLink;TRRUST	TRRUST				existing_public_pair_union	existing_public_pair_union			2	false		existing_or_canonical	Cross-species inventory collapse only; retain species-specific evidence records separately.
pin1	PIN1	human	Lambert_HumanTFs					new_candidate				1	false	human	new_candidate	
pir	PIR	human	TFLink;TRRUST	TRRUST				existing_public_pair_union				1	false		existing_or_canonical	
pitx1	PITX1;Pitx1	human;mouse;vertebrates	AnimalTFDB3;JASPAR_CORE;Lambert_HumanTFs;OmniPath_DoRothEA;TFLink;TRRUST	ARACNe-GTEx_DoRothEA;CollecTRI;CollecTRI2;DoRothEA;DoRothEA-A_CollecTRI2;ExTRI2_CollecTRI2;ExTRI_CollecTRI;GEREDB_CollecTRI;GEREDB_CollecTRI2;TFactS_CollecTRI;TFactS_DoRothEA;TRRUST;TRRUST_CollecTRI;TRRUST_CollecTRI2;TRRUST_DoRothEA;TfactS_CollecTRI2				existing_public_pair_union	existing_public_pair_union	new_candidate		3	false	vertebrates	existing_or_canonical	Cross-species inventory collapse only; retain species-specific evidence records separately.; Vertebrate JASPAR/profile scope is not treated as human/mouse evidence.
pitx2	PITX2;Pitx2	human;mouse;vertebrates	AnimalTFDB3;JASPAR_CORE;Lambert_HumanTFs;OmniPath_DoRothEA;TFLink;TRRUST	CollecTRI;CollecTRI2;DoRothEA;DoRothEA-A_CollecTRI2;ExTRI2_CollecTRI2;ExTRI_CollecTRI;GEREDB_CollecTRI;GEREDB_CollecTRI2;NTNU.Curated_CollecTRI;NTNUcuration_CollecTRI2;TFactS_CollecTRI;TFactS_DoRothEA;TRRUST;TRRUST_CollecTRI;TRRUST_CollecTRI2;TRRUST_DoRothEA;TfactS_CollecTRI2				existing_public_pair_union	existing_public_pair_union	new_candidate		3	false	vertebrates	existing_or_canonical	Cross-species inventory collapse only; retain species-specific evidence records separately.; Vertebrate JASPAR/profile scope is not treated as human/mouse evidence.
pitx3	PITX3;Pitx3	human;mouse;vertebrates	AnimalTFDB3;JASPAR_CORE;Lambert_HumanTFs;TFLink;TRRUST	TRRUST				existing_public_pair_union	existing_public_pair_union	new_candidate		3	false	vertebrates	existing_or_canonical	Cross-species inventory collapse only; retain species-specific evidence records separately.; Vertebrate JASPAR/profile scope is not treated as human/mouse evidence.
pknox1	PKNOX1;Pknox1	human;mouse;vertebrates	AnimalTFDB3;JASPAR_CORE;Lambert_HumanTFs;OmniPath_DoRothEA;TFLink;TRRUST	CollecTRI;CollecTRI2;DoRothEA;DoRothEA-A_CollecTRI2;JASPAR_DoRothEA;SIGNOR_CollecTRI;SIGNOR_CollecTRI2;TRRUST;TRRUST_CollecTRI;TRRUST_CollecTRI2;TRRUST_DoRothEA				existing_public_pair_union	existing_public_pair_union	new_candidate		3	false	vertebrates	existing_or_canonical	Cross-species inventory collapse only; retain species-specific evidence records separately.; Vertebrate JASPAR/profile scope is not treated as human/mouse evidence.
pknox2	PKNOX2;Pknox2	human;mouse;vertebrates	AnimalTFDB3;JASPAR_CORE;Lambert_HumanTFs					new_candidate	new_candidate	new_candidate		3	false	human;mouse;vertebrates	new_candidate	Cross-species inventory collapse only; retain species-specific evidence records separately.; Vertebrate JASPAR/profile scope is not treated as human/mouse evidence.
plag1	PLAG1;Plag1	human;mouse;vertebrates	AnimalTFDB3;JASPAR_CORE;Lambert_HumanTFs;OmniPath_DoRothEA;TFLink;TRRUST	CollecTRI;CollecTRI2;DoRothEA;DoRothEA-A_CollecTRI;DoRothEA-A_CollecTRI2;ExTRI2_CollecTRI2;HTRI_CollecTRI;HTRIdb;HTRIdb_CollecTRI2;HTRIdb_DoRothEA;SIGNOR_CollecTRI;SIGNOR_CollecTRI2;TRRUST;TRRUST_CollecTRI;TRRUST_CollecTRI2;TRRUST_DoRothEA	canonical_tf_edge;canonical_tf_role;module_22B_regulon	canonical_tf_edge;canonical_tf_role;module_22B_regulon	canonical_tf_edge;canonical_tf_role;module_22B_regulon	existing_public_pair_union	existing_public_pair_union	canonical_name_or_species_scope_match	16873	3	true		existing_or_canonical	Cross-species inventory collapse only; retain species-specific evidence records separately.; Vertebrate JASPAR/profile scope is not treated as human/mouse evidence.
plagl1	PLAGL1;Plagl1	human;mouse;vertebrates	AnimalTFDB3;JASPAR_CORE;Lambert_HumanTFs;OmniPath_DoRothEA;TFLink;TRRUST	CollecTRI;CollecTRI2;DoRothEA;DoRothEA-A_CollecTRI;DoRothEA-A_CollecTRI2;ExTRI2_CollecTRI2;HTRI_CollecTRI;HTRIdb;HTRIdb_CollecTRI2;HTRIdb_DoRothEA;SIGNOR_CollecTRI;SIGNOR_CollecTRI2;TRRUST;TRRUST_CollecTRI;TRRUST_CollecTRI2;TRRUST_DoRothEA				existing_public_pair_union	new_candidate	new_candidate		3	false	mouse;vertebrates	existing_or_canonical	Cross-species inventory collapse only; retain species-specific evidence records separately.; Vertebrate JASPAR/profile scope is not treated as human/mouse evidence.
plagl2	PLAGL2;Plagl2	human;mouse;vertebrates	AnimalTFDB3;JASPAR_CORE;Lambert_HumanTFs;TFLink;TRRUST	TRRUST	canonical_tf_edge;canonical_tf_role;module_22B_regulon	canonical_tf_edge;canonical_tf_role;module_22B_regulon	canonical_tf_edge;canonical_tf_role;module_22B_regulon	existing_public_pair_union	existing_public_pair_union	canonical_name_or_species_scope_match	16874	3	true		existing_or_canonical	Cross-species inventory collapse only; retain species-specific evidence records separately.; Vertebrate JASPAR/profile scope is not treated as human/mouse evidence.
platr25	Platr25	mouse	AnimalTFDB3						new_candidate			1	false	mouse	new_candidate	
plek	PLEK;Plek	human;mouse	AnimalTFDB3					new_candidate	new_candidate			2	false	human;mouse	new_candidate	Cross-species inventory collapse only; retain species-specific evidence records separately.
plscr1	PLSCR1;Plscr1	human;mouse	AnimalTFDB3;Lambert_HumanTFs					new_candidate	new_candidate			2	false	human;mouse	new_candidate	Cross-species inventory collapse only; retain species-specific evidence records separately.
pmepa1	PMEPA1	human	TFLink					new_candidate				1	false	human	new_candidate	
pml	PML;Pml	human;mouse	TFLink;TRRUST	TRRUST	canonical_tf_edge;canonical_tf_role;module_22B_regulon	canonical_tf_edge;canonical_tf_role;module_22B_regulon		existing_public_pair_union	existing_public_pair_union		16875	2	true		existing_or_canonical	Cross-species inventory collapse only; retain species-specific evidence records separately.
pms1	PMS1;Pms1	human;mouse	AnimalTFDB3					new_candidate	new_candidate			2	false	human;mouse	new_candidate	Cross-species inventory collapse only; retain species-specific evidence records separately.
pnn	Pnn	mouse	TFLink;TRRUST	TRRUST					existing_public_pair_union			1	false		existing_or_canonical	
pogk	POGK	human;vertebrates	JASPAR_CORE;Lambert_HumanTFs					new_candidate		new_candidate		2	false	human;vertebrates	new_candidate	Cross-species inventory collapse only; retain species-specific evidence records separately.; Vertebrate JASPAR/profile scope is not treated as human/mouse evidence.
polr1a	POLR1A	human	TFLink;TRRUST	TRRUST				existing_public_pair_union				1	false		existing_or_canonical	
polr1h	POLR1H	human	TFLink					new_candidate				1	false	human	new_candidate	
pou1f1	POU1F1;Pou1f1	human;mouse;vertebrates	AnimalTFDB3;JASPAR_CORE;Lambert_HumanTFs;OmniPath_DoRothEA;TFLink;TRRUST	CollecTRI;CollecTRI2;DoRothEA;DoRothEA-A_CollecTRI;DoRothEA-A_CollecTRI2;ExTRI2_CollecTRI2;ExTRI_CollecTRI;GOA_CollecTRI;GOA_CollecTRI2;HOCOMOCO_DoRothEA;KEGG-MEDICUS;NTNU.Curated_CollecTRI;NTNUcuration_CollecTRI2;PAZAR;PAZAR_DoRothEA;SIGNOR_CollecTRI;SIGNOR_CollecTRI2;TRRUST;TRRUST_CollecTRI;TRRUST_CollecTRI2;TRRUST_DoRothEA;TfactS_CollecTRI2	canonical_tf_edge;canonical_tf_role;module_22B_regulon	canonical_tf_edge;canonical_tf_role;module_22B_regulon	canonical_tf_edge;canonical_tf_role;module_22B_regulon	existing_public_pair_union	existing_public_pair_union	canonical_name_or_species_scope_match	16876	3	true		existing_or_canonical	Cross-species inventory collapse only; retain species-specific evidence records separately.; Vertebrate JASPAR/profile scope is not treated as human/mouse evidence.
pou2af1	POU2AF1;Pou2af1	human;mouse	Lambert_HumanTFs;TFLink;TRRUST	TRRUST				existing_public_pair_union	existing_public_pair_union			2	false		existing_or_canonical	Cross-species inventory collapse only; retain species-specific evidence records separately.
pou2f1	POU2F1;Pou2f1	human;mouse;vertebrates	AnimalTFDB3;JASPAR_CORE;Lambert_HumanTFs;OmniPath_DoRothEA;TFLink;TRRUST	ARACNe-GTEx_DoRothEA;CollecTRI;CollecTRI2;CytReg_CollecTRI;CytReg_CollecTRI2;DoRothEA;DoRothEA-A_CollecTRI;DoRothEA-A_CollecTRI2;ExTRI2_CollecTRI2;ExTRI_CollecTRI;FANTOM4_DoRothEA;GEREDB_CollecTRI;GEREDB_CollecTRI2;HTRI_CollecTRI;HTRIdb;HTRIdb_CollecTRI2;HTRIdb_DoRothEA;JASPAR_DoRothEA;NFIRegulomeDB_DoRothEA;NTNU.Curated_CollecTRI;NTNUcuration_CollecTRI2;PAZAR;PAZAR_DoRothEA;ReMap_DoRothEA;RegNetwork_DoRothEA;SIGNOR_CollecTRI;SIGNOR_CollecTRI2;TFactS_CollecTRI;TFactS_DoRothEA;TRED_DoRothEA;TRRUST;TRRUST_CollecTRI;TRRUST_CollecTRI2;TRRUST_DoRothEA;TfactS_CollecTRI2				existing_public_pair_union	existing_public_pair_union	new_candidate		3	false	vertebrates	existing_or_canonical	Cross-species inventory collapse only; retain species-specific evidence records separately.; Vertebrate JASPAR/profile scope is not treated as human/mouse evidence.
pou2f2	POU2F2;Pou2f2	human;mouse;vertebrates	AnimalTFDB3;JASPAR_CORE;Lambert_HumanTFs;OmniPath_DoRothEA;TFLink;TRRUST	ARACNe-GTEx_DoRothEA;CollecTRI;CollecTRI2;CytReg_CollecTRI;CytReg_CollecTRI2;DoRothEA;DoRothEA-A_CollecTRI2;ENCODE-distal;ExTRI2_CollecTRI2;ExTRI_CollecTRI;FANTOM4_DoRothEA;GEREDB_CollecTRI;GEREDB_CollecTRI2;HOCOMOCO_DoRothEA;JASPAR_DoRothEA;NTNU.Curated_CollecTRI;NTNUcuration_CollecTRI2;ReMap_DoRothEA;RegNetwork_DoRothEA;TRED_DoRothEA;TRRUST;TRRUST_CollecTRI;TRRUST_CollecTRI2;TRRUST_DoRothEA;TfactS_CollecTRI2				existing_public_pair_union	existing_public_pair_union	new_candidate		3	false	vertebrates	existing_or_canonical	Cross-species inventory collapse only; retain species-specific evidence records separately.; Vertebrate JASPAR/profile scope is not treated as human/mouse evidence.
pou2f3	POU2F3;Pou2f3	human;mouse;vertebrates	AnimalTFDB3;JASPAR_CORE;Lambert_HumanTFs;OmniPath_DoRothEA;TFLink;TRRUST	CollecTRI;CollecTRI2;DoRothEA;DoRothEA-A_CollecTRI2;ExTRI2_CollecTRI2;ExTRI_CollecTRI;GOA_CollecTRI;GOA_CollecTRI2;RegNetwork_DoRothEA;TRED_DoRothEA;TRRUST;TRRUST_CollecTRI;TRRUST_CollecTRI2;TRRUST_DoRothEA;TfactS_CollecTRI2				existing_public_pair_union	existing_public_pair_union	new_candidate		3	false	vertebrates	existing_or_canonical	Cross-species inventory collapse only; retain species-specific evidence records separately.; Vertebrate JASPAR/profile scope is not treated as human/mouse evidence.
pou3f1	POU3F1;Pou3f1	human;mouse;vertebrates	AnimalTFDB3;JASPAR_CORE;Lambert_HumanTFs;OmniPath_DoRothEA;TFLink;TRRUST	CollecTRI;CollecTRI2;DoRothEA;DoRothEA-A_CollecTRI2;ExTRI2_CollecTRI2;GEREDB_CollecTRI;GEREDB_CollecTRI2;JASPAR_DoRothEA;RegNetwork_DoRothEA;TRED_DoRothEA;TRRUST;TRRUST_CollecTRI;TRRUST_CollecTRI2;TRRUST_DoRothEA;TfactS_CollecTRI2				existing_public_pair_union	existing_public_pair_union	new_candidate		3	false	vertebrates	existing_or_canonical	Cross-species inventory collapse only; retain species-specific evidence records separately.; Vertebrate JASPAR/profile scope is not treated as human/mouse evidence.
pou3f2	POU3F2;Pou3f2	human;mouse;vertebrates	AnimalTFDB3;JASPAR_CORE;Lambert_HumanTFs;OmniPath_DoRothEA;TFLink;TRRUST	CollecTRI;CollecTRI2;DoRothEA;DoRothEA-A_CollecTRI2;ExTRI2_CollecTRI2;JASPAR_DoRothEA;RegNetwork_DoRothEA;SIGNOR_CollecTRI;SIGNOR_CollecTRI2;TRED_DoRothEA;TRRUST;TRRUST_CollecTRI;TRRUST_CollecTRI2;TRRUST_DoRothEA;TfactS_CollecTRI2				existing_public_pair_union	existing_public_pair_union	new_candidate		3	false	vertebrates	existing_or_canonical	Cross-species inventory collapse only; retain species-specific evidence records separately.; Vertebrate JASPAR/profile scope is not treated as human/mouse evidence.
pou3f3	POU3F3;Pou3f3	human;mouse;vertebrates	AnimalTFDB3;JASPAR_CORE;Lambert_HumanTFs;TFLink;TRRUST	TRRUST				new_candidate	existing_public_pair_union	new_candidate		3	false	human;vertebrates	existing_or_canonical	Cross-species inventory collapse only; retain species-specific evidence records separately.; Vertebrate JASPAR/profile scope is not treated as human/mouse evidence.
pou3f4	POU3F4;Pou3f4	human;mouse;vertebrates	AnimalTFDB3;JASPAR_CORE;Lambert_HumanTFs;TFLink;TRRUST	TRRUST				existing_public_pair_union	existing_public_pair_union	new_candidate		3	false	vertebrates	existing_or_canonical	Cross-species inventory collapse only; retain species-specific evidence records separately.; Vertebrate JASPAR/profile scope is not treated as human/mouse evidence.
pou4f1	POU4F1;Pou4f1	human;mouse;vertebrates	AnimalTFDB3;JASPAR_CORE;Lambert_HumanTFs;TFLink;TRRUST	TRRUST				existing_public_pair_union	existing_public_pair_union	new_candidate		3	false	vertebrates	existing_or_canonical	Cross-species inventory collapse only; retain species-specific evidence records separately.; Vertebrate JASPAR/profile scope is not treated as human/mouse evidence.
pou4f2	POU4F2;Pou4f2	human;mouse;vertebrates	AnimalTFDB3;JASPAR_CORE;Lambert_HumanTFs;OmniPath_DoRothEA;TFLink;TRRUST	CollecTRI;CollecTRI2;DoRothEA;DoRothEA-A_CollecTRI;DoRothEA-A_CollecTRI2;ExTRI2_CollecTRI2;GEREDB_CollecTRI;GEREDB_CollecTRI2;GOA_CollecTRI;GOA_CollecTRI2;HTRI_CollecTRI;HTRIdb;HTRIdb_CollecTRI2;HTRIdb_DoRothEA;TRRUST;TRRUST_CollecTRI;TRRUST_CollecTRI2;TRRUST_DoRothEA				existing_public_pair_union	existing_public_pair_union	new_candidate		3	false	vertebrates	existing_or_canonical	Cross-species inventory collapse only; retain species-specific evidence records separately.; Vertebrate JASPAR/profile scope is not treated as human/mouse evidence.
pou4f3	POU4F3;Pou4f3	human;mouse;vertebrates	AnimalTFDB3;JASPAR_CORE;Lambert_HumanTFs;TFLink;TRRUST	TRRUST				new_candidate	existing_public_pair_union	new_candidate		3	false	human;vertebrates	existing_or_canonical	Cross-species inventory collapse only; retain species-specific evidence records separately.; Vertebrate JASPAR/profile scope is not treated as human/mouse evidence.
pou5f1	POU5F1;Pou5f1	human;mouse;vertebrates	AnimalTFDB3;JASPAR_CORE;Lambert_HumanTFs;OmniPath_DoRothEA;TFLink;TRRUST	CollecTRI;CollecTRI2;DoRothEA;DoRothEA-A_CollecTRI2;ExTRI2_CollecTRI2;ExTRI_CollecTRI;GEREDB_CollecTRI;GEREDB_CollecTRI2;HOCOMOCO_DoRothEA;IntAct_DoRothEA;JASPAR_DoRothEA;NTNU.Curated_CollecTRI;NTNUcuration_CollecTRI2;Pavlidis2021_CollecTRI;Pavlidis_CollecTRI2;ReMap_DoRothEA;SIGNOR_CollecTRI;SIGNOR_CollecTRI2;TFactS_CollecTRI;TFactS_DoRothEA;TRRUST;TRRUST_CollecTRI;TRRUST_CollecTRI2;TRRUST_DoRothEA;TfactS_CollecTRI2	canonical_tf_edge;canonical_tf_role;module_22B_regulon	canonical_tf_edge;canonical_tf_role;module_22B_regulon	canonical_tf_edge;canonical_tf_role;module_22B_regulon	existing_public_pair_union	existing_public_pair_union	canonical_name_or_species_scope_match	16926	3	true		existing_or_canonical	Cross-species inventory collapse only; retain species-specific evidence records separately.; Vertebrate JASPAR/profile scope is not treated as human/mouse evidence.
pou5f1b	POU5F1B	human;vertebrates	AnimalTFDB3;JASPAR_CORE;Lambert_HumanTFs					new_candidate		new_candidate		2	false	human;vertebrates	new_candidate	Cross-species inventory collapse only; retain species-specific evidence records separately.; Vertebrate JASPAR/profile scope is not treated as human/mouse evidence.
pou5f2	POU5F2;Pou5f2	human;mouse	AnimalTFDB3;Lambert_HumanTFs					new_candidate	new_candidate			2	false	human;mouse	new_candidate	Cross-species inventory collapse only; retain species-specific evidence records separately.
pou6f1	POU6F1;Pou6f1	human;mouse;vertebrates	AnimalTFDB3;JASPAR_CORE;Lambert_HumanTFs					new_candidate	new_candidate	new_candidate		3	false	human;mouse;vertebrates	new_candidate	Cross-species inventory collapse only; retain species-specific evidence records separately.; Vertebrate JASPAR/profile scope is not treated as human/mouse evidence.
pou6f2	POU6F2;Pou6f2	human;mouse;vertebrates	AnimalTFDB3;JASPAR_CORE;Lambert_HumanTFs;TFLink					new_candidate	new_candidate	new_candidate		3	false	human;mouse;vertebrates	new_candidate	Cross-species inventory collapse only; retain species-specific evidence records separately.; Vertebrate JASPAR/profile scope is not treated as human/mouse evidence.
ppara	PPARA;Ppara	human;mouse;vertebrates	AnimalTFDB3;JASPAR_CORE;Lambert_HumanTFs;OmniPath_DoRothEA;TFLink;TRRUST	ARACNe-GTEx_DoRothEA;CollecTRI;CollecTRI2;DoRothEA;DoRothEA-A_CollecTRI;DoRothEA-A_CollecTRI2;ExTRI2_CollecTRI2;ExTRI_CollecTRI;GEREDB_CollecTRI;GEREDB_CollecTRI2;GOA_CollecTRI;GOA_CollecTRI2;HOCOMOCO_DoRothEA;HTRI_CollecTRI;HTRIdb;HTRIdb_CollecTRI2;HTRIdb_DoRothEA;NTNU.Curated_CollecTRI;NTNUcuration_CollecTRI2;ORegAnno_DoRothEA;PAZAR;RegNetwork_DoRothEA;SIGNOR_CollecTRI;SIGNOR_CollecTRI2;TFactS_CollecTRI;TFactS_DoRothEA;TFe_DoRothEA;TRED_DoRothEA;TRRUST;TRRUST_CollecTRI;TRRUST_CollecTRI2;TRRUST_DoRothEA;TfactS_CollecTRI2				existing_public_pair_union	existing_public_pair_union	new_candidate		3	false	vertebrates	existing_or_canonical	Cross-species inventory collapse only; retain species-specific evidence records separately.; Vertebrate JASPAR/profile scope is not treated as human/mouse evidence.
ppard	PPARD;Ppard	human;mouse;vertebrates	AnimalTFDB3;JASPAR_CORE;Lambert_HumanTFs;OmniPath_DoRothEA;TFLink;TRRUST	ARACNe-GTEx_DoRothEA;CollecTRI;CollecTRI2;DoRothEA;DoRothEA-A_CollecTRI;DoRothEA-A_CollecTRI2;ExTRI2_CollecTRI2;ExTRI_CollecTRI;HTRI_CollecTRI;HTRIdb;HTRIdb_CollecTRI2;HTRIdb_DoRothEA;NTNU.Curated_CollecTRI;NTNUcuration_CollecTRI2;RegNetwork_DoRothEA;TRED_DoRothEA;TRRUST;TRRUST_CollecTRI;TRRUST_CollecTRI2;TRRUST_DoRothEA;TfactS_CollecTRI2				existing_public_pair_union	existing_public_pair_union	new_candidate		3	false	vertebrates	existing_or_canonical	Cross-species inventory collapse only; retain species-specific evidence records separately.; Vertebrate JASPAR/profile scope is not treated as human/mouse evidence.
pparg	PPARG;Pparg	human;mouse;vertebrates	AnimalTFDB3;JASPAR_CORE;Lambert_HumanTFs;OmniPath_DoRothEA;TFLink;TRRUST	ARACNe-GTEx_DoRothEA;CollecTRI;CollecTRI2;DoRothEA;DoRothEA-A_CollecTRI;DoRothEA-A_CollecTRI2;ExTRI2_CollecTRI2;ExTRI_CollecTRI;FANTOM4_DoRothEA;GEREDB_CollecTRI;GEREDB_CollecTRI2;GOA_CollecTRI;GOA_CollecTRI2;HOCOMOCO_DoRothEA;HTRI_CollecTRI;HTRIdb;HTRIdb_CollecTRI2;HTRIdb_DoRothEA;JASPAR_DoRothEA;NTNU.Curated_CollecTRI;NTNUcuration_CollecTRI2;Pavlidis2021_CollecTRI;Pavlidis_CollecTRI2;ReMap_DoRothEA;RegNetwork_DoRothEA;SIGNOR;SIGNOR_CollecTRI;SIGNOR_CollecTRI2;TFactS_CollecTRI;TFactS_DoRothEA;TFe_DoRothEA;TRED_DoRothEA;TRRUST;TRRUST_CollecTRI;TRRUST_CollecTRI2;TRRUST_DoRothEA;TfactS_CollecTRI2	canonical_tf_edge;canonical_tf_role;module_22B_regulon	canonical_tf_edge;canonical_tf_role;module_22B_regulon	canonical_tf_edge;canonical_tf_role;module_22B_regulon	existing_public_pair_union	existing_public_pair_union	canonical_name_or_species_scope_match	16782	3	true		existing_or_canonical	Cross-species inventory collapse only; retain species-specific evidence records separately.; Vertebrate JASPAR/profile scope is not treated as human/mouse evidence.
ppargc1a	PPARGC1A;Ppargc1a	human;mouse	TFLink;TRRUST	TRRUST				existing_public_pair_union	existing_public_pair_union			2	false		existing_or_canonical	Cross-species inventory collapse only; retain species-specific evidence records separately.
ppargc1b	Ppargc1b	mouse	TFLink;TRRUST	TRRUST					existing_public_pair_union			1	false		existing_or_canonical	
prdm1	PRDM1;Prdm1	human;mouse;vertebrates	AnimalTFDB3;JASPAR_CORE;Lambert_HumanTFs;OmniPath_DoRothEA;TFLink;TRRUST	ARACNe-GTEx_DoRothEA;CollecTRI;CollecTRI2;DoRothEA;DoRothEA-A_CollecTRI;DoRothEA-A_CollecTRI2;ExTRI2_CollecTRI2;ExTRI_CollecTRI;FANTOM4_DoRothEA;GEREDB_CollecTRI;GEREDB_CollecTRI2;NTNU.Curated_CollecTRI;NTNUcuration_CollecTRI2;SIGNOR;SIGNOR_CollecTRI;SIGNOR_CollecTRI2;TRRUST;TRRUST_CollecTRI;TRRUST_CollecTRI2;TRRUST_DoRothEA	canonical_tf_edge;canonical_tf_role;module_22B_regulon	canonical_tf_edge;canonical_tf_role;module_22B_regulon	canonical_tf_edge;canonical_tf_role;module_22B_regulon	existing_public_pair_union	existing_public_pair_union	canonical_name_or_species_scope_match	16877	3	true		existing_or_canonical	Cross-species inventory collapse only; retain species-specific evidence records separately.; Vertebrate JASPAR/profile scope is not treated as human/mouse evidence.
prdm10	PRDM10;Prdm10	human;mouse	AnimalTFDB3;Lambert_HumanTFs;TFLink					new_candidate	new_candidate			2	false	human;mouse	new_candidate	Cross-species inventory collapse only; retain species-specific evidence records separately.
prdm11	PRDM11	human	AnimalTFDB3;TFLink					new_candidate				1	false	human	new_candidate	
prdm12	PRDM12;Prdm12	human;mouse	AnimalTFDB3;Lambert_HumanTFs;TFLink					new_candidate	new_candidate			2	false	human;mouse	new_candidate	Cross-species inventory collapse only; retain species-specific evidence records separately.
prdm13	PRDM13;Prdm13	human;mouse;vertebrates	AnimalTFDB3;JASPAR_CORE;Lambert_HumanTFs;TFLink;TRRUST	TRRUST				new_candidate	existing_public_pair_union	new_candidate		3	false	human;vertebrates	existing_or_canonical	Cross-species inventory collapse only; retain species-specific evidence records separately.; Vertebrate JASPAR/profile scope is not treated as human/mouse evidence.
prdm14	PRDM14;Prdm14	human;mouse;vertebrates	AnimalTFDB3;JASPAR_CORE;Lambert_HumanTFs;OmniPath_DoRothEA;TFLink;TRRUST	CollecTRI;CollecTRI2;DoRothEA;DoRothEA-A_CollecTRI2;ExTRI2_CollecTRI2;ExTRI_CollecTRI;GEREDB_CollecTRI;GEREDB_CollecTRI2;HOCOMOCO_DoRothEA;NTNU.Curated_CollecTRI;NTNUcuration_CollecTRI2;PAZAR;PAZAR_DoRothEA;ReMap_DoRothEA;SIGNOR_CollecTRI;SIGNOR_CollecTRI2;TRRUST;TRRUST_CollecTRI;TRRUST_CollecTRI2;TRRUST_DoRothEA				existing_public_pair_union	existing_public_pair_union	new_candidate		3	false	vertebrates	existing_or_canonical	Cross-species inventory collapse only; retain species-specific evidence records separately.; Vertebrate JASPAR/profile scope is not treated as human/mouse evidence.
prdm15	PRDM15;Prdm15	human;mouse;vertebrates	AnimalTFDB3;JASPAR_CORE;Lambert_HumanTFs;TFLink					new_candidate	new_candidate	new_candidate		3	false	human;mouse;vertebrates	new_candidate	Cross-species inventory collapse only; retain species-specific evidence records separately.; Vertebrate JASPAR/profile scope is not treated as human/mouse evidence.
prdm16	PRDM16;Prdm16	human;mouse	AnimalTFDB3;Lambert_HumanTFs;TFLink;TRRUST	TRRUST				new_candidate	existing_public_pair_union			2	false	human	existing_or_canonical	Cross-species inventory collapse only; retain species-specific evidence records separately.
prdm2	PRDM2;Prdm2	human;mouse	AnimalTFDB3;Lambert_HumanTFs;TFLink;TRRUST	TRRUST				existing_public_pair_union	new_candidate			2	false	mouse	existing_or_canonical	Cross-species inventory collapse only; retain species-specific evidence records separately.
prdm4	PRDM4;Prdm4	human;mouse;vertebrates	AnimalTFDB3;JASPAR_CORE;Lambert_HumanTFs;TFLink					new_candidate	new_candidate	new_candidate		3	false	human;mouse;vertebrates	new_candidate	Cross-species inventory collapse only; retain species-specific evidence records separately.; Vertebrate JASPAR/profile scope is not treated as human/mouse evidence.
prdm5	PRDM5;Prdm5	human;mouse;vertebrates	AnimalTFDB3;JASPAR_CORE;Lambert_HumanTFs;TFLink;TRRUST	TRRUST				new_candidate	existing_public_pair_union	new_candidate		3	false	human;vertebrates	existing_or_canonical	Cross-species inventory collapse only; retain species-specific evidence records separately.; Vertebrate JASPAR/profile scope is not treated as human/mouse evidence.
prdm6	PRDM6;Prdm6	human;mouse	AnimalTFDB3;Lambert_HumanTFs;TFLink					new_candidate	new_candidate			2	false	human;mouse	new_candidate	Cross-species inventory collapse only; retain species-specific evidence records separately.
prdm8	PRDM8;Prdm8	human;mouse	AnimalTFDB3;Lambert_HumanTFs;TFLink;TRRUST	TRRUST				new_candidate	existing_public_pair_union			2	false	human	existing_or_canonical	Cross-species inventory collapse only; retain species-specific evidence records separately.
prdm9	PRDM9;Prdm9	human;mouse;vertebrates	AnimalTFDB3;JASPAR_CORE;Lambert_HumanTFs;TFLink					new_candidate	new_candidate	new_candidate		3	false	human;mouse;vertebrates	new_candidate	Cross-species inventory collapse only; retain species-specific evidence records separately.; Vertebrate JASPAR/profile scope is not treated as human/mouse evidence.
preb	PREB;Preb	human;mouse	AnimalTFDB3;Lambert_HumanTFs;TFLink;TRRUST	TRRUST				existing_public_pair_union	new_candidate			2	false	mouse	existing_or_canonical	Cross-species inventory collapse only; retain species-specific evidence records separately.
prkcq	PRKCQ	human	TFLink					new_candidate				1	false	human	new_candidate	
prkdc	PRKDC	human	TFLink					new_candidate				1	false	human	new_candidate	
prkra	Prkra	mouse	TFLink						new_candidate			1	false	mouse	new_candidate	
prl	Prl	mouse	TFLink;TRRUST	TRRUST					existing_public_pair_union			1	false		existing_or_canonical	
prmt1	PRMT1	human	TFLink					new_candidate				1	false	human	new_candidate	
prmt3	PRMT3	human	Lambert_HumanTFs					new_candidate				1	false	human	new_candidate	
prmt5	PRMT5	human	TFLink					new_candidate				1	false	human	new_candidate	
prop1	PROP1;Prop1	human;mouse;vertebrates	AnimalTFDB3;JASPAR_CORE;Lambert_HumanTFs;TFLink;TRRUST	TRRUST				new_candidate	existing_public_pair_union	new_candidate		3	false	human;vertebrates	existing_or_canonical	Cross-species inventory collapse only; retain species-specific evidence records separately.; Vertebrate JASPAR/profile scope is not treated as human/mouse evidence.
prox1	PROX1;Prox1	human;mouse;vertebrates	AnimalTFDB3;JASPAR_CORE;Lambert_HumanTFs;OmniPath_DoRothEA;TFLink;TRRUST	CollecTRI;CollecTRI2;DoRothEA;DoRothEA-A_CollecTRI2;ExTRI2_CollecTRI2;ExTRI_CollecTRI;GEREDB_CollecTRI;GEREDB_CollecTRI2;IntAct_CollecTRI;IntAct_CollecTRI2;IntAct_DoRothEA;JASPAR_DoRothEA;NTNUcuration_CollecTRI2;TRRUST;TRRUST_CollecTRI;TRRUST_CollecTRI2;TRRUST_DoRothEA				existing_public_pair_union	existing_public_pair_union	new_candidate		3	false	vertebrates	existing_or_canonical	Cross-species inventory collapse only; retain species-specific evidence records separately.; Vertebrate JASPAR/profile scope is not treated as human/mouse evidence.
prox2	PROX2;Prox2	human;mouse	AnimalTFDB3;Lambert_HumanTFs					new_candidate	new_candidate			2	false	human;mouse	new_candidate	Cross-species inventory collapse only; retain species-specific evidence records separately.
prpf4	PRPF4	human	TFLink					new_candidate				1	false	human	new_candidate	
prr12	PRR12	human	Lambert_HumanTFs					new_candidate				1	false	human	new_candidate	
prrx1	PRRX1;Prrx1	human;mouse;vertebrates	AnimalTFDB3;JASPAR_CORE;Lambert_HumanTFs;TFLink;TRRUST	TRRUST				new_candidate	existing_public_pair_union	new_candidate		3	false	human;vertebrates	existing_or_canonical	Cross-species inventory collapse only; retain species-specific evidence records separately.; Vertebrate JASPAR/profile scope is not treated as human/mouse evidence.
prrx2	PRRX2;Prrx2	human;mouse;vertebrates	AnimalTFDB3;JASPAR_CORE;Lambert_HumanTFs;TFLink;TRRUST	TRRUST				new_candidate	existing_public_pair_union	new_candidate		3	false	human;vertebrates	existing_or_canonical	Cross-species inventory collapse only; retain species-specific evidence records separately.; Vertebrate JASPAR/profile scope is not treated as human/mouse evidence.
prrxl1	Prrxl1	mouse	AnimalTFDB3						new_candidate			1	false	mouse	new_candidate	
psmb5	PSMB5	human	TFLink					new_candidate				1	false	human	new_candidate	
ptbp1	PTBP1	human	TFLink					new_candidate				1	false	human	new_candidate	
pten	PTEN	human	TFLink					new_candidate				1	false	human	new_candidate	
ptf1a	PTF1A;Ptf1A;Ptf1a	human;mouse;vertebrates	AnimalTFDB3;JASPAR_CORE;Lambert_HumanTFs;TFLink;TRRUST	TRRUST				existing_public_pair_union	existing_public_pair_union	new_candidate		3	false	vertebrates	existing_or_canonical	Cross-species inventory collapse only; retain species-specific evidence records separately.; Vertebrate JASPAR/profile scope is not treated as human/mouse evidence.
pth	Pth	mouse	TFLink;TRRUST	TRRUST					existing_public_pair_union			1	false		existing_or_canonical	
pthlh	Pthlh	mouse	TFLink;TRRUST	TRRUST					existing_public_pair_union			1	false		existing_or_canonical	
ptma	PTMA	human	TFLink;TRRUST	TRRUST				existing_public_pair_union				1	false		existing_or_canonical	
ptpn18	PTPN18	human	TFLink					new_candidate				1	false	human	new_candidate	
ptpra	PTPRA	human	TFLink					new_candidate				1	false	human	new_candidate	
pttg1	PTTG1;Pttg1	human;mouse	TFLink;TRRUST	TRRUST				existing_public_pair_union	existing_public_pair_union			2	false		existing_or_canonical	Cross-species inventory collapse only; retain species-specific evidence records separately.
pura	PURA;Pura	human;mouse	AnimalTFDB3;Lambert_HumanTFs;OmniPath_DoRothEA;TFLink;TRRUST	CollecTRI;CollecTRI2;DoRothEA;DoRothEA-A_CollecTRI;DoRothEA-A_CollecTRI2;ExTRI2_CollecTRI2;ExTRI_CollecTRI;GEREDB_CollecTRI;GEREDB_CollecTRI2;HTRI_CollecTRI;HTRIdb;HTRIdb_CollecTRI2;HTRIdb_DoRothEA;TRRUST;TRRUST_CollecTRI;TRRUST_CollecTRI2;TRRUST_DoRothEA				existing_public_pair_union	existing_public_pair_union			2	false		existing_or_canonical	Cross-species inventory collapse only; retain species-specific evidence records separately.
purb	PURB;Purb	human;mouse	AnimalTFDB3;Lambert_HumanTFs;TFLink					new_candidate	new_candidate			2	false	human;mouse	new_candidate	Cross-species inventory collapse only; retain species-specific evidence records separately.
purg	PURG;Purg	human;mouse	AnimalTFDB3;Lambert_HumanTFs					new_candidate	new_candidate			2	false	human;mouse	new_candidate	Cross-species inventory collapse only; retain species-specific evidence records separately.
pwp1	Pwp1	mouse	TFLink;TRRUST	TRRUST					existing_public_pair_union			1	false		existing_or_canonical	
pwwp2a	Pwwp2a	mouse	TFLink						new_candidate			1	false	mouse	new_candidate	
pwwp2b	Pwwp2b	mouse	TFLink						new_candidate			1	false	mouse	new_candidate	
pygo2	PYGO2;Pygo2	human;mouse	TFLink;TRRUST	TRRUST				new_candidate	existing_public_pair_union			2	false	human	existing_or_canonical	Cross-species inventory collapse only; retain species-specific evidence records separately.
q05ba5	Q05BA5	mouse	OmniPath_DoRothEA						new_candidate			1	false	mouse	new_candidate	
q32ny6	Q32NY6	mouse	OmniPath_DoRothEA						new_candidate			1	false	mouse	new_candidate	
q32ny8	Q32NY8	mouse	OmniPath_DoRothEA						new_candidate			1	false	mouse	new_candidate	
q3u1q3	Q3U1Q3	mouse	OmniPath_DoRothEA						new_candidate			1	false	mouse	new_candidate	
q3u5d9	Q3U5D9	mouse	OmniPath_DoRothEA						new_candidate			1	false	mouse	new_candidate	
q3uq17	Q3UQ17	mouse	OmniPath_DoRothEA						new_candidate			1	false	mouse	new_candidate	
q3v157	Q3V157	mouse	OmniPath_DoRothEA						new_candidate			1	false	mouse	new_candidate	
q60i23	Q60I23	mouse	OmniPath_DoRothEA						new_candidate			1	false	mouse	new_candidate	
q6p1h7	Q6P1H7	mouse	OmniPath_DoRothEA						new_candidate			1	false	mouse	new_candidate	
q8bnq4	Q8BNQ4	mouse	OmniPath_DoRothEA						new_candidate			1	false	mouse	new_candidate	
q8bpq2	Q8BPQ2	mouse	OmniPath_DoRothEA						new_candidate			1	false	mouse	new_candidate	
q8brf1	Q8BRF1	mouse	OmniPath_DoRothEA						new_candidate			1	false	mouse	new_candidate	
q8k1z8	Q8K1Z8	mouse	OmniPath_DoRothEA						new_candidate			1	false	mouse	new_candidate	
q91vn7	Q91VN7	mouse	OmniPath_DoRothEA						new_candidate			1	false	mouse	new_candidate	
q9qum5	Q9QUM5	mouse	OmniPath_DoRothEA						new_candidate			1	false	mouse	new_candidate	
q9qx99	Q9QX99	mouse	OmniPath_DoRothEA						new_candidate			1	false	mouse	new_candidate	
rad21	RAD21;Rad21	human;mouse	TFLink					new_candidate	new_candidate			2	false	human;mouse	new_candidate	Cross-species inventory collapse only; retain species-specific evidence records separately.
rad23b	Rad23b	mouse	TFLink						new_candidate			1	false	mouse	new_candidate	
rad51	RAD51;Rad51	human;mouse	TFLink;TRRUST	TRRUST				existing_public_pair_union	new_candidate			2	false	mouse	existing_or_canonical	Cross-species inventory collapse only; retain species-specific evidence records separately.
raf1	Raf1	mouse	TFLink;TRRUST	TRRUST					existing_public_pair_union			1	false		existing_or_canonical	
rag1	RAG1;Rag1	human;mouse	AnimalTFDB3;Lambert_HumanTFs;TFLink					new_candidate	new_candidate			2	false	human;mouse	new_candidate	Cross-species inventory collapse only; retain species-specific evidence records separately.
rag2	RAG2;Rag2	human;mouse	TFLink					new_candidate	new_candidate			2	false	human;mouse	new_candidate	Cross-species inventory collapse only; retain species-specific evidence records separately.
rai1	Rai1	mouse	TFLink						new_candidate			1	false	mouse	new_candidate	
rala	Rala	mouse	TFLink;TRRUST	TRRUST					existing_public_pair_union			1	false		existing_or_canonical	
rara	RARA;Rara	human;mouse;vertebrates	AnimalTFDB3;JASPAR_CORE;Lambert_HumanTFs;OmniPath_DoRothEA;TFLink;TRRUST	ARACNe-GTEx_DoRothEA;CollecTRI;CollecTRI2;DoRothEA;DoRothEA-A_CollecTRI;DoRothEA-A_CollecTRI2;ExTRI2_CollecTRI2;ExTRI_CollecTRI;FANTOM4_DoRothEA;GEREDB_CollecTRI;GEREDB_CollecTRI2;HOCOMOCO_DoRothEA;HTRI_CollecTRI;HTRIdb;HTRIdb_CollecTRI2;HTRIdb_DoRothEA;IntAct_CollecTRI;IntAct_CollecTRI2;IntAct_DoRothEA;JASPAR_DoRothEA;NTNU.Curated_CollecTRI;NTNUcuration_CollecTRI2;PAZAR;PAZAR_DoRothEA;ReMap_DoRothEA;RegNetwork_DoRothEA;SIGNOR;SIGNOR_CollecTRI;SIGNOR_CollecTRI2;TFactS_CollecTRI;TFe_DoRothEA;TRED_DoRothEA;TRRUST;TRRUST_CollecTRI;TRRUST_CollecTRI2;TRRUST_DoRothEA;TfactS_CollecTRI2				existing_public_pair_union	existing_public_pair_union	new_candidate		3	false	vertebrates	existing_or_canonical	Cross-species inventory collapse only; retain species-specific evidence records separately.; Vertebrate JASPAR/profile scope is not treated as human/mouse evidence.
rarb	RARB;Rarb	human;mouse;vertebrates	AnimalTFDB3;JASPAR_CORE;Lambert_HumanTFs;OmniPath_DoRothEA;TFLink;TRRUST	ARACNe-GTEx_DoRothEA;CollecTRI;CollecTRI2;DoRothEA;DoRothEA-A_CollecTRI;DoRothEA-A_CollecTRI2;ExTRI2_CollecTRI2;ExTRI_CollecTRI;GEREDB_CollecTRI;GEREDB_CollecTRI2;HTRI_CollecTRI;HTRIdb;HTRIdb_CollecTRI2;HTRIdb_DoRothEA;RegNetwork_DoRothEA;TFactS_CollecTRI;TFe_DoRothEA;TRED_DoRothEA;TRRUST;TRRUST_CollecTRI;TRRUST_CollecTRI2;TRRUST_DoRothEA;TfactS_CollecTRI2				existing_public_pair_union	existing_public_pair_union	new_candidate		3	false	vertebrates	existing_or_canonical	Cross-species inventory collapse only; retain species-specific evidence records separately.; Vertebrate JASPAR/profile scope is not treated as human/mouse evidence.
rarg	RARG;Rarg	human;mouse;vertebrates	AnimalTFDB3;JASPAR_CORE;Lambert_HumanTFs;OmniPath_DoRothEA;TFLink;TRRUST	CollecTRI;CollecTRI2;DoRothEA;DoRothEA-A_CollecTRI2;ExTRI2_CollecTRI2;ExTRI_CollecTRI;RegNetwork_DoRothEA;TFe_DoRothEA;TRED_DoRothEA;TRRUST;TRRUST_CollecTRI;TRRUST_CollecTRI2;TRRUST_DoRothEA;TfactS_CollecTRI2				existing_public_pair_union	existing_public_pair_union	new_candidate		3	false	vertebrates	existing_or_canonical	Cross-species inventory collapse only; retain species-specific evidence records separately.; Vertebrate JASPAR/profile scope is not treated as human/mouse evidence.
rax	RAX;Rax	human;mouse;vertebrates	AnimalTFDB3;JASPAR_CORE;Lambert_HumanTFs;TFLink;TRRUST	TRRUST				new_candidate	existing_public_pair_union	new_candidate		3	false	human;vertebrates	existing_or_canonical	Cross-species inventory collapse only; retain species-specific evidence records separately.; Vertebrate JASPAR/profile scope is not treated as human/mouse evidence.
rax2	RAX2	human;vertebrates	AnimalTFDB3;JASPAR_CORE;Lambert_HumanTFs;TFLink					new_candidate		new_candidate		2	false	human;vertebrates	new_candidate	Cross-species inventory collapse only; retain species-specific evidence records separately.; Vertebrate JASPAR/profile scope is not treated as human/mouse evidence.
rb1	RB1;Rb1	human;mouse	TFLink;TRRUST	TRRUST	canonical_tf_edge;canonical_tf_role;module_22B_regulon	canonical_tf_edge;canonical_tf_role;module_22B_regulon		existing_public_pair_union	existing_public_pair_union		16787	2	true		existing_or_canonical	Cross-species inventory collapse only; retain species-specific evidence records separately.
rb1cc1	RB1CC1	human	TFLink;TRRUST	TRRUST	canonical_tf_edge;canonical_tf_role;module_22B_regulon			existing_public_pair_union			16878	1	true		existing_or_canonical	
rbak	RBAK;Rbak	human;mouse	AnimalTFDB3;Lambert_HumanTFs;TFLink					new_candidate	new_candidate			2	false	human;mouse	new_candidate	Cross-species inventory collapse only; retain species-specific evidence records separately.
rbbp4	Rbbp4	mouse	TFLink						new_candidate			1	false	mouse	new_candidate	
rbbp5	RBBP5	human	TFLink					new_candidate				1	false	human	new_candidate	
rbbp7	RBBP7	human	TFLink;TRRUST	TRRUST				existing_public_pair_union				1	false		existing_or_canonical	
rbck1	RBCK1;Rbck1	human;mouse	AnimalTFDB3;Lambert_HumanTFs					new_candidate	new_candidate			2	false	human;mouse	new_candidate	Cross-species inventory collapse only; retain species-specific evidence records separately.
rbfox2	RBFOX2;Rbfox2	human;mouse	TFLink					new_candidate	new_candidate			2	false	human;mouse	new_candidate	Cross-species inventory collapse only; retain species-specific evidence records separately.
rbl1	RBL1;Rbl1	human;mouse	TFLink;TRRUST	TRRUST				existing_public_pair_union	existing_public_pair_union			2	false		existing_or_canonical	Cross-species inventory collapse only; retain species-specific evidence records separately.
rbl2	RBL2;Rbl2	human;mouse	TFLink;TRRUST	TRRUST				existing_public_pair_union	existing_public_pair_union			2	false		existing_or_canonical	Cross-species inventory collapse only; retain species-specific evidence records separately.
rbm14	RBM14	human	TFLink					new_candidate				1	false	human	new_candidate	
rbm15	RBM15	human	TFLink					new_candidate				1	false	human	new_candidate	
rbm17	RBM17	human	TFLink					new_candidate				1	false	human	new_candidate	
rbm22	RBM22	human	TFLink					new_candidate				1	false	human	new_candidate	
rbm25	RBM25	human	TFLink					new_candidate				1	false	human	new_candidate	
rbm34	RBM34	human	TFLink					new_candidate				1	false	human	new_candidate	
rbm39	RBM39	human	TFLink					new_candidate				1	false	human	new_candidate	
rbmx	RBMX;Rbmx	human;mouse	TFLink;TRRUST	TRRUST				existing_public_pair_union	existing_public_pair_union			2	false		existing_or_canonical	Cross-species inventory collapse only; retain species-specific evidence records separately.
rbp2	RBP2	human	TFLink					new_candidate				1	false	human	new_candidate	
rbpj	RBPJ;Rbpj	human;mouse;vertebrates	AnimalTFDB3;JASPAR_CORE;Lambert_HumanTFs;OmniPath_DoRothEA;TFLink;TRRUST	ARACNe-GTEx_DoRothEA;CollecTRI;CollecTRI2;DoRothEA;DoRothEA-A_CollecTRI;DoRothEA-A_CollecTRI2;ExTRI2_CollecTRI2;ExTRI_CollecTRI;GOA_CollecTRI;GOA_CollecTRI2;HOCOMOCO_DoRothEA;HTRI_CollecTRI;HTRIdb;HTRIdb_CollecTRI2;HTRIdb_DoRothEA;JASPAR_DoRothEA;KEGG-MEDICUS;Pavlidis2021_CollecTRI;Pavlidis_CollecTRI2;ReMap_DoRothEA;SIGNOR;SIGNOR_CollecTRI;SIGNOR_CollecTRI2;TFactS_CollecTRI;TFactS_DoRothEA;TRRUST;TRRUST_CollecTRI;TRRUST_CollecTRI2;TRRUST_DoRothEA;TfactS_CollecTRI2				existing_public_pair_union	existing_public_pair_union	new_candidate		3	false	vertebrates	existing_or_canonical	Cross-species inventory collapse only; retain species-specific evidence records separately.; Vertebrate JASPAR/profile scope is not treated as human/mouse evidence.
rbpjl	RBPJL;Rbpjl	human;mouse	AnimalTFDB3;Lambert_HumanTFs;TFLink					new_candidate	new_candidate			2	false	human;mouse	new_candidate	Cross-species inventory collapse only; retain species-specific evidence records separately.
rbsn	RBSN	human	Lambert_HumanTFs					new_candidate				1	false	human	new_candidate	
rcor1	RCOR1;Rcor1	human;mouse	AnimalTFDB3;TFLink					new_candidate	new_candidate			2	false	human;mouse	new_candidate	Cross-species inventory collapse only; retain species-specific evidence records separately.
rcor2	RCOR2;Rcor2	human;mouse	AnimalTFDB3;TFLink					new_candidate	new_candidate			2	false	human;mouse	new_candidate	Cross-species inventory collapse only; retain species-specific evidence records separately.
rcor3	RCOR3;Rcor3	human;mouse	AnimalTFDB3					new_candidate	new_candidate			2	false	human;mouse	new_candidate	Cross-species inventory collapse only; retain species-specific evidence records separately.
rel	REL;Rel	human;mouse;vertebrates	AnimalTFDB3;JASPAR_CORE;Lambert_HumanTFs;OmniPath_DoRothEA;TFLink;TRRUST	ARACNe-GTEx_DoRothEA;CollecTRI;CollecTRI2;CytReg_CollecTRI;CytReg_CollecTRI2;DoRothEA;DoRothEA-A_CollecTRI;DoRothEA-A_CollecTRI2;ExTRI2_CollecTRI2;ExTRI_CollecTRI;FANTOM4_DoRothEA;GEREDB_CollecTRI;GEREDB_CollecTRI2;HTRI_CollecTRI;HTRIdb;HTRIdb_CollecTRI2;HTRIdb_DoRothEA;JASPAR_DoRothEA;NTNU.Curated_CollecTRI;NTNUcuration_CollecTRI2;RegNetwork_DoRothEA;SIGNOR_CollecTRI;SIGNOR_CollecTRI2;TFactS_CollecTRI;TFactS_DoRothEA;TRED_DoRothEA;TRRD_DoRothEA;TRRUST;TRRUST_CollecTRI;TRRUST_CollecTRI2;TRRUST_DoRothEA;TfactS_CollecTRI2	canonical_tf_edge;canonical_tf_role;module_22B_regulon	canonical_tf_edge;canonical_tf_role;module_22B_regulon	canonical_tf_edge;canonical_tf_role;module_22B_regulon	existing_public_pair_union	existing_public_pair_union	canonical_name_or_species_scope_match	16973	3	true		existing_or_canonical	Cross-species inventory collapse only; retain species-specific evidence records separately.; Vertebrate JASPAR/profile scope is not treated as human/mouse evidence.
rela	RELA;Rela	human;mouse;vertebrates	AnimalTFDB3;JASPAR_CORE;Lambert_HumanTFs;OmniPath_DoRothEA;TFLink;TRRUST	ARACNe-GTEx_DoRothEA;CollecTRI;CollecTRI2;CytReg_CollecTRI;CytReg_CollecTRI2;DoRothEA;DoRothEA-A_CollecTRI;DoRothEA-A_CollecTRI2;ExTRI2_CollecTRI2;ExTRI_CollecTRI;FANTOM4_DoRothEA;GEREDB_CollecTRI;GEREDB_CollecTRI2;GOA_CollecTRI;GOA_CollecTRI2;HOCOMOCO_DoRothEA;HTRI_CollecTRI;HTRIdb;HTRIdb_CollecTRI2;HTRIdb_DoRothEA;IntAct_CollecTRI;IntAct_CollecTRI2;IntAct_DoRothEA;JASPAR_DoRothEA;NTNU.Curated_CollecTRI;NTNUcuration_CollecTRI2;ORegAnno;ORegAnno_DoRothEA;Pavlidis2021_CollecTRI;Pavlidis_CollecTRI2;ReMap_DoRothEA;RegNetwork_DoRothEA;SIGNOR;SIGNOR_CollecTRI;SIGNOR_CollecTRI2;TFactS_CollecTRI;TFactS_DoRothEA;TRED_DoRothEA;TRRD_DoRothEA;TRRUST;TRRUST_CollecTRI;TRRUST_CollecTRI2;TRRUST_DoRothEA;TfactS_CollecTRI2	canonical_tf_edge;canonical_tf_role;module_22B_regulon	canonical_tf_edge;canonical_tf_role;module_22B_regulon	canonical_tf_edge;canonical_tf_role;module_22B_regulon	existing_public_pair_union	existing_public_pair_union	canonical_name_or_species_scope_match	13084	3	true		existing_or_canonical	Cross-species inventory collapse only; retain species-specific evidence records separately.; Vertebrate JASPAR/profile scope is not treated as human/mouse evidence.
relb	RELB;Relb	human;mouse;vertebrates	AnimalTFDB3;JASPAR_CORE;Lambert_HumanTFs;OmniPath_DoRothEA;TFLink;TRRUST	ARACNe-GTEx_DoRothEA;CollecTRI;CollecTRI2;CytReg_CollecTRI;CytReg_CollecTRI2;DoRothEA;DoRothEA-A_CollecTRI2;ExTRI2_CollecTRI2;ExTRI_CollecTRI;GEREDB_CollecTRI;GEREDB_CollecTRI2;HOCOMOCO_DoRothEA;JASPAR_DoRothEA;NTNUcuration_CollecTRI2;ReMap_DoRothEA;RegNetwork_DoRothEA;TFactS_CollecTRI;TFactS_DoRothEA;TRED_DoRothEA;TRRUST;TRRUST_CollecTRI;TRRUST_CollecTRI2;TRRUST_DoRothEA;TfactS_CollecTRI2	canonical_tf_edge;canonical_tf_role	canonical_tf_edge;canonical_tf_role	canonical_tf_edge;canonical_tf_role	existing_public_pair_union	existing_public_pair_union	canonical_name_or_species_scope_match	13087	3	true		existing_or_canonical	Cross-species inventory collapse only; retain species-specific evidence records separately.; Vertebrate JASPAR/profile scope is not treated as human/mouse evidence.
repin1	REPIN1;Repin1	human;mouse	AnimalTFDB3;Lambert_HumanTFs;TFLink					new_candidate	new_candidate			2	false	human;mouse	new_candidate	Cross-species inventory collapse only; retain species-specific evidence records separately.
rere	RERE;Rere	human;mouse	AnimalTFDB3;TFLink;TRRUST	TRRUST				new_candidate	existing_public_pair_union			2	false	human	existing_or_canonical	Cross-species inventory collapse only; retain species-specific evidence records separately.
rest	REST;Rest	human;mouse;vertebrates	AnimalTFDB3;JASPAR_CORE;Lambert_HumanTFs;OmniPath_DoRothEA;TFLink;TRRUST	CollecTRI;CollecTRI2;DoRothEA;DoRothEA-A_CollecTRI;DoRothEA-A_CollecTRI2;ENCODE-proximal;ExTRI2_CollecTRI2;ExTRI_CollecTRI;GEREDB_CollecTRI;GEREDB_CollecTRI2;HOCOMOCO_DoRothEA;JASPAR_DoRothEA;NTNU.Curated_CollecTRI;NTNUcuration_CollecTRI2;PAZAR;Pavlidis2021_CollecTRI;Pavlidis_CollecTRI2;ReMap_DoRothEA;SIGNOR_CollecTRI;SIGNOR_CollecTRI2;TFactS_CollecTRI;TRRUST;TRRUST_CollecTRI;TRRUST_CollecTRI2;TRRUST_DoRothEA;TfactS_CollecTRI2	canonical_tf_edge;canonical_tf_role;module_22B_regulon	canonical_tf_edge;canonical_tf_role;module_22B_regulon	canonical_tf_edge;canonical_tf_role;module_22B_regulon	existing_public_pair_union	existing_public_pair_union	canonical_name_or_species_scope_match	16879	3	true		existing_or_canonical	Cross-species inventory collapse only; retain species-specific evidence records separately.; Vertebrate JASPAR/profile scope is not treated as human/mouse evidence.
rex2	Rex2	mouse	AnimalTFDB3						new_candidate			1	false	mouse	new_candidate	
rexo4	REXO4	human	Lambert_HumanTFs					new_candidate				1	false	human	new_candidate	
rfwd2	RFWD2	human	TRRUST	TRRUST				existing_public_pair_union				1	false		existing_or_canonical	
rfx1	RFX1;Rfx1	human;mouse;vertebrates	AnimalTFDB3;JASPAR_CORE;Lambert_HumanTFs;OmniPath_DoRothEA;TFLink;TRRUST	ARACNe-GTEx_DoRothEA;CollecTRI;CollecTRI2;DoRothEA;DoRothEA-A_CollecTRI;DoRothEA-A_CollecTRI2;ExTRI2_CollecTRI2;ExTRI_CollecTRI;FANTOM4_DoRothEA;HOCOMOCO_DoRothEA;HTRI_CollecTRI;HTRIdb;HTRIdb_CollecTRI2;HTRIdb_DoRothEA;JASPAR_DoRothEA;NTNU.Curated_CollecTRI;NTNUcuration_CollecTRI2;ORegAnno_DoRothEA;PAZAR;PAZAR_DoRothEA;ReMap_DoRothEA;SIGNOR_CollecTRI;SIGNOR_CollecTRI2;TRRUST;TRRUST_CollecTRI;TRRUST_CollecTRI2;TRRUST_DoRothEA;TfactS_CollecTRI2	canonical_tf_edge;canonical_tf_role;module_22B_regulon	canonical_tf_edge;canonical_tf_role;module_22B_regulon	canonical_tf_edge;canonical_tf_role;module_22B_regulon	existing_public_pair_union	existing_public_pair_union	canonical_name_or_species_scope_match	16880	3	true		existing_or_canonical	Cross-species inventory collapse only; retain species-specific evidence records separately.; Vertebrate JASPAR/profile scope is not treated as human/mouse evidence.
rfx2	RFX2;Rfx2	human;mouse;vertebrates	AnimalTFDB3;JASPAR_CORE;Lambert_HumanTFs;TFLink;TRRUST	TRRUST				existing_public_pair_union	new_candidate	new_candidate		3	false	mouse;vertebrates	existing_or_canonical	Cross-species inventory collapse only; retain species-specific evidence records separately.; Vertebrate JASPAR/profile scope is not treated as human/mouse evidence.
rfx3	RFX3;Rfx3	human;mouse;vertebrates	AnimalTFDB3;JASPAR_CORE;Lambert_HumanTFs;TFLink;TRRUST	TRRUST				existing_public_pair_union	existing_public_pair_union	new_candidate		3	false	vertebrates	existing_or_canonical	Cross-species inventory collapse only; retain species-specific evidence records separately.; Vertebrate JASPAR/profile scope is not treated as human/mouse evidence.
rfx4	RFX4;Rfx4	human;mouse;vertebrates	AnimalTFDB3;JASPAR_CORE;Lambert_HumanTFs;TFLink;TRRUST	TRRUST				new_candidate	existing_public_pair_union	new_candidate		3	false	human;vertebrates	existing_or_canonical	Cross-species inventory collapse only; retain species-specific evidence records separately.; Vertebrate JASPAR/profile scope is not treated as human/mouse evidence.
rfx5	RFX5;Rfx5	human;mouse;vertebrates	AnimalTFDB3;JASPAR_CORE;Lambert_HumanTFs;OmniPath_DoRothEA;TFLink;TRRUST	ARACNe-GTEx_DoRothEA;CollecTRI;CollecTRI2;DoRothEA;DoRothEA-A_CollecTRI;DoRothEA-A_CollecTRI2;ENCODE-distal;ENCODE-proximal;ExTRI2_CollecTRI2;ExTRI_CollecTRI;GOA_CollecTRI;GOA_CollecTRI2;HOCOMOCO_DoRothEA;HTRI_CollecTRI;HTRIdb;HTRIdb_CollecTRI2;HTRIdb_DoRothEA;IntAct_CollecTRI;IntAct_CollecTRI2;IntAct_DoRothEA;NTNUcuration_CollecTRI2;ReMap_DoRothEA;SIGNOR;SIGNOR_CollecTRI;SIGNOR_CollecTRI2;TRRUST;TRRUST_CollecTRI;TRRUST_CollecTRI2;TRRUST_DoRothEA	canonical_tf_edge;canonical_tf_role;module_22B_regulon	canonical_tf_edge;canonical_tf_role;module_22B_regulon	canonical_tf_edge;canonical_tf_role;module_22B_regulon	existing_public_pair_union	existing_public_pair_union	canonical_name_or_species_scope_match	16881	3	true		existing_or_canonical	Cross-species inventory collapse only; retain species-specific evidence records separately.; Vertebrate JASPAR/profile scope is not treated as human/mouse evidence.
rfx6	RFX6;Rfx6	human;mouse;vertebrates	AnimalTFDB3;JASPAR_CORE;Lambert_HumanTFs;TFLink					new_candidate	new_candidate	new_candidate		3	false	human;mouse;vertebrates	new_candidate	Cross-species inventory collapse only; retain species-specific evidence records separately.; Vertebrate JASPAR/profile scope is not treated as human/mouse evidence.
rfx7	RFX7;Rfx7	human;mouse;vertebrates	AnimalTFDB3;JASPAR_CORE;Lambert_HumanTFs;TFLink					new_candidate	new_candidate	new_candidate		3	false	human;mouse;vertebrates	new_candidate	Cross-species inventory collapse only; retain species-specific evidence records separately.; Vertebrate JASPAR/profile scope is not treated as human/mouse evidence.
rfx8	RFX8;Rfx8	human;mouse	AnimalTFDB3;Lambert_HumanTFs					new_candidate	new_candidate			2	false	human;mouse	new_candidate	Cross-species inventory collapse only; retain species-specific evidence records separately.
rfxank	RFXANK;Rfxank	human;mouse	AnimalTFDB3;TFLink;TRRUST	TRRUST				existing_public_pair_union	existing_public_pair_union			2	false		existing_or_canonical	Cross-species inventory collapse only; retain species-specific evidence records separately.
rfxap	RFXAP;Rfxap	human;mouse	TFLink;TRRUST	TRRUST				existing_public_pair_union	existing_public_pair_union			2	false		existing_or_canonical	Cross-species inventory collapse only; retain species-specific evidence records separately.
rhox1	Rhox1	mouse	AnimalTFDB3						new_candidate			1	false	mouse	new_candidate	
rhox10	Rhox10	mouse	AnimalTFDB3						new_candidate			1	false	mouse	new_candidate	
rhox11	Rhox11	mouse;vertebrates	AnimalTFDB3;JASPAR_CORE;TFLink						new_candidate	new_candidate		2	false	mouse;vertebrates	new_candidate	Cross-species inventory collapse only; retain species-specific evidence records separately.; Vertebrate JASPAR/profile scope is not treated as human/mouse evidence.
rhox12	Rhox12	mouse	AnimalTFDB3						new_candidate			1	false	mouse	new_candidate	
rhox13	Rhox13	mouse	AnimalTFDB3						new_candidate			1	false	mouse	new_candidate	
rhox2a	Rhox2a	mouse	AnimalTFDB3						new_candidate			1	false	mouse	new_candidate	
rhox2b	Rhox2b	mouse	AnimalTFDB3						new_candidate			1	false	mouse	new_candidate	
rhox2c	Rhox2c	mouse	AnimalTFDB3						new_candidate			1	false	mouse	new_candidate	
rhox2d	Rhox2d	mouse	AnimalTFDB3						new_candidate			1	false	mouse	new_candidate	
rhox2e	Rhox2e	mouse	AnimalTFDB3						new_candidate			1	false	mouse	new_candidate	
rhox2f	Rhox2f	mouse	AnimalTFDB3						new_candidate			1	false	mouse	new_candidate	
rhox2g	Rhox2g	mouse	AnimalTFDB3						new_candidate			1	false	mouse	new_candidate	
rhox2h	Rhox2h	mouse	AnimalTFDB3						new_candidate			1	false	mouse	new_candidate	
rhox3a	Rhox3a	mouse	AnimalTFDB3						new_candidate			1	false	mouse	new_candidate	
rhox3a2	Rhox3a2	mouse	AnimalTFDB3						new_candidate			1	false	mouse	new_candidate	
rhox3c	Rhox3c	mouse	AnimalTFDB3						new_candidate			1	false	mouse	new_candidate	
rhox3e	Rhox3e	mouse	AnimalTFDB3						new_candidate			1	false	mouse	new_candidate	
rhox3f	Rhox3f	mouse	AnimalTFDB3						new_candidate			1	false	mouse	new_candidate	
rhox3g	Rhox3g	mouse	AnimalTFDB3						new_candidate			1	false	mouse	new_candidate	
rhox3h	Rhox3h	mouse	AnimalTFDB3						new_candidate			1	false	mouse	new_candidate	
rhox4a	Rhox4a	mouse	AnimalTFDB3						new_candidate			1	false	mouse	new_candidate	
rhox4a2	Rhox4a2	mouse	AnimalTFDB3						new_candidate			1	false	mouse	new_candidate	
rhox4b	Rhox4b	mouse	AnimalTFDB3						new_candidate			1	false	mouse	new_candidate	
rhox4c	Rhox4c	mouse	AnimalTFDB3						new_candidate			1	false	mouse	new_candidate	
rhox4d	Rhox4d	mouse	AnimalTFDB3						new_candidate			1	false	mouse	new_candidate	
rhox4e	Rhox4e	mouse	AnimalTFDB3						new_candidate			1	false	mouse	new_candidate	
rhox4f	Rhox4f	mouse	AnimalTFDB3						new_candidate			1	false	mouse	new_candidate	
rhox4g	Rhox4g	mouse	AnimalTFDB3						new_candidate			1	false	mouse	new_candidate	
rhox6	Rhox6	mouse	AnimalTFDB3						new_candidate			1	false	mouse	new_candidate	
rhox7a	Rhox7a	mouse	AnimalTFDB3						new_candidate			1	false	mouse	new_candidate	
rhox7b	Rhox7b	mouse	AnimalTFDB3						new_candidate			1	false	mouse	new_candidate	
rhox8	Rhox8	mouse	AnimalTFDB3						new_candidate			1	false	mouse	new_candidate	
rhox9	Rhox9	mouse	AnimalTFDB3						new_candidate			1	false	mouse	new_candidate	
rhoxf1	RHOXF1	human;vertebrates	AnimalTFDB3;JASPAR_CORE;Lambert_HumanTFs					new_candidate		new_candidate		2	false	human;vertebrates	new_candidate	Cross-species inventory collapse only; retain species-specific evidence records separately.; Vertebrate JASPAR/profile scope is not treated as human/mouse evidence.
rhoxf2	RHOXF2	human	AnimalTFDB3;Lambert_HumanTFs					new_candidate				1	false	human	new_candidate	
rhoxf2b	RHOXF2B	human	AnimalTFDB3;Lambert_HumanTFs					new_candidate				1	false	human	new_candidate	
rimbp2	RIMBP2	human	TFLink					new_candidate				1	false	human	new_candidate	
ring1	RING1	human	TFLink					new_candidate				1	false	human	new_candidate	
rit1	Rit1	mouse	AnimalTFDB3						new_candidate			1	false	mouse	new_candidate	
rlf	RLF;Rlf	human;mouse	AnimalTFDB3;Lambert_HumanTFs;TFLink					new_candidate	new_candidate			2	false	human;mouse	new_candidate	Cross-species inventory collapse only; retain species-specific evidence records separately.
rnf14	RNF14	human	TFLink;TRRUST	TRRUST				existing_public_pair_union				1	false		existing_or_canonical	
rnf2	RNF2;Rnf2	human;mouse	TFLink;TRRUST	TRRUST				new_candidate	existing_public_pair_union			2	false	human	existing_or_canonical	Cross-species inventory collapse only; retain species-specific evidence records separately.
rngtt	RNGTT	human	TFLink					new_candidate				1	false	human	new_candidate	
rora	RORA;Rora	human;mouse;vertebrates	AnimalTFDB3;JASPAR_CORE;Lambert_HumanTFs;OmniPath_DoRothEA;TFLink;TRRUST	CollecTRI;CollecTRI2;DoRothEA;DoRothEA-A_CollecTRI;DoRothEA-A_CollecTRI2;ExTRI2_CollecTRI2;ExTRI_CollecTRI;HTRI_CollecTRI;HTRIdb;HTRIdb_CollecTRI2;HTRIdb_DoRothEA;NTNU.Curated_CollecTRI;NTNUcuration_CollecTRI2;ORegAnno;ORegAnno_DoRothEA;TRRUST;TRRUST_CollecTRI;TRRUST_CollecTRI2;TRRUST_DoRothEA				existing_public_pair_union	existing_public_pair_union	new_candidate		3	false	vertebrates	existing_or_canonical	Cross-species inventory collapse only; retain species-specific evidence records separately.; Vertebrate JASPAR/profile scope is not treated as human/mouse evidence.
rorb	RORB;Rorb	human;mouse;vertebrates	AnimalTFDB3;JASPAR_CORE;Lambert_HumanTFs					new_candidate	new_candidate	new_candidate		3	false	human;mouse;vertebrates	new_candidate	Cross-species inventory collapse only; retain species-specific evidence records separately.; Vertebrate JASPAR/profile scope is not treated as human/mouse evidence.
rorc	RORC;Rorc	human;mouse;vertebrates	AnimalTFDB3;JASPAR_CORE;Lambert_HumanTFs;OmniPath_DoRothEA;TFLink;TRRUST	CollecTRI;CollecTRI2;CytReg_CollecTRI;CytReg_CollecTRI2;DoRothEA;DoRothEA-A_CollecTRI;DoRothEA-A_CollecTRI2;ExTRI2_CollecTRI2;SIGNOR;SIGNOR_CollecTRI;SIGNOR_CollecTRI2;TRRUST;TRRUST_CollecTRI;TRRUST_CollecTRI2;TRRUST_DoRothEA				existing_public_pair_union	new_candidate	new_candidate		3	false	mouse;vertebrates	existing_or_canonical	Cross-species inventory collapse only; retain species-specific evidence records separately.; Vertebrate JASPAR/profile scope is not treated as human/mouse evidence.
rpa1	RPA1	human	TFLink					new_candidate				1	false	human	new_candidate	
rpa2	RPA2;Rpa2	human;mouse	TFLink					new_candidate	new_candidate			2	false	human;mouse	new_candidate	Cross-species inventory collapse only; retain species-specific evidence records separately.
rps6ka5	Rps6ka5	mouse	TFLink;TRRUST	TRRUST					existing_public_pair_union			1	false		existing_or_canonical	
rreb1	RREB1;Rreb1	human;mouse;vertebrates	AnimalTFDB3;JASPAR_CORE;Lambert_HumanTFs;OmniPath_DoRothEA;TFLink;TRRUST	CollecTRI;CollecTRI2;DoRothEA;DoRothEA-A_CollecTRI;DoRothEA-A_CollecTRI2;ExTRI2_CollecTRI2;ExTRI_CollecTRI;HTRI_CollecTRI;HTRIdb;HTRIdb_CollecTRI2;HTRIdb_DoRothEA;NTNU.Curated_CollecTRI;NTNUcuration_CollecTRI2;SIGNOR_CollecTRI;SIGNOR_CollecTRI2;TRRUST;TRRUST_CollecTRI;TRRUST_CollecTRI2;TRRUST_DoRothEA				existing_public_pair_union	existing_public_pair_union	new_candidate		3	false	vertebrates	existing_or_canonical	Cross-species inventory collapse only; retain species-specific evidence records separately.; Vertebrate JASPAR/profile scope is not treated as human/mouse evidence.
rsl1	Rsl1	mouse	AnimalTFDB3						new_candidate			1	false	mouse	new_candidate	
rslcan18	Rslcan18	mouse	AnimalTFDB3						new_candidate			1	false	mouse	new_candidate	
rtf1	Rtf1	mouse	TFLink						new_candidate			1	false	mouse	new_candidate	
runx1	RUNX1;Runx1	human;mouse;vertebrates	AnimalTFDB3;JASPAR_CORE;Lambert_HumanTFs;OmniPath_DoRothEA;TFLink;TRRUST	ARACNe-GTEx_DoRothEA;CollecTRI;CollecTRI2;CytReg_CollecTRI;CytReg_CollecTRI2;DoRothEA;DoRothEA-A_CollecTRI;DoRothEA-A_CollecTRI2;ExTRI2_CollecTRI2;ExTRI_CollecTRI;GEREDB_CollecTRI;GEREDB_CollecTRI2;GOA_CollecTRI;GOA_CollecTRI2;HOCOMOCO_DoRothEA;HTRI_CollecTRI;HTRIdb;HTRIdb_CollecTRI2;HTRIdb_DoRothEA;IntAct_CollecTRI;IntAct_CollecTRI2;IntAct_DoRothEA;JASPAR_DoRothEA;NTNU.Curated_CollecTRI;NTNUcuration_CollecTRI2;PAZAR;PAZAR_DoRothEA;Pavlidis2021_CollecTRI;Pavlidis_CollecTRI2;ReMap_DoRothEA;SIGNOR_CollecTRI;SIGNOR_CollecTRI2;TFactS_CollecTRI;TFactS_DoRothEA;TRRUST;TRRUST_CollecTRI;TRRUST_CollecTRI2;TRRUST_DoRothEA;TfactS_CollecTRI2	canonical_tf_edge;canonical_tf_role;module_22B_regulon	canonical_tf_edge;canonical_tf_role;module_22B_regulon	canonical_tf_edge;canonical_tf_role;module_22B_regulon	existing_public_pair_union	existing_public_pair_union	canonical_name_or_species_scope_match	16882	3	true		existing_or_canonical	Cross-species inventory collapse only; retain species-specific evidence records separately.; Vertebrate JASPAR/profile scope is not treated as human/mouse evidence.
runx1t1	RUNX1T1;Runx1t1	human;mouse	TFLink;TRRUST	TRRUST				existing_public_pair_union	existing_public_pair_union			2	false		existing_or_canonical	Cross-species inventory collapse only; retain species-specific evidence records separately.
runx2	RUNX2;Runx2	human;mouse;vertebrates	AnimalTFDB3;JASPAR_CORE;Lambert_HumanTFs;OmniPath_DoRothEA;TFLink;TRRUST	ARACNe-GTEx_DoRothEA;CollecTRI;CollecTRI2;DoRothEA;DoRothEA-A_CollecTRI;DoRothEA-A_CollecTRI2;ExTRI2_CollecTRI2;ExTRI_CollecTRI;GEREDB_CollecTRI;GEREDB_CollecTRI2;HOCOMOCO_DoRothEA;HTRI_CollecTRI;HTRIdb;HTRIdb_CollecTRI2;HTRIdb_DoRothEA;JASPAR_DoRothEA;NTNU.Curated_CollecTRI;NTNUcuration_CollecTRI2;Pavlidis2021_CollecTRI;Pavlidis_CollecTRI2;ReMap_DoRothEA;SIGNOR_CollecTRI;SIGNOR_CollecTRI2;TFactS_CollecTRI;TFactS_DoRothEA;TRRUST;TRRUST_CollecTRI;TRRUST_CollecTRI2;TRRUST_DoRothEA;TfactS_CollecTRI2	canonical_tf_edge;canonical_tf_role;module_22B_regulon	canonical_tf_edge;canonical_tf_role;module_22B_regulon	canonical_tf_edge;canonical_tf_role;module_22B_regulon	existing_public_pair_union	existing_public_pair_union	canonical_name_or_species_scope_match	16929	3	true		existing_or_canonical	Cross-species inventory collapse only; retain species-specific evidence records separately.; Vertebrate JASPAR/profile scope is not treated as human/mouse evidence.
runx3	RUNX3;Runx3	human;mouse;vertebrates	AnimalTFDB3;JASPAR_CORE;Lambert_HumanTFs;OmniPath_DoRothEA;TFLink;TRRUST	ARACNe-GTEx_DoRothEA;CollecTRI;CollecTRI2;DoRothEA;DoRothEA-A_CollecTRI2;ExTRI2_CollecTRI2;ExTRI_CollecTRI;FANTOM4_DoRothEA;HOCOMOCO_DoRothEA;JASPAR_DoRothEA;NTNU.Curated_CollecTRI;NTNUcuration_CollecTRI2;ReMap_DoRothEA;SIGNOR_CollecTRI;SIGNOR_CollecTRI2;TFactS_CollecTRI;TRRUST;TRRUST_CollecTRI;TRRUST_CollecTRI2;TRRUST_DoRothEA;TfactS_CollecTRI2	canonical_tf_edge;canonical_tf_role;module_22B_regulon	canonical_tf_edge;canonical_tf_role;module_22B_regulon	canonical_tf_edge;canonical_tf_role;module_22B_regulon	existing_public_pair_union	existing_public_pair_union	canonical_name_or_species_scope_match	16974	3	true		existing_or_canonical	Cross-species inventory collapse only; retain species-specific evidence records separately.; Vertebrate JASPAR/profile scope is not treated as human/mouse evidence.
ruvbl1	RUVBL1;Ruvbl1	human;mouse	TFLink;TRRUST	TRRUST				existing_public_pair_union	new_candidate			2	false	mouse	existing_or_canonical	Cross-species inventory collapse only; retain species-specific evidence records separately.
ruvbl2	RUVBL2;Ruvbl2	human;mouse	TFLink;TRRUST	TRRUST				new_candidate	existing_public_pair_union			2	false	human	existing_or_canonical	Cross-species inventory collapse only; retain species-specific evidence records separately.
rxra	RXRA;Rxra	human;mouse;vertebrates	AnimalTFDB3;JASPAR_CORE;Lambert_HumanTFs;OmniPath_DoRothEA;TFLink;TRRUST	CollecTRI;CollecTRI2;DoRothEA;DoRothEA-A_CollecTRI;DoRothEA-A_CollecTRI2;ENCODE-proximal;ExTRI2_CollecTRI2;ExTRI_CollecTRI;FANTOM4_DoRothEA;GEREDB_CollecTRI;GEREDB_CollecTRI2;HTRI_CollecTRI;HTRIdb;HTRIdb_CollecTRI2;HTRIdb_DoRothEA;IntAct_DoRothEA;JASPAR_DoRothEA;NTNU.Curated_CollecTRI;NTNUcuration_CollecTRI2;ReMap_DoRothEA;SIGNOR_CollecTRI;SIGNOR_CollecTRI2;TFactS_CollecTRI;TFactS_DoRothEA;TRRUST;TRRUST_CollecTRI;TRRUST_CollecTRI2;TRRUST_DoRothEA;TfactS_CollecTRI2				existing_public_pair_union	existing_public_pair_union	new_candidate		3	false	vertebrates	existing_or_canonical	Cross-species inventory collapse only; retain species-specific evidence records separately.; Vertebrate JASPAR/profile scope is not treated as human/mouse evidence.
rxrb	RXRB;Rxrb	human;mouse;vertebrates	AnimalTFDB3;JASPAR_CORE;Lambert_HumanTFs;TFLink;TRRUST	TRRUST				new_candidate	existing_public_pair_union	new_candidate		3	false	human;vertebrates	existing_or_canonical	Cross-species inventory collapse only; retain species-specific evidence records separately.; Vertebrate JASPAR/profile scope is not treated as human/mouse evidence.
rxrg	RXRG;Rxrg	human;mouse;vertebrates	AnimalTFDB3;JASPAR_CORE;Lambert_HumanTFs;TFLink					new_candidate	new_candidate	new_candidate		3	false	human;mouse;vertebrates	new_candidate	Cross-species inventory collapse only; retain species-specific evidence records separately.; Vertebrate JASPAR/profile scope is not treated as human/mouse evidence.
rybp	RYBP;Rybp	human;mouse	TFLink					new_candidate	new_candidate			2	false	human;mouse	new_candidate	Cross-species inventory collapse only; retain species-specific evidence records separately.
safb	SAFB	human	Lambert_HumanTFs;TFLink					new_candidate				1	false	human	new_candidate	
safb2	SAFB2	human	Lambert_HumanTFs					new_candidate				1	false	human	new_candidate	
sall1	SALL1;Sall1	human;mouse	AnimalTFDB3;Lambert_HumanTFs;TFLink;TRRUST	TRRUST				new_candidate	existing_public_pair_union			2	false	human	existing_or_canonical	Cross-species inventory collapse only; retain species-specific evidence records separately.
sall2	SALL2;Sall2	human;mouse	AnimalTFDB3;Lambert_HumanTFs;TFLink;TRRUST	TRRUST				new_candidate	existing_public_pair_union			2	false	human	existing_or_canonical	Cross-species inventory collapse only; retain species-specific evidence records separately.
sall3	SALL3;Sall3	human;mouse;vertebrates	AnimalTFDB3;JASPAR_CORE;Lambert_HumanTFs;TFLink;TRRUST	TRRUST				existing_public_pair_union	new_candidate	new_candidate		3	false	mouse;vertebrates	existing_or_canonical	Cross-species inventory collapse only; retain species-specific evidence records separately.; Vertebrate JASPAR/profile scope is not treated as human/mouse evidence.
sall4	SALL4;Sall4	human;mouse	AnimalTFDB3;Lambert_HumanTFs;OmniPath_DoRothEA;TFLink;TRRUST	CollecTRI;CollecTRI2;DoRothEA;DoRothEA-A_CollecTRI;DoRothEA-A_CollecTRI2;ExTRI2_CollecTRI2;ExTRI_CollecTRI;HOCOMOCO_DoRothEA;HTRI_CollecTRI;HTRIdb;HTRIdb_CollecTRI2;HTRIdb_DoRothEA;NTNU.Curated_CollecTRI;NTNUcuration_CollecTRI2;SIGNOR_CollecTRI;SIGNOR_CollecTRI2;TRRUST;TRRUST_CollecTRI;TRRUST_CollecTRI2;TRRUST_DoRothEA	canonical_tf_edge;canonical_tf_role;module_22B_regulon	canonical_tf_edge;canonical_tf_role;module_22B_regulon		existing_public_pair_union	existing_public_pair_union		16883	2	true		existing_or_canonical	Cross-species inventory collapse only; retain species-specific evidence records separately.
sall4a	SALL4A	human	TRRUST	TRRUST				existing_public_pair_union				1	false		existing_or_canonical	
samd11	SAMD11	human	AnimalTFDB3					new_candidate				1	false	human	new_candidate	
sap130	SAP130;Sap130	human;mouse	TFLink					new_candidate	new_candidate			2	false	human;mouse	new_candidate	Cross-species inventory collapse only; retain species-specific evidence records separately.
sap18	Sap18	mouse	TFLink						new_candidate			1	false	mouse	new_candidate	
sap30	SAP30;Sap30	human;mouse	TFLink					new_candidate	new_candidate			2	false	human;mouse	new_candidate	Cross-species inventory collapse only; retain species-specific evidence records separately.
satb1	SATB1;Satb1	human;mouse;vertebrates	AnimalTFDB3;JASPAR_CORE;Lambert_HumanTFs;OmniPath_DoRothEA;TFLink;TRRUST	CollecTRI;CollecTRI2;DoRothEA;DoRothEA-A_CollecTRI;DoRothEA-A_CollecTRI2;ExTRI2_CollecTRI2;HTRI_CollecTRI;HTRIdb;HTRIdb_CollecTRI2;HTRIdb_DoRothEA;TRRUST;TRRUST_CollecTRI;TRRUST_CollecTRI2;TRRUST_DoRothEA				existing_public_pair_union	existing_public_pair_union	new_candidate		3	false	vertebrates	existing_or_canonical	Cross-species inventory collapse only; retain species-specific evidence records separately.; Vertebrate JASPAR/profile scope is not treated as human/mouse evidence.
satb2	SATB2;Satb2	human;mouse	AnimalTFDB3;Lambert_HumanTFs;TFLink;TRRUST	TRRUST				existing_public_pair_union	existing_public_pair_union			2	false		existing_or_canonical	Cross-species inventory collapse only; retain species-specific evidence records separately.
scand1	SCAND1	human	TFLink;TRRUST	TRRUST				existing_public_pair_union				1	false		existing_or_canonical	
scand3	SCAND3	vertebrates	JASPAR_CORE							new_candidate		1	false	vertebrates	new_candidate	Vertebrate JASPAR/profile scope is not treated as human/mouse evidence.
scd5	SCD5	human	TFLink;TRRUST	TRRUST				existing_public_pair_union				1	false		existing_or_canonical	
scmh1	SCMH1	human	Lambert_HumanTFs					new_candidate				1	false	human	new_candidate	
scml2	SCML2	human	TFLink					new_candidate				1	false	human	new_candidate	
scml4	SCML4	human	Lambert_HumanTFs					new_candidate				1	false	human	new_candidate	
scrt1	SCRT1;Scrt1	human;mouse;vertebrates	AnimalTFDB3;JASPAR_CORE;Lambert_HumanTFs;TFLink					new_candidate	new_candidate	new_candidate		3	false	human;mouse;vertebrates	new_candidate	Cross-species inventory collapse only; retain species-specific evidence records separately.; Vertebrate JASPAR/profile scope is not treated as human/mouse evidence.
scrt2	SCRT2;Scrt2	human;mouse;vertebrates	AnimalTFDB3;JASPAR_CORE;Lambert_HumanTFs;TFLink					new_candidate	new_candidate	new_candidate		3	false	human;mouse;vertebrates	new_candidate	Cross-species inventory collapse only; retain species-specific evidence records separately.; Vertebrate JASPAR/profile scope is not treated as human/mouse evidence.
scx	SCX;Scx	human;mouse	AnimalTFDB3;Lambert_HumanTFs;TFLink;TRRUST	TRRUST				new_candidate	existing_public_pair_union			2	false	human	existing_or_canonical	Cross-species inventory collapse only; retain species-specific evidence records separately.
sebox	SEBOX;Sebox	human;mouse	AnimalTFDB3;Lambert_HumanTFs					new_candidate	new_candidate			2	false	human;mouse	new_candidate	Cross-species inventory collapse only; retain species-specific evidence records separately.
sec14l2	SEC14L2	human	TFLink;TRRUST	TRRUST				existing_public_pair_union				1	false		existing_or_canonical	
sertad1	SERTAD1;Sertad1	human;mouse	TFLink;TRRUST	TRRUST				existing_public_pair_union	existing_public_pair_union			2	false		existing_or_canonical	Cross-species inventory collapse only; retain species-specific evidence records separately.
setbp1	SETBP1;Setbp1	human;mouse	AnimalTFDB3;Lambert_HumanTFs;TFLink;TRRUST	TRRUST				existing_public_pair_union	existing_public_pair_union			2	false		existing_or_canonical	Cross-species inventory collapse only; retain species-specific evidence records separately.
setd1a	SETD1A;Setd1a	human;mouse	TFLink					new_candidate	new_candidate			2	false	human;mouse	new_candidate	Cross-species inventory collapse only; retain species-specific evidence records separately.
setd7	SETD7	human	TFLink					new_candidate				1	false	human	new_candidate	
setdb1	SETDB1;Setdb1	human;mouse	AnimalTFDB3;Lambert_HumanTFs;TFLink					new_candidate	new_candidate			2	false	human;mouse	new_candidate	Cross-species inventory collapse only; retain species-specific evidence records separately.
setdb2	SETDB2;Setdb2	human;mouse	AnimalTFDB3;Lambert_HumanTFs					new_candidate	new_candidate			2	false	human;mouse	new_candidate	Cross-species inventory collapse only; retain species-specific evidence records separately.
setx	SETX	human	TFLink					new_candidate				1	false	human	new_candidate	
sf1	SF1;Sf1	human;mouse	TFLink;TRRUST	TRRUST	canonical_tf_edge;canonical_tf_role;module_22B_regulon	canonical_tf_edge;canonical_tf_role;module_22B_regulon		existing_public_pair_union	existing_public_pair_union		16975	2	true		existing_or_canonical	Cross-species inventory collapse only; retain species-specific evidence records separately.
sfmbt1	SFMBT1;Sfmbt1	human;mouse	TFLink					new_candidate	new_candidate			2	false	human;mouse	new_candidate	Cross-species inventory collapse only; retain species-specific evidence records separately.
sfpq	SFPQ;Sfpq	human;mouse	AnimalTFDB3;TFLink;TRRUST	TRRUST				existing_public_pair_union	existing_public_pair_union			2	false		existing_or_canonical	Cross-species inventory collapse only; retain species-specific evidence records separately.
sgf29	SGF29	human	TFLink					new_candidate				1	false	human	new_candidate	
sgsm2	SGSM2	human	Lambert_HumanTFs					new_candidate				1	false	human	new_candidate	
shh	Shh	mouse	TFLink;TRRUST	TRRUST					existing_public_pair_union			1	false		existing_or_canonical	
shox	SHOX	human;vertebrates	AnimalTFDB3;JASPAR_CORE;Lambert_HumanTFs;TFLink;TRRUST	TRRUST				existing_public_pair_union		new_candidate		2	false	vertebrates	existing_or_canonical	Cross-species inventory collapse only; retain species-specific evidence records separately.; Vertebrate JASPAR/profile scope is not treated as human/mouse evidence.
shox2	SHOX2;Shox2	human;mouse;vertebrates	AnimalTFDB3;JASPAR_CORE;Lambert_HumanTFs;TFLink;TRRUST	TRRUST				existing_public_pair_union	existing_public_pair_union	new_candidate		3	false	vertebrates	existing_or_canonical	Cross-species inventory collapse only; retain species-specific evidence records separately.; Vertebrate JASPAR/profile scope is not treated as human/mouse evidence.
sigmar1	SIGMAR1;Sigmar1	human;mouse	TFLink					new_candidate	new_candidate			2	false	human;mouse	new_candidate	Cross-species inventory collapse only; retain species-specific evidence records separately.
sim1	SIM1;Sim1	human;mouse	AnimalTFDB3;Lambert_HumanTFs;TFLink;TRRUST	TRRUST				new_candidate	existing_public_pair_union			2	false	human	existing_or_canonical	Cross-species inventory collapse only; retain species-specific evidence records separately.
sim2	SIM2;Sim2	human;mouse	AnimalTFDB3;Lambert_HumanTFs;TFLink;TRRUST	TRRUST				existing_public_pair_union	existing_public_pair_union			2	false		existing_or_canonical	Cross-species inventory collapse only; retain species-specific evidence records separately.
sin3a	SIN3A;Sin3a	human;mouse	TFLink;TRRUST	TRRUST				existing_public_pair_union	existing_public_pair_union			2	false		existing_or_canonical	Cross-species inventory collapse only; retain species-specific evidence records separately.
sin3b	SIN3B;Sin3b	human;mouse	TFLink;TRRUST	TRRUST				new_candidate	existing_public_pair_union			2	false	human	existing_or_canonical	Cross-species inventory collapse only; retain species-specific evidence records separately.
sinhcaf	Sinhcaf	mouse	TFLink						new_candidate			1	false	mouse	new_candidate	
sipa1	SIPA1	human	TFLink					new_candidate				1	false	human	new_candidate	
sirt1	SIRT1;Sirt1	human;mouse	TFLink;TRRUST	TRRUST	canonical_tf_edge;canonical_tf_role;module_22B_regulon	canonical_tf_edge;canonical_tf_role;module_22B_regulon		existing_public_pair_union	existing_public_pair_union		16789	2	true		existing_or_canonical	Cross-species inventory collapse only; retain species-specific evidence records separately.
sirt2	SIRT2	human	TFLink;TRRUST	TRRUST				existing_public_pair_union				1	false		existing_or_canonical	
sirt3	SIRT3	human	TFLink;TRRUST	TRRUST				existing_public_pair_union				1	false		existing_or_canonical	
sirt5	Sirt5	mouse	TFLink;TRRUST	TRRUST					existing_public_pair_union			1	false		existing_or_canonical	
sirt6	SIRT6;Sirt6	human;mouse	TFLink					new_candidate	new_candidate			2	false	human;mouse	new_candidate	Cross-species inventory collapse only; retain species-specific evidence records separately.
six1	SIX1;Six1	human;mouse;vertebrates	AnimalTFDB3;JASPAR_CORE;Lambert_HumanTFs;TFLink;TRRUST	TRRUST				existing_public_pair_union	existing_public_pair_union	new_candidate		3	false	vertebrates	existing_or_canonical	Cross-species inventory collapse only; retain species-specific evidence records separately.; Vertebrate JASPAR/profile scope is not treated as human/mouse evidence.
six2	SIX2;Six2	human;mouse;vertebrates	AnimalTFDB3;JASPAR_CORE;Lambert_HumanTFs;OmniPath_DoRothEA;TFLink;TRRUST	ARACNe-GTEx_DoRothEA;DoRothEA;HOCOMOCO_DoRothEA;JASPAR_DoRothEA;ReMap_DoRothEA;TRRUST				existing_public_pair_union	existing_public_pair_union	new_candidate		3	false	vertebrates	existing_or_canonical	Cross-species inventory collapse only; retain species-specific evidence records separately.; Vertebrate JASPAR/profile scope is not treated as human/mouse evidence.
six3	SIX3;Six3	human;mouse;vertebrates	AnimalTFDB3;JASPAR_CORE;Lambert_HumanTFs;TFLink;TRRUST	TRRUST	canonical_tf_edge;canonical_tf_role;module_22B_regulon	canonical_tf_edge;canonical_tf_role;module_22B_regulon	canonical_tf_edge;canonical_tf_role;module_22B_regulon	canonical_name_or_species_scope_match	existing_public_pair_union	canonical_name_or_species_scope_match	16976	3	true		existing_or_canonical	Cross-species inventory collapse only; retain species-specific evidence records separately.; Vertebrate JASPAR/profile scope is not treated as human/mouse evidence.
six4	SIX4;Six4	human;mouse;vertebrates	AnimalTFDB3;JASPAR_CORE;Lambert_HumanTFs;TFLink;TRRUST	TRRUST				new_candidate	existing_public_pair_union	new_candidate		3	false	human;vertebrates	existing_or_canonical	Cross-species inventory collapse only; retain species-specific evidence records separately.; Vertebrate JASPAR/profile scope is not treated as human/mouse evidence.
six5	SIX5;Six5	human;mouse	AnimalTFDB3;Lambert_HumanTFs;TFLink;TRRUST	TRRUST				new_candidate	existing_public_pair_union			2	false	human	existing_or_canonical	Cross-species inventory collapse only; retain species-specific evidence records separately.
six6	SIX6;Six6	human;mouse	AnimalTFDB3;Lambert_HumanTFs;TFLink;TRRUST	TRRUST				new_candidate	existing_public_pair_union			2	false	human	existing_or_canonical	Cross-species inventory collapse only; retain species-specific evidence records separately.
ski	SKI;Ski	human;mouse	Lambert_HumanTFs;OmniPath_DoRothEA;TFLink;TRRUST	CollecTRI;CollecTRI2;DoRothEA;DoRothEA-A_CollecTRI;DoRothEA-A_CollecTRI2;ExTRI2_CollecTRI2;HTRI_CollecTRI;HTRIdb;HTRIdb_CollecTRI2;HTRIdb_DoRothEA;IntAct_CollecTRI;IntAct_CollecTRI2;IntAct_DoRothEA;TRRUST				existing_public_pair_union	existing_public_pair_union			2	false		existing_or_canonical	Cross-species inventory collapse only; retain species-specific evidence records separately.
skil	SKIL;Skil	human;mouse	Lambert_HumanTFs;OmniPath_DoRothEA;TFLink;TRRUST	CollecTRI;CollecTRI2;DoRothEA;DoRothEA-A_CollecTRI;DoRothEA-A_CollecTRI2;ExTRI2_CollecTRI2;ExTRI_CollecTRI;FANTOM4_DoRothEA;HTRI_CollecTRI;HTRIdb;HTRIdb_CollecTRI2;HTRIdb_DoRothEA;TRRUST;TRRUST_CollecTRI;TRRUST_CollecTRI2;TRRUST_DoRothEA				existing_public_pair_union	existing_public_pair_union			2	false		existing_or_canonical	Cross-species inventory collapse only; retain species-specific evidence records separately.
skor1	SKOR1	human	Lambert_HumanTFs					new_candidate				1	false	human	new_candidate	
skor2	SKOR2	human	Lambert_HumanTFs					new_candidate				1	false	human	new_candidate	
skp2	SKP2	human	TFLink					new_candidate				1	false	human	new_candidate	
sla2	SLA2;Sla2	human;mouse	TFLink;TRRUST	TRRUST				existing_public_pair_union	existing_public_pair_union			2	false		existing_or_canonical	Cross-species inventory collapse only; retain species-specific evidence records separately.
slc2a4rg	SLC2A4RG	human;vertebrates	AnimalTFDB3;JASPAR_CORE;Lambert_HumanTFs;TFLink;TRRUST	TRRUST				existing_public_pair_union		new_candidate		2	false	vertebrates	existing_or_canonical	Cross-species inventory collapse only; retain species-specific evidence records separately.; Vertebrate JASPAR/profile scope is not treated as human/mouse evidence.
slc30a9	SLC30A9	human	TFLink					new_candidate				1	false	human	new_candidate	
smad1	SMAD1;Smad1	human;mouse	AnimalTFDB3;Lambert_HumanTFs;OmniPath_DoRothEA;TFLink;TRRUST	CollecTRI;CollecTRI2;DoRothEA;DoRothEA-A_CollecTRI2;ExTRI2_CollecTRI2;ExTRI_CollecTRI;GEREDB_CollecTRI;GEREDB_CollecTRI2;GOA_CollecTRI;GOA_CollecTRI2;NTNU.Curated_CollecTRI;NTNUcuration_CollecTRI2;ReMap_DoRothEA;RegNetwork_DoRothEA;TFactS_CollecTRI;TFactS_DoRothEA;TRED_DoRothEA;TRRUST;TRRUST_CollecTRI;TRRUST_CollecTRI2;TRRUST_DoRothEA;TfactS_CollecTRI2	canonical_tf_edge;canonical_tf_role;module_22B_regulon	canonical_tf_edge;canonical_tf_role;module_22B_regulon		existing_public_pair_union	existing_public_pair_union		16977	2	true		existing_or_canonical	Cross-species inventory collapse only; retain species-specific evidence records separately.
smad2	SMAD2;Smad2	human;mouse;vertebrates	AnimalTFDB3;JASPAR_CORE;TFLink;TRRUST	TRRUST	canonical_tf_edge;canonical_tf_role;module_22B_regulon	canonical_tf_edge;canonical_tf_role;module_22B_regulon	canonical_tf_edge;canonical_tf_role;module_22B_regulon	existing_public_pair_union	existing_public_pair_union	canonical_name_or_species_scope_match	13242	3	true		existing_or_canonical	Cross-species inventory collapse only; retain species-specific evidence records separately.; Vertebrate JASPAR/profile scope is not treated as human/mouse evidence.
smad3	SMAD3;Smad3	human;mouse;vertebrates	AnimalTFDB3;JASPAR_CORE;Lambert_HumanTFs;OmniPath_DoRothEA;TFLink;TRRUST	ARACNe-GTEx_DoRothEA;CollecTRI;CollecTRI2;CytReg_CollecTRI;CytReg_CollecTRI2;DoRothEA;DoRothEA-A_CollecTRI;DoRothEA-A_CollecTRI2;ExTRI2_CollecTRI2;ExTRI_CollecTRI;FANTOM4_DoRothEA;GEREDB_CollecTRI;GEREDB_CollecTRI2;GOA_CollecTRI;GOA_CollecTRI2;HOCOMOCO_DoRothEA;HTRI_CollecTRI;HTRIdb;HTRIdb_CollecTRI2;HTRIdb_DoRothEA;IntAct_CollecTRI;IntAct_CollecTRI2;JASPAR_DoRothEA;NTNU.Curated_CollecTRI;NTNUcuration_CollecTRI2;ReMap_DoRothEA;RegNetwork_DoRothEA;SIGNOR;SIGNOR_CollecTRI;SIGNOR_CollecTRI2;TFactS_CollecTRI;TFactS_DoRothEA;TRED_DoRothEA;TRRUST;TRRUST_CollecTRI;TRRUST_CollecTRI2;TRRUST_DoRothEA;TfactS_CollecTRI2	canonical_tf_edge;canonical_tf_role;module_22B_regulon	canonical_tf_edge;canonical_tf_role;module_22B_regulon	canonical_tf_edge;canonical_tf_role;module_22B_regulon	existing_public_pair_union	existing_public_pair_union	canonical_name_or_species_scope_match	13248	3	true		existing_or_canonical	Cross-species inventory collapse only; retain species-specific evidence records separately.; Vertebrate JASPAR/profile scope is not treated as human/mouse evidence.
smad4	SMAD4;Smad4	human;mouse;vertebrates	AnimalTFDB3;JASPAR_CORE;Lambert_HumanTFs;OmniPath_DoRothEA;TFLink;TRRUST	ARACNe-GTEx_DoRothEA;CollecTRI;CollecTRI2;DoRothEA;DoRothEA-A_CollecTRI;DoRothEA-A_CollecTRI2;ExTRI2_CollecTRI2;ExTRI_CollecTRI;FANTOM4_DoRothEA;GEREDB_CollecTRI;GEREDB_CollecTRI2;GOA_CollecTRI;GOA_CollecTRI2;HOCOMOCO_DoRothEA;HTRI_CollecTRI;HTRIdb;HTRIdb_CollecTRI2;HTRIdb_DoRothEA;IntAct_CollecTRI;IntAct_CollecTRI2;IntAct_DoRothEA;JASPAR_DoRothEA;NTNU.Curated_CollecTRI;NTNUcuration_CollecTRI2;ReMap_DoRothEA;RegNetwork_DoRothEA;SIGNOR;SIGNOR_CollecTRI;SIGNOR_CollecTRI2;TFactS_CollecTRI;TFactS_DoRothEA;TRED_DoRothEA;TRRUST;TRRUST_CollecTRI;TRRUST_CollecTRI2;TRRUST_DoRothEA;TfactS_CollecTRI2	canonical_tf_edge;canonical_tf_role;module_22B_regulon	canonical_tf_edge;canonical_tf_role;module_22B_regulon	canonical_tf_edge;canonical_tf_role;module_22B_regulon	existing_public_pair_union	existing_public_pair_union	canonical_name_or_species_scope_match	13250	3	true		existing_or_canonical	Cross-species inventory collapse only; retain species-specific evidence records separately.; Vertebrate JASPAR/profile scope is not treated as human/mouse evidence.
smad5	SMAD5;Smad5	human;mouse;vertebrates	AnimalTFDB3;JASPAR_CORE;Lambert_HumanTFs;OmniPath_DoRothEA;TFLink;TRRUST	CollecTRI;CollecTRI2;DoRothEA;DoRothEA-A_CollecTRI2;ExTRI2_CollecTRI2;NTNU.Curated_CollecTRI;NTNUcuration_CollecTRI2;TFactS_CollecTRI;TFactS_DoRothEA;TRRUST;TfactS_CollecTRI2				existing_public_pair_union	existing_public_pair_union	new_candidate		3	false	vertebrates	existing_or_canonical	Cross-species inventory collapse only; retain species-specific evidence records separately.; Vertebrate JASPAR/profile scope is not treated as human/mouse evidence.
smad6	SMAD6;Smad6	human;mouse	AnimalTFDB3;TFLink;TRRUST	TRRUST				new_candidate	existing_public_pair_union			2	false	human	existing_or_canonical	Cross-species inventory collapse only; retain species-specific evidence records separately.
smad7	SMAD7;Smad7	human;mouse	AnimalTFDB3;TFLink;TRRUST	TRRUST				existing_public_pair_union	existing_public_pair_union			2	false		existing_or_canonical	Cross-species inventory collapse only; retain species-specific evidence records separately.
smad9	SMAD9;Smad9	human;mouse	AnimalTFDB3;Lambert_HumanTFs;TFLink;TRRUST	TRRUST				new_candidate	existing_public_pair_union			2	false	human	existing_or_canonical	Cross-species inventory collapse only; retain species-specific evidence records separately.
smarca1	SMARCA1;Smarca1	human;mouse	AnimalTFDB3;TFLink;TRRUST	TRRUST				existing_public_pair_union	new_candidate			2	false	mouse	existing_or_canonical	Cross-species inventory collapse only; retain species-specific evidence records separately.
smarca2	SMARCA2;Smarca2	human;mouse	TFLink;TRRUST	TRRUST				new_candidate	existing_public_pair_union			2	false	human	existing_or_canonical	Cross-species inventory collapse only; retain species-specific evidence records separately.
smarca4	SMARCA4;Smarca4	human;mouse	TFLink;TRRUST	TRRUST				existing_public_pair_union	existing_public_pair_union			2	false		existing_or_canonical	Cross-species inventory collapse only; retain species-specific evidence records separately.
smarca5	SMARCA5;Smarca5	human;mouse	TFLink;TRRUST	TRRUST				new_candidate	existing_public_pair_union			2	false	human	existing_or_canonical	Cross-species inventory collapse only; retain species-specific evidence records separately.
smarcad1	Smarcad1	mouse	TFLink						new_candidate			1	false	mouse	new_candidate	
smarcal1	SMARCAL1;Smarcal1	human;mouse	AnimalTFDB3					new_candidate	new_candidate			2	false	human;mouse	new_candidate	Cross-species inventory collapse only; retain species-specific evidence records separately.
smarcb1	SMARCB1	human	TFLink;TRRUST	TRRUST				existing_public_pair_union				1	false		existing_or_canonical	
smarcc1	SMARCC1;Smarcc1	human;mouse	AnimalTFDB3;TFLink;TRRUST	TRRUST				new_candidate	existing_public_pair_union			2	false	human	existing_or_canonical	Cross-species inventory collapse only; retain species-specific evidence records separately.
smarcc2	SMARCC2;Smarcc2	human;mouse	AnimalTFDB3;TFLink					new_candidate	new_candidate			2	false	human;mouse	new_candidate	Cross-species inventory collapse only; retain species-specific evidence records separately.
smarcd1	Smarcd1	mouse	TFLink;TRRUST	TRRUST					existing_public_pair_union			1	false		existing_or_canonical	
smarce1	SMARCE1;Smarce1	human;mouse	AnimalTFDB3;TFLink;TRRUST	TRRUST				new_candidate	existing_public_pair_union			2	false	human	existing_or_canonical	Cross-species inventory collapse only; retain species-specific evidence records separately.
smc1a	SMC1A;Smc1a	human;mouse	TFLink					new_candidate	new_candidate			2	false	human;mouse	new_candidate	Cross-species inventory collapse only; retain species-specific evidence records separately.
smc3	SMC3;Smc3	human;mouse	TFLink					new_candidate	new_candidate			2	false	human;mouse	new_candidate	Cross-species inventory collapse only; retain species-specific evidence records separately.
smc4	SMC4	human	TFLink					new_candidate				1	false	human	new_candidate	
smc5	Smc5	mouse	TFLink						new_candidate			1	false	mouse	new_candidate	
smchd1	SMCHD1;Smchd1	human;mouse	TFLink					new_candidate	new_candidate			2	false	human;mouse	new_candidate	Cross-species inventory collapse only; retain species-specific evidence records separately.
smg6	SMG6	human	TFLink;TRRUST	TRRUST				existing_public_pair_union				1	false		existing_or_canonical	
smn1	SMN1	human	TFLink					new_candidate				1	false	human	new_candidate	
smurf1	Smurf1	mouse	TFLink;TRRUST	TRRUST					existing_public_pair_union			1	false		existing_or_canonical	
smurf2	SMURF2;Smurf2	human;mouse	TFLink;TRRUST	TRRUST				existing_public_pair_union	existing_public_pair_union			2	false		existing_or_canonical	Cross-species inventory collapse only; retain species-specific evidence records separately.
smyd1	Smyd1	mouse	TFLink;TRRUST	TRRUST					existing_public_pair_union			1	false		existing_or_canonical	
smyd2	Smyd2	mouse	TFLink						new_candidate			1	false	mouse	new_candidate	
smyd3	SMYD3;Smyd3	human;mouse	Lambert_HumanTFs;TFLink					new_candidate	new_candidate			2	false	human;mouse	new_candidate	Cross-species inventory collapse only; retain species-specific evidence records separately.
smyd5	Smyd5	mouse	TFLink						new_candidate			1	false	mouse	new_candidate	
snai1	SNAI1;Snai1	human;mouse;vertebrates	AnimalTFDB3;JASPAR_CORE;Lambert_HumanTFs;OmniPath_DoRothEA;TFLink;TRRUST	ARACNe-GTEx_DoRothEA;CollecTRI;CollecTRI2;DoRothEA;DoRothEA-A_CollecTRI;DoRothEA-A_CollecTRI2;ExTRI2_CollecTRI2;ExTRI_CollecTRI;FANTOM4_DoRothEA;GEREDB_CollecTRI;GEREDB_CollecTRI2;GOA_CollecTRI2;HTRI_CollecTRI;HTRIdb;HTRIdb_CollecTRI2;HTRIdb_DoRothEA;IntAct_DoRothEA;NTNU.Curated_CollecTRI;NTNUcuration_CollecTRI2;Pavlidis2021_CollecTRI;Pavlidis_CollecTRI2;SIGNOR_CollecTRI;SIGNOR_CollecTRI2;TRRUST;TRRUST_CollecTRI;TRRUST_CollecTRI2;TRRUST_DoRothEA	canonical_tf_edge;canonical_tf_role;module_22B_regulon	canonical_tf_edge;canonical_tf_role;module_22B_regulon	canonical_tf_edge;canonical_tf_role;module_22B_regulon	existing_public_pair_union	existing_public_pair_union	canonical_name_or_species_scope_match	16884	3	true		existing_or_canonical	Cross-species inventory collapse only; retain species-specific evidence records separately.; Vertebrate JASPAR/profile scope is not treated as human/mouse evidence.
snai2	SNAI2;Snai2	human;mouse;vertebrates	AnimalTFDB3;JASPAR_CORE;Lambert_HumanTFs;OmniPath_DoRothEA;TFLink;TRRUST	CollecTRI;CollecTRI2;DoRothEA;DoRothEA-A_CollecTRI2;ExTRI2_CollecTRI2;ExTRI_CollecTRI;GEREDB_CollecTRI;GEREDB_CollecTRI2;GOA_CollecTRI;GOA_CollecTRI2;HOCOMOCO_DoRothEA;IntAct_DoRothEA;NTNU.Curated_CollecTRI;NTNUcuration_CollecTRI2;Pavlidis2021_CollecTRI;Pavlidis_CollecTRI2;ReMap_DoRothEA;SIGNOR_CollecTRI;SIGNOR_CollecTRI2;TRRUST;TRRUST_CollecTRI;TRRUST_CollecTRI2;TRRUST_DoRothEA	canonical_tf_edge;canonical_tf_role;module_22B_regulon	canonical_tf_edge;canonical_tf_role;module_22B_regulon	canonical_tf_edge;canonical_tf_role;module_22B_regulon	existing_public_pair_union	existing_public_pair_union	canonical_name_or_species_scope_match	16885	3	true		existing_or_canonical	Cross-species inventory collapse only; retain species-specific evidence records separately.; Vertebrate JASPAR/profile scope is not treated as human/mouse evidence.
snai3	SNAI3;Snai3	human;mouse;vertebrates	AnimalTFDB3;JASPAR_CORE;Lambert_HumanTFs					new_candidate	new_candidate	new_candidate		3	false	human;mouse;vertebrates	new_candidate	Cross-species inventory collapse only; retain species-specific evidence records separately.; Vertebrate JASPAR/profile scope is not treated as human/mouse evidence.
snapc1	SNAPC1	human	TFLink					new_candidate				1	false	human	new_candidate	
snapc2	SNAPC2	human	Lambert_HumanTFs;TFLink					new_candidate				1	false	human	new_candidate	
snapc4	SNAPC4;Snapc4	human;mouse	AnimalTFDB3;Lambert_HumanTFs;TFLink					new_candidate	new_candidate			2	false	human;mouse	new_candidate	Cross-species inventory collapse only; retain species-specific evidence records separately.
snapc5	SNAPC5	human	Lambert_HumanTFs					new_candidate				1	false	human	new_candidate	
snd1	SND1;Snd1	human;mouse	TFLink;TRRUST	TRRUST				existing_public_pair_union	existing_public_pair_union			2	false		existing_or_canonical	Cross-species inventory collapse only; retain species-specific evidence records separately.
snip1	SNIP1	human	TFLink;TRRUST	TRRUST				existing_public_pair_union				1	false		existing_or_canonical	
snrnp70	SNRNP70	human	TFLink					new_candidate				1	false	human	new_candidate	
snw1	SNW1	human	TFLink;TRRUST	TRRUST				existing_public_pair_union				1	false		existing_or_canonical	
sohlh1	SOHLH1;Sohlh1	human;mouse	AnimalTFDB3;Lambert_HumanTFs					new_candidate	new_candidate			2	false	human;mouse	new_candidate	Cross-species inventory collapse only; retain species-specific evidence records separately.
sohlh2	SOHLH2;Sohlh2	human;mouse;vertebrates	AnimalTFDB3;JASPAR_CORE;Lambert_HumanTFs					new_candidate	new_candidate	new_candidate		3	false	human;mouse;vertebrates	new_candidate	Cross-species inventory collapse only; retain species-specific evidence records separately.; Vertebrate JASPAR/profile scope is not treated as human/mouse evidence.
son	SON;Son	human;mouse	AnimalTFDB3;Lambert_HumanTFs;TFLink					new_candidate	new_candidate			2	false	human;mouse	new_candidate	Cross-species inventory collapse only; retain species-specific evidence records separately.
sox1	SOX1;Sox1	human;mouse;vertebrates	AnimalTFDB3;JASPAR_CORE;Lambert_HumanTFs					new_candidate	new_candidate	new_candidate		3	false	human;mouse;vertebrates	new_candidate	Cross-species inventory collapse only; retain species-specific evidence records separately.; Vertebrate JASPAR/profile scope is not treated as human/mouse evidence.
sox10	SOX10;Sox10	human;mouse;vertebrates	AnimalTFDB3;JASPAR_CORE;Lambert_HumanTFs;OmniPath_DoRothEA;TFLink;TRRUST	CollecTRI;CollecTRI2;DoRothEA;DoRothEA-A_CollecTRI;DoRothEA-A_CollecTRI2;ExTRI2_CollecTRI2;ExTRI_CollecTRI;GEREDB_CollecTRI;GEREDB_CollecTRI2;HOCOMOCO_DoRothEA;JASPAR_DoRothEA;NTNU.Curated_CollecTRI;NTNUcuration_CollecTRI2;PAZAR;ReMap_DoRothEA;TFactS_CollecTRI;TFactS_DoRothEA;TFe_DoRothEA;TRRUST;TRRUST_CollecTRI;TRRUST_CollecTRI2;TRRUST_DoRothEA;TfactS_CollecTRI2	canonical_tf_edge;canonical_tf_role;module_22B_regulon	canonical_tf_edge;canonical_tf_role;module_22B_regulon	canonical_tf_edge;canonical_tf_role;module_22B_regulon	existing_public_pair_union	existing_public_pair_union	canonical_name_or_species_scope_match	16886	3	true		existing_or_canonical	Cross-species inventory collapse only; retain species-specific evidence records separately.; Vertebrate JASPAR/profile scope is not treated as human/mouse evidence.
sox11	SOX11;Sox11	human;mouse;vertebrates	AnimalTFDB3;JASPAR_CORE;Lambert_HumanTFs;TFLink;TRRUST	TRRUST				existing_public_pair_union	existing_public_pair_union	new_candidate		3	false	vertebrates	existing_or_canonical	Cross-species inventory collapse only; retain species-specific evidence records separately.; Vertebrate JASPAR/profile scope is not treated as human/mouse evidence.
sox12	SOX12;Sox12	human;mouse;vertebrates	AnimalTFDB3;JASPAR_CORE;Lambert_HumanTFs					new_candidate	new_candidate	new_candidate		3	false	human;mouse;vertebrates	new_candidate	Cross-species inventory collapse only; retain species-specific evidence records separately.; Vertebrate JASPAR/profile scope is not treated as human/mouse evidence.
sox13	SOX13;Sox13	human;mouse;vertebrates	AnimalTFDB3;JASPAR_CORE;Lambert_HumanTFs;OmniPath_DoRothEA;TFLink	ARACNe-GTEx_DoRothEA;DoRothEA;JASPAR_DoRothEA;ReMap_DoRothEA				existing_public_pair_union	existing_public_pair_union	new_candidate		3	false	vertebrates	existing_or_canonical	Cross-species inventory collapse only; retain species-specific evidence records separately.; Vertebrate JASPAR/profile scope is not treated as human/mouse evidence.
sox14	SOX14;Sox14	human;mouse;vertebrates	AnimalTFDB3;JASPAR_CORE;Lambert_HumanTFs;TFLink;TRRUST	TRRUST				new_candidate	existing_public_pair_union	new_candidate		3	false	human;vertebrates	existing_or_canonical	Cross-species inventory collapse only; retain species-specific evidence records separately.; Vertebrate JASPAR/profile scope is not treated as human/mouse evidence.
sox15	SOX15;Sox15	human;mouse;vertebrates	AnimalTFDB3;JASPAR_CORE;Lambert_HumanTFs;TFLink;TRRUST	TRRUST				new_candidate	existing_public_pair_union	new_candidate		3	false	human;vertebrates	existing_or_canonical	Cross-species inventory collapse only; retain species-specific evidence records separately.; Vertebrate JASPAR/profile scope is not treated as human/mouse evidence.
sox17	SOX17;Sox17	human;mouse;vertebrates	AnimalTFDB3;JASPAR_CORE;Lambert_HumanTFs;TFLink;TRRUST	TRRUST				existing_public_pair_union	existing_public_pair_union	new_candidate		3	false	vertebrates	existing_or_canonical	Cross-species inventory collapse only; retain species-specific evidence records separately.; Vertebrate JASPAR/profile scope is not treated as human/mouse evidence.
sox18	SOX18;Sox18	human;mouse;vertebrates	AnimalTFDB3;JASPAR_CORE;Lambert_HumanTFs;TFLink;TRRUST	TRRUST				new_candidate	existing_public_pair_union	new_candidate		3	false	human;vertebrates	existing_or_canonical	Cross-species inventory collapse only; retain species-specific evidence records separately.; Vertebrate JASPAR/profile scope is not treated as human/mouse evidence.
sox2	SOX2;Sox2	human;mouse;vertebrates	AnimalTFDB3;JASPAR_CORE;Lambert_HumanTFs;OmniPath_DoRothEA;TFLink;TRRUST	ARACNe-GTEx_DoRothEA;CollecTRI;CollecTRI2;DoRothEA;DoRothEA-A_CollecTRI2;ExTRI2_CollecTRI2;ExTRI_CollecTRI;HOCOMOCO_DoRothEA;IntAct_DoRothEA;JASPAR_DoRothEA;NTNU.Curated_CollecTRI;NTNUcuration_CollecTRI2;PAZAR_DoRothEA;Pavlidis2021_CollecTRI;Pavlidis_CollecTRI2;ReMap_DoRothEA;SIGNOR_CollecTRI;SIGNOR_CollecTRI2;TFactS_CollecTRI;TFactS_DoRothEA;TRRUST;TRRUST_CollecTRI;TRRUST_CollecTRI2;TRRUST_DoRothEA;TfactS_CollecTRI2	canonical_tf_edge;canonical_tf_role;module_22B_regulon	canonical_tf_edge;canonical_tf_role;module_22B_regulon	canonical_tf_edge;canonical_tf_role;module_22B_regulon	existing_public_pair_union	existing_public_pair_union	canonical_name_or_species_scope_match	16978	3	true		existing_or_canonical	Cross-species inventory collapse only; retain species-specific evidence records separately.; Vertebrate JASPAR/profile scope is not treated as human/mouse evidence.
sox21	SOX21;Sox21	human;mouse;vertebrates	AnimalTFDB3;JASPAR_CORE;Lambert_HumanTFs;TFLink;TRRUST	TRRUST				new_candidate	existing_public_pair_union	new_candidate		3	false	human;vertebrates	existing_or_canonical	Cross-species inventory collapse only; retain species-specific evidence records separately.; Vertebrate JASPAR/profile scope is not treated as human/mouse evidence.
sox3	SOX3;Sox3	human;mouse;vertebrates	AnimalTFDB3;JASPAR_CORE;Lambert_HumanTFs;TFLink					new_candidate	new_candidate	new_candidate		3	false	human;mouse;vertebrates	new_candidate	Cross-species inventory collapse only; retain species-specific evidence records separately.; Vertebrate JASPAR/profile scope is not treated as human/mouse evidence.
sox30	SOX30;Sox30	human;mouse;vertebrates	AnimalTFDB3;JASPAR_CORE;Lambert_HumanTFs;TFLink					new_candidate	new_candidate	new_candidate		3	false	human;mouse;vertebrates	new_candidate	Cross-species inventory collapse only; retain species-specific evidence records separately.; Vertebrate JASPAR/profile scope is not treated as human/mouse evidence.
sox4	SOX4;Sox4	human;mouse;vertebrates	AnimalTFDB3;JASPAR_CORE;Lambert_HumanTFs;OmniPath_DoRothEA;TFLink;TRRUST	CollecTRI;CollecTRI2;DoRothEA;DoRothEA-A_CollecTRI2;ExTRI2_CollecTRI2;ExTRI_CollecTRI;GEREDB_CollecTRI;GEREDB_CollecTRI2;HOCOMOCO_DoRothEA;JASPAR_DoRothEA;NTNU.Curated_CollecTRI;NTNUcuration_CollecTRI2;TRRUST;TRRUST_CollecTRI;TRRUST_CollecTRI2;TRRUST_DoRothEA				existing_public_pair_union	existing_public_pair_union	new_candidate		3	false	vertebrates	existing_or_canonical	Cross-species inventory collapse only; retain species-specific evidence records separately.; Vertebrate JASPAR/profile scope is not treated as human/mouse evidence.
sox5	SOX5;Sox5	human;mouse;vertebrates	AnimalTFDB3;JASPAR_CORE;Lambert_HumanTFs;TFLink;TRRUST	TRRUST				existing_public_pair_union	existing_public_pair_union	new_candidate		3	false	vertebrates	existing_or_canonical	Cross-species inventory collapse only; retain species-specific evidence records separately.; Vertebrate JASPAR/profile scope is not treated as human/mouse evidence.
sox6	SOX6;Sox6	human;mouse;vertebrates	AnimalTFDB3;JASPAR_CORE;Lambert_HumanTFs;OmniPath_DoRothEA;TFLink;TRRUST	ARACNe-GTEx_DoRothEA;CollecTRI;CollecTRI2;DoRothEA;DoRothEA-A_CollecTRI2;ExTRI2_CollecTRI2;JASPAR_DoRothEA;ReMap_DoRothEA;TRRUST;TRRUST_CollecTRI;TRRUST_CollecTRI2;TRRUST_DoRothEA				existing_public_pair_union	existing_public_pair_union	new_candidate		3	false	vertebrates	existing_or_canonical	Cross-species inventory collapse only; retain species-specific evidence records separately.; Vertebrate JASPAR/profile scope is not treated as human/mouse evidence.
sox7	SOX7;Sox7	human;mouse;vertebrates	AnimalTFDB3;JASPAR_CORE;Lambert_HumanTFs;TFLink;TRRUST	TRRUST				new_candidate	existing_public_pair_union	new_candidate		3	false	human;vertebrates	existing_or_canonical	Cross-species inventory collapse only; retain species-specific evidence records separately.; Vertebrate JASPAR/profile scope is not treated as human/mouse evidence.
sox8	SOX8;Sox8	human;mouse;vertebrates	AnimalTFDB3;JASPAR_CORE;Lambert_HumanTFs;OmniPath_DoRothEA;TFLink;TRRUST	CollecTRI2;DoRothEA;DoRothEA-A_CollecTRI2;TFe_DoRothEA;TRRUST				existing_public_pair_union	existing_public_pair_union	new_candidate		3	false	vertebrates	existing_or_canonical	Cross-species inventory collapse only; retain species-specific evidence records separately.; Vertebrate JASPAR/profile scope is not treated as human/mouse evidence.
sox9	SOX9;Sox9	human;mouse;vertebrates	AnimalTFDB3;JASPAR_CORE;Lambert_HumanTFs;OmniPath_DoRothEA;TFLink;TRRUST	ARACNe-GTEx_DoRothEA;CollecTRI;CollecTRI2;DoRothEA;DoRothEA-A_CollecTRI;DoRothEA-A_CollecTRI2;ExTRI2_CollecTRI2;ExTRI_CollecTRI;GEREDB_CollecTRI;GEREDB_CollecTRI2;HOCOMOCO_DoRothEA;JASPAR_DoRothEA;NTNU.Curated_CollecTRI;NTNUcuration_CollecTRI2;ORegAnno;ORegAnno_DoRothEA;Pavlidis2021_CollecTRI;Pavlidis_CollecTRI2;ReMap_DoRothEA;SIGNOR_CollecTRI;SIGNOR_CollecTRI2;TFactS_CollecTRI;TFactS_DoRothEA;TFe_DoRothEA;TRRUST;TRRUST_CollecTRI;TRRUST_CollecTRI2;TRRUST_DoRothEA;TfactS_CollecTRI2	canonical_tf_edge;canonical_tf_role;module_22B_regulon	canonical_tf_edge;canonical_tf_role;module_22B_regulon	canonical_tf_edge;canonical_tf_role;module_22B_regulon	existing_public_pair_union	existing_public_pair_union	canonical_name_or_species_scope_match	13258	3	true		existing_or_canonical	Cross-species inventory collapse only; retain species-specific evidence records separately.; Vertebrate JASPAR/profile scope is not treated as human/mouse evidence.
sp1	SP1;Sp1	human;mouse;vertebrates	AnimalTFDB3;JASPAR_CORE;Lambert_HumanTFs;OmniPath_DoRothEA;TFLink;TRRUST	ARACNe-GTEx_DoRothEA;CollecTRI;CollecTRI2;CytReg_CollecTRI;CytReg_CollecTRI2;DoRothEA;DoRothEA-A_CollecTRI;DoRothEA-A_CollecTRI2;ENCODE-distal;ENCODE-proximal;ExTRI2_CollecTRI2;ExTRI_CollecTRI;FANTOM4_DoRothEA;GEREDB_CollecTRI;GEREDB_CollecTRI2;GOA_CollecTRI;GOA_CollecTRI2;HOCOMOCO_DoRothEA;HTRI_CollecTRI;HTRIdb;HTRIdb_CollecTRI2;HTRIdb_DoRothEA;IntAct_DoRothEA;JASPAR_DoRothEA;NFIRegulomeDB_DoRothEA;NTNU.Curated_CollecTRI;NTNUcuration_CollecTRI2;ORegAnno;ORegAnno_DoRothEA;PAZAR;PAZAR_DoRothEA;Pavlidis2021_CollecTRI;Pavlidis_CollecTRI2;ReMap_DoRothEA;RegNetwork_DoRothEA;SIGNOR;SIGNOR_CollecTRI;SIGNOR_CollecTRI2;TFactS_CollecTRI;TFactS_DoRothEA;TRED_DoRothEA;TRRD_DoRothEA;TRRUST;TRRUST_CollecTRI;TRRUST_CollecTRI2;TRRUST_DoRothEA;TfactS_CollecTRI2	canonical_tf_edge;canonical_tf_role;module_22B_regulon	canonical_tf_edge;canonical_tf_role;module_22B_regulon	canonical_tf_edge;canonical_tf_role;module_22B_regulon	existing_public_pair_union	existing_public_pair_union	canonical_name_or_species_scope_match	13259	3	true		existing_or_canonical	Cross-species inventory collapse only; retain species-specific evidence records separately.; Vertebrate JASPAR/profile scope is not treated as human/mouse evidence.
sp100	SP100;Sp100	human;mouse	AnimalTFDB3;Lambert_HumanTFs;OmniPath_DoRothEA;TFLink;TRRUST	ARACNe-GTEx_DoRothEA;CollecTRI;CollecTRI2;DoRothEA;DoRothEA-A_CollecTRI2;ExTRI2_CollecTRI2;TRRUST;TRRUST_CollecTRI;TRRUST_CollecTRI2;TRRUST_DoRothEA				existing_public_pair_union	new_candidate			2	false	mouse	existing_or_canonical	Cross-species inventory collapse only; retain species-specific evidence records separately.
sp110	SP110;Sp110	human;mouse	AnimalTFDB3;Lambert_HumanTFs					new_candidate	new_candidate			2	false	human;mouse	new_candidate	Cross-species inventory collapse only; retain species-specific evidence records separately.
sp140	SP140;Sp140	human;mouse	AnimalTFDB3;Lambert_HumanTFs;TFLink					new_candidate	new_candidate			2	false	human;mouse	new_candidate	Cross-species inventory collapse only; retain species-specific evidence records separately.
sp140l	SP140L	human;vertebrates	AnimalTFDB3;JASPAR_CORE;Lambert_HumanTFs					new_candidate		new_candidate		2	false	human;vertebrates	new_candidate	Cross-species inventory collapse only; retain species-specific evidence records separately.; Vertebrate JASPAR/profile scope is not treated as human/mouse evidence.
sp2	SP2;Sp2	human;mouse;vertebrates	AnimalTFDB3;JASPAR_CORE;Lambert_HumanTFs;OmniPath_DoRothEA;TFLink;TRRUST	ARACNe-GTEx_DoRothEA;CollecTRI;CollecTRI2;DoRothEA;DoRothEA-A_CollecTRI;DoRothEA-A_CollecTRI2;ENCODE-proximal;ExTRI2_CollecTRI2;ExTRI_CollecTRI;HOCOMOCO_DoRothEA;HTRI_CollecTRI;HTRIdb;HTRIdb_CollecTRI2;HTRIdb_DoRothEA;JASPAR_DoRothEA;ReMap_DoRothEA;TRRUST;TRRUST_CollecTRI;TRRUST_CollecTRI2;TRRUST_DoRothEA				existing_public_pair_union	existing_public_pair_union	new_candidate		3	false	vertebrates	existing_or_canonical	Cross-species inventory collapse only; retain species-specific evidence records separately.; Vertebrate JASPAR/profile scope is not treated as human/mouse evidence.
sp3	SP3;Sp3	human;mouse;vertebrates	AnimalTFDB3;JASPAR_CORE;Lambert_HumanTFs;OmniPath_DoRothEA;TFLink;TRRUST	ARACNe-GTEx_DoRothEA;CollecTRI;CollecTRI2;CytReg_CollecTRI;CytReg_CollecTRI2;DoRothEA;DoRothEA-A_CollecTRI;DoRothEA-A_CollecTRI2;ExTRI2_CollecTRI2;ExTRI_CollecTRI;FANTOM4_DoRothEA;GEREDB_CollecTRI;GEREDB_CollecTRI2;HOCOMOCO_DoRothEA;HTRI_CollecTRI;HTRIdb;HTRIdb_CollecTRI2;HTRIdb_DoRothEA;JASPAR_DoRothEA;NFIRegulomeDB_DoRothEA;NTNU.Curated_CollecTRI;NTNUcuration_CollecTRI2;ORegAnno_DoRothEA;PAZAR;PAZAR_DoRothEA;RegNetwork_DoRothEA;SIGNOR;SIGNOR_CollecTRI;SIGNOR_CollecTRI2;TFactS_CollecTRI;TFactS_DoRothEA;TRED_DoRothEA;TRRD_DoRothEA;TRRUST;TRRUST_CollecTRI;TRRUST_CollecTRI2;TRRUST_DoRothEA;TfactS_CollecTRI2				existing_public_pair_union	existing_public_pair_union	new_candidate		3	false	vertebrates	existing_or_canonical	Cross-species inventory collapse only; retain species-specific evidence records separately.; Vertebrate JASPAR/profile scope is not treated as human/mouse evidence.
sp4	SP4;Sp4	human;mouse;vertebrates	AnimalTFDB3;JASPAR_CORE;Lambert_HumanTFs;OmniPath_DoRothEA;TFLink;TRRUST	ARACNe-GTEx_DoRothEA;CollecTRI;CollecTRI2;DoRothEA;DoRothEA-A_CollecTRI;DoRothEA-A_CollecTRI2;ExTRI2_CollecTRI2;ExTRI_CollecTRI;HOCOMOCO_DoRothEA;HTRI_CollecTRI;HTRIdb;HTRIdb_CollecTRI2;HTRIdb_DoRothEA;NTNU.Curated_CollecTRI;NTNUcuration_CollecTRI2;ReMap_DoRothEA;RegNetwork_DoRothEA;TRED_DoRothEA;TRRUST;TRRUST_CollecTRI;TRRUST_CollecTRI2;TRRUST_DoRothEA;TfactS_CollecTRI2	canonical_tf_edge;canonical_tf_role;module_22B_regulon	canonical_tf_edge;canonical_tf_role;module_22B_regulon	canonical_tf_edge;canonical_tf_role;module_22B_regulon	existing_public_pair_union	existing_public_pair_union	canonical_name_or_species_scope_match	16887	3	true		existing_or_canonical	Cross-species inventory collapse only; retain species-specific evidence records separately.; Vertebrate JASPAR/profile scope is not treated as human/mouse evidence.
sp5	SP5;Sp5	human;mouse;vertebrates	AnimalTFDB3;JASPAR_CORE;Lambert_HumanTFs;TFLink;TRRUST	TRRUST				new_candidate	existing_public_pair_union	new_candidate		3	false	human;vertebrates	existing_or_canonical	Cross-species inventory collapse only; retain species-specific evidence records separately.; Vertebrate JASPAR/profile scope is not treated as human/mouse evidence.
sp6	SP6;Sp6	human;mouse	AnimalTFDB3;Lambert_HumanTFs;TFLink					new_candidate	new_candidate			2	false	human;mouse	new_candidate	Cross-species inventory collapse only; retain species-specific evidence records separately.
sp7	SP7;Sp7	human;mouse	AnimalTFDB3;Lambert_HumanTFs;TFLink;TRRUST	TRRUST				existing_public_pair_union	existing_public_pair_union			2	false		existing_or_canonical	Cross-species inventory collapse only; retain species-specific evidence records separately.
sp8	SP8;Sp8	human;mouse;vertebrates	AnimalTFDB3;JASPAR_CORE;Lambert_HumanTFs;TFLink;TRRUST	TRRUST				new_candidate	existing_public_pair_union	new_candidate		3	false	human;vertebrates	existing_or_canonical	Cross-species inventory collapse only; retain species-specific evidence records separately.; Vertebrate JASPAR/profile scope is not treated as human/mouse evidence.
sp9	SP9;Sp9	human;mouse;vertebrates	AnimalTFDB3;JASPAR_CORE;Lambert_HumanTFs;TFLink;TRRUST	TRRUST				new_candidate	existing_public_pair_union	new_candidate		3	false	human;vertebrates	existing_or_canonical	Cross-species inventory collapse only; retain species-specific evidence records separately.; Vertebrate JASPAR/profile scope is not treated as human/mouse evidence.
spdef	SPDEF;Spdef	human;mouse;vertebrates	AnimalTFDB3;JASPAR_CORE;Lambert_HumanTFs;OmniPath_DoRothEA;TFLink;TRRUST	ARACNe-GTEx_DoRothEA;CollecTRI;CollecTRI2;DoRothEA;DoRothEA-A_CollecTRI2;ExTRI2_CollecTRI2;TRRUST;TRRUST_CollecTRI;TRRUST_CollecTRI2;TRRUST_DoRothEA				existing_public_pair_union	existing_public_pair_union	new_candidate		3	false	vertebrates	existing_or_canonical	Cross-species inventory collapse only; retain species-specific evidence records separately.; Vertebrate JASPAR/profile scope is not treated as human/mouse evidence.
spen	SPEN;Spen	human;mouse	Lambert_HumanTFs;TFLink;TRRUST	TRRUST				existing_public_pair_union	existing_public_pair_union			2	false		existing_or_canonical	Cross-species inventory collapse only; retain species-specific evidence records separately.
spi1	SPI1;Spi1	human;mouse;vertebrates	AnimalTFDB3;JASPAR_CORE;Lambert_HumanTFs;OmniPath_DoRothEA;TFLink;TRRUST	ARACNe-GTEx_DoRothEA;CollecTRI;CollecTRI2;CytReg_CollecTRI;CytReg_CollecTRI2;DoRothEA;DoRothEA-A_CollecTRI;DoRothEA-A_CollecTRI2;ENCODE-distal;ENCODE-proximal;ExTRI2_CollecTRI2;ExTRI_CollecTRI;FANTOM4_DoRothEA;GEREDB_CollecTRI;GEREDB_CollecTRI2;GOA_CollecTRI;GOA_CollecTRI2;HOCOMOCO_DoRothEA;HTRI_CollecTRI;HTRIdb;HTRIdb_CollecTRI2;HTRIdb_DoRothEA;IntAct_DoRothEA;JASPAR_DoRothEA;KEGG-MEDICUS;NTNU.Curated_CollecTRI;NTNUcuration_CollecTRI2;ORegAnno;ORegAnno_DoRothEA;PAZAR;PAZAR_DoRothEA;Pavlidis2021_CollecTRI;Pavlidis_CollecTRI2;ReMap_DoRothEA;RegNetwork_DoRothEA;SIGNOR_CollecTRI;SIGNOR_CollecTRI2;TFactS_CollecTRI;TFactS_DoRothEA;TFe_DoRothEA;TRED_DoRothEA;TRRD_DoRothEA;TRRUST;TRRUST_CollecTRI;TRRUST_CollecTRI2;TRRUST_DoRothEA;TfactS_CollecTRI2	canonical_tf_edge;canonical_tf_role;module_22B_regulon	canonical_tf_edge;canonical_tf_role;module_22B_regulon	canonical_tf_edge;canonical_tf_role;module_22B_regulon	existing_public_pair_union	existing_public_pair_union	canonical_name_or_species_scope_match	16888	3	true		existing_or_canonical	Cross-species inventory collapse only; retain species-specific evidence records separately.; Vertebrate JASPAR/profile scope is not treated as human/mouse evidence.
spib	SPIB;Spib	human;mouse;vertebrates	AnimalTFDB3;JASPAR_CORE;Lambert_HumanTFs;OmniPath_DoRothEA;TFLink;TRRUST	ARACNe-GTEx_DoRothEA;CollecTRI;CollecTRI2;DoRothEA;DoRothEA-A_CollecTRI2;ExTRI2_CollecTRI2;ExTRI_CollecTRI;HOCOMOCO_DoRothEA;NTNU.Curated_CollecTRI;NTNUcuration_CollecTRI2;ReMap_DoRothEA;TFactS_CollecTRI;TFactS_DoRothEA;TFe_DoRothEA;TRRD_DoRothEA;TRRUST;TRRUST_CollecTRI;TRRUST_CollecTRI2;TRRUST_DoRothEA;TfactS_CollecTRI2				existing_public_pair_union	existing_public_pair_union	new_candidate		3	false	vertebrates	existing_or_canonical	Cross-species inventory collapse only; retain species-specific evidence records separately.; Vertebrate JASPAR/profile scope is not treated as human/mouse evidence.
spic	SPIC;Spic	human;mouse;vertebrates	AnimalTFDB3;JASPAR_CORE;Lambert_HumanTFs;TFLink;TRRUST	TRRUST				existing_public_pair_union	existing_public_pair_union	new_candidate		3	false	vertebrates	existing_or_canonical	Cross-species inventory collapse only; retain species-specific evidence records separately.; Vertebrate JASPAR/profile scope is not treated as human/mouse evidence.
spin1	Spin1	mouse	TFLink						new_candidate			1	false	mouse	new_candidate	
spz1	SPZ1;Spz1	human;mouse;vertebrates	AnimalTFDB3;JASPAR_CORE;Lambert_HumanTFs					new_candidate	new_candidate	new_candidate		3	false	human;mouse;vertebrates	new_candidate	Cross-species inventory collapse only; retain species-specific evidence records separately.; Vertebrate JASPAR/profile scope is not treated as human/mouse evidence.
sqstm1	SQSTM1	human	TFLink					new_candidate				1	false	human	new_candidate	
src	SRC	human	TFLink					new_candidate				1	false	human	new_candidate	
srcap	SRCAP	human	Lambert_HumanTFs;TFLink;TRRUST	TRRUST				existing_public_pair_union				1	false		existing_or_canonical	
srebf1	SREBF1;Srebf1	human;mouse;vertebrates	AnimalTFDB3;JASPAR_CORE;Lambert_HumanTFs;OmniPath_DoRothEA;TFLink;TRRUST	ARACNe-GTEx_DoRothEA;CollecTRI;CollecTRI2;DoRothEA;DoRothEA-A_CollecTRI;DoRothEA-A_CollecTRI2;ENCODE-proximal;ExTRI2_CollecTRI2;ExTRI_CollecTRI;GEREDB_CollecTRI;GEREDB_CollecTRI2;HOCOMOCO_DoRothEA;HTRI_CollecTRI;HTRIdb;HTRIdb_CollecTRI2;HTRIdb_DoRothEA;JASPAR_DoRothEA;NTNU.Curated_CollecTRI;NTNUcuration_CollecTRI2;ReMap_DoRothEA;SIGNOR;SIGNOR_CollecTRI;SIGNOR_CollecTRI2;TFactS_CollecTRI;TFactS_DoRothEA;TRRUST;TRRUST_CollecTRI;TRRUST_CollecTRI2;TRRUST_DoRothEA;TfactS_CollecTRI2	canonical_tf_edge;canonical_tf_role;module_22B_regulon	canonical_tf_edge;canonical_tf_role;module_22B_regulon	canonical_tf_edge;canonical_tf_role;module_22B_regulon	existing_public_pair_union	existing_public_pair_union	canonical_name_or_species_scope_match	16889	3	true		existing_or_canonical	Cross-species inventory collapse only; retain species-specific evidence records separately.; Vertebrate JASPAR/profile scope is not treated as human/mouse evidence.
srebf2	SREBF2;Srebf2	human;mouse;vertebrates	AnimalTFDB3;JASPAR_CORE;Lambert_HumanTFs;OmniPath_DoRothEA;TFLink;TRRUST	ARACNe-GTEx_DoRothEA;CollecTRI;CollecTRI2;DoRothEA;DoRothEA-A_CollecTRI;DoRothEA-A_CollecTRI2;ENCODE-proximal;ExTRI2_CollecTRI2;ExTRI_CollecTRI;GEREDB_CollecTRI;GEREDB_CollecTRI2;GOA_CollecTRI2;HOCOMOCO_DoRothEA;HTRI_CollecTRI;HTRIdb;HTRIdb_CollecTRI2;HTRIdb_DoRothEA;JASPAR_DoRothEA;NTNU.Curated_CollecTRI;NTNUcuration_CollecTRI2;ReMap_DoRothEA;SIGNOR;SIGNOR_CollecTRI;SIGNOR_CollecTRI2;TFactS_CollecTRI;TFactS_DoRothEA;TRRUST;TRRUST_CollecTRI;TRRUST_CollecTRI2;TRRUST_DoRothEA;TfactS_CollecTRI2	canonical_tf_edge;canonical_tf_role;module_22B_regulon	canonical_tf_edge;canonical_tf_role;module_22B_regulon	canonical_tf_edge;canonical_tf_role;module_22B_regulon	existing_public_pair_union	existing_public_pair_union	canonical_name_or_species_scope_match	16890	3	true		existing_or_canonical	Cross-species inventory collapse only; retain species-specific evidence records separately.; Vertebrate JASPAR/profile scope is not treated as human/mouse evidence.
srf	SRF;Srf	human;mouse;vertebrates	AnimalTFDB3;JASPAR_CORE;Lambert_HumanTFs;OmniPath_DoRothEA;TFLink;TRRUST	ARACNe-GTEx_DoRothEA;CollecTRI;CollecTRI2;DoRothEA;DoRothEA-A_CollecTRI;DoRothEA-A_CollecTRI2;ENCODE-distal;ENCODE-proximal;ExTRI2_CollecTRI2;ExTRI_CollecTRI;FANTOM4_DoRothEA;GEREDB_CollecTRI;GEREDB_CollecTRI2;GOA_CollecTRI;GOA_CollecTRI2;HOCOMOCO_DoRothEA;HTRI_CollecTRI;HTRIdb;HTRIdb_CollecTRI2;HTRIdb_DoRothEA;JASPAR_DoRothEA;KEGG-MEDICUS;NTNU.Curated_CollecTRI;NTNUcuration_CollecTRI2;ORegAnno;ORegAnno_DoRothEA;PAZAR;PAZAR_DoRothEA;Pavlidis2021_CollecTRI;Pavlidis_CollecTRI2;ReMap_DoRothEA;SIGNOR_CollecTRI;SIGNOR_CollecTRI2;TRRUST;TRRUST_CollecTRI;TRRUST_CollecTRI2;TRRUST_DoRothEA;TfactS_CollecTRI2	canonical_tf_edge;canonical_tf_role;module_22B_regulon	canonical_tf_edge;canonical_tf_role;module_22B_regulon	canonical_tf_edge;canonical_tf_role;module_22B_regulon	existing_public_pair_union	existing_public_pair_union	canonical_name_or_species_scope_match	16791	3	true		existing_or_canonical	Cross-species inventory collapse only; retain species-specific evidence records separately.; Vertebrate JASPAR/profile scope is not treated as human/mouse evidence.
srpk1	SRPK1	human	TFLink					new_candidate				1	false	human	new_candidate	
srpk2	SRPK2	human	TFLink					new_candidate				1	false	human	new_candidate	
srrt	Srrt	mouse	TFLink;TRRUST	TRRUST					existing_public_pair_union			1	false		existing_or_canonical	
srsf1	SRSF1;Srsf1	human;mouse	TFLink;TRRUST	TRRUST				existing_public_pair_union	new_candidate			2	false	mouse	existing_or_canonical	Cross-species inventory collapse only; retain species-specific evidence records separately.
srsf2	Srsf2	mouse	TFLink						new_candidate			1	false	mouse	new_candidate	
srsf3	SRSF3	human	TFLink					new_candidate				1	false	human	new_candidate	
srsf4	SRSF4	human	TFLink					new_candidate				1	false	human	new_candidate	
srsf7	SRSF7	human	TFLink					new_candidate				1	false	human	new_candidate	
srsf9	SRSF9	human	TFLink					new_candidate				1	false	human	new_candidate	
sry	SRY;Sry	human;mouse;vertebrates	AnimalTFDB3;JASPAR_CORE;Lambert_HumanTFs;TFLink;TRRUST	TRRUST	canonical_tf_edge;canonical_tf_role;module_22B_regulon	canonical_tf_edge;canonical_tf_role;module_22B_regulon	canonical_tf_edge;canonical_tf_role;module_22B_regulon	existing_public_pair_union	existing_public_pair_union	canonical_name_or_species_scope_match	16891	3	true		existing_or_canonical	Cross-species inventory collapse only; retain species-specific evidence records separately.; Vertebrate JASPAR/profile scope is not treated as human/mouse evidence.
ss18	SS18	human	TFLink					new_candidate				1	false	human	new_candidate	
ssb	SSB;Ssb	human;mouse	TFLink;TRRUST	TRRUST				existing_public_pair_union	existing_public_pair_union			2	false		existing_or_canonical	Cross-species inventory collapse only; retain species-specific evidence records separately.
ssrp1	SSRP1;Ssrp1	human;mouse	AnimalTFDB3;TFLink					new_candidate	new_candidate			2	false	human;mouse	new_candidate	Cross-species inventory collapse only; retain species-specific evidence records separately.
ssu72	SSU72	human	TFLink					new_candidate				1	false	human	new_candidate	
ssx2	SSX2	human	TFLink;TRRUST	TRRUST				existing_public_pair_union				1	false		existing_or_canonical	
st18	ST18;St18	human;mouse	AnimalTFDB3;Lambert_HumanTFs					new_candidate	new_candidate			2	false	human;mouse	new_candidate	Cross-species inventory collapse only; retain species-specific evidence records separately.
stag1	STAG1;Stag1	human;mouse	TFLink					new_candidate	new_candidate			2	false	human;mouse	new_candidate	Cross-species inventory collapse only; retain species-specific evidence records separately.
stag2	STAG2;Stag2	human;mouse	TFLink					new_candidate	new_candidate			2	false	human;mouse	new_candidate	Cross-species inventory collapse only; retain species-specific evidence records separately.
stat1	STAT1;Stat1	human;mouse;vertebrates	AnimalTFDB3;JASPAR_CORE;Lambert_HumanTFs;OmniPath_DoRothEA;TFLink;TRRUST	ARACNe-GTEx_DoRothEA;CollecTRI;CollecTRI2;CytReg_CollecTRI;CytReg_CollecTRI2;DoRothEA;DoRothEA-A_CollecTRI;DoRothEA-A_CollecTRI2;ENCODE-distal;ENCODE-proximal;ExTRI2_CollecTRI2;ExTRI_CollecTRI;FANTOM4_DoRothEA;GEREDB_CollecTRI;GEREDB_CollecTRI2;HOCOMOCO_DoRothEA;HTRI_CollecTRI;HTRIdb;HTRIdb_CollecTRI2;HTRIdb_DoRothEA;IntAct_CollecTRI;IntAct_CollecTRI2;IntAct_DoRothEA;JASPAR_DoRothEA;KEGG-MEDICUS;NTNU.Curated_CollecTRI;NTNUcuration_CollecTRI2;ORegAnno;ORegAnno_DoRothEA;PAZAR;PAZAR_DoRothEA;Pavlidis2021_CollecTRI;Pavlidis_CollecTRI2;ReMap_DoRothEA;RegNetwork_DoRothEA;SIGNOR;SIGNOR_CollecTRI;SIGNOR_CollecTRI2;TFactS_CollecTRI;TFactS_DoRothEA;TRED_DoRothEA;TRRUST;TRRUST_CollecTRI;TRRUST_CollecTRI2;TRRUST_DoRothEA;TfactS_CollecTRI2	canonical_tf_edge;canonical_tf_role;module_22B_regulon	canonical_tf_edge;canonical_tf_role;module_22B_regulon	canonical_tf_edge;canonical_tf_role;module_22B_regulon	existing_public_pair_union	existing_public_pair_union	canonical_name_or_species_scope_match	13275	3	true		existing_or_canonical	Cross-species inventory collapse only; retain species-specific evidence records separately.; Vertebrate JASPAR/profile scope is not treated as human/mouse evidence.
stat2	STAT2;Stat2	human;mouse;vertebrates	AnimalTFDB3;JASPAR_CORE;Lambert_HumanTFs;OmniPath_DoRothEA;TFLink;TRRUST	ARACNe-GTEx_DoRothEA;CollecTRI;CollecTRI2;DoRothEA;DoRothEA-A_CollecTRI;DoRothEA-A_CollecTRI2;ENCODE-proximal;ExTRI2_CollecTRI2;ExTRI_CollecTRI;FANTOM4_DoRothEA;HOCOMOCO_DoRothEA;HTRI_CollecTRI;HTRIdb;HTRIdb_CollecTRI2;HTRIdb_DoRothEA;KEGG-MEDICUS;NTNU.Curated_CollecTRI;NTNUcuration_CollecTRI2;ReMap_DoRothEA;RegNetwork_DoRothEA;TFactS_CollecTRI;TFactS_DoRothEA;TRED_DoRothEA;TRRUST;TRRUST_CollecTRI;TRRUST_CollecTRI2;TRRUST_DoRothEA;TfactS_CollecTRI2				existing_public_pair_union	existing_public_pair_union	new_candidate		3	false	vertebrates	existing_or_canonical	Cross-species inventory collapse only; retain species-specific evidence records separately.; Vertebrate JASPAR/profile scope is not treated as human/mouse evidence.
stat3	STAT3;Stat3	human;mouse;vertebrates	AnimalTFDB3;JASPAR_CORE;Lambert_HumanTFs;OmniPath_DoRothEA;TFLink;TRRUST	ARACNe-GTEx_DoRothEA;CollecTRI;CollecTRI2;CytReg_CollecTRI;CytReg_CollecTRI2;DoRothEA;DoRothEA-A_CollecTRI;DoRothEA-A_CollecTRI2;ENCODE-proximal;ExTRI2_CollecTRI2;ExTRI_CollecTRI;FANTOM4_DoRothEA;GEREDB_CollecTRI;GEREDB_CollecTRI2;GOA_CollecTRI;GOA_CollecTRI2;HOCOMOCO_DoRothEA;HTRI_CollecTRI;HTRIdb;HTRIdb_CollecTRI2;HTRIdb_DoRothEA;IntAct_CollecTRI;IntAct_CollecTRI2;IntAct_DoRothEA;JASPAR_DoRothEA;KEGG-MEDICUS;NTNU.Curated_CollecTRI;NTNUcuration_CollecTRI2;ORegAnno;ORegAnno_DoRothEA;PAZAR;PAZAR_DoRothEA;Pavlidis2021_CollecTRI;Pavlidis_CollecTRI2;ReMap_DoRothEA;RegNetwork_DoRothEA;SIGNOR;SIGNOR_CollecTRI;SIGNOR_CollecTRI2;TFactS_CollecTRI;TFactS_DoRothEA;TRED_DoRothEA;TRRUST;TRRUST_CollecTRI;TRRUST_CollecTRI2;TRRUST_DoRothEA;TfactS_CollecTRI2	canonical_tf_edge;canonical_tf_role;module_22B_regulon	canonical_tf_edge;canonical_tf_role;module_22B_regulon	canonical_tf_edge;canonical_tf_role;module_22B_regulon	existing_public_pair_union	existing_public_pair_union	canonical_name_or_species_scope_match	13282	3	true		existing_or_canonical	Cross-species inventory collapse only; retain species-specific evidence records separately.; Vertebrate JASPAR/profile scope is not treated as human/mouse evidence.
stat4	STAT4;Stat4	human;mouse;vertebrates	AnimalTFDB3;JASPAR_CORE;Lambert_HumanTFs;OmniPath_DoRothEA;TFLink;TRRUST	ARACNe-GTEx_DoRothEA;CollecTRI;CollecTRI2;CytReg_CollecTRI;CytReg_CollecTRI2;DoRothEA;DoRothEA-A_CollecTRI2;ExTRI2_CollecTRI2;ExTRI_CollecTRI;FANTOM4_DoRothEA;GEREDB_CollecTRI;GEREDB_CollecTRI2;IntAct_DoRothEA;JASPAR_DoRothEA;KEGG-MEDICUS;RegNetwork_DoRothEA;SIGNOR_CollecTRI;SIGNOR_CollecTRI2;TRED_DoRothEA;TRRUST;TRRUST_CollecTRI;TRRUST_CollecTRI2;TRRUST_DoRothEA	canonical_tf_edge;canonical_tf_role	canonical_tf_edge;canonical_tf_role	canonical_tf_edge;canonical_tf_role	existing_public_pair_union	existing_public_pair_union	canonical_name_or_species_scope_match	13286	3	true		existing_or_canonical	Cross-species inventory collapse only; retain species-specific evidence records separately.; Vertebrate JASPAR/profile scope is not treated as human/mouse evidence.
stat5	STAT5	human	TRRUST	TRRUST	canonical_tf_edge;canonical_tf_role			existing_public_pair_union			13287	1	true		existing_or_canonical	
stat5a	STAT5A;Stat5a	human;mouse;vertebrates	AnimalTFDB3;JASPAR_CORE;Lambert_HumanTFs;OmniPath_DoRothEA;TFLink;TRRUST	ARACNe-GTEx_DoRothEA;CollecTRI;CollecTRI2;CytReg_CollecTRI;CytReg_CollecTRI2;DoRothEA;DoRothEA-A_CollecTRI;DoRothEA-A_CollecTRI2;ExTRI2_CollecTRI2;ExTRI_CollecTRI;FANTOM4_DoRothEA;GEREDB_CollecTRI;GEREDB_CollecTRI2;HOCOMOCO_DoRothEA;HTRI_CollecTRI;HTRIdb;HTRIdb_CollecTRI2;HTRIdb_DoRothEA;IntAct_DoRothEA;KEGG-MEDICUS;NTNU.Curated_CollecTRI;NTNUcuration_CollecTRI2;ReMap_DoRothEA;RegNetwork_DoRothEA;SIGNOR;SIGNOR_CollecTRI;SIGNOR_CollecTRI2;TFactS_CollecTRI;TFactS_DoRothEA;TRED_DoRothEA;TRRD_DoRothEA;TRRUST;TRRUST_CollecTRI;TRRUST_CollecTRI2;TRRUST_DoRothEA;TfactS_CollecTRI2	canonical_tf_edge;canonical_tf_role;module_22B_regulon	canonical_tf_edge;canonical_tf_role;module_22B_regulon	canonical_tf_edge;canonical_tf_role;module_22B_regulon	existing_public_pair_union	existing_public_pair_union	canonical_name_or_species_scope_match	16892	3	true		existing_or_canonical	Cross-species inventory collapse only; retain species-specific evidence records separately.; Vertebrate JASPAR/profile scope is not treated as human/mouse evidence.
stat5b	STAT5B;Stat5b	human;mouse;vertebrates	AnimalTFDB3;JASPAR_CORE;Lambert_HumanTFs;OmniPath_DoRothEA;TFLink;TRRUST	ARACNe-GTEx_DoRothEA;CollecTRI;CollecTRI2;CytReg_CollecTRI;CytReg_CollecTRI2;DoRothEA;DoRothEA-A_CollecTRI;DoRothEA-A_CollecTRI2;ExTRI2_CollecTRI2;ExTRI_CollecTRI;GEREDB_CollecTRI;GEREDB_CollecTRI2;HOCOMOCO_DoRothEA;HTRI_CollecTRI;HTRIdb;HTRIdb_CollecTRI2;HTRIdb_DoRothEA;IntAct_DoRothEA;KEGG-MEDICUS;PAZAR;ReMap_DoRothEA;RegNetwork_DoRothEA;TFactS_CollecTRI;TFactS_DoRothEA;TRED_DoRothEA;TRRD_DoRothEA;TRRUST;TRRUST_CollecTRI;TRRUST_CollecTRI2;TRRUST_DoRothEA;TfactS_CollecTRI2				existing_public_pair_union	existing_public_pair_union	new_candidate		3	false	vertebrates	existing_or_canonical	Cross-species inventory collapse only; retain species-specific evidence records separately.; Vertebrate JASPAR/profile scope is not treated as human/mouse evidence.
stat6	STAT6;Stat6	human;mouse;vertebrates	AnimalTFDB3;JASPAR_CORE;Lambert_HumanTFs;OmniPath_DoRothEA;TFLink;TRRUST	CollecTRI;CollecTRI2;CytReg_CollecTRI;CytReg_CollecTRI2;DoRothEA;DoRothEA-A_CollecTRI;DoRothEA-A_CollecTRI2;ExTRI2_CollecTRI2;ExTRI_CollecTRI;FANTOM4_DoRothEA;GEREDB_CollecTRI;GEREDB_CollecTRI2;GOA_CollecTRI2;HOCOMOCO_DoRothEA;HTRI_CollecTRI;HTRIdb;HTRIdb_CollecTRI2;HTRIdb_DoRothEA;IntAct_DoRothEA;JASPAR_DoRothEA;NTNUcuration_CollecTRI2;PAZAR;RegNetwork_DoRothEA;SIGNOR;SIGNOR_CollecTRI;SIGNOR_CollecTRI2;TRED_DoRothEA;TRRUST;TRRUST_CollecTRI;TRRUST_CollecTRI2;TRRUST_DoRothEA	canonical_tf_edge;canonical_tf_role;module_22B_regulon	canonical_tf_edge;canonical_tf_role;module_22B_regulon	canonical_tf_edge;canonical_tf_role;module_22B_regulon	existing_public_pair_union	existing_public_pair_union	canonical_name_or_species_scope_match	13290	3	true		existing_or_canonical	Cross-species inventory collapse only; retain species-specific evidence records separately.; Vertebrate JASPAR/profile scope is not treated as human/mouse evidence.
stfa1	Stfa1	mouse	TFLink						new_candidate			1	false	mouse	new_candidate	
stn1	STN1	human	TFLink					new_candidate				1	false	human	new_candidate	
stra8	Stra8	mouse	TFLink						new_candidate			1	false	mouse	new_candidate	
sub1	SUB1;Sub1	human;mouse	AnimalTFDB3					new_candidate	new_candidate			2	false	human;mouse	new_candidate	Cross-species inventory collapse only; retain species-specific evidence records separately.
sufu	Sufu	mouse	TFLink;TRRUST	TRRUST					existing_public_pair_union			1	false		existing_or_canonical	
sugp1	SUGP1	human	TFLink;TRRUST	TRRUST				existing_public_pair_union				1	false		existing_or_canonical	
sumo1	SUMO1;Sumo1	human;mouse	TFLink					new_candidate	new_candidate			2	false	human;mouse	new_candidate	Cross-species inventory collapse only; retain species-specific evidence records separately.
sumo2	SUMO2;Sumo2	human;mouse	TFLink					new_candidate	new_candidate			2	false	human;mouse	new_candidate	Cross-species inventory collapse only; retain species-specific evidence records separately.
supt16h	SUPT16H;Supt16h	human;mouse	TFLink					new_candidate	new_candidate			2	false	human;mouse	new_candidate	Cross-species inventory collapse only; retain species-specific evidence records separately.
supt20h	SUPT20H	human	TFLink					new_candidate				1	false	human	new_candidate	
supt3h	SUPT3H	human	TFLink;TRRUST	TRRUST				existing_public_pair_union				1	false		existing_or_canonical	
supt5h	SUPT5H;Supt5h	human;mouse	TFLink					new_candidate	new_candidate			2	false	human;mouse	new_candidate	Cross-species inventory collapse only; retain species-specific evidence records separately.
supt6h	Supt6h	mouse	TFLink						new_candidate			1	false	mouse	new_candidate	
suv39h1	Suv39h1	mouse	TFLink						new_candidate			1	false	mouse	new_candidate	
suz12	SUZ12;Suz12	human;mouse	TFLink;TRRUST	TRRUST	canonical_tf_edge;canonical_tf_role;module_22B_regulon	canonical_tf_edge;canonical_tf_role;module_22B_regulon		existing_public_pair_union	existing_public_pair_union		16893	2	true		existing_or_canonical	Cross-species inventory collapse only; retain species-specific evidence records separately.
svil	SVIL	human	TFLink					new_candidate				1	false	human	new_candidate	
syncrip	SYNCRIP	human	TFLink					new_candidate				1	false	human	new_candidate	
syt1	Syt1	mouse	TFLink;TRRUST	TRRUST					existing_public_pair_union			1	false		existing_or_canonical	
t	T	human;mouse	AnimalTFDB3;Lambert_HumanTFs					new_candidate	new_candidate			2	false	human;mouse	new_candidate	Cross-species inventory collapse only; retain species-specific evidence records separately.
tada2a	TADA2A;Tada2a	human;mouse	AnimalTFDB3					new_candidate	new_candidate			2	false	human;mouse	new_candidate	Cross-species inventory collapse only; retain species-specific evidence records separately.
tada2b	TADA2B;Tada2b	human;mouse	AnimalTFDB3					new_candidate	new_candidate			2	false	human;mouse	new_candidate	Cross-species inventory collapse only; retain species-specific evidence records separately.
taf1	TAF1;Taf1	human;mouse	TFLink;TRRUST	TRRUST				existing_public_pair_union	new_candidate			2	false	mouse	existing_or_canonical	Cross-species inventory collapse only; retain species-specific evidence records separately.
taf10	Taf10	mouse	TFLink						new_candidate			1	false	mouse	new_candidate	
taf12	Taf12	mouse	TFLink;TRRUST	TRRUST					existing_public_pair_union			1	false		existing_or_canonical	
taf15	TAF15	human	TFLink					new_candidate				1	false	human	new_candidate	
taf2	TAF2;Taf2	human;mouse	TFLink					new_candidate	new_candidate			2	false	human;mouse	new_candidate	Cross-species inventory collapse only; retain species-specific evidence records separately.
taf3	TAF3	human	TFLink					new_candidate				1	false	human	new_candidate	
taf4	TAF4	human	TFLink;TRRUST	TRRUST				existing_public_pair_union				1	false		existing_or_canonical	
taf4b	Taf4b	mouse	TFLink;TRRUST	TRRUST					existing_public_pair_union			1	false		existing_or_canonical	
taf5	TAF5	human	TFLink;TRRUST	TRRUST				existing_public_pair_union				1	false		existing_or_canonical	
taf7	TAF7	human	TFLink					new_candidate				1	false	human	new_candidate	
taf9	Taf9	mouse	TFLink;TRRUST	TRRUST					existing_public_pair_union			1	false		existing_or_canonical	
taf9b	TAF9B;Taf9b	human;mouse	TFLink					new_candidate	new_candidate			2	false	human;mouse	new_candidate	Cross-species inventory collapse only; retain species-specific evidence records separately.
tal1	TAL1;Tal1	human;mouse	AnimalTFDB3;Lambert_HumanTFs;OmniPath_DoRothEA;TFLink;TRRUST	ARACNe-GTEx_DoRothEA;CollecTRI;CollecTRI2;DoRothEA;DoRothEA-A_CollecTRI;DoRothEA-A_CollecTRI2;ENCODE-distal;ENCODE-proximal;ExTRI2_CollecTRI2;ExTRI_CollecTRI;HOCOMOCO_DoRothEA;HTRI_CollecTRI;HTRIdb;HTRIdb_CollecTRI2;HTRIdb_DoRothEA;NTNU.Curated_CollecTRI;NTNUcuration_CollecTRI2;PAZAR;PAZAR_DoRothEA;Pavlidis2021_CollecTRI;Pavlidis_CollecTRI2;ReMap_DoRothEA;RegNetwork_DoRothEA;SIGNOR;SIGNOR_CollecTRI;SIGNOR_CollecTRI2;TRED_DoRothEA;TRRUST;TRRUST_CollecTRI;TRRUST_CollecTRI2;TRRUST_DoRothEA				existing_public_pair_union	existing_public_pair_union			2	false		existing_or_canonical	Cross-species inventory collapse only; retain species-specific evidence records separately.
tal2	TAL2;Tal2	human;mouse	AnimalTFDB3;Lambert_HumanTFs					new_candidate	new_candidate			2	false	human;mouse	new_candidate	Cross-species inventory collapse only; retain species-specific evidence records separately.
tardbp	TARDBP;Tardbp	human;mouse	TFLink;TRRUST	TRRUST				new_candidate	existing_public_pair_union			2	false	human	existing_or_canonical	Cross-species inventory collapse only; retain species-specific evidence records separately.
tasor	TASOR	human	TFLink					new_candidate				1	false	human	new_candidate	
tax1bp1	TAX1BP1;Tax1bp1	human;mouse	AnimalTFDB3					new_candidate	new_candidate			2	false	human;mouse	new_candidate	Cross-species inventory collapse only; retain species-specific evidence records separately.
tax1bp3	Tax1bp3	mouse	TFLink;TRRUST	TRRUST					existing_public_pair_union			1	false		existing_or_canonical	
taz	TAZ	human	TFLink		canonical_tf_edge;canonical_tf_role			canonical_name_or_species_scope_match			13389	1	true		existing_or_canonical	
tbc1d22a	TBC1D22A	human	TFLink;TRRUST	TRRUST				existing_public_pair_union				1	false		existing_or_canonical	
tbl1x	TBL1X;Tbl1x	human;mouse	TFLink;TRRUST	TRRUST				existing_public_pair_union	new_candidate			2	false	mouse	existing_or_canonical	Cross-species inventory collapse only; retain species-specific evidence records separately.
tbl1xr1	TBL1XR1	human	TFLink					new_candidate				1	false	human	new_candidate	
tbp	TBP;Tbp	human;mouse;vertebrates	JASPAR_CORE;Lambert_HumanTFs;OmniPath_DoRothEA;TFLink;TRRUST	ARACNe-GTEx_DoRothEA;CollecTRI;CollecTRI2;DoRothEA;DoRothEA-A_CollecTRI;DoRothEA-A_CollecTRI2;ENCODE-distal;ENCODE-proximal;ExTRI2_CollecTRI2;ExTRI_CollecTRI;FANTOM4_DoRothEA;HTRI_CollecTRI;HTRIdb;HTRIdb_CollecTRI2;HTRIdb_DoRothEA;IntAct_DoRothEA;JASPAR_DoRothEA;ORegAnno_DoRothEA;PAZAR;PAZAR_DoRothEA;ReMap_DoRothEA;SIGNOR_CollecTRI;SIGNOR_CollecTRI2;TRRUST;TRRUST_CollecTRI;TRRUST_CollecTRI2;TRRUST_DoRothEA;TfactS_CollecTRI2	canonical_tf_edge;canonical_tf_role;module_22B_regulon	canonical_tf_edge;canonical_tf_role;module_22B_regulon	canonical_tf_edge;canonical_tf_role;module_22B_regulon	existing_public_pair_union	existing_public_pair_union	canonical_name_or_species_scope_match	16794	3	true		existing_or_canonical	Cross-species inventory collapse only; retain species-specific evidence records separately.; Vertebrate JASPAR/profile scope is not treated as human/mouse evidence.
tbpl1	TBPL1;Tbpl1	human;mouse	Lambert_HumanTFs;TFLink;TRRUST	TRRUST				existing_public_pair_union	existing_public_pair_union			2	false		existing_or_canonical	Cross-species inventory collapse only; retain species-specific evidence records separately.
tbpl2	TBPL2	human	Lambert_HumanTFs					new_candidate				1	false	human	new_candidate	
tbr1	TBR1;Tbr1	human;mouse;vertebrates	AnimalTFDB3;JASPAR_CORE;Lambert_HumanTFs;TFLink;TRRUST	TRRUST				existing_public_pair_union	existing_public_pair_union	new_candidate		3	false	vertebrates	existing_or_canonical	Cross-species inventory collapse only; retain species-specific evidence records separately.; Vertebrate JASPAR/profile scope is not treated as human/mouse evidence.
tbx1	TBX1;Tbx1	human;mouse;vertebrates	AnimalTFDB3;JASPAR_CORE;Lambert_HumanTFs;TFLink;TRRUST	TRRUST	canonical_tf_edge;canonical_tf_role;module_22B_regulon	canonical_tf_edge;canonical_tf_role;module_22B_regulon	canonical_tf_edge;canonical_tf_role;module_22B_regulon	canonical_name_or_species_scope_match	existing_public_pair_union	canonical_name_or_species_scope_match	16979	3	true		existing_or_canonical	Cross-species inventory collapse only; retain species-specific evidence records separately.; Vertebrate JASPAR/profile scope is not treated as human/mouse evidence.
tbx10	TBX10;Tbx10	human;mouse	AnimalTFDB3;Lambert_HumanTFs					new_candidate	new_candidate			2	false	human;mouse	new_candidate	Cross-species inventory collapse only; retain species-specific evidence records separately.
tbx15	TBX15;Tbx15	human;mouse;vertebrates	AnimalTFDB3;JASPAR_CORE;Lambert_HumanTFs					new_candidate	new_candidate	new_candidate		3	false	human;mouse;vertebrates	new_candidate	Cross-species inventory collapse only; retain species-specific evidence records separately.; Vertebrate JASPAR/profile scope is not treated as human/mouse evidence.
tbx18	TBX18;Tbx18	human;mouse;vertebrates	AnimalTFDB3;JASPAR_CORE;Lambert_HumanTFs;TFLink;TRRUST	TRRUST				new_candidate	existing_public_pair_union	new_candidate		3	false	human;vertebrates	existing_or_canonical	Cross-species inventory collapse only; retain species-specific evidence records separately.; Vertebrate JASPAR/profile scope is not treated as human/mouse evidence.
tbx19	TBX19;Tbx19	human;mouse;vertebrates	AnimalTFDB3;JASPAR_CORE;Lambert_HumanTFs;TFLink;TRRUST	TRRUST				new_candidate	existing_public_pair_union	new_candidate		3	false	human;vertebrates	existing_or_canonical	Cross-species inventory collapse only; retain species-specific evidence records separately.; Vertebrate JASPAR/profile scope is not treated as human/mouse evidence.
tbx2	TBX2;Tbx2	human;mouse;vertebrates	AnimalTFDB3;JASPAR_CORE;Lambert_HumanTFs;OmniPath_DoRothEA;TFLink;TRRUST	CollecTRI;CollecTRI2;DoRothEA;DoRothEA-A_CollecTRI;DoRothEA-A_CollecTRI2;ExTRI2_CollecTRI2;ExTRI_CollecTRI;GEREDB_CollecTRI;GEREDB_CollecTRI2;GOA_CollecTRI;GOA_CollecTRI2;NTNU.Curated_CollecTRI;NTNUcuration_CollecTRI2;SIGNOR;SIGNOR_CollecTRI;SIGNOR_CollecTRI2;TFactS_CollecTRI;TFactS_DoRothEA;TRRUST;TRRUST_CollecTRI;TRRUST_CollecTRI2;TRRUST_DoRothEA;TfactS_CollecTRI2	canonical_tf_edge;canonical_tf_role;module_22B_regulon	canonical_tf_edge;canonical_tf_role;module_22B_regulon	canonical_tf_edge;canonical_tf_role;module_22B_regulon	existing_public_pair_union	existing_public_pair_union	canonical_name_or_species_scope_match	16980	3	true		existing_or_canonical	Cross-species inventory collapse only; retain species-specific evidence records separately.; Vertebrate JASPAR/profile scope is not treated as human/mouse evidence.
tbx20	TBX20;Tbx20	human;mouse;vertebrates	AnimalTFDB3;JASPAR_CORE;Lambert_HumanTFs;TFLink;TRRUST	TRRUST				existing_public_pair_union	existing_public_pair_union	new_candidate		3	false	vertebrates	existing_or_canonical	Cross-species inventory collapse only; retain species-specific evidence records separately.; Vertebrate JASPAR/profile scope is not treated as human/mouse evidence.
tbx21	TBX21;Tbx21	human;mouse;vertebrates	AnimalTFDB3;JASPAR_CORE;Lambert_HumanTFs;OmniPath_DoRothEA;TFLink;TRRUST	ARACNe-GTEx_DoRothEA;CollecTRI;CollecTRI2;CytReg_CollecTRI;CytReg_CollecTRI2;DoRothEA;DoRothEA-A_CollecTRI;DoRothEA-A_CollecTRI2;ExTRI2_CollecTRI2;ExTRI_CollecTRI;GOA_CollecTRI;GOA_CollecTRI2;HOCOMOCO_DoRothEA;JASPAR_DoRothEA;NTNU.Curated_CollecTRI;NTNUcuration_CollecTRI2;ReMap_DoRothEA;SIGNOR;SIGNOR_CollecTRI;SIGNOR_CollecTRI2;TRRUST;TRRUST_CollecTRI;TRRUST_CollecTRI2;TRRUST_DoRothEA	canonical_tf_edge;canonical_tf_role;module_22B_regulon	canonical_tf_edge;canonical_tf_role;module_22B_regulon	canonical_tf_edge;canonical_tf_role;module_22B_regulon	existing_public_pair_union	existing_public_pair_union	canonical_name_or_species_scope_match	16894	3	true		existing_or_canonical	Cross-species inventory collapse only; retain species-specific evidence records separately.; Vertebrate JASPAR/profile scope is not treated as human/mouse evidence.
tbx22	TBX22;Tbx22	human;mouse	AnimalTFDB3;Lambert_HumanTFs					new_candidate	new_candidate			2	false	human;mouse	new_candidate	Cross-species inventory collapse only; retain species-specific evidence records separately.
tbx3	TBX3;Tbx3	human;mouse;vertebrates	AnimalTFDB3;JASPAR_CORE;Lambert_HumanTFs;TFLink;TRRUST	TRRUST	canonical_tf_edge;canonical_tf_role;module_22B_regulon	canonical_tf_edge;canonical_tf_role;module_22B_regulon	canonical_tf_edge;canonical_tf_role;module_22B_regulon	existing_public_pair_union	existing_public_pair_union	canonical_name_or_species_scope_match	16981	3	true		existing_or_canonical	Cross-species inventory collapse only; retain species-specific evidence records separately.; Vertebrate JASPAR/profile scope is not treated as human/mouse evidence.
tbx4	TBX4;Tbx4	human;mouse;vertebrates	AnimalTFDB3;JASPAR_CORE;Lambert_HumanTFs;TFLink;TRRUST	TRRUST				new_candidate	existing_public_pair_union	new_candidate		3	false	human;vertebrates	existing_or_canonical	Cross-species inventory collapse only; retain species-specific evidence records separately.; Vertebrate JASPAR/profile scope is not treated as human/mouse evidence.
tbx5	TBX5;Tbx5	human;mouse;vertebrates	AnimalTFDB3;JASPAR_CORE;Lambert_HumanTFs;OmniPath_DoRothEA;TFLink;TRRUST	CollecTRI;CollecTRI2;DoRothEA;DoRothEA-A_CollecTRI2;ExTRI2_CollecTRI2;ExTRI_CollecTRI;JASPAR_DoRothEA;NTNUcuration_CollecTRI2;SIGNOR_CollecTRI;SIGNOR_CollecTRI2;TRRUST;TRRUST_CollecTRI;TRRUST_CollecTRI2;TRRUST_DoRothEA	canonical_tf_edge;canonical_tf_role;module_22B_regulon	canonical_tf_edge;canonical_tf_role;module_22B_regulon	canonical_tf_edge;canonical_tf_role;module_22B_regulon	existing_public_pair_union	existing_public_pair_union	canonical_name_or_species_scope_match	16895	3	true		existing_or_canonical	Cross-species inventory collapse only; retain species-specific evidence records separately.; Vertebrate JASPAR/profile scope is not treated as human/mouse evidence.
tbx6	TBX6;Tbx6	human;mouse;vertebrates	AnimalTFDB3;JASPAR_CORE;Lambert_HumanTFs;TFLink;TRRUST	TRRUST	canonical_tf_edge;canonical_tf_role;module_22B_regulon	canonical_tf_edge;canonical_tf_role;module_22B_regulon	canonical_tf_edge;canonical_tf_role;module_22B_regulon	canonical_name_or_species_scope_match	existing_public_pair_union	canonical_name_or_species_scope_match	16982	3	true		existing_or_canonical	Cross-species inventory collapse only; retain species-specific evidence records separately.; Vertebrate JASPAR/profile scope is not treated as human/mouse evidence.
tbxt	TBXT;Tbxt	human;mouse;vertebrates	AnimalTFDB3;JASPAR_CORE;TFLink					new_candidate	new_candidate	new_candidate		3	false	human;mouse;vertebrates	new_candidate	Cross-species inventory collapse only; retain species-specific evidence records separately.; Vertebrate JASPAR/profile scope is not treated as human/mouse evidence.
tcf12	TCF12;Tcf12	human;mouse;vertebrates	AnimalTFDB3;JASPAR_CORE;Lambert_HumanTFs;OmniPath_DoRothEA;TFLink;TRRUST	ARACNe-GTEx_DoRothEA;DoRothEA;HOCOMOCO_DoRothEA;JASPAR_DoRothEA;ReMap_DoRothEA;TRRUST				existing_public_pair_union	existing_public_pair_union	new_candidate		3	false	vertebrates	existing_or_canonical	Cross-species inventory collapse only; retain species-specific evidence records separately.; Vertebrate JASPAR/profile scope is not treated as human/mouse evidence.
tcf15	TCF15;Tcf15	human;mouse	AnimalTFDB3;Lambert_HumanTFs					new_candidate	new_candidate			2	false	human;mouse	new_candidate	Cross-species inventory collapse only; retain species-specific evidence records separately.
tcf19	TCF19;Tcf19	human;mouse	AnimalTFDB3;TFLink;TRRUST	TRRUST				existing_public_pair_union	existing_public_pair_union			2	false		existing_or_canonical	Cross-species inventory collapse only; retain species-specific evidence records separately.
tcf20	TCF20;Tcf20	human;mouse	Lambert_HumanTFs;TFLink;TRRUST	TRRUST				new_candidate	existing_public_pair_union			2	false	human	existing_or_canonical	Cross-species inventory collapse only; retain species-specific evidence records separately.
tcf21	TCF21;Tcf21	human;mouse;vertebrates	AnimalTFDB3;JASPAR_CORE;Lambert_HumanTFs;TFLink;TRRUST	TRRUST				new_candidate	existing_public_pair_union	new_candidate		3	false	human;vertebrates	existing_or_canonical	Cross-species inventory collapse only; retain species-specific evidence records separately.; Vertebrate JASPAR/profile scope is not treated as human/mouse evidence.
tcf23	TCF23;Tcf23	human;mouse	AnimalTFDB3;Lambert_HumanTFs					new_candidate	new_candidate			2	false	human;mouse	new_candidate	Cross-species inventory collapse only; retain species-specific evidence records separately.
tcf24	TCF24;Tcf24	human;mouse	AnimalTFDB3;Lambert_HumanTFs					new_candidate	new_candidate			2	false	human;mouse	new_candidate	Cross-species inventory collapse only; retain species-specific evidence records separately.
tcf25	TCF25;Tcf25	human;mouse	AnimalTFDB3;TFLink					new_candidate	new_candidate			2	false	human;mouse	new_candidate	Cross-species inventory collapse only; retain species-specific evidence records separately.
tcf3	TCF3;Tcf3	human;mouse;vertebrates	AnimalTFDB3;JASPAR_CORE;Lambert_HumanTFs;OmniPath_DoRothEA;TFLink;TRRUST	ARACNe-GTEx_DoRothEA;CollecTRI;CollecTRI2;DoRothEA;DoRothEA-A_CollecTRI;DoRothEA-A_CollecTRI2;ExTRI2_CollecTRI2;FANTOM4_DoRothEA;HOCOMOCO_DoRothEA;HTRI_CollecTRI;HTRIdb;HTRIdb_CollecTRI2;HTRIdb_DoRothEA;JASPAR_DoRothEA;ReMap_DoRothEA;SIGNOR_CollecTRI;SIGNOR_CollecTRI2;TRRUST;TRRUST_CollecTRI;TRRUST_CollecTRI2;TRRUST_DoRothEA	canonical_tf_edge;canonical_tf_role;module_22B_regulon	canonical_tf_edge;canonical_tf_role;module_22B_regulon	canonical_tf_edge;canonical_tf_role;module_22B_regulon	existing_public_pair_union	existing_public_pair_union	canonical_name_or_species_scope_match	16983	3	true		existing_or_canonical	Cross-species inventory collapse only; retain species-specific evidence records separately.; Vertebrate JASPAR/profile scope is not treated as human/mouse evidence.
tcf4	TCF4;Tcf4	human;mouse;vertebrates	AnimalTFDB3;JASPAR_CORE;Lambert_HumanTFs;OmniPath_DoRothEA;TFLink;TRRUST	ARACNe-GTEx_DoRothEA;CollecTRI;CollecTRI2;DoRothEA;DoRothEA-A_CollecTRI2;ENCODE-proximal;ExTRI2_CollecTRI2;GEREDB_CollecTRI;GEREDB_CollecTRI2;HOCOMOCO_DoRothEA;JASPAR_DoRothEA;ReMap_DoRothEA;SIGNOR_CollecTRI;SIGNOR_CollecTRI2;TRRUST;TRRUST_CollecTRI;TRRUST_CollecTRI2;TRRUST_DoRothEA	canonical_tf_edge;canonical_tf_role;module_22B_regulon	canonical_tf_edge;canonical_tf_role;module_22B_regulon	canonical_tf_edge;canonical_tf_role;module_22B_regulon	existing_public_pair_union	existing_public_pair_union	canonical_name_or_species_scope_match	16896	3	true		existing_or_canonical	Cross-species inventory collapse only; retain species-specific evidence records separately.; Vertebrate JASPAR/profile scope is not treated as human/mouse evidence.
tcf7	TCF7;Tcf7	human;mouse;vertebrates	AnimalTFDB3;JASPAR_CORE;Lambert_HumanTFs;OmniPath_DoRothEA;TFLink;TRRUST	ARACNe-GTEx_DoRothEA;CollecTRI;CollecTRI2;DoRothEA;DoRothEA-A_CollecTRI2;ExTRI2_CollecTRI2;HOCOMOCO_DoRothEA;JASPAR_DoRothEA;KEGG-MEDICUS;ReMap_DoRothEA;TFactS_CollecTRI;TFactS_DoRothEA;TRRUST;TRRUST_CollecTRI;TRRUST_CollecTRI2;TRRUST_DoRothEA;TfactS_CollecTRI2				existing_public_pair_union	existing_public_pair_union	new_candidate		3	false	vertebrates	existing_or_canonical	Cross-species inventory collapse only; retain species-specific evidence records separately.; Vertebrate JASPAR/profile scope is not treated as human/mouse evidence.
tcf7l1	TCF7L1;Tcf7l1	human;mouse;vertebrates	AnimalTFDB3;JASPAR_CORE;Lambert_HumanTFs;TFLink					new_candidate	new_candidate	new_candidate		3	false	human;mouse;vertebrates	new_candidate	Cross-species inventory collapse only; retain species-specific evidence records separately.; Vertebrate JASPAR/profile scope is not treated as human/mouse evidence.
tcf7l2	TCF7L2;Tcf7l2	human;mouse;vertebrates	AnimalTFDB3;JASPAR_CORE;Lambert_HumanTFs;OmniPath_DoRothEA;TFLink;TRRUST	ARACNe-GTEx_DoRothEA;CollecTRI;CollecTRI2;DoRothEA;DoRothEA-A_CollecTRI;DoRothEA-A_CollecTRI2;ExTRI2_CollecTRI2;ExTRI_CollecTRI;FANTOM4_DoRothEA;GEREDB_CollecTRI;GEREDB_CollecTRI2;HOCOMOCO_DoRothEA;HTRI_CollecTRI;HTRIdb;HTRIdb_CollecTRI2;HTRIdb_DoRothEA;IntAct_CollecTRI;IntAct_CollecTRI2;IntAct_DoRothEA;JASPAR_DoRothEA;KEGG-MEDICUS;NTNU.Curated_CollecTRI;NTNUcuration_CollecTRI2;Pavlidis2021_CollecTRI;Pavlidis_CollecTRI2;ReMap_DoRothEA;TFactS_CollecTRI;TFactS_DoRothEA;TRRUST;TRRUST_CollecTRI;TRRUST_CollecTRI2;TRRUST_DoRothEA;TfactS_CollecTRI2				existing_public_pair_union	existing_public_pair_union	new_candidate		3	false	vertebrates	existing_or_canonical	Cross-species inventory collapse only; retain species-specific evidence records separately.; Vertebrate JASPAR/profile scope is not treated as human/mouse evidence.
tcfl5	TCFL5;Tcfl5	human;mouse;vertebrates	AnimalTFDB3;JASPAR_CORE;Lambert_HumanTFs;OmniPath_DoRothEA;TFLink;TRRUST	CollecTRI;CollecTRI2;DoRothEA;DoRothEA-A_CollecTRI;DoRothEA-A_CollecTRI2;ExTRI2_CollecTRI2;GOA_CollecTRI;GOA_CollecTRI2;HTRI_CollecTRI;HTRIdb;HTRIdb_CollecTRI2;HTRIdb_DoRothEA;TRRUST;TRRUST_CollecTRI;TRRUST_CollecTRI2;TRRUST_DoRothEA				existing_public_pair_union	existing_public_pair_union	new_candidate		3	false	vertebrates	existing_or_canonical	Cross-species inventory collapse only; retain species-specific evidence records separately.; Vertebrate JASPAR/profile scope is not treated as human/mouse evidence.
tcof1	TCOF1	human	TFLink					new_candidate				1	false	human	new_candidate	
tdrd3	TDRD3	human	TFLink					new_candidate				1	false	human	new_candidate	
tead1	TEAD1;Tead1	human;mouse;vertebrates	AnimalTFDB3;JASPAR_CORE;Lambert_HumanTFs;OmniPath_DoRothEA;TFLink;TRRUST	ARACNe-GTEx_DoRothEA;CollecTRI;CollecTRI2;DoRothEA;DoRothEA-A_CollecTRI;DoRothEA-A_CollecTRI2;ExTRI2_CollecTRI2;HOCOMOCO_DoRothEA;HTRI_CollecTRI;HTRIdb;HTRIdb_CollecTRI2;HTRIdb_DoRothEA;JASPAR_DoRothEA;ReMap_DoRothEA;SIGNOR_CollecTRI;SIGNOR_CollecTRI2;TRRUST;TRRUST_CollecTRI;TRRUST_CollecTRI2;TRRUST_DoRothEA				existing_public_pair_union	new_candidate	new_candidate		3	false	mouse;vertebrates	existing_or_canonical	Cross-species inventory collapse only; retain species-specific evidence records separately.; Vertebrate JASPAR/profile scope is not treated as human/mouse evidence.
tead2	TEAD2;Tead2	human;mouse;vertebrates	AnimalTFDB3;JASPAR_CORE;Lambert_HumanTFs;OmniPath_DoRothEA;TFLink;TRRUST	ARACNe-GTEx_DoRothEA;DoRothEA;JASPAR_DoRothEA;ReMap_DoRothEA;TRRUST	canonical_tf_edge;canonical_tf_role;module_22B_regulon	canonical_tf_edge;canonical_tf_role;module_22B_regulon	canonical_tf_edge;canonical_tf_role;module_22B_regulon	existing_public_pair_union	existing_public_pair_union	canonical_name_or_species_scope_match	16984	3	true		existing_or_canonical	Cross-species inventory collapse only; retain species-specific evidence records separately.; Vertebrate JASPAR/profile scope is not treated as human/mouse evidence.
tead3	TEAD3;Tead3	human;mouse;vertebrates	AnimalTFDB3;JASPAR_CORE;Lambert_HumanTFs;TFLink					new_candidate	new_candidate	new_candidate		3	false	human;mouse;vertebrates	new_candidate	Cross-species inventory collapse only; retain species-specific evidence records separately.; Vertebrate JASPAR/profile scope is not treated as human/mouse evidence.
tead4	TEAD4;Tead4	human;mouse;vertebrates	AnimalTFDB3;JASPAR_CORE;Lambert_HumanTFs;TFLink;TRRUST	TRRUST				existing_public_pair_union	existing_public_pair_union	new_candidate		3	false	vertebrates	existing_or_canonical	Cross-species inventory collapse only; retain species-specific evidence records separately.; Vertebrate JASPAR/profile scope is not treated as human/mouse evidence.
tef	TEF;Tef	human;mouse;vertebrates	AnimalTFDB3;JASPAR_CORE;Lambert_HumanTFs;TFLink;TRRUST	TRRUST				existing_public_pair_union	existing_public_pair_union	new_candidate		3	false	vertebrates	existing_or_canonical	Cross-species inventory collapse only; retain species-specific evidence records separately.; Vertebrate JASPAR/profile scope is not treated as human/mouse evidence.
terb1	TERB1	human	AnimalTFDB3;Lambert_HumanTFs					new_candidate				1	false	human	new_candidate	
terf1	TERF1;Terf1	human;mouse	AnimalTFDB3;Lambert_HumanTFs;TFLink					new_candidate	new_candidate			2	false	human;mouse	new_candidate	Cross-species inventory collapse only; retain species-specific evidence records separately.
terf2	TERF2;Terf2	human;mouse	AnimalTFDB3;Lambert_HumanTFs;TFLink					new_candidate	new_candidate			2	false	human;mouse	new_candidate	Cross-species inventory collapse only; retain species-specific evidence records separately.
terf2ip	Terf2ip	mouse	TFLink						new_candidate			1	false	mouse	new_candidate	
tert	TERT	human	TFLink					new_candidate				1	false	human	new_candidate	
tet1	TET1;Tet1	human;mouse	Lambert_HumanTFs;TFLink					new_candidate	new_candidate			2	false	human;mouse	new_candidate	Cross-species inventory collapse only; retain species-specific evidence records separately.
tet2	TET2;Tet2	human;mouse	AnimalTFDB3;Lambert_HumanTFs;TFLink					new_candidate	new_candidate			2	false	human;mouse	new_candidate	Cross-species inventory collapse only; retain species-specific evidence records separately.
tet3	TET3;Tet3	human;mouse	Lambert_HumanTFs;TFLink					new_candidate	new_candidate			2	false	human;mouse	new_candidate	Cross-species inventory collapse only; retain species-specific evidence records separately.
tex10	Tex10	mouse	TFLink						new_candidate			1	false	mouse	new_candidate	
tfam	TFAM;Tfam	human;mouse	AnimalTFDB3;TFLink					new_candidate	new_candidate			2	false	human;mouse	new_candidate	Cross-species inventory collapse only; retain species-specific evidence records separately.
tfap2a	TFAP2A;Tfap2a	human;mouse;vertebrates	AnimalTFDB3;JASPAR_CORE;Lambert_HumanTFs;OmniPath_DoRothEA;TFLink;TRRUST	ARACNe-GTEx_DoRothEA;CollecTRI;CollecTRI2;DoRothEA;DoRothEA-A_CollecTRI;DoRothEA-A_CollecTRI2;ENCODE-distal;ExTRI2_CollecTRI2;ExTRI_CollecTRI;FANTOM4_DoRothEA;GEREDB_CollecTRI;GEREDB_CollecTRI2;GOA_CollecTRI2;HOCOMOCO_DoRothEA;HTRI_CollecTRI;HTRIdb;HTRIdb_CollecTRI2;HTRIdb_DoRothEA;IntAct_CollecTRI;IntAct_CollecTRI2;IntAct_DoRothEA;JASPAR_DoRothEA;NFIRegulomeDB_DoRothEA;NTNU.Curated_CollecTRI;NTNUcuration_CollecTRI2;ORegAnno_DoRothEA;PAZAR;PAZAR_DoRothEA;ReMap_DoRothEA;RegNetwork_DoRothEA;SIGNOR;SIGNOR_CollecTRI;SIGNOR_CollecTRI2;TFactS_CollecTRI;TFactS_DoRothEA;TRED_DoRothEA;TRRUST;TRRUST_CollecTRI;TRRUST_CollecTRI2;TRRUST_DoRothEA;TfactS_CollecTRI2	canonical_tf_edge;canonical_tf_role;module_22B_regulon	canonical_tf_edge;canonical_tf_role;module_22B_regulon	canonical_tf_edge;canonical_tf_role;module_22B_regulon	existing_public_pair_union	existing_public_pair_union	canonical_name_or_species_scope_match	16897	3	true		existing_or_canonical	Cross-species inventory collapse only; retain species-specific evidence records separately.; Vertebrate JASPAR/profile scope is not treated as human/mouse evidence.
tfap2b	TFAP2B;Tfap2b	human;mouse;vertebrates	AnimalTFDB3;JASPAR_CORE;Lambert_HumanTFs;OmniPath_DoRothEA;TFLink;TRRUST	CollecTRI;CollecTRI2;DoRothEA;DoRothEA-A_CollecTRI;DoRothEA-A_CollecTRI2;ExTRI2_CollecTRI2;ExTRI_CollecTRI;HTRI_CollecTRI;HTRIdb;HTRIdb_CollecTRI2;HTRIdb_DoRothEA;RegNetwork_DoRothEA;SIGNOR_CollecTRI;SIGNOR_CollecTRI2;TRED_DoRothEA;TRRUST;TRRUST_CollecTRI;TRRUST_CollecTRI2;TRRUST_DoRothEA;TfactS_CollecTRI2				existing_public_pair_union	existing_public_pair_union	new_candidate		3	false	vertebrates	existing_or_canonical	Cross-species inventory collapse only; retain species-specific evidence records separately.; Vertebrate JASPAR/profile scope is not treated as human/mouse evidence.
tfap2c	TFAP2C;Tfap2c	human;mouse;vertebrates	AnimalTFDB3;JASPAR_CORE;Lambert_HumanTFs;OmniPath_DoRothEA;TFLink;TRRUST	ARACNe-GTEx_DoRothEA;CollecTRI;CollecTRI2;DoRothEA;DoRothEA-A_CollecTRI;DoRothEA-A_CollecTRI2;ENCODE-distal;ENCODE-proximal;ExTRI2_CollecTRI2;ExTRI_CollecTRI;FANTOM4_DoRothEA;GEREDB_CollecTRI;GEREDB_CollecTRI2;HOCOMOCO_DoRothEA;HTRI_CollecTRI;HTRIdb;HTRIdb_CollecTRI2;HTRIdb_DoRothEA;IntAct_CollecTRI;IntAct_CollecTRI2;IntAct_DoRothEA;JASPAR_DoRothEA;NTNU.Curated_CollecTRI;NTNUcuration_CollecTRI2;PAZAR_DoRothEA;ReMap_DoRothEA;RegNetwork_DoRothEA;SIGNOR_CollecTRI;SIGNOR_CollecTRI2;TRED_DoRothEA;TRRUST;TRRUST_CollecTRI;TRRUST_CollecTRI2;TRRUST_DoRothEA;TfactS_CollecTRI2				existing_public_pair_union	existing_public_pair_union	new_candidate		3	false	vertebrates	existing_or_canonical	Cross-species inventory collapse only; retain species-specific evidence records separately.; Vertebrate JASPAR/profile scope is not treated as human/mouse evidence.
tfap2d	TFAP2D;Tfap2d	human;mouse	AnimalTFDB3;Lambert_HumanTFs;TFLink;TRRUST	TRRUST				new_candidate	existing_public_pair_union			2	false	human	existing_or_canonical	Cross-species inventory collapse only; retain species-specific evidence records separately.
tfap2e	TFAP2E;Tfap2e	human;mouse;vertebrates	AnimalTFDB3;JASPAR_CORE;Lambert_HumanTFs					new_candidate	new_candidate	new_candidate		3	false	human;mouse;vertebrates	new_candidate	Cross-species inventory collapse only; retain species-specific evidence records separately.; Vertebrate JASPAR/profile scope is not treated as human/mouse evidence.
tfap4	TFAP4;Tfap4	human;mouse;vertebrates	AnimalTFDB3;JASPAR_CORE;Lambert_HumanTFs;OmniPath_DoRothEA;TFLink;TRRUST	ARACNe-GTEx_DoRothEA;CollecTRI;CollecTRI2;DoRothEA;DoRothEA-A_CollecTRI;DoRothEA-A_CollecTRI2;ExTRI2_CollecTRI2;ExTRI_CollecTRI;GEREDB_CollecTRI;GEREDB_CollecTRI2;IntAct_DoRothEA;JASPAR_DoRothEA;NFIRegulomeDB_DoRothEA;PAZAR;PAZAR_DoRothEA;ReMap_DoRothEA;SIGNOR_CollecTRI;SIGNOR_CollecTRI2;TRRUST;TRRUST_CollecTRI;TRRUST_CollecTRI2;TRRUST_DoRothEA;TfactS_CollecTRI2				existing_public_pair_union	new_candidate	new_candidate		3	false	mouse;vertebrates	existing_or_canonical	Cross-species inventory collapse only; retain species-specific evidence records separately.; Vertebrate JASPAR/profile scope is not treated as human/mouse evidence.
tfb1m	TFB1M;Tfb1m	human;mouse	AnimalTFDB3					new_candidate	new_candidate			2	false	human;mouse	new_candidate	Cross-species inventory collapse only; retain species-specific evidence records separately.
tfcp2	TFCP2;Tfcp2	human;mouse;vertebrates	AnimalTFDB3;JASPAR_CORE;Lambert_HumanTFs;OmniPath_DoRothEA;TFLink;TRRUST	CollecTRI;CollecTRI2;DoRothEA;DoRothEA-A_CollecTRI;DoRothEA-A_CollecTRI2;ExTRI_CollecTRI;HTRI_CollecTRI;HTRIdb;HTRIdb_CollecTRI2;HTRIdb_DoRothEA;NTNU.Curated_CollecTRI;NTNUcuration_CollecTRI2;SIGNOR_CollecTRI;SIGNOR_CollecTRI2;TRRUST;TRRUST_CollecTRI;TRRUST_CollecTRI2;TRRUST_DoRothEA				existing_public_pair_union	existing_public_pair_union	new_candidate		3	false	vertebrates	existing_or_canonical	Cross-species inventory collapse only; retain species-specific evidence records separately.; Vertebrate JASPAR/profile scope is not treated as human/mouse evidence.
tfcp2l1	TFCP2L1;Tfcp2l1	human;mouse;vertebrates	AnimalTFDB3;JASPAR_CORE;Lambert_HumanTFs;TFLink;TRRUST	TRRUST				existing_public_pair_union	new_candidate	new_candidate		3	false	mouse;vertebrates	existing_or_canonical	Cross-species inventory collapse only; retain species-specific evidence records separately.; Vertebrate JASPAR/profile scope is not treated as human/mouse evidence.
tfdp1	TFDP1;Tfdp1	human;mouse;vertebrates	AnimalTFDB3;JASPAR_CORE;Lambert_HumanTFs;OmniPath_DoRothEA;TFLink;TRRUST	ARACNe-GTEx_DoRothEA;CollecTRI;CollecTRI2;DoRothEA;DoRothEA-A_CollecTRI2;ExTRI2_CollecTRI2;ExTRI_CollecTRI;GEREDB_CollecTRI;GEREDB_CollecTRI2;HOCOMOCO_DoRothEA;JASPAR_DoRothEA;NTNU.Curated_CollecTRI;NTNUcuration_CollecTRI2;ReMap_DoRothEA;RegNetwork_DoRothEA;SIGNOR_CollecTRI;SIGNOR_CollecTRI2;TRED_DoRothEA;TRRUST;TRRUST_CollecTRI;TRRUST_CollecTRI2;TRRUST_DoRothEA;TfactS_CollecTRI2	canonical_tf_edge;canonical_tf_role;module_22B_regulon	canonical_tf_edge;canonical_tf_role;module_22B_regulon	canonical_tf_edge;canonical_tf_role;module_22B_regulon	existing_public_pair_union	existing_public_pair_union	canonical_name_or_species_scope_match	16898	3	true		existing_or_canonical	Cross-species inventory collapse only; retain species-specific evidence records separately.; Vertebrate JASPAR/profile scope is not treated as human/mouse evidence.
tfdp2	TFDP2;Tfdp2	human;mouse	AnimalTFDB3;Lambert_HumanTFs;TFLink					new_candidate	new_candidate			2	false	human;mouse	new_candidate	Cross-species inventory collapse only; retain species-specific evidence records separately.
tfdp3	TFDP3	human	AnimalTFDB3;Lambert_HumanTFs;TFLink;TRRUST	TRRUST				existing_public_pair_union				1	false		existing_or_canonical	
tfe3	TFE3;Tfe3	human;mouse;vertebrates	AnimalTFDB3;JASPAR_CORE;Lambert_HumanTFs;TFLink;TRRUST	TRRUST				new_candidate	existing_public_pair_union	new_candidate		3	false	human;vertebrates	existing_or_canonical	Cross-species inventory collapse only; retain species-specific evidence records separately.; Vertebrate JASPAR/profile scope is not treated as human/mouse evidence.
tfeb	TFEB;Tfeb	human;mouse;vertebrates	AnimalTFDB3;JASPAR_CORE;Lambert_HumanTFs;TFLink;TRRUST	TRRUST				existing_public_pair_union	new_candidate	new_candidate		3	false	mouse;vertebrates	existing_or_canonical	Cross-species inventory collapse only; retain species-specific evidence records separately.; Vertebrate JASPAR/profile scope is not treated as human/mouse evidence.
tfec	TFEC;Tfec	human;mouse;vertebrates	AnimalTFDB3;JASPAR_CORE;Lambert_HumanTFs					new_candidate	new_candidate	new_candidate		3	false	human;mouse;vertebrates	new_candidate	Cross-species inventory collapse only; retain species-specific evidence records separately.; Vertebrate JASPAR/profile scope is not treated as human/mouse evidence.
tfpt	TFPT	human	TFLink;TRRUST	TRRUST				existing_public_pair_union				1	false		existing_or_canonical	
tgfb1	Tgfb1	mouse	TFLink;TRRUST	TRRUST					existing_public_pair_union			1	false		existing_or_canonical	
tgfb1i1	Tgfb1i1	mouse	TFLink;TRRUST	TRRUST					existing_public_pair_union			1	false		existing_or_canonical	
tgif1	TGIF1;Tgif1	human;mouse;vertebrates	AnimalTFDB3;JASPAR_CORE;Lambert_HumanTFs;TFLink;TRRUST	TRRUST				existing_public_pair_union	new_candidate	new_candidate		3	false	mouse;vertebrates	existing_or_canonical	Cross-species inventory collapse only; retain species-specific evidence records separately.; Vertebrate JASPAR/profile scope is not treated as human/mouse evidence.
tgif2	TGIF2;Tgif2	human;mouse;vertebrates	AnimalTFDB3;JASPAR_CORE;Lambert_HumanTFs;TFLink					new_candidate	new_candidate	new_candidate		3	false	human;mouse;vertebrates	new_candidate	Cross-species inventory collapse only; retain species-specific evidence records separately.; Vertebrate JASPAR/profile scope is not treated as human/mouse evidence.
tgif2lx	TGIF2LX	human;vertebrates	AnimalTFDB3;JASPAR_CORE;Lambert_HumanTFs					new_candidate		new_candidate		2	false	human;vertebrates	new_candidate	Cross-species inventory collapse only; retain species-specific evidence records separately.; Vertebrate JASPAR/profile scope is not treated as human/mouse evidence.
tgif2lx1	Tgif2lx1	mouse	AnimalTFDB3						new_candidate			1	false	mouse	new_candidate	
tgif2lx2	Tgif2lx2	mouse	AnimalTFDB3						new_candidate			1	false	mouse	new_candidate	
tgif2ly	TGIF2LY	human;vertebrates	AnimalTFDB3;JASPAR_CORE;Lambert_HumanTFs					new_candidate		new_candidate		2	false	human;vertebrates	new_candidate	Cross-species inventory collapse only; retain species-specific evidence records separately.; Vertebrate JASPAR/profile scope is not treated as human/mouse evidence.
thap1	THAP1;Thap1	human;mouse;vertebrates	AnimalTFDB3;JASPAR_CORE;Lambert_HumanTFs;OmniPath_DoRothEA;TFLink	ARACNe-GTEx_DoRothEA;DoRothEA;HOCOMOCO_DoRothEA;ReMap_DoRothEA				existing_public_pair_union	existing_public_pair_union	new_candidate		3	false	vertebrates	existing_or_canonical	Cross-species inventory collapse only; retain species-specific evidence records separately.; Vertebrate JASPAR/profile scope is not treated as human/mouse evidence.
thap10	THAP10	human	AnimalTFDB3;Lambert_HumanTFs					new_candidate				1	false	human	new_candidate	
thap11	THAP11;Thap11	human;mouse;vertebrates	AnimalTFDB3;JASPAR_CORE;Lambert_HumanTFs;OmniPath_DoRothEA;TFLink	ARACNe-GTEx_DoRothEA;DoRothEA;HOCOMOCO_DoRothEA;ReMap_DoRothEA				existing_public_pair_union	existing_public_pair_union	new_candidate		3	false	vertebrates	existing_or_canonical	Cross-species inventory collapse only; retain species-specific evidence records separately.; Vertebrate JASPAR/profile scope is not treated as human/mouse evidence.
thap12	THAP12;Thap12	human;mouse	AnimalTFDB3;Lambert_HumanTFs					new_candidate	new_candidate			2	false	human;mouse	new_candidate	Cross-species inventory collapse only; retain species-specific evidence records separately.
thap2	THAP2;Thap2	human;mouse	AnimalTFDB3;Lambert_HumanTFs					new_candidate	new_candidate			2	false	human;mouse	new_candidate	Cross-species inventory collapse only; retain species-specific evidence records separately.
thap3	THAP3;Thap3	human;mouse	AnimalTFDB3;Lambert_HumanTFs					new_candidate	new_candidate			2	false	human;mouse	new_candidate	Cross-species inventory collapse only; retain species-specific evidence records separately.
thap4	THAP4;Thap4	human;mouse	AnimalTFDB3;Lambert_HumanTFs;TFLink					new_candidate	new_candidate			2	false	human;mouse	new_candidate	Cross-species inventory collapse only; retain species-specific evidence records separately.
thap5	THAP5	human	AnimalTFDB3;Lambert_HumanTFs					new_candidate				1	false	human	new_candidate	
thap6	THAP6	human	AnimalTFDB3;Lambert_HumanTFs					new_candidate				1	false	human	new_candidate	
thap7	THAP7;Thap7	human;mouse	AnimalTFDB3;Lambert_HumanTFs;TFLink					new_candidate	new_candidate			2	false	human;mouse	new_candidate	Cross-species inventory collapse only; retain species-specific evidence records separately.
thap8	THAP8	human	AnimalTFDB3;Lambert_HumanTFs					new_candidate				1	false	human	new_candidate	
thap9	THAP9	human	AnimalTFDB3;Lambert_HumanTFs					new_candidate				1	false	human	new_candidate	
thoc5	Thoc5	mouse	TFLink						new_candidate			1	false	mouse	new_candidate	
thra	THRA;Thra	human;mouse;vertebrates	AnimalTFDB3;JASPAR_CORE;Lambert_HumanTFs;OmniPath_DoRothEA;TFLink;TRRUST	CollecTRI;CollecTRI2;DoRothEA;DoRothEA-A_CollecTRI;DoRothEA-A_CollecTRI2;ExTRI_CollecTRI;GEREDB_CollecTRI;GEREDB_CollecTRI2;HTRI_CollecTRI;HTRIdb;HTRIdb_CollecTRI2;HTRIdb_DoRothEA;NTNU.Curated_CollecTRI;NTNUcuration_CollecTRI2;TRRUST;TRRUST_CollecTRI;TRRUST_CollecTRI2;TRRUST_DoRothEA	canonical_tf_edge;canonical_tf_role	canonical_tf_edge;canonical_tf_role	canonical_tf_edge;canonical_tf_role	existing_public_pair_union	existing_public_pair_union	canonical_name_or_species_scope_match	13432	3	true		existing_or_canonical	Cross-species inventory collapse only; retain species-specific evidence records separately.; Vertebrate JASPAR/profile scope is not treated as human/mouse evidence.
thrap3	THRAP3;Thrap3	human;mouse	TFLink;TRRUST	TRRUST				new_candidate	existing_public_pair_union			2	false	human	existing_or_canonical	Cross-species inventory collapse only; retain species-specific evidence records separately.
thrb	THRB;Thrb	human;mouse;vertebrates	AnimalTFDB3;JASPAR_CORE;Lambert_HumanTFs;OmniPath_DoRothEA;TFLink;TRRUST	CollecTRI;CollecTRI2;DoRothEA;DoRothEA-A_CollecTRI;DoRothEA-A_CollecTRI2;ExTRI_CollecTRI;HTRI_CollecTRI;HTRIdb;HTRIdb_CollecTRI2;HTRIdb_DoRothEA;NTNU.Curated_CollecTRI;NTNUcuration_CollecTRI2;TRRUST;TRRUST_CollecTRI;TRRUST_CollecTRI2;TRRUST_DoRothEA				existing_public_pair_union	existing_public_pair_union	new_candidate		3	false	vertebrates	existing_or_canonical	Cross-species inventory collapse only; retain species-specific evidence records separately.; Vertebrate JASPAR/profile scope is not treated as human/mouse evidence.
thyn1	THYN1;Thyn1	human;mouse	AnimalTFDB3;Lambert_HumanTFs					new_candidate	new_candidate			2	false	human;mouse	new_candidate	Cross-species inventory collapse only; retain species-specific evidence records separately.
tial1	TIAL1;Tial1	human;mouse	TFLink;TRRUST	TRRUST				existing_public_pair_union	existing_public_pair_union			2	false		existing_or_canonical	Cross-species inventory collapse only; retain species-specific evidence records separately.
tigd1	TIGD1	human	Lambert_HumanTFs					new_candidate				1	false	human	new_candidate	
tigd2	TIGD2	human	Lambert_HumanTFs					new_candidate				1	false	human	new_candidate	
tigd3	TIGD3	human;vertebrates	JASPAR_CORE;Lambert_HumanTFs					new_candidate		new_candidate		2	false	human;vertebrates	new_candidate	Cross-species inventory collapse only; retain species-specific evidence records separately.; Vertebrate JASPAR/profile scope is not treated as human/mouse evidence.
tigd4	TIGD4	human;vertebrates	JASPAR_CORE;Lambert_HumanTFs					new_candidate		new_candidate		2	false	human;vertebrates	new_candidate	Cross-species inventory collapse only; retain species-specific evidence records separately.; Vertebrate JASPAR/profile scope is not treated as human/mouse evidence.
tigd5	TIGD5	human;vertebrates	JASPAR_CORE;Lambert_HumanTFs					new_candidate		new_candidate		2	false	human;vertebrates	new_candidate	Cross-species inventory collapse only; retain species-specific evidence records separately.; Vertebrate JASPAR/profile scope is not treated as human/mouse evidence.
tigd6	TIGD6	human	Lambert_HumanTFs					new_candidate				1	false	human	new_candidate	
tigd7	TIGD7	human;vertebrates	JASPAR_CORE;Lambert_HumanTFs					new_candidate		new_candidate		2	false	human;vertebrates	new_candidate	Cross-species inventory collapse only; retain species-specific evidence records separately.; Vertebrate JASPAR/profile scope is not treated as human/mouse evidence.
tirap	TIRAP	human	TFLink					new_candidate				1	false	human	new_candidate	
tle2	Tle2	mouse	TFLink;TRRUST	TRRUST					existing_public_pair_union			1	false		existing_or_canonical	
tle3	TLE3;Tle3	human;mouse	TFLink;TRRUST	TRRUST				existing_public_pair_union	existing_public_pair_union			2	false		existing_or_canonical	Cross-species inventory collapse only; retain species-specific evidence records separately.
tle5	TLE5;Tle5	human;mouse	TFLink					new_candidate	new_candidate			2	false	human;mouse	new_candidate	Cross-species inventory collapse only; retain species-specific evidence records separately.
tlr4	Tlr4	mouse	TFLink;TRRUST	TRRUST					existing_public_pair_union			1	false		existing_or_canonical	
tlx1	TLX1;Tlx1	human;mouse	AnimalTFDB3;Lambert_HumanTFs;OmniPath_DoRothEA;TFLink;TRRUST	CollecTRI;CollecTRI2;DoRothEA;DoRothEA-A_CollecTRI2;ExTRI2_CollecTRI2;ExTRI_CollecTRI;GEREDB_CollecTRI;GEREDB_CollecTRI2;NTNU.Curated_CollecTRI;NTNUcuration_CollecTRI2;RegNetwork_DoRothEA;TRED_DoRothEA;TRRUST;TRRUST_CollecTRI;TRRUST_CollecTRI2;TRRUST_DoRothEA	canonical_tf_edge;canonical_tf_role;module_22B_regulon	canonical_tf_edge;canonical_tf_role;module_22B_regulon		existing_public_pair_union	canonical_name_or_species_scope_match		16899	2	true		existing_or_canonical	Cross-species inventory collapse only; retain species-specific evidence records separately.
tlx2	TLX2;Tlx2	human;mouse;vertebrates	AnimalTFDB3;JASPAR_CORE;Lambert_HumanTFs					new_candidate	new_candidate	new_candidate		3	false	human;mouse;vertebrates	new_candidate	Cross-species inventory collapse only; retain species-specific evidence records separately.; Vertebrate JASPAR/profile scope is not treated as human/mouse evidence.
tlx3	TLX3;Tlx3	human;mouse;vertebrates	AnimalTFDB3;JASPAR_CORE;Lambert_HumanTFs;TFLink;TRRUST	TRRUST				new_candidate	existing_public_pair_union	new_candidate		3	false	human;vertebrates	existing_or_canonical	Cross-species inventory collapse only; retain species-specific evidence records separately.; Vertebrate JASPAR/profile scope is not treated as human/mouse evidence.
tmf1	TMF1;Tmf1	human;mouse	AnimalTFDB3;Lambert_HumanTFs					new_candidate	new_candidate			2	false	human;mouse	new_candidate	Cross-species inventory collapse only; retain species-specific evidence records separately.
tnf	Tnf	mouse	TFLink;TRRUST	TRRUST					existing_public_pair_union			1	false		existing_or_canonical	
tnfaip3	TNFAIP3;Tnfaip3	human;mouse	TFLink;TRRUST	TRRUST				existing_public_pair_union	existing_public_pair_union			2	false		existing_or_canonical	Cross-species inventory collapse only; retain species-specific evidence records separately.
tnni2	Tnni2	mouse	TFLink						new_candidate			1	false	mouse	new_candidate	
tob1	TOB1;Tob1	human;mouse	TFLink;TRRUST	TRRUST				existing_public_pair_union	existing_public_pair_union			2	false		existing_or_canonical	Cross-species inventory collapse only; retain species-specific evidence records separately.
top1	TOP1	human	TFLink					new_candidate				1	false	human	new_candidate	
top2b	TOP2B;Top2b	human;mouse	TFLink;TRRUST	TRRUST				existing_public_pair_union	new_candidate			2	false	mouse	existing_or_canonical	Cross-species inventory collapse only; retain species-specific evidence records separately.
top2beta	top2beta	human	TFLink					new_candidate				1	false	human	new_candidate	
topors	TOPORS	human	Lambert_HumanTFs					new_candidate				1	false	human	new_candidate	
tox	TOX;Tox	human;mouse	AnimalTFDB3;TFLink					new_candidate	new_candidate			2	false	human;mouse	new_candidate	Cross-species inventory collapse only; retain species-specific evidence records separately.
tox2	TOX2;Tox2	human;mouse	AnimalTFDB3					new_candidate	new_candidate			2	false	human;mouse	new_candidate	Cross-species inventory collapse only; retain species-specific evidence records separately.
tox3	TOX3;Tox3	human;mouse	AnimalTFDB3;TFLink					new_candidate	new_candidate			2	false	human;mouse	new_candidate	Cross-species inventory collapse only; retain species-specific evidence records separately.
tox4	TOX4;Tox4	human;mouse	AnimalTFDB3;TFLink					new_candidate	new_candidate			2	false	human;mouse	new_candidate	Cross-species inventory collapse only; retain species-specific evidence records separately.
tp53	TP53;Tp53	human;mouse;vertebrates	AnimalTFDB3;JASPAR_CORE;Lambert_HumanTFs;OmniPath_DoRothEA;TFLink;TRRUST	ARACNe-GTEx_DoRothEA;CollecTRI;CollecTRI2;CytReg_CollecTRI;CytReg_CollecTRI2;DoRothEA;DoRothEA-A_CollecTRI;DoRothEA-A_CollecTRI2;DoRothEA-reviews_DoRothEA;ExTRI2_CollecTRI2;ExTRI_CollecTRI;FANTOM4_DoRothEA;GEREDB_CollecTRI;GEREDB_CollecTRI2;GOA_CollecTRI;GOA_CollecTRI2;HOCOMOCO_DoRothEA;HTRI_CollecTRI;HTRIdb;HTRIdb_CollecTRI2;HTRIdb_DoRothEA;IntAct_CollecTRI;IntAct_CollecTRI2;IntAct_DoRothEA;JASPAR_DoRothEA;KEGG-MEDICUS;NTNU.Curated_CollecTRI;NTNUcuration_CollecTRI2;ORegAnno;ORegAnno_DoRothEA;PAZAR;PAZAR_DoRothEA;ReMap_DoRothEA;RegNetwork_DoRothEA;SIGNOR;SIGNOR_CollecTRI;SIGNOR_CollecTRI2;TFactS_CollecTRI;TFactS_DoRothEA;TRED_DoRothEA;TRRUST;TRRUST_CollecTRI;TRRUST_CollecTRI2;TRRUST_DoRothEA;TfactS_CollecTRI2	canonical_tf_edge;canonical_tf_role;module_22B_regulon	canonical_tf_edge;canonical_tf_role;module_22B_regulon	canonical_tf_edge;canonical_tf_role;module_22B_regulon	existing_public_pair_union	existing_public_pair_union	canonical_name_or_species_scope_match	16900	3	true		existing_or_canonical	Cross-species inventory collapse only; retain species-specific evidence records separately.; Vertebrate JASPAR/profile scope is not treated as human/mouse evidence.
tp53bp1	TP53BP1;Tp53bp1	human;mouse	TFLink;TRRUST	TRRUST				existing_public_pair_union	new_candidate			2	false	mouse	existing_or_canonical	Cross-species inventory collapse only; retain species-specific evidence records separately.
tp63	TP63;Tp63	human;mouse;vertebrates	AnimalTFDB3;JASPAR_CORE;Lambert_HumanTFs;OmniPath_DoRothEA;TFLink;TRRUST	ARACNe-GTEx_DoRothEA;CollecTRI;CollecTRI2;DoRothEA;DoRothEA-A_CollecTRI;DoRothEA-A_CollecTRI2;ExTRI2_CollecTRI2;ExTRI_CollecTRI;GEREDB_CollecTRI;GEREDB_CollecTRI2;HOCOMOCO_DoRothEA;HTRI_CollecTRI;HTRIdb;HTRIdb_CollecTRI2;HTRIdb_DoRothEA;IntAct_DoRothEA;JASPAR_DoRothEA;NTNU.Curated_CollecTRI;NTNUcuration_CollecTRI2;ReMap_DoRothEA;RegNetwork_DoRothEA;TRED_DoRothEA;TRRUST;TRRUST_CollecTRI;TRRUST_CollecTRI2;TRRUST_DoRothEA				existing_public_pair_union	existing_public_pair_union	new_candidate		3	false	vertebrates	existing_or_canonical	Cross-species inventory collapse only; retain species-specific evidence records separately.; Vertebrate JASPAR/profile scope is not treated as human/mouse evidence.
tp65	TP65	human	TRRUST	TRRUST				existing_public_pair_union				1	false		existing_or_canonical	
tp73	TP73;Tp73	human;mouse;vertebrates	AnimalTFDB3;JASPAR_CORE;Lambert_HumanTFs;OmniPath_DoRothEA;TFLink;TRRUST	ARACNe-GTEx_DoRothEA;CollecTRI;CollecTRI2;DoRothEA;DoRothEA-A_CollecTRI;DoRothEA-A_CollecTRI2;ExTRI2_CollecTRI2;ExTRI_CollecTRI;GEREDB_CollecTRI;GEREDB_CollecTRI2;GOA_CollecTRI;GOA_CollecTRI2;HOCOMOCO_DoRothEA;HTRI_CollecTRI;HTRIdb;HTRIdb_CollecTRI2;HTRIdb_DoRothEA;JASPAR_DoRothEA;KEGG-MEDICUS;NTNU.Curated_CollecTRI;NTNUcuration_CollecTRI2;ReMap_DoRothEA;RegNetwork_DoRothEA;SIGNOR_CollecTRI;SIGNOR_CollecTRI2;TFactS_CollecTRI;TFactS_DoRothEA;TRED_DoRothEA;TRRUST;TRRUST_CollecTRI;TRRUST_CollecTRI2;TRRUST_DoRothEA;TfactS_CollecTRI2				existing_public_pair_union	existing_public_pair_union	new_candidate		3	false	vertebrates	existing_or_canonical	Cross-species inventory collapse only; retain species-specific evidence records separately.; Vertebrate JASPAR/profile scope is not treated as human/mouse evidence.
tprx1	TPRX1	human;vertebrates	AnimalTFDB3;JASPAR_CORE;Lambert_HumanTFs					new_candidate		new_candidate		2	false	human;vertebrates	new_candidate	Cross-species inventory collapse only; retain species-specific evidence records separately.; Vertebrate JASPAR/profile scope is not treated as human/mouse evidence.
traf6	TRAF6	human	TFLink;TRRUST	TRRUST				existing_public_pair_union				1	false		existing_or_canonical	
trafd1	TRAFD1	human	Lambert_HumanTFs					new_candidate				1	false	human	new_candidate	
trerf1	TRERF1;Trerf1	human;mouse	AnimalTFDB3;Lambert_HumanTFs;TFLink;TRRUST	TRRUST				existing_public_pair_union	new_candidate			2	false	mouse	existing_or_canonical	Cross-species inventory collapse only; retain species-specific evidence records separately.
trib3	TRIB3	human	TFLink;TRRUST	TRRUST				existing_public_pair_union				1	false		existing_or_canonical	
trim13	Trim13	mouse	TFLink;TRRUST	TRRUST					existing_public_pair_union			1	false		existing_or_canonical	
trim16	TRIM16	human	TFLink;TRRUST	TRRUST				existing_public_pair_union				1	false		existing_or_canonical	
trim22	TRIM22	human	TFLink;TRRUST	TRRUST				existing_public_pair_union				1	false		existing_or_canonical	
trim24	TRIM24;Trim24	human;mouse	TFLink;TRRUST	TRRUST				new_candidate	existing_public_pair_union			2	false	human	existing_or_canonical	Cross-species inventory collapse only; retain species-specific evidence records separately.
trim25	TRIM25	human	TFLink;TRRUST	TRRUST				existing_public_pair_union				1	false		existing_or_canonical	
trim28	TRIM28;Trim28	human;mouse	TFLink;TRRUST	TRRUST				existing_public_pair_union	existing_public_pair_union			2	false		existing_or_canonical	Cross-species inventory collapse only; retain species-specific evidence records separately.
trim32	Trim32	mouse	TFLink;TRRUST	TRRUST					existing_public_pair_union			1	false		existing_or_canonical	
trim33	Trim33	mouse	TFLink						new_candidate			1	false	mouse	new_candidate	
trip13	TRIP13	human	TFLink					new_candidate				1	false	human	new_candidate	
trip6	TRIP6	human	TFLink;TRRUST	TRRUST				existing_public_pair_union				1	false		existing_or_canonical	
trp53	Trp53	mouse	AnimalTFDB3;TRRUST	TRRUST					existing_public_pair_union			1	false		existing_or_canonical	
trp53bp1	Trp53bp1	mouse	TRRUST	TRRUST					existing_public_pair_union			1	false		existing_or_canonical	
trp63	Trp63	mouse	AnimalTFDB3;TRRUST	TRRUST					existing_public_pair_union			1	false		existing_or_canonical	
trp73	Trp73	mouse	AnimalTFDB3;TRRUST	TRRUST					existing_public_pair_union			1	false		existing_or_canonical	
trps1	TRPS1;Trps1	human;mouse;vertebrates	AnimalTFDB3;JASPAR_CORE;Lambert_HumanTFs;OmniPath_DoRothEA;TFLink;TRRUST	ARACNe-GTEx_DoRothEA;CollecTRI;CollecTRI2;DoRothEA;DoRothEA-A_CollecTRI2;ExTRI2_CollecTRI2;ExTRI_CollecTRI;FANTOM4_DoRothEA;NTNU.Curated_CollecTRI;NTNUcuration_CollecTRI2;TRRUST;TRRUST_CollecTRI;TRRUST_CollecTRI2;TRRUST_DoRothEA				existing_public_pair_union	existing_public_pair_union	new_candidate		3	false	vertebrates	existing_or_canonical	Cross-species inventory collapse only; retain species-specific evidence records separately.; Vertebrate JASPAR/profile scope is not treated as human/mouse evidence.
trrap	TRRAP;Trrap	human;mouse	TFLink;TRRUST	TRRUST				existing_public_pair_union	existing_public_pair_union			2	false		existing_or_canonical	Cross-species inventory collapse only; retain species-specific evidence records separately.
tsc22d1	TSC22D1;Tsc22d1	human;mouse	AnimalTFDB3;Lambert_HumanTFs;TFLink;TRRUST	TRRUST				existing_public_pair_union	new_candidate			2	false	mouse	existing_or_canonical	Cross-species inventory collapse only; retain species-specific evidence records separately.
tsc22d2	TSC22D2;Tsc22d2	human;mouse	AnimalTFDB3					new_candidate	new_candidate			2	false	human;mouse	new_candidate	Cross-species inventory collapse only; retain species-specific evidence records separately.
tsc22d3	TSC22D3;Tsc22d3	human;mouse	AnimalTFDB3;TFLink;TRRUST	TRRUST				existing_public_pair_union	new_candidate			2	false	mouse	existing_or_canonical	Cross-species inventory collapse only; retain species-specific evidence records separately.
tsc22d4	TSC22D4;Tsc22d4	human;mouse	AnimalTFDB3;TFLink					new_candidate	new_candidate			2	false	human;mouse	new_candidate	Cross-species inventory collapse only; retain species-specific evidence records separately.
tsg101	TSG101;Tsg101	human;mouse	TFLink;TRRUST	TRRUST				existing_public_pair_union	existing_public_pair_union			2	false		existing_or_canonical	Cross-species inventory collapse only; retain species-specific evidence records separately.
tshz1	TSHZ1;Tshz1	human;mouse	AnimalTFDB3;Lambert_HumanTFs;TFLink					new_candidate	new_candidate			2	false	human;mouse	new_candidate	Cross-species inventory collapse only; retain species-specific evidence records separately.
tshz2	TSHZ2;Tshz2	human;mouse	AnimalTFDB3;Lambert_HumanTFs					new_candidate	new_candidate			2	false	human;mouse	new_candidate	Cross-species inventory collapse only; retain species-specific evidence records separately.
tshz3	TSHZ3;Tshz3	human;mouse	AnimalTFDB3;Lambert_HumanTFs;TFLink;TRRUST	TRRUST				new_candidate	existing_public_pair_union			2	false	human	existing_or_canonical	Cross-species inventory collapse only; retain species-specific evidence records separately.
ttf1	TTF1;Ttf1	human;mouse	AnimalTFDB3;Lambert_HumanTFs;TFLink;TRRUST	TRRUST				new_candidate	existing_public_pair_union			2	false	human	existing_or_canonical	Cross-species inventory collapse only; retain species-specific evidence records separately.
ttf2	TTF2;Ttf2	human;mouse	TFLink;TRRUST	TRRUST				existing_public_pair_union	existing_public_pair_union			2	false		existing_or_canonical	Cross-species inventory collapse only; retain species-specific evidence records separately.
tub	TUB;Tub	human;mouse	AnimalTFDB3					new_candidate	new_candidate			2	false	human;mouse	new_candidate	Cross-species inventory collapse only; retain species-specific evidence records separately.
tubg1	TUBG1	human	TFLink					new_candidate				1	false	human	new_candidate	
tulp1	TULP1;Tulp1	human;mouse	AnimalTFDB3					new_candidate	new_candidate			2	false	human;mouse	new_candidate	Cross-species inventory collapse only; retain species-specific evidence records separately.
tulp2	TULP2;Tulp2	human;mouse	AnimalTFDB3					new_candidate	new_candidate			2	false	human;mouse	new_candidate	Cross-species inventory collapse only; retain species-specific evidence records separately.
tulp3	TULP3;Tulp3	human;mouse	AnimalTFDB3					new_candidate	new_candidate			2	false	human;mouse	new_candidate	Cross-species inventory collapse only; retain species-specific evidence records separately.
tulp4	TULP4;Tulp4	human;mouse	AnimalTFDB3					new_candidate	new_candidate			2	false	human;mouse	new_candidate	Cross-species inventory collapse only; retain species-specific evidence records separately.
twist1	TWIST1;Twist1	human;mouse;vertebrates	AnimalTFDB3;JASPAR_CORE;Lambert_HumanTFs;OmniPath_DoRothEA;TFLink;TRRUST	ARACNe-GTEx_DoRothEA;CollecTRI;CollecTRI2;DoRothEA;DoRothEA-A_CollecTRI;DoRothEA-A_CollecTRI2;ExTRI2_CollecTRI2;ExTRI_CollecTRI;GEREDB_CollecTRI;GEREDB_CollecTRI2;GOA_CollecTRI2;HOCOMOCO_DoRothEA;IntAct_DoRothEA;JASPAR_DoRothEA;NTNU.Curated_CollecTRI;NTNUcuration_CollecTRI2;PAZAR;ReMap_DoRothEA;SIGNOR_CollecTRI;SIGNOR_CollecTRI2;TFe_DoRothEA;TRRUST;TRRUST_CollecTRI;TRRUST_CollecTRI2;TRRUST_DoRothEA	canonical_tf_edge;canonical_tf_role;module_22B_regulon	canonical_tf_edge;canonical_tf_role;module_22B_regulon	canonical_tf_edge;canonical_tf_role;module_22B_regulon	existing_public_pair_union	existing_public_pair_union	canonical_name_or_species_scope_match	16901	3	true		existing_or_canonical	Cross-species inventory collapse only; retain species-specific evidence records separately.; Vertebrate JASPAR/profile scope is not treated as human/mouse evidence.
twist2	TWIST2;Twist2	human;mouse;vertebrates	AnimalTFDB3;JASPAR_CORE;Lambert_HumanTFs;OmniPath_DoRothEA;TFLink;TRRUST	ARACNe-GTEx_DoRothEA;CollecTRI;CollecTRI2;DoRothEA;DoRothEA-A_CollecTRI2;ExTRI2_CollecTRI2;JASPAR_DoRothEA;SIGNOR_CollecTRI;SIGNOR_CollecTRI2;TRRUST;TRRUST_CollecTRI;TRRUST_CollecTRI2;TRRUST_DoRothEA				existing_public_pair_union	existing_public_pair_union	new_candidate		3	false	vertebrates	existing_or_canonical	Cross-species inventory collapse only; retain species-specific evidence records separately.; Vertebrate JASPAR/profile scope is not treated as human/mouse evidence.
u2af1	U2AF1	human	TFLink					new_candidate				1	false	human	new_candidate	
u2af2	U2AF2	human	TFLink					new_candidate				1	false	human	new_candidate	
ube2i	UBE2I	human	TFLink					new_candidate				1	false	human	new_candidate	
ube2k	Ube2k	mouse	TFLink;TRRUST	TRRUST					existing_public_pair_union			1	false		existing_or_canonical	
ubn1	UBN1;Ubn1	human;mouse	TFLink					new_candidate	new_candidate			2	false	human;mouse	new_candidate	Cross-species inventory collapse only; retain species-specific evidence records separately.
ubn2	Ubn2	mouse	TFLink						new_candidate			1	false	mouse	new_candidate	
ubp1	UBP1;Ubp1	human;mouse	AnimalTFDB3;Lambert_HumanTFs;TFLink;TRRUST	TRRUST				existing_public_pair_union	new_candidate			2	false	mouse	existing_or_canonical	Cross-species inventory collapse only; retain species-specific evidence records separately.
ubtf	UBTF;Ubtf	human;mouse	AnimalTFDB3;TFLink;TRRUST	TRRUST				existing_public_pair_union	new_candidate			2	false	mouse	existing_or_canonical	Cross-species inventory collapse only; retain species-specific evidence records separately.
ubtfl1	UBTFL1;Ubtfl1	human;mouse	AnimalTFDB3					new_candidate	new_candidate			2	false	human;mouse	new_candidate	Cross-species inventory collapse only; retain species-specific evidence records separately.
uhrf1	UHRF1	human	TFLink;TRRUST	TRRUST				existing_public_pair_union				1	false		existing_or_canonical	
uncx	UNCX;Uncx	human;mouse;vertebrates	AnimalTFDB3;JASPAR_CORE;Lambert_HumanTFs					new_candidate	new_candidate	new_candidate		3	false	human;mouse;vertebrates	new_candidate	Cross-species inventory collapse only; retain species-specific evidence records separately.; Vertebrate JASPAR/profile scope is not treated as human/mouse evidence.
upf1	UPF1	human	TFLink;TRRUST	TRRUST				existing_public_pair_union				1	false		existing_or_canonical	
upf2	UPF2	human	TFLink;TRRUST	TRRUST				existing_public_pair_union				1	false		existing_or_canonical	
uri1	URI1	human	TFLink;TRRUST	TRRUST				existing_public_pair_union				1	false		existing_or_canonical	
usf1	USF1;Usf1	human;mouse;vertebrates	AnimalTFDB3;JASPAR_CORE;Lambert_HumanTFs;OmniPath_DoRothEA;TFLink;TRRUST	ARACNe-GTEx_DoRothEA;CollecTRI;CollecTRI2;CytReg_CollecTRI;CytReg_CollecTRI2;DoRothEA;DoRothEA-A_CollecTRI;DoRothEA-A_CollecTRI2;ENCODE-distal;ENCODE-proximal;ExTRI2_CollecTRI2;ExTRI_CollecTRI;FANTOM4_DoRothEA;GEREDB_CollecTRI;GEREDB_CollecTRI2;HOCOMOCO_DoRothEA;HTRI_CollecTRI;HTRIdb;HTRIdb_CollecTRI2;HTRIdb_DoRothEA;IntAct_DoRothEA;JASPAR_DoRothEA;NTNU.Curated_CollecTRI;NTNUcuration_CollecTRI2;ORegAnno;ORegAnno_DoRothEA;PAZAR;PAZAR_DoRothEA;ReMap_DoRothEA;RegNetwork_DoRothEA;SIGNOR_CollecTRI;SIGNOR_CollecTRI2;TFactS_CollecTRI;TFactS_DoRothEA;TRED_DoRothEA;TRRUST;TRRUST_CollecTRI;TRRUST_CollecTRI2;TRRUST_DoRothEA;TfactS_CollecTRI2	canonical_tf_edge;canonical_tf_role;module_22B_regulon	canonical_tf_edge;canonical_tf_role;module_22B_regulon	canonical_tf_edge;canonical_tf_role;module_22B_regulon	existing_public_pair_union	existing_public_pair_union	canonical_name_or_species_scope_match	16902	3	true		existing_or_canonical	Cross-species inventory collapse only; retain species-specific evidence records separately.; Vertebrate JASPAR/profile scope is not treated as human/mouse evidence.
usf2	USF2;Usf2	human;mouse;vertebrates	AnimalTFDB3;JASPAR_CORE;Lambert_HumanTFs;OmniPath_DoRothEA;TFLink;TRRUST	ARACNe-GTEx_DoRothEA;CollecTRI;CollecTRI2;CytReg_CollecTRI;CytReg_CollecTRI2;DoRothEA;DoRothEA-A_CollecTRI;DoRothEA-A_CollecTRI2;ENCODE-distal;ENCODE-proximal;ExTRI2_CollecTRI2;ExTRI_CollecTRI;FANTOM4_DoRothEA;GEREDB_CollecTRI;GEREDB_CollecTRI2;HOCOMOCO_DoRothEA;HTRI_CollecTRI;HTRIdb;HTRIdb_CollecTRI2;HTRIdb_DoRothEA;JASPAR_DoRothEA;NTNU.Curated_CollecTRI;NTNUcuration_CollecTRI2;ReMap_DoRothEA;RegNetwork_DoRothEA;SIGNOR_CollecTRI;SIGNOR_CollecTRI2;TRED_DoRothEA;TRRUST;TRRUST_CollecTRI;TRRUST_CollecTRI2;TRRUST_DoRothEA;TfactS_CollecTRI2				existing_public_pair_union	existing_public_pair_union	new_candidate		3	false	vertebrates	existing_or_canonical	Cross-species inventory collapse only; retain species-specific evidence records separately.; Vertebrate JASPAR/profile scope is not treated as human/mouse evidence.
usf3	USF3;Usf3	human;mouse;vertebrates	AnimalTFDB3;JASPAR_CORE;Lambert_HumanTFs					new_candidate	new_candidate	new_candidate		3	false	human;mouse;vertebrates	new_candidate	Cross-species inventory collapse only; retain species-specific evidence records separately.; Vertebrate JASPAR/profile scope is not treated as human/mouse evidence.
usp16	Usp16	mouse	TFLink						new_candidate			1	false	mouse	new_candidate	
usp7	USP7;Usp7	human;mouse	TFLink					new_candidate	new_candidate			2	false	human;mouse	new_candidate	Cross-species inventory collapse only; retain species-specific evidence records separately.
utf1	UTF1;Utf1	human;mouse	TFLink;TRRUST	TRRUST				existing_public_pair_union	existing_public_pair_union			2	false		existing_or_canonical	Cross-species inventory collapse only; retain species-specific evidence records separately.
utp3	Utp3	mouse	TFLink						new_candidate			1	false	mouse	new_candidate	
utp6	Utp6	mouse	TFLink						new_candidate			1	false	mouse	new_candidate	
vax1	VAX1;Vax1	human;mouse;vertebrates	AnimalTFDB3;JASPAR_CORE;Lambert_HumanTFs					new_candidate	new_candidate	new_candidate		3	false	human;mouse;vertebrates	new_candidate	Cross-species inventory collapse only; retain species-specific evidence records separately.; Vertebrate JASPAR/profile scope is not treated as human/mouse evidence.
vax2	VAX2;Vax2	human;mouse;vertebrates	AnimalTFDB3;JASPAR_CORE;Lambert_HumanTFs;TFLink;TRRUST	TRRUST				new_candidate	existing_public_pair_union	new_candidate		3	false	human;vertebrates	existing_or_canonical	Cross-species inventory collapse only; retain species-specific evidence records separately.; Vertebrate JASPAR/profile scope is not treated as human/mouse evidence.
vdr	VDR;Vdr	human;mouse;vertebrates	AnimalTFDB3;JASPAR_CORE;Lambert_HumanTFs;OmniPath_DoRothEA;TFLink;TRRUST	ARACNe-GTEx_DoRothEA;CollecTRI;CollecTRI2;CytReg_CollecTRI;CytReg_CollecTRI2;DoRothEA;DoRothEA-A_CollecTRI;DoRothEA-A_CollecTRI2;ExTRI2_CollecTRI2;ExTRI_CollecTRI;GEREDB_CollecTRI;GEREDB_CollecTRI2;GOA_CollecTRI2;HOCOMOCO_DoRothEA;HTRI_CollecTRI;HTRIdb;HTRIdb_CollecTRI2;HTRIdb_DoRothEA;IntAct_CollecTRI;IntAct_CollecTRI2;IntAct_DoRothEA;JASPAR_DoRothEA;NTNU.Curated_CollecTRI;NTNUcuration_CollecTRI2;ORegAnno;ORegAnno_DoRothEA;PAZAR_DoRothEA;ReMap_DoRothEA;SIGNOR_CollecTRI;SIGNOR_CollecTRI2;TFactS_CollecTRI;TFactS_DoRothEA;TRRUST;TRRUST_CollecTRI;TRRUST_CollecTRI2;TRRUST_DoRothEA;TfactS_CollecTRI2	canonical_tf_edge;canonical_tf_role;module_22B_regulon	canonical_tf_edge;canonical_tf_role;module_22B_regulon	canonical_tf_edge;canonical_tf_role;module_22B_regulon	existing_public_pair_union	existing_public_pair_union	canonical_name_or_species_scope_match	13602	3	true		existing_or_canonical	Cross-species inventory collapse only; retain species-specific evidence records separately.; Vertebrate JASPAR/profile scope is not treated as human/mouse evidence.
ventx	VENTX	human;vertebrates	AnimalTFDB3;JASPAR_CORE;Lambert_HumanTFs					new_candidate		new_candidate		2	false	human;vertebrates	new_candidate	Cross-species inventory collapse only; retain species-specific evidence records separately.; Vertebrate JASPAR/profile scope is not treated as human/mouse evidence.
vezf1	VEZF1;Vezf1	human;mouse;vertebrates	AnimalTFDB3;JASPAR_CORE;Lambert_HumanTFs;TFLink;TRRUST	TRRUST				existing_public_pair_union	existing_public_pair_union	new_candidate		3	false	vertebrates	existing_or_canonical	Cross-species inventory collapse only; retain species-specific evidence records separately.; Vertebrate JASPAR/profile scope is not treated as human/mouse evidence.
vhl	VHL;Vhl	human;mouse	TFLink;TRRUST	TRRUST	canonical_tf_edge;canonical_tf_role;module_22B_regulon	canonical_tf_edge;canonical_tf_role;module_22B_regulon		existing_public_pair_union	existing_public_pair_union		16903	2	true		existing_or_canonical	Cross-species inventory collapse only; retain species-specific evidence records separately.
vsx1	VSX1;Vsx1	human;mouse;vertebrates	AnimalTFDB3;JASPAR_CORE;Lambert_HumanTFs					new_candidate	new_candidate	new_candidate		3	false	human;mouse;vertebrates	new_candidate	Cross-species inventory collapse only; retain species-specific evidence records separately.; Vertebrate JASPAR/profile scope is not treated as human/mouse evidence.
vsx2	VSX2;Vsx2	human;mouse;vertebrates	AnimalTFDB3;JASPAR_CORE;Lambert_HumanTFs;TFLink;TRRUST	TRRUST				new_candidate	existing_public_pair_union	new_candidate		3	false	human;vertebrates	existing_or_canonical	Cross-species inventory collapse only; retain species-specific evidence records separately.; Vertebrate JASPAR/profile scope is not treated as human/mouse evidence.
was	Was	mouse	TFLink						new_candidate			1	false	mouse	new_candidate	
wdhd1	WDHD1;Wdhd1	human;mouse	AnimalTFDB3;TFLink					new_candidate	new_candidate			2	false	human;mouse	new_candidate	Cross-species inventory collapse only; retain species-specific evidence records separately.
wdr43	Wdr43	mouse	TFLink						new_candidate			1	false	mouse	new_candidate	
wdr5	WDR5;Wdr5	human;mouse	TFLink;TRRUST	TRRUST				existing_public_pair_union	new_candidate			2	false	mouse	existing_or_canonical	Cross-species inventory collapse only; retain species-specific evidence records separately.
whsc1	WHSC1	human	TRRUST	TRRUST				existing_public_pair_union				1	false		existing_or_canonical	
whsc1l1	Whsc1l1	mouse	TRRUST	TRRUST					existing_public_pair_union			1	false		existing_or_canonical	
wiz	WIZ;Wiz	human;mouse	AnimalTFDB3;Lambert_HumanTFs;TFLink					new_candidate	new_candidate			2	false	human;mouse	new_candidate	Cross-species inventory collapse only; retain species-specific evidence records separately.
wnt1	Wnt1	mouse	TFLink;TRRUST	TRRUST					existing_public_pair_union			1	false		existing_or_canonical	
wnt5a	Wnt5a	mouse	TFLink;TRRUST	TRRUST					existing_public_pair_union			1	false		existing_or_canonical	
wrn	WRN	human	TFLink					new_candidate				1	false	human	new_candidate	
wrnip1	WRNIP1	human	TFLink					new_candidate				1	false	human	new_candidate	
wt1	WT1;Wt1	human;mouse;vertebrates	AnimalTFDB3;JASPAR_CORE;Lambert_HumanTFs;OmniPath_DoRothEA;TFLink;TRRUST	ARACNe-GTEx_DoRothEA;CollecTRI;CollecTRI2;DoRothEA;DoRothEA-A_CollecTRI;DoRothEA-A_CollecTRI2;ExTRI2_CollecTRI2;ExTRI_CollecTRI;FANTOM4_DoRothEA;GEREDB_CollecTRI;GEREDB_CollecTRI2;HOCOMOCO_DoRothEA;HTRI_CollecTRI;HTRIdb;HTRIdb_CollecTRI2;HTRIdb_DoRothEA;NTNU.Curated_CollecTRI;NTNUcuration_CollecTRI2;RegNetwork_DoRothEA;SIGNOR;SIGNOR_CollecTRI;SIGNOR_CollecTRI2;TFactS_CollecTRI;TRED_DoRothEA;TRRUST;TRRUST_CollecTRI;TRRUST_CollecTRI2;TRRUST_DoRothEA;TfactS_CollecTRI2				existing_public_pair_union	existing_public_pair_union	new_candidate		3	false	vertebrates	existing_or_canonical	Cross-species inventory collapse only; retain species-specific evidence records separately.; Vertebrate JASPAR/profile scope is not treated as human/mouse evidence.
wwp1	WWP1;Wwp1	human;mouse	TFLink;TRRUST	TRRUST				existing_public_pair_union	existing_public_pair_union			2	false		existing_or_canonical	Cross-species inventory collapse only; retain species-specific evidence records separately.
wwtr1	WWTR1;Wwtr1	human;mouse	TFLink;TRRUST	TRRUST				existing_public_pair_union	existing_public_pair_union			2	false		existing_or_canonical	Cross-species inventory collapse only; retain species-specific evidence records separately.
xbp1	XBP1;Xbp1	human;mouse;vertebrates	AnimalTFDB3;JASPAR_CORE;Lambert_HumanTFs;TFLink;TRRUST	TRRUST				existing_public_pair_union	existing_public_pair_union	new_candidate		3	false	vertebrates	existing_or_canonical	Cross-species inventory collapse only; retain species-specific evidence records separately.; Vertebrate JASPAR/profile scope is not treated as human/mouse evidence.
xpa	XPA;Xpa	human;mouse	AnimalTFDB3;Lambert_HumanTFs					new_candidate	new_candidate			2	false	human;mouse	new_candidate	Cross-species inventory collapse only; retain species-specific evidence records separately.
xpc	XPC;Xpc	human;mouse	TFLink;TRRUST	TRRUST				existing_public_pair_union	existing_public_pair_union			2	false		existing_or_canonical	Cross-species inventory collapse only; retain species-specific evidence records separately.
xrcc3	XRCC3	human	TFLink					new_candidate				1	false	human	new_candidate	
xrcc4	XRCC4	human	TFLink					new_candidate				1	false	human	new_candidate	
xrcc5	XRCC5;Xrcc5	human;mouse	TFLink;TRRUST	TRRUST				existing_public_pair_union	existing_public_pair_union			2	false		existing_or_canonical	Cross-species inventory collapse only; retain species-specific evidence records separately.
xrcc6	XRCC6;Xrcc6	human;mouse	TFLink;TRRUST	TRRUST				existing_public_pair_union	existing_public_pair_union			2	false		existing_or_canonical	Cross-species inventory collapse only; retain species-specific evidence records separately.
xrn2	XRN2	human	TFLink					new_candidate				1	false	human	new_candidate	
yap1	YAP1;Yap1	human;mouse	TFLink					new_candidate	new_candidate			2	false	human;mouse	new_candidate	Cross-species inventory collapse only; retain species-specific evidence records separately.
ybx1	YBX1;Ybx1	human;mouse	AnimalTFDB3;Lambert_HumanTFs;OmniPath_DoRothEA;TFLink;TRRUST	ARACNe-GTEx_DoRothEA;CollecTRI;CollecTRI2;DoRothEA;DoRothEA-A_CollecTRI;DoRothEA-A_CollecTRI2;ExTRI2_CollecTRI2;ExTRI_CollecTRI;HTRI_CollecTRI;HTRIdb;HTRIdb_CollecTRI2;HTRIdb_DoRothEA;SIGNOR_CollecTRI;SIGNOR_CollecTRI2;TRRUST;TRRUST_CollecTRI;TRRUST_CollecTRI2;TRRUST_DoRothEA				existing_public_pair_union	existing_public_pair_union			2	false		existing_or_canonical	Cross-species inventory collapse only; retain species-specific evidence records separately.
ybx2	YBX2;Ybx2	human;mouse	AnimalTFDB3;Lambert_HumanTFs					new_candidate	new_candidate			2	false	human;mouse	new_candidate	Cross-species inventory collapse only; retain species-specific evidence records separately.
ybx3	YBX3;Ybx3	human;mouse	AnimalTFDB3;Lambert_HumanTFs;TFLink					new_candidate	new_candidate			2	false	human;mouse	new_candidate	Cross-species inventory collapse only; retain species-specific evidence records separately.
yeats4	YEATS4;Yeats4	human;mouse	AnimalTFDB3;TFLink;TRRUST	TRRUST				existing_public_pair_union	new_candidate			2	false	mouse	existing_or_canonical	Cross-species inventory collapse only; retain species-specific evidence records separately.
yy1	YY1;Yy1	human;mouse;vertebrates	AnimalTFDB3;JASPAR_CORE;Lambert_HumanTFs;OmniPath_DoRothEA;TFLink;TRRUST	ARACNe-GTEx_DoRothEA;CollecTRI;CollecTRI2;CytReg_CollecTRI;CytReg_CollecTRI2;DoRothEA;DoRothEA-A_CollecTRI;DoRothEA-A_CollecTRI2;ENCODE-distal;ENCODE-proximal;ExTRI2_CollecTRI2;ExTRI_CollecTRI;FANTOM4_DoRothEA;GEREDB_CollecTRI;GEREDB_CollecTRI2;HOCOMOCO_DoRothEA;HTRI_CollecTRI;HTRIdb;HTRIdb_CollecTRI2;HTRIdb_DoRothEA;JASPAR_DoRothEA;NFIRegulomeDB_DoRothEA;NTNU.Curated_CollecTRI;NTNUcuration_CollecTRI2;ORegAnno;ORegAnno_DoRothEA;PAZAR;PAZAR_DoRothEA;Pavlidis2021_CollecTRI;Pavlidis_CollecTRI2;ReMap_DoRothEA;SIGNOR;SIGNOR_CollecTRI;SIGNOR_CollecTRI2;TFactS_CollecTRI;TFactS_DoRothEA;TRRUST;TRRUST_CollecTRI;TRRUST_CollecTRI2;TRRUST_DoRothEA;TfactS_CollecTRI2	canonical_tf_edge;canonical_tf_role;module_22B_regulon	canonical_tf_edge;canonical_tf_role;module_22B_regulon	canonical_tf_edge;canonical_tf_role;module_22B_regulon	existing_public_pair_union	existing_public_pair_union	canonical_name_or_species_scope_match	16904	3	true		existing_or_canonical	Cross-species inventory collapse only; retain species-specific evidence records separately.; Vertebrate JASPAR/profile scope is not treated as human/mouse evidence.
yy2	YY2;Yy2	human;mouse;vertebrates	AnimalTFDB3;JASPAR_CORE;Lambert_HumanTFs;TFLink					new_candidate	new_candidate	new_candidate		3	false	human;mouse;vertebrates	new_candidate	Cross-species inventory collapse only; retain species-specific evidence records separately.; Vertebrate JASPAR/profile scope is not treated as human/mouse evidence.
za	ZA	human	TFLink					new_candidate				1	false	human	new_candidate	
zbed1	ZBED1	human;vertebrates	AnimalTFDB3;JASPAR_CORE;Lambert_HumanTFs;TFLink					new_candidate		new_candidate		2	false	human;vertebrates	new_candidate	Cross-species inventory collapse only; retain species-specific evidence records separately.; Vertebrate JASPAR/profile scope is not treated as human/mouse evidence.
zbed2	ZBED2	human;vertebrates	AnimalTFDB3;JASPAR_CORE;Lambert_HumanTFs					new_candidate		new_candidate		2	false	human;vertebrates	new_candidate	Cross-species inventory collapse only; retain species-specific evidence records separately.; Vertebrate JASPAR/profile scope is not treated as human/mouse evidence.
zbed3	ZBED3	human	AnimalTFDB3;Lambert_HumanTFs					new_candidate				1	false	human	new_candidate	
zbed4	ZBED4;Zbed4	human;mouse;vertebrates	AnimalTFDB3;JASPAR_CORE;Lambert_HumanTFs;TFLink					new_candidate	new_candidate	new_candidate		3	false	human;mouse;vertebrates	new_candidate	Cross-species inventory collapse only; retain species-specific evidence records separately.; Vertebrate JASPAR/profile scope is not treated as human/mouse evidence.
zbed5	ZBED5	human;vertebrates	AnimalTFDB3;JASPAR_CORE;Lambert_HumanTFs;TFLink					new_candidate		new_candidate		2	false	human;vertebrates	new_candidate	Cross-species inventory collapse only; retain species-specific evidence records separately.; Vertebrate JASPAR/profile scope is not treated as human/mouse evidence.
zbed6	ZBED6;Zbed6	human;mouse	AnimalTFDB3;Lambert_HumanTFs					new_candidate	new_candidate			2	false	human;mouse	new_candidate	Cross-species inventory collapse only; retain species-specific evidence records separately.
zbed9	ZBED9	human	Lambert_HumanTFs					new_candidate				1	false	human	new_candidate	
zbtb1	ZBTB1;Zbtb1	human;mouse	AnimalTFDB3;Lambert_HumanTFs;TFLink					new_candidate	new_candidate			2	false	human;mouse	new_candidate	Cross-species inventory collapse only; retain species-specific evidence records separately.
zbtb10	ZBTB10;Zbtb10	human;mouse	AnimalTFDB3;Lambert_HumanTFs;TFLink					new_candidate	new_candidate			2	false	human;mouse	new_candidate	Cross-species inventory collapse only; retain species-specific evidence records separately.
zbtb11	ZBTB11;Zbtb11	human;mouse;vertebrates	AnimalTFDB3;JASPAR_CORE;Lambert_HumanTFs;TFLink					new_candidate	new_candidate	new_candidate		3	false	human;mouse;vertebrates	new_candidate	Cross-species inventory collapse only; retain species-specific evidence records separately.; Vertebrate JASPAR/profile scope is not treated as human/mouse evidence.
zbtb12	ZBTB12;Zbtb12	human;mouse;vertebrates	AnimalTFDB3;JASPAR_CORE;Lambert_HumanTFs;TFLink					new_candidate	new_candidate	new_candidate		3	false	human;mouse;vertebrates	new_candidate	Cross-species inventory collapse only; retain species-specific evidence records separately.; Vertebrate JASPAR/profile scope is not treated as human/mouse evidence.
zbtb14	ZBTB14;Zbtb14	human;mouse;vertebrates	AnimalTFDB3;JASPAR_CORE;Lambert_HumanTFs;TFLink;TRRUST	TRRUST				existing_public_pair_union	new_candidate	new_candidate		3	false	mouse;vertebrates	existing_or_canonical	Cross-species inventory collapse only; retain species-specific evidence records separately.; Vertebrate JASPAR/profile scope is not treated as human/mouse evidence.
zbtb16	ZBTB16;Zbtb16	human;mouse	AnimalTFDB3;Lambert_HumanTFs;OmniPath_DoRothEA;TFLink;TRRUST	CollecTRI;CollecTRI2;DoRothEA;DoRothEA-A_CollecTRI;DoRothEA-A_CollecTRI2;ExTRI2_CollecTRI2;ExTRI_CollecTRI;NTNUcuration_CollecTRI2;PAZAR;TRRUST;TRRUST_CollecTRI;TRRUST_CollecTRI2;TRRUST_DoRothEA;TfactS_CollecTRI2				existing_public_pair_union	existing_public_pair_union			2	false		existing_or_canonical	Cross-species inventory collapse only; retain species-specific evidence records separately.
zbtb17	ZBTB17;Zbtb17	human;mouse;vertebrates	AnimalTFDB3;JASPAR_CORE;Lambert_HumanTFs;OmniPath_DoRothEA;TFLink;TRRUST	CollecTRI;CollecTRI2;DoRothEA;DoRothEA-A_CollecTRI2;ExTRI2_CollecTRI2;ExTRI_CollecTRI;KEGG-MEDICUS;NTNUcuration_CollecTRI2;TRRUST;TRRUST_CollecTRI;TRRUST_CollecTRI2;TRRUST_DoRothEA				existing_public_pair_union	existing_public_pair_union	new_candidate		3	false	vertebrates	existing_or_canonical	Cross-species inventory collapse only; retain species-specific evidence records separately.; Vertebrate JASPAR/profile scope is not treated as human/mouse evidence.
zbtb18	ZBTB18;Zbtb18	human;mouse;vertebrates	AnimalTFDB3;JASPAR_CORE;Lambert_HumanTFs;TFLink					new_candidate	new_candidate	new_candidate		3	false	human;mouse;vertebrates	new_candidate	Cross-species inventory collapse only; retain species-specific evidence records separately.; Vertebrate JASPAR/profile scope is not treated as human/mouse evidence.
zbtb2	ZBTB2;Zbtb2	human;mouse;vertebrates	AnimalTFDB3;JASPAR_CORE;Lambert_HumanTFs;TFLink;TRRUST	TRRUST				existing_public_pair_union	existing_public_pair_union	new_candidate		3	false	vertebrates	existing_or_canonical	Cross-species inventory collapse only; retain species-specific evidence records separately.; Vertebrate JASPAR/profile scope is not treated as human/mouse evidence.
zbtb20	ZBTB20;Zbtb20	human;mouse	AnimalTFDB3;Lambert_HumanTFs;TFLink;TRRUST	TRRUST				new_candidate	existing_public_pair_union			2	false	human	existing_or_canonical	Cross-species inventory collapse only; retain species-specific evidence records separately.
zbtb21	ZBTB21;Zbtb21	human;mouse;vertebrates	AnimalTFDB3;JASPAR_CORE;Lambert_HumanTFs;TFLink					new_candidate	new_candidate	new_candidate		3	false	human;mouse;vertebrates	new_candidate	Cross-species inventory collapse only; retain species-specific evidence records separately.; Vertebrate JASPAR/profile scope is not treated as human/mouse evidence.
zbtb22	ZBTB22;Zbtb22	human;mouse	AnimalTFDB3;Lambert_HumanTFs					new_candidate	new_candidate			2	false	human;mouse	new_candidate	Cross-species inventory collapse only; retain species-specific evidence records separately.
zbtb24	ZBTB24;Zbtb24	human;mouse;vertebrates	AnimalTFDB3;JASPAR_CORE;Lambert_HumanTFs;TFLink					new_candidate	new_candidate	new_candidate		3	false	human;mouse;vertebrates	new_candidate	Cross-species inventory collapse only; retain species-specific evidence records separately.; Vertebrate JASPAR/profile scope is not treated as human/mouse evidence.
zbtb25	ZBTB25;Zbtb25	human;mouse	AnimalTFDB3;Lambert_HumanTFs;TFLink					new_candidate	new_candidate			2	false	human;mouse	new_candidate	Cross-species inventory collapse only; retain species-specific evidence records separately.
zbtb26	ZBTB26;Zbtb26	human;mouse;vertebrates	AnimalTFDB3;JASPAR_CORE;Lambert_HumanTFs;TFLink					new_candidate	new_candidate	new_candidate		3	false	human;mouse;vertebrates	new_candidate	Cross-species inventory collapse only; retain species-specific evidence records separately.; Vertebrate JASPAR/profile scope is not treated as human/mouse evidence.
zbtb3	ZBTB3;Zbtb3	human;mouse	AnimalTFDB3;Lambert_HumanTFs					new_candidate	new_candidate			2	false	human;mouse	new_candidate	Cross-species inventory collapse only; retain species-specific evidence records separately.
zbtb32	ZBTB32;Zbtb32	human;mouse;vertebrates	AnimalTFDB3;JASPAR_CORE;Lambert_HumanTFs;TFLink;TRRUST	TRRUST				new_candidate	existing_public_pair_union	new_candidate		3	false	human;vertebrates	existing_or_canonical	Cross-species inventory collapse only; retain species-specific evidence records separately.; Vertebrate JASPAR/profile scope is not treated as human/mouse evidence.
zbtb33	ZBTB33;Zbtb33	human;mouse;vertebrates	AnimalTFDB3;JASPAR_CORE;Lambert_HumanTFs;OmniPath_DoRothEA;TFLink;TRRUST	ARACNe-GTEx_DoRothEA;DoRothEA;ENCODE-proximal;HOCOMOCO_DoRothEA;JASPAR_DoRothEA;ReMap_DoRothEA;TRRUST				existing_public_pair_union	existing_public_pair_union	new_candidate		3	false	vertebrates	existing_or_canonical	Cross-species inventory collapse only; retain species-specific evidence records separately.; Vertebrate JASPAR/profile scope is not treated as human/mouse evidence.
zbtb34	ZBTB34;Zbtb34	human;mouse	AnimalTFDB3;Lambert_HumanTFs					new_candidate	new_candidate			2	false	human;mouse	new_candidate	Cross-species inventory collapse only; retain species-specific evidence records separately.
zbtb37	ZBTB37;Zbtb37	human;mouse	AnimalTFDB3;Lambert_HumanTFs					new_candidate	new_candidate			2	false	human;mouse	new_candidate	Cross-species inventory collapse only; retain species-specific evidence records separately.
zbtb38	ZBTB38;Zbtb38	human;mouse	AnimalTFDB3;Lambert_HumanTFs;TFLink;TRRUST	TRRUST				new_candidate	existing_public_pair_union			2	false	human	existing_or_canonical	Cross-species inventory collapse only; retain species-specific evidence records separately.
zbtb39	ZBTB39;Zbtb39	human;mouse	AnimalTFDB3;Lambert_HumanTFs					new_candidate	new_candidate			2	false	human;mouse	new_candidate	Cross-species inventory collapse only; retain species-specific evidence records separately.
zbtb4	ZBTB4;Zbtb4	human;mouse	AnimalTFDB3;Lambert_HumanTFs					new_candidate	new_candidate			2	false	human;mouse	new_candidate	Cross-species inventory collapse only; retain species-specific evidence records separately.
zbtb40	ZBTB40;Zbtb40	human;mouse;vertebrates	AnimalTFDB3;JASPAR_CORE;Lambert_HumanTFs;TFLink					new_candidate	new_candidate	new_candidate		3	false	human;mouse;vertebrates	new_candidate	Cross-species inventory collapse only; retain species-specific evidence records separately.; Vertebrate JASPAR/profile scope is not treated as human/mouse evidence.
zbtb41	ZBTB41;Zbtb41	human;mouse;vertebrates	AnimalTFDB3;JASPAR_CORE;Lambert_HumanTFs					new_candidate	new_candidate	new_candidate		3	false	human;mouse;vertebrates	new_candidate	Cross-species inventory collapse only; retain species-specific evidence records separately.; Vertebrate JASPAR/profile scope is not treated as human/mouse evidence.
zbtb42	ZBTB42;Zbtb42	human;mouse	AnimalTFDB3;Lambert_HumanTFs;TFLink					new_candidate	new_candidate			2	false	human;mouse	new_candidate	Cross-species inventory collapse only; retain species-specific evidence records separately.
zbtb43	ZBTB43;Zbtb43	human;mouse	AnimalTFDB3;Lambert_HumanTFs					new_candidate	new_candidate			2	false	human;mouse	new_candidate	Cross-species inventory collapse only; retain species-specific evidence records separately.
zbtb44	ZBTB44;Zbtb44	human;mouse	AnimalTFDB3;Lambert_HumanTFs;TFLink					new_candidate	new_candidate			2	false	human;mouse	new_candidate	Cross-species inventory collapse only; retain species-specific evidence records separately.
zbtb45	ZBTB45;Zbtb45	human;mouse	AnimalTFDB3;Lambert_HumanTFs					new_candidate	new_candidate			2	false	human;mouse	new_candidate	Cross-species inventory collapse only; retain species-specific evidence records separately.
zbtb46	ZBTB46;Zbtb46	human;mouse	AnimalTFDB3;Lambert_HumanTFs					new_candidate	new_candidate			2	false	human;mouse	new_candidate	Cross-species inventory collapse only; retain species-specific evidence records separately.
zbtb47	ZBTB47	human;vertebrates	AnimalTFDB3;JASPAR_CORE;Lambert_HumanTFs					new_candidate		new_candidate		2	false	human;vertebrates	new_candidate	Cross-species inventory collapse only; retain species-specific evidence records separately.; Vertebrate JASPAR/profile scope is not treated as human/mouse evidence.
zbtb48	ZBTB48;Zbtb48	human;mouse;vertebrates	AnimalTFDB3;JASPAR_CORE;Lambert_HumanTFs;TFLink					new_candidate	new_candidate	new_candidate		3	false	human;mouse;vertebrates	new_candidate	Cross-species inventory collapse only; retain species-specific evidence records separately.; Vertebrate JASPAR/profile scope is not treated as human/mouse evidence.
zbtb49	ZBTB49;Zbtb49	human;mouse	AnimalTFDB3;Lambert_HumanTFs;TFLink					new_candidate	new_candidate			2	false	human;mouse	new_candidate	Cross-species inventory collapse only; retain species-specific evidence records separately.
zbtb5	ZBTB5;Zbtb5	human;mouse;vertebrates	AnimalTFDB3;JASPAR_CORE;Lambert_HumanTFs;TFLink;TRRUST	TRRUST				existing_public_pair_union	new_candidate	new_candidate		3	false	mouse;vertebrates	existing_or_canonical	Cross-species inventory collapse only; retain species-specific evidence records separately.; Vertebrate JASPAR/profile scope is not treated as human/mouse evidence.
zbtb6	ZBTB6;Zbtb6	human;mouse;vertebrates	AnimalTFDB3;JASPAR_CORE;Lambert_HumanTFs;TFLink					new_candidate	new_candidate	new_candidate		3	false	human;mouse;vertebrates	new_candidate	Cross-species inventory collapse only; retain species-specific evidence records separately.; Vertebrate JASPAR/profile scope is not treated as human/mouse evidence.
zbtb7a	ZBTB7A;Zbtb7a	human;mouse;vertebrates	AnimalTFDB3;JASPAR_CORE;Lambert_HumanTFs;OmniPath_DoRothEA;TFLink;TRRUST	ARACNe-GTEx_DoRothEA;CollecTRI;CollecTRI2;DoRothEA;DoRothEA-A_CollecTRI2;ExTRI2_CollecTRI2;HOCOMOCO_DoRothEA;JASPAR_DoRothEA;ReMap_DoRothEA;TRRUST;TRRUST_CollecTRI;TRRUST_CollecTRI2;TRRUST_DoRothEA				existing_public_pair_union	existing_public_pair_union	new_candidate		3	false	vertebrates	existing_or_canonical	Cross-species inventory collapse only; retain species-specific evidence records separately.; Vertebrate JASPAR/profile scope is not treated as human/mouse evidence.
zbtb7b	ZBTB7B;Zbtb7b	human;mouse;vertebrates	AnimalTFDB3;JASPAR_CORE;Lambert_HumanTFs;TFLink					new_candidate	new_candidate	new_candidate		3	false	human;mouse;vertebrates	new_candidate	Cross-species inventory collapse only; retain species-specific evidence records separately.; Vertebrate JASPAR/profile scope is not treated as human/mouse evidence.
zbtb7c	ZBTB7C;Zbtb7c	human;mouse;vertebrates	AnimalTFDB3;JASPAR_CORE;Lambert_HumanTFs					new_candidate	new_candidate	new_candidate		3	false	human;mouse;vertebrates	new_candidate	Cross-species inventory collapse only; retain species-specific evidence records separately.; Vertebrate JASPAR/profile scope is not treated as human/mouse evidence.
zbtb8a	ZBTB8A;Zbtb8a	human;mouse;vertebrates	AnimalTFDB3;JASPAR_CORE;Lambert_HumanTFs;TFLink					new_candidate	new_candidate	new_candidate		3	false	human;mouse;vertebrates	new_candidate	Cross-species inventory collapse only; retain species-specific evidence records separately.; Vertebrate JASPAR/profile scope is not treated as human/mouse evidence.
zbtb8b	ZBTB8B;Zbtb8b	human;mouse;vertebrates	AnimalTFDB3;JASPAR_CORE;Lambert_HumanTFs					new_candidate	new_candidate	new_candidate		3	false	human;mouse;vertebrates	new_candidate	Cross-species inventory collapse only; retain species-specific evidence records separately.; Vertebrate JASPAR/profile scope is not treated as human/mouse evidence.
zbtb9	ZBTB9	human	Lambert_HumanTFs					new_candidate				1	false	human	new_candidate	
zc3h11a	ZC3H11A;Zc3h11a	human;mouse	TFLink					new_candidate	new_candidate			2	false	human;mouse	new_candidate	Cross-species inventory collapse only; retain species-specific evidence records separately.
zc3h8	ZC3H8	human	Lambert_HumanTFs;TFLink					new_candidate				1	false	human	new_candidate	
zeb1	ZEB1;Zeb1	human;mouse;vertebrates	AnimalTFDB3;JASPAR_CORE;Lambert_HumanTFs;OmniPath_DoRothEA;TFLink;TRRUST	ARACNe-GTEx_DoRothEA;CollecTRI;CollecTRI2;DoRothEA;DoRothEA-A_CollecTRI;DoRothEA-A_CollecTRI2;ENCODE-distal;ExTRI2_CollecTRI2;ExTRI_CollecTRI;GEREDB_CollecTRI;GEREDB_CollecTRI2;HOCOMOCO_DoRothEA;HTRI_CollecTRI;HTRIdb;HTRIdb_CollecTRI2;HTRIdb_DoRothEA;JASPAR_DoRothEA;NTNU.Curated_CollecTRI;NTNUcuration_CollecTRI2;ORegAnno_DoRothEA;ReMap_DoRothEA;SIGNOR_CollecTRI;SIGNOR_CollecTRI2;TRRUST;TRRUST_CollecTRI;TRRUST_CollecTRI2;TRRUST_DoRothEA;TfactS_CollecTRI2	canonical_tf_edge;canonical_tf_role;module_22B_regulon	canonical_tf_edge;canonical_tf_role;module_22B_regulon	canonical_tf_edge;canonical_tf_role;module_22B_regulon	existing_public_pair_union	existing_public_pair_union	canonical_name_or_species_scope_match	16905	3	true		existing_or_canonical	Cross-species inventory collapse only; retain species-specific evidence records separately.; Vertebrate JASPAR/profile scope is not treated as human/mouse evidence.
zeb2	ZEB2;Zeb2	human;mouse;vertebrates	AnimalTFDB3;JASPAR_CORE;Lambert_HumanTFs;OmniPath_DoRothEA;TFLink;TRRUST	ARACNe-GTEx_DoRothEA;CollecTRI;CollecTRI2;DoRothEA;DoRothEA-A_CollecTRI;DoRothEA-A_CollecTRI2;ExTRI2_CollecTRI2;ExTRI_CollecTRI;GEREDB_CollecTRI;GEREDB_CollecTRI2;GOA_CollecTRI;GOA_CollecTRI2;HTRI_CollecTRI;HTRIdb;HTRIdb_CollecTRI2;HTRIdb_DoRothEA;NTNU.Curated_CollecTRI;NTNUcuration_CollecTRI2;ORegAnno;ORegAnno_DoRothEA;ReMap_DoRothEA;SIGNOR;SIGNOR_CollecTRI;SIGNOR_CollecTRI2;TRRUST;TRRUST_CollecTRI;TRRUST_CollecTRI2;TRRUST_DoRothEA;TfactS_CollecTRI2	canonical_tf_edge;canonical_tf_role;module_22B_regulon	canonical_tf_edge;canonical_tf_role;module_22B_regulon	canonical_tf_edge;canonical_tf_role;module_22B_regulon	existing_public_pair_union	existing_public_pair_union	canonical_name_or_species_scope_match	16906	3	true		existing_or_canonical	Cross-species inventory collapse only; retain species-specific evidence records separately.; Vertebrate JASPAR/profile scope is not treated as human/mouse evidence.
zfat	ZFAT;Zfat	human;mouse	AnimalTFDB3;Lambert_HumanTFs;TFLink					new_candidate	new_candidate			2	false	human;mouse	new_candidate	Cross-species inventory collapse only; retain species-specific evidence records separately.
zfhx2	ZFHX2;Zfhx2	human;mouse	AnimalTFDB3;Lambert_HumanTFs;TFLink					new_candidate	new_candidate			2	false	human;mouse	new_candidate	Cross-species inventory collapse only; retain species-specific evidence records separately.
zfhx3	ZFHX3;Zfhx3	human;mouse	AnimalTFDB3;Lambert_HumanTFs;OmniPath_DoRothEA;TFLink;TRRUST	CollecTRI;CollecTRI2;DoRothEA;DoRothEA-A_CollecTRI;DoRothEA-A_CollecTRI2;ExTRI2_CollecTRI2;ExTRI_CollecTRI;HTRI_CollecTRI;HTRIdb;HTRIdb_CollecTRI2;HTRIdb_DoRothEA;TRRUST;TRRUST_CollecTRI;TRRUST_CollecTRI2;TRRUST_DoRothEA				existing_public_pair_union	new_candidate			2	false	mouse	existing_or_canonical	Cross-species inventory collapse only; retain species-specific evidence records separately.
zfhx4	ZFHX4;Zfhx4	human;mouse	AnimalTFDB3;Lambert_HumanTFs					new_candidate	new_candidate			2	false	human;mouse	new_candidate	Cross-species inventory collapse only; retain species-specific evidence records separately.
zfp1	ZFP1;Zfp1	human;mouse	AnimalTFDB3;Lambert_HumanTFs;TFLink					new_candidate	new_candidate			2	false	human;mouse	new_candidate	Cross-species inventory collapse only; retain species-specific evidence records separately.
zfp101	Zfp101	mouse	AnimalTFDB3						new_candidate			1	false	mouse	new_candidate	
zfp105	Zfp105	mouse	AnimalTFDB3						new_candidate			1	false	mouse	new_candidate	
zfp108	Zfp108	mouse	AnimalTFDB3						new_candidate			1	false	mouse	new_candidate	
zfp109	Zfp109	mouse	AnimalTFDB3						new_candidate			1	false	mouse	new_candidate	
zfp11	Zfp11	mouse	AnimalTFDB3						new_candidate			1	false	mouse	new_candidate	
zfp110	Zfp110	mouse	AnimalTFDB3						new_candidate			1	false	mouse	new_candidate	
zfp111	Zfp111	mouse	AnimalTFDB3						new_candidate			1	false	mouse	new_candidate	
zfp112	Zfp112	mouse	AnimalTFDB3						new_candidate			1	false	mouse	new_candidate	
zfp113	Zfp113	mouse	AnimalTFDB3						new_candidate			1	false	mouse	new_candidate	
zfp114	Zfp114	mouse	AnimalTFDB3						new_candidate			1	false	mouse	new_candidate	
zfp119a	Zfp119a	mouse	AnimalTFDB3						new_candidate			1	false	mouse	new_candidate	
zfp119b	Zfp119b	mouse	AnimalTFDB3						new_candidate			1	false	mouse	new_candidate	
zfp12	Zfp12	mouse	AnimalTFDB3						new_candidate			1	false	mouse	new_candidate	
zfp120	Zfp120	mouse	AnimalTFDB3						new_candidate			1	false	mouse	new_candidate	
zfp128	Zfp128	mouse	AnimalTFDB3						new_candidate			1	false	mouse	new_candidate	
zfp13	Zfp13	mouse	AnimalTFDB3;TFLink;TRRUST	TRRUST					existing_public_pair_union			1	false		existing_or_canonical	
zfp131	Zfp131	mouse	AnimalTFDB3						new_candidate			1	false	mouse	new_candidate	
zfp14	ZFP14;Zfp14	human;mouse;vertebrates	AnimalTFDB3;JASPAR_CORE;Lambert_HumanTFs					new_candidate	new_candidate	new_candidate		3	false	human;mouse;vertebrates	new_candidate	Cross-species inventory collapse only; retain species-specific evidence records separately.; Vertebrate JASPAR/profile scope is not treated as human/mouse evidence.
zfp141	Zfp141	mouse	AnimalTFDB3						new_candidate			1	false	mouse	new_candidate	
zfp142	Zfp142	mouse	AnimalTFDB3						new_candidate			1	false	mouse	new_candidate	
zfp143	Zfp143	mouse	AnimalTFDB3;TRRUST	TRRUST					existing_public_pair_union			1	false		existing_or_canonical	
zfp146	Zfp146	mouse	AnimalTFDB3						new_candidate			1	false	mouse	new_candidate	
zfp148	Zfp148	mouse	AnimalTFDB3;TRRUST	TRRUST					existing_public_pair_union			1	false		existing_or_canonical	
zfp157	Zfp157	mouse	AnimalTFDB3						new_candidate			1	false	mouse	new_candidate	
zfp160	Zfp160	mouse	AnimalTFDB3						new_candidate			1	false	mouse	new_candidate	
zfp169	Zfp169	mouse	AnimalTFDB3						new_candidate			1	false	mouse	new_candidate	
zfp174	Zfp174	mouse	AnimalTFDB3						new_candidate			1	false	mouse	new_candidate	
zfp180	Zfp180	mouse	AnimalTFDB3						new_candidate			1	false	mouse	new_candidate	
zfp182	Zfp182	mouse	AnimalTFDB3						new_candidate			1	false	mouse	new_candidate	
zfp184	Zfp184	mouse	AnimalTFDB3						new_candidate			1	false	mouse	new_candidate	
zfp189	Zfp189	mouse	AnimalTFDB3						new_candidate			1	false	mouse	new_candidate	
zfp2	ZFP2;Zfp2	human;mouse	AnimalTFDB3;Lambert_HumanTFs					new_candidate	new_candidate			2	false	human;mouse	new_candidate	Cross-species inventory collapse only; retain species-specific evidence records separately.
zfp202	Zfp202	mouse	AnimalTFDB3						new_candidate			1	false	mouse	new_candidate	
zfp207	Zfp207	mouse	AnimalTFDB3						new_candidate			1	false	mouse	new_candidate	
zfp212	Zfp212	mouse	AnimalTFDB3						new_candidate			1	false	mouse	new_candidate	
zfp213	Zfp213	mouse	AnimalTFDB3						new_candidate			1	false	mouse	new_candidate	
zfp217	Zfp217	mouse	AnimalTFDB3;TFLink						new_candidate			1	false	mouse	new_candidate	
zfp219	Zfp219	mouse	AnimalTFDB3						new_candidate			1	false	mouse	new_candidate	
zfp229	Zfp229	mouse	AnimalTFDB3						new_candidate			1	false	mouse	new_candidate	
zfp235	Zfp235	mouse	AnimalTFDB3						new_candidate			1	false	mouse	new_candidate	
zfp236	Zfp236	mouse	AnimalTFDB3						new_candidate			1	false	mouse	new_candidate	
zfp239	Zfp239	mouse	AnimalTFDB3						new_candidate			1	false	mouse	new_candidate	
zfp24	Zfp24	mouse	AnimalTFDB3						new_candidate			1	false	mouse	new_candidate	
zfp248	Zfp248	mouse	AnimalTFDB3						new_candidate			1	false	mouse	new_candidate	
zfp251	Zfp251	mouse	AnimalTFDB3						new_candidate			1	false	mouse	new_candidate	
zfp26	Zfp26	mouse	AnimalTFDB3						new_candidate			1	false	mouse	new_candidate	
zfp260	Zfp260	mouse	AnimalTFDB3						new_candidate			1	false	mouse	new_candidate	
zfp263	Zfp263	mouse	AnimalTFDB3;TFLink;TRRUST	TRRUST					existing_public_pair_union			1	false		existing_or_canonical	
zfp266	Zfp266	mouse	AnimalTFDB3						new_candidate			1	false	mouse	new_candidate	
zfp27	Zfp27	mouse	AnimalTFDB3						new_candidate			1	false	mouse	new_candidate	
zfp273	Zfp273	mouse	AnimalTFDB3						new_candidate			1	false	mouse	new_candidate	
zfp275	Zfp275	mouse	AnimalTFDB3						new_candidate			1	false	mouse	new_candidate	
zfp276	Zfp276	mouse	AnimalTFDB3						new_candidate			1	false	mouse	new_candidate	
zfp277	Zfp277	mouse	AnimalTFDB3;TFLink;TRRUST	TRRUST					existing_public_pair_union			1	false		existing_or_canonical	
zfp28	ZFP28;Zfp28	human;mouse;vertebrates	AnimalTFDB3;JASPAR_CORE;Lambert_HumanTFs;TFLink					new_candidate	new_candidate	new_candidate		3	false	human;mouse;vertebrates	new_candidate	Cross-species inventory collapse only; retain species-specific evidence records separately.; Vertebrate JASPAR/profile scope is not treated as human/mouse evidence.
zfp280b	Zfp280b	mouse	AnimalTFDB3						new_candidate			1	false	mouse	new_candidate	
zfp280c	Zfp280c	mouse	AnimalTFDB3						new_candidate			1	false	mouse	new_candidate	
zfp280d	Zfp280d	mouse	AnimalTFDB3						new_candidate			1	false	mouse	new_candidate	
zfp281	Zfp281	mouse	AnimalTFDB3;TRRUST	TRRUST					existing_public_pair_union			1	false		existing_or_canonical	
zfp282	Zfp282	mouse	AnimalTFDB3						new_candidate			1	false	mouse	new_candidate	
zfp286	Zfp286	mouse	AnimalTFDB3						new_candidate			1	false	mouse	new_candidate	
zfp287	Zfp287	mouse	AnimalTFDB3						new_candidate			1	false	mouse	new_candidate	
zfp292	Zfp292	mouse	AnimalTFDB3						new_candidate			1	false	mouse	new_candidate	
zfp296	Zfp296	mouse	AnimalTFDB3						new_candidate			1	false	mouse	new_candidate	
zfp3	ZFP3;Zfp3	human;mouse;vertebrates	AnimalTFDB3;JASPAR_CORE;Lambert_HumanTFs;TFLink					new_candidate	new_candidate	new_candidate		3	false	human;mouse;vertebrates	new_candidate	Cross-species inventory collapse only; retain species-specific evidence records separately.; Vertebrate JASPAR/profile scope is not treated as human/mouse evidence.
zfp30	ZFP30;Zfp30	human;mouse	AnimalTFDB3;Lambert_HumanTFs					new_candidate	new_candidate			2	false	human;mouse	new_candidate	Cross-species inventory collapse only; retain species-specific evidence records separately.
zfp300	Zfp300	mouse	AnimalTFDB3						new_candidate			1	false	mouse	new_candidate	
zfp316	Zfp316	mouse	AnimalTFDB3						new_candidate			1	false	mouse	new_candidate	
zfp317	Zfp317	mouse	AnimalTFDB3						new_candidate			1	false	mouse	new_candidate	
zfp318	Zfp318	mouse	AnimalTFDB3						new_candidate			1	false	mouse	new_candidate	
zfp319	Zfp319	mouse	AnimalTFDB3						new_candidate			1	false	mouse	new_candidate	
zfp322a	Zfp322a	mouse	AnimalTFDB3						new_candidate			1	false	mouse	new_candidate	
zfp324	Zfp324	mouse	AnimalTFDB3						new_candidate			1	false	mouse	new_candidate	
zfp326	Zfp326	mouse	AnimalTFDB3						new_candidate			1	false	mouse	new_candidate	
zfp329	Zfp329	mouse	AnimalTFDB3						new_candidate			1	false	mouse	new_candidate	
zfp334	Zfp334	mouse	AnimalTFDB3						new_candidate			1	false	mouse	new_candidate	
zfp335	Zfp335	mouse;vertebrates	AnimalTFDB3;JASPAR_CORE;TRRUST	TRRUST					existing_public_pair_union	new_candidate		2	false	vertebrates	existing_or_canonical	Cross-species inventory collapse only; retain species-specific evidence records separately.; Vertebrate JASPAR/profile scope is not treated as human/mouse evidence.
zfp341	Zfp341	mouse	AnimalTFDB3						new_candidate			1	false	mouse	new_candidate	
zfp345	Zfp345	mouse	AnimalTFDB3						new_candidate			1	false	mouse	new_candidate	
zfp35	Zfp35	mouse	AnimalTFDB3						new_candidate			1	false	mouse	new_candidate	
zfp352	Zfp352	mouse	AnimalTFDB3						new_candidate			1	false	mouse	new_candidate	
zfp354a	Zfp354a	mouse	AnimalTFDB3						new_candidate			1	false	mouse	new_candidate	
zfp354b	Zfp354b	mouse	AnimalTFDB3						new_candidate			1	false	mouse	new_candidate	
zfp354c	Zfp354c	mouse	AnimalTFDB3						new_candidate			1	false	mouse	new_candidate	
zfp358	Zfp358	mouse	AnimalTFDB3						new_candidate			1	false	mouse	new_candidate	
zfp36	ZFP36;Zfp36	human;mouse	TFLink;TRRUST	TRRUST				existing_public_pair_union	existing_public_pair_union			2	false		existing_or_canonical	Cross-species inventory collapse only; retain species-specific evidence records separately.
zfp362	Zfp362	mouse	AnimalTFDB3						new_candidate			1	false	mouse	new_candidate	
zfp366	Zfp366	mouse	AnimalTFDB3						new_candidate			1	false	mouse	new_candidate	
zfp367	Zfp367	mouse	AnimalTFDB3						new_candidate			1	false	mouse	new_candidate	
zfp369	Zfp369	mouse	AnimalTFDB3						new_candidate			1	false	mouse	new_candidate	
zfp36l1	ZFP36L1;Zfp36l1	human;mouse	AnimalTFDB3;TFLink;TRRUST	TRRUST				existing_public_pair_union	new_candidate			2	false	mouse	existing_or_canonical	Cross-species inventory collapse only; retain species-specific evidence records separately.
zfp36l2	ZFP36L2;Zfp36l2	human;mouse	AnimalTFDB3;TFLink					new_candidate	new_candidate			2	false	human;mouse	new_candidate	Cross-species inventory collapse only; retain species-specific evidence records separately.
zfp37	ZFP37;Zfp37	human;mouse	AnimalTFDB3;Lambert_HumanTFs;TFLink					new_candidate	new_candidate			2	false	human;mouse	new_candidate	Cross-species inventory collapse only; retain species-specific evidence records separately.
zfp382	Zfp382	mouse	AnimalTFDB3						new_candidate			1	false	mouse	new_candidate	
zfp383	Zfp383	mouse	AnimalTFDB3						new_candidate			1	false	mouse	new_candidate	
zfp384	Zfp384	mouse	AnimalTFDB3;TFLink;TRRUST	TRRUST					existing_public_pair_union			1	false		existing_or_canonical	
zfp385a	Zfp385a	mouse	AnimalTFDB3;TRRUST	TRRUST					existing_public_pair_union			1	false		existing_or_canonical	
zfp386	Zfp386	mouse	AnimalTFDB3						new_candidate			1	false	mouse	new_candidate	
zfp39	Zfp39	mouse	AnimalTFDB3						new_candidate			1	false	mouse	new_candidate	
zfp395	Zfp395	mouse	AnimalTFDB3						new_candidate			1	false	mouse	new_candidate	
zfp397	Zfp397	mouse	AnimalTFDB3						new_candidate			1	false	mouse	new_candidate	
zfp398	Zfp398	mouse	AnimalTFDB3						new_candidate			1	false	mouse	new_candidate	
zfp40	Zfp40	mouse	AnimalTFDB3						new_candidate			1	false	mouse	new_candidate	
zfp407	Zfp407	mouse	AnimalTFDB3						new_candidate			1	false	mouse	new_candidate	
zfp408	Zfp408	mouse	AnimalTFDB3						new_candidate			1	false	mouse	new_candidate	
zfp41	ZFP41;Zfp41	human;mouse	AnimalTFDB3;Lambert_HumanTFs					new_candidate	new_candidate			2	false	human;mouse	new_candidate	Cross-species inventory collapse only; retain species-specific evidence records separately.
zfp410	Zfp410	mouse	AnimalTFDB3;TRRUST	TRRUST					existing_public_pair_union			1	false		existing_or_canonical	
zfp414	Zfp414	mouse	AnimalTFDB3						new_candidate			1	false	mouse	new_candidate	
zfp418	Zfp418	mouse	AnimalTFDB3						new_candidate			1	false	mouse	new_candidate	
zfp42	ZFP42;Zfp42	human;mouse;vertebrates	AnimalTFDB3;JASPAR_CORE;Lambert_HumanTFs;TFLink;TRRUST	TRRUST				new_candidate	existing_public_pair_union	new_candidate		3	false	human;vertebrates	existing_or_canonical	Cross-species inventory collapse only; retain species-specific evidence records separately.; Vertebrate JASPAR/profile scope is not treated as human/mouse evidence.
zfp420	Zfp420	mouse	AnimalTFDB3						new_candidate			1	false	mouse	new_candidate	
zfp422	Zfp422	mouse	AnimalTFDB3						new_candidate			1	false	mouse	new_candidate	
zfp423	Zfp423	mouse	AnimalTFDB3;TRRUST	TRRUST					existing_public_pair_union			1	false		existing_or_canonical	
zfp426	Zfp426	mouse	AnimalTFDB3						new_candidate			1	false	mouse	new_candidate	
zfp429	Zfp429	mouse	AnimalTFDB3						new_candidate			1	false	mouse	new_candidate	
zfp433	Zfp433	mouse	AnimalTFDB3						new_candidate			1	false	mouse	new_candidate	
zfp438	Zfp438	mouse	AnimalTFDB3						new_candidate			1	false	mouse	new_candidate	
zfp442	Zfp442	mouse	AnimalTFDB3						new_candidate			1	false	mouse	new_candidate	
zfp444	Zfp444	mouse	AnimalTFDB3						new_candidate			1	false	mouse	new_candidate	
zfp445	Zfp445	mouse	AnimalTFDB3						new_candidate			1	false	mouse	new_candidate	
zfp446	Zfp446	mouse	AnimalTFDB3						new_candidate			1	false	mouse	new_candidate	
zfp449	Zfp449	mouse	AnimalTFDB3;TFLink						new_candidate			1	false	mouse	new_candidate	
zfp454	Zfp454	mouse	AnimalTFDB3						new_candidate			1	false	mouse	new_candidate	
zfp455	Zfp455	mouse	AnimalTFDB3						new_candidate			1	false	mouse	new_candidate	
zfp456	Zfp456	mouse	AnimalTFDB3						new_candidate			1	false	mouse	new_candidate	
zfp457	Zfp457	mouse	AnimalTFDB3						new_candidate			1	false	mouse	new_candidate	
zfp458	Zfp458	mouse	AnimalTFDB3						new_candidate			1	false	mouse	new_candidate	
zfp459	Zfp459	mouse	AnimalTFDB3						new_candidate			1	false	mouse	new_candidate	
zfp46	Zfp46	mouse	AnimalTFDB3						new_candidate			1	false	mouse	new_candidate	
zfp467	Zfp467	mouse	AnimalTFDB3						new_candidate			1	false	mouse	new_candidate	
zfp472	Zfp472	mouse	AnimalTFDB3						new_candidate			1	false	mouse	new_candidate	
zfp473	Zfp473	mouse	AnimalTFDB3						new_candidate			1	false	mouse	new_candidate	
zfp474	Zfp474	mouse	AnimalTFDB3						new_candidate			1	false	mouse	new_candidate	
zfp488	Zfp488	mouse	AnimalTFDB3;TRRUST	TRRUST					existing_public_pair_union			1	false		existing_or_canonical	
zfp493	Zfp493	mouse	AnimalTFDB3						new_candidate			1	false	mouse	new_candidate	
zfp503	Zfp503	mouse	AnimalTFDB3						new_candidate			1	false	mouse	new_candidate	
zfp507	Zfp507	mouse	AnimalTFDB3						new_candidate			1	false	mouse	new_candidate	
zfp51	Zfp51	mouse	AnimalTFDB3						new_candidate			1	false	mouse	new_candidate	
zfp511	Zfp511	mouse	AnimalTFDB3						new_candidate			1	false	mouse	new_candidate	
zfp512	Zfp512	mouse	AnimalTFDB3						new_candidate			1	false	mouse	new_candidate	
zfp512b	Zfp512b	mouse	AnimalTFDB3						new_candidate			1	false	mouse	new_candidate	
zfp513	Zfp513	mouse	AnimalTFDB3;TRRUST	TRRUST					existing_public_pair_union			1	false		existing_or_canonical	
zfp516	Zfp516	mouse	AnimalTFDB3						new_candidate			1	false	mouse	new_candidate	
zfp518b	Zfp518b	mouse	AnimalTFDB3						new_candidate			1	false	mouse	new_candidate	
zfp52	Zfp52	mouse	AnimalTFDB3						new_candidate			1	false	mouse	new_candidate	
zfp521	Zfp521	mouse	AnimalTFDB3						new_candidate			1	false	mouse	new_candidate	
zfp523	Zfp523	mouse	AnimalTFDB3;TRRUST	TRRUST					existing_public_pair_union			1	false		existing_or_canonical	
zfp524	Zfp524	mouse	AnimalTFDB3						new_candidate			1	false	mouse	new_candidate	
zfp526	Zfp526	mouse	AnimalTFDB3						new_candidate			1	false	mouse	new_candidate	
zfp53	Zfp53	mouse	AnimalTFDB3						new_candidate			1	false	mouse	new_candidate	
zfp532	Zfp532	mouse	AnimalTFDB3						new_candidate			1	false	mouse	new_candidate	
zfp534	Zfp534	mouse	AnimalTFDB3						new_candidate			1	false	mouse	new_candidate	
zfp536	Zfp536	mouse	AnimalTFDB3						new_candidate			1	false	mouse	new_candidate	
zfp54	Zfp54	mouse	AnimalTFDB3						new_candidate			1	false	mouse	new_candidate	
zfp541	Zfp541	mouse	AnimalTFDB3						new_candidate			1	false	mouse	new_candidate	
zfp551	Zfp551	mouse	AnimalTFDB3						new_candidate			1	false	mouse	new_candidate	
zfp553	Zfp553	mouse	AnimalTFDB3						new_candidate			1	false	mouse	new_candidate	
zfp558	Zfp558	mouse	AnimalTFDB3						new_candidate			1	false	mouse	new_candidate	
zfp560	Zfp560	mouse	AnimalTFDB3						new_candidate			1	false	mouse	new_candidate	
zfp563	Zfp563	mouse	AnimalTFDB3						new_candidate			1	false	mouse	new_candidate	
zfp566	Zfp566	mouse	AnimalTFDB3						new_candidate			1	false	mouse	new_candidate	
zfp568	Zfp568	mouse	AnimalTFDB3						new_candidate			1	false	mouse	new_candidate	
zfp57	ZFP57;Zfp57	human;mouse;vertebrates	AnimalTFDB3;JASPAR_CORE;Lambert_HumanTFs;TFLink					new_candidate	new_candidate	new_candidate		3	false	human;mouse;vertebrates	new_candidate	Cross-species inventory collapse only; retain species-specific evidence records separately.; Vertebrate JASPAR/profile scope is not treated as human/mouse evidence.
zfp574	Zfp574	mouse	AnimalTFDB3						new_candidate			1	false	mouse	new_candidate	
zfp575	Zfp575	mouse	AnimalTFDB3						new_candidate			1	false	mouse	new_candidate	
zfp579	Zfp579	mouse	AnimalTFDB3						new_candidate			1	false	mouse	new_candidate	
zfp58	Zfp58	mouse	AnimalTFDB3						new_candidate			1	false	mouse	new_candidate	
zfp580	Zfp580	mouse	AnimalTFDB3						new_candidate			1	false	mouse	new_candidate	
zfp583	Zfp583	mouse	AnimalTFDB3						new_candidate			1	false	mouse	new_candidate	
zfp59	Zfp59	mouse	AnimalTFDB3						new_candidate			1	false	mouse	new_candidate	
zfp592	Zfp592	mouse	AnimalTFDB3						new_candidate			1	false	mouse	new_candidate	
zfp595	Zfp595	mouse	AnimalTFDB3						new_candidate			1	false	mouse	new_candidate	
zfp597	Zfp597	mouse	AnimalTFDB3						new_candidate			1	false	mouse	new_candidate	
zfp599	Zfp599	mouse	AnimalTFDB3						new_candidate			1	false	mouse	new_candidate	
zfp60	Zfp60	mouse	AnimalTFDB3						new_candidate			1	false	mouse	new_candidate	
zfp600	Zfp600	mouse	AnimalTFDB3						new_candidate			1	false	mouse	new_candidate	
zfp605	Zfp605	mouse	AnimalTFDB3						new_candidate			1	false	mouse	new_candidate	
zfp606	Zfp606	mouse	AnimalTFDB3						new_candidate			1	false	mouse	new_candidate	
zfp607a	Zfp607a	mouse	AnimalTFDB3						new_candidate			1	false	mouse	new_candidate	
zfp607b	Zfp607b	mouse	AnimalTFDB3						new_candidate			1	false	mouse	new_candidate	
zfp608	Zfp608	mouse	AnimalTFDB3						new_candidate			1	false	mouse	new_candidate	
zfp609	Zfp609	mouse	AnimalTFDB3						new_candidate			1	false	mouse	new_candidate	
zfp61	Zfp61	mouse	AnimalTFDB3						new_candidate			1	false	mouse	new_candidate	
zfp612	Zfp612	mouse	AnimalTFDB3						new_candidate			1	false	mouse	new_candidate	
zfp616	Zfp616	mouse	AnimalTFDB3						new_candidate			1	false	mouse	new_candidate	
zfp617	Zfp617	mouse	AnimalTFDB3						new_candidate			1	false	mouse	new_candidate	
zfp618	Zfp618	mouse	AnimalTFDB3						new_candidate			1	false	mouse	new_candidate	
zfp619	Zfp619	mouse	AnimalTFDB3						new_candidate			1	false	mouse	new_candidate	
zfp62	ZFP62;Zfp62	human;mouse	AnimalTFDB3;Lambert_HumanTFs					new_candidate	new_candidate			2	false	human;mouse	new_candidate	Cross-species inventory collapse only; retain species-specific evidence records separately.
zfp622	Zfp622	mouse	AnimalTFDB3						new_candidate			1	false	mouse	new_candidate	
zfp623	Zfp623	mouse	AnimalTFDB3						new_candidate			1	false	mouse	new_candidate	
zfp626	Zfp626	mouse	AnimalTFDB3						new_candidate			1	false	mouse	new_candidate	
zfp628	Zfp628	mouse	AnimalTFDB3						new_candidate			1	false	mouse	new_candidate	
zfp629	Zfp629	mouse	AnimalTFDB3						new_candidate			1	false	mouse	new_candidate	
zfp637	Zfp637	mouse	AnimalTFDB3						new_candidate			1	false	mouse	new_candidate	
zfp639	Zfp639	mouse	AnimalTFDB3						new_candidate			1	false	mouse	new_candidate	
zfp64	ZFP64;Zfp64	human;mouse	AnimalTFDB3;Lambert_HumanTFs;TFLink;TRRUST	TRRUST				new_candidate	existing_public_pair_union			2	false	human	existing_or_canonical	Cross-species inventory collapse only; retain species-specific evidence records separately.
zfp641	Zfp641	mouse	AnimalTFDB3						new_candidate			1	false	mouse	new_candidate	
zfp644	Zfp644	mouse	AnimalTFDB3						new_candidate			1	false	mouse	new_candidate	
zfp646	Zfp646	mouse	AnimalTFDB3						new_candidate			1	false	mouse	new_candidate	
zfp647	Zfp647	mouse	AnimalTFDB3						new_candidate			1	false	mouse	new_candidate	
zfp648	Zfp648	mouse	AnimalTFDB3						new_candidate			1	false	mouse	new_candidate	
zfp65	Zfp65	mouse	AnimalTFDB3						new_candidate			1	false	mouse	new_candidate	
zfp651	Zfp651	mouse	AnimalTFDB3						new_candidate			1	false	mouse	new_candidate	
zfp652	Zfp652	mouse	AnimalTFDB3						new_candidate			1	false	mouse	new_candidate	
zfp653	Zfp653	mouse	AnimalTFDB3						new_candidate			1	false	mouse	new_candidate	
zfp654	Zfp654	mouse	AnimalTFDB3						new_candidate			1	false	mouse	new_candidate	
zfp655	Zfp655	mouse	AnimalTFDB3						new_candidate			1	false	mouse	new_candidate	
zfp658	Zfp658	mouse	AnimalTFDB3						new_candidate			1	false	mouse	new_candidate	
zfp661	Zfp661	mouse	AnimalTFDB3						new_candidate			1	false	mouse	new_candidate	
zfp663	Zfp663	mouse	AnimalTFDB3						new_candidate			1	false	mouse	new_candidate	
zfp664	Zfp664	mouse	AnimalTFDB3						new_candidate			1	false	mouse	new_candidate	
zfp667	Zfp667	mouse	AnimalTFDB3						new_candidate			1	false	mouse	new_candidate	
zfp668	Zfp668	mouse	AnimalTFDB3						new_candidate			1	false	mouse	new_candidate	
zfp672	Zfp672	mouse	AnimalTFDB3						new_candidate			1	false	mouse	new_candidate	
zfp677	Zfp677	mouse	AnimalTFDB3						new_candidate			1	false	mouse	new_candidate	
zfp68	Zfp68	mouse	AnimalTFDB3						new_candidate			1	false	mouse	new_candidate	
zfp683	Zfp683	mouse	AnimalTFDB3						new_candidate			1	false	mouse	new_candidate	
zfp687	Zfp687	mouse	AnimalTFDB3						new_candidate			1	false	mouse	new_candidate	
zfp688	Zfp688	mouse	AnimalTFDB3						new_candidate			1	false	mouse	new_candidate	
zfp689	Zfp689	mouse	AnimalTFDB3						new_candidate			1	false	mouse	new_candidate	
zfp69	ZFP69;Zfp69	human;mouse	AnimalTFDB3;Lambert_HumanTFs					new_candidate	new_candidate			2	false	human;mouse	new_candidate	Cross-species inventory collapse only; retain species-specific evidence records separately.
zfp691	Zfp691	mouse	AnimalTFDB3						new_candidate			1	false	mouse	new_candidate	
zfp692	Zfp692	mouse	AnimalTFDB3						new_candidate			1	false	mouse	new_candidate	
zfp697	Zfp697	mouse	AnimalTFDB3						new_candidate			1	false	mouse	new_candidate	
zfp69b	ZFP69B	human	AnimalTFDB3;Lambert_HumanTFs;TFLink					new_candidate				1	false	human	new_candidate	
zfp7	Zfp7	mouse	AnimalTFDB3						new_candidate			1	false	mouse	new_candidate	
zfp706	Zfp706	mouse	AnimalTFDB3						new_candidate			1	false	mouse	new_candidate	
zfp707	Zfp707	mouse	AnimalTFDB3						new_candidate			1	false	mouse	new_candidate	
zfp708	Zfp708	mouse	AnimalTFDB3;TFLink						new_candidate			1	false	mouse	new_candidate	
zfp709	Zfp709	mouse	AnimalTFDB3						new_candidate			1	false	mouse	new_candidate	
zfp710	Zfp710	mouse	AnimalTFDB3						new_candidate			1	false	mouse	new_candidate	
zfp711	Zfp711	mouse	AnimalTFDB3						new_candidate			1	false	mouse	new_candidate	
zfp712	Zfp712	mouse	AnimalTFDB3						new_candidate			1	false	mouse	new_candidate	
zfp715	Zfp715	mouse	AnimalTFDB3						new_candidate			1	false	mouse	new_candidate	
zfp719	Zfp719	mouse	AnimalTFDB3						new_candidate			1	false	mouse	new_candidate	
zfp72	Zfp72	mouse	AnimalTFDB3						new_candidate			1	false	mouse	new_candidate	
zfp729a	Zfp729a	mouse	AnimalTFDB3						new_candidate			1	false	mouse	new_candidate	
zfp729b	Zfp729b	mouse	AnimalTFDB3						new_candidate			1	false	mouse	new_candidate	
zfp735	Zfp735	mouse	AnimalTFDB3						new_candidate			1	false	mouse	new_candidate	
zfp738	Zfp738	mouse	AnimalTFDB3						new_candidate			1	false	mouse	new_candidate	
zfp74	Zfp74	mouse	AnimalTFDB3						new_candidate			1	false	mouse	new_candidate	
zfp740	Zfp740	mouse	AnimalTFDB3						new_candidate			1	false	mouse	new_candidate	
zfp746	Zfp746	mouse	AnimalTFDB3						new_candidate			1	false	mouse	new_candidate	
zfp747	Zfp747	mouse	AnimalTFDB3						new_candidate			1	false	mouse	new_candidate	
zfp748	Zfp748	mouse	AnimalTFDB3						new_candidate			1	false	mouse	new_candidate	
zfp750	Zfp750	mouse	AnimalTFDB3						new_candidate			1	false	mouse	new_candidate	
zfp758	Zfp758	mouse	AnimalTFDB3						new_candidate			1	false	mouse	new_candidate	
zfp759	Zfp759	mouse	AnimalTFDB3						new_candidate			1	false	mouse	new_candidate	
zfp760	Zfp760	mouse	AnimalTFDB3						new_candidate			1	false	mouse	new_candidate	
zfp763	Zfp763	mouse	AnimalTFDB3						new_candidate			1	false	mouse	new_candidate	
zfp764	Zfp764	mouse	AnimalTFDB3						new_candidate			1	false	mouse	new_candidate	
zfp768	Zfp768	mouse	AnimalTFDB3						new_candidate			1	false	mouse	new_candidate	
zfp770	Zfp770	mouse	AnimalTFDB3						new_candidate			1	false	mouse	new_candidate	
zfp771	Zfp771	mouse	AnimalTFDB3						new_candidate			1	false	mouse	new_candidate	
zfp772	Zfp772	mouse	AnimalTFDB3						new_candidate			1	false	mouse	new_candidate	
zfp773	Zfp773	mouse	AnimalTFDB3						new_candidate			1	false	mouse	new_candidate	
zfp775	Zfp775	mouse	AnimalTFDB3						new_candidate			1	false	mouse	new_candidate	
zfp777	Zfp777	mouse	AnimalTFDB3						new_candidate			1	false	mouse	new_candidate	
zfp78	Zfp78	mouse	AnimalTFDB3						new_candidate			1	false	mouse	new_candidate	
zfp780b	Zfp780b	mouse	AnimalTFDB3						new_candidate			1	false	mouse	new_candidate	
zfp784	Zfp784	mouse	AnimalTFDB3						new_candidate			1	false	mouse	new_candidate	
zfp786	Zfp786	mouse	AnimalTFDB3						new_candidate			1	false	mouse	new_candidate	
zfp787	Zfp787	mouse	AnimalTFDB3						new_candidate			1	false	mouse	new_candidate	
zfp788	Zfp788	mouse	AnimalTFDB3						new_candidate			1	false	mouse	new_candidate	
zfp790	Zfp790	mouse	AnimalTFDB3						new_candidate			1	false	mouse	new_candidate	
zfp791	Zfp791	mouse	AnimalTFDB3						new_candidate			1	false	mouse	new_candidate	
zfp799	Zfp799	mouse	AnimalTFDB3						new_candidate			1	false	mouse	new_candidate	
zfp800	Zfp800	mouse	AnimalTFDB3						new_candidate			1	false	mouse	new_candidate	
zfp808	Zfp808	mouse	AnimalTFDB3						new_candidate			1	false	mouse	new_candidate	
zfp809	Zfp809	mouse;vertebrates	AnimalTFDB3;JASPAR_CORE;TFLink						new_candidate	new_candidate		2	false	mouse;vertebrates	new_candidate	Cross-species inventory collapse only; retain species-specific evidence records separately.; Vertebrate JASPAR/profile scope is not treated as human/mouse evidence.
zfp81	Zfp81	mouse	AnimalTFDB3						new_candidate			1	false	mouse	new_candidate	
zfp810	Zfp810	mouse	AnimalTFDB3						new_candidate			1	false	mouse	new_candidate	
zfp811	Zfp811	mouse	AnimalTFDB3						new_candidate			1	false	mouse	new_candidate	
zfp819	Zfp819	mouse	AnimalTFDB3						new_candidate			1	false	mouse	new_candidate	
zfp82	ZFP82;Zfp82	human;mouse	AnimalTFDB3;Lambert_HumanTFs;TFLink					new_candidate	new_candidate			2	false	human;mouse	new_candidate	Cross-species inventory collapse only; retain species-specific evidence records separately.
zfp820	Zfp820	mouse	AnimalTFDB3						new_candidate			1	false	mouse	new_candidate	
zfp825	Zfp825	mouse	AnimalTFDB3						new_candidate			1	false	mouse	new_candidate	
zfp827	Zfp827	mouse	AnimalTFDB3						new_candidate			1	false	mouse	new_candidate	
zfp831	Zfp831	mouse	AnimalTFDB3						new_candidate			1	false	mouse	new_candidate	
zfp84	Zfp84	mouse	AnimalTFDB3						new_candidate			1	false	mouse	new_candidate	
zfp846	Zfp846	mouse	AnimalTFDB3						new_candidate			1	false	mouse	new_candidate	
zfp85	Zfp85	mouse	AnimalTFDB3						new_candidate			1	false	mouse	new_candidate	
zfp850	Zfp850	mouse	AnimalTFDB3						new_candidate			1	false	mouse	new_candidate	
zfp853	Zfp853	mouse	AnimalTFDB3						new_candidate			1	false	mouse	new_candidate	
zfp865	Zfp865	mouse	AnimalTFDB3						new_candidate			1	false	mouse	new_candidate	
zfp866	Zfp866	mouse	AnimalTFDB3						new_candidate			1	false	mouse	new_candidate	
zfp867	Zfp867	mouse	AnimalTFDB3						new_candidate			1	false	mouse	new_candidate	
zfp868	Zfp868	mouse	AnimalTFDB3						new_candidate			1	false	mouse	new_candidate	
zfp869	Zfp869	mouse	AnimalTFDB3						new_candidate			1	false	mouse	new_candidate	
zfp87	Zfp87	mouse	AnimalTFDB3						new_candidate			1	false	mouse	new_candidate	
zfp870	Zfp870	mouse	AnimalTFDB3						new_candidate			1	false	mouse	new_candidate	
zfp871	Zfp871	mouse	AnimalTFDB3						new_candidate			1	false	mouse	new_candidate	
zfp872	Zfp872	mouse	AnimalTFDB3						new_candidate			1	false	mouse	new_candidate	
zfp873	Zfp873	mouse	AnimalTFDB3						new_candidate			1	false	mouse	new_candidate	
zfp874a	Zfp874a	mouse	AnimalTFDB3						new_candidate			1	false	mouse	new_candidate	
zfp874b	Zfp874b	mouse	AnimalTFDB3						new_candidate			1	false	mouse	new_candidate	
zfp879	Zfp879	mouse	AnimalTFDB3						new_candidate			1	false	mouse	new_candidate	
zfp882	Zfp882	mouse	AnimalTFDB3						new_candidate			1	false	mouse	new_candidate	
zfp9	Zfp9	mouse	AnimalTFDB3						new_candidate			1	false	mouse	new_candidate	
zfp90	ZFP90;Zfp90	human;mouse	AnimalTFDB3;Lambert_HumanTFs;TFLink					new_candidate	new_candidate			2	false	human;mouse	new_candidate	Cross-species inventory collapse only; retain species-specific evidence records separately.
zfp91	ZFP91;Zfp91	human;mouse	AnimalTFDB3;Lambert_HumanTFs;TFLink					new_candidate	new_candidate			2	false	human;mouse	new_candidate	Cross-species inventory collapse only; retain species-specific evidence records separately.
zfp91-cntf	ZFP91-CNTF	human	AnimalTFDB3					new_candidate				1	false	human	new_candidate	
zfp92	ZFP92;Zfp92	human;mouse	AnimalTFDB3;Lambert_HumanTFs					new_candidate	new_candidate			2	false	human;mouse	new_candidate	Cross-species inventory collapse only; retain species-specific evidence records separately.
zfp93	Zfp93	mouse	AnimalTFDB3						new_candidate			1	false	mouse	new_candidate	
zfp930	Zfp930	mouse	AnimalTFDB3						new_candidate			1	false	mouse	new_candidate	
zfp931	Zfp931	mouse	AnimalTFDB3						new_candidate			1	false	mouse	new_candidate	
zfp932	Zfp932	mouse	AnimalTFDB3						new_candidate			1	false	mouse	new_candidate	
zfp933	Zfp933	mouse	AnimalTFDB3						new_candidate			1	false	mouse	new_candidate	
zfp934	Zfp934	mouse	AnimalTFDB3						new_candidate			1	false	mouse	new_candidate	
zfp935	Zfp935	mouse	AnimalTFDB3						new_candidate			1	false	mouse	new_candidate	
zfp936	Zfp936	mouse	AnimalTFDB3						new_candidate			1	false	mouse	new_candidate	
zfp937	Zfp937	mouse	AnimalTFDB3						new_candidate			1	false	mouse	new_candidate	
zfp938	Zfp938	mouse	AnimalTFDB3						new_candidate			1	false	mouse	new_candidate	
zfp94	Zfp94	mouse	AnimalTFDB3						new_candidate			1	false	mouse	new_candidate	
zfp940	Zfp940	mouse	AnimalTFDB3						new_candidate			1	false	mouse	new_candidate	
zfp941	Zfp941	mouse	AnimalTFDB3						new_candidate			1	false	mouse	new_candidate	
zfp942	Zfp942	mouse	AnimalTFDB3						new_candidate			1	false	mouse	new_candidate	
zfp943	Zfp943	mouse	AnimalTFDB3						new_candidate			1	false	mouse	new_candidate	
zfp944	Zfp944	mouse	AnimalTFDB3						new_candidate			1	false	mouse	new_candidate	
zfp945	Zfp945	mouse	AnimalTFDB3						new_candidate			1	false	mouse	new_candidate	
zfp946	Zfp946	mouse	AnimalTFDB3						new_candidate			1	false	mouse	new_candidate	
zfp947	Zfp947	mouse	AnimalTFDB3						new_candidate			1	false	mouse	new_candidate	
zfp948	Zfp948	mouse	AnimalTFDB3						new_candidate			1	false	mouse	new_candidate	
zfp949	Zfp949	mouse	AnimalTFDB3						new_candidate			1	false	mouse	new_candidate	
zfp950	Zfp950	mouse	AnimalTFDB3						new_candidate			1	false	mouse	new_candidate	
zfp951	Zfp951	mouse	AnimalTFDB3						new_candidate			1	false	mouse	new_candidate	
zfp952	Zfp952	mouse	AnimalTFDB3						new_candidate			1	false	mouse	new_candidate	
zfp953	Zfp953	mouse	AnimalTFDB3						new_candidate			1	false	mouse	new_candidate	
zfp954	Zfp954	mouse	AnimalTFDB3						new_candidate			1	false	mouse	new_candidate	
zfp955a	Zfp955a	mouse	AnimalTFDB3						new_candidate			1	false	mouse	new_candidate	
zfp955b	Zfp955b	mouse	AnimalTFDB3						new_candidate			1	false	mouse	new_candidate	
zfp956	Zfp956	mouse	AnimalTFDB3						new_candidate			1	false	mouse	new_candidate	
zfp958	Zfp958	mouse	AnimalTFDB3						new_candidate			1	false	mouse	new_candidate	
zfp959	Zfp959	mouse	AnimalTFDB3						new_candidate			1	false	mouse	new_candidate	
zfp960	Zfp960	mouse	AnimalTFDB3						new_candidate			1	false	mouse	new_candidate	
zfp961	Zfp961	mouse;vertebrates	AnimalTFDB3;JASPAR_CORE						new_candidate	new_candidate		2	false	mouse;vertebrates	new_candidate	Cross-species inventory collapse only; retain species-specific evidence records separately.; Vertebrate JASPAR/profile scope is not treated as human/mouse evidence.
zfp963	Zfp963	mouse	AnimalTFDB3						new_candidate			1	false	mouse	new_candidate	
zfp964	Zfp964	mouse	AnimalTFDB3						new_candidate			1	false	mouse	new_candidate	
zfp965	Zfp965	mouse	AnimalTFDB3						new_candidate			1	false	mouse	new_candidate	
zfp966	Zfp966	mouse	AnimalTFDB3						new_candidate			1	false	mouse	new_candidate	
zfp967	Zfp967	mouse	AnimalTFDB3						new_candidate			1	false	mouse	new_candidate	
zfp968	Zfp968	mouse	AnimalTFDB3						new_candidate			1	false	mouse	new_candidate	
zfp969	Zfp969	mouse	AnimalTFDB3						new_candidate			1	false	mouse	new_candidate	
zfp97	Zfp97	mouse	AnimalTFDB3						new_candidate			1	false	mouse	new_candidate	
zfp970	Zfp970	mouse	AnimalTFDB3						new_candidate			1	false	mouse	new_candidate	
zfp971	Zfp971	mouse	AnimalTFDB3						new_candidate			1	false	mouse	new_candidate	
zfp972	Zfp972	mouse	AnimalTFDB3						new_candidate			1	false	mouse	new_candidate	
zfp973	Zfp973	mouse	AnimalTFDB3						new_candidate			1	false	mouse	new_candidate	
zfp974	Zfp974	mouse	AnimalTFDB3						new_candidate			1	false	mouse	new_candidate	
zfp975	Zfp975	mouse	AnimalTFDB3						new_candidate			1	false	mouse	new_candidate	
zfp976	Zfp976	mouse	AnimalTFDB3						new_candidate			1	false	mouse	new_candidate	
zfp977	Zfp977	mouse	AnimalTFDB3						new_candidate			1	false	mouse	new_candidate	
zfp978	Zfp978	mouse	AnimalTFDB3						new_candidate			1	false	mouse	new_candidate	
zfp979	Zfp979	mouse	AnimalTFDB3						new_candidate			1	false	mouse	new_candidate	
zfp980	Zfp980	mouse	AnimalTFDB3						new_candidate			1	false	mouse	new_candidate	
zfp981	Zfp981	mouse	AnimalTFDB3						new_candidate			1	false	mouse	new_candidate	
zfp982	Zfp982	mouse	AnimalTFDB3						new_candidate			1	false	mouse	new_candidate	
zfp983	Zfp983	mouse	AnimalTFDB3						new_candidate			1	false	mouse	new_candidate	
zfp984	Zfp984	mouse	AnimalTFDB3						new_candidate			1	false	mouse	new_candidate	
zfp985	Zfp985	mouse	AnimalTFDB3						new_candidate			1	false	mouse	new_candidate	
zfp986	Zfp986	mouse	AnimalTFDB3						new_candidate			1	false	mouse	new_candidate	
zfp987	Zfp987	mouse	AnimalTFDB3						new_candidate			1	false	mouse	new_candidate	
zfp988	Zfp988	mouse	AnimalTFDB3						new_candidate			1	false	mouse	new_candidate	
zfp989	Zfp989	mouse	AnimalTFDB3						new_candidate			1	false	mouse	new_candidate	
zfp990	Zfp990	mouse	AnimalTFDB3						new_candidate			1	false	mouse	new_candidate	
zfp991	Zfp991	mouse	AnimalTFDB3						new_candidate			1	false	mouse	new_candidate	
zfp992	Zfp992	mouse	AnimalTFDB3						new_candidate			1	false	mouse	new_candidate	
zfp993	Zfp993	mouse	AnimalTFDB3						new_candidate			1	false	mouse	new_candidate	
zfp994	Zfp994	mouse	AnimalTFDB3						new_candidate			1	false	mouse	new_candidate	
zfp995	Zfp995	mouse	AnimalTFDB3						new_candidate			1	false	mouse	new_candidate	
zfpm1	ZFPM1;Zfpm1	human;mouse	AnimalTFDB3;Lambert_HumanTFs;TFLink;TRRUST	TRRUST				new_candidate	existing_public_pair_union			2	false	human	existing_or_canonical	Cross-species inventory collapse only; retain species-specific evidence records separately.
zfpm2	ZFPM2;Zfpm2	human;mouse	AnimalTFDB3;Lambert_HumanTFs;TFLink;TRRUST	TRRUST				new_candidate	existing_public_pair_union			2	false	human	existing_or_canonical	Cross-species inventory collapse only; retain species-specific evidence records separately.
zfta	ZFTA	vertebrates	JASPAR_CORE							new_candidate		1	false	vertebrates	new_candidate	Vertebrate JASPAR/profile scope is not treated as human/mouse evidence.
zfx	ZFX;Zfx	human;mouse;vertebrates	AnimalTFDB3;JASPAR_CORE;Lambert_HumanTFs;TFLink					new_candidate	new_candidate	new_candidate		3	false	human;mouse;vertebrates	new_candidate	Cross-species inventory collapse only; retain species-specific evidence records separately.; Vertebrate JASPAR/profile scope is not treated as human/mouse evidence.
zfy	ZFY	human	AnimalTFDB3;Lambert_HumanTFs					new_candidate				1	false	human	new_candidate	
zfy1	Zfy1	mouse	AnimalTFDB3						new_candidate			1	false	mouse	new_candidate	
zfy2	Zfy2	mouse	AnimalTFDB3						new_candidate			1	false	mouse	new_candidate	
zglp1	ZGLP1;Zglp1	human;mouse;vertebrates	AnimalTFDB3;JASPAR_CORE;Lambert_HumanTFs					new_candidate	new_candidate	new_candidate		3	false	human;mouse;vertebrates	new_candidate	Cross-species inventory collapse only; retain species-specific evidence records separately.; Vertebrate JASPAR/profile scope is not treated as human/mouse evidence.
zgpat	ZGPAT;Zgpat	human;mouse	AnimalTFDB3;Lambert_HumanTFs;TFLink					new_candidate	new_candidate			2	false	human;mouse	new_candidate	Cross-species inventory collapse only; retain species-specific evidence records separately.
zhx1	ZHX1;Zhx1	human;mouse	AnimalTFDB3;Lambert_HumanTFs;TFLink					new_candidate	new_candidate			2	false	human;mouse	new_candidate	Cross-species inventory collapse only; retain species-specific evidence records separately.
zhx2	ZHX2;Zhx2	human;mouse	AnimalTFDB3;Lambert_HumanTFs;TFLink;TRRUST	TRRUST				existing_public_pair_union	new_candidate			2	false	mouse	existing_or_canonical	Cross-species inventory collapse only; retain species-specific evidence records separately.
zhx3	ZHX3;Zhx3	human;mouse	AnimalTFDB3;Lambert_HumanTFs;TFLink;TRRUST	TRRUST				new_candidate	existing_public_pair_union			2	false	human	existing_or_canonical	Cross-species inventory collapse only; retain species-specific evidence records separately.
zic1	ZIC1;Zic1	human;mouse;vertebrates	AnimalTFDB3;JASPAR_CORE;Lambert_HumanTFs;OmniPath_DoRothEA;TFLink;TRRUST	CollecTRI;CollecTRI2;DoRothEA;DoRothEA-A_CollecTRI;DoRothEA-A_CollecTRI2;ExTRI2_CollecTRI2;ExTRI_CollecTRI;HOCOMOCO_DoRothEA;NTNU.Curated_CollecTRI;NTNUcuration_CollecTRI2;PAZAR;TFe_DoRothEA;TRRUST				existing_public_pair_union	existing_public_pair_union	new_candidate		3	false	vertebrates	existing_or_canonical	Cross-species inventory collapse only; retain species-specific evidence records separately.; Vertebrate JASPAR/profile scope is not treated as human/mouse evidence.
zic2	ZIC2;Zic2	human;mouse;vertebrates	AnimalTFDB3;JASPAR_CORE;Lambert_HumanTFs;OmniPath_DoRothEA;TFLink;TRRUST	CollecTRI;CollecTRI2;DoRothEA;DoRothEA-A_CollecTRI;DoRothEA-A_CollecTRI2;ExTRI2_CollecTRI2;ExTRI_CollecTRI;NTNU.Curated_CollecTRI;NTNUcuration_CollecTRI2;PAZAR;TFe_DoRothEA;TRRUST;TfactS_CollecTRI2				existing_public_pair_union	existing_public_pair_union	new_candidate		3	false	vertebrates	existing_or_canonical	Cross-species inventory collapse only; retain species-specific evidence records separately.; Vertebrate JASPAR/profile scope is not treated as human/mouse evidence.
zic3	ZIC3;Zic3	human;mouse;vertebrates	AnimalTFDB3;JASPAR_CORE;Lambert_HumanTFs;TFLink;TRRUST	TRRUST	canonical_tf_edge;canonical_tf_role;module_22B_regulon	canonical_tf_edge;canonical_tf_role;module_22B_regulon	canonical_tf_edge;canonical_tf_role;module_22B_regulon	existing_public_pair_union	existing_public_pair_union	canonical_name_or_species_scope_match	16985	3	true		existing_or_canonical	Cross-species inventory collapse only; retain species-specific evidence records separately.; Vertebrate JASPAR/profile scope is not treated as human/mouse evidence.
zic4	ZIC4;Zic4	human;mouse;vertebrates	AnimalTFDB3;JASPAR_CORE;Lambert_HumanTFs					new_candidate	new_candidate	new_candidate		3	false	human;mouse;vertebrates	new_candidate	Cross-species inventory collapse only; retain species-specific evidence records separately.; Vertebrate JASPAR/profile scope is not treated as human/mouse evidence.
zic5	ZIC5;Zic5	human;mouse;vertebrates	AnimalTFDB3;JASPAR_CORE;Lambert_HumanTFs					new_candidate	new_candidate	new_candidate		3	false	human;mouse;vertebrates	new_candidate	Cross-species inventory collapse only; retain species-specific evidence records separately.; Vertebrate JASPAR/profile scope is not treated as human/mouse evidence.
zik1	ZIK1;Zik1	human;mouse	AnimalTFDB3;Lambert_HumanTFs					new_candidate	new_candidate			2	false	human;mouse	new_candidate	Cross-species inventory collapse only; retain species-specific evidence records separately.
zim1	Zim1	mouse	AnimalTFDB3						new_candidate			1	false	mouse	new_candidate	
zim2	ZIM2	human	AnimalTFDB3;Lambert_HumanTFs					new_candidate				1	false	human	new_candidate	
zim3	ZIM3	human;vertebrates	AnimalTFDB3;JASPAR_CORE;Lambert_HumanTFs;TFLink					new_candidate		new_candidate		2	false	human;vertebrates	new_candidate	Cross-species inventory collapse only; retain species-specific evidence records separately.; Vertebrate JASPAR/profile scope is not treated as human/mouse evidence.
zkscan1	ZKSCAN1;Zkscan1	human;mouse;vertebrates	AnimalTFDB3;JASPAR_CORE;Lambert_HumanTFs;TFLink					new_candidate	new_candidate	new_candidate		3	false	human;mouse;vertebrates	new_candidate	Cross-species inventory collapse only; retain species-specific evidence records separately.; Vertebrate JASPAR/profile scope is not treated as human/mouse evidence.
zkscan14	Zkscan14	mouse	AnimalTFDB3						new_candidate			1	false	mouse	new_candidate	
zkscan16	Zkscan16	mouse	AnimalTFDB3						new_candidate			1	false	mouse	new_candidate	
zkscan17	Zkscan17	mouse	AnimalTFDB3						new_candidate			1	false	mouse	new_candidate	
zkscan2	ZKSCAN2;Zkscan2	human;mouse	AnimalTFDB3;Lambert_HumanTFs					new_candidate	new_candidate			2	false	human;mouse	new_candidate	Cross-species inventory collapse only; retain species-specific evidence records separately.
zkscan3	ZKSCAN3;Zkscan3	human;mouse;vertebrates	AnimalTFDB3;JASPAR_CORE;Lambert_HumanTFs					new_candidate	new_candidate	new_candidate		3	false	human;mouse;vertebrates	new_candidate	Cross-species inventory collapse only; retain species-specific evidence records separately.; Vertebrate JASPAR/profile scope is not treated as human/mouse evidence.
zkscan4	ZKSCAN4;Zkscan4	human;mouse;vertebrates	AnimalTFDB3;JASPAR_CORE;Lambert_HumanTFs					new_candidate	new_candidate	new_candidate		3	false	human;mouse;vertebrates	new_candidate	Cross-species inventory collapse only; retain species-specific evidence records separately.; Vertebrate JASPAR/profile scope is not treated as human/mouse evidence.
zkscan5	ZKSCAN5;Zkscan5	human;mouse;vertebrates	AnimalTFDB3;JASPAR_CORE;Lambert_HumanTFs					new_candidate	new_candidate	new_candidate		3	false	human;mouse;vertebrates	new_candidate	Cross-species inventory collapse only; retain species-specific evidence records separately.; Vertebrate JASPAR/profile scope is not treated as human/mouse evidence.
zkscan6	Zkscan6	mouse	AnimalTFDB3						new_candidate			1	false	mouse	new_candidate	
zkscan7	ZKSCAN7;Zkscan7	human;mouse	AnimalTFDB3;Lambert_HumanTFs					new_candidate	new_candidate			2	false	human;mouse	new_candidate	Cross-species inventory collapse only; retain species-specific evidence records separately.
zkscan8	ZKSCAN8;Zkscan8	human;mouse	AnimalTFDB3;Lambert_HumanTFs;TFLink					new_candidate	new_candidate			2	false	human;mouse	new_candidate	Cross-species inventory collapse only; retain species-specific evidence records separately.
zmat1	ZMAT1;Zmat1	human;mouse	AnimalTFDB3;Lambert_HumanTFs					new_candidate	new_candidate			2	false	human;mouse	new_candidate	Cross-species inventory collapse only; retain species-specific evidence records separately.
zmat3	Zmat3	mouse	AnimalTFDB3						new_candidate			1	false	mouse	new_candidate	
zmat4	ZMAT4	human	Lambert_HumanTFs					new_candidate				1	false	human	new_candidate	
zmiz1	ZMIZ1;Zmiz1	human;mouse	AnimalTFDB3;TFLink					new_candidate	new_candidate			2	false	human;mouse	new_candidate	Cross-species inventory collapse only; retain species-specific evidence records separately.
zmiz2	ZMIZ2;Zmiz2	human;mouse	AnimalTFDB3					new_candidate	new_candidate			2	false	human;mouse	new_candidate	Cross-species inventory collapse only; retain species-specific evidence records separately.
zmym2	ZMYM2	human	TFLink					new_candidate				1	false	human	new_candidate	
zmym3	ZMYM3	human	TFLink					new_candidate				1	false	human	new_candidate	
zmynd11	ZMYND11	human	TFLink;TRRUST	TRRUST				existing_public_pair_union				1	false		existing_or_canonical	
zmynd8	ZMYND8	human	TFLink					new_candidate				1	false	human	new_candidate	
znf10	ZNF10	human	AnimalTFDB3;Lambert_HumanTFs;TFLink					new_candidate				1	false	human	new_candidate	
znf100	ZNF100	human	AnimalTFDB3;Lambert_HumanTFs					new_candidate				1	false	human	new_candidate	
znf101	ZNF101	human	AnimalTFDB3;Lambert_HumanTFs;TFLink					new_candidate				1	false	human	new_candidate	
znf107	ZNF107	human	AnimalTFDB3;Lambert_HumanTFs					new_candidate				1	false	human	new_candidate	
znf112	ZNF112	human	AnimalTFDB3;Lambert_HumanTFs;TFLink					new_candidate				1	false	human	new_candidate	
znf114	ZNF114	human	AnimalTFDB3;Lambert_HumanTFs;TFLink					new_candidate				1	false	human	new_candidate	
znf117	ZNF117	human	AnimalTFDB3;Lambert_HumanTFs					new_candidate				1	false	human	new_candidate	
znf12	ZNF12	human	AnimalTFDB3;Lambert_HumanTFs					new_candidate				1	false	human	new_candidate	
znf121	ZNF121	human;vertebrates	AnimalTFDB3;JASPAR_CORE;Lambert_HumanTFs;TFLink					new_candidate		new_candidate		2	false	human;vertebrates	new_candidate	Cross-species inventory collapse only; retain species-specific evidence records separately.; Vertebrate JASPAR/profile scope is not treated as human/mouse evidence.
znf124	ZNF124	human	AnimalTFDB3;Lambert_HumanTFs					new_candidate				1	false	human	new_candidate	
znf131	ZNF131	human;vertebrates	AnimalTFDB3;JASPAR_CORE;Lambert_HumanTFs					new_candidate		new_candidate		2	false	human;vertebrates	new_candidate	Cross-species inventory collapse only; retain species-specific evidence records separately.; Vertebrate JASPAR/profile scope is not treated as human/mouse evidence.
znf132	ZNF132	human	AnimalTFDB3;Lambert_HumanTFs					new_candidate				1	false	human	new_candidate	
znf133	ZNF133	human	AnimalTFDB3;Lambert_HumanTFs;TFLink					new_candidate				1	false	human	new_candidate	
znf134	ZNF134	human;vertebrates	AnimalTFDB3;JASPAR_CORE;Lambert_HumanTFs;TFLink					new_candidate		new_candidate		2	false	human;vertebrates	new_candidate	Cross-species inventory collapse only; retain species-specific evidence records separately.; Vertebrate JASPAR/profile scope is not treated as human/mouse evidence.
znf135	ZNF135	human;vertebrates	AnimalTFDB3;JASPAR_CORE;Lambert_HumanTFs;TFLink					new_candidate		new_candidate		2	false	human;vertebrates	new_candidate	Cross-species inventory collapse only; retain species-specific evidence records separately.; Vertebrate JASPAR/profile scope is not treated as human/mouse evidence.
znf136	ZNF136	human;vertebrates	AnimalTFDB3;JASPAR_CORE;Lambert_HumanTFs;TFLink					new_candidate		new_candidate		2	false	human;vertebrates	new_candidate	Cross-species inventory collapse only; retain species-specific evidence records separately.; Vertebrate JASPAR/profile scope is not treated as human/mouse evidence.
znf138	ZNF138	human	AnimalTFDB3;Lambert_HumanTFs;TFLink					new_candidate				1	false	human	new_candidate	
znf14	ZNF14	human	AnimalTFDB3;Lambert_HumanTFs					new_candidate				1	false	human	new_candidate	
znf140	ZNF140	human;vertebrates	AnimalTFDB3;JASPAR_CORE;Lambert_HumanTFs;TFLink					new_candidate		new_candidate		2	false	human;vertebrates	new_candidate	Cross-species inventory collapse only; retain species-specific evidence records separately.; Vertebrate JASPAR/profile scope is not treated as human/mouse evidence.
znf141	ZNF141	human	AnimalTFDB3;Lambert_HumanTFs					new_candidate				1	false	human	new_candidate	
znf142	ZNF142	human;vertebrates	AnimalTFDB3;JASPAR_CORE;Lambert_HumanTFs					new_candidate		new_candidate		2	false	human;vertebrates	new_candidate	Cross-species inventory collapse only; retain species-specific evidence records separately.; Vertebrate JASPAR/profile scope is not treated as human/mouse evidence.
znf143	ZNF143;Znf143	human;mouse;vertebrates	AnimalTFDB3;JASPAR_CORE;Lambert_HumanTFs;OmniPath_DoRothEA;TFLink;TRRUST	CollecTRI;CollecTRI2;DoRothEA;DoRothEA-A_CollecTRI;DoRothEA-A_CollecTRI2;ExTRI2_CollecTRI2;HOCOMOCO_DoRothEA;HTRI_CollecTRI;HTRIdb;HTRIdb_CollecTRI2;HTRIdb_DoRothEA;JASPAR_DoRothEA;TRRUST;TRRUST_CollecTRI;TRRUST_CollecTRI2;TRRUST_DoRothEA				existing_public_pair_union	existing_public_pair_union	new_candidate		3	false	vertebrates	existing_or_canonical	Cross-species inventory collapse only; retain species-specific evidence records separately.; Vertebrate JASPAR/profile scope is not treated as human/mouse evidence.
znf146	ZNF146	human;vertebrates	AnimalTFDB3;JASPAR_CORE;Lambert_HumanTFs;TFLink					new_candidate		new_candidate		2	false	human;vertebrates	new_candidate	Cross-species inventory collapse only; retain species-specific evidence records separately.; Vertebrate JASPAR/profile scope is not treated as human/mouse evidence.
znf148	ZNF148;Znf148	human;mouse;vertebrates	AnimalTFDB3;JASPAR_CORE;Lambert_HumanTFs;OmniPath_DoRothEA;TFLink;TRRUST	CollecTRI;CollecTRI2;CytReg_CollecTRI;CytReg_CollecTRI2;DoRothEA;DoRothEA-A_CollecTRI;DoRothEA-A_CollecTRI2;ExTRI2_CollecTRI2;ExTRI_CollecTRI;HTRI_CollecTRI;HTRIdb;HTRIdb_CollecTRI2;HTRIdb_DoRothEA;IntAct_DoRothEA;NTNUcuration_CollecTRI2;ORegAnno;ORegAnno_DoRothEA;TRRUST;TRRUST_CollecTRI;TRRUST_CollecTRI2;TRRUST_DoRothEA				existing_public_pair_union	existing_public_pair_union	new_candidate		3	false	vertebrates	existing_or_canonical	Cross-species inventory collapse only; retain species-specific evidence records separately.; Vertebrate JASPAR/profile scope is not treated as human/mouse evidence.
znf154	ZNF154	human	AnimalTFDB3;Lambert_HumanTFs					new_candidate				1	false	human	new_candidate	
znf155	ZNF155	human	AnimalTFDB3;Lambert_HumanTFs;TFLink					new_candidate				1	false	human	new_candidate	
znf157	ZNF157	human;vertebrates	AnimalTFDB3;JASPAR_CORE;Lambert_HumanTFs;TFLink					new_candidate		new_candidate		2	false	human;vertebrates	new_candidate	Cross-species inventory collapse only; retain species-specific evidence records separately.; Vertebrate JASPAR/profile scope is not treated as human/mouse evidence.
znf16	ZNF16	human;vertebrates	AnimalTFDB3;JASPAR_CORE;Lambert_HumanTFs;TFLink					new_candidate		new_candidate		2	false	human;vertebrates	new_candidate	Cross-species inventory collapse only; retain species-specific evidence records separately.; Vertebrate JASPAR/profile scope is not treated as human/mouse evidence.
znf160	ZNF160	human	AnimalTFDB3;Lambert_HumanTFs;TFLink;TRRUST	TRRUST				existing_public_pair_union				1	false		existing_or_canonical	
znf165	ZNF165	human	AnimalTFDB3;Lambert_HumanTFs;TFLink					new_candidate				1	false	human	new_candidate	
znf169	ZNF169	human	AnimalTFDB3;Lambert_HumanTFs;TFLink					new_candidate				1	false	human	new_candidate	
znf17	ZNF17	human	AnimalTFDB3;Lambert_HumanTFs					new_candidate				1	false	human	new_candidate	
znf174	ZNF174	human	AnimalTFDB3;Lambert_HumanTFs;TFLink					new_candidate				1	false	human	new_candidate	
znf175	ZNF175	human;vertebrates	AnimalTFDB3;JASPAR_CORE;Lambert_HumanTFs;TFLink;TRRUST	TRRUST				existing_public_pair_union		new_candidate		2	false	vertebrates	existing_or_canonical	Cross-species inventory collapse only; retain species-specific evidence records separately.; Vertebrate JASPAR/profile scope is not treated as human/mouse evidence.
znf177	ZNF177	human	AnimalTFDB3;Lambert_HumanTFs					new_candidate				1	false	human	new_candidate	
znf18	ZNF18	human;vertebrates	AnimalTFDB3;JASPAR_CORE;Lambert_HumanTFs;TFLink					new_candidate		new_candidate		2	false	human;vertebrates	new_candidate	Cross-species inventory collapse only; retain species-specific evidence records separately.; Vertebrate JASPAR/profile scope is not treated as human/mouse evidence.
znf180	ZNF180	human	AnimalTFDB3;Lambert_HumanTFs					new_candidate				1	false	human	new_candidate	
znf181	ZNF181	human	AnimalTFDB3;Lambert_HumanTFs					new_candidate				1	false	human	new_candidate	
znf182	ZNF182	human	AnimalTFDB3;Lambert_HumanTFs					new_candidate				1	false	human	new_candidate	
znf184	ZNF184	human;vertebrates	AnimalTFDB3;JASPAR_CORE;Lambert_HumanTFs;TFLink					new_candidate		new_candidate		2	false	human;vertebrates	new_candidate	Cross-species inventory collapse only; retain species-specific evidence records separately.; Vertebrate JASPAR/profile scope is not treated as human/mouse evidence.
znf189	ZNF189	human;vertebrates	AnimalTFDB3;JASPAR_CORE;Lambert_HumanTFs;TFLink					new_candidate		new_candidate		2	false	human;vertebrates	new_candidate	Cross-species inventory collapse only; retain species-specific evidence records separately.; Vertebrate JASPAR/profile scope is not treated as human/mouse evidence.
znf19	ZNF19	human	AnimalTFDB3;Lambert_HumanTFs;TFLink					new_candidate				1	false	human	new_candidate	
znf195	ZNF195	human	AnimalTFDB3;Lambert_HumanTFs					new_candidate				1	false	human	new_candidate	
znf197	ZNF197	human	AnimalTFDB3;Lambert_HumanTFs;TFLink					new_candidate				1	false	human	new_candidate	
znf2	ZNF2	human	AnimalTFDB3;Lambert_HumanTFs;TFLink					new_candidate				1	false	human	new_candidate	
znf20	ZNF20	human;vertebrates	AnimalTFDB3;JASPAR_CORE;Lambert_HumanTFs					new_candidate		new_candidate		2	false	human;vertebrates	new_candidate	Cross-species inventory collapse only; retain species-specific evidence records separately.; Vertebrate JASPAR/profile scope is not treated as human/mouse evidence.
znf200	ZNF200	human	AnimalTFDB3;Lambert_HumanTFs					new_candidate				1	false	human	new_candidate	
znf202	ZNF202	human	AnimalTFDB3;Lambert_HumanTFs;OmniPath_DoRothEA;TFLink;TRRUST	ARACNe-GTEx_DoRothEA;CollecTRI;CollecTRI2;DoRothEA;DoRothEA-A_CollecTRI;DoRothEA-A_CollecTRI2;ExTRI2_CollecTRI2;HTRI_CollecTRI;HTRIdb;HTRIdb_CollecTRI2;HTRIdb_DoRothEA;NTNU.Curated_CollecTRI;NTNUcuration_CollecTRI2;SIGNOR_CollecTRI;SIGNOR_CollecTRI2;TRRUST;TRRUST_CollecTRI;TRRUST_CollecTRI2;TRRUST_DoRothEA				existing_public_pair_union				1	false		existing_or_canonical	
znf205	ZNF205	human	AnimalTFDB3;Lambert_HumanTFs;TFLink					new_candidate				1	false	human	new_candidate	
znf207	ZNF207	human	AnimalTFDB3;Lambert_HumanTFs;TFLink					new_candidate				1	false	human	new_candidate	
znf208	ZNF208	human	AnimalTFDB3;Lambert_HumanTFs					new_candidate				1	false	human	new_candidate	
znf211	ZNF211	human;vertebrates	AnimalTFDB3;JASPAR_CORE;Lambert_HumanTFs;TFLink					new_candidate		new_candidate		2	false	human;vertebrates	new_candidate	Cross-species inventory collapse only; retain species-specific evidence records separately.; Vertebrate JASPAR/profile scope is not treated as human/mouse evidence.
znf212	ZNF212	human	AnimalTFDB3;Lambert_HumanTFs					new_candidate				1	false	human	new_candidate	
znf213	ZNF213	human;vertebrates	AnimalTFDB3;JASPAR_CORE;Lambert_HumanTFs;TFLink					new_candidate		new_candidate		2	false	human;vertebrates	new_candidate	Cross-species inventory collapse only; retain species-specific evidence records separately.; Vertebrate JASPAR/profile scope is not treated as human/mouse evidence.
znf214	ZNF214	human;vertebrates	AnimalTFDB3;JASPAR_CORE;Lambert_HumanTFs;TFLink					new_candidate		new_candidate		2	false	human;vertebrates	new_candidate	Cross-species inventory collapse only; retain species-specific evidence records separately.; Vertebrate JASPAR/profile scope is not treated as human/mouse evidence.
znf215	ZNF215	human;vertebrates	AnimalTFDB3;JASPAR_CORE;Lambert_HumanTFs					new_candidate		new_candidate		2	false	human;vertebrates	new_candidate	Cross-species inventory collapse only; retain species-specific evidence records separately.; Vertebrate JASPAR/profile scope is not treated as human/mouse evidence.
znf217	ZNF217	human	AnimalTFDB3;Lambert_HumanTFs;TFLink;TRRUST	TRRUST				existing_public_pair_union				1	false		existing_or_canonical	
znf219	ZNF219	human	AnimalTFDB3;Lambert_HumanTFs					new_candidate				1	false	human	new_candidate	
znf22	ZNF22	human	AnimalTFDB3;Lambert_HumanTFs;TFLink					new_candidate				1	false	human	new_candidate	
znf221	ZNF221	human	AnimalTFDB3;Lambert_HumanTFs;TFLink					new_candidate				1	false	human	new_candidate	
znf222	ZNF222	human	AnimalTFDB3;Lambert_HumanTFs					new_candidate				1	false	human	new_candidate	
znf223	ZNF223	human	AnimalTFDB3;Lambert_HumanTFs;TFLink					new_candidate				1	false	human	new_candidate	
znf224	ZNF224	human	AnimalTFDB3;Lambert_HumanTFs;OmniPath_DoRothEA;TFLink;TRRUST	CollecTRI;CollecTRI2;DoRothEA;DoRothEA-A_CollecTRI;DoRothEA-A_CollecTRI2;ExTRI2_CollecTRI2;ExTRI_CollecTRI;GOA_CollecTRI;GOA_CollecTRI2;HTRI_CollecTRI;HTRIdb;HTRIdb_CollecTRI2;HTRIdb_DoRothEA;SIGNOR_CollecTRI;SIGNOR_CollecTRI2;TRRUST;TRRUST_CollecTRI;TRRUST_CollecTRI2;TRRUST_DoRothEA				existing_public_pair_union				1	false		existing_or_canonical	
znf225	ZNF225	human	AnimalTFDB3;Lambert_HumanTFs					new_candidate				1	false	human	new_candidate	
znf226	ZNF226	human;vertebrates	AnimalTFDB3;JASPAR_CORE;Lambert_HumanTFs					new_candidate		new_candidate		2	false	human;vertebrates	new_candidate	Cross-species inventory collapse only; retain species-specific evidence records separately.; Vertebrate JASPAR/profile scope is not treated as human/mouse evidence.
znf227	ZNF227	human	AnimalTFDB3;Lambert_HumanTFs					new_candidate				1	false	human	new_candidate	
znf229	ZNF229	human	AnimalTFDB3;Lambert_HumanTFs					new_candidate				1	false	human	new_candidate	
znf23	ZNF23	human	AnimalTFDB3;Lambert_HumanTFs;TFLink					new_candidate				1	false	human	new_candidate	
znf230	ZNF230	human	AnimalTFDB3;Lambert_HumanTFs					new_candidate				1	false	human	new_candidate	
znf232	ZNF232	human	AnimalTFDB3;Lambert_HumanTFs					new_candidate				1	false	human	new_candidate	
znf233	ZNF233	human	AnimalTFDB3;Lambert_HumanTFs					new_candidate				1	false	human	new_candidate	
znf234	ZNF234	human;vertebrates	AnimalTFDB3;JASPAR_CORE;Lambert_HumanTFs					new_candidate		new_candidate		2	false	human;vertebrates	new_candidate	Cross-species inventory collapse only; retain species-specific evidence records separately.; Vertebrate JASPAR/profile scope is not treated as human/mouse evidence.
znf235	ZNF235	human	AnimalTFDB3;Lambert_HumanTFs					new_candidate				1	false	human	new_candidate	
znf236	ZNF236	human	AnimalTFDB3;Lambert_HumanTFs;TFLink					new_candidate				1	false	human	new_candidate	
znf239	ZNF239	human	AnimalTFDB3;Lambert_HumanTFs;TFLink;TRRUST	TRRUST				existing_public_pair_union				1	false		existing_or_canonical	
znf24	ZNF24;Znf24	human;mouse;vertebrates	AnimalTFDB3;JASPAR_CORE;Lambert_HumanTFs;TFLink;TRRUST	TRRUST				existing_public_pair_union	new_candidate	new_candidate		3	false	mouse;vertebrates	existing_or_canonical	Cross-species inventory collapse only; retain species-specific evidence records separately.; Vertebrate JASPAR/profile scope is not treated as human/mouse evidence.
znf248	ZNF248	human	AnimalTFDB3;Lambert_HumanTFs;TFLink					new_candidate				1	false	human	new_candidate	
znf25	ZNF25	human	AnimalTFDB3;Lambert_HumanTFs					new_candidate				1	false	human	new_candidate	
znf250	ZNF250	human;vertebrates	AnimalTFDB3;JASPAR_CORE;Lambert_HumanTFs;TFLink					new_candidate		new_candidate		2	false	human;vertebrates	new_candidate	Cross-species inventory collapse only; retain species-specific evidence records separately.; Vertebrate JASPAR/profile scope is not treated as human/mouse evidence.
znf251	ZNF251	human;vertebrates	AnimalTFDB3;JASPAR_CORE;Lambert_HumanTFs					new_candidate		new_candidate		2	false	human;vertebrates	new_candidate	Cross-species inventory collapse only; retain species-specific evidence records separately.; Vertebrate JASPAR/profile scope is not treated as human/mouse evidence.
znf253	ZNF253	human	AnimalTFDB3;Lambert_HumanTFs					new_candidate				1	false	human	new_candidate	
znf254	ZNF254	human	AnimalTFDB3;Lambert_HumanTFs					new_candidate				1	false	human	new_candidate	
znf256	ZNF256	human	AnimalTFDB3;Lambert_HumanTFs					new_candidate				1	false	human	new_candidate	
znf257	ZNF257	human;vertebrates	AnimalTFDB3;JASPAR_CORE;Lambert_HumanTFs;TFLink					new_candidate		new_candidate		2	false	human;vertebrates	new_candidate	Cross-species inventory collapse only; retain species-specific evidence records separately.; Vertebrate JASPAR/profile scope is not treated as human/mouse evidence.
znf26	ZNF26	human	AnimalTFDB3;Lambert_HumanTFs;TFLink					new_candidate				1	false	human	new_candidate	
znf260	ZNF260	human;vertebrates	AnimalTFDB3;JASPAR_CORE;Lambert_HumanTFs;TFLink					new_candidate		new_candidate		2	false	human;vertebrates	new_candidate	Cross-species inventory collapse only; retain species-specific evidence records separately.; Vertebrate JASPAR/profile scope is not treated as human/mouse evidence.
znf263	ZNF263;Znf263	human;mouse;vertebrates	AnimalTFDB3;JASPAR_CORE;Lambert_HumanTFs;OmniPath_DoRothEA;TFLink	ARACNe-GTEx_DoRothEA;DoRothEA;ENCODE-proximal;HOCOMOCO_DoRothEA;JASPAR_DoRothEA;PAZAR;PAZAR_DoRothEA;ReMap_DoRothEA				existing_public_pair_union	existing_public_pair_union	new_candidate		3	false	vertebrates	existing_or_canonical	Cross-species inventory collapse only; retain species-specific evidence records separately.; Vertebrate JASPAR/profile scope is not treated as human/mouse evidence.
znf264	ZNF264	human	AnimalTFDB3;Lambert_HumanTFs;TFLink					new_candidate				1	false	human	new_candidate	
znf266	ZNF266	human	AnimalTFDB3;Lambert_HumanTFs;TFLink					new_candidate				1	false	human	new_candidate	
znf267	ZNF267	human	AnimalTFDB3;Lambert_HumanTFs;OmniPath_DoRothEA;TFLink;TRRUST	CollecTRI;CollecTRI2;DoRothEA;DoRothEA-A_CollecTRI;DoRothEA-A_CollecTRI2;ExTRI2_CollecTRI2;ExTRI_CollecTRI;HTRI_CollecTRI;HTRIdb;HTRIdb_CollecTRI2;HTRIdb_DoRothEA;SIGNOR;SIGNOR_CollecTRI;SIGNOR_CollecTRI2;TRRUST;TRRUST_CollecTRI;TRRUST_CollecTRI2;TRRUST_DoRothEA				existing_public_pair_union				1	false		existing_or_canonical	
znf268	ZNF268	human	AnimalTFDB3;Lambert_HumanTFs					new_candidate				1	false	human	new_candidate	
znf273	ZNF273	human	AnimalTFDB3;Lambert_HumanTFs					new_candidate				1	false	human	new_candidate	
znf274	ZNF274	human;vertebrates	AnimalTFDB3;JASPAR_CORE;Lambert_HumanTFs;OmniPath_DoRothEA;TFLink	ARACNe-GTEx_DoRothEA;DoRothEA;HOCOMOCO_DoRothEA;ReMap_DoRothEA				existing_public_pair_union		new_candidate		2	false	vertebrates	existing_or_canonical	Cross-species inventory collapse only; retain species-specific evidence records separately.; Vertebrate JASPAR/profile scope is not treated as human/mouse evidence.
znf275	ZNF275	human;vertebrates	AnimalTFDB3;JASPAR_CORE;Lambert_HumanTFs					new_candidate		new_candidate		2	false	human;vertebrates	new_candidate	Cross-species inventory collapse only; retain species-specific evidence records separately.; Vertebrate JASPAR/profile scope is not treated as human/mouse evidence.
znf276	ZNF276	human	AnimalTFDB3;Lambert_HumanTFs					new_candidate				1	false	human	new_candidate	
znf277	ZNF277	human	AnimalTFDB3;Lambert_HumanTFs					new_candidate				1	false	human	new_candidate	
znf28	ZNF28	human	AnimalTFDB3;Lambert_HumanTFs					new_candidate				1	false	human	new_candidate	
znf280a	ZNF280A	human	AnimalTFDB3;Lambert_HumanTFs;TFLink					new_candidate				1	false	human	new_candidate	
znf280b	ZNF280B	human	AnimalTFDB3;Lambert_HumanTFs					new_candidate				1	false	human	new_candidate	
znf280c	ZNF280C	human	AnimalTFDB3;Lambert_HumanTFs;TFLink					new_candidate				1	false	human	new_candidate	
znf280d	ZNF280D	human	AnimalTFDB3;Lambert_HumanTFs;TFLink					new_candidate				1	false	human	new_candidate	
znf281	ZNF281;Znf281	human;mouse;vertebrates	AnimalTFDB3;JASPAR_CORE;Lambert_HumanTFs;TFLink					new_candidate	new_candidate	new_candidate		3	false	human;mouse;vertebrates	new_candidate	Cross-species inventory collapse only; retain species-specific evidence records separately.; Vertebrate JASPAR/profile scope is not treated as human/mouse evidence.
znf282	ZNF282	human;vertebrates	AnimalTFDB3;JASPAR_CORE;Lambert_HumanTFs;TFLink					new_candidate		new_candidate		2	false	human;vertebrates	new_candidate	Cross-species inventory collapse only; retain species-specific evidence records separately.; Vertebrate JASPAR/profile scope is not treated as human/mouse evidence.
znf283	ZNF283	human	AnimalTFDB3;Lambert_HumanTFs					new_candidate				1	false	human	new_candidate	
znf284	ZNF284	human	AnimalTFDB3;Lambert_HumanTFs					new_candidate				1	false	human	new_candidate	
znf285	ZNF285	human	AnimalTFDB3;Lambert_HumanTFs					new_candidate				1	false	human	new_candidate	
znf286a	ZNF286A	human	AnimalTFDB3;Lambert_HumanTFs					new_candidate				1	false	human	new_candidate	
znf286b	ZNF286B	human;vertebrates	AnimalTFDB3;JASPAR_CORE;Lambert_HumanTFs					new_candidate		new_candidate		2	false	human;vertebrates	new_candidate	Cross-species inventory collapse only; retain species-specific evidence records separately.; Vertebrate JASPAR/profile scope is not treated as human/mouse evidence.
znf287	ZNF287	human	AnimalTFDB3;Lambert_HumanTFs					new_candidate				1	false	human	new_candidate	
znf292	ZNF292	human	AnimalTFDB3;Lambert_HumanTFs;TFLink					new_candidate				1	false	human	new_candidate	
znf296	ZNF296;Znf296	human;mouse	AnimalTFDB3;Lambert_HumanTFs;TFLink					new_candidate	new_candidate			2	false	human;mouse	new_candidate	Cross-species inventory collapse only; retain species-specific evidence records separately.
znf3	ZNF3	human	AnimalTFDB3;Lambert_HumanTFs;TFLink					new_candidate				1	false	human	new_candidate	
znf30	ZNF30	human	AnimalTFDB3;Lambert_HumanTFs;TFLink					new_candidate				1	false	human	new_candidate	
znf300	ZNF300	human	AnimalTFDB3;Lambert_HumanTFs;TFLink;TRRUST	TRRUST				existing_public_pair_union				1	false		existing_or_canonical	
znf302	ZNF302	human	AnimalTFDB3;Lambert_HumanTFs;TFLink					new_candidate				1	false	human	new_candidate	
znf304	ZNF304	human	AnimalTFDB3;Lambert_HumanTFs					new_candidate				1	false	human	new_candidate	
znf311	ZNF311	human	AnimalTFDB3;Lambert_HumanTFs					new_candidate				1	false	human	new_candidate	
znf316	ZNF316	human	AnimalTFDB3;Lambert_HumanTFs;TFLink					new_candidate				1	false	human	new_candidate	
znf317	ZNF317	human;vertebrates	AnimalTFDB3;JASPAR_CORE;Lambert_HumanTFs;TFLink					new_candidate		new_candidate		2	false	human;vertebrates	new_candidate	Cross-species inventory collapse only; retain species-specific evidence records separately.; Vertebrate JASPAR/profile scope is not treated as human/mouse evidence.
znf318	ZNF318	human	AnimalTFDB3;Lambert_HumanTFs;TFLink					new_candidate				1	false	human	new_candidate	
znf319	ZNF319;Znf319	human;mouse	AnimalTFDB3;Lambert_HumanTFs;TFLink					new_candidate	new_candidate			2	false	human;mouse	new_candidate	Cross-species inventory collapse only; retain species-specific evidence records separately.
znf32	ZNF32	human	AnimalTFDB3;Lambert_HumanTFs					new_candidate				1	false	human	new_candidate	
znf320	ZNF320	human;vertebrates	AnimalTFDB3;JASPAR_CORE;Lambert_HumanTFs;TFLink					new_candidate		new_candidate		2	false	human;vertebrates	new_candidate	Cross-species inventory collapse only; retain species-specific evidence records separately.; Vertebrate JASPAR/profile scope is not treated as human/mouse evidence.
znf322	ZNF322;Znf322	human;mouse;vertebrates	AnimalTFDB3;JASPAR_CORE;Lambert_HumanTFs;TFLink					new_candidate	new_candidate	new_candidate		3	false	human;mouse;vertebrates	new_candidate	Cross-species inventory collapse only; retain species-specific evidence records separately.; Vertebrate JASPAR/profile scope is not treated as human/mouse evidence.
znf324	ZNF324	human;vertebrates	AnimalTFDB3;JASPAR_CORE;Lambert_HumanTFs;TFLink					new_candidate		new_candidate		2	false	human;vertebrates	new_candidate	Cross-species inventory collapse only; retain species-specific evidence records separately.; Vertebrate JASPAR/profile scope is not treated as human/mouse evidence.
znf324b	ZNF324B	human	AnimalTFDB3;Lambert_HumanTFs					new_candidate				1	false	human	new_candidate	
znf326	ZNF326	human	AnimalTFDB3;Lambert_HumanTFs					new_candidate				1	false	human	new_candidate	
znf329	ZNF329	human	AnimalTFDB3;Lambert_HumanTFs;TFLink					new_candidate				1	false	human	new_candidate	
znf331	ZNF331	human;vertebrates	AnimalTFDB3;JASPAR_CORE;Lambert_HumanTFs;TFLink					new_candidate		new_candidate		2	false	human;vertebrates	new_candidate	Cross-species inventory collapse only; retain species-specific evidence records separately.; Vertebrate JASPAR/profile scope is not treated as human/mouse evidence.
znf333	ZNF333	human	AnimalTFDB3;Lambert_HumanTFs					new_candidate				1	false	human	new_candidate	
znf334	ZNF334	human	AnimalTFDB3;Lambert_HumanTFs					new_candidate				1	false	human	new_candidate	
znf335	ZNF335;Znf335	human;mouse;vertebrates	AnimalTFDB3;JASPAR_CORE;Lambert_HumanTFs;TFLink;TRRUST	TRRUST				existing_public_pair_union	new_candidate	new_candidate		3	false	mouse;vertebrates	existing_or_canonical	Cross-species inventory collapse only; retain species-specific evidence records separately.; Vertebrate JASPAR/profile scope is not treated as human/mouse evidence.
znf337	ZNF337	human	AnimalTFDB3;Lambert_HumanTFs					new_candidate				1	false	human	new_candidate	
znf33a	ZNF33A	human	AnimalTFDB3;Lambert_HumanTFs;TFLink					new_candidate				1	false	human	new_candidate	
znf33b	ZNF33B	human	AnimalTFDB3;Lambert_HumanTFs					new_candidate				1	false	human	new_candidate	
znf34	ZNF34	human	AnimalTFDB3;Lambert_HumanTFs;TFLink					new_candidate				1	false	human	new_candidate	
znf341	ZNF341	human;vertebrates	AnimalTFDB3;JASPAR_CORE;Lambert_HumanTFs;TFLink					new_candidate		new_candidate		2	false	human;vertebrates	new_candidate	Cross-species inventory collapse only; retain species-specific evidence records separately.; Vertebrate JASPAR/profile scope is not treated as human/mouse evidence.
znf343	ZNF343	human;vertebrates	AnimalTFDB3;JASPAR_CORE;Lambert_HumanTFs					new_candidate		new_candidate		2	false	human;vertebrates	new_candidate	Cross-species inventory collapse only; retain species-specific evidence records separately.; Vertebrate JASPAR/profile scope is not treated as human/mouse evidence.
znf345	ZNF345	human	AnimalTFDB3;Lambert_HumanTFs					new_candidate				1	false	human	new_candidate	
znf346	ZNF346	human	Lambert_HumanTFs					new_candidate				1	false	human	new_candidate	
znf347	ZNF347	human;vertebrates	AnimalTFDB3;JASPAR_CORE;Lambert_HumanTFs					new_candidate		new_candidate		2	false	human;vertebrates	new_candidate	Cross-species inventory collapse only; retain species-specific evidence records separately.; Vertebrate JASPAR/profile scope is not treated as human/mouse evidence.
znf35	ZNF35	human;vertebrates	AnimalTFDB3;JASPAR_CORE;Lambert_HumanTFs;TFLink					new_candidate		new_candidate		2	false	human;vertebrates	new_candidate	Cross-species inventory collapse only; retain species-specific evidence records separately.; Vertebrate JASPAR/profile scope is not treated as human/mouse evidence.
znf350	ZNF350	human	AnimalTFDB3;Lambert_HumanTFs;TFLink;TRRUST	TRRUST				existing_public_pair_union				1	false		existing_or_canonical	
znf354a	ZNF354A	human;vertebrates	AnimalTFDB3;JASPAR_CORE;Lambert_HumanTFs;TFLink					new_candidate		new_candidate		2	false	human;vertebrates	new_candidate	Cross-species inventory collapse only; retain species-specific evidence records separately.; Vertebrate JASPAR/profile scope is not treated as human/mouse evidence.
znf354b	ZNF354B	human	AnimalTFDB3;Lambert_HumanTFs;TFLink					new_candidate				1	false	human	new_candidate	
znf354c	ZNF354C	human;vertebrates	AnimalTFDB3;JASPAR_CORE;Lambert_HumanTFs;TFLink					new_candidate		new_candidate		2	false	human;vertebrates	new_candidate	Cross-species inventory collapse only; retain species-specific evidence records separately.; Vertebrate JASPAR/profile scope is not treated as human/mouse evidence.
znf358	ZNF358	human	AnimalTFDB3;Lambert_HumanTFs					new_candidate				1	false	human	new_candidate	
znf362	ZNF362	human;vertebrates	AnimalTFDB3;JASPAR_CORE;Lambert_HumanTFs;TFLink					new_candidate		new_candidate		2	false	human;vertebrates	new_candidate	Cross-species inventory collapse only; retain species-specific evidence records separately.; Vertebrate JASPAR/profile scope is not treated as human/mouse evidence.
znf365	ZNF365	human	Lambert_HumanTFs					new_candidate				1	false	human	new_candidate	
znf366	ZNF366	human	AnimalTFDB3;Lambert_HumanTFs;TFLink					new_candidate				1	false	human	new_candidate	
znf367	ZNF367	human;vertebrates	AnimalTFDB3;JASPAR_CORE;Lambert_HumanTFs					new_candidate		new_candidate		2	false	human;vertebrates	new_candidate	Cross-species inventory collapse only; retain species-specific evidence records separately.; Vertebrate JASPAR/profile scope is not treated as human/mouse evidence.
znf37a	ZNF37A	human	AnimalTFDB3;Lambert_HumanTFs;TFLink					new_candidate				1	false	human	new_candidate	
znf382	ZNF382;Znf382	human;mouse;vertebrates	AnimalTFDB3;JASPAR_CORE;Lambert_HumanTFs;OmniPath_DoRothEA;TFLink;TRRUST	CollecTRI;CollecTRI2;DoRothEA;DoRothEA-A_CollecTRI2;ExTRI2_CollecTRI2;HOCOMOCO_DoRothEA;TRRUST;TRRUST_CollecTRI;TRRUST_CollecTRI2;TRRUST_DoRothEA				existing_public_pair_union	existing_public_pair_union	new_candidate		3	false	vertebrates	existing_or_canonical	Cross-species inventory collapse only; retain species-specific evidence records separately.; Vertebrate JASPAR/profile scope is not treated as human/mouse evidence.
znf383	ZNF383	human	AnimalTFDB3;Lambert_HumanTFs;TFLink;TRRUST	TRRUST				existing_public_pair_union				1	false		existing_or_canonical	
znf384	ZNF384	human;vertebrates	AnimalTFDB3;JASPAR_CORE;Lambert_HumanTFs;OmniPath_DoRothEA;TFLink	ARACNe-GTEx_DoRothEA;DoRothEA;HOCOMOCO_DoRothEA;ReMap_DoRothEA				existing_public_pair_union		new_candidate		2	false	vertebrates	existing_or_canonical	Cross-species inventory collapse only; retain species-specific evidence records separately.; Vertebrate JASPAR/profile scope is not treated as human/mouse evidence.
znf385a	ZNF385A;Znf385a	human;mouse	AnimalTFDB3;Lambert_HumanTFs;TFLink					new_candidate	new_candidate			2	false	human;mouse	new_candidate	Cross-species inventory collapse only; retain species-specific evidence records separately.
znf385b	ZNF385B	human	AnimalTFDB3;Lambert_HumanTFs					new_candidate				1	false	human	new_candidate	
znf385c	ZNF385C	human	Lambert_HumanTFs					new_candidate				1	false	human	new_candidate	
znf385d	ZNF385D	human	Lambert_HumanTFs					new_candidate				1	false	human	new_candidate	
znf391	ZNF391	human	AnimalTFDB3;Lambert_HumanTFs;TFLink					new_candidate				1	false	human	new_candidate	
znf394	ZNF394	human	AnimalTFDB3;Lambert_HumanTFs;TFLink					new_candidate				1	false	human	new_candidate	
znf395	ZNF395	human;vertebrates	AnimalTFDB3;JASPAR_CORE;Lambert_HumanTFs;TFLink					new_candidate		new_candidate		2	false	human;vertebrates	new_candidate	Cross-species inventory collapse only; retain species-specific evidence records separately.; Vertebrate JASPAR/profile scope is not treated as human/mouse evidence.
znf396	ZNF396	human	AnimalTFDB3;Lambert_HumanTFs					new_candidate				1	false	human	new_candidate	
znf397	ZNF397	human	AnimalTFDB3;Lambert_HumanTFs					new_candidate				1	false	human	new_candidate	
znf398	ZNF398	human	AnimalTFDB3;Lambert_HumanTFs;TFLink					new_candidate				1	false	human	new_candidate	
znf404	ZNF404	human	AnimalTFDB3;Lambert_HumanTFs;TFLink					new_candidate				1	false	human	new_candidate	
znf407	ZNF407	human;vertebrates	AnimalTFDB3;JASPAR_CORE;Lambert_HumanTFs;TFLink					new_candidate		new_candidate		2	false	human;vertebrates	new_candidate	Cross-species inventory collapse only; retain species-specific evidence records separately.; Vertebrate JASPAR/profile scope is not treated as human/mouse evidence.
znf408	ZNF408	human	AnimalTFDB3;Lambert_HumanTFs					new_candidate				1	false	human	new_candidate	
znf41	ZNF41	human	AnimalTFDB3;Lambert_HumanTFs;TFLink					new_candidate				1	false	human	new_candidate	
znf410	ZNF410;Znf410	human;mouse;vertebrates	AnimalTFDB3;JASPAR_CORE;Lambert_HumanTFs;TFLink;TRRUST	TRRUST				existing_public_pair_union	new_candidate	new_candidate		3	false	mouse;vertebrates	existing_or_canonical	Cross-species inventory collapse only; retain species-specific evidence records separately.; Vertebrate JASPAR/profile scope is not treated as human/mouse evidence.
znf414	ZNF414	human	AnimalTFDB3;Lambert_HumanTFs					new_candidate				1	false	human	new_candidate	
znf415	ZNF415	human	AnimalTFDB3;Lambert_HumanTFs					new_candidate				1	false	human	new_candidate	
znf416	ZNF416	human;vertebrates	AnimalTFDB3;JASPAR_CORE;Lambert_HumanTFs;TFLink					new_candidate		new_candidate		2	false	human;vertebrates	new_candidate	Cross-species inventory collapse only; retain species-specific evidence records separately.; Vertebrate JASPAR/profile scope is not treated as human/mouse evidence.
znf417	ZNF417	human;vertebrates	AnimalTFDB3;JASPAR_CORE;Lambert_HumanTFs;TFLink					new_candidate		new_candidate		2	false	human;vertebrates	new_candidate	Cross-species inventory collapse only; retain species-specific evidence records separately.; Vertebrate JASPAR/profile scope is not treated as human/mouse evidence.
znf418	ZNF418	human;vertebrates	AnimalTFDB3;JASPAR_CORE;Lambert_HumanTFs;TFLink					new_candidate		new_candidate		2	false	human;vertebrates	new_candidate	Cross-species inventory collapse only; retain species-specific evidence records separately.; Vertebrate JASPAR/profile scope is not treated as human/mouse evidence.
znf419	ZNF419	human	AnimalTFDB3;Lambert_HumanTFs;TFLink					new_candidate				1	false	human	new_candidate	
znf420	ZNF420	human	AnimalTFDB3;Lambert_HumanTFs					new_candidate				1	false	human	new_candidate	
znf423	ZNF423;Znf423	human;mouse;vertebrates	AnimalTFDB3;JASPAR_CORE;Lambert_HumanTFs;TFLink;TRRUST	TRRUST				existing_public_pair_union	new_candidate	new_candidate		3	false	mouse;vertebrates	existing_or_canonical	Cross-species inventory collapse only; retain species-specific evidence records separately.; Vertebrate JASPAR/profile scope is not treated as human/mouse evidence.
znf425	ZNF425	human	AnimalTFDB3;Lambert_HumanTFs					new_candidate				1	false	human	new_candidate	
znf426	ZNF426	human	AnimalTFDB3;Lambert_HumanTFs;TFLink					new_candidate				1	false	human	new_candidate	
znf428	ZNF428	human	Lambert_HumanTFs					new_candidate				1	false	human	new_candidate	
znf429	ZNF429	human	AnimalTFDB3;Lambert_HumanTFs					new_candidate				1	false	human	new_candidate	
znf43	ZNF43	human;vertebrates	AnimalTFDB3;JASPAR_CORE;Lambert_HumanTFs					new_candidate		new_candidate		2	false	human;vertebrates	new_candidate	Cross-species inventory collapse only; retain species-specific evidence records separately.; Vertebrate JASPAR/profile scope is not treated as human/mouse evidence.
znf430	ZNF430	human	AnimalTFDB3;Lambert_HumanTFs					new_candidate				1	false	human	new_candidate	
znf431	ZNF431;Znf431	human;mouse	AnimalTFDB3;Lambert_HumanTFs;TFLink					new_candidate	new_candidate			2	false	human;mouse	new_candidate	Cross-species inventory collapse only; retain species-specific evidence records separately.
znf432	ZNF432	human	AnimalTFDB3;Lambert_HumanTFs					new_candidate				1	false	human	new_candidate	
znf433	ZNF433	human	AnimalTFDB3;Lambert_HumanTFs;TFLink					new_candidate				1	false	human	new_candidate	
znf436	ZNF436	human;vertebrates	AnimalTFDB3;JASPAR_CORE;Lambert_HumanTFs;TFLink					new_candidate		new_candidate		2	false	human;vertebrates	new_candidate	Cross-species inventory collapse only; retain species-specific evidence records separately.; Vertebrate JASPAR/profile scope is not treated as human/mouse evidence.
znf438	ZNF438	human	AnimalTFDB3;Lambert_HumanTFs					new_candidate				1	false	human	new_candidate	
znf439	ZNF439	human	AnimalTFDB3;Lambert_HumanTFs					new_candidate				1	false	human	new_candidate	
znf44	ZNF44	human	AnimalTFDB3;Lambert_HumanTFs					new_candidate				1	false	human	new_candidate	
znf440	ZNF440	human	AnimalTFDB3;Lambert_HumanTFs					new_candidate				1	false	human	new_candidate	
znf441	ZNF441	human	AnimalTFDB3;Lambert_HumanTFs					new_candidate				1	false	human	new_candidate	
znf442	ZNF442	human	AnimalTFDB3;Lambert_HumanTFs					new_candidate				1	false	human	new_candidate	
znf443	ZNF443	human	AnimalTFDB3;Lambert_HumanTFs					new_candidate				1	false	human	new_candidate	
znf444	ZNF444	human	AnimalTFDB3;Lambert_HumanTFs;TFLink;TRRUST	TRRUST				existing_public_pair_union				1	false		existing_or_canonical	
znf445	ZNF445;Znf445	human;mouse	AnimalTFDB3;Lambert_HumanTFs;TFLink					new_candidate	new_candidate			2	false	human;mouse	new_candidate	Cross-species inventory collapse only; retain species-specific evidence records separately.
znf446	ZNF446	human	AnimalTFDB3;Lambert_HumanTFs					new_candidate				1	false	human	new_candidate	
znf449	ZNF449	human;vertebrates	AnimalTFDB3;JASPAR_CORE;Lambert_HumanTFs;TFLink					new_candidate		new_candidate		2	false	human;vertebrates	new_candidate	Cross-species inventory collapse only; retain species-specific evidence records separately.; Vertebrate JASPAR/profile scope is not treated as human/mouse evidence.
znf45	ZNF45	human	AnimalTFDB3;Lambert_HumanTFs					new_candidate				1	false	human	new_candidate	
znf451	ZNF451	human	Lambert_HumanTFs					new_candidate				1	false	human	new_candidate	
znf454	ZNF454	human;vertebrates	AnimalTFDB3;JASPAR_CORE;Lambert_HumanTFs;TFLink					new_candidate		new_candidate		2	false	human;vertebrates	new_candidate	Cross-species inventory collapse only; retain species-specific evidence records separately.; Vertebrate JASPAR/profile scope is not treated as human/mouse evidence.
znf460	ZNF460	human;vertebrates	AnimalTFDB3;JASPAR_CORE;Lambert_HumanTFs					new_candidate		new_candidate		2	false	human;vertebrates	new_candidate	Cross-species inventory collapse only; retain species-specific evidence records separately.; Vertebrate JASPAR/profile scope is not treated as human/mouse evidence.
znf461	ZNF461	human	AnimalTFDB3;Lambert_HumanTFs					new_candidate				1	false	human	new_candidate	
znf462	ZNF462	human	AnimalTFDB3;Lambert_HumanTFs					new_candidate				1	false	human	new_candidate	
znf467	ZNF467	human	AnimalTFDB3;Lambert_HumanTFs;TFLink					new_candidate				1	false	human	new_candidate	
znf468	ZNF468	human	AnimalTFDB3;Lambert_HumanTFs					new_candidate				1	false	human	new_candidate	
znf469	ZNF469	human	AnimalTFDB3;Lambert_HumanTFs					new_candidate				1	false	human	new_candidate	
znf470	ZNF470	human;vertebrates	AnimalTFDB3;JASPAR_CORE;Lambert_HumanTFs					new_candidate		new_candidate		2	false	human;vertebrates	new_candidate	Cross-species inventory collapse only; retain species-specific evidence records separately.; Vertebrate JASPAR/profile scope is not treated as human/mouse evidence.
znf471	ZNF471	human;vertebrates	AnimalTFDB3;JASPAR_CORE;Lambert_HumanTFs					new_candidate		new_candidate		2	false	human;vertebrates	new_candidate	Cross-species inventory collapse only; retain species-specific evidence records separately.; Vertebrate JASPAR/profile scope is not treated as human/mouse evidence.
znf473	ZNF473	human	AnimalTFDB3;Lambert_HumanTFs;TFLink					new_candidate				1	false	human	new_candidate	
znf474	ZNF474	human	Lambert_HumanTFs					new_candidate				1	false	human	new_candidate	
znf479	ZNF479	human	AnimalTFDB3;Lambert_HumanTFs					new_candidate				1	false	human	new_candidate	
znf48	ZNF48	human	AnimalTFDB3;Lambert_HumanTFs;TFLink					new_candidate				1	false	human	new_candidate	
znf480	ZNF480	human	AnimalTFDB3;Lambert_HumanTFs					new_candidate				1	false	human	new_candidate	
znf483	ZNF483	human	AnimalTFDB3;Lambert_HumanTFs					new_candidate				1	false	human	new_candidate	
znf484	ZNF484	human	AnimalTFDB3;Lambert_HumanTFs					new_candidate				1	false	human	new_candidate	
znf485	ZNF485	human	AnimalTFDB3;Lambert_HumanTFs					new_candidate				1	false	human	new_candidate	
znf486	ZNF486	human	AnimalTFDB3;Lambert_HumanTFs;TFLink					new_candidate				1	false	human	new_candidate	
znf487	ZNF487	human	AnimalTFDB3;Lambert_HumanTFs					new_candidate				1	false	human	new_candidate	
znf488	ZNF488;Znf488	human;mouse	AnimalTFDB3;Lambert_HumanTFs;TFLink					new_candidate	new_candidate			2	false	human;mouse	new_candidate	Cross-species inventory collapse only; retain species-specific evidence records separately.
znf490	ZNF490	human;vertebrates	AnimalTFDB3;JASPAR_CORE;Lambert_HumanTFs;TFLink					new_candidate		new_candidate		2	false	human;vertebrates	new_candidate	Cross-species inventory collapse only; retain species-specific evidence records separately.; Vertebrate JASPAR/profile scope is not treated as human/mouse evidence.
znf491	ZNF491	human	AnimalTFDB3;Lambert_HumanTFs;TFLink					new_candidate				1	false	human	new_candidate	
znf492	ZNF492	human	AnimalTFDB3;Lambert_HumanTFs					new_candidate				1	false	human	new_candidate	
znf493	ZNF493	human;vertebrates	AnimalTFDB3;JASPAR_CORE;Lambert_HumanTFs;TFLink					new_candidate		new_candidate		2	false	human;vertebrates	new_candidate	Cross-species inventory collapse only; retain species-specific evidence records separately.; Vertebrate JASPAR/profile scope is not treated as human/mouse evidence.
znf496	ZNF496	human	AnimalTFDB3;Lambert_HumanTFs					new_candidate				1	false	human	new_candidate	
znf497	ZNF497	human;vertebrates	AnimalTFDB3;JASPAR_CORE;Lambert_HumanTFs					new_candidate		new_candidate		2	false	human;vertebrates	new_candidate	Cross-species inventory collapse only; retain species-specific evidence records separately.; Vertebrate JASPAR/profile scope is not treated as human/mouse evidence.
znf500	ZNF500	human;vertebrates	AnimalTFDB3;JASPAR_CORE;Lambert_HumanTFs					new_candidate		new_candidate		2	false	human;vertebrates	new_candidate	Cross-species inventory collapse only; retain species-specific evidence records separately.; Vertebrate JASPAR/profile scope is not treated as human/mouse evidence.
znf501	ZNF501	human	AnimalTFDB3;Lambert_HumanTFs;TFLink					new_candidate				1	false	human	new_candidate	
znf502	ZNF502	human	AnimalTFDB3;Lambert_HumanTFs;TFLink					new_candidate				1	false	human	new_candidate	
znf503	ZNF503	human	AnimalTFDB3;Lambert_HumanTFs					new_candidate				1	false	human	new_candidate	
znf506	ZNF506	human	AnimalTFDB3;Lambert_HumanTFs					new_candidate				1	false	human	new_candidate	
znf507	ZNF507	human	AnimalTFDB3;Lambert_HumanTFs;TFLink					new_candidate				1	false	human	new_candidate	
znf510	ZNF510	human;vertebrates	AnimalTFDB3;JASPAR_CORE;Lambert_HumanTFs;TFLink					new_candidate		new_candidate		2	false	human;vertebrates	new_candidate	Cross-species inventory collapse only; retain species-specific evidence records separately.; Vertebrate JASPAR/profile scope is not treated as human/mouse evidence.
znf511	ZNF511	human	AnimalTFDB3;Lambert_HumanTFs;TFLink					new_candidate				1	false	human	new_candidate	
znf512	ZNF512	human	AnimalTFDB3;Lambert_HumanTFs;TFLink					new_candidate				1	false	human	new_candidate	
znf512b	ZNF512B	human	AnimalTFDB3;Lambert_HumanTFs;TFLink					new_candidate				1	false	human	new_candidate	
znf513	ZNF513;Znf513	human;mouse	AnimalTFDB3;Lambert_HumanTFs;TFLink					new_candidate	new_candidate			2	false	human;mouse	new_candidate	Cross-species inventory collapse only; retain species-specific evidence records separately.
znf514	ZNF514	human	AnimalTFDB3;Lambert_HumanTFs;TFLink					new_candidate				1	false	human	new_candidate	
znf516	ZNF516	human	AnimalTFDB3;Lambert_HumanTFs					new_candidate				1	false	human	new_candidate	
znf517	ZNF517	human	AnimalTFDB3;Lambert_HumanTFs					new_candidate				1	false	human	new_candidate	
znf518a	ZNF518A	human	AnimalTFDB3;Lambert_HumanTFs;TFLink					new_candidate				1	false	human	new_candidate	
znf518b	ZNF518B	human;vertebrates	AnimalTFDB3;JASPAR_CORE;Lambert_HumanTFs					new_candidate		new_candidate		2	false	human;vertebrates	new_candidate	Cross-species inventory collapse only; retain species-specific evidence records separately.; Vertebrate JASPAR/profile scope is not treated as human/mouse evidence.
znf519	ZNF519	human	AnimalTFDB3;Lambert_HumanTFs					new_candidate				1	false	human	new_candidate	
znf521	ZNF521	human	AnimalTFDB3;Lambert_HumanTFs					new_candidate				1	false	human	new_candidate	
znf524	ZNF524	human;vertebrates	AnimalTFDB3;JASPAR_CORE;Lambert_HumanTFs;TFLink					new_candidate		new_candidate		2	false	human;vertebrates	new_candidate	Cross-species inventory collapse only; retain species-specific evidence records separately.; Vertebrate JASPAR/profile scope is not treated as human/mouse evidence.
znf525	ZNF525	human	AnimalTFDB3;Lambert_HumanTFs					new_candidate				1	false	human	new_candidate	
znf526	ZNF526	human	AnimalTFDB3;Lambert_HumanTFs					new_candidate				1	false	human	new_candidate	
znf527	ZNF527	human	AnimalTFDB3;Lambert_HumanTFs					new_candidate				1	false	human	new_candidate	
znf528	ZNF528	human;vertebrates	AnimalTFDB3;JASPAR_CORE;Lambert_HumanTFs;TFLink					new_candidate		new_candidate		2	false	human;vertebrates	new_candidate	Cross-species inventory collapse only; retain species-specific evidence records separately.; Vertebrate JASPAR/profile scope is not treated as human/mouse evidence.
znf529	ZNF529	human	AnimalTFDB3;Lambert_HumanTFs;TFLink					new_candidate				1	false	human	new_candidate	
znf530	ZNF530	human;vertebrates	AnimalTFDB3;JASPAR_CORE;Lambert_HumanTFs;TFLink					new_candidate		new_candidate		2	false	human;vertebrates	new_candidate	Cross-species inventory collapse only; retain species-specific evidence records separately.; Vertebrate JASPAR/profile scope is not treated as human/mouse evidence.
znf532	ZNF532	human	AnimalTFDB3;Lambert_HumanTFs;TFLink					new_candidate				1	false	human	new_candidate	
znf534	ZNF534	human	AnimalTFDB3;Lambert_HumanTFs					new_candidate				1	false	human	new_candidate	
znf536	ZNF536	human;vertebrates	AnimalTFDB3;JASPAR_CORE;Lambert_HumanTFs					new_candidate		new_candidate		2	false	human;vertebrates	new_candidate	Cross-species inventory collapse only; retain species-specific evidence records separately.; Vertebrate JASPAR/profile scope is not treated as human/mouse evidence.
znf540	ZNF540	human	AnimalTFDB3;Lambert_HumanTFs					new_candidate				1	false	human	new_candidate	
znf541	ZNF541	human	AnimalTFDB3;Lambert_HumanTFs					new_candidate				1	false	human	new_candidate	
znf543	ZNF543	human	AnimalTFDB3;Lambert_HumanTFs					new_candidate				1	false	human	new_candidate	
znf544	ZNF544	human	AnimalTFDB3;Lambert_HumanTFs;TFLink					new_candidate				1	false	human	new_candidate	
znf546	ZNF546	human	AnimalTFDB3;Lambert_HumanTFs					new_candidate				1	false	human	new_candidate	
znf547	ZNF547	human;vertebrates	AnimalTFDB3;JASPAR_CORE;Lambert_HumanTFs;TFLink					new_candidate		new_candidate		2	false	human;vertebrates	new_candidate	Cross-species inventory collapse only; retain species-specific evidence records separately.; Vertebrate JASPAR/profile scope is not treated as human/mouse evidence.
znf548	ZNF548	human	AnimalTFDB3;Lambert_HumanTFs;TFLink					new_candidate				1	false	human	new_candidate	
znf549	ZNF549	human;vertebrates	AnimalTFDB3;JASPAR_CORE;Lambert_HumanTFs;TFLink					new_candidate		new_candidate		2	false	human;vertebrates	new_candidate	Cross-species inventory collapse only; retain species-specific evidence records separately.; Vertebrate JASPAR/profile scope is not treated as human/mouse evidence.
znf550	ZNF550	human	AnimalTFDB3;Lambert_HumanTFs					new_candidate				1	false	human	new_candidate	
znf551	ZNF551	human;vertebrates	AnimalTFDB3;JASPAR_CORE;Lambert_HumanTFs					new_candidate		new_candidate		2	false	human;vertebrates	new_candidate	Cross-species inventory collapse only; retain species-specific evidence records separately.; Vertebrate JASPAR/profile scope is not treated as human/mouse evidence.
znf552	ZNF552	human	AnimalTFDB3;Lambert_HumanTFs					new_candidate				1	false	human	new_candidate	
znf554	ZNF554	human	AnimalTFDB3;Lambert_HumanTFs;TFLink					new_candidate				1	false	human	new_candidate	
znf555	ZNF555	human	AnimalTFDB3;Lambert_HumanTFs;TFLink					new_candidate				1	false	human	new_candidate	
znf556	ZNF556	human	AnimalTFDB3;Lambert_HumanTFs					new_candidate				1	false	human	new_candidate	
znf557	ZNF557	human	AnimalTFDB3;Lambert_HumanTFs					new_candidate				1	false	human	new_candidate	
znf558	ZNF558	human;vertebrates	AnimalTFDB3;JASPAR_CORE;Lambert_HumanTFs;TFLink					new_candidate		new_candidate		2	false	human;vertebrates	new_candidate	Cross-species inventory collapse only; retain species-specific evidence records separately.; Vertebrate JASPAR/profile scope is not treated as human/mouse evidence.
znf559	ZNF559	human	AnimalTFDB3;Lambert_HumanTFs					new_candidate				1	false	human	new_candidate	
znf559-znf177	ZNF559-ZNF177	human	AnimalTFDB3					new_candidate				1	false	human	new_candidate	
znf560	ZNF560	human	AnimalTFDB3;Lambert_HumanTFs;TFLink					new_candidate				1	false	human	new_candidate	
znf561	ZNF561	human	AnimalTFDB3;Lambert_HumanTFs;TFLink					new_candidate				1	false	human	new_candidate	
znf562	ZNF562	human	AnimalTFDB3;Lambert_HumanTFs					new_candidate				1	false	human	new_candidate	
znf563	ZNF563	human	AnimalTFDB3;Lambert_HumanTFs;TFLink					new_candidate				1	false	human	new_candidate	
znf564	ZNF564	human	AnimalTFDB3;Lambert_HumanTFs					new_candidate				1	false	human	new_candidate	
znf565	ZNF565	human	AnimalTFDB3;Lambert_HumanTFs					new_candidate				1	false	human	new_candidate	
znf566	ZNF566	human	AnimalTFDB3;Lambert_HumanTFs					new_candidate				1	false	human	new_candidate	
znf567	ZNF567	human	AnimalTFDB3;Lambert_HumanTFs					new_candidate				1	false	human	new_candidate	
znf568	ZNF568	human;vertebrates	AnimalTFDB3;JASPAR_CORE;Lambert_HumanTFs					new_candidate		new_candidate		2	false	human;vertebrates	new_candidate	Cross-species inventory collapse only; retain species-specific evidence records separately.; Vertebrate JASPAR/profile scope is not treated as human/mouse evidence.
znf569	ZNF569	human	AnimalTFDB3;Lambert_HumanTFs					new_candidate				1	false	human	new_candidate	
znf57	ZNF57	human;vertebrates	AnimalTFDB3;JASPAR_CORE;Lambert_HumanTFs					new_candidate		new_candidate		2	false	human;vertebrates	new_candidate	Cross-species inventory collapse only; retain species-specific evidence records separately.; Vertebrate JASPAR/profile scope is not treated as human/mouse evidence.
znf570	ZNF570	human	AnimalTFDB3;Lambert_HumanTFs					new_candidate				1	false	human	new_candidate	
znf571	ZNF571	human	AnimalTFDB3;Lambert_HumanTFs					new_candidate				1	false	human	new_candidate	
znf572	ZNF572	human	AnimalTFDB3;Lambert_HumanTFs					new_candidate				1	false	human	new_candidate	
znf573	ZNF573	human	AnimalTFDB3;Lambert_HumanTFs					new_candidate				1	false	human	new_candidate	
znf574	ZNF574	human;vertebrates	AnimalTFDB3;JASPAR_CORE;Lambert_HumanTFs;TFLink					new_candidate		new_candidate		2	false	human;vertebrates	new_candidate	Cross-species inventory collapse only; retain species-specific evidence records separately.; Vertebrate JASPAR/profile scope is not treated as human/mouse evidence.
znf575	ZNF575	human	AnimalTFDB3;Lambert_HumanTFs					new_candidate				1	false	human	new_candidate	
znf576	ZNF576	human	AnimalTFDB3;Lambert_HumanTFs					new_candidate				1	false	human	new_candidate	
znf577	ZNF577	human	AnimalTFDB3;Lambert_HumanTFs;TFLink					new_candidate				1	false	human	new_candidate	
znf578	ZNF578	human	AnimalTFDB3;Lambert_HumanTFs					new_candidate				1	false	human	new_candidate	
znf579	ZNF579	human	AnimalTFDB3;Lambert_HumanTFs;TFLink					new_candidate				1	false	human	new_candidate	
znf580	ZNF580	human	AnimalTFDB3;Lambert_HumanTFs;TFLink					new_candidate				1	false	human	new_candidate	
znf581	ZNF581	human	AnimalTFDB3;Lambert_HumanTFs;TFLink					new_candidate				1	false	human	new_candidate	
znf582	ZNF582	human;vertebrates	AnimalTFDB3;JASPAR_CORE;Lambert_HumanTFs;TFLink					new_candidate		new_candidate		2	false	human;vertebrates	new_candidate	Cross-species inventory collapse only; retain species-specific evidence records separately.; Vertebrate JASPAR/profile scope is not treated as human/mouse evidence.
znf583	ZNF583	human	AnimalTFDB3;Lambert_HumanTFs					new_candidate				1	false	human	new_candidate	
znf584	ZNF584	human	AnimalTFDB3;Lambert_HumanTFs;TFLink					new_candidate				1	false	human	new_candidate	
znf585a	ZNF585A	human	AnimalTFDB3;Lambert_HumanTFs					new_candidate				1	false	human	new_candidate	
znf585b	ZNF585B	human	AnimalTFDB3;Lambert_HumanTFs;TFLink					new_candidate				1	false	human	new_candidate	
znf586	ZNF586	human	AnimalTFDB3;Lambert_HumanTFs;TFLink					new_candidate				1	false	human	new_candidate	
znf587	ZNF587	human	AnimalTFDB3;Lambert_HumanTFs					new_candidate				1	false	human	new_candidate	
znf587b	ZNF587B	human	AnimalTFDB3;Lambert_HumanTFs					new_candidate				1	false	human	new_candidate	
znf589	ZNF589	human	AnimalTFDB3;Lambert_HumanTFs;TFLink					new_candidate				1	false	human	new_candidate	
znf592	ZNF592	human	AnimalTFDB3;Lambert_HumanTFs;TFLink					new_candidate				1	false	human	new_candidate	
znf594	ZNF594	human	AnimalTFDB3;Lambert_HumanTFs					new_candidate				1	false	human	new_candidate	
znf595	ZNF595	human	AnimalTFDB3;Lambert_HumanTFs;TFLink					new_candidate				1	false	human	new_candidate	
znf596	ZNF596	human;vertebrates	AnimalTFDB3;JASPAR_CORE;Lambert_HumanTFs;TFLink					new_candidate		new_candidate		2	false	human;vertebrates	new_candidate	Cross-species inventory collapse only; retain species-specific evidence records separately.; Vertebrate JASPAR/profile scope is not treated as human/mouse evidence.
znf597	ZNF597	human	AnimalTFDB3;Lambert_HumanTFs;TFLink					new_candidate				1	false	human	new_candidate	
znf598	ZNF598	human	Lambert_HumanTFs					new_candidate				1	false	human	new_candidate	
znf599	ZNF599	human	AnimalTFDB3;Lambert_HumanTFs					new_candidate				1	false	human	new_candidate	
znf600	ZNF600	human	AnimalTFDB3;Lambert_HumanTFs;TFLink					new_candidate				1	false	human	new_candidate	
znf605	ZNF605	human	AnimalTFDB3;Lambert_HumanTFs					new_candidate				1	false	human	new_candidate	
znf606	ZNF606	human;vertebrates	AnimalTFDB3;JASPAR_CORE;Lambert_HumanTFs					new_candidate		new_candidate		2	false	human;vertebrates	new_candidate	Cross-species inventory collapse only; retain species-specific evidence records separately.; Vertebrate JASPAR/profile scope is not treated as human/mouse evidence.
znf607	ZNF607	human	AnimalTFDB3;Lambert_HumanTFs					new_candidate				1	false	human	new_candidate	
znf608	ZNF608	human	AnimalTFDB3;Lambert_HumanTFs					new_candidate				1	false	human	new_candidate	
znf609	ZNF609	human	AnimalTFDB3;Lambert_HumanTFs					new_candidate				1	false	human	new_candidate	
znf610	ZNF610	human;vertebrates	AnimalTFDB3;JASPAR_CORE;Lambert_HumanTFs;TFLink					new_candidate		new_candidate		2	false	human;vertebrates	new_candidate	Cross-species inventory collapse only; retain species-specific evidence records separately.; Vertebrate JASPAR/profile scope is not treated as human/mouse evidence.
znf611	ZNF611	human	AnimalTFDB3;Lambert_HumanTFs					new_candidate				1	false	human	new_candidate	
znf613	ZNF613	human	AnimalTFDB3;Lambert_HumanTFs					new_candidate				1	false	human	new_candidate	
znf614	ZNF614	human	AnimalTFDB3;Lambert_HumanTFs;TFLink					new_candidate				1	false	human	new_candidate	
znf615	ZNF615	human	AnimalTFDB3;Lambert_HumanTFs					new_candidate				1	false	human	new_candidate	
znf616	ZNF616	human	AnimalTFDB3;Lambert_HumanTFs					new_candidate				1	false	human	new_candidate	
znf618	ZNF618	human	AnimalTFDB3;Lambert_HumanTFs;TFLink					new_candidate				1	false	human	new_candidate	
znf619	ZNF619	human	AnimalTFDB3;Lambert_HumanTFs					new_candidate				1	false	human	new_candidate	
znf620	ZNF620	human	AnimalTFDB3;Lambert_HumanTFs					new_candidate				1	false	human	new_candidate	
znf621	ZNF621	human	AnimalTFDB3;Lambert_HumanTFs;TFLink					new_candidate				1	false	human	new_candidate	
znf622	ZNF622	human	AnimalTFDB3;TFLink					new_candidate				1	false	human	new_candidate	
znf623	ZNF623	human;vertebrates	AnimalTFDB3;JASPAR_CORE;Lambert_HumanTFs;TFLink					new_candidate		new_candidate		2	false	human;vertebrates	new_candidate	Cross-species inventory collapse only; retain species-specific evidence records separately.; Vertebrate JASPAR/profile scope is not treated as human/mouse evidence.
znf624	ZNF624	human	AnimalTFDB3;Lambert_HumanTFs;TFLink					new_candidate				1	false	human	new_candidate	
znf625	ZNF625	human	AnimalTFDB3;Lambert_HumanTFs					new_candidate				1	false	human	new_candidate	
znf626	ZNF626	human	AnimalTFDB3;Lambert_HumanTFs;TFLink					new_candidate				1	false	human	new_candidate	
znf627	ZNF627	human	AnimalTFDB3;Lambert_HumanTFs					new_candidate				1	false	human	new_candidate	
znf628	ZNF628	human	AnimalTFDB3;Lambert_HumanTFs					new_candidate				1	false	human	new_candidate	
znf629	ZNF629	human	AnimalTFDB3;Lambert_HumanTFs;TFLink					new_candidate				1	false	human	new_candidate	
znf630	ZNF630	human	AnimalTFDB3;Lambert_HumanTFs					new_candidate				1	false	human	new_candidate	
znf639	ZNF639	human	AnimalTFDB3;Lambert_HumanTFs;TFLink					new_candidate				1	false	human	new_candidate	
znf641	ZNF641	human	AnimalTFDB3;Lambert_HumanTFs					new_candidate				1	false	human	new_candidate	
znf644	ZNF644	human	AnimalTFDB3;Lambert_HumanTFs;TFLink					new_candidate				1	false	human	new_candidate	
znf645	ZNF645	human	Lambert_HumanTFs					new_candidate				1	false	human	new_candidate	
znf646	ZNF646	human	AnimalTFDB3;Lambert_HumanTFs					new_candidate				1	false	human	new_candidate	
znf648	ZNF648	human;vertebrates	AnimalTFDB3;JASPAR_CORE;Lambert_HumanTFs					new_candidate		new_candidate		2	false	human;vertebrates	new_candidate	Cross-species inventory collapse only; retain species-specific evidence records separately.; Vertebrate JASPAR/profile scope is not treated as human/mouse evidence.
znf649	ZNF649	human	AnimalTFDB3;Lambert_HumanTFs					new_candidate				1	false	human	new_candidate	
znf652	ZNF652;Znf652	human;mouse;vertebrates	AnimalTFDB3;JASPAR_CORE;Lambert_HumanTFs;TFLink					new_candidate	new_candidate	new_candidate		3	false	human;mouse;vertebrates	new_candidate	Cross-species inventory collapse only; retain species-specific evidence records separately.; Vertebrate JASPAR/profile scope is not treated as human/mouse evidence.
znf653	ZNF653	human	AnimalTFDB3;Lambert_HumanTFs;TFLink					new_candidate				1	false	human	new_candidate	
znf654	ZNF654	human	AnimalTFDB3;Lambert_HumanTFs;TFLink					new_candidate				1	false	human	new_candidate	
znf655	ZNF655	human	AnimalTFDB3;Lambert_HumanTFs					new_candidate				1	false	human	new_candidate	
znf658	ZNF658	human	AnimalTFDB3;Lambert_HumanTFs;TFLink					new_candidate				1	false	human	new_candidate	
znf66	ZNF66	human;vertebrates	AnimalTFDB3;JASPAR_CORE;Lambert_HumanTFs					new_candidate		new_candidate		2	false	human;vertebrates	new_candidate	Cross-species inventory collapse only; retain species-specific evidence records separately.; Vertebrate JASPAR/profile scope is not treated as human/mouse evidence.
znf660	ZNF660	human	AnimalTFDB3;Lambert_HumanTFs;TFLink					new_candidate				1	false	human	new_candidate	
znf662	ZNF662	human	AnimalTFDB3;Lambert_HumanTFs;TFLink					new_candidate				1	false	human	new_candidate	
znf664	ZNF664	human	AnimalTFDB3;Lambert_HumanTFs;TFLink					new_candidate				1	false	human	new_candidate	
znf665	ZNF665	human	AnimalTFDB3;Lambert_HumanTFs					new_candidate				1	false	human	new_candidate	
znf667	ZNF667	human;vertebrates	AnimalTFDB3;JASPAR_CORE;Lambert_HumanTFs;TFLink					new_candidate		new_candidate		2	false	human;vertebrates	new_candidate	Cross-species inventory collapse only; retain species-specific evidence records separately.; Vertebrate JASPAR/profile scope is not treated as human/mouse evidence.
znf668	ZNF668	human	AnimalTFDB3;Lambert_HumanTFs					new_candidate				1	false	human	new_candidate	
znf669	ZNF669	human;vertebrates	AnimalTFDB3;JASPAR_CORE;Lambert_HumanTFs;TFLink					new_candidate		new_candidate		2	false	human;vertebrates	new_candidate	Cross-species inventory collapse only; retain species-specific evidence records separately.; Vertebrate JASPAR/profile scope is not treated as human/mouse evidence.
znf670	ZNF670	human	AnimalTFDB3;Lambert_HumanTFs;TFLink					new_candidate				1	false	human	new_candidate	
znf671	ZNF671	human	AnimalTFDB3;Lambert_HumanTFs;TFLink					new_candidate				1	false	human	new_candidate	
znf672	ZNF672	human;vertebrates	AnimalTFDB3;JASPAR_CORE;Lambert_HumanTFs					new_candidate		new_candidate		2	false	human;vertebrates	new_candidate	Cross-species inventory collapse only; retain species-specific evidence records separately.; Vertebrate JASPAR/profile scope is not treated as human/mouse evidence.
znf674	ZNF674	human	AnimalTFDB3;Lambert_HumanTFs					new_candidate				1	false	human	new_candidate	
znf675	ZNF675	human;vertebrates	AnimalTFDB3;JASPAR_CORE;Lambert_HumanTFs					new_candidate		new_candidate		2	false	human;vertebrates	new_candidate	Cross-species inventory collapse only; retain species-specific evidence records separately.; Vertebrate JASPAR/profile scope is not treated as human/mouse evidence.
znf676	ZNF676	human;vertebrates	AnimalTFDB3;JASPAR_CORE;Lambert_HumanTFs					new_candidate		new_candidate		2	false	human;vertebrates	new_candidate	Cross-species inventory collapse only; retain species-specific evidence records separately.; Vertebrate JASPAR/profile scope is not treated as human/mouse evidence.
znf677	ZNF677	human;vertebrates	AnimalTFDB3;JASPAR_CORE;Lambert_HumanTFs;TFLink					new_candidate		new_candidate		2	false	human;vertebrates	new_candidate	Cross-species inventory collapse only; retain species-specific evidence records separately.; Vertebrate JASPAR/profile scope is not treated as human/mouse evidence.
znf678	ZNF678	human;vertebrates	AnimalTFDB3;JASPAR_CORE;Lambert_HumanTFs					new_candidate		new_candidate		2	false	human;vertebrates	new_candidate	Cross-species inventory collapse only; retain species-specific evidence records separately.; Vertebrate JASPAR/profile scope is not treated as human/mouse evidence.
znf679	ZNF679	human	AnimalTFDB3;Lambert_HumanTFs					new_candidate				1	false	human	new_candidate	
znf680	ZNF680	human;vertebrates	AnimalTFDB3;JASPAR_CORE;Lambert_HumanTFs;TFLink					new_candidate		new_candidate		2	false	human;vertebrates	new_candidate	Cross-species inventory collapse only; retain species-specific evidence records separately.; Vertebrate JASPAR/profile scope is not treated as human/mouse evidence.
znf681	ZNF681	human	AnimalTFDB3;Lambert_HumanTFs					new_candidate				1	false	human	new_candidate	
znf682	ZNF682	human;vertebrates	AnimalTFDB3;JASPAR_CORE;Lambert_HumanTFs					new_candidate		new_candidate		2	false	human;vertebrates	new_candidate	Cross-species inventory collapse only; retain species-specific evidence records separately.; Vertebrate JASPAR/profile scope is not treated as human/mouse evidence.
znf683	ZNF683	human;vertebrates	AnimalTFDB3;JASPAR_CORE;Lambert_HumanTFs					new_candidate		new_candidate		2	false	human;vertebrates	new_candidate	Cross-species inventory collapse only; retain species-specific evidence records separately.; Vertebrate JASPAR/profile scope is not treated as human/mouse evidence.
znf684	ZNF684	human;vertebrates	AnimalTFDB3;JASPAR_CORE;Lambert_HumanTFs					new_candidate		new_candidate		2	false	human;vertebrates	new_candidate	Cross-species inventory collapse only; retain species-specific evidence records separately.; Vertebrate JASPAR/profile scope is not treated as human/mouse evidence.
znf687	ZNF687	human	AnimalTFDB3;Lambert_HumanTFs;TFLink					new_candidate				1	false	human	new_candidate	
znf688	ZNF688	human	AnimalTFDB3;Lambert_HumanTFs					new_candidate				1	false	human	new_candidate	
znf689	ZNF689	human;vertebrates	AnimalTFDB3;JASPAR_CORE;Lambert_HumanTFs					new_candidate		new_candidate		2	false	human;vertebrates	new_candidate	Cross-species inventory collapse only; retain species-specific evidence records separately.; Vertebrate JASPAR/profile scope is not treated as human/mouse evidence.
znf69	ZNF69	human	AnimalTFDB3;Lambert_HumanTFs					new_candidate				1	false	human	new_candidate	
znf691	ZNF691	human	AnimalTFDB3;Lambert_HumanTFs					new_candidate				1	false	human	new_candidate	
znf692	ZNF692	human;vertebrates	AnimalTFDB3;JASPAR_CORE;Lambert_HumanTFs;TFLink					new_candidate		new_candidate		2	false	human;vertebrates	new_candidate	Cross-species inventory collapse only; retain species-specific evidence records separately.; Vertebrate JASPAR/profile scope is not treated as human/mouse evidence.
znf695	ZNF695	human	AnimalTFDB3;Lambert_HumanTFs					new_candidate				1	false	human	new_candidate	
znf696	ZNF696	human;vertebrates	AnimalTFDB3;JASPAR_CORE;Lambert_HumanTFs					new_candidate		new_candidate		2	false	human;vertebrates	new_candidate	Cross-species inventory collapse only; retain species-specific evidence records separately.; Vertebrate JASPAR/profile scope is not treated as human/mouse evidence.
znf697	ZNF697	human	AnimalTFDB3;Lambert_HumanTFs;TFLink					new_candidate				1	false	human	new_candidate	
znf699	ZNF699	human;vertebrates	AnimalTFDB3;JASPAR_CORE;Lambert_HumanTFs					new_candidate		new_candidate		2	false	human;vertebrates	new_candidate	Cross-species inventory collapse only; retain species-specific evidence records separately.; Vertebrate JASPAR/profile scope is not treated as human/mouse evidence.
znf7	ZNF7	human	AnimalTFDB3;Lambert_HumanTFs;TFLink					new_candidate				1	false	human	new_candidate	
znf70	ZNF70	human;vertebrates	AnimalTFDB3;JASPAR_CORE;Lambert_HumanTFs					new_candidate		new_candidate		2	false	human;vertebrates	new_candidate	Cross-species inventory collapse only; retain species-specific evidence records separately.; Vertebrate JASPAR/profile scope is not treated as human/mouse evidence.
znf700	ZNF700	human;vertebrates	AnimalTFDB3;JASPAR_CORE;Lambert_HumanTFs					new_candidate		new_candidate		2	false	human;vertebrates	new_candidate	Cross-species inventory collapse only; retain species-specific evidence records separately.; Vertebrate JASPAR/profile scope is not treated as human/mouse evidence.
znf701	ZNF701	human;vertebrates	AnimalTFDB3;JASPAR_CORE;Lambert_HumanTFs;TFLink					new_candidate		new_candidate		2	false	human;vertebrates	new_candidate	Cross-species inventory collapse only; retain species-specific evidence records separately.; Vertebrate JASPAR/profile scope is not treated as human/mouse evidence.
znf703	ZNF703	human	Lambert_HumanTFs					new_candidate				1	false	human	new_candidate	
znf704	ZNF704	human	AnimalTFDB3;Lambert_HumanTFs;TFLink					new_candidate				1	false	human	new_candidate	
znf705a	ZNF705A	human	AnimalTFDB3;Lambert_HumanTFs					new_candidate				1	false	human	new_candidate	
znf705b	ZNF705B	human	AnimalTFDB3;Lambert_HumanTFs					new_candidate				1	false	human	new_candidate	
znf705d	ZNF705D	human	AnimalTFDB3;Lambert_HumanTFs					new_candidate				1	false	human	new_candidate	
znf705e	ZNF705E	human	AnimalTFDB3;Lambert_HumanTFs					new_candidate				1	false	human	new_candidate	
znf705g	ZNF705G	human	AnimalTFDB3;Lambert_HumanTFs					new_candidate				1	false	human	new_candidate	
znf706	ZNF706	human	AnimalTFDB3;Lambert_HumanTFs					new_candidate				1	false	human	new_candidate	
znf707	ZNF707	human;vertebrates	AnimalTFDB3;JASPAR_CORE;Lambert_HumanTFs;TFLink					new_candidate		new_candidate		2	false	human;vertebrates	new_candidate	Cross-species inventory collapse only; retain species-specific evidence records separately.; Vertebrate JASPAR/profile scope is not treated as human/mouse evidence.
znf708	ZNF708	human;vertebrates	AnimalTFDB3;JASPAR_CORE;Lambert_HumanTFs;TFLink					new_candidate		new_candidate		2	false	human;vertebrates	new_candidate	Cross-species inventory collapse only; retain species-specific evidence records separately.; Vertebrate JASPAR/profile scope is not treated as human/mouse evidence.
znf709	ZNF709	human	AnimalTFDB3;Lambert_HumanTFs					new_candidate				1	false	human	new_candidate	
znf71	ZNF71	human	AnimalTFDB3;Lambert_HumanTFs					new_candidate				1	false	human	new_candidate	
znf710	ZNF710	human	AnimalTFDB3;Lambert_HumanTFs					new_candidate				1	false	human	new_candidate	
znf711	ZNF711	human	AnimalTFDB3;Lambert_HumanTFs;TFLink					new_candidate				1	false	human	new_candidate	
znf713	ZNF713	human	AnimalTFDB3;Lambert_HumanTFs					new_candidate				1	false	human	new_candidate	
znf714	ZNF714	human	AnimalTFDB3;Lambert_HumanTFs					new_candidate				1	false	human	new_candidate	
znf716	ZNF716	human	AnimalTFDB3;Lambert_HumanTFs					new_candidate				1	false	human	new_candidate	
znf717	ZNF717	human	AnimalTFDB3;Lambert_HumanTFs					new_candidate				1	false	human	new_candidate	
znf718	ZNF718	human	AnimalTFDB3;Lambert_HumanTFs					new_candidate				1	false	human	new_candidate	
znf720	ZNF720	human	AnimalTFDB3					new_candidate				1	false	human	new_candidate	
znf721	ZNF721	human;vertebrates	AnimalTFDB3;JASPAR_CORE;Lambert_HumanTFs					new_candidate		new_candidate		2	false	human;vertebrates	new_candidate	Cross-species inventory collapse only; retain species-specific evidence records separately.; Vertebrate JASPAR/profile scope is not treated as human/mouse evidence.
znf723	ZNF723	human	AnimalTFDB3					new_candidate				1	false	human	new_candidate	
znf724	ZNF724	human;vertebrates	AnimalTFDB3;JASPAR_CORE;Lambert_HumanTFs					new_candidate		new_candidate		2	false	human;vertebrates	new_candidate	Cross-species inventory collapse only; retain species-specific evidence records separately.; Vertebrate JASPAR/profile scope is not treated as human/mouse evidence.
znf726	ZNF726	human;vertebrates	AnimalTFDB3;JASPAR_CORE;Lambert_HumanTFs					new_candidate		new_candidate		2	false	human;vertebrates	new_candidate	Cross-species inventory collapse only; retain species-specific evidence records separately.; Vertebrate JASPAR/profile scope is not treated as human/mouse evidence.
znf727	ZNF727	human	AnimalTFDB3;Lambert_HumanTFs					new_candidate				1	false	human	new_candidate	
znf728	ZNF728	human;vertebrates	AnimalTFDB3;JASPAR_CORE;Lambert_HumanTFs					new_candidate		new_candidate		2	false	human;vertebrates	new_candidate	Cross-species inventory collapse only; retain species-specific evidence records separately.; Vertebrate JASPAR/profile scope is not treated as human/mouse evidence.
znf729	ZNF729	human	AnimalTFDB3;Lambert_HumanTFs					new_candidate				1	false	human	new_candidate	
znf730	ZNF730	human	AnimalTFDB3;Lambert_HumanTFs					new_candidate				1	false	human	new_candidate	
znf732	ZNF732	human;vertebrates	AnimalTFDB3;JASPAR_CORE;Lambert_HumanTFs					new_candidate		new_candidate		2	false	human;vertebrates	new_candidate	Cross-species inventory collapse only; retain species-specific evidence records separately.; Vertebrate JASPAR/profile scope is not treated as human/mouse evidence.
znf735	ZNF735	human	AnimalTFDB3;Lambert_HumanTFs					new_candidate				1	false	human	new_candidate	
znf736	ZNF736	human	AnimalTFDB3;Lambert_HumanTFs					new_candidate				1	false	human	new_candidate	
znf737	ZNF737	human	AnimalTFDB3;Lambert_HumanTFs					new_candidate				1	false	human	new_candidate	
znf74	ZNF74	human	AnimalTFDB3;Lambert_HumanTFs					new_candidate				1	false	human	new_candidate	
znf740	ZNF740;Znf740	human;mouse;vertebrates	AnimalTFDB3;JASPAR_CORE;Lambert_HumanTFs;OmniPath_DoRothEA;TFLink	ARACNe-GTEx_DoRothEA;DoRothEA;JASPAR_DoRothEA;ReMap_DoRothEA				existing_public_pair_union	existing_public_pair_union	new_candidate		3	false	vertebrates	existing_or_canonical	Cross-species inventory collapse only; retain species-specific evidence records separately.; Vertebrate JASPAR/profile scope is not treated as human/mouse evidence.
znf746	ZNF746	human;vertebrates	AnimalTFDB3;JASPAR_CORE;Lambert_HumanTFs;TFLink					new_candidate		new_candidate		2	false	human;vertebrates	new_candidate	Cross-species inventory collapse only; retain species-specific evidence records separately.; Vertebrate JASPAR/profile scope is not treated as human/mouse evidence.
znf747	ZNF747	human	AnimalTFDB3;Lambert_HumanTFs;TFLink					new_candidate				1	false	human	new_candidate	
znf749	ZNF749	human	AnimalTFDB3;Lambert_HumanTFs					new_candidate				1	false	human	new_candidate	
znf750	ZNF750	human	AnimalTFDB3;Lambert_HumanTFs;TFLink					new_candidate				1	false	human	new_candidate	
znf75a	ZNF75A	human;vertebrates	AnimalTFDB3;JASPAR_CORE;Lambert_HumanTFs;TFLink					new_candidate		new_candidate		2	false	human;vertebrates	new_candidate	Cross-species inventory collapse only; retain species-specific evidence records separately.; Vertebrate JASPAR/profile scope is not treated as human/mouse evidence.
znf75d	ZNF75D	human;vertebrates	AnimalTFDB3;JASPAR_CORE;Lambert_HumanTFs					new_candidate		new_candidate		2	false	human;vertebrates	new_candidate	Cross-species inventory collapse only; retain species-specific evidence records separately.; Vertebrate JASPAR/profile scope is not treated as human/mouse evidence.
znf76	ZNF76;Znf76	human;mouse;vertebrates	AnimalTFDB3;JASPAR_CORE;Lambert_HumanTFs;TFLink;TRRUST	TRRUST				existing_public_pair_union	new_candidate	new_candidate		3	false	mouse;vertebrates	existing_or_canonical	Cross-species inventory collapse only; retain species-specific evidence records separately.; Vertebrate JASPAR/profile scope is not treated as human/mouse evidence.
znf761	ZNF761	human	AnimalTFDB3;Lambert_HumanTFs					new_candidate				1	false	human	new_candidate	
znf763	ZNF763	human	AnimalTFDB3;Lambert_HumanTFs					new_candidate				1	false	human	new_candidate	
znf764	ZNF764	human	AnimalTFDB3;Lambert_HumanTFs					new_candidate				1	false	human	new_candidate	
znf765	ZNF765	human	AnimalTFDB3;Lambert_HumanTFs					new_candidate				1	false	human	new_candidate	
znf766	ZNF766	human;vertebrates	AnimalTFDB3;JASPAR_CORE;Lambert_HumanTFs;TFLink					new_candidate		new_candidate		2	false	human;vertebrates	new_candidate	Cross-species inventory collapse only; retain species-specific evidence records separately.; Vertebrate JASPAR/profile scope is not treated as human/mouse evidence.
znf768	ZNF768	human;vertebrates	AnimalTFDB3;JASPAR_CORE;Lambert_HumanTFs;TFLink					new_candidate		new_candidate		2	false	human;vertebrates	new_candidate	Cross-species inventory collapse only; retain species-specific evidence records separately.; Vertebrate JASPAR/profile scope is not treated as human/mouse evidence.
znf77	ZNF77	human	AnimalTFDB3;Lambert_HumanTFs					new_candidate				1	false	human	new_candidate	
znf770	ZNF770	human;vertebrates	AnimalTFDB3;JASPAR_CORE;Lambert_HumanTFs;TFLink					new_candidate		new_candidate		2	false	human;vertebrates	new_candidate	Cross-species inventory collapse only; retain species-specific evidence records separately.; Vertebrate JASPAR/profile scope is not treated as human/mouse evidence.
znf771	ZNF771	human	AnimalTFDB3;Lambert_HumanTFs					new_candidate				1	false	human	new_candidate	
znf772	ZNF772	human;vertebrates	AnimalTFDB3;JASPAR_CORE;Lambert_HumanTFs					new_candidate		new_candidate		2	false	human;vertebrates	new_candidate	Cross-species inventory collapse only; retain species-specific evidence records separately.; Vertebrate JASPAR/profile scope is not treated as human/mouse evidence.
znf773	ZNF773	human;vertebrates	AnimalTFDB3;JASPAR_CORE;Lambert_HumanTFs					new_candidate		new_candidate		2	false	human;vertebrates	new_candidate	Cross-species inventory collapse only; retain species-specific evidence records separately.; Vertebrate JASPAR/profile scope is not treated as human/mouse evidence.
znf774	ZNF774	human	AnimalTFDB3;Lambert_HumanTFs;TFLink					new_candidate				1	false	human	new_candidate	
znf775	ZNF775	human;vertebrates	AnimalTFDB3;JASPAR_CORE;Lambert_HumanTFs					new_candidate		new_candidate		2	false	human;vertebrates	new_candidate	Cross-species inventory collapse only; retain species-specific evidence records separately.; Vertebrate JASPAR/profile scope is not treated as human/mouse evidence.
znf776	ZNF776	human	AnimalTFDB3;Lambert_HumanTFs;TFLink					new_candidate				1	false	human	new_candidate	
znf777	ZNF777	human	AnimalTFDB3;Lambert_HumanTFs;TFLink					new_candidate				1	false	human	new_candidate	
znf778	ZNF778	human	AnimalTFDB3;Lambert_HumanTFs;TFLink					new_candidate				1	false	human	new_candidate	
znf780a	ZNF780A	human	AnimalTFDB3;Lambert_HumanTFs					new_candidate				1	false	human	new_candidate	
znf780b	ZNF780B	human;vertebrates	AnimalTFDB3;JASPAR_CORE;Lambert_HumanTFs					new_candidate		new_candidate		2	false	human;vertebrates	new_candidate	Cross-species inventory collapse only; retain species-specific evidence records separately.; Vertebrate JASPAR/profile scope is not treated as human/mouse evidence.
znf781	ZNF781	human	AnimalTFDB3;Lambert_HumanTFs;TFLink					new_candidate				1	false	human	new_candidate	
znf782	ZNF782	human	AnimalTFDB3;Lambert_HumanTFs					new_candidate				1	false	human	new_candidate	
znf783	ZNF783	human	AnimalTFDB3;Lambert_HumanTFs					new_candidate				1	false	human	new_candidate	
znf784	ZNF784	human;vertebrates	AnimalTFDB3;JASPAR_CORE;Lambert_HumanTFs;TFLink					new_candidate		new_candidate		2	false	human;vertebrates	new_candidate	Cross-species inventory collapse only; retain species-specific evidence records separately.; Vertebrate JASPAR/profile scope is not treated as human/mouse evidence.
znf785	ZNF785	human	AnimalTFDB3;Lambert_HumanTFs;TFLink					new_candidate				1	false	human	new_candidate	
znf786	ZNF786	human	AnimalTFDB3;Lambert_HumanTFs					new_candidate				1	false	human	new_candidate	
znf787	ZNF787	human	AnimalTFDB3;Lambert_HumanTFs					new_candidate				1	false	human	new_candidate	
znf788	ZNF788	human	AnimalTFDB3;Lambert_HumanTFs					new_candidate				1	false	human	new_candidate	
znf789	ZNF789	human	AnimalTFDB3;Lambert_HumanTFs					new_candidate				1	false	human	new_candidate	
znf79	ZNF79	human	AnimalTFDB3;Lambert_HumanTFs					new_candidate				1	false	human	new_candidate	
znf790	ZNF790	human	AnimalTFDB3;Lambert_HumanTFs					new_candidate				1	false	human	new_candidate	
znf791	ZNF791	human	AnimalTFDB3;Lambert_HumanTFs;TFLink					new_candidate				1	false	human	new_candidate	
znf792	ZNF792	human	AnimalTFDB3;Lambert_HumanTFs;TFLink					new_candidate				1	false	human	new_candidate	
znf793	ZNF793	human	AnimalTFDB3;Lambert_HumanTFs					new_candidate				1	false	human	new_candidate	
znf799	ZNF799	human	AnimalTFDB3;Lambert_HumanTFs					new_candidate				1	false	human	new_candidate	
znf8	ZNF8	human;vertebrates	AnimalTFDB3;JASPAR_CORE;Lambert_HumanTFs;TFLink					new_candidate		new_candidate		2	false	human;vertebrates	new_candidate	Cross-species inventory collapse only; retain species-specific evidence records separately.; Vertebrate JASPAR/profile scope is not treated as human/mouse evidence.
znf80	ZNF80	human	AnimalTFDB3;Lambert_HumanTFs					new_candidate				1	false	human	new_candidate	
znf800	ZNF800	human;vertebrates	AnimalTFDB3;JASPAR_CORE;Lambert_HumanTFs					new_candidate		new_candidate		2	false	human;vertebrates	new_candidate	Cross-species inventory collapse only; retain species-specific evidence records separately.; Vertebrate JASPAR/profile scope is not treated as human/mouse evidence.
znf804a	ZNF804A	human	Lambert_HumanTFs					new_candidate				1	false	human	new_candidate	
znf804b	ZNF804B	human	Lambert_HumanTFs					new_candidate				1	false	human	new_candidate	
znf805	ZNF805	human	AnimalTFDB3;Lambert_HumanTFs					new_candidate				1	false	human	new_candidate	
znf808	ZNF808	human	AnimalTFDB3;Lambert_HumanTFs					new_candidate				1	false	human	new_candidate	
znf81	ZNF81	human	AnimalTFDB3;Lambert_HumanTFs					new_candidate				1	false	human	new_candidate	
znf813	ZNF813	human	AnimalTFDB3;Lambert_HumanTFs					new_candidate				1	false	human	new_candidate	
znf814	ZNF814	human;vertebrates	AnimalTFDB3;JASPAR_CORE;Lambert_HumanTFs					new_candidate		new_candidate		2	false	human;vertebrates	new_candidate	Cross-species inventory collapse only; retain species-specific evidence records separately.; Vertebrate JASPAR/profile scope is not treated as human/mouse evidence.
znf816	ZNF816	human;vertebrates	AnimalTFDB3;JASPAR_CORE;Lambert_HumanTFs;TFLink					new_candidate		new_candidate		2	false	human;vertebrates	new_candidate	Cross-species inventory collapse only; retain species-specific evidence records separately.; Vertebrate JASPAR/profile scope is not treated as human/mouse evidence.
znf821	ZNF821	human	AnimalTFDB3;Lambert_HumanTFs					new_candidate				1	false	human	new_candidate	
znf823	ZNF823	human	AnimalTFDB3;Lambert_HumanTFs;TFLink					new_candidate				1	false	human	new_candidate	
znf827	ZNF827	human;vertebrates	AnimalTFDB3;JASPAR_CORE;Lambert_HumanTFs					new_candidate		new_candidate		2	false	human;vertebrates	new_candidate	Cross-species inventory collapse only; retain species-specific evidence records separately.; Vertebrate JASPAR/profile scope is not treated as human/mouse evidence.
znf829	ZNF829	human	AnimalTFDB3;Lambert_HumanTFs					new_candidate				1	false	human	new_candidate	
znf83	ZNF83	human	AnimalTFDB3;Lambert_HumanTFs;TFLink					new_candidate				1	false	human	new_candidate	
znf830	ZNF830	human	Lambert_HumanTFs;TFLink					new_candidate				1	false	human	new_candidate	
znf831	ZNF831	human;vertebrates	AnimalTFDB3;JASPAR_CORE;Lambert_HumanTFs					new_candidate		new_candidate		2	false	human;vertebrates	new_candidate	Cross-species inventory collapse only; retain species-specific evidence records separately.; Vertebrate JASPAR/profile scope is not treated as human/mouse evidence.
znf835	ZNF835	human	AnimalTFDB3;Lambert_HumanTFs					new_candidate				1	false	human	new_candidate	
znf836	ZNF836	human;vertebrates	AnimalTFDB3;JASPAR_CORE;Lambert_HumanTFs					new_candidate		new_candidate		2	false	human;vertebrates	new_candidate	Cross-species inventory collapse only; retain species-specific evidence records separately.; Vertebrate JASPAR/profile scope is not treated as human/mouse evidence.
znf837	ZNF837	human	AnimalTFDB3;Lambert_HumanTFs;TFLink					new_candidate				1	false	human	new_candidate	
znf84	ZNF84	human	AnimalTFDB3;Lambert_HumanTFs;TFLink					new_candidate				1	false	human	new_candidate	
znf841	ZNF841	human;vertebrates	AnimalTFDB3;JASPAR_CORE;Lambert_HumanTFs					new_candidate		new_candidate		2	false	human;vertebrates	new_candidate	Cross-species inventory collapse only; retain species-specific evidence records separately.; Vertebrate JASPAR/profile scope is not treated as human/mouse evidence.
znf843	ZNF843	human	Lambert_HumanTFs;TFLink					new_candidate				1	false	human	new_candidate	
znf844	ZNF844	human	AnimalTFDB3;Lambert_HumanTFs					new_candidate				1	false	human	new_candidate	
znf845	ZNF845	human	AnimalTFDB3;Lambert_HumanTFs					new_candidate				1	false	human	new_candidate	
znf846	ZNF846	human	AnimalTFDB3;Lambert_HumanTFs					new_candidate				1	false	human	new_candidate	
znf85	ZNF85	human;vertebrates	AnimalTFDB3;JASPAR_CORE;Lambert_HumanTFs;TFLink					new_candidate		new_candidate		2	false	human;vertebrates	new_candidate	Cross-species inventory collapse only; retain species-specific evidence records separately.; Vertebrate JASPAR/profile scope is not treated as human/mouse evidence.
znf850	ZNF850	human;vertebrates	AnimalTFDB3;JASPAR_CORE;Lambert_HumanTFs					new_candidate		new_candidate		2	false	human;vertebrates	new_candidate	Cross-species inventory collapse only; retain species-specific evidence records separately.; Vertebrate JASPAR/profile scope is not treated as human/mouse evidence.
znf852	ZNF852	human	AnimalTFDB3;Lambert_HumanTFs					new_candidate				1	false	human	new_candidate	
znf853	ZNF853	human;vertebrates	AnimalTFDB3;JASPAR_CORE;Lambert_HumanTFs					new_candidate		new_candidate		2	false	human;vertebrates	new_candidate	Cross-species inventory collapse only; retain species-specific evidence records separately.; Vertebrate JASPAR/profile scope is not treated as human/mouse evidence.
znf860	ZNF860	human	AnimalTFDB3;Lambert_HumanTFs					new_candidate				1	false	human	new_candidate	
znf865	ZNF865	human;vertebrates	AnimalTFDB3;JASPAR_CORE;Lambert_HumanTFs					new_candidate		new_candidate		2	false	human;vertebrates	new_candidate	Cross-species inventory collapse only; retain species-specific evidence records separately.; Vertebrate JASPAR/profile scope is not treated as human/mouse evidence.
znf878	ZNF878	human;vertebrates	AnimalTFDB3;JASPAR_CORE;Lambert_HumanTFs					new_candidate		new_candidate		2	false	human;vertebrates	new_candidate	Cross-species inventory collapse only; retain species-specific evidence records separately.; Vertebrate JASPAR/profile scope is not treated as human/mouse evidence.
znf879	ZNF879	human	AnimalTFDB3;Lambert_HumanTFs					new_candidate				1	false	human	new_candidate	
znf880	ZNF880	human	AnimalTFDB3;Lambert_HumanTFs					new_candidate				1	false	human	new_candidate	
znf883	ZNF883	human	AnimalTFDB3;Lambert_HumanTFs					new_candidate				1	false	human	new_candidate	
znf888	ZNF888	human	AnimalTFDB3;Lambert_HumanTFs					new_candidate				1	false	human	new_candidate	
znf891	ZNF891	human	AnimalTFDB3;Lambert_HumanTFs					new_candidate				1	false	human	new_candidate	
znf90	ZNF90	human	AnimalTFDB3;Lambert_HumanTFs					new_candidate				1	false	human	new_candidate	
znf91	ZNF91	human	AnimalTFDB3;Lambert_HumanTFs					new_candidate				1	false	human	new_candidate	
znf92	ZNF92	human	AnimalTFDB3;Lambert_HumanTFs;TFLink					new_candidate				1	false	human	new_candidate	
znf93	ZNF93	human;vertebrates	AnimalTFDB3;JASPAR_CORE;Lambert_HumanTFs					new_candidate		new_candidate		2	false	human;vertebrates	new_candidate	Cross-species inventory collapse only; retain species-specific evidence records separately.; Vertebrate JASPAR/profile scope is not treated as human/mouse evidence.
znf98	ZNF98	human	AnimalTFDB3;Lambert_HumanTFs					new_candidate				1	false	human	new_candidate	
znf99	ZNF99	human	AnimalTFDB3;Lambert_HumanTFs					new_candidate				1	false	human	new_candidate	
znfx1	ZNFX1;Znfx1	human;mouse	AnimalTFDB3					new_candidate	new_candidate			2	false	human;mouse	new_candidate	Cross-species inventory collapse only; retain species-specific evidence records separately.
znrd1	ZNRD1	human	TRRUST	TRRUST				existing_public_pair_union				1	false		existing_or_canonical	
zrsr1	Zrsr1	mouse	TFLink						new_candidate			1	false	mouse	new_candidate	
zscan1	ZSCAN1	human	AnimalTFDB3;Lambert_HumanTFs					new_candidate				1	false	human	new_candidate	
zscan10	ZSCAN10;Zscan10	human;mouse	AnimalTFDB3;Lambert_HumanTFs;TFLink;TRRUST	TRRUST				new_candidate	existing_public_pair_union			2	false	human	existing_or_canonical	Cross-species inventory collapse only; retain species-specific evidence records separately.
zscan12	ZSCAN12;Zscan12	human;mouse	AnimalTFDB3;Lambert_HumanTFs					new_candidate	new_candidate			2	false	human;mouse	new_candidate	Cross-species inventory collapse only; retain species-specific evidence records separately.
zscan16	ZSCAN16	human;vertebrates	AnimalTFDB3;JASPAR_CORE;Lambert_HumanTFs;TFLink					new_candidate		new_candidate		2	false	human;vertebrates	new_candidate	Cross-species inventory collapse only; retain species-specific evidence records separately.; Vertebrate JASPAR/profile scope is not treated as human/mouse evidence.
zscan18	ZSCAN18	human	AnimalTFDB3;Lambert_HumanTFs;TFLink					new_candidate				1	false	human	new_candidate	
zscan2	ZSCAN2;Zscan2	human;mouse;vertebrates	AnimalTFDB3;JASPAR_CORE;Lambert_HumanTFs;TFLink					new_candidate	new_candidate	new_candidate		3	false	human;mouse;vertebrates	new_candidate	Cross-species inventory collapse only; retain species-specific evidence records separately.; Vertebrate JASPAR/profile scope is not treated as human/mouse evidence.
zscan20	ZSCAN20;Zscan20	human;mouse	AnimalTFDB3;Lambert_HumanTFs					new_candidate	new_candidate			2	false	human;mouse	new_candidate	Cross-species inventory collapse only; retain species-specific evidence records separately.
zscan21	ZSCAN21;Zscan21	human;mouse;vertebrates	AnimalTFDB3;JASPAR_CORE;Lambert_HumanTFs;TFLink					new_candidate	new_candidate	new_candidate		3	false	human;mouse;vertebrates	new_candidate	Cross-species inventory collapse only; retain species-specific evidence records separately.; Vertebrate JASPAR/profile scope is not treated as human/mouse evidence.
zscan22	ZSCAN22;Zscan22	human;mouse	AnimalTFDB3;Lambert_HumanTFs;TFLink					new_candidate	new_candidate			2	false	human;mouse	new_candidate	Cross-species inventory collapse only; retain species-specific evidence records separately.
zscan23	ZSCAN23	human	AnimalTFDB3;Lambert_HumanTFs;TFLink					new_candidate				1	false	human	new_candidate	
zscan25	ZSCAN25;Zscan25	human;mouse;vertebrates	AnimalTFDB3;JASPAR_CORE;Lambert_HumanTFs					new_candidate	new_candidate	new_candidate		3	false	human;mouse;vertebrates	new_candidate	Cross-species inventory collapse only; retain species-specific evidence records separately.; Vertebrate JASPAR/profile scope is not treated as human/mouse evidence.
zscan26	ZSCAN26;Zscan26	human;mouse	AnimalTFDB3;Lambert_HumanTFs;TFLink					new_candidate	new_candidate			2	false	human;mouse	new_candidate	Cross-species inventory collapse only; retain species-specific evidence records separately.
zscan29	ZSCAN29;Zscan29	human;mouse;vertebrates	AnimalTFDB3;JASPAR_CORE;Lambert_HumanTFs;TFLink					new_candidate	new_candidate	new_candidate		3	false	human;mouse;vertebrates	new_candidate	Cross-species inventory collapse only; retain species-specific evidence records separately.; Vertebrate JASPAR/profile scope is not treated as human/mouse evidence.
zscan30	ZSCAN30	human	AnimalTFDB3;Lambert_HumanTFs;TFLink					new_candidate				1	false	human	new_candidate	
zscan31	ZSCAN31	human;vertebrates	AnimalTFDB3;JASPAR_CORE;Lambert_HumanTFs;TFLink					new_candidate		new_candidate		2	false	human;vertebrates	new_candidate	Cross-species inventory collapse only; retain species-specific evidence records separately.; Vertebrate JASPAR/profile scope is not treated as human/mouse evidence.
zscan32	ZSCAN32	human	AnimalTFDB3;Lambert_HumanTFs					new_candidate				1	false	human	new_candidate	
zscan4	ZSCAN4	human;vertebrates	AnimalTFDB3;JASPAR_CORE;Lambert_HumanTFs;TFLink					new_candidate		new_candidate		2	false	human;vertebrates	new_candidate	Cross-species inventory collapse only; retain species-specific evidence records separately.; Vertebrate JASPAR/profile scope is not treated as human/mouse evidence.
zscan4-ps1	Zscan4-ps1	mouse	AnimalTFDB3						new_candidate			1	false	mouse	new_candidate	
zscan4-ps2	Zscan4-ps2	mouse	AnimalTFDB3						new_candidate			1	false	mouse	new_candidate	
zscan4-ps3	Zscan4-ps3	mouse	AnimalTFDB3						new_candidate			1	false	mouse	new_candidate	
zscan4b	Zscan4b	mouse	AnimalTFDB3						new_candidate			1	false	mouse	new_candidate	
zscan4c	Zscan4c	mouse	AnimalTFDB3						new_candidate			1	false	mouse	new_candidate	
zscan4d	Zscan4d	mouse	AnimalTFDB3						new_candidate			1	false	mouse	new_candidate	
zscan4e	Zscan4e	mouse	AnimalTFDB3						new_candidate			1	false	mouse	new_candidate	
zscan4f	Zscan4f	mouse	AnimalTFDB3						new_candidate			1	false	mouse	new_candidate	
zscan5a	ZSCAN5A	human	AnimalTFDB3;Lambert_HumanTFs;TFLink					new_candidate				1	false	human	new_candidate	
zscan5b	ZSCAN5B;Zscan5b	human;mouse	AnimalTFDB3;Lambert_HumanTFs;TFLink					new_candidate	new_candidate			2	false	human;mouse	new_candidate	Cross-species inventory collapse only; retain species-specific evidence records separately.
zscan5c	ZSCAN5C	human	AnimalTFDB3;Lambert_HumanTFs;TFLink					new_candidate				1	false	human	new_candidate	
zscan5dp	ZSCAN5DP	human	TFLink					new_candidate				1	false	human	new_candidate	
zscan9	ZSCAN9	human	AnimalTFDB3;Lambert_HumanTFs;TFLink					new_candidate				1	false	human	new_candidate	
zufsp	ZUFSP	human	Lambert_HumanTFs					new_candidate				1	false	human	new_candidate	
zxda	ZXDA	human;vertebrates	AnimalTFDB3;JASPAR_CORE;Lambert_HumanTFs;TFLink					new_candidate		new_candidate		2	false	human;vertebrates	new_candidate	Cross-species inventory collapse only; retain species-specific evidence records separately.; Vertebrate JASPAR/profile scope is not treated as human/mouse evidence.
zxdb	ZXDB;Zxdb	human;mouse;vertebrates	AnimalTFDB3;JASPAR_CORE;Lambert_HumanTFs;TFLink					new_candidate	new_candidate	new_candidate		3	false	human;mouse;vertebrates	new_candidate	Cross-species inventory collapse only; retain species-specific evidence records separately.; Vertebrate JASPAR/profile scope is not treated as human/mouse evidence.
zxdc	ZXDC;Zxdc	human;mouse;vertebrates	AnimalTFDB3;JASPAR_CORE;Lambert_HumanTFs;TFLink					new_candidate	new_candidate	new_candidate		3	false	human;mouse;vertebrates	new_candidate	Cross-species inventory collapse only; retain species-specific evidence records separately.; Vertebrate JASPAR/profile scope is not treated as human/mouse evidence.
zzz3	ZZZ3;Zzz3	human;mouse	AnimalTFDB3;Lambert_HumanTFs;TFLink					new_candidate	new_candidate			2	false	human;mouse	new_candidate	Cross-species inventory collapse only; retain species-specific evidence records separately.
