expansion_id	source_queue_id	route_status	path_expression	route_tier	known_layers	missing_layers	intracellular_status	ligand_node_id	ligand_label	ligand_receptor_edge_id	receptor_node_id	receptor_label	receptor_intracellular_edge_id	intracellular_continuation_node_id	intracellular_continuation_label	intracellular_tf_edge_id	transcription_factor_node_id	transcription_factor_label	tf_target_edge_id	target_gene_node_id	target_gene_label	target_output_form_id	output_node_id	output_label	output_form_id	bridge_id	pathway_name	input_evidence_type	output_evidence_type	evidence_ids	source_chain_id	source_evidence_record_id	route_linkage_status	causal_status	traversal_status	evidence_contract_version	evidence_polarity	negative_evidence_status	evidence_directness	output_class	primary_locator	citation_note	evidence_summary	limitations	curation_status	species_context	cell_type_context	compartment_context	injury_context	context_scope	assay_or_perturbation	effect_polarity	source_scope	route_evidence_id
M21B-LITEXP-IL1B-TF-0001	M21B-DOWNSTREAM:02555	retained_evidence_route	ligand>receptor>intracellular>TF>target_gene_expression	ligand_receptor_intracellular_tf_target_missing_direct_tf_edges	ligand|receptor|intracellular_continuation|transcription_factor|target_gene	intracellular_to_tf_edge|tf_to_target_edge	source_supported	NODE05366	IL1B	M21B-E001766	NODE05380	IL1R1-IL1RAP receptor complex	M21B-E000023	NODE07611	MYD88		NODE07984	NF-kB		NODE04944	ICAM1/CD54 gene		NODE04944	ICAM1/CD54 gene			IL1B-IL1R1-IL1RAP-MyD88-IRAK4-IRAK1-TRAF6-TAK1-NF-kappaB-ICAM1-transcription	primary_literature_route_expansion	primary_target_transcription_output_with_tf_family_support	M21B-E001766;M21B-EVID-001709;M21B-DOWNSTREAM-EVID:003925;M21B-E000023;M21B-E000024;M21B-E000025;M21B-E000026;M21B-E000027;M21B-E000028;M21B-EVID-000005;M21B-EVID-PROMO-20260826-001;M21B-EVID-PROMO-20260826-002;M21B-EVID-PROMO-20260826-003;M21B-E008705;M21B-EVID-008651;PMID:9820540;PMID:22426547;PMID:11416133;PMID:11518704;PMID:12538665;PMID:7910170	M21B-E001766>M21B-E000023>M21B-E000024>M21B-E000025>M21B-E000026>M21B-E000027>M21B-E000028>TF:NODE07984>M21B-E008705	M21B-DOWNSTREAM-EVID:003925	manual_primary_il1b_route;full_il1_myD88_irak_traf6_tak1_nfkb_branch;tf_family_supported;intracellular_to_tf_edge_not_asserted;tf_to_target_edge_not_asserted;evidence_route_only	not_asserted	evidence_route_not_causal	mechanism_evidence_v1	supports	not_evaluated	composite_primary_route	gene_expression_or_transcription	PMID:9820540; PMID:22426547; PMID:11416133; PMID:11518704; PMID:12538665; PMID:7910170	Primary IL1R1/IL1RAP-dependent signaling and IL-1 MyD88/IRAK/TRAF6/TAK1/NF-kappaB pathway evidence combined with the IL1B-to-ICAM1 transcriptional output record.	Primary evidence supports IL1B engagement of the IL1R1/IL1RAP signaling complex, the MyD88-to-IRAK4-to-IRAK1-to-TRAF6-to-TAK1 NF-kappaB branch, and IL1B-associated ICAM1 transcription in astrocyte models. NF-kB is retained as a supported regulator-family layer; exact IKK-to-NFKB1/RELA ordering, TF occupancy and a direct NF-kB-to-ICAM1 edge are not asserted.	Preserve mature IL-1beta and IL1R1/IL1RAP ternary-complex context, MyD88 isoform and Myddosome boundaries, the pathway-level NF-kappaB branch, and the primary astrocyte ICAM1 output context. This is an evidence route rather than a causal graph edge and does not infer SCI receiver-cell weighting.	curated_primary_route	human; mouse; rat	IL-1RAcP-deficient mouse and fibroblast signaling systems, IL-1-responsive mammalian inflammatory-cell systems, and primary rat astrocytes	Extracellular IL-1beta engagement of IL1R1/IL1RAP with receptor-proximal MyD88/Myddosome signaling, NF-kappaB branch activation and nuclear ICAM1 transcription	No SCI transfer inferred; primary receptor, inflammatory and astrocyte model contexts only	Primary evidence supports the receptor-proximal relay and an IL1B-associated transcriptional output; TF-family and output linkage are retained as bounded evidence layers.	IL1R1/IL1RAP deficiency and receptor-complex studies, MyD88/IRAK/TRAF6/TAK1 pathway perturbation, NF-kappaB/JNK assays, and IL1B-stimulated ICAM1 transcription assays	activating	primary_receptor_proximal_pathway;primary_target_output	LITEXP:003471
M21B-LITEXP-IL1B-TF-0002	M21B-DOWNSTREAM:02555	retained_evidence_route	ligand>receptor>intracellular>TF>target_gene_expression	ligand_receptor_intracellular_tf_target_missing_direct_tf_edges	ligand|receptor|intracellular_continuation|transcription_factor|target_gene	intracellular_to_tf_edge|tf_to_target_edge	source_supported	NODE05366	IL1B	M21B-E001766	NODE05380	IL1R1-IL1RAP receptor complex	M21B-E000023	NODE07611	MYD88		NODE07984	NF-kB		NODE05511	IL6 gene		NODE05511	IL6 gene			IL1B-IL1R1-IL1RAP-MyD88-IRAK4-IRAK1-TRAF6-TAK1-NF-kappaB-IL6-transcription	primary_literature_route_expansion	primary_target_transcription_output_with_tf_family_support	M21B-E001766;M21B-EVID-001709;M21B-DOWNSTREAM-EVID:003925;M21B-E000023;M21B-E000024;M21B-E000025;M21B-E000026;M21B-E000027;M21B-E000028;M21B-EVID-000005;M21B-EVID-PROMO-20260826-001;M21B-EVID-PROMO-20260826-002;M21B-EVID-PROMO-20260826-003;M21B-E008714;M21B-EVID-008660;PMID:9820540;PMID:22426547;PMID:11416133;PMID:11518704;PMID:12538665;PMID:1644898	M21B-E001766>M21B-E000023>M21B-E000024>M21B-E000025>M21B-E000026>M21B-E000027>M21B-E000028>TF:NODE07984>M21B-E008714	M21B-DOWNSTREAM-EVID:003925	manual_primary_il1b_route;full_il1_myD88_irak_traf6_tak1_nfkb_branch;tf_family_supported;intracellular_to_tf_edge_not_asserted;tf_to_target_edge_not_asserted;evidence_route_only	not_asserted	evidence_route_not_causal	mechanism_evidence_v1	supports	not_evaluated	composite_primary_route	gene_expression_or_transcription	PMID:9820540; PMID:22426547; PMID:11416133; PMID:11518704; PMID:12538665; PMID:1644898	Primary IL1R1/IL1RAP-dependent signaling and IL-1 MyD88/IRAK/TRAF6/TAK1/NF-kappaB pathway evidence combined with the IL1B-to-IL6 transcriptional output record.	Primary evidence supports IL1B engagement of the IL1R1/IL1RAP signaling complex, the MyD88-to-IRAK4-to-IRAK1-to-TRAF6-to-TAK1 NF-kappaB branch, and IL1B-associated IL6 transcription in astrocyte models. NF-kB is retained as a supported regulator-family layer; exact IKK-to-NFKB1/RELA ordering, TF occupancy and a direct NF-kB-to-IL6 edge are not asserted.	Preserve mature IL-1beta and IL1R1/IL1RAP ternary-complex context, MyD88 isoform and Myddosome boundaries, the pathway-level NF-kappaB branch, and the primary astrocyte IL6 output context. This is an evidence route rather than a causal graph edge and does not infer SCI receiver-cell weighting.	curated_primary_route	human; mouse; rat	IL-1RAcP-deficient mouse and fibroblast signaling systems, IL-1-responsive mammalian inflammatory-cell systems, and primary rat astrocytes	Extracellular IL-1beta engagement of IL1R1/IL1RAP with receptor-proximal MyD88/Myddosome signaling, NF-kappaB branch activation and nuclear IL6 transcription	No SCI transfer inferred; primary receptor, inflammatory and astrocyte model contexts only	Primary evidence supports the receptor-proximal relay and an IL1B-associated transcriptional output; TF-family and output linkage are retained as bounded evidence layers.	IL1R1/IL1RAP deficiency and receptor-complex studies, MyD88/IRAK/TRAF6/TAK1 pathway perturbation, NF-kappaB/JNK assays, and IL1B-stimulated IL6 promoter/transcription assays	activating	primary_receptor_proximal_pathway;primary_target_output	LITEXP:003472
M21B-LITEXP-IL1B-TF-0003	M21B-DOWNSTREAM:02555	retained_evidence_route	ligand>receptor>intracellular>TF>target_gene_expression	ligand_receptor_intracellular_tf_target_missing_direct_tf_edges	ligand|receptor|intracellular_continuation|transcription_factor|target_gene	intracellular_to_tf_edge|tf_to_target_edge	source_supported	NODE05366	IL1B	M21B-E001766	NODE05380	IL1R1-IL1RAP receptor complex	M21B-E000023	NODE07611	MYD88		NODE07984	NF-kB		NODE01682	CCL20 gene		NODE01682	CCL20 gene			IL1B-IL1R1-IL1RAP-MyD88-IRAK4-IRAK1-TRAF6-TAK1-NF-kappaB-CCL20-transcription	primary_literature_route_expansion	primary_target_transcription_output_with_tf_family_support	M21B-E001766;M21B-EVID-001709;M21B-DOWNSTREAM-EVID:003925;M21B-E000023;M21B-E000024;M21B-E000025;M21B-E000026;M21B-E000027;M21B-E000028;M21B-EVID-000005;M21B-EVID-PROMO-20260826-001;M21B-EVID-PROMO-20260826-002;M21B-EVID-PROMO-20260826-003;M21B-E008717;M21B-EVID-008663;PMID:9820540;PMID:22426547;PMID:11416133;PMID:11518704;PMID:12538665;PMID:12528183;DOI:10.1002/glia.10193	M21B-E001766>M21B-E000023>M21B-E000024>M21B-E000025>M21B-E000026>M21B-E000027>M21B-E000028>TF:NODE07984>M21B-E008717	M21B-DOWNSTREAM-EVID:003925	manual_primary_il1b_route;full_il1_myD88_irak_traf6_tak1_nfkb_branch;tf_family_supported;intracellular_to_tf_edge_not_asserted;tf_to_target_edge_not_asserted;evidence_route_only	not_asserted	evidence_route_not_causal	mechanism_evidence_v1	supports	not_evaluated	composite_primary_route	gene_expression_or_transcription	PMID:9820540; PMID:22426547; PMID:11416133; PMID:11518704; PMID:12538665; PMID:12528183; DOI:10.1002/glia.10193	Primary IL1R1/IL1RAP-dependent signaling and IL-1 MyD88/IRAK/TRAF6/TAK1/NF-kappaB pathway evidence combined with the IL1B-to-CCL20 transcriptional output record.	Primary evidence supports IL1B engagement of the IL1R1/IL1RAP signaling complex, the MyD88-to-IRAK4-to-IRAK1-to-TRAF6-to-TAK1 NF-kappaB branch, and IL1B-associated CCL20 transcription in astrocyte models. NF-kB is retained as a supported regulator-family layer; exact IKK-to-NFKB1/RELA ordering, TF occupancy and a direct NF-kB-to-CCL20 edge are not asserted.	Preserve mature IL-1beta and IL1R1/IL1RAP ternary-complex context, MyD88 isoform and Myddosome boundaries, the pathway-level NF-kappaB branch, and the primary astrocyte CCL20 output context. This is an evidence route rather than a causal graph edge and does not infer SCI receiver-cell weighting.	curated_primary_route	human; mouse	IL-1RAcP-deficient mouse and fibroblast signaling systems, IL-1-responsive mammalian inflammatory-cell systems, and mouse brain-derived astrocytes	Extracellular IL-1beta engagement of IL1R1/IL1RAP with receptor-proximal MyD88/Myddosome signaling, NF-kappaB branch activation and nuclear CCL20 transcription	No SCI transfer inferred; primary receptor, inflammatory and astrocyte model contexts only	Primary evidence supports the receptor-proximal relay and an IL1B-associated transcriptional output; TF-family and output linkage are retained as bounded evidence layers.	IL1R1/IL1RAP deficiency and receptor-complex studies, MyD88/IRAK/TRAF6/TAK1 pathway perturbation, NF-kappaB/JNK assays, and IL1B-stimulated CCL20 mRNA/protein assays	activating	primary_receptor_proximal_pathway;primary_target_output	LITEXP:003473
M21B-LITEXP-IL1B-TF-0004	M21B-DOWNSTREAM:02555	retained_evidence_route	ligand>receptor>intracellular>TF>target_gene_expression	ligand_receptor_intracellular_tf_target_missing_direct_tf_edges	ligand|receptor|intracellular_continuation|transcription_factor|target_gene	intracellular_to_tf_edge|tf_to_target_edge	source_supported	NODE05366	IL1B	M21B-E001766	NODE05380	IL1R1-IL1RAP receptor complex	M21B-E000023	NODE07611	MYD88		NODE07984	NF-kB		NODE02622	CXCL1 gene		NODE02622	CXCL1 gene			IL1B-IL1R1-IL1RAP-MyD88-IRAK4-IRAK1-TRAF6-TAK1-NF-kappaB-CXCL1-transcription	primary_literature_route_expansion	primary_target_transcription_output_with_tf_family_support	M21B-E001766;M21B-EVID-001709;M21B-DOWNSTREAM-EVID:003925;M21B-E000023;M21B-E000024;M21B-E000025;M21B-E000026;M21B-E000027;M21B-E000028;M21B-EVID-000005;M21B-EVID-PROMO-20260826-001;M21B-EVID-PROMO-20260826-002;M21B-EVID-PROMO-20260826-003;M21B-E008733;M21B-EVID-008679;PMID:9820540;PMID:22426547;PMID:11416133;PMID:11518704;PMID:12538665;PMID:35384588;PMCID:PMC9684245;DOI:10.1007/s12017-022-08709-y	M21B-E001766>M21B-E000023>M21B-E000024>M21B-E000025>M21B-E000026>M21B-E000027>M21B-E000028>TF:NODE07984>M21B-E008733	M21B-DOWNSTREAM-EVID:003925	manual_primary_il1b_route;full_il1_myD88_irak_traf6_tak1_nfkb_branch;tf_family_supported;intracellular_to_tf_edge_not_asserted;tf_to_target_edge_not_asserted;evidence_route_only	not_asserted	evidence_route_not_causal	mechanism_evidence_v1	supports	not_evaluated	composite_primary_route	gene_expression_or_transcription	PMID:9820540; PMID:22426547; PMID:11416133; PMID:11518704; PMID:12538665; PMID:35384588; PMCID:PMC9684245; DOI:10.1007/s12017-022-08709-y	Primary IL1R1/IL1RAP-dependent signaling and IL-1 MyD88/IRAK/TRAF6/TAK1/NF-kappaB pathway evidence combined with the IL1B-to-CXCL1 transcriptional output record.	Primary evidence supports IL1B engagement of the IL1R1/IL1RAP signaling complex, the MyD88-to-IRAK4-to-IRAK1-to-TRAF6-to-TAK1 NF-kappaB branch, and IL1B-associated CXCL1 transcription in astrocyte and ischemic-brain contexts. NF-kB is retained as a supported regulator-family layer; exact IKK-to-NFKB1/RELA ordering, TF occupancy and a direct NF-kB-to-CXCL1 edge are not asserted.	Preserve mature IL-1beta and IL1R1/IL1RAP ternary-complex context, MyD88 isoform and Myddosome boundaries, the pathway-level NF-kappaB branch, and the primary astrocyte/ischemic-brain CXCL1 output context. This is an evidence route rather than a causal graph edge and does not infer SCI receiver-cell weighting.	curated_primary_route	human; mouse	IL-1RAcP-deficient mouse and fibroblast signaling systems, IL-1-responsive mammalian inflammatory-cell systems, primary mouse astrocytes and acutely isolated ischemic-brain astrocytes	Extracellular IL-1beta engagement of IL1R1/IL1RAP with receptor-proximal MyD88/Myddosome signaling, NF-kappaB branch activation and nuclear CXCL1 transcription	No SCI transfer inferred; primary receptor, inflammatory and ischemic-brain model contexts only	Primary evidence supports the receptor-proximal relay and an IL1B-associated transcriptional output; TF-family and output linkage are retained as bounded evidence layers.	IL1R1/IL1RAP deficiency and receptor-complex studies, MyD88/IRAK/TRAF6/TAK1 pathway perturbation, NF-kappaB/JNK assays, and IL1B-stimulated CXCL1 mRNA/protein assays	activating	primary_receptor_proximal_pathway;primary_target_output	LITEXP:003474
M21B-LITEXP-IL2-001	M21B-DOWNSTREAM:00054	retained_evidence_route	ligand>receptor>intracellular>TF>target_gene_expression	ligand_receptor_intracellular_tf_target_missing_direct_tf_edges	ligand|receptor|intracellular_continuation|transcription_factor|target_gene_expression	intracellular_to_tf_edge	source_supported	NODE05405	IL2	M21B-E000236	NODE05446	IL2RA:IL2RB:IL2RG receptor complex	M21B-E000237	NODE06024	JAK1/JAK3		NODE10752	STAT5	M21B-E008250	NODE05444	IL2RA gene		NODE05444	IL2RA gene expression			IL2-common-gamma-JAK-STAT5-IL2RA gene	primary_literature_route_expansion	primary_target_gene_expression	M21B-E000236; M21B-E000237; M21B-E008250; M21B-EVID-000179; PUBLIC-LR-SUPP:001494; PUBLIC-LR-SUPP:001497; PUBLIC-LR-SUPP:001502; M21B-EVID-000180; M21B-EVID-008196; M21B-EVID-000181; PMID:16477002; PMID:16293754; PMID:9553136; PMID:9162019; PMID:9395528	M21B-LITEXP-IL2-001	M21B-DOWNSTREAM-EVID:000105	manual_primary_il2_route;primary_layer_linked;intracellular_to_tf_edge_not_asserted;tf_to_target_edge_asserted_as_graph_edge;evidence_route_only	not_asserted	evidence_route_not_causal	mechanism_evidence_v1	supports	not_evaluated	source_claim	target_gene_expression	PMID:16477002; PMID:16293754; PMID:9553136; PMID:9162019; PMID:9395528	Composite primary route annotation assembled from independently curated ligand-receptor, receptor-proximal, and TF-target primary evidence; the direct intracellular-to-TF relay remains unasserted.	The source ledger supports ligand activation of the recorded receptor complex, receptor-proximal JAK/STAT pathway continuation, and STAT6/STAT5/STAT1/STAT3-linked regulation of IL2RA gene. Primary-supported claim: The reviews identify STAT5-dependent IL2RA enhancer activation; the cited primary shows IL-2-activated STAT5 dimers bind two enhancer sites and cooperative activity required for IL-2-responsive IL2RA transcription. Primary model/assay: Mouse lymphocyte IL2RA enhancer/promoter; IL-2; recombinant STAT5A/nuclear extracts; enhancer mutation, tetramerization, and luciferase assays	The receptor-proximal source uses IL-2 receptor-complex and common-gamma-chain systems, whereas the JAK edge is exported with a receptor-complex alias; preserve that topology boundary and do not infer a single-cell full-chain assay or SCI transfer.	curated_primary_route	human	Human lymphocyte and cytokine-receptor reconstitution systems for the IL-2 receptor layer; target-gene studies use lymphoid, hematopoietic, or erythroid comparator systems.	extracellular ligand; plasma membrane; cytoplasm; nucleus; target-gene regulatory locus	no SCI transfer inferred; primary model context only	composite primary evidence; route layers retain source-specific models	Receptor-proximal activation and STAT/target-gene assays as recorded in the source ledger. Terminal evidence: Primary-supported claim: The reviews identify STAT5-dependent IL2RA enhancer activation; the cited primary shows IL-2-activated STAT5 dimers bind two enhancer sites and cooperative activity required for IL-2-responsive IL2RA transcription. Primary model/assay: Mouse lymphocyte IL2RA enhancer/promoter; IL-2; recombinant STAT5A/nuclear extracts; enhancer mutation, tetramerization, and luciferase assays	activating	composite_primary_evidence	LITEXP:003475
M21B-LITEXP-IL2-002	M21B-DOWNSTREAM:00054	retained_evidence_route	ligand>receptor>intracellular>TF>target_gene_expression	ligand_receptor_intracellular_tf_target_missing_direct_tf_edges	ligand|receptor|intracellular_continuation|transcription_factor|target_gene_expression	intracellular_to_tf_edge	source_supported	NODE05405	IL2	M21B-E000236	NODE05446	IL2RA:IL2RB:IL2RG receptor complex	M21B-E000237	NODE06024	JAK1/JAK3		NODE10752	STAT5	M21B-E008251	NODE02198	CISH gene		NODE02198	CISH gene expression			IL2-common-gamma-JAK-STAT5-CISH gene	primary_literature_route_expansion	primary_target_gene_expression	M21B-E000236; M21B-E000237; M21B-E008251; M21B-EVID-000179; PUBLIC-LR-SUPP:001494; PUBLIC-LR-SUPP:001497; PUBLIC-LR-SUPP:001502; M21B-EVID-000180; M21B-EVID-008197; M21B-EVID-000181; PMID:16477002; PMID:16293754; PMID:9553136; PMID:9162019; PMID:9129017	M21B-LITEXP-IL2-002	M21B-DOWNSTREAM-EVID:000105	manual_primary_il2_route;primary_layer_linked;intracellular_to_tf_edge_not_asserted;tf_to_target_edge_asserted_as_graph_edge;evidence_route_only	not_asserted	evidence_route_not_causal	mechanism_evidence_v1	supports	not_evaluated	source_claim	target_gene_expression	PMID:16477002; PMID:16293754; PMID:9553136; PMID:9162019; PMID:9129017	Composite primary route annotation assembled from independently curated ligand-receptor, receptor-proximal, and TF-target primary evidence; the direct intracellular-to-TF relay remains unasserted.	The source ledger supports ligand activation of the recorded receptor complex, receptor-proximal JAK/STAT pathway continuation, and STAT6/STAT5/STAT1/STAT3-linked regulation of CISH gene. Primary-supported claim: The reviews identify CISH as a cytokine-inducible STAT5 target; the cited primary maps STAT5-responsive promoter elements and shows cytokine-induced STAT5-dependent CISH transcription with feedback inhibition. Primary model/assay: Hematopoietic/BaF3/HEK293 cells expressing EPO receptor and STAT5; IL-2, IL-3, or EPO; CISH promoter mapping, STAT5 luciferase assays, and feedback perturbation	The receptor-proximal source uses IL-2 receptor-complex and common-gamma-chain systems, whereas the JAK edge is exported with a receptor-complex alias; preserve that topology boundary and do not infer a single-cell full-chain assay or SCI transfer.	curated_primary_route	human	Human lymphocyte and cytokine-receptor reconstitution systems for the IL-2 receptor layer; target-gene studies use lymphoid, hematopoietic, or erythroid comparator systems.	extracellular ligand; plasma membrane; cytoplasm; nucleus; target-gene regulatory locus	no SCI transfer inferred; primary model context only	composite primary evidence; route layers retain source-specific models	Receptor-proximal activation and STAT/target-gene assays as recorded in the source ledger. Terminal evidence: Primary-supported claim: The reviews identify CISH as a cytokine-inducible STAT5 target; the cited primary maps STAT5-responsive promoter elements and shows cytokine-induced STAT5-dependent CISH transcription with feedback inhibition. Primary model/assay: Hematopoietic/BaF3/HEK293 cells expressing EPO receptor and STAT5; IL-2, IL-3, or EPO; CISH promoter mapping, STAT5 luciferase assays, and feedback perturbation	activating	composite_primary_evidence	LITEXP:003476
M21B-LITEXP-IL2-003	M21B-DOWNSTREAM:00054	retained_evidence_route	ligand>receptor>intracellular>TF>target_gene_expression	ligand_receptor_intracellular_tf_target_missing_direct_tf_edges	ligand|receptor|intracellular_continuation|transcription_factor|target_gene_expression	intracellular_to_tf_edge	source_supported	NODE05405	IL2	M21B-E000236	NODE05446	IL2RA:IL2RB:IL2RG receptor complex	M21B-E000237	NODE06024	JAK1/JAK3		NODE10752	STAT5	M21B-E008252	NODE09044	PIM1 gene		NODE09044	PIM1 gene expression			IL2-common-gamma-JAK-STAT5-PIM1 gene	primary_literature_route_expansion	primary_target_gene_expression	M21B-E000236; M21B-E000237; M21B-E008252; M21B-EVID-000179; PUBLIC-LR-SUPP:001494; PUBLIC-LR-SUPP:001497; PUBLIC-LR-SUPP:001502; M21B-EVID-000180; M21B-EVID-008198; M21B-EVID-000181; PMID:16477002; PMID:16293754; PMID:9553136; PMID:9162019; PMCID:PMC5521770	M21B-LITEXP-IL2-003	M21B-DOWNSTREAM-EVID:000105	manual_primary_il2_route;primary_layer_linked;intracellular_to_tf_edge_not_asserted;tf_to_target_edge_asserted_as_graph_edge;evidence_route_only	not_asserted	evidence_route_not_causal	mechanism_evidence_v1	supports	not_evaluated	source_claim	target_gene_expression	PMID:16477002; PMID:16293754; PMID:9553136; PMID:9162019; PMCID:PMC5521770	Composite primary route annotation assembled from independently curated ligand-receptor, receptor-proximal, and TF-target primary evidence; the direct intracellular-to-TF relay remains unasserted.	The source ledger supports ligand activation of the recorded receptor complex, receptor-proximal JAK/STAT pathway continuation, and STAT6/STAT5/STAT1/STAT3-linked regulation of PIM1 gene. Primary-supported claim: The reviews identify PIM1 as a direct pSTAT5 erythropoietic target; the cited primary combines pSTAT5 ChIP-seq with nascent-RNA and CAGE/qRT-PCR evidence for EPO-responsive PIM1 transcription. Primary model/assay: Primary murine J2E erythroid cells; EPO stimulation; pSTAT5 ChIP-seq, 4sU nascent RNA-seq, CAGE, and qRT-PCR	The receptor-proximal source uses IL-2 receptor-complex and common-gamma-chain systems, whereas the JAK edge is exported with a receptor-complex alias; preserve that topology boundary and do not infer a single-cell full-chain assay or SCI transfer.	curated_primary_route	human	Human lymphocyte and cytokine-receptor reconstitution systems for the IL-2 receptor layer; target-gene studies use lymphoid, hematopoietic, or erythroid comparator systems.	extracellular ligand; plasma membrane; cytoplasm; nucleus; target-gene regulatory locus	no SCI transfer inferred; primary model context only	composite primary evidence; route layers retain source-specific models	Receptor-proximal activation and STAT/target-gene assays as recorded in the source ledger. Terminal evidence: Primary-supported claim: The reviews identify PIM1 as a direct pSTAT5 erythropoietic target; the cited primary combines pSTAT5 ChIP-seq with nascent-RNA and CAGE/qRT-PCR evidence for EPO-responsive PIM1 transcription. Primary model/assay: Primary murine J2E erythroid cells; EPO stimulation; pSTAT5 ChIP-seq, 4sU nascent RNA-seq, CAGE, and qRT-PCR	activating	composite_primary_evidence	LITEXP:003477
M21B-LITEXP-IL2-004	M21B-DOWNSTREAM:00054	retained_evidence_route	ligand>receptor>intracellular>TF>target_gene_expression	ligand_receptor_intracellular_tf_target_missing_direct_tf_edges	ligand|receptor|intracellular_continuation|transcription_factor|target_gene_expression	intracellular_to_tf_edge	source_supported	NODE05405	IL2	M21B-E000236	NODE05446	IL2RA:IL2RB:IL2RG receptor complex	M21B-E000237	NODE06024	JAK1/JAK3		NODE10752	STAT5	M21B-E008253	NODE01161	BCL2L1 gene		NODE01161	BCL2L1 gene expression			IL2-common-gamma-JAK-STAT5-BCL2L1 gene	primary_literature_route_expansion	primary_target_gene_expression	M21B-E000236; M21B-E000237; M21B-E008253; M21B-EVID-000179; PUBLIC-LR-SUPP:001494; PUBLIC-LR-SUPP:001497; PUBLIC-LR-SUPP:001502; M21B-EVID-000180; M21B-EVID-008199; M21B-EVID-000181; PMID:16477002; PMID:16293754; PMID:9553136; PMID:9162019; PMCID:PMC5521770	M21B-LITEXP-IL2-004	M21B-DOWNSTREAM-EVID:000105	manual_primary_il2_route;primary_layer_linked;intracellular_to_tf_edge_not_asserted;tf_to_target_edge_asserted_as_graph_edge;evidence_route_only	not_asserted	evidence_route_not_causal	mechanism_evidence_v1	supports	not_evaluated	source_claim	target_gene_expression	PMID:16477002; PMID:16293754; PMID:9553136; PMID:9162019; PMCID:PMC5521770	Composite primary route annotation assembled from independently curated ligand-receptor, receptor-proximal, and TF-target primary evidence; the direct intracellular-to-TF relay remains unasserted.	The source ledger supports ligand activation of the recorded receptor complex, receptor-proximal JAK/STAT pathway continuation, and STAT6/STAT5/STAT1/STAT3-linked regulation of BCL2L1 gene. Primary-supported claim: The reviews identify BCL2L1 as a direct pSTAT5 target; the cited primary combines pSTAT5 occupancy and nascent-transcription evidence at Bcl2l1 regulatory/intronic regions in EPO-stimulated erythroid cells. Primary model/assay: Primary murine J2E erythroid cells; EPO stimulation; pSTAT5 ChIP-seq, 4sU nascent RNA-seq, CAGE, and qRT-PCR at Bcl2l1 regulatory/intronic regions	The receptor-proximal source uses IL-2 receptor-complex and common-gamma-chain systems, whereas the JAK edge is exported with a receptor-complex alias; preserve that topology boundary and do not infer a single-cell full-chain assay or SCI transfer.	curated_primary_route	human	Human lymphocyte and cytokine-receptor reconstitution systems for the IL-2 receptor layer; target-gene studies use lymphoid, hematopoietic, or erythroid comparator systems.	extracellular ligand; plasma membrane; cytoplasm; nucleus; target-gene regulatory locus	no SCI transfer inferred; primary model context only	composite primary evidence; route layers retain source-specific models	Receptor-proximal activation and STAT/target-gene assays as recorded in the source ledger. Terminal evidence: Primary-supported claim: The reviews identify BCL2L1 as a direct pSTAT5 target; the cited primary combines pSTAT5 occupancy and nascent-transcription evidence at Bcl2l1 regulatory/intronic regions in EPO-stimulated erythroid cells. Primary model/assay: Primary murine J2E erythroid cells; EPO stimulation; pSTAT5 ChIP-seq, 4sU nascent RNA-seq, CAGE, and qRT-PCR at Bcl2l1 regulatory/intronic regions	activating	composite_primary_evidence	LITEXP:003478
M21B-LITEXP-IL2-005	M21B-DOWNSTREAM:00054	retained_evidence_route	ligand>receptor>intracellular>TF>target_gene_expression	ligand_receptor_intracellular_tf_target_missing_direct_tf_edges	ligand|receptor|intracellular_continuation|transcription_factor|target_gene_expression	intracellular_to_tf_edge	source_supported	NODE05405	IL2	M21B-E000236	NODE05446	IL2RA:IL2RB:IL2RG receptor complex	M21B-E000237	NODE06024	JAK1/JAK3		NODE10752	STAT5	M21B-E008257	NODE01155	BCL2 gene		NODE01155	BCL2 gene expression			IL2-common-gamma-JAK-STAT5-BCL2 gene	primary_literature_route_expansion	primary_target_gene_expression	M21B-E000236; M21B-E000237; M21B-E008257; M21B-EVID-000179; PUBLIC-LR-SUPP:001494; PUBLIC-LR-SUPP:001497; PUBLIC-LR-SUPP:001502; M21B-EVID-000180; M21B-EVID-008203; M21B-EVID-000181; PMID:16477002; PMID:16293754; PMID:9553136; PMID:9162019; PMCID:PMC2826763	M21B-LITEXP-IL2-005	M21B-DOWNSTREAM-EVID:000105	manual_primary_il2_route;primary_layer_linked;intracellular_to_tf_edge_not_asserted;tf_to_target_edge_asserted_as_graph_edge;evidence_route_only	not_asserted	evidence_route_not_causal	mechanism_evidence_v1	supports	not_evaluated	source_claim	target_gene_expression	PMID:16477002; PMID:16293754; PMID:9553136; PMID:9162019; PMCID:PMC2826763	Composite primary route annotation assembled from independently curated ligand-receptor, receptor-proximal, and TF-target primary evidence; the direct intracellular-to-TF relay remains unasserted.	The source ledger supports ligand activation of the recorded receptor complex, receptor-proximal JAK/STAT pathway continuation, and STAT6/STAT5/STAT1/STAT3-linked regulation of BCL2 gene. Primary-supported claim: The reviews identify BCL2 as a STAT5-linked survival target; the cited primary shows STAT5 binding at conserved Bcl2 intron-2 sites and STAT5a-dependent Bcl2 mRNA induction in reconstituted mast cells. Primary model/assay: Mouse STAT5ab-null mast cells reconstituted with STAT5a or STAT5aΔN; IL-3 with or without SCF; Bcl2 intron-2 ChIP, RT-qPCR, protein, and survival assays	The receptor-proximal source uses IL-2 receptor-complex and common-gamma-chain systems, whereas the JAK edge is exported with a receptor-complex alias; preserve that topology boundary and do not infer a single-cell full-chain assay or SCI transfer.	curated_primary_route	human	Human lymphocyte and cytokine-receptor reconstitution systems for the IL-2 receptor layer; target-gene studies use lymphoid, hematopoietic, or erythroid comparator systems.	extracellular ligand; plasma membrane; cytoplasm; nucleus; target-gene regulatory locus	no SCI transfer inferred; primary model context only	composite primary evidence; route layers retain source-specific models	Receptor-proximal activation and STAT/target-gene assays as recorded in the source ledger. Terminal evidence: Primary-supported claim: The reviews identify BCL2 as a STAT5-linked survival target; the cited primary shows STAT5 binding at conserved Bcl2 intron-2 sites and STAT5a-dependent Bcl2 mRNA induction in reconstituted mast cells. Primary model/assay: Mouse STAT5ab-null mast cells reconstituted with STAT5a or STAT5aΔN; IL-3 with or without SCF; Bcl2 intron-2 ChIP, RT-qPCR, protein, and survival assays	activating	composite_primary_evidence	LITEXP:003479
M21B-LITEXP-IL4-006	M21B-DOWNSTREAM:00814	retained_evidence_route	ligand>receptor>intracellular>TF>target_gene_expression	ligand_receptor_intracellular_tf_target_missing_direct_tf_edges	ligand|receptor|intracellular_continuation|transcription_factor|target_gene_expression	intracellular_to_tf_edge	source_supported	NODE05490	IL4	M21B-E001754	NODE05502	IL4RA:IL2RG receptor complex	M21B-E001782	NODE06016	JAK1		NODE10761	STAT6	M21B-E008263	NODE03996	GATA3 gene		NODE03996	GATA3 gene expression			IL4-type-I-receptor-JAK1-STAT6-GATA3 gene	primary_literature_route_expansion	primary_target_gene_expression	M21B-E001754; M21B-E001782; M21B-E008263; M21B-EVID-001697; PUBLIC-LR-SUPP:000808; PUBLIC-LR-SUPP:001536; M21B-EVID-001725; M21B-EVID-008209; PMID:9492265; PMID:8887542; PMID:20956546; PMCID:PMC2964576	M21B-LITEXP-IL4-006	M21B-DOWNSTREAM-EVID:001338	manual_primary_il4_route;primary_layer_linked;intracellular_to_tf_edge_not_asserted;tf_to_target_edge_asserted_as_graph_edge;evidence_route_only	not_asserted	evidence_route_not_causal	mechanism_evidence_v1	supports	not_evaluated	source_claim	target_gene_expression	PMID:9492265; PMID:8887542; PMID:20956546; PMCID:PMC2964576	Composite primary route annotation assembled from independently curated ligand-receptor, receptor-proximal, and TF-target primary evidence; the direct intracellular-to-TF relay remains unasserted.	The source ledger supports ligand activation of the recorded receptor complex, receptor-proximal JAK/STAT pathway continuation, and STAT6/STAT5/STAT1/STAT3-linked regulation of GATA3 gene. Primary-supported claim: The reviews identify IL-4/STAT6-dependent chromatin remodeling at the GATA3 locus; the cited primary shows STAT6-dependent displacement of Polycomb, recruitment of Trithorax-associated marks, and control of GATA3 expression in developing Th2 cells. Primary model/assay: Mouse developing CD4-positive Th2 cells; IL-4 stimulation and STAT6 perturbation; Gata3-locus ChIP/epigenetic assays, promoter usage, and GATA3 expression/differentiation readouts	The target studies establish STAT6-dependent gene regulation in bounded cell contexts; they do not demonstrate every receptor-proximal step in the same experiment or imply SCI receiver-cell transfer.	curated_primary_route	human	Human type-I IL-4 receptor-complex reconstitution for receptor/JAK/STAT6 activation; target-gene studies use developing T-helper, macrophage, epithelial, and allergic-response systems.	extracellular ligand; plasma membrane; cytoplasm; nucleus; target-gene regulatory locus	no SCI transfer inferred; primary model context only	composite primary evidence; route layers retain source-specific models	Receptor-proximal activation and STAT/target-gene assays as recorded in the source ledger. Terminal evidence: Primary-supported claim: The reviews identify IL-4/STAT6-dependent chromatin remodeling at the GATA3 locus; the cited primary shows STAT6-dependent displacement of Polycomb, recruitment of Trithorax-associated marks, and control of GATA3 expression in developing Th2 cells. Primary model/assay: Mouse developing CD4-positive Th2 cells; IL-4 stimulation and STAT6 perturbation; Gata3-locus ChIP/epigenetic assays, promoter usage, and GATA3 expression/differentiation readouts	activating	composite_primary_evidence	LITEXP:003480
M21B-LITEXP-IL4-007	M21B-DOWNSTREAM:00814	retained_evidence_route	ligand>receptor>intracellular>TF>target_gene_expression	ligand_receptor_intracellular_tf_target_missing_direct_tf_edges	ligand|receptor|intracellular_continuation|transcription_factor|target_gene_expression	intracellular_to_tf_edge	source_supported	NODE05490	IL4	M21B-E001754	NODE05502	IL4RA:IL2RG receptor complex	M21B-E001782	NODE06016	JAK1		NODE10761	STAT6	M21B-E008363	NODE00751	ARG1 gene		NODE00751	ARG1 gene expression			IL4-type-I-receptor-JAK1-STAT6-ARG1 gene	primary_literature_route_expansion	primary_target_gene_expression	M21B-E001754; M21B-E001782; M21B-E008363; M21B-EVID-001697; PUBLIC-LR-SUPP:000808; PUBLIC-LR-SUPP:001536; M21B-EVID-001725; M21B-EVID-008309; PMID:9492265; PMID:8887542; PMID:15922518; DOI:10.1016/j.gene.2005.04.004	M21B-LITEXP-IL4-007	M21B-DOWNSTREAM-EVID:001338	manual_primary_il4_route;primary_layer_linked;intracellular_to_tf_edge_not_asserted;tf_to_target_edge_asserted_as_graph_edge;evidence_route_only	not_asserted	evidence_route_not_causal	mechanism_evidence_v1	supports	not_evaluated	source_claim	target_gene_expression	PMID:9492265; PMID:8887542; PMID:15922518; DOI:10.1016/j.gene.2005.04.004	Composite primary route annotation assembled from independently curated ligand-receptor, receptor-proximal, and TF-target primary evidence; the direct intracellular-to-TF relay remains unasserted.	The source ledger supports ligand activation of the recorded receptor complex, receptor-proximal JAK/STAT pathway continuation, and STAT6/STAT5/STAT1/STAT3-linked regulation of ARG1 gene. Primary-supported claim: The reviews identify IL-4/STAT6 and C/EBPbeta as cooperative regulators of the Arg1 promoter; the cited primary demonstrates that a composite STAT6/C/EBPbeta response element is required for IL-4-induced Arg1 promoter transcription. Primary model/assay: Mouse RAW264.7 macrophage cells; IL-4 stimulation; murine Arg1 promoter reporters, STAT6/C/EBPbeta response-element mutagenesis, EMSA and transcriptional assays	The target studies establish STAT6-dependent gene regulation in bounded cell contexts; they do not demonstrate every receptor-proximal step in the same experiment or imply SCI receiver-cell transfer.	curated_primary_route	human	Human type-I IL-4 receptor-complex reconstitution for receptor/JAK/STAT6 activation; target-gene studies use developing T-helper, macrophage, epithelial, and allergic-response systems.	extracellular ligand; plasma membrane; cytoplasm; nucleus; target-gene regulatory locus	no SCI transfer inferred; primary model context only	composite primary evidence; route layers retain source-specific models	Receptor-proximal activation and STAT/target-gene assays as recorded in the source ledger. Terminal evidence: Primary-supported claim: The reviews identify IL-4/STAT6 and C/EBPbeta as cooperative regulators of the Arg1 promoter; the cited primary demonstrates that a composite STAT6/C/EBPbeta response element is required for IL-4-induced Arg1 promoter transcription. Primary model/assay: Mouse RAW264.7 macrophage cells; IL-4 stimulation; murine Arg1 promoter reporters, STAT6/C/EBPbeta response-element mutagenesis, EMSA and transcriptional assays	activating	composite_primary_evidence	LITEXP:003481
M21B-LITEXP-IL4-008	M21B-DOWNSTREAM:00814	retained_evidence_route	ligand>receptor>intracellular>TF>target_gene_expression	ligand_receptor_intracellular_tf_target_missing_direct_tf_edges	ligand|receptor|intracellular_continuation|transcription_factor|target_gene_expression	intracellular_to_tf_edge	source_supported	NODE05490	IL4	M21B-E001754	NODE05502	IL4RA:IL2RG receptor complex	M21B-E001782	NODE06016	JAK1		NODE10761	STAT6	M21B-E008364	NODE01707	CCL26 gene		NODE01707	CCL26 gene expression			IL4-type-I-receptor-JAK1-STAT6-CCL26 gene	primary_literature_route_expansion	primary_target_gene_expression	M21B-E001754; M21B-E001782; M21B-E008364; M21B-EVID-001697; PUBLIC-LR-SUPP:000808; PUBLIC-LR-SUPP:001536; M21B-EVID-001725; M21B-EVID-008310; PMID:9492265; PMID:8887542; PMID:22226123	M21B-LITEXP-IL4-008	M21B-DOWNSTREAM-EVID:001338	manual_primary_il4_route;primary_layer_linked;intracellular_to_tf_edge_not_asserted;tf_to_target_edge_asserted_as_graph_edge;evidence_route_only	not_asserted	evidence_route_not_causal	mechanism_evidence_v1	supports	not_evaluated	source_claim	target_gene_expression	PMID:9492265; PMID:8887542; PMID:22226123	Composite primary route annotation assembled from independently curated ligand-receptor, receptor-proximal, and TF-target primary evidence; the direct intracellular-to-TF relay remains unasserted.	The source ledger supports ligand activation of the recorded receptor complex, receptor-proximal JAK/STAT pathway continuation, and STAT6/STAT5/STAT1/STAT3-linked regulation of CCL26 gene. Primary-supported claim: The reviews identify STAT6-dependent epithelial chemokine induction; the cited primary maps a functional proximal STAT element required for IL-4-induced CCL26 promoter activity and expression. Primary model/assay: Human HaCaT keratinocytes; IL-4 stimulation; CCL26 mRNA/protein, promoter deletion and proximal STAT-site mutagenesis, dominant-negative STAT6 and JAK inhibitor assays	The target studies establish STAT6-dependent gene regulation in bounded cell contexts; they do not demonstrate every receptor-proximal step in the same experiment or imply SCI receiver-cell transfer.	curated_primary_route	human	Human type-I IL-4 receptor-complex reconstitution for receptor/JAK/STAT6 activation; target-gene studies use developing T-helper, macrophage, epithelial, and allergic-response systems.	extracellular ligand; plasma membrane; cytoplasm; nucleus; target-gene regulatory locus	no SCI transfer inferred; primary model context only	composite primary evidence; route layers retain source-specific models	Receptor-proximal activation and STAT/target-gene assays as recorded in the source ledger. Terminal evidence: Primary-supported claim: The reviews identify STAT6-dependent epithelial chemokine induction; the cited primary maps a functional proximal STAT element required for IL-4-induced CCL26 promoter activity and expression. Primary model/assay: Human HaCaT keratinocytes; IL-4 stimulation; CCL26 mRNA/protein, promoter deletion and proximal STAT-site mutagenesis, dominant-negative STAT6 and JAK inhibitor assays	activating	composite_primary_evidence	LITEXP:003482
M21B-LITEXP-IL4-009	M21B-DOWNSTREAM:00814	retained_evidence_route	ligand>receptor>intracellular>TF>target_gene_expression	ligand_receptor_intracellular_tf_target_missing_direct_tf_edges	ligand|receptor|intracellular_continuation|transcription_factor|target_gene_expression	intracellular_to_tf_edge	source_supported	NODE05490	IL4	M21B-E001754	NODE05502	IL4RA:IL2RG receptor complex	M21B-E001782	NODE06016	JAK1		NODE10761	STAT6	M21B-E008365	NODE09752	RETNLA gene		NODE09752	RETNLA gene expression			IL4-type-I-receptor-JAK1-STAT6-RETNLA gene	primary_literature_route_expansion	primary_target_gene_expression	M21B-E001754; M21B-E001782; M21B-E008365; M21B-EVID-001697; PUBLIC-LR-SUPP:000808; PUBLIC-LR-SUPP:001536; M21B-EVID-001725; M21B-EVID-008311; PMID:9492265; PMID:8887542; PMID:12574343	M21B-LITEXP-IL4-009	M21B-DOWNSTREAM-EVID:001338	manual_primary_il4_route;primary_layer_linked;intracellular_to_tf_edge_not_asserted;tf_to_target_edge_asserted_as_graph_edge;evidence_route_only	not_asserted	evidence_route_not_causal	mechanism_evidence_v1	supports	not_evaluated	source_claim	target_gene_expression	PMID:9492265; PMID:8887542; PMID:12574343	Composite primary route annotation assembled from independently curated ligand-receptor, receptor-proximal, and TF-target primary evidence; the direct intracellular-to-TF relay remains unasserted.	The source ledger supports ligand activation of the recorded receptor complex, receptor-proximal JAK/STAT pathway continuation, and STAT6/STAT5/STAT1/STAT3-linked regulation of RETNLA gene. Primary-supported claim: The reviews identify FIZZ1/RETNLA as a STAT6-regulated type-2 response gene; the cited primary shows functional STAT6 and C/EBP sites in the FIZZ1 promoter and cytokine-dependent reporter activation. Primary model/assay: Mouse BMnot macrophage-like cells and allergen-challenged mouse lung; IL-4/IL-13 stimulation, FIZZ1 promoter reporters, STAT6/C/EBP site mutagenesis and STAT6-deficient mice	The target studies establish STAT6-dependent gene regulation in bounded cell contexts; they do not demonstrate every receptor-proximal step in the same experiment or imply SCI receiver-cell transfer.	curated_primary_route	human	Human type-I IL-4 receptor-complex reconstitution for receptor/JAK/STAT6 activation; target-gene studies use developing T-helper, macrophage, epithelial, and allergic-response systems.	extracellular ligand; plasma membrane; cytoplasm; nucleus; target-gene regulatory locus	no SCI transfer inferred; primary model context only	composite primary evidence; route layers retain source-specific models	Receptor-proximal activation and STAT/target-gene assays as recorded in the source ledger. Terminal evidence: Primary-supported claim: The reviews identify FIZZ1/RETNLA as a STAT6-regulated type-2 response gene; the cited primary shows functional STAT6 and C/EBP sites in the FIZZ1 promoter and cytokine-dependent reporter activation. Primary model/assay: Mouse BMnot macrophage-like cells and allergen-challenged mouse lung; IL-4/IL-13 stimulation, FIZZ1 promoter reporters, STAT6/C/EBP site mutagenesis and STAT6-deficient mice	activating	composite_primary_evidence	LITEXP:003483
M21B-LITEXP-IL4-010	M21B-DOWNSTREAM:00814	retained_evidence_route	ligand>receptor>intracellular>TF>target_gene_expression	ligand_receptor_intracellular_tf_target_missing_direct_tf_edges	ligand|receptor|intracellular_continuation|transcription_factor|target_gene_expression	intracellular_to_tf_edge	source_supported	NODE05490	IL4	M21B-E001754	NODE05502	IL4RA:IL2RG receptor complex	M21B-E001782	NODE06016	JAK1		NODE10761	STAT6	M21B-E008366	NODE02113	CHIL3 gene		NODE02113	CHIL3 gene expression			IL4-type-I-receptor-JAK1-STAT6-CHIL3 gene	primary_literature_route_expansion	primary_target_gene_expression	M21B-E001754; M21B-E001782; M21B-E008366; M21B-EVID-001697; PUBLIC-LR-SUPP:000808; PUBLIC-LR-SUPP:001536; M21B-EVID-001725; M21B-EVID-008312; PMID:9492265; PMID:8887542; PMID:12215441	M21B-LITEXP-IL4-010	M21B-DOWNSTREAM-EVID:001338	manual_primary_il4_route;primary_layer_linked;intracellular_to_tf_edge_not_asserted;tf_to_target_edge_asserted_as_graph_edge;evidence_route_only	not_asserted	evidence_route_not_causal	mechanism_evidence_v1	supports	not_evaluated	source_claim	target_gene_expression	PMID:9492265; PMID:8887542; PMID:12215441	Composite primary route annotation assembled from independently curated ligand-receptor, receptor-proximal, and TF-target primary evidence; the direct intracellular-to-TF relay remains unasserted.	The source ledger supports ligand activation of the recorded receptor complex, receptor-proximal JAK/STAT pathway continuation, and STAT6/STAT5/STAT1/STAT3-linked regulation of CHIL3 gene. Primary-supported claim: The reviews identify Ym1/CHIL3 as an IL-4/STAT6 target; the cited primary maps multiple STAT6 response elements in the Ym1 promoter and demonstrates STAT6-dependent macrophage induction. Primary model/assay: Mouse peritoneal and bone-marrow-derived macrophages, RAW264.7 and BEAS-2B promoter systems; IL-4/IL-13 stimulation, Ym1 promoter deletion/reporter assays, EMSA, STAT6-deficient extracts and allergic-peritonitis model	The target studies establish STAT6-dependent gene regulation in bounded cell contexts; they do not demonstrate every receptor-proximal step in the same experiment or imply SCI receiver-cell transfer.	curated_primary_route	human	Human type-I IL-4 receptor-complex reconstitution for receptor/JAK/STAT6 activation; target-gene studies use developing T-helper, macrophage, epithelial, and allergic-response systems.	extracellular ligand; plasma membrane; cytoplasm; nucleus; target-gene regulatory locus	no SCI transfer inferred; primary model context only	composite primary evidence; route layers retain source-specific models	Receptor-proximal activation and STAT/target-gene assays as recorded in the source ledger. Terminal evidence: Primary-supported claim: The reviews identify Ym1/CHIL3 as an IL-4/STAT6 target; the cited primary maps multiple STAT6 response elements in the Ym1 promoter and demonstrates STAT6-dependent macrophage induction. Primary model/assay: Mouse peritoneal and bone-marrow-derived macrophages, RAW264.7 and BEAS-2B promoter systems; IL-4/IL-13 stimulation, Ym1 promoter deletion/reporter assays, EMSA, STAT6-deficient extracts and allergic-peritonitis model	activating	composite_primary_evidence	LITEXP:003484
M21B-LITEXP-IFNG-011	M21B-DOWNSTREAM:02554	retained_evidence_route	ligand>receptor>intracellular>TF>target_gene_expression	ligand_receptor_intracellular_tf_target_missing_direct_tf_edges	ligand|receptor|intracellular_continuation|transcription_factor|target_gene_expression	intracellular_to_tf_edge	source_supported	NODE04977	IFN-gamma	M21B-E001763	NODE05009	IFNGR1-IFNGR2 receptor complex	M21B-E000014	NODE06026	JAK2		NODE10705	STAT1	M21B-E008361	NODE02696	CXCL9 gene		NODE02696	CXCL9 gene expression			IFNG-IFNGR-JAK2-STAT1-CXCL9 gene	primary_literature_route_expansion	primary_target_gene_expression	M21B-E001763; M21B-E000014; M21B-E008361; M21B-EVID-001706; M21B-EVID-000003; M21B-EVID-008307; PMID:8649432; PMCID:PMC231315; PMID:7673114; PMID:9653170; PMID:10228162; PMCID:PMC2925661	M21B-LITEXP-IFNG-011	M21B-DOWNSTREAM-EVID:003924	manual_primary_ifng_route;primary_layer_linked;intracellular_to_tf_edge_not_asserted;tf_to_target_edge_asserted_as_graph_edge;evidence_route_only	not_asserted	evidence_route_not_causal	mechanism_evidence_v1	supports	not_evaluated	source_claim	target_gene_expression	PMID:8649432; PMCID:PMC231315; PMID:7673114; PMID:9653170; PMID:10228162; PMCID:PMC2925661	Composite primary route annotation assembled from independently curated ligand-receptor, receptor-proximal, and TF-target primary evidence; the direct intracellular-to-TF relay remains unasserted.	The source ledger supports ligand activation of the recorded receptor complex, receptor-proximal JAK/STAT pathway continuation, and STAT6/STAT5/STAT1/STAT3-linked regulation of CXCL9 gene. Primary-supported claim: The reviews identify STAT1 as a direct regulator of IFN-gamma-responsive CXCL9; the cited primary demonstrates STAT1 binding at the murine Cxcl9 promoter and STAT1-dependent Cxcl9 induction in CNS microglia. Primary model/assay: Primary mouse microglia and astrocyte comparator cells; IFN-gamma stimulation, STAT1-deficient microglia, EMSA at the Cxcl9 promoter gamma-RE-1 element, STAT1/PU.1/IRF8 occupancy and Cxcl9 mRNA/protein assays	The route combines receptor-reconstitution, JAK/STAT activation, and target-gene studies from bounded models; preserve IFN-gamma specificity and do not infer a single-cell full-chain assay or SCI transfer beyond the recorded microglia evidence.	curated_primary_route	human; mouse	Human/mouse IFNGR1/IFNGR2 receptor-reconstitution and signaling systems; target-gene studies include primary mouse microglia/macrophage and comparator cell systems.	extracellular ligand; plasma membrane; cytoplasm; nucleus; target-gene regulatory locus	no SCI transfer inferred; primary model context only	composite primary evidence; route layers retain source-specific models	Receptor-proximal activation and STAT/target-gene assays as recorded in the source ledger. Terminal evidence: Primary-supported claim: The reviews identify STAT1 as a direct regulator of IFN-gamma-responsive CXCL9; the cited primary demonstrates STAT1 binding at the murine Cxcl9 promoter and STAT1-dependent Cxcl9 induction in CNS microglia. Primary model/assay: Primary mouse microglia and astrocyte comparator cells; IFN-gamma stimulation, STAT1-deficient microglia, EMSA at the Cxcl9 promoter gamma-RE-1 element, STAT1/PU.1/IRF8 occupancy and Cxcl9 mRNA/protein assays	activating	composite_primary_evidence	LITEXP:003485
M21B-LITEXP-IFNG-012	M21B-DOWNSTREAM:02554	retained_evidence_route	ligand>receptor>intracellular>TF>target_gene_expression	ligand_receptor_intracellular_tf_target_missing_direct_tf_edges	ligand|receptor|intracellular_continuation|transcription_factor|target_gene_expression	intracellular_to_tf_edge	source_supported	NODE04977	IFN-gamma	M21B-E001763	NODE05009	IFNGR1-IFNGR2 receptor complex	M21B-E000014	NODE06026	JAK2		NODE10705	STAT1	M21B-E008181	NODE02627	Cxcl10		NODE02627	Cxcl10 expression			IFNG-IFNGR-JAK2-STAT1-Cxcl10	primary_literature_route_expansion	primary_target_gene_expression	M21B-E001763; M21B-E000014; M21B-E008181; M21B-EVID-001706; M21B-EVID-000003; M21B-EVID-008127; PMID:8649432; PMCID:PMC231315; PMID:7673114; PMID:9653170; PMID:10228162; PMID:24012417; PMCID:PMC3857147	M21B-LITEXP-IFNG-012	M21B-DOWNSTREAM-EVID:003924	manual_primary_ifng_route;primary_layer_linked;intracellular_to_tf_edge_not_asserted;tf_to_target_edge_asserted_as_graph_edge;evidence_route_only	not_asserted	evidence_route_not_causal	mechanism_evidence_v1	supports	not_evaluated	source_claim	target_gene_expression	PMID:8649432; PMCID:PMC231315; PMID:7673114; PMID:9653170; PMID:10228162; PMID:24012417; PMCID:PMC3857147	Composite primary route annotation assembled from independently curated ligand-receptor, receptor-proximal, and TF-target primary evidence; the direct intracellular-to-TF relay remains unasserted.	The source ledger supports ligand activation of the recorded receptor complex, receptor-proximal JAK/STAT pathway continuation, and STAT6/STAT5/STAT1/STAT3-linked regulation of Cxcl10. Primary-supported claim: The review-led primary study shows STAT1 occupancy at CXCL10 regulatory elements after IFN-gamma stimulation and links STAT1-associated chromatin priming to inflammatory CXCL10 transcription in macrophages. Primary model/assay: IFN-gamma-primed and acutely stimulated macrophage systems; STAT1 ChIP-seq/EMSA and ChIP validation at CXCL10 regulatory regions with CXCL10 expression under cytokine/TLR conditions	The route combines receptor-reconstitution, JAK/STAT activation, and target-gene studies from bounded models; preserve IFN-gamma specificity and do not infer a single-cell full-chain assay or SCI transfer beyond the recorded microglia evidence.	curated_primary_route	human; mouse	Human/mouse IFNGR1/IFNGR2 receptor-reconstitution and signaling systems; target-gene studies include primary mouse microglia/macrophage and comparator cell systems.	extracellular ligand; plasma membrane; cytoplasm; nucleus; target-gene regulatory locus	no SCI transfer inferred; primary model context only	composite primary evidence; route layers retain source-specific models	Receptor-proximal activation and STAT/target-gene assays as recorded in the source ledger. Terminal evidence: Primary-supported claim: The review-led primary study shows STAT1 occupancy at CXCL10 regulatory elements after IFN-gamma stimulation and links STAT1-associated chromatin priming to inflammatory CXCL10 transcription in macrophages. Primary model/assay: IFN-gamma-primed and acutely stimulated macrophage systems; STAT1 ChIP-seq/EMSA and ChIP validation at CXCL10 regulatory regions with CXCL10 expression under cytokine/TLR conditions	activating	composite_primary_evidence	LITEXP:003486
M21B-LITEXP-IFNG-013	M21B-DOWNSTREAM:02554	retained_evidence_route	ligand>receptor>intracellular>TF>target_gene_expression	ligand_receptor_intracellular_tf_target_missing_direct_tf_edges	ligand|receptor|intracellular_continuation|transcription_factor|target_gene_expression	intracellular_to_tf_edge	source_supported	NODE04977	IFN-gamma	M21B-E001763	NODE05009	IFNGR1-IFNGR2 receptor complex	M21B-E000014	NODE06026	JAK2		NODE10705	STAT1	M21B-E008259	NODE05660	IRF1 gene		NODE05660	IRF1 gene expression			IFNG-IFNGR-JAK2-STAT1-IRF1 gene	primary_literature_route_expansion	primary_target_gene_expression	M21B-E001763; M21B-E000014; M21B-E008259; M21B-EVID-001706; M21B-EVID-000003; M21B-EVID-008205; PMID:8649432; PMCID:PMC231315; PMID:7673114; PMID:9653170; PMID:10228162; PMID:7645205	M21B-LITEXP-IFNG-013	M21B-DOWNSTREAM-EVID:003924	manual_primary_ifng_route;primary_layer_linked;intracellular_to_tf_edge_not_asserted;tf_to_target_edge_asserted_as_graph_edge;evidence_route_only	not_asserted	evidence_route_not_causal	mechanism_evidence_v1	supports	not_evaluated	source_claim	target_gene_expression	PMID:8649432; PMCID:PMC231315; PMID:7673114; PMID:9653170; PMID:10228162; PMID:7645205	Composite primary route annotation assembled from independently curated ligand-receptor, receptor-proximal, and TF-target primary evidence; the direct intracellular-to-TF relay remains unasserted.	The source ledger supports ligand activation of the recorded receptor complex, receptor-proximal JAK/STAT pathway continuation, and STAT6/STAT5/STAT1/STAT3-linked regulation of IRF1 gene. Primary-supported claim: The reviews identify IRF1 as a primary STAT1-responsive gene; the cited primary detects IFN-gamma-induced STAT1 binding to the IRF1 promoter GAS and links the pathway to IRF1 induction in cells resistant to type-I interferon. Primary model/assay: Friend leukemia 3Cl8 cells resistant to IFN-beta and comparator cells; IFN-gamma; IRF1-promoter GAS complex by EMSA/footprinting, IRF1 induction, and downstream 2-5A synthetase readout	The route combines receptor-reconstitution, JAK/STAT activation, and target-gene studies from bounded models; preserve IFN-gamma specificity and do not infer a single-cell full-chain assay or SCI transfer beyond the recorded microglia evidence.	curated_primary_route	human; mouse	Human/mouse IFNGR1/IFNGR2 receptor-reconstitution and signaling systems; target-gene studies include primary mouse microglia/macrophage and comparator cell systems.	extracellular ligand; plasma membrane; cytoplasm; nucleus; target-gene regulatory locus	no SCI transfer inferred; primary model context only	composite primary evidence; route layers retain source-specific models	Receptor-proximal activation and STAT/target-gene assays as recorded in the source ledger. Terminal evidence: Primary-supported claim: The reviews identify IRF1 as a primary STAT1-responsive gene; the cited primary detects IFN-gamma-induced STAT1 binding to the IRF1 promoter GAS and links the pathway to IRF1 induction in cells resistant to type-I interferon. Primary model/assay: Friend leukemia 3Cl8 cells resistant to IFN-beta and comparator cells; IFN-gamma; IRF1-promoter GAS complex by EMSA/footprinting, IRF1 induction, and downstream 2-5A synthetase readout	activating	composite_primary_evidence	LITEXP:003487
M21B-LITEXP-IFNG-014	M21B-DOWNSTREAM:02554	retained_evidence_route	ligand>receptor>intracellular>TF>target_gene_expression	ligand_receptor_intracellular_tf_target_missing_direct_tf_edges	ligand|receptor|intracellular_continuation|transcription_factor|target_gene_expression	intracellular_to_tf_edge	source_supported	NODE04977	IFN-gamma	M21B-E001763	NODE05009	IFNGR1-IFNGR2 receptor complex	M21B-E000014	NODE06026	JAK2		NODE10705	STAT1	M21B-E008203	NODE04004	GBP2 gene		NODE04004	GBP2 gene expression			IFNG-IFNGR-JAK2-STAT1-GBP2 gene	primary_literature_route_expansion	primary_target_gene_expression	M21B-E001763; M21B-E000014; M21B-E008203; M21B-EVID-001706; M21B-EVID-000003; M21B-EVID-008149; PMID:8649432; PMCID:PMC231315; PMID:7673114; PMID:9653170; PMID:10228162; PMID:17293456; PMCID:PMC1815270	M21B-LITEXP-IFNG-014	M21B-DOWNSTREAM-EVID:003924	manual_primary_ifng_route;primary_layer_linked;intracellular_to_tf_edge_not_asserted;tf_to_target_edge_asserted_as_graph_edge;evidence_route_only	not_asserted	evidence_route_not_causal	mechanism_evidence_v1	supports	not_evaluated	source_claim	target_gene_expression	PMID:8649432; PMCID:PMC231315; PMID:7673114; PMID:9653170; PMID:10228162; PMID:17293456; PMCID:PMC1815270	Composite primary route annotation assembled from independently curated ligand-receptor, receptor-proximal, and TF-target primary evidence; the direct intracellular-to-TF relay remains unasserted.	The source ledger supports ligand activation of the recorded receptor complex, receptor-proximal JAK/STAT pathway continuation, and STAT6/STAT5/STAT1/STAT3-linked regulation of GBP2 gene. Primary-supported claim: The reviews identify STAT1 as a direct GBP2 promoter factor that establishes permissive chromatin and is required for efficient RNA polymerase II recruitment and IFN-gamma-induced GBP2 transcription. Primary model/assay: IFN-gamma-treated primary mouse bone-marrow-derived macrophages and WT/stat1-null/irf1-null fibroblasts; STAT1 GBP2-promoter ChIP, histone-acetylation, CBP/HDAC1 and RNA-polymerase-II recruitment, nuclear RNA and expression assays	The route combines receptor-reconstitution, JAK/STAT activation, and target-gene studies from bounded models; preserve IFN-gamma specificity and do not infer a single-cell full-chain assay or SCI transfer beyond the recorded microglia evidence.	curated_primary_route	human; mouse	Human/mouse IFNGR1/IFNGR2 receptor-reconstitution and signaling systems; target-gene studies include primary mouse microglia/macrophage and comparator cell systems.	extracellular ligand; plasma membrane; cytoplasm; nucleus; target-gene regulatory locus	no SCI transfer inferred; primary model context only	composite primary evidence; route layers retain source-specific models	Receptor-proximal activation and STAT/target-gene assays as recorded in the source ledger. Terminal evidence: Primary-supported claim: The reviews identify STAT1 as a direct GBP2 promoter factor that establishes permissive chromatin and is required for efficient RNA polymerase II recruitment and IFN-gamma-induced GBP2 transcription. Primary model/assay: IFN-gamma-treated primary mouse bone-marrow-derived macrophages and WT/stat1-null/irf1-null fibroblasts; STAT1 GBP2-promoter ChIP, histone-acetylation, CBP/HDAC1 and RNA-polymerase-II recruitment, nuclear RNA and expression assays	activating	composite_primary_evidence	LITEXP:003488
M21B-LITEXP-IL23-015	M21B-DOWNSTREAM:00824	retained_evidence_route	ligand>receptor>intracellular>TF>target_gene_expression	ligand_receptor_intracellular_tf_target_missing_direct_tf_edges	ligand|receptor|intracellular_continuation|transcription_factor|target_gene_expression	intracellular_to_tf_edge	source_supported	NODE05302	IL12B/IL23A	M21B-E001768	NODE05307	IL12RB1:IL23R receptor complex	M21B-E001769	NODE06026	JAK2		NODE10726	STAT3	M21B-E008227	NODE05339	IL17F gene		NODE05339	IL17F gene expression			IL23-IL12RB1-IL23R-JAK2-STAT3-IL17F gene	primary_literature_route_expansion	primary_target_gene_expression	M21B-E001768; M21B-E001769; M21B-E008227; M21B-EVID-001711; PUBLIC-LR-SUPP:001430; PUBLIC-LR-SUPP:001436; PUBLIC-LR-SUPP:001474; PUBLIC-LR-SUPP:001477; M21B-EVID-001712; M21B-EVID-008173; PMID:12023369; PMCID:PMC5773378; PMID:28630278; PMCID:PMC3148263	M21B-LITEXP-IL23-015	M21B-DOWNSTREAM-EVID:001358	manual_primary_il23_route;primary_layer_linked;intracellular_to_tf_edge_not_asserted;tf_to_target_edge_asserted_as_graph_edge;evidence_route_only	not_asserted	evidence_route_not_causal	mechanism_evidence_v1	supports	not_evaluated	source_claim	target_gene_expression	PMID:12023369; PMCID:PMC5773378; PMID:28630278; PMCID:PMC3148263	Composite primary route annotation assembled from independently curated ligand-receptor, receptor-proximal, and TF-target primary evidence; the direct intracellular-to-TF relay remains unasserted.	The source ledger supports ligand activation of the recorded receptor complex, receptor-proximal JAK/STAT pathway continuation, and STAT6/STAT5/STAT1/STAT3-linked regulation of IL17F gene. Primary-supported claim: The reviews identify IL17F as a STAT3-regulated Th17 cytokine gene; the cited primary study reports STAT3 binding at the Il17f promoter/intergenic locus and STAT3-dependent regulation within the coordinated Il17a-Il17f region. Primary model/assay: Mouse Th17 and other CD4 T-cell systems; STAT3 ChIP/ChIP-seq at Il17f and the Il17a-Il17f locus, gene-expression and chromatin-accessibility analyses with STAT3 perturbation	The IL-23 receptor source supports multi-STAT activation and the target studies support STAT3 regulation of the selected genes, but the complete ligand-to-target sequence is not asserted as a single experiment and no SCI transfer is inferred.	curated_primary_route	human; mouse	Human/mouse IL-23 receptor-reconstitution systems for receptor/JAK/STAT activation; target-gene studies use Th17 or ILC3 lineage systems with STAT3 perturbation and locus assays.	extracellular ligand; plasma membrane; cytoplasm; nucleus; target-gene regulatory locus	no SCI transfer inferred; primary model context only	composite primary evidence; route layers retain source-specific models	Receptor-proximal activation and STAT/target-gene assays as recorded in the source ledger. Terminal evidence: Primary-supported claim: The reviews identify IL17F as a STAT3-regulated Th17 cytokine gene; the cited primary study reports STAT3 binding at the Il17f promoter/intergenic locus and STAT3-dependent regulation within the coordinated Il17a-Il17f region. Primary model/assay: Mouse Th17 and other CD4 T-cell systems; STAT3 ChIP/ChIP-seq at Il17f and the Il17a-Il17f locus, gene-expression and chromatin-accessibility analyses with STAT3 perturbation	activating	composite_primary_evidence	LITEXP:003489
M21B-LITEXP-IL23-016	M21B-DOWNSTREAM:00824	retained_evidence_route	ligand>receptor>intracellular>TF>target_gene_expression	ligand_receptor_intracellular_tf_target_missing_direct_tf_edges	ligand|receptor|intracellular_continuation|transcription_factor|target_gene_expression	intracellular_to_tf_edge	source_supported	NODE05302	IL12B/IL23A	M21B-E001768	NODE05307	IL12RB1:IL23R receptor complex	M21B-E001769	NODE06026	JAK2		NODE10726	STAT3	M21B-E008229	NODE05422	IL22 gene		NODE05422	IL22 gene expression			IL23-IL12RB1-IL23R-JAK2-STAT3-IL22 gene	primary_literature_route_expansion	primary_target_gene_expression	M21B-E001768; M21B-E001769; M21B-E008229; M21B-EVID-001711; PUBLIC-LR-SUPP:001430; PUBLIC-LR-SUPP:001436; PUBLIC-LR-SUPP:001474; PUBLIC-LR-SUPP:001477; M21B-EVID-001712; M21B-EVID-008175; PMID:12023369; PMCID:PMC5773378; PMID:28630278; PMCID:PMC3919552	M21B-LITEXP-IL23-016	M21B-DOWNSTREAM-EVID:001358	manual_primary_il23_route;primary_layer_linked;intracellular_to_tf_edge_not_asserted;tf_to_target_edge_asserted_as_graph_edge;evidence_route_only	not_asserted	evidence_route_not_causal	mechanism_evidence_v1	supports	not_evaluated	source_claim	target_gene_expression	PMID:12023369; PMCID:PMC5773378; PMID:28630278; PMCID:PMC3919552	Composite primary route annotation assembled from independently curated ligand-receptor, receptor-proximal, and TF-target primary evidence; the direct intracellular-to-TF relay remains unasserted.	The source ledger supports ligand activation of the recorded receptor complex, receptor-proximal JAK/STAT pathway continuation, and STAT6/STAT5/STAT1/STAT3-linked regulation of IL22 gene. Primary-supported claim: The reviews identify STAT3 as a direct regulator of the Il22 locus; the cited primary study shows STAT3-dependent IL-22 expression in RORgammaT-positive ILC3s, STAT3 occupancy at the Il22 locus and intestinal infection protection. Primary model/assay: Rorc-cre Stat3 conditional-knockout and control mice infected with Citrobacter rodentium; primary intestinal ILC3s stimulated with IL-23; EL4-STAT3C cells; Il22 expression, ChIP at promoter/intron-1 locus and infection-function readouts	The IL-23 receptor source supports multi-STAT activation and the target studies support STAT3 regulation of the selected genes, but the complete ligand-to-target sequence is not asserted as a single experiment and no SCI transfer is inferred.	curated_primary_route	human; mouse	Human/mouse IL-23 receptor-reconstitution systems for receptor/JAK/STAT activation; target-gene studies use Th17 or ILC3 lineage systems with STAT3 perturbation and locus assays.	extracellular ligand; plasma membrane; cytoplasm; nucleus; target-gene regulatory locus	no SCI transfer inferred; primary model context only	composite primary evidence; route layers retain source-specific models	Receptor-proximal activation and STAT/target-gene assays as recorded in the source ledger. Terminal evidence: Primary-supported claim: The reviews identify STAT3 as a direct regulator of the Il22 locus; the cited primary study shows STAT3-dependent IL-22 expression in RORgammaT-positive ILC3s, STAT3 occupancy at the Il22 locus and intestinal infection protection. Primary model/assay: Rorc-cre Stat3 conditional-knockout and control mice infected with Citrobacter rodentium; primary intestinal ILC3s stimulated with IL-23; EL4-STAT3C cells; Il22 expression, ChIP at promoter/intron-1 locus and infection-function readouts	activating	composite_primary_evidence	LITEXP:003490
M21B-LITEXP-0003	M21B-DOWNSTREAM:00057	retained_evidence_route	ligand>receptor>intracellular>TF>target_gene_expression	ligand_receptor_intracellular_tf_target_missing_direct_tf_edges	ligand|receptor|intracellular_continuation|transcription_factor|target_gene_expression	intracellular_to_tf_edge	source_supported	NODE05414	IL21	M21B-E000248	NODE05419	IL21R:IL2RG receptor complex	M21B-E000555	NODE06024	JAK1/JAK3		NODE10726	STAT3	M21B-E008226	NODE05331	IL17A gene		NODE05331	IL-17A expression and production			IL21-IL21R-IL2RG-JAK-STAT3-IL17A	primary_literature_route_expansion	primary_target_gene_expression	M21B-EVID-000191; M21B-DOWNSTREAM-EVID:000111; PMID:17884812; M21B-E000248; M21B-E008226; M21B-E000555; PMID:37339051; PMID:11418623; PMCID:PMC3408191	M21B-LITEXP-0003	M21B-DOWNSTREAM-EVID:000111	historical_primary_route_reconciled;primary_layer_linked;intracellular_to_tf_edge_not_asserted;evidence_route_only	not_asserted	evidence_route_not_causal	mechanism_evidence_v1	supports	not_evaluated	source_claim	target_gene_expression	PMID:17884812; PMCID:PMC2323680	Wei et al. 2007, J Biol Chem; primary Th17 IL-21/STAT3/IL-17 study	The primary study reports IL-21-induced IL-17 production and expression in a STAT3-dependent manner and identifies direct STAT3 binding to the IL21 promoter.	The paper is an autocrine Th17 differentiation model and does not establish an SCI receiver-cell endpoint; the IL21R/JAK layer is retained from receptor-proximal primary evidence and is not expanded into additional adaptor edges	curated_primary_route	mouse	naive and polarized mouse CD4-positive T cells; Th17 cells	plasma membrane; cytoplasm; nucleus; gene promoter		primary model context only; no SCI transfer inferred	IL-21 stimulation or blockade; STAT3-deficient comparisons; IL17A expression and IL-17 production assays; promoter binding analysis	activating	direct_edge	LITEXP:003491
M21B-LITEXP-0006	M21B-DOWNSTREAM:00025	retained_evidence_route	ligand>receptor>intracellular>TF>target_gene_expression	ligand_receptor_intracellular_tf_target_missing_direct_tf_edges	ligand|receptor|intracellular_continuation|transcription_factor|target_gene_expression	intracellular_to_tf_edge	source_supported	NODE04269	GM-CSF/CSF2	M21B-E000177	NODE02525	CSF2RA:CSF2RB receptor complex	M21B-E001776	NODE06026	JAK2		NODE10752	STAT5	M21B-E008251	NODE02198	CISH gene		NODE02198	CISH mRNA expression			GM-CSF-CSF2RA-CSF2RB-JAK2-STAT5-CISH	primary_literature_route_expansion	primary_target_gene_expression	M21B-EVID-001719; M21B-EVID-001720; M21B-EVID-008197; PMID:9292509; M21B-E000177; M21B-E008251; M21B-E001776; PMID:1460041; PMID:11721371; PMCID:PMC43404; PMID:8146150; PMID:9129017	M21B-LITEXP-0006	M21B-DOWNSTREAM-EVID:000052	historical_primary_route_reconciled;primary_layer_linked;intracellular_to_tf_edge_not_asserted;evidence_route_only	not_asserted	evidence_route_not_causal	mechanism_evidence_v1	supports	not_evaluated	source_claim	target_gene_expression	PMID:9292509	Primary STAT5A-deficient mouse study of GM-CSF-induced gene expression and proliferation	GM-CSF stimulation activated STAT5 DNA-binding complexes in mouse bone-marrow-derived macrophages, and loss of STAT5A reduced GM-CSF-dependent CIS/CISH expression and proliferation. Combined with the curated CSF2RA:CSF2RB and JAK2 receptor-proximal evidence, this supports a bounded GM-CSF-to-STAT5-to-CISH route.	The primary study does not resolve every receptor-proximal biochemical step in the same experiment; preserve the CSF2RA plus common-beta CSF2RB topology, cell-model limits, and no SCI receiver-cell transfer.	curated_primary_route	mouse	mouse bone-marrow-derived macrophages; STAT5A-null and wild-type cells	plasma membrane; cytoplasm; nucleus; gene promoter	no SCI transfer inferred; primary model context only	composite primary evidence; receptor and downstream layers retain their source-specific models	GM-CSF stimulation; STAT5 phosphorylation and GAS DNA-binding assays; STAT5A-null comparison; proliferation; CIS/CISH and A1 gene-expression assays	activating	composite_primary_evidence	LITEXP:003492
M21B-LITEXP-0134	M21B-DOWNSTREAM:00797	retained_evidence_route	ligand>receptor>intracellular>TF>target_gene_expression	ligand_receptor_intracellular_tf_target_missing_direct_tf_edges	ligand|receptor|intracellular_continuation|transcription_factor|target_gene_expression	intracellular_to_tf_edge	source_supported	NODE04522	Growth hormone	M21B-E001427	NODE04096	GHR/growth hormone receptor	M21B-E001710	NODE06026	JAK2		NODE10752	STAT5	M21B-E008258	NODE10506	SOCS2 gene		NODE10506	Growth-hormone-GHR-JAK2-STAT5-associated SOCS2 transcription			GH-GHR-JAK2-STAT5-SOCS2	primary_literature_route_expansion	primary_receptor_proximal_tf_target_gene_output	M21B-EVID-001370; M21B-EVID-001653; M21B-EVID-001654; M21B-EVID-008204; M21B-E001427; M21B-E001710; M21B-E001711; M21B-E008258; M21B-DOWNSTREAM-EVID:001306; PMID:9231797; PMID:28009300; PMID:8454051; PMCID:PMC5217531	M21B-LITEXP-0134	M21B-DOWNSTREAM-EVID:001306	historical_primary_route_reconciled;primary_layer_linked;intracellular_to_tf_edge_not_asserted;evidence_route_only	not_asserted	evidence_route_not_causal	mechanism_evidence_v1	supports	not_evaluated	source_claim	gene_expression_or_transcription	PMID:9231797; PMID:28009300	Primary GHR-JAK2-STAT5 and STAT5-SOCS2 studies	The primary GHR study supports GH-dependent JAK2-requiring STAT5A/B activation, while the curated STAT5-SOCS2 edge supports a target-gene output in GH comparator tissue. The overlay preserves both contexts rather than collapsing them into a universal endocrine route.	Preserve STAT5A/B and tissue context; do not infer a terminal gene program for every GHR-positive SCI cell or claim that all GH outputs pass through SOCS2.	curated_primary_route	rat; mouse	Rat GHR-expressing COS cells, 3T3-F442A fibroblasts and CHO-rGHR cells; mouse mammary tissue/liver STAT5-SOCS2 comparator evidence	extracellular growth hormone; plasma-membrane GHR; receptor-associated JAK2; nuclear STAT5 and SOCS2 promoter	no SCI transfer inferred; endocrine and mammary/liver comparator contexts only	GH-dependent GHR/JAK2/STAT5 activation and a STAT5-SOCS2 target-gene edge are retained as bounded evidence layers; the exact ligand-specific SOCS2 induction context remains model dependent	GH stimulation; GHR expression and truncation/mutation systems; JAK2 dependence; STAT5A/B tyrosine phosphorylation and DNA binding; SOCS2 promoter occupancy and transcript assays	activating	composite_primary_evidence	LITEXP:003493
M21B-LITEXP-0135	M21B-DOWNSTREAM:00799	retained_evidence_route	ligand>receptor>intracellular>TF>target_gene_expression	ligand_receptor_intracellular_tf_target_missing_direct_tf_edges	ligand|receptor|intracellular_continuation|transcription_factor|target_gene_expression	intracellular_to_tf_edge	source_supported	NODE09355	Prolactin	M21B-E001428	NODE09304	PRLR/prolactin receptor	M21B-E001712	NODE06026	JAK2		NODE10752	STAT5	M21B-E008258	NODE10506	SOCS2 gene		NODE10506	Prolactin-PRLR-JAK2-STAT5-associated SOCS2 transcription			PRL-PRLR-JAK2-STAT5-SOCS2	primary_literature_route_expansion	primary_receptor_proximal_tf_target_gene_output	M21B-EVID-001371; M21B-EVID-001655; M21B-EVID-001656; M21B-EVID-008204; M21B-E001428; M21B-E001712; M21B-E001713; M21B-E008258; M21B-DOWNSTREAM-EVID:001311; M21B-DOWNSTREAM-EVID:001312; PMID:7515493; PMID:7925280; PMID:28009300; PMID:2657604; PMCID:PMC5217531	M21B-LITEXP-0135	M21B-DOWNSTREAM-EVID:001311	historical_primary_route_reconciled;primary_layer_linked;intracellular_to_tf_edge_not_asserted;evidence_route_only	not_asserted	evidence_route_not_causal	mechanism_evidence_v1	supports	not_evaluated	source_claim	gene_expression_or_transcription	PMID:7515493; PMID:7925280; PMID:28009300	Primary PRLR-JAK2-STAT5 and STAT5-SOCS2 studies	The curated primary studies support prolactin-dependent PRLR-associated JAK2 activation and long-form PRLR-dependent STAT5 activation; the independent STAT5-SOCS2 edge supplies the target-gene layer in mammary/liver comparator tissue.	Preserve long-form PRLR and mammary context; do not infer that SOCS2 is the only PRLR target or transfer mammary transcriptional output directly to SCI cells.	curated_primary_route	mouse; rat; mammalian comparator	Rat Nb2 cells, mouse mammary-gland explants and PRLR-transfected COS cells; mammary/liver STAT5-SOCS2 comparator evidence	extracellular prolactin; plasma-membrane PRLR; receptor-associated JAK2; nuclear STAT5 and SOCS2 promoter	no SCI transfer inferred; mammary and hematopoietic comparator contexts only	PRLR-associated JAK2 and STAT5 activation, long-form PRLR dependence and STAT5-SOCS2 transcription are retained as bounded evidence layers; isoform and cell-context dependence remain explicit	prolactin stimulation; PRLR isoform expression; JAK2 kinase and inhibition assays; STAT5 phosphorylation/DNA binding; SOCS2 promoter occupancy and transcription assays	activating	composite_primary_evidence	LITEXP:003494
M21B-LITEXP-2489	M21B-DOWNSTREAM:00107	retained_evidence_route	ligand>receptor>intracellular>TF>target_gene_expression	ligand_receptor_intracellular_tf_target_missing_direct_tf_edges	ligand|receptor|intracellular_continuation|transcription_factor|target_gene_expression	intracellular_to_tf_edge	source_supported	NODE05462	IL3	M21B-E000326	NODE05489	IL3RA:CSF2RB receptor complex	M21B-E001778	NODE06026	JAK2		NODE10752	STAT5	M21B-E008253	NODE01161	BCL2L1 gene		NODE01161	IL-3-STAT5-dependent BCL2L1/Bcl-xL transcription and survival			IL3-IL3RA-CSF2RB-JAK2-STAT5-BCL2L1	primary_literature_route_expansion	primary_target_gene_expression	M21B-E000326; M21B-EVID-000269; M21B-DOWNSTREAM-EVID:000196; M21B-E008253; M21B-E008938; PMID:8649415; PMID:10435632; DOI:10.1038/sj.onc.1202796; M21B-E001778; PMCID:PMC5521770	M21B-LITEXP-2489	M21B-DOWNSTREAM-EVID:000196	historical_primary_route_reconciled;primary_layer_linked;intracellular_to_tf_edge_not_asserted;evidence_route_only	not_asserted	evidence_route_not_causal	mechanism_evidence_v1	supports	not_evaluated	exact_target_gene_mention	target_gene_expression	PMID:10435632; DOI:10.1038/sj.onc.1202796	Primary study reports IL-3-dependent Bcl-xL/BCL2L1 expression requiring STAT5, with STAT5 binding to and transactivating the Bcl-x promoter; primary locator: PMID:10435632	Primary-supported claim: IL-3-dependent survival in Ba/F3 cells is associated with STAT5-dependent Bcl-xL/BCL2L1 expression. Dominant-negative STAT5 reduces IL-3-regulated Bcl-xL mRNA/protein, and promoter mutation disrupts STAT5-dependent transactivation. The route links this target-gene evidence to the existing IL3RA:CSF2RB/JAK2/STAT5 records.	Mouse Ba/F3 hematopoietic model and Bcl-xL/BCL2L1 target context; receptor species usage and SCI transfer are not inferred. No causal graph traversal or database confidence score is asserted.	curated_primary_route	mouse	IL-3-dependent mouse Ba/F3 bone-marrow-derived cells; IL-3 withdrawal/re-addition, dominant-negative STAT5, Bcl-xL/BCL2L1 mRNA/protein and STAT5-site promoter assays	IL3RA:CSF2RB receptor complex to JAK2 and STAT5-dependent BCL2L1 promoter regulation	no SCI transfer inferred; hematopoietic cell-line model only	direct primary target-gene evidence; human receptor-complex and mouse downstream model boundaries retained	IL-3 stimulation/withdrawal, dominant-negative STAT5, Bcl-xL/BCL2L1 mRNA and protein assays, promoter STAT-site mutation and reporter assays	activating	primary_target_gene_evidence	LITEXP:003495
M21B-LITEXP-2490	M21B-DOWNSTREAM:00107	retained_evidence_route	ligand>receptor>intracellular>TF>target_gene_expression	ligand_receptor_intracellular_tf_target_missing_direct_tf_edges	ligand|receptor|intracellular_continuation|transcription_factor|target_gene_expression	intracellular_to_tf_edge	source_supported	NODE05462	IL3	M21B-E000326	NODE05489	IL3RA:CSF2RB receptor complex	M21B-E001778	NODE06026	JAK2		NODE10752	STAT5	M21B-E008251	NODE02198	CISH gene		NODE02198	IL-3-STAT5-dependent CISH transcription			IL3-IL3RA-CSF2RB-JAK2-STAT5-CISH	primary_literature_route_expansion	primary_target_gene_expression	M21B-E000326; M21B-EVID-000269; M21B-DOWNSTREAM-EVID:000196; M21B-E008251; M21B-E008992; PMID:9129017; PMID:14627821; PMCID:PMC290274; M21B-E001778; PMID:8649415	M21B-LITEXP-2490	M21B-DOWNSTREAM-EVID:000196	historical_primary_route_reconciled;primary_layer_linked;intracellular_to_tf_edge_not_asserted;evidence_route_only	not_asserted	evidence_route_not_causal	mechanism_evidence_v1	supports	not_evaluated	exact_target_gene_mention	target_gene_expression	PMID:9129017; PMID:14627821; PMCID:PMC290274; DOI:10.1093/nar/gkg907	Primary studies report IL-3 induction of CISH/CIS and STAT5-dependent CISH promoter occupancy and activation; primary locators: PMID:9129017; PMID:14627821; PMCID:PMC290274	Primary-supported claim: IL-3 induces CISH/CIS in hematopoietic systems, while STAT5 binding and perturbation support CISH promoter regulation. The route links the existing IL3RA:CSF2RB/JAK2/STAT5 evidence to a feedback target-gene output without asserting that all IL-3 responses terminate in CISH.	The evidence combines IL-3-responsive hematopoietic systems with promoter-focused STAT5 studies and preserves cytokine/reconstitution context. No universal IL-3 output, SCI transfer, causal graph traversal or database confidence score is asserted.	curated_primary_route	mouse; human-reconstituted systems	IL-3-dependent Ba/F3 cells and cytokine-receptor/STAT5 reconstitution systems; IL-3 stimulation, CISH/CIS mRNA, STAT5 promoter binding/knockdown and promoter reporter assays	IL3RA:CSF2RB receptor complex to JAK2 and STAT5-dependent CISH promoter regulation	no SCI transfer inferred; hematopoietic and reconstituted signaling models only	direct primary target-gene evidence; cytokine and receptor-reconstitution boundaries retained	IL-3 stimulation, STAT5 knockdown or dominant-negative perturbation, CISH promoter mapping/ChIP and promoter reporter assays	activating	primary_target_gene_evidence	LITEXP:003496
M21B-LITEXP-2491	M21B-DOWNSTREAM:02548	retained_evidence_route	ligand>receptor>intracellular>TF>target_gene_expression	ligand_receptor_intracellular_tf_target_missing_direct_tf_edges	ligand|receptor|intracellular_continuation|transcription_factor|target_gene_expression	intracellular_to_tf_edge	source_supported	NODE05231	IL-6	M21B-E000106	NODE05269	IL-6R-gp130 receptor complex	M21B-E001716	NODE06016	JAK1		NODE10726	STAT3	M22B-E000430	NODE10508	Socs3		NODE10508	IL-6-STAT3-dependent SOCS3 transcription			IL6-IL6R-gp130-JAK1-STAT3-SOCS3	primary_literature_route_expansion	primary_target_gene_expression	M21B-E000106; M21B-E001716; M21B-E001717; M22B-E000430; M21B-E008971; PMID:16718380; PMCID:PMC2441693; DOI:10.1007/s11010-006-9137-3; PMID:15895091; PMID:16459330; DOI:10.1074/jbc.M511212200	M21B-LITEXP-2491	M21B-DOWNSTREAM-EVID:003917	historical_primary_route_reconciled;primary_layer_linked;intracellular_to_tf_edge_not_asserted;evidence_route_only	not_asserted	evidence_route_not_causal	mechanism_evidence_v1	supports	not_evaluated	exact_target_gene_mention	target_gene_expression	PMID:16718380; PMCID:PMC2441693; DOI:10.1007/s11010-006-9137-3	Primary study reports IL-6-induced STAT3 activation, STAT3 binding at the Socs3 promoter and endogenous Socs3 expression in STAT3-reconstituted cells; primary locator: PMID:16718380	Primary-supported claim: IL-6 stimulation activates STAT3 and induces endogenous Socs3 expression, with STAT3 binding at a conserved Socs3 promoter element. This supplies the missing receptor-proximal JAK1-to-STAT3 route annotation for the existing IL-6/SOCS3 target-gene edge.	The primary model uses mouse embryonic fibroblast reconstitution and soluble IL-6 receptor; no universal IL-6 output, SCI transfer, causal graph traversal or database confidence score is asserted.	curated_primary_route	mouse; human	IL-6 and soluble IL-6 receptor stimulation of Stat3-deficient or STAT3-reconstituted mouse embryonic fibroblasts; conserved mouse and human SOCS3 promoter analysis	IL-6R-gp130 receptor complex to JAK1-associated STAT3 activation and SOCS3 promoter regulation	no SCI transfer inferred; fibroblast reconstitution model only	direct primary target-gene evidence; IL-6 receptor-complex and cell-type boundaries remain explicit	IL-6 plus soluble IL-6 receptor stimulation, STAT3 reconstitution or deletion, STAT3 promoter binding assays and endogenous Socs3 RNA measurements	activating	primary_target_gene_evidence	LITEXP:003497
M21B-LITEXP-2492	M21B-DOWNSTREAM:00105	retained_evidence_route	ligand>receptor>intracellular>TF>target_gene_expression	ligand_receptor_intracellular_tf_target_missing_direct_tf_edges	ligand|receptor|intracellular_continuation|transcription_factor|target_gene_expression	intracellular_to_tf_edge	source_supported	NODE05521	IL7	M21B-E000324	NODE05529	IL7RA:IL2RG receptor complex	M21B-E011504	NODE06016	JAK1		NODE10752	STAT5	M22B-E000446	NODE01154	Bcl2		NODE01154	IL-7-STAT5-associated BCL2 expression and effector T-cell survival			IL7-IL7RA-IL2RG-JAK1-JAK3-STAT5-BCL2	primary_literature_route_expansion	primary_target_gene_expression	M21B-E000324; M21B-E011504; M21B-E011505; M21B-E011506; M22B-E000446; M21B-E008939; PMID:20644163; PMCID:PMC2991082; DOI:10.4049/jimmunol.1000842; PMID:7875201; DOI:10.1074/jbc.M110520200; PMID:11815609	M21B-LITEXP-2492	M21B-DOWNSTREAM-EVID:000192	historical_primary_route_reconciled;primary_layer_linked;intracellular_to_tf_edge_not_asserted;evidence_route_only	not_asserted	evidence_route_not_causal	mechanism_evidence_v1	supports	not_evaluated	functional_dependency_and_target_expression	target_gene_expression	PMID:20644163; PMCID:PMC2991082; DOI:10.4049/jimmunol.1000842	Primary study reports that IL-7 induces STAT5 phosphorylation and requires STAT5 for Bcl-2 expression in effector CD8-positive T cells; primary locator: PMID:20644163	Primary-supported claim: IL-7 activates STAT5 and IL-7-driven Bcl-2 induction is impaired after STAT5 deletion in effector CD8-positive T cells. This adds a context-bounded IL-7 receptor/JAK/STAT5-to-BCL2 output route without asserting direct promoter occupancy in every cell type.	The primary model is mouse antiviral effector CD8-positive T cells and reports functional STAT5 dependence rather than universal direct STAT5 promoter binding; no SCI transfer, causal graph traversal or database confidence score is asserted.	curated_primary_route	mouse	Mouse effector CD8-positive T cells during viral infection; IL-7 stimulation with STAT5 deletion and Bcl-2 expression measurements	IL7RA:IL2RG receptor complex to JAK1/JAK3-associated STAT5 signaling and BCL2 survival output	no SCI transfer inferred; antiviral effector T-cell model only	primary target-gene and functional-output evidence; cell-state and survival context retained	IL-7 stimulation, STAT5 phosphorylation, conditional STAT5 deletion and Bcl-2 expression or effector-cell survival measurements	activating	primary_target_gene_evidence	LITEXP:003498
M21B-LITEXP-2494	M21B-DOWNSTREAM:00175	retained_evidence_route	ligand>receptor>intracellular>TF>target_gene_expression	ligand_receptor_intracellular_tf_target_missing_direct_tf_edges	ligand|receptor|intracellular_continuation|transcription_factor|target_gene_expression	intracellular_to_tf_edge	source_supported	NODE05464	IL31	M21B-E000490	NODE05466	IL31RA:OSMRbeta receptor complex	M21B-E000552	NODE06016	JAK1		NODE10726	STAT3	M22B-E000430	NODE10508	Socs3		NODE10508	IL-31-STAT3-associated SOCS3 feedback expression			IL31-IL31RA-OSMRbeta-JAK1-STAT3-SOCS3	primary_literature_route_expansion	primary_target_gene_expression	M21B-E000490; M21B-E000552; M21B-E000551; M22B-E000430; PMID:26306032; PMCID:PMC4598987; DOI:10.1074/jbc.M115.661306; PMID:15184896; PMID:17379091; PMID:16459330; DOI:10.1074/jbc.M511212200	M21B-LITEXP-2494	M21B-DOWNSTREAM-EVID:000296	historical_primary_route_reconciled;primary_layer_linked;intracellular_to_tf_edge_not_asserted;evidence_route_only	not_asserted	evidence_route_not_causal	mechanism_evidence_v1	supports	not_evaluated	source_supported_feedback_output	target_gene_expression	PMID:26306032; PMCID:PMC4598987; DOI:10.1074/jbc.M115.661306	Primary study reports IL-31RA/OSMRbeta-dependent STAT3 signaling and IL-31-induced SOCS3 feedback inhibition; primary locator: PMID:26306032	Primary-supported claim: functional IL-31 signaling requires IL31RA/OSMRbeta and a JAK-binding box, activates STAT3, and induces SOCS-family feedback in which SOCS3 inhibits IL-31 signaling. This supplies a receptor-proximal JAK1/STAT3/SOCS3 route annotation while preserving the feedback and receptor-isoform context.	The primary study establishes SOCS3 as a feedback inhibitor and induced SOCS-family output but does not establish a universal direct STAT3 promoter-binding mechanism in every model; no SCI transfer, causal graph traversal or database confidence score is asserted.	curated_primary_route	human; mouse	Human and mouse IL-31 receptor-reconstituted systems with IL-31 stimulation, receptor-isoform and JAK-binding-box perturbations, STAT3 signaling and SOCS3 feedback measurements	IL31RA:OSMRbeta receptor complex to JAK1-associated STAT3 signaling and SOCS3 feedback output	no SCI transfer inferred; immune and receptor-reconstituted comparator systems only	primary intracellular and feedback-output evidence; receptor isoform and shared-OSMRbeta boundaries retained	IL-31 stimulation, IL31RA isoform and JAK-binding-box perturbation, STAT3 signaling assays, SOCS-family induction and SOCS3 feedback inhibition	activating	primary_target_gene_evidence	LITEXP:003499
M21B-LITEXP-2497	M21B-DOWNSTREAM:00797	retained_evidence_route	ligand>receptor>intracellular>TF>target_gene_expression	ligand_receptor_intracellular_tf_target_missing_direct_tf_edges	ligand|receptor|intracellular_continuation|transcription_factor|target_gene_expression	intracellular_to_tf_edge	source_supported	NODE04093	GH1/growth hormone (GH)	M21B-E006583	NODE04096	GHR/growth hormone receptor	M21B-E001710	NODE06026	JAK2		NODE10752	STAT5	M21B-E008251	NODE02198	CISH gene		NODE02198	GH-GHR-JAK2-STAT5-associated CISH transcription			GH-GHR-JAK2-STAT5-CISH	primary_literature_route_expansion	primary_target_gene_expression	M21B-EVID-006526; M21B-EVID-001653; M21B-EVID-001654; M21B-E001710; M21B-E001711; M21B-E008251; M21B-EVID-008197; M21B-DOWNSTREAM-EVID:001308; PMID:25088465; PMCID:PMC6283433; M21B-E006583; PMID:1549776; PMID:9129017	M21B-LITEXP-2497	M21B-DOWNSTREAM-EVID:001308	historical_primary_route_reconciled;primary_layer_linked;intracellular_to_tf_edge_not_asserted;evidence_route_only	not_asserted	evidence_route_not_causal	mechanism_evidence_v1	supports	not_evaluated	exact_target_gene_mention	target_gene_expression	PMID:25088465; PMCID:PMC6283433	Primary studies report GH-dependent STAT5 occupancy and Cish transcription in mouse liver; primary locators: PMID:25088465 and PMCID:PMC6283433	Primary-supported claim: GH stimulation activates the GHR-associated JAK2/STAT5 route and is associated with STAT5 occupancy near Cish plus Cish transcription in mouse liver. This supplies a terminal target-gene output for the existing GH/GHR/STAT5 evidence route.	The output evidence is from mouse liver and pulsatile endocrine GH exposure, with chromatin and co-regulatory context; it does not establish a universal GHR output, SCI transfer, causal graph traversal or database confidence score.	curated_primary_route	mouse	Mouse liver; plasma GH pulse with STAT5 chromatin-occupancy and nascent-transcription assays	Extracellular GH; plasma-membrane GHR; receptor-associated JAK2; nuclear STAT5 and Cish regulatory regions	no SCI transfer inferred; liver comparator model only	Primary GH-pulse studies retain STAT5 binding near Cish and Cish transcription in mouse liver while preserving endocrine pulse and hepatic context	GH pulse; STAT5 ChIP or ChIP-seq; chromatin-accessibility analysis; nascent RNA or hnRNA measurement; Cish expression analysis	activating	primary_target_gene_evidence	LITEXP:003500
M21B-LITEXP-2498	M21B-DOWNSTREAM:00799	retained_evidence_route	ligand>receptor>intracellular>TF>target_gene_expression	ligand_receptor_intracellular_tf_target_missing_direct_tf_edges	ligand|receptor|intracellular_continuation|transcription_factor|target_gene_expression	intracellular_to_tf_edge	source_supported	NODE09355	Prolactin	M21B-E001428	NODE09304	PRLR/prolactin receptor	M21B-E001712	NODE06026	JAK2		NODE10752	STAT5	M21B-E008251	NODE02198	CISH gene		NODE02198	Prolactin-PRLR-JAK2-STAT5-associated CISH transcription			Prolactin-PRLR-JAK2-STAT5-CISH	primary_literature_route_expansion	primary_target_gene_expression	M21B-EVID-001371; M21B-EVID-001655; M21B-EVID-001656; M21B-E001712; M21B-E001713; M21B-E008251; M21B-EVID-008197; M21B-DOWNSTREAM-EVID:001314; PMID:7925280; PMCID:PMC5313097; PMCID:PMC2822876; PMCID:PMC2268924; M21B-E001428; PMID:2657604; PMID:9129017	M21B-LITEXP-2498	M21B-DOWNSTREAM-EVID:001314	historical_primary_route_reconciled;primary_layer_linked;intracellular_to_tf_edge_not_asserted;evidence_route_only	not_asserted	evidence_route_not_causal	mechanism_evidence_v1	supports	not_evaluated	exact_target_gene_mention	target_gene_expression	PMID:7925280; PMCID:PMC5313097; PMCID:PMC2822876; PMCID:PMC2268924	Primary studies report prolactin-induced STAT5 recruitment and CISH promoter or reporter activity; primary locators include PMID:7925280 and PMCID:PMC5313097	Primary-supported claim: prolactin activates the PRLR-associated JAK2/STAT5 route and is associated with STAT5 recruitment at the CISH promoter plus prolactin-responsive CISH transcription in mammary or breast epithelial systems. This supplies a terminal target-gene output for the existing prolactin/PRLR/STAT5 evidence route.	The output evidence is from mammary or breast epithelial systems and includes chromatin and reporter-specific context; it does not establish a universal PRLR output, SCI transfer, causal graph traversal or database confidence score.	curated_primary_route	human; rat	Breast and mammary epithelial systems; prolactin stimulation with STAT5 recruitment and CISH promoter or reporter assays	Extracellular prolactin; plasma-membrane PRLR; receptor-associated JAK2; nuclear STAT5 and CISH promoter	no SCI transfer inferred; mammary and breast comparator systems only	Primary prolactin studies retain STAT5 recruitment at the CISH promoter and prolactin-responsive CISH transcription while preserving epithelial and chromatin-remodeling context	Prolactin stimulation; STAT5 ChIP or promoter-recruitment assays; CISH reporter and expression assays; pathway or chromatin perturbation	activating	primary_target_gene_evidence	LITEXP:003501
M21B-LITEXP-2499	M21B-DOWNSTREAM:00025	retained_evidence_route	ligand>receptor>intracellular>TF>target_gene_expression	ligand_receptor_intracellular_tf_target_missing_direct_tf_edges	ligand|receptor|intracellular_continuation|transcription_factor|target_gene_expression	intracellular_to_tf_edge	source_supported	NODE04269	GM-CSF/CSF2	M21B-E000177	NODE02525	CSF2RA:CSF2RB receptor complex	M21B-E001776	NODE06026	JAK2		NODE10752	STAT5	M21B-E008257	NODE01155	BCL2 gene		NODE01155	GM-CSF-CSF2R-JAK2-STAT5-associated BCL2 transcription			GM-CSF-CSF2R-JAK2-STAT5-BCL2	primary_literature_route_expansion	primary_target_gene_expression	M21B-E000177; M21B-EVID-000120; M21B-E001776; M21B-EVID-001719; M21B-E001777; M21B-EVID-001720; M21B-E008257; M21B-EVID-008203; M21B-DOWNSTREAM-EVID:000053; PMID:21052840; PMCID:PMC2780307; DOI:10.1007/s10495-010-0552-2; PMID:1460041; PMID:11721371; PMCID:PMC43404; PMID:8146150; PMCID:PMC2826763	M21B-LITEXP-2499	M21B-DOWNSTREAM-EVID:000053	historical_primary_route_reconciled;primary_layer_linked;intracellular_to_tf_edge_not_asserted;evidence_route_only	not_asserted	evidence_route_not_causal	mechanism_evidence_v1	supports	not_evaluated	functional_dependency_and_target_expression	target_gene_expression	PMID:21052840; PMCID:PMC2780307; DOI:10.1007/s10495-010-0552-2	Primary studies report GM-CSF-associated STAT5-dependent Bcl2 expression in mouse neural progenitor or hematopoietic systems; primary locator: PMID:21052840	Primary-supported claim: GM-CSF signaling through the CSF2RA-CSF2RB receptor complex and JAK/STAT5 is associated with Bcl2 induction in mouse neural progenitor cells, with JAK and STAT5 perturbation reducing the survival-associated output. This supplies a BCL2 target-gene output for the existing GM-CSF/JAK2/STAT5 evidence route.	The direct GM-CSF output evidence is from E13 mouse neural progenitor cells and includes pathway-inhibitor and survival context; it does not establish a universal CSF2R output, direct STAT5 promoter occupancy in this exact model, SCI transfer, causal graph traversal or database confidence score.	curated_primary_route	mouse	E13 mouse neural progenitor cells; GM-CSF stimulation with JAK inhibition, STAT5 or STAT3 pathway analysis and Bcl2 expression	Extracellular GM-CSF; plasma-membrane CSF2RA-CSF2RB complex; receptor-associated JAK2; nuclear STAT5 and Bcl2 regulatory output	no SCI transfer inferred; neural progenitor comparator model only	Primary GM-CSF study retains a STAT5-dependent Bcl2 expression and survival association in mouse neural progenitor cells while preserving JAK dependence and cell-state context	GM-CSF stimulation; JAK inhibition; STAT5 or STAT3 pathway perturbation; Bcl-2/Bcl-xL expression and apoptosis assays	activating	primary_target_gene_evidence	LITEXP:003502
M21B-LITEXP-2520	M21B-DOWNSTREAM:00105	retained_evidence_route	ligand>receptor>intracellular>TF>target_gene_expression	ligand_receptor_intracellular_tf_target_missing_direct_tf_edges	ligand|receptor|intracellular_continuation|transcription_factor|target_gene_expression	intracellular_to_tf_edge	source_supported	NODE05521	IL7	M21B-E000324	NODE05529	IL7RA:IL2RG receptor complex	M21B-E011504	NODE06016	JAK1		NODE10752	STAT5	M21B-E008257	NODE01155	BCL2 gene		NODE01155	IL-7-IL7RA/IL2RG-JAK1-STAT5-associated BCL2 transcription			IL7-IL7RA-IL2RG-JAK1-STAT5-BCL2	primary_literature_route_expansion	primary_target_gene_expression	M21B-E000324; M21B-EVID-000267; M21B-E011504; M21B-EVID-010818; M21B-E011506; M21B-E008257; M21B-DOWNSTREAM-EVID:000192; PMID:7875201; PMID:11675351; DOI:10.1007/s002510050119; DOI:10.1074/jbc.M110520200; PMID:11815609; PMCID:PMC2826763	M21B-LITEXP-2520	M21B-DOWNSTREAM-EVID:000192	historical_primary_route_reconciled;primary_layer_linked;intracellular_to_tf_edge_not_asserted;evidence_route_only	not_asserted	evidence_route_not_causal	mechanism_evidence_v1	supports	not_evaluated	composite_primary_route	target_gene_expression	PMID:11675351; PMID:7875201	Primary studies support IL-7-associated STAT5 activation and BCL2 expression with STAT5 DNA-binding at BCL2 promoter-enhancer elements	Composite primary-supported claim: IL-7 engages the IL7RA:IL2RG receptor and JAK/STAT5 signaling, while IL-7-associated BCL2 induction is accompanied by STAT5 DNA-binding at BCL2 promoter-enhancer elements. This supplies a bounded IL-7-to-BCL2 evidence route.	The BCL2 study uses IL-7 and IL-15 comparator stimulation in a cutaneous T-cell lymphoma model and reports STAT5 DNA-binding alongside other STAT factors; it does not isolate every receptor-proximal intermediate or establish a universal IL-7-only direct STAT5-to-BCL2 mechanism. No SCI transfer, causal graph traversal or database confidence score is asserted.	curated_primary_route	human; mouse	Human cutaneous T-cell lymphoma cells and lymphoid/receptor-reconstitution systems exposed to IL-7 or IL-15	Extracellular IL-7 engagement of IL7RA:IL2RG; receptor-associated JAK1/JAK3; nuclear STAT5 and BCL2 promoter/enhancer elements	No SCI transfer inferred; lymphoid comparator model context only	The IL-7 receptor/JAK/STAT5 route is joined to primary IL-7-associated BCL2 expression and STAT5 promoter-enhancer DNA-binding evidence while retaining the study's shared IL-7/IL-15 context	IL-7 or IL-15 stimulation; BCL2 expression measurements; STAT5 DNA-binding assays at BCL2 promoter-enhancer elements; receptor/JAK/STAT5 activation assays	activating	composite_primary_route_evidence	LITEXP:003503
M21B-LITEXP-2522	M21B-DOWNSTREAM:02291	retained_evidence_route	ligand>receptor>intracellular>TF>target_gene_expression	ligand_receptor_intracellular_tf_target_missing_direct_tf_edges	ligand|receptor|intracellular_continuation|transcription_factor|target_gene_expression	intracellular_to_tf_edge	source_supported	NODE05507	IL5	M21B-E000327	NODE05509	IL5RA:CSF2RB receptor complex	M21B-E001780	NODE06026	JAK2		NODE10752	STAT5	M21B-E008251	NODE02198	CISH gene		NODE02198	IL-5-IL5RA:CSF2RB-JAK2-STAT5-associated CISH transcription			IL5-IL5RA-CSF2RB-JAK2-STAT5-CISH	primary_literature_route_expansion	primary_target_gene_expression	M21B-E000327; M21B-EVID-000270; M21B-E001780; M21B-EVID-001723; M21B-E001781; M21B-EVID-001724; M21B-E008251; M21B-EVID-008197; M21B-DOWNSTREAM-EVID:003657; PMID:9363920; PMID:11245630; DOI:10.1165/ajrcmb.24.3.4238; PMID:38614096; PMID:22528658; PMID:9129017	M21B-LITEXP-2522	M21B-DOWNSTREAM-EVID:003657	historical_primary_route_reconciled;primary_layer_linked;intracellular_to_tf_edge_not_asserted;evidence_route_only	not_asserted	evidence_route_not_causal	mechanism_evidence_v1	supports	not_evaluated	source_supported_target_output	target_gene_expression	PMID:9363920; PMID:11245630; DOI:10.1165/ajrcmb.24.3.4238	Primary studies support IL-5 receptor-associated JAK2/STAT5 activation and IL-5-induced STAT5-dependent CIS1/CISH expression	Composite primary-supported claim: IL-5 receptor signaling engages the JAK2/STAT5 pathway, and IL-5 stimulation increases STAT5-dependent CIS1/CISH expression in human eosinophils. This supplies a named CISH output for the existing IL-5 receptor scaffold.	The CISH study uses human eosinophils and includes GM-CSF comparator stimulation; it reports STAT5 activation/DNA binding and CISH expression but does not establish a universal direct STAT5 occupancy mechanism at the CISH locus. No SCI transfer, causal graph traversal or database confidence score is asserted.	curated_primary_route	human	Human peripheral-blood eosinophils and human IL-5 receptor signaling systems stimulated with IL-5; STAT5 phosphorylation/DNA binding and CIS1/CISH mRNA measurements	Extracellular IL-5 engagement of IL5RA:CSF2RB; receptor-associated JAK2 and STAT5 signaling; nuclear CISH regulatory output	No SCI transfer inferred; eosinophil comparator model only	Primary evidence supports an IL-5 receptor/JAK2/STAT5-associated CISH output while preserving the shared beta-chain and eosinophil context	IL-5 stimulation; JAK2 and STAT5 phosphorylation; STAT5 GAS/DNA-binding assays; CISH/CIS1 mRNA measurement	activating	composite_primary_route_evidence	LITEXP:003504
M21B-LITEXP-2524	M21B-DOWNSTREAM:00175	retained_evidence_route	ligand>receptor>intracellular>TF>target_gene_expression	ligand_receptor_intracellular_tf_target_missing_direct_tf_edges	ligand|receptor|intracellular_continuation|transcription_factor|target_gene_expression	intracellular_to_tf_edge	source_supported	NODE05464	IL31	M21B-E000490	NODE05466	IL31RA:OSMRbeta receptor complex	M21B-E000552	NODE06016	JAK1		NODE10726	STAT3	M22B-E000431	NODE10508	Socs3		NODE10508	IL-31-IL31RA:OSMRbeta-JAK1-STAT3-associated SOCS3 expression			IL31-IL31RA-OSMR-JAK1-STAT3-SOCS3	primary_literature_route_expansion	primary_target_gene_expression	M21B-E000490; M21B-EVID-000433; M21B-E000552; M21B-EVID-000495; M21B-E000551; M21B-EVID-000494; M22B-E000431; M22B-EVID-000001; M22B-EVID-000027; M22B-EVID-000057; M21B-DOWNSTREAM-EVID:000297; PMID:26306032; PMCID:PMC4598987; DOI:10.1074/jbc.M115.661306; PMID:15184896; PMID:17379091; PMID:16718380; PMCID:PMC2441693; DOI:10.1007/s11010-006-9137-3	M21B-LITEXP-2524	M21B-DOWNSTREAM-EVID:000297	historical_primary_route_reconciled;primary_layer_linked;intracellular_to_tf_edge_not_asserted;evidence_route_only	not_asserted	evidence_route_not_causal	mechanism_evidence_v1	supports	not_evaluated	source_supported_target_output	target_gene_expression	PMID:26306032; PMCID:PMC4598987; DOI:10.1074/jbc.M115.661306	Primary study shows functional JAK-binding requirements for IL-31-induced STAT3 signaling and induction of SOCS-family members including SOCS3	Primary-supported claim: IL-31 signaling requires a functional JAK-binding region in IL31RA for STAT3 signaling and induces SOCS3 as feedback. This supplies a named output for the existing IL-31 receptor/JAK1/STAT3 scaffold.	The study compares IL31RA isoforms and receptor-reconstitution contexts and establishes SOCS3 induction/feedback rather than a universal direct STAT3 occupancy claim at the Socs3 locus. No SCI transfer, causal graph traversal or database confidence score is asserted.	curated_primary_route	human; mouse	IL-31 receptor-reconstitution and cytokine-responsive cellular systems with long or short IL31RA isoforms; receptor signaling, STAT3 activation and SOCS3 expression or feedback assays	Extracellular IL-31 engagement of IL31RA:OSMRbeta; receptor-associated JAK1 and nuclear STAT3-associated SOCS3 feedback output	No SCI transfer inferred; cytokine-receptor comparator systems only	Primary evidence supports the IL-31 receptor/JAK-binding/STAT3/SOCS3 feedback route while preserving IL31RA isoform and receptor-complex requirements	IL-31 stimulation; IL31RA long/short isoform and JAK-binding-box mutants; STAT phosphorylation; SOCS-family expression; SOCS3 feedback inhibition	activating	primary_target_gene_evidence	LITEXP:003505
M21B-LITEXP-2526	M21B-DOWNSTREAM:00167	retained_evidence_route	ligand>receptor>intracellular>TF>target_gene_expression	ligand_receptor_intracellular_tf_target_missing_direct_tf_edges	ligand|receptor|intracellular_continuation|transcription_factor|target_gene_expression	intracellular_to_tf_edge	source_supported	NODE11519	TWEAK/TNFSF12	M21B-E000463	NODE03764	Fn14/TNFRSF12A	M21B-E000482	NODE11378	TRAF2:cIAP1/2 adaptor complex		NODE07969	NF-kappaB p50/p65 complex	M21B-E008383	NODE02694	CXCL8/IL8 gene		NODE02694	TWEAK-Fn14-TRAF2/NF-kB-associated CXCL8/IL8 expression			TWEAK-Fn14-TRAF2-NF-kB-CXCL8	primary_literature_route_expansion	primary_target_gene_expression	M21B-E000463; M21B-E000482; M21B-E008383; M21B-DOWNSTREAM-EVID:000286; PMID:20385556; PMID:22081603; PMID:16526941; PMID:8413306; PMCID:PMC364780; DOI:10.1128/mcb.13.11.7191-7198.1993	M21B-LITEXP-2526	M21B-DOWNSTREAM-EVID:000286	historical_primary_route_reconciled;primary_layer_linked;intracellular_to_tf_edge_not_asserted;evidence_route_only	not_asserted	evidence_route_not_causal	mechanism_evidence_v1	supports	not_evaluated	source_supported_target_output	target_gene_expression	PMID:20385556; PMID:22081603	Primary studies support Fn14 engagement, NF-kB activation and TWEAK-associated IL8 induction; the graph-supported TRAF2/cIAP layer is retained as the intracellular continuation.	Composite primary-supported claim: TWEAK binds and activates Fn14, and TWEAK-Fn14 stimulation increases NF-kB-associated IL8/CXCL8 output. The existing Fn14-to-TRAF2/cIAP graph layer supplies a bounded intracellular continuation for this evidence route.	The direct TWEAK binding/output study does not establish the complete causal ordering through the TRAF2/cIAP complex; ligand oligomerization and membrane-versus-soluble context materially affect signaling potency. No SCI transfer, causal graph traversal or database confidence score is asserted.	curated_primary_route	human; mouse	Human HT1080 and HT29 cells and murine Renca/B16 systems with TWEAK/Fn14 stimulation, receptor-blocking or binding assays, NF-kB activation and IL8 measurements	Extracellular TWEAK engagement of Fn14; TRAF2/cIAP-associated receptor-proximal relay; NF-kB-associated CXCL8/IL8 transcriptional output	No SCI transfer inferred; epithelial and tumor comparator models only	Composite primary evidence couples TWEAK-Fn14 engagement to an adaptor-associated NF-kB response and IL8 induction while preserving soluble-versus-membrane ligand and oligomerization boundaries	TWEAK binding and occupancy assays; soluble or oligomerized TWEAK stimulation; Fn14 blocking; NF-kB reporter and IL8 induction measurements	activating	composite_primary_route_evidence	LITEXP:003506
M21B-LITEXP-2528	M21B-DOWNSTREAM:00816	retained_evidence_route	ligand>receptor>intracellular>TF>target_gene_expression	ligand_receptor_intracellular_tf_target_missing_direct_tf_edges	ligand|receptor|intracellular_continuation|transcription_factor|target_gene_expression	intracellular_to_tf_edge	source_supported	NODE05414	IL21	M21B-E001756	NODE05419	IL21R:IL2RG receptor complex	M21B-E000555	NODE06024	JAK1/JAK3		NODE10726	STAT3	M22B-E000430	NODE10508	Socs3		NODE10508	IL21-IL21R:IL2RG-JAK1/JAK3-STAT3-associated SOCS3 expression			IL21-IL21R-IL2RG-JAK1-JAK3-STAT3-SOCS3	primary_literature_route_expansion	primary_target_gene_expression	M21B-E001756; M21B-E000555; M21B-E000556; M22B-E000430; M21B-DOWNSTREAM-EVID:001344; PMID:19608866; PMID:35469842; PMID:11418623; PMID:12093291; PMID:16459330; DOI:10.1074/jbc.M511212200	M21B-LITEXP-2528	M21B-DOWNSTREAM-EVID:001344	historical_primary_route_reconciled;primary_layer_linked;intracellular_to_tf_edge_not_asserted;evidence_route_only	not_asserted	evidence_route_not_causal	mechanism_evidence_v1	supports	not_evaluated	source_supported_target_output	target_gene_expression	PMID:19608866; PMID:35469842; PMID:11418623	Primary studies support IL-21 receptor-dependent JAK3/STAT3 signaling and IL-21-associated SOCS3 induction; the JAK1/JAK3-to-STAT3 ordering is retained as a bounded evidence route.	Composite primary-supported claim: IL-21 engages the IL21R/common-gamma receptor complex, activates JAK1/JAK3-associated STAT signaling and induces SOCS3 in human B-cell systems. This supplies an intracellular continuation and target output for the existing IL-21 route scaffold.	IL-21 can activate multiple STAT branches and the SOCS3 study is cell-state specific; the graph target edge is a generic STAT3/Socs3 regulatory layer and direct STAT3 occupancy is not asserted. No SCI transfer, causal graph traversal or database confidence score is asserted.	curated_primary_route	human; mouse	Human B-cell and lymphoid systems, including IL21R-expressing lymphoma models and primary naive B cells, with IL-21 stimulation and JAK/STAT or SOCS3 assays	Extracellular IL-21 engagement of IL21R:IL2RG; JAK1/JAK3 receptor-proximal relay; STAT3-associated Socs3 transcriptional output	No SCI transfer inferred; lymphoid comparator models only	Composite primary evidence supports gamma-chain-dependent IL-21 receptor signaling through JAK3/STAT3 and IL-21-associated SOCS3 induction while preserving cell-state and STAT-branch boundaries	IL-21 stimulation; IL21R or IL2RG reconstitution/knockdown; JAK3 or STAT3 phosphorylation; STAT5/STAT3 activation; SOCS3 mRNA and protein measurements	activating	composite_primary_route_evidence	LITEXP:003507
M21B-LITEXP-2530	M21B-DOWNSTREAM:00025	retained_evidence_route	ligand>receptor>intracellular>TF>target_gene_expression	ligand_receptor_intracellular_tf_target_missing_direct_tf_edges	ligand|receptor|intracellular_continuation|transcription_factor|target_gene_expression	intracellular_to_tf_edge	source_supported	NODE04269	GM-CSF/CSF2	M21B-E000177	NODE02525	CSF2RA:CSF2RB receptor complex	M21B-E001776	NODE06026	JAK2		NODE10752	STAT5	M21B-E008251	NODE02198	CISH gene		NODE02198	GM-CSF-CSF2RA:CSF2RB-JAK2-STAT5-associated CISH expression			GM-CSF-CSF2R-JAK2-STAT5-CISH	primary_literature_route_expansion	primary_target_gene_expression	M21B-E000177; M21B-E001776; M21B-E001777; M22B-E008251; M21B-DOWNSTREAM-EVID:000053; PMID:10372132; PMID:17090651; PMID:36471114; M21B-E008251; PMID:1460041; PMID:11721371; PMCID:PMC43404; PMID:8146150; PMID:9129017	M21B-LITEXP-2530	M21B-DOWNSTREAM-EVID:000053	historical_primary_route_reconciled;primary_layer_linked;intracellular_to_tf_edge_not_asserted;evidence_route_only	not_asserted	evidence_route_not_causal	mechanism_evidence_v1	supports	not_evaluated	source_supported_target_output	target_gene_expression	PMID:10372132; PMID:17090651; PMID:36471114	Primary studies support GM-CSF receptor-associated JAK2/STAT5 signaling and GM-CSF-induced CISH expression; the common beta-chain receptor context is retained.	Composite primary-supported claim: GM-CSF engages the CSF2RA:CSF2RB receptor complex, activates JAK2/STAT5-associated signaling and induces CISH expression in myeloid systems. This supplies a named intracellular continuation and target output for the existing GM-CSF receptor scaffold.	GM-CSF shares CSF2RB with IL-3 and IL-5, and the CISH study is myeloid-cell-state specific; the direct JAK2-to-STAT5 ordering is represented as a bounded evidence route rather than a new graph edge. No SCI transfer, causal graph traversal or database confidence score is asserted.	curated_primary_route	human; mouse	Human GM-CSF receptor and primary myeloid progenitor systems, including GM-CSF-derived macrophages, with cytokine stimulation, JAK2/STAT5 phosphorylation and CISH mRNA/protein assays	Extracellular GM-CSF engagement of CSF2RA:CSF2RB; receptor-proximal JAK2 signaling; STAT5-associated CISH transcriptional feedback output	No SCI transfer inferred; hematopoietic and myeloid comparator models only	Composite primary evidence supports GM-CSF receptor-associated JAK2/STAT5 signaling and GM-CSF-induced CISH expression while preserving common-beta-chain and myeloid cell-state boundaries	GM-CSF stimulation; JAK2 inhibition or receptor perturbation; STAT5 phosphorylation; CISH mRNA/protein measurement; GM-CSF-derived macrophage differentiation and restimulation	activating	composite_primary_route_evidence	LITEXP:003508
M21B-LITEXP-2531	M21B-DOWNSTREAM:00107	retained_evidence_route	ligand>receptor>intracellular>TF>target_gene_expression	ligand_receptor_intracellular_tf_target_missing_direct_tf_edges	ligand|receptor|intracellular_continuation|transcription_factor|target_gene_expression	intracellular_to_tf_edge	source_supported	NODE05462	IL3	M21B-E000326	NODE05489	IL3RA:CSF2RB receptor complex	M21B-E001778	NODE06026	JAK2		NODE10752	STAT5	M21B-E008251	NODE02198	CISH gene		NODE02198	IL3-IL3RA:CSF2RB-JAK2-STAT5-associated CISH expression			IL3-IL3R-CSF2RB-JAK2-STAT5-CISH	primary_literature_route_expansion	primary_target_gene_expression	M21B-E000326; M21B-E001778; M21B-E001779; M22B-E008251; M21B-DOWNSTREAM-EVID:000197; PMID:7539031; PMID:9129017; M21B-E008251; PMID:8649415	M21B-LITEXP-2531	M21B-DOWNSTREAM-EVID:000197	historical_primary_route_reconciled;primary_layer_linked;intracellular_to_tf_edge_not_asserted;evidence_route_only	not_asserted	evidence_route_not_causal	mechanism_evidence_v1	supports	not_evaluated	source_supported_target_output	target_gene_expression	PMID:7539031; PMID:9129017	Primary studies support IL-3-associated JAK2/STAT5 activation and CIS/CISH induction through a STAT5-responsive promoter; CISH is retained as the normalized target label.	Composite primary-supported claim: IL-3 engages the IL3RA:CSF2RB receptor complex, activates JAK2/STAT5 signaling and induces the cytokine-inducible CIS/CISH feedback gene. This supplies a named intracellular continuation and target output for the existing IL-3 receptor scaffold.	CIS/CISH nomenclature and species context differ across the primary studies, and the shared beta-chain makes pathway selectivity context-dependent; the direct JAK2-to-STAT5 ordering is retained as evidence rather than a new graph edge. No SCI transfer, causal graph traversal or database confidence score is asserted.	curated_primary_route	human; mouse	Murine IL-3-dependent hematopoietic cells and cytokine-responsive hematopoietic systems with IL-3 stimulation, JAK2/STAT5 activation and CIS/CISH promoter or transcript assays	Extracellular IL-3 engagement of IL3RA:CSF2RB; receptor-proximal JAK2 signaling; STAT5-associated CISH transcriptional feedback output	No SCI transfer inferred; hematopoietic comparator models only	Composite primary evidence supports IL-3 receptor-associated JAK2/STAT5 signaling and cytokine-inducible CIS/CISH expression while preserving species and common-beta-chain boundaries	IL-3 stimulation; receptor/JAK2 association assays; STAT5 phosphorylation or DNA binding; CIS/CISH promoter reporter and transcript measurement	activating	composite_primary_route_evidence	LITEXP:003509
M21B-LITEXP-2532	M21B-DOWNSTREAM:00824	retained_evidence_route	ligand>receptor>intracellular>TF>target_gene_expression	ligand_receptor_intracellular_tf_target_missing_direct_tf_edges	ligand|receptor|intracellular_continuation|transcription_factor|target_gene_expression	intracellular_to_tf_edge	source_supported	NODE05302	IL12B/IL23A	M21B-E001768	NODE05307	IL12RB1:IL23R receptor complex	M21B-E001769	NODE06026	JAK2		NODE10726	STAT3	M21B-E008226	NODE05331	IL17A gene		NODE05331	IL-23-IL12RB1:IL23R-JAK2/TYK2-STAT3-associated IL17A expression			IL23-IL12RB1-IL23R-JAK2-TYK2-STAT3-IL17A	primary_literature_route_expansion	primary_target_gene_expression	M21B-E001768; M21B-E001769; M21B-E001770; M21B-E011529; M21B-E008226; M21B-DOWNSTREAM-EVID:001359; PMID:27193299; PMID:23673666; PMID:19542449; PMID:28878115; PMID:12023369; PMCID:PMC5773378; DOI:10.1016/j.immuni.2017.12.008; PMID:29287995; PMID:7638186; PMID:8943050; PMID:8958964; PMID:9498755; PMCID:PMC3408191	M21B-LITEXP-2532	M21B-DOWNSTREAM-EVID:001359	historical_primary_route_reconciled;primary_layer_linked;intracellular_to_tf_edge_not_asserted;evidence_route_only	not_asserted	evidence_route_not_causal	mechanism_evidence_v1	supports	not_evaluated	source_supported_target_output	target_gene_expression	PMID:27193299; PMID:23673666; PMID:19542449; PMID:28878115	Primary studies support IL-23R-associated JAK2/TYK2 and STAT3 activation and IL-23-dependent IL17A/RORgammaT output; IL-12Rbeta1:IL23R and p19/p40 boundaries are retained.	Composite primary-supported claim: IL-23 engages the IL12RB1:IL23R receptor complex, activates JAK2/TYK2-associated STAT3 signaling and supports IL17A output in antigen-specific T-cell systems. This supplies a named intracellular continuation and target output for the existing IL-23 receptor scaffold.	The normalized ligand label retains the p40/p19 IL-23 branch but must not be interpreted as IL-12 signaling; IL-23 also activates STAT4 and other branches, and IL17A output depends on prior T-cell state and cytokine context. No SCI transfer, causal graph traversal or database confidence score is asserted.	curated_primary_route	human; mouse	Human and mouse IL-23 receptor reconstitution systems and primary antigen-specific T-cell models with IL-23 stimulation, JAK2/TYK2 or STAT3 activation, IL17A production and RORgammaT measurements	Extracellular IL-23 p19/p40 engagement of IL12RB1:IL23R; JAK2/TYK2 receptor-proximal relay; STAT3-associated IL17A transcriptional output	No SCI transfer inferred; lymphoid and CNS-autoimmunity comparator models only	Composite primary evidence supports IL-23 receptor-dependent JAK2/TYK2-STAT3 signaling and IL-23-associated IL17A/RORgammaT output while preserving multi-STAT and T-cell-state boundaries	IL-23 receptor reconstitution; IL-23 stimulation; JAK2/TYK2 binding or kinase-site perturbation; STAT3 phosphorylation; IL17A production and RORgammaT expression assays	activating	composite_primary_route_evidence	LITEXP:003510
